scenario,condition_name,true_x,true_y,est_x,est_y,n_trials,old_rmse_z_mean,old_rmse_z_std,fixed_rmse_z_mean,fixed_rmse_z_std,diff_fixed_old_rmse_z_mean,ratio_fixed_old_rmse_z_mean,old_success_rate,fixed_success_rate,note
A,oracle_A,poisson,bernoulli,poisson,bernoulli,10,0.2786599020989476,0.010480878105778895,0.23198466345505048,0.007304146722908002,-0.046675238643897145,0.8325010584862566,1.0,1.0,Scenario A oracle (correct family)
B,oracle_B,gaussian,poisson,gaussian,poisson,10,0.1775182989916252,0.055192897400136,0.13986291549430768,0.004582479348604803,-0.03765538349731752,0.7878788625667601,1.0,1.0,Scenario B oracle (correct family)
C,oracle_C,bernoulli,gaussian,bernoulli,gaussian,10,0.02872314578386061,0.0014037364735174813,0.022936591394580326,0.0009472890589252447,-0.005786554389280281,0.7985403676594602,1.0,1.0,Scenario C oracle (correct family)
C,C_23_6x_like,bernoulli,gaussian,gaussian,bernoulli,10,0.6765194028186086,0.30150476961775113,0.5250900480794676,0.1543163715944578,-0.15142935473914104,0.7761640625409484,1.0,1.0,"fig1b gray-bar condition (old model, ~23.6x in exp_scenario_C_exp4_mismatch.csv)"
C,C_41_5x_like,bernoulli,gaussian,gaussian,poisson,10,1.1905849084870552,0.47634214986445866,0.5505874882975219,0.32085771490674464,-0.6399974201895335,0.4624512576739992,1.0,1.0,"manuscript max-misspec condition (old model, ~41.5x, no bar in fig1b)"
