metric,value
RMSE_X,0.5613791575659742
RMSE_Y,0.05764596568445702
w0,-2.394061965379277
w,2.6096091944068807
log_likelihood,-3613.4478381358713
