replicate,start_label,column,candidate_family,score,neg2_score,sigma_sq,optimizer,optimiser_iterations,optimiser_converged,optimiser_gradient_inf,scipy_success,loading_norm,family_x_true,selected_family,k,dataset_status
rep01,start_B,3,bernoulli,-51.707976502094866,103.41595300418973,,bfgs,4,True,8.881784197001253e-17,True,0.17322842361445878,bernoulli,bernoulli,1,completed
rep01,start_B,3,poisson,-74.99439240966741,149.98878481933482,,bfgs,5,True,3.552713678800501e-16,True,0.012212761505052567,bernoulli,bernoulli,1,completed
rep01,start_B,4,bernoulli,-46.102060958366415,92.20412191673283,,bfgs,5,True,1.554312234475219e-16,True,0.9011237117241395,bernoulli,bernoulli,1,completed
rep01,start_B,4,poisson,-73.15452118997017,146.30904237994034,,bfgs,7,True,3.249844837682758e-13,True,0.2226235734412282,bernoulli,bernoulli,1,completed
rep01,start_B,5,bernoulli,-50.95801274657414,101.91602549314828,,bfgs,3,True,3.8198777474462986e-11,True,0.33840111609670803,bernoulli,bernoulli,1,completed
rep01,start_B,5,poisson,-74.51785317265869,149.03570634531738,,bfgs,4,True,1.1164813518149685e-11,True,0.11413004205069714,bernoulli,bernoulli,1,completed
rep01,start_B,6,bernoulli,-45.70978710149114,91.41957420298228,,bfgs,4,True,5.240252676230739e-14,True,0.9391413223826734,bernoulli,bernoulli,1,completed
rep01,start_B,6,poisson,-73.05839902075225,146.1167980415045,,bfgs,6,True,1.3367085216486885e-14,True,0.2282574792071845,bernoulli,bernoulli,1,completed
rep01,start_B,7,bernoulli,-51.31909398394773,102.63818796789546,,bfgs,4,True,4.440892098500626e-16,True,0.2704909311834681,bernoulli,bernoulli,1,completed
rep01,start_B,7,poisson,-74.6437629662425,149.287525932485,,bfgs,4,True,3.061995101916182e-14,True,0.09807160405272752,bernoulli,bernoulli,1,completed
rep01,start_B,8,bernoulli,-48.1127272042958,96.2254544085916,,bfgs,3,True,7.75294939359128e-11,True,0.6986748176037206,bernoulli,bernoulli,1,completed
rep01,start_B,8,poisson,-73.67389914968373,147.34779829936747,,bfgs,5,True,1.532104665358247e-10,False,0.18906659369674378,bernoulli,bernoulli,1,completed
rep01,start_B,3,bernoulli,-51.319276306471444,102.63855261294289,,bfgs,5,True,4.481064408423663e-11,True,0.2581487757993946,bernoulli,bernoulli,2,completed
rep01,start_B,3,poisson,-74.94521810447873,149.89043620895745,,bfgs,6,True,5.699074434595275e-10,False,0.03536394261905274,bernoulli,bernoulli,2,completed
rep01,start_B,4,bernoulli,-34.20554069494974,68.41108138989948,,bfgs,5,True,1.5365486660812167e-14,True,2.0553218288026507,bernoulli,bernoulli,2,completed
rep01,start_B,4,poisson,-71.76494356852974,143.5298871370595,,bfgs,14,True,3.8928011925065676e-10,False,0.2934693190799907,bernoulli,bernoulli,2,completed
rep01,start_B,5,bernoulli,-46.39832653958213,92.79665307916426,,bfgs,5,True,1.2104095503673306e-12,True,0.9210899809355952,bernoulli,bernoulli,2,completed
rep01,start_B,5,poisson,-73.10518634253087,146.21037268506174,,bfgs,7,True,6.894067539064963e-11,True,0.23518209361925135,bernoulli,bernoulli,2,completed
rep01,start_B,6,bernoulli,-45.19412660010412,90.38825320020824,,bfgs,5,True,1.4636158951475407e-11,True,0.9304578583291448,bernoulli,bernoulli,2,completed
rep01,start_B,6,poisson,-73.25554592188654,146.51109184377307,,bfgs,9,True,5.972244920826597e-11,True,0.19910731516519695,bernoulli,bernoulli,2,completed
rep01,start_B,7,bernoulli,-42.553622158367766,85.10724431673553,,bfgs,6,True,2.970139689750795e-11,True,1.3263785554243797,bernoulli,bernoulli,2,completed
rep01,start_B,7,poisson,-73.38317116739579,146.76634233479157,,bfgs,7,True,1.9647369620123812e-09,False,0.22038584760659263,bernoulli,bernoulli,2,completed
rep01,start_B,8,bernoulli,-48.31628754931442,96.63257509862883,,bfgs,5,True,1.553868145265369e-13,True,0.6201638858974756,bernoulli,bernoulli,2,completed
rep01,start_B,8,poisson,-73.79787270274323,147.59574540548647,,bfgs,7,True,1.5987211554602254e-13,True,0.16740006720634276,bernoulli,bernoulli,2,completed
rep01,start_B,3,bernoulli,-46.57897812455476,93.15795624910952,,bfgs,7,True,5.129230373768223e-13,True,0.9609985436107421,bernoulli,bernoulli,3,completed
rep01,start_B,3,poisson,-74.50980932316642,149.01961864633284,,bfgs,11,True,1.028016338722182e-10,False,0.13130827106456747,bernoulli,bernoulli,3,completed
rep01,start_B,4,bernoulli,-34.90050930726994,69.80101861453988,,bfgs,6,True,6.224084803108099e-10,False,1.9122263958027885,bernoulli,bernoulli,3,completed
rep01,start_B,4,poisson,-70.8618027724908,141.7236055449816,,bfgs,17,True,1.1178733494432436e-10,False,0.3330762699633206,bernoulli,bernoulli,3,completed
rep01,start_B,5,bernoulli,-47.176949480064756,94.35389896012951,,bfgs,7,True,5.904561284353349e-11,True,0.7953813469951194,bernoulli,bernoulli,3,completed
rep01,start_B,5,poisson,-72.86833785114368,145.73667570228736,,bfgs,11,True,5.027267491186649e-12,True,0.24837938660242248,bernoulli,bernoulli,3,completed
rep01,start_B,6,bernoulli,-44.25503188663829,88.51006377327658,,bfgs,6,True,6.444787370440963e-10,False,0.9753903237541758,bernoulli,bernoulli,3,completed
rep01,start_B,6,poisson,-72.17478241109673,144.34956482219346,,bfgs,11,True,7.196492290972856e-11,True,0.26358377361002083,bernoulli,bernoulli,3,completed
rep01,start_B,7,bernoulli,-42.72718737113754,85.45437474227508,,bfgs,8,True,2.711342261818572e-12,True,1.2647388317761026,bernoulli,bernoulli,3,completed
rep01,start_B,7,poisson,-73.35609906682214,146.71219813364428,,bfgs,12,True,1.0150770890504645e-09,False,0.2077840470217937,bernoulli,bernoulli,3,completed
rep01,start_B,8,bernoulli,-45.43675521092139,90.87351042184278,,bfgs,6,True,5.620898946290253e-09,False,0.9374272421485409,bernoulli,bernoulli,3,completed
rep01,start_B,8,poisson,-72.1551203114188,144.3102406228376,,bfgs,11,True,4.702238598497388e-12,True,0.285041798667224,bernoulli,bernoulli,3,completed
rep01,start_B,3,bernoulli,-44.77125184595259,89.54250369190518,,bfgs,10,True,6.883668635104811e-12,True,1.070110987658119,bernoulli,bernoulli,4,completed
rep01,start_B,3,poisson,-74.236242483463,148.472484966926,,bfgs,12,True,3.107978893690522e-09,False,0.1522390154604027,bernoulli,bernoulli,4,completed
rep01,start_B,4,bernoulli,-32.814538390591984,65.62907678118397,,bfgs,7,False,1.1035153146821131e-08,False,2.0268046707688385,bernoulli,bernoulli,4,completed
rep01,start_B,4,poisson,-71.09334443329695,142.1866888665939,,bfgs,19,True,1.1402439326069214e-09,False,0.29420285842516064,bernoulli,bernoulli,4,completed
rep01,start_B,5,bernoulli,-45.15985000249195,90.3197000049839,,bfgs,8,True,3.550611193947617e-12,True,1.0601915165306242,bernoulli,bernoulli,4,completed
rep01,start_B,5,poisson,-72.75319544703426,145.50639089406852,,bfgs,13,True,2.6739210845505567e-11,True,0.2380170339700427,bernoulli,bernoulli,4,completed
rep01,start_B,6,bernoulli,-44.921659373600825,89.84331874720165,,bfgs,8,True,1.6718285422712143e-09,False,0.8788588324886848,bernoulli,bernoulli,4,completed
rep01,start_B,6,poisson,-72.56878106783367,145.13756213566734,,bfgs,12,True,4.389783439529005e-10,False,0.23572036742202837,bernoulli,bernoulli,4,completed
rep01,start_B,7,bernoulli,-41.97608651525768,83.95217303051535,,bfgs,8,True,4.7503068145715585e-11,True,1.2401241641149718,bernoulli,bernoulli,4,completed
rep01,start_B,7,poisson,-73.36518469747519,146.73036939495037,,bfgs,11,True,1.3874588422613243e-10,False,0.2068181066850351,bernoulli,bernoulli,4,completed
rep01,start_B,8,bernoulli,-45.51174776540378,91.02349553080757,,bfgs,8,True,2.9394787937064847e-09,False,0.9741515756871845,bernoulli,bernoulli,4,completed
rep01,start_B,8,poisson,-72.67201941331344,145.34403882662687,,bfgs,12,True,8.702851772568465e-10,False,0.24319904573687723,bernoulli,bernoulli,4,completed
rep01,start_B,3,bernoulli,-43.8059460822024,87.6118921644048,,bfgs,11,True,2.4014568111851988e-12,True,1.2048424041955443,bernoulli,bernoulli,5,completed
rep01,start_B,3,poisson,-74.34524603163331,148.69049206326662,,bfgs,14,True,4.545671480893354e-09,False,0.15306204510738564,bernoulli,bernoulli,5,completed
rep01,start_B,4,bernoulli,-32.29756028568293,64.59512057136585,,bfgs,8,False,2.43910975017414e-07,False,1.9301725522555342,bernoulli,bernoulli,5,completed
rep01,start_B,4,poisson,-70.47377387108358,140.94754774216716,,bfgs,21,True,2.2757399242845366e-09,False,0.3124750070353464,bernoulli,bernoulli,5,completed
rep01,start_B,5,bernoulli,-44.43147661173687,88.86295322347374,,bfgs,8,True,3.034013928981949e-10,False,0.989792062806107,bernoulli,bernoulli,5,completed
rep01,start_B,5,poisson,-71.59349083982758,143.18698167965516,,bfgs,15,False,1.1521318699081462e-08,False,0.3096351518373973,bernoulli,bernoulli,5,completed
rep01,start_B,6,bernoulli,-43.56309738000802,87.12619476001603,,bfgs,8,True,2.983779090470762e-09,False,0.9570002389082091,bernoulli,bernoulli,5,completed
rep01,start_B,6,poisson,-71.80008958536582,143.60017917073165,,bfgs,14,False,3.210757502924988e-08,False,0.2755548671218009,bernoulli,bernoulli,5,completed
rep01,start_B,7,bernoulli,-40.6973042012817,81.3946084025634,,bfgs,10,True,1.127720139493249e-12,True,1.3838273667824856,bernoulli,bernoulli,5,completed
rep01,start_B,7,poisson,-73.20993856118072,146.41987712236144,,bfgs,13,False,1.1498495658401887e-08,False,0.22142888957443338,bernoulli,bernoulli,5,completed
rep01,start_B,8,bernoulli,-43.449960175632675,86.89992035126535,,bfgs,10,True,1.4119549973656831e-11,True,1.1869923864896903,bernoulli,bernoulli,5,completed
rep01,start_B,8,poisson,-70.88925908477071,141.77851816954143,,bfgs,13,True,2.1188806265115544e-11,True,0.3631520067602152,bernoulli,bernoulli,5,completed
rep02,start_B,3,bernoulli,-51.37757766403355,102.7551553280671,,bfgs,5,True,8.659739592076221e-16,True,0.2574478057694598,bernoulli,bernoulli,1,completed
rep02,start_B,3,poisson,-74.99484533728534,149.98969067457068,,bfgs,5,True,1.2247980407664727e-13,True,0.011750174182818337,bernoulli,bernoulli,1,completed
rep02,start_B,4,bernoulli,-51.664075090947605,103.32815018189521,,bfgs,4,True,1.9984014443252818e-16,True,0.1863471683945576,bernoulli,bernoulli,1,completed
rep02,start_B,4,poisson,-74.43548968603413,148.87097937206826,,bfgs,4,True,4.8472337255134335e-12,True,0.1250997973625951,bernoulli,bernoulli,1,completed
rep02,start_B,5,bernoulli,-50.712632191726826,101.42526438345365,,bfgs,5,True,1.9984014443252818e-16,True,0.3767929344688517,bernoulli,bernoulli,1,completed
rep02,start_B,5,poisson,-74.99008390205589,149.98016780411177,,bfgs,5,True,3.907985046680551e-15,True,0.016209687926612617,bernoulli,bernoulli,1,completed
rep02,start_B,6,bernoulli,-50.886691130296505,101.77338226059301,,bfgs,4,True,9.986456106503283e-15,True,0.3490270869928393,bernoulli,bernoulli,1,completed
rep02,start_B,6,poisson,-74.99633789643141,149.99267579286283,,bfgs,5,True,1.0669243266647754e-12,True,0.00986319517693607,bernoulli,bernoulli,1,completed
rep02,start_B,7,bernoulli,-51.97983756493702,103.95967512987404,,bfgs,4,True,5.329070518200751e-16,True,0.025721162938369953,bernoulli,bernoulli,1,completed
rep02,start_B,7,poisson,-74.82053990338083,149.64107980676167,,bfgs,4,True,2.950768518417135e-11,True,0.07001282737742372,bernoulli,bernoulli,1,completed
rep02,start_B,8,bernoulli,-46.15988673022949,92.31977346045898,,bfgs,4,True,3.352873534367973e-14,True,0.8766693724529976,bernoulli,bernoulli,1,completed
rep02,start_B,8,poisson,-74.5131844118047,149.0263688236094,,bfgs,7,True,2.9753977059954196e-15,True,0.11115288718620381,bernoulli,bernoulli,1,completed
rep02,start_B,3,bernoulli,-49.66243639933339,99.32487279866677,,bfgs,5,True,3.159972283839352e-13,True,0.5239305813524375,bernoulli,bernoulli,2,completed
rep02,start_B,3,poisson,-74.8628799794287,149.7257599588574,,bfgs,6,True,2.405882937317472e-10,False,0.06165748915000793,bernoulli,bernoulli,2,completed
rep02,start_B,4,bernoulli,-51.722250166947546,103.44450033389509,,bfgs,5,True,1.605671151594379e-12,True,0.16408281300791952,bernoulli,bernoulli,2,completed
rep02,start_B,4,poisson,-74.45381438166496,148.9076287633299,,bfgs,7,True,1.4333810700872806e-11,True,0.12040160701622679,bernoulli,bernoulli,2,completed
rep02,start_B,5,bernoulli,-48.900456666682665,97.80091333336533,,bfgs,5,True,1.4210854715202005e-15,True,0.6036340831699081,bernoulli,bernoulli,2,completed
rep02,start_B,5,poisson,-74.83805122355018,149.67610244710036,,bfgs,9,True,2.547742572467371e-12,True,0.0649749931195521,bernoulli,bernoulli,2,completed
rep02,start_B,6,bernoulli,-49.93080675963829,99.86161351927657,,bfgs,4,True,3.6859293395252735e-11,True,0.4810707127332315,bernoulli,bernoulli,2,completed
rep02,start_B,6,poisson,-74.93885570096589,149.87771140193178,,bfgs,7,True,8.271982524302168e-10,False,0.040238844162952245,bernoulli,bernoulli,2,completed
rep02,start_B,7,bernoulli,-51.9424321283101,103.8848642566202,,bfgs,5,True,3.2687436091194398e-12,True,0.0693462844884066,bernoulli,bernoulli,2,completed
rep02,start_B,7,poisson,-74.77302930291931,149.54605860583862,,bfgs,8,True,1.8868303298252844e-09,False,0.07814312605889791,bernoulli,bernoulli,2,completed
rep02,start_B,8,bernoulli,-45.42461092788344,90.84922185576688,,bfgs,5,True,4.885252646857908e-10,False,0.9444690450290752,bernoulli,bernoulli,2,completed
rep02,start_B,8,poisson,-74.1769095554221,148.3538191108442,,bfgs,10,True,1.950122285876432e-11,True,0.14288381015171728,bernoulli,bernoulli,2,completed
rep02,start_B,3,bernoulli,-48.25110667786841,96.50221335573681,,bfgs,7,True,6.723066547920098e-13,True,0.6759543890305283,bernoulli,bernoulli,3,completed
rep02,start_B,3,poisson,-74.6362039785924,149.2724079571848,,bfgs,12,False,3.172658873396017e-08,False,0.10293323361432172,bernoulli,bernoulli,3,completed
rep02,start_B,4,bernoulli,-49.36585370618398,98.73170741236795,,bfgs,5,True,7.518340261469802e-09,False,0.6024648093611275,bernoulli,bernoulli,3,completed
rep02,start_B,4,poisson,-74.05933587197755,148.1186717439551,,bfgs,9,True,2.2254420528611262e-14,True,0.15941145183090213,bernoulli,bernoulli,3,completed
rep02,start_B,5,bernoulli,-48.98714574216346,97.97429148432693,,bfgs,7,True,5.550525594699707e-11,True,0.5759225618791106,bernoulli,bernoulli,3,completed
rep02,start_B,5,poisson,-74.76843200925384,149.53686401850769,,bfgs,13,True,1.2803751718581945e-09,False,0.07741567930877433,bernoulli,bernoulli,3,completed
rep02,start_B,6,bernoulli,-44.97493633506842,89.94987267013684,,bfgs,6,True,9.298316339112489e-10,False,1.0547410693068213,bernoulli,bernoulli,3,completed
rep02,start_B,6,poisson,-73.86989097068684,147.73978194137368,,bfgs,10,True,9.209366436113697e-10,False,0.18683136191652502,bernoulli,bernoulli,3,completed
rep02,start_B,7,bernoulli,-51.38812346926754,102.77624693853508,,bfgs,7,True,1.704942853564262e-11,True,0.26664644880469945,bernoulli,bernoulli,3,completed
rep02,start_B,7,poisson,-74.56701622981204,149.13403245962408,,bfgs,8,True,1.117083620050252e-10,False,0.10794544287907983,bernoulli,bernoulli,3,completed
rep02,start_B,8,bernoulli,-45.23490490577329,90.46980981154658,,bfgs,7,True,8.498999282124942e-11,True,0.9246569727643584,bernoulli,bernoulli,3,completed
rep02,start_B,8,poisson,-74.08951918060444,148.17903836120888,,bfgs,11,True,3.624025524118224e-11,True,0.1553119426410563,bernoulli,bernoulli,3,completed
rep02,start_B,3,bernoulli,-46.53195815995933,93.06391631991866,,bfgs,9,False,1.7791750561713116e-08,False,0.9931029184197403,bernoulli,bernoulli,4,completed
rep02,start_B,3,poisson,-74.10393207226308,148.20786414452616,,bfgs,13,True,1.5242997974951322e-10,False,0.19648278846177172,bernoulli,bernoulli,4,completed
rep02,start_B,4,bernoulli,-47.60614529014363,95.21229058028726,,bfgs,9,True,6.323386259055042e-13,True,0.8690786186352892,bernoulli,bernoulli,4,completed
rep02,start_B,4,poisson,-73.60699459930713,147.21398919861426,,bfgs,13,True,2.2571532476423074e-09,False,0.20477185136868029,bernoulli,bernoulli,4,completed
rep02,start_B,5,bernoulli,-49.00502870987143,98.01005741974286,,bfgs,7,True,2.8167290722080906e-11,True,0.5232016155166934,bernoulli,bernoulli,4,completed
rep02,start_B,5,poisson,-74.80940379385575,149.6188075877115,,bfgs,10,True,1.0281491213959271e-10,False,0.06354449301283696,bernoulli,bernoulli,4,completed
rep02,start_B,6,bernoulli,-41.55453680448593,83.10907360897185,,bfgs,8,True,8.726961375771226e-11,True,1.427932658620573,bernoulli,bernoulli,4,completed
rep02,start_B,6,poisson,-73.28179009070004,146.56358018140008,,bfgs,12,True,5.4800828097611994e-09,False,0.2339398899828956,bernoulli,bernoulli,4,completed
rep02,start_B,7,bernoulli,-50.62131516721214,101.24263033442428,,bfgs,8,True,1.1451477321955395e-09,False,0.4974056551826561,bernoulli,bernoulli,4,completed
rep02,start_B,7,poisson,-74.42076536791123,148.84153073582246,,bfgs,9,True,8.384542837802655e-10,False,0.13535538670759248,bernoulli,bernoulli,4,completed
rep02,start_B,8,bernoulli,-44.1680336707374,88.3360673414748,,bfgs,9,True,2.041294777654912e-09,False,1.048436593694673,bernoulli,bernoulli,4,completed
rep02,start_B,8,poisson,-73.8440775456334,147.6881550912668,,bfgs,13,True,2.9110545085586634e-10,False,0.1853378450114991,bernoulli,bernoulli,4,completed
rep02,start_B,3,bernoulli,-48.89418033367444,97.78836066734888,,bfgs,8,False,3.379145652182558e-08,False,0.5374624196469563,bernoulli,bernoulli,5,completed
rep02,start_B,3,poisson,-74.80754135318557,149.61508270637114,,bfgs,14,True,1.5431962374634623e-10,False,0.07435551108623266,bernoulli,bernoulli,5,completed
rep02,start_B,4,bernoulli,-46.50283499560601,93.00566999121202,,bfgs,9,True,1.926481196790064e-11,True,0.984511559646163,bernoulli,bernoulli,5,completed
rep02,start_B,4,poisson,-73.93261832376777,147.86523664753554,,bfgs,13,False,1.804482864242729e-08,False,0.16855034769914046,bernoulli,bernoulli,5,completed
rep02,start_B,5,bernoulli,-37.04281699174125,74.0856339834825,,bfgs,9,True,5.121201240854134e-11,True,2.3088777173846435,bernoulli,bernoulli,5,completed
rep02,start_B,5,poisson,-71.60278017619707,143.20556035239414,,bfgs,18,False,7.360162462832776e-08,False,0.42233498899342903,bernoulli,bernoulli,5,completed
rep02,start_B,6,bernoulli,-41.23901705671302,82.47803411342603,,bfgs,10,True,1.2407186389395974e-11,True,1.4690597870684903,bernoulli,bernoulli,5,completed
rep02,start_B,6,poisson,-73.1411995273357,146.2823990546714,,bfgs,11,True,7.964710932450991e-09,False,0.28512252975975,bernoulli,bernoulli,5,completed
rep02,start_B,7,bernoulli,-49.54159435581437,99.08318871162874,,bfgs,10,True,9.124410116356785e-11,True,0.6800871348574188,bernoulli,bernoulli,5,completed
rep02,start_B,7,poisson,-73.72974670278481,147.45949340556962,,bfgs,14,False,1.208282504050473e-08,False,0.22979321553452628,bernoulli,bernoulli,5,completed
rep02,start_B,8,bernoulli,-40.060542538954714,80.12108507790943,,bfgs,9,True,1.8550035729703041e-09,False,1.4461983896819772,bernoulli,bernoulli,5,completed
rep02,start_B,8,poisson,-72.66204680720375,145.3240936144075,,bfgs,13,True,7.629692877486605e-10,False,0.26011535365432914,bernoulli,bernoulli,5,completed
rep03,start_B,3,bernoulli,-51.90128908614772,103.80257817229544,,bfgs,4,True,4.951594689828198e-14,True,0.09526636534080203,bernoulli,bernoulli,1,completed
rep03,start_B,3,poisson,-74.83459668325456,149.66919336650912,,bfgs,5,True,2.220446049250313e-15,True,0.06758436045360469,bernoulli,bernoulli,1,completed
rep03,start_B,4,bernoulli,-51.885745010468966,103.77149002093793,,bfgs,4,True,3.3861802251067274e-15,True,0.1036727581415408,bernoulli,bernoulli,1,completed
rep03,start_B,4,poisson,-74.48511748324759,148.97023496649518,,bfgs,4,True,7.109621780188036e-11,True,0.12061226438287923,bernoulli,bernoulli,1,completed
rep03,start_B,5,bernoulli,-51.97000580112001,103.94001160224002,,bfgs,3,True,3.907985046680551e-14,True,0.041369511723314226,bernoulli,bernoulli,1,completed
rep03,start_B,5,poisson,-74.75946445185275,149.5189289037055,,bfgs,4,False,2.9445172500253137e-08,False,0.08176671685259602,bernoulli,bernoulli,1,completed
rep03,start_B,6,bernoulli,-51.373573361560354,102.74714672312071,,bfgs,2,False,1.33763702081513e-07,False,0.2592562918063004,bernoulli,bernoulli,1,completed
rep03,start_B,6,poisson,-74.08514056586807,148.17028113173615,,bfgs,5,True,2.1538326677728035e-15,True,0.16198800887969944,bernoulli,bernoulli,1,completed
rep03,start_B,7,bernoulli,-51.97109769915653,103.94219539831306,,bfgs,3,False,1.373835819329372e-07,False,0.03993494539219171,bernoulli,bernoulli,1,completed
rep03,start_B,7,poisson,-74.75726313167208,149.51452626334415,,bfgs,4,False,2.9427427192807445e-07,False,0.08214702585488654,bernoulli,bernoulli,1,completed
rep03,start_B,8,bernoulli,-50.90574940288686,101.81149880577372,,bfgs,5,True,4.440892098500626e-16,True,0.3480570109939762,bernoulli,bernoulli,1,completed
rep03,start_B,8,poisson,-74.99889845425885,149.9977969085177,,bfgs,5,True,6.475708858033613e-13,True,0.0054280960564789295,bernoulli,bernoulli,1,completed
rep03,start_B,3,bernoulli,-50.00689884541271,100.01379769082541,,bfgs,5,True,2.1585006226843006e-09,False,0.4938731283574323,bernoulli,bernoulli,2,completed
rep03,start_B,3,poisson,-73.91700687145452,147.83401374290904,,bfgs,6,True,2.780308694383393e-09,False,0.1818294755695566,bernoulli,bernoulli,2,completed
rep03,start_B,4,bernoulli,-51.67391288038304,103.34782576076609,,bfgs,6,True,5.631530797245432e-11,True,0.18103537021863347,bernoulli,bernoulli,2,completed
rep03,start_B,4,poisson,-74.35831463297981,148.71662926595963,,bfgs,7,True,2.96032087732101e-11,True,0.1303925644127215,bernoulli,bernoulli,2,completed
rep03,start_B,5,bernoulli,-51.42102237941619,102.84204475883239,,bfgs,6,True,2.675815125030567e-12,True,0.26058268492957404,bernoulli,bernoulli,2,completed
rep03,start_B,5,poisson,-74.16862187571377,148.33724375142754,,bfgs,5,False,2.7120539373148846e-07,False,0.1571114040694119,bernoulli,bernoulli,2,completed
rep03,start_B,6,bernoulli,-50.46911215685122,100.93822431370243,,bfgs,6,True,4.4062531401323215e-13,True,0.4063266353181357,bernoulli,bernoulli,2,completed
rep03,start_B,6,poisson,-73.85542993636082,147.71085987272164,,bfgs,6,True,4.921475227348537e-10,False,0.17347102013813817,bernoulli,bernoulli,2,completed
rep03,start_B,7,bernoulli,-45.97887911455355,91.9577582291071,,bfgs,6,True,1.4388490399142028e-14,True,0.9718815276471567,bernoulli,bernoulli,2,completed
rep03,start_B,7,poisson,-72.43261129166422,144.86522258332843,,bfgs,10,True,6.900791049702093e-12,True,0.28044403241308713,bernoulli,bernoulli,2,completed
rep03,start_B,8,bernoulli,-50.54182437169466,101.08364874338932,,bfgs,6,True,2.7340174568735164e-11,True,0.41039976573901443,bernoulli,bernoulli,2,completed
rep03,start_B,8,poisson,-74.97540500451112,149.95081000902223,,bfgs,10,True,8.146125440866569e-12,True,0.02492418791067318,bernoulli,bernoulli,2,completed
rep03,start_B,3,bernoulli,-46.222230855723616,92.44446171144723,,bfgs,7,True,2.3059038456452184e-09,False,0.9560621203609142,bernoulli,bernoulli,3,completed
rep03,start_B,3,poisson,-72.87269481434835,145.7453896286967,,bfgs,11,True,2.284838984678572e-11,True,0.25126371946964865,bernoulli,bernoulli,3,completed
rep03,start_B,4,bernoulli,-51.70209944055271,103.40419888110542,,bfgs,7,True,1.0306067110832373e-11,True,0.16753577791480836,bernoulli,bernoulli,3,completed
rep03,start_B,4,poisson,-74.32943363545928,148.65886727091856,,bfgs,9,True,6.7475358633828366e-12,True,0.12976168489040305,bernoulli,bernoulli,3,completed
rep03,start_B,5,bernoulli,-50.910085776848916,101.82017155369783,,bfgs,6,True,3.2687186291013857e-13,True,0.3426580348049079,bernoulli,bernoulli,3,completed
rep03,start_B,5,poisson,-74.203670929735,148.40734185947,,bfgs,7,False,1.1454529785792645e-08,False,0.14422966670995804,bernoulli,bernoulli,3,completed
rep03,start_B,6,bernoulli,-48.63525457539887,97.27050915079774,,bfgs,5,True,3.7669689589847624e-11,True,0.6647625395424329,bernoulli,bernoulli,3,completed
rep03,start_B,6,poisson,-73.65402525194163,147.30805050388327,,bfgs,13,True,1.157403950458047e-10,False,0.18626594066090651,bernoulli,bernoulli,3,completed
rep03,start_B,7,bernoulli,-45.37421195915935,90.7484239183187,,bfgs,6,True,2.7792879109256317e-12,True,0.9635101832150159,bernoulli,bernoulli,3,completed
rep03,start_B,7,poisson,-72.4824132273462,144.9648264546924,,bfgs,11,True,4.764125094425254e-10,False,0.26044567409210434,bernoulli,bernoulli,3,completed
rep03,start_B,8,bernoulli,-43.57822296383498,87.15644592766996,,bfgs,8,True,5.4753668266016577e-11,True,1.2208167959392608,bernoulli,bernoulli,3,completed
rep03,start_B,8,poisson,-73.8512878449793,147.7025756899586,,bfgs,12,True,4.814551668452794e-09,False,0.19023005023722966,bernoulli,bernoulli,3,completed
rep03,start_B,3,bernoulli,-45.13889404173061,90.27778808346122,,bfgs,8,True,2.8743940561071212e-11,True,1.0218258062701908,bernoulli,bernoulli,4,completed
rep03,start_B,3,poisson,-72.2657021854998,144.5314043709996,,bfgs,13,False,1.6645033440454428e-08,False,0.2683367789994275,bernoulli,bernoulli,4,completed
rep03,start_B,4,bernoulli,-51.30486871754672,102.60973743509344,,bfgs,8,True,1.2355738654434845e-10,False,0.3156790696234321,bernoulli,bernoulli,4,completed
rep03,start_B,4,poisson,-74.2577703288041,148.5155406576082,,bfgs,11,True,1.9653102409367128e-11,True,0.12859569754563185,bernoulli,bernoulli,4,completed
rep03,start_B,5,bernoulli,-51.13705790380731,102.27411580761462,,bfgs,9,True,3.2529534621517087e-13,True,0.28138631917136575,bernoulli,bernoulli,4,completed
rep03,start_B,5,poisson,-74.09692898169969,148.19385796339938,,bfgs,10,True,2.21293205981965e-11,True,0.151117561695701,bernoulli,bernoulli,4,completed
rep03,start_B,6,bernoulli,-47.581048453622756,95.16209690724551,,bfgs,9,True,6.565326060581355e-12,True,0.8542397715786489,bernoulli,bernoulli,4,completed
rep03,start_B,6,poisson,-73.07705107737601,146.15410215475202,,bfgs,13,True,2.0607870965250187e-11,True,0.2630724984918416,bernoulli,bernoulli,4,completed
rep03,start_B,7,bernoulli,-45.83975289137375,91.6795057827475,,bfgs,7,False,2.286585627675475e-07,False,0.8661615390541911,bernoulli,bernoulli,4,completed
rep03,start_B,7,poisson,-72.54205335028152,145.08410670056304,,bfgs,13,True,2.661157338934572e-09,False,0.24536052059830257,bernoulli,bernoulli,4,completed
rep03,start_B,8,bernoulli,-35.99448051355066,71.98896102710133,,bfgs,7,True,2.501417206701717e-09,False,2.1664857707102363,bernoulli,bernoulli,4,completed
rep03,start_B,8,poisson,-72.12178979150117,144.24357958300234,,bfgs,18,False,2.720494434171883e-08,False,0.3588341020211308,bernoulli,bernoulli,4,completed
rep03,start_B,3,bernoulli,-33.797349785030775,67.59469957006155,,bfgs,10,True,3.7531537322443854e-10,False,2.698910163296434,bernoulli,bernoulli,5,completed
rep03,start_B,3,poisson,-70.90033089936021,141.80066179872043,,bfgs,18,False,4.991457256409149e-08,False,0.38806580457695317,bernoulli,bernoulli,5,completed
rep03,start_B,4,bernoulli,-51.38559817420975,102.7711963484195,,bfgs,8,True,2.0082409513122455e-09,False,0.3186255362115013,bernoulli,bernoulli,5,completed
rep03,start_B,4,poisson,-73.98820833090065,147.9764166618013,,bfgs,10,True,1.5331826086484313e-11,True,0.16791846068835142,bernoulli,bernoulli,5,completed
rep03,start_B,5,bernoulli,-48.60977708731959,97.21955417463919,,bfgs,11,True,1.7272849817118185e-12,True,0.8675380159944331,bernoulli,bernoulli,5,completed
rep03,start_B,5,poisson,-73.11330554874786,146.22661109749572,,bfgs,15,False,4.6583832062283e-08,False,0.2696960640287785,bernoulli,bernoulli,5,completed
rep03,start_B,6,bernoulli,-45.13467694565296,90.26935389130593,,bfgs,10,True,6.817568731776191e-12,True,1.107512754588495,bernoulli,bernoulli,5,completed
rep03,start_B,6,poisson,-73.13326856026829,146.26653712053658,,bfgs,13,True,9.357643904195357e-09,False,0.22720245996759275,bernoulli,bernoulli,5,completed
rep03,start_B,7,bernoulli,-45.57501396400597,91.15002792801194,,bfgs,10,True,7.372316090936692e-11,True,0.8968245049028682,bernoulli,bernoulli,5,completed
rep03,start_B,7,poisson,-72.57282782943096,145.14565565886193,,bfgs,14,True,2.352217975953863e-10,False,0.23308223783268547,bernoulli,bernoulli,5,completed
rep03,start_B,8,bernoulli,-35.781786392794416,71.56357278558883,,bfgs,11,True,2.447820307560633e-10,False,2.344027857592575,bernoulli,bernoulli,5,completed
rep03,start_B,8,poisson,-72.19238040841955,144.3847608168391,,bfgs,26,True,8.922753025331077e-09,False,0.34222879755382296,bernoulli,bernoulli,5,completed
rep04,start_B,3,bernoulli,-50.31802704170718,100.63605408341436,,bfgs,4,True,1.7763568394002506e-16,True,0.436543075890226,bernoulli,bernoulli,1,completed
rep04,start_B,3,poisson,-74.70143832900779,149.40287665801557,,bfgs,5,True,2.3803181647963357e-14,True,0.0887842469499749,bernoulli,bernoulli,1,completed
rep04,start_B,4,bernoulli,-51.34141460982463,102.68282921964926,,bfgs,4,True,1.865174681370263e-15,True,0.2656955391089459,bernoulli,bernoulli,1,completed
rep04,start_B,4,poisson,-74.90486423679178,149.80972847358356,,bfgs,5,True,4.2188474935755947e-16,True,0.05026307298424548,bernoulli,bernoulli,1,completed
rep04,start_B,5,bernoulli,-50.48281729415266,100.96563458830532,,bfgs,4,True,1.589839371263224e-14,True,0.41299804093968323,bernoulli,bernoulli,1,completed
rep04,start_B,5,poisson,-74.73489818849096,149.46979637698192,,bfgs,5,True,2.1671553440683054e-14,True,0.08369880089087887,bernoulli,bernoulli,1,completed
rep04,start_B,6,bernoulli,-43.75236670874708,87.50473341749417,,bfgs,4,True,1.8481394192804147e-11,True,1.1209803825922642,bernoulli,bernoulli,1,completed
rep04,start_B,6,poisson,-73.42428089056256,146.8485617811251,,bfgs,6,True,5.329070518200751e-15,True,0.20097506341720398,bernoulli,bernoulli,1,completed
rep04,start_B,7,bernoulli,-50.85945095743775,101.7189019148755,,bfgs,4,True,1.7763568394002506e-16,True,0.35475288196109367,bernoulli,bernoulli,1,completed
rep04,start_B,7,poisson,-74.81072251997247,149.62144503994494,,bfgs,5,True,2.3092638912203257e-15,True,0.07079726896651904,bernoulli,bernoulli,1,completed
rep04,start_B,8,bernoulli,-50.76409532716262,101.52819065432524,,bfgs,4,True,1.5099033134902129e-15,True,0.3701912001602421,bernoulli,bernoulli,1,completed
rep04,start_B,8,poisson,-74.5916967731321,149.1833935462642,,bfgs,5,True,2.4868995751603505e-15,True,0.10415960369280924,bernoulli,bernoulli,1,completed
rep04,start_B,3,bernoulli,-50.20950024716467,100.41900049432934,,bfgs,6,True,8.201883616720807e-13,True,0.417397962919508,bernoulli,bernoulli,2,completed
rep04,start_B,3,poisson,-74.73702716222576,149.47405432445152,,bfgs,7,True,7.769852469752259e-14,True,0.07535154912774329,bernoulli,bernoulli,2,completed
rep04,start_B,4,bernoulli,-50.22415388784545,100.4483077756909,,bfgs,5,True,1.6794787782714593e-12,True,0.4539729604198758,bernoulli,bernoulli,2,completed
rep04,start_B,4,poisson,-74.32890587051043,148.65781174102085,,bfgs,6,True,1.2787478631537398e-09,False,0.14991340302127729,bernoulli,bernoulli,2,completed
rep04,start_B,5,bernoulli,-50.30357428876681,100.60714857753362,,bfgs,5,True,5.479443121458871e-10,False,0.41173181520235735,bernoulli,bernoulli,2,completed
rep04,start_B,5,poisson,-74.47534476723165,148.9506895344633,,bfgs,7,True,9.890452901117897e-11,True,0.12579984818168355,bernoulli,bernoulli,2,completed
rep04,start_B,6,bernoulli,-42.83018973762586,85.66037947525172,,bfgs,5,True,2.3712676266995912e-11,True,1.0821361640252736,bernoulli,bernoulli,2,completed
rep04,start_B,6,poisson,-73.30100051455224,146.60200102910449,,bfgs,9,True,6.795456055502802e-11,True,0.18780149651003236,bernoulli,bernoulli,2,completed
rep04,start_B,7,bernoulli,-44.46408961712909,88.92817923425818,,bfgs,6,True,2.828848266744899e-14,True,1.188131810668009,bernoulli,bernoulli,2,completed
rep04,start_B,7,poisson,-72.51275876066943,145.02551752133886,,bfgs,7,False,8.960024341364559e-08,False,0.30146305270764917,bernoulli,bernoulli,2,completed
rep04,start_B,8,bernoulli,-51.07286228235345,102.1457245647069,,bfgs,5,True,8.22394152777406e-11,True,0.29162251682350826,bernoulli,bernoulli,2,completed
rep04,start_B,8,poisson,-74.64351829160466,149.28703658320933,,bfgs,6,True,6.889516734887024e-13,True,0.0886810384816295,bernoulli,bernoulli,2,completed
rep04,start_B,3,bernoulli,-49.22988341472446,98.45976682944892,,bfgs,7,True,7.686256964234417e-10,False,0.5524253795771855,bernoulli,bernoulli,3,completed
rep04,start_B,3,poisson,-74.58822466639306,149.17644933278612,,bfgs,8,True,1.3360560852104797e-09,False,0.09725144012869984,bernoulli,bernoulli,3,completed
rep04,start_B,4,bernoulli,-50.59786377416937,101.19572754833874,,bfgs,7,True,6.184946554910197e-10,False,0.43919069226774804,bernoulli,bernoulli,3,completed
rep04,start_B,4,poisson,-74.45726408526609,148.91452817053218,,bfgs,9,True,3.848823482144326e-11,True,0.13707576968316018,bernoulli,bernoulli,3,completed
rep04,start_B,5,bernoulli,-48.87860790121308,97.75721580242616,,bfgs,6,True,6.140239428020777e-11,True,0.6456362029798157,bernoulli,bernoulli,3,completed
rep04,start_B,5,poisson,-74.12479154370871,148.24958308741742,,bfgs,11,True,2.611674876362713e-10,False,0.16569443256054583,bernoulli,bernoulli,3,completed
rep04,start_B,6,bernoulli,-41.98905770985179,83.97811541970358,,bfgs,7,True,3.1344482565032193e-12,True,1.1191260102322407,bernoulli,bernoulli,3,completed
rep04,start_B,6,poisson,-73.04603127933669,146.09206255867338,,bfgs,10,True,4.678536837110503e-09,False,0.1962200321428906,bernoulli,bernoulli,3,completed
rep04,start_B,7,bernoulli,-44.7451283190439,89.4902566380878,,bfgs,6,False,5.930761612926716e-08,False,1.1172035146747616,bernoulli,bernoulli,3,completed
rep04,start_B,7,poisson,-72.63745667958385,145.2749133591677,,bfgs,10,False,2.3205026361550197e-08,False,0.28023149768962474,bernoulli,bernoulli,3,completed
rep04,start_B,8,bernoulli,-47.730087872927946,95.46017574585589,,bfgs,7,True,1.4748979815237818e-12,True,0.781077034205305,bernoulli,bernoulli,3,completed
rep04,start_B,8,poisson,-74.07349140983851,148.14698281967702,,bfgs,10,True,2.847388991256139e-13,True,0.16035438832620022,bernoulli,bernoulli,3,completed
rep04,start_B,3,bernoulli,-49.09990405686043,98.19980811372086,,bfgs,8,True,1.3362431161567657e-10,False,0.5750269655725002,bernoulli,bernoulli,4,completed
rep04,start_B,3,poisson,-74.49972729678925,148.9994545935785,,bfgs,10,True,3.4933638815015656e-09,False,0.11076187159473222,bernoulli,bernoulli,4,completed
rep04,start_B,4,bernoulli,-47.0543093774714,94.1086187549428,,bfgs,9,True,4.65848692954296e-11,True,0.9851533583625823,bernoulli,bernoulli,4,completed
rep04,start_B,4,poisson,-73.7218540597825,147.443708119565,,bfgs,12,False,1.4488012833879794e-08,False,0.22246349558792733,bernoulli,bernoulli,4,completed
rep04,start_B,5,bernoulli,-48.25025037232169,96.50050074464338,,bfgs,8,True,5.129607849596596e-11,True,0.717597526324475,bernoulli,bernoulli,4,completed
rep04,start_B,5,poisson,-74.00529178648954,148.01058357297907,,bfgs,11,True,2.8536697449510484e-09,False,0.17048054600967721,bernoulli,bernoulli,4,completed
rep04,start_B,6,bernoulli,-41.15408202554646,82.30816405109292,,bfgs,9,True,1.1344596373419336e-10,False,1.1695397594576544,bernoulli,bernoulli,4,completed
rep04,start_B,6,poisson,-72.78854071439191,145.57708142878383,,bfgs,14,True,4.63660498883911e-12,True,0.21152999735611888,bernoulli,bernoulli,4,completed
rep04,start_B,7,bernoulli,-45.06177693936506,90.12355387873012,,bfgs,9,True,9.927392241593225e-12,True,0.983384281179901,bernoulli,bernoulli,4,completed
rep04,start_B,7,poisson,-72.80491492556857,145.60982985113714,,bfgs,13,True,4.076778914452461e-11,True,0.24755490214464299,bernoulli,bernoulli,4,completed
rep04,start_B,8,bernoulli,-46.19115819143692,92.38231638287384,,bfgs,7,True,1.7695174658882707e-09,False,0.9757087247276461,bernoulli,bernoulli,4,completed
rep04,start_B,8,poisson,-73.75524040033324,147.51048080066647,,bfgs,12,True,7.159979609205891e-10,False,0.1956526664250066,bernoulli,bernoulli,4,completed
rep04,start_B,3,bernoulli,-42.33734382744285,84.6746876548857,,bfgs,9,False,5.175024524461946e-08,False,1.4876472948611532,bernoulli,bernoulli,5,completed
rep04,start_B,3,poisson,-72.37778094095574,144.7555618819115,,bfgs,15,False,4.1307217668595796e-08,False,0.33034997187140275,bernoulli,bernoulli,5,completed
rep04,start_B,4,bernoulli,-49.342465821605806,98.68493164321161,,bfgs,10,True,5.718145512645378e-10,False,0.6572920814169501,bernoulli,bernoulli,5,completed
rep04,start_B,4,poisson,-73.78521609310985,147.5704321862197,,bfgs,11,True,4.4984460600971944e-12,True,0.2153204684524294,bernoulli,bernoulli,5,completed
rep04,start_B,5,bernoulli,-48.36194252718476,96.72388505436952,,bfgs,10,True,2.23443485936059e-12,True,0.6831823573034195,bernoulli,bernoulli,5,completed
rep04,start_B,5,poisson,-73.9462006136039,147.8924012272078,,bfgs,14,True,1.9223858060968268e-10,False,0.16859379700565535,bernoulli,bernoulli,5,completed
rep04,start_B,6,bernoulli,-41.43275197434348,82.86550394868696,,bfgs,8,False,1.870436951989518e-08,False,1.055474140043768,bernoulli,bernoulli,5,completed
rep04,start_B,6,poisson,-72.69160381837943,145.38320763675887,,bfgs,14,True,1.3967317524787858e-09,False,0.20582752843202132,bernoulli,bernoulli,5,completed
rep04,start_B,7,bernoulli,-42.3886521218986,84.7773042437972,,bfgs,9,True,1.1735771909826553e-09,False,1.2586574830158812,bernoulli,bernoulli,5,completed
rep04,start_B,7,poisson,-71.81033347585824,143.6206669517165,,bfgs,14,True,1.7619184999873029e-10,False,0.30628373536547676,bernoulli,bernoulli,5,completed
rep04,start_B,8,bernoulli,-47.69038112024672,95.38076224049344,,bfgs,10,True,2.695932366236775e-12,True,0.719183971338549,bernoulli,bernoulli,5,completed
rep04,start_B,8,poisson,-73.82293497654246,147.6458699530849,,bfgs,14,True,8.77844630320368e-10,False,0.18693765519891256,bernoulli,bernoulli,5,completed
rep05,start_B,3,bernoulli,-51.9338258565302,103.8676517130604,,bfgs,3,True,1.3344214622179606e-12,True,0.07471340141482954,bernoulli,bernoulli,1,completed
rep05,start_B,3,poisson,-74.99478013802005,149.9895602760401,,bfgs,5,True,5.329070518200751e-16,True,0.011817867092227407,bernoulli,bernoulli,1,completed
rep05,start_B,4,bernoulli,-44.5063778790216,89.0127557580432,,bfgs,3,True,5.55298651505609e-10,False,1.0595186645498396,bernoulli,bernoulli,1,completed
rep05,start_B,4,poisson,-72.7621629294393,145.5243258588786,,bfgs,6,True,8.704148513061228e-15,True,0.24714534669422816,bernoulli,bernoulli,1,completed
rep05,start_B,5,bernoulli,-49.65798233931075,99.3159646786215,,bfgs,4,True,6.989964163039986e-14,True,0.5246635923669736,bernoulli,bernoulli,1,completed
rep05,start_B,5,poisson,-74.68710720405784,149.37421440811568,,bfgs,5,True,3.712585794346523e-14,True,0.08987542562400849,bernoulli,bernoulli,1,completed
rep05,start_B,6,bernoulli,-51.243446527046956,102.48689305409391,,bfgs,4,True,9.103828801926284e-15,True,0.286067498429437,bernoulli,bernoulli,1,completed
rep05,start_B,6,poisson,-74.61723820765087,149.23447641530174,,bfgs,4,True,1.2425616091604753e-13,True,0.10212577331363196,bernoulli,bernoulli,1,completed
rep05,start_B,7,bernoulli,-47.074403854733426,94.14880770946685,,bfgs,3,True,1.2666701021402105e-11,True,0.8081948242453404,bernoulli,bernoulli,1,completed
rep05,start_B,7,poisson,-73.39355975708274,146.78711951416548,,bfgs,5,False,3.445394404444357e-07,False,0.20969784268935288,bernoulli,bernoulli,1,completed
rep05,start_B,8,bernoulli,-51.45900668976172,102.91801337952344,,bfgs,4,True,2.3225865675158274e-14,True,0.2398566564463008,bernoulli,bernoulli,1,completed
rep05,start_B,8,poisson,-74.69636911852476,149.3927382370495,,bfgs,4,True,1.240518798795165e-12,True,0.09088766848965177,bernoulli,bernoulli,1,completed
rep05,start_B,3,bernoulli,-49.0433372536573,98.0866745073146,,bfgs,5,True,1.1930723076147842e-11,True,0.6264326951137926,bernoulli,bernoulli,2,completed
rep05,start_B,3,poisson,-74.43989611239478,148.87979222478955,,bfgs,6,True,1.1914524922218561e-11,True,0.12884433045189864,bernoulli,bernoulli,2,completed
rep05,start_B,4,bernoulli,-42.99463285263205,85.9892657052641,,bfgs,5,True,1.1420915657645026e-09,False,1.1856081422210578,bernoulli,bernoulli,2,completed
rep05,start_B,4,poisson,-72.37544078761157,144.75088157522313,,bfgs,8,False,3.013622853487163e-08,False,0.25351269154697487,bernoulli,bernoulli,2,completed
rep05,start_B,5,bernoulli,-46.78612843554232,93.57225687108463,,bfgs,6,True,3.0379254667423084e-12,True,0.8333935429175878,bernoulli,bernoulli,2,completed
rep05,start_B,5,poisson,-73.93502429211694,147.87004858423387,,bfgs,9,True,5.496847421682105e-12,True,0.1687364889173216,bernoulli,bernoulli,2,completed
rep05,start_B,6,bernoulli,-50.36686619376791,100.73373238753582,,bfgs,5,True,3.044688945408325e-11,True,0.4236726811174243,bernoulli,bernoulli,2,completed
rep05,start_B,6,poisson,-74.39810763606312,148.79621527212623,,bfgs,7,True,1.2815191963166939e-11,True,0.12299984289163521,bernoulli,bernoulli,2,completed
rep05,start_B,7,bernoulli,-47.850699215054476,95.70139843010895,,bfgs,6,True,2.699652501547689e-09,False,0.6960550540119335,bernoulli,bernoulli,2,completed
rep05,start_B,7,poisson,-73.56805785621316,147.13611571242632,,bfgs,9,True,3.1119640198085107e-11,True,0.1850026509033025,bernoulli,bernoulli,2,completed
rep05,start_B,8,bernoulli,-50.31854263988953,100.63708527977906,,bfgs,5,True,1.4168222151056398e-12,True,0.44760352292988254,bernoulli,bernoulli,2,completed
rep05,start_B,8,poisson,-74.29156600736232,148.58313201472464,,bfgs,6,True,7.998934847819328e-13,True,0.13917722767245594,bernoulli,bernoulli,2,completed
rep05,start_B,3,bernoulli,-48.47281498152644,96.94562996305288,,bfgs,6,True,2.389285214121628e-10,False,0.6529393987894807,bernoulli,bernoulli,3,completed
rep05,start_B,3,poisson,-74.39592623959484,148.79185247918969,,bfgs,7,True,7.808531599096113e-12,True,0.13240202148089525,bernoulli,bernoulli,3,completed
rep05,start_B,4,bernoulli,-40.49757729233663,80.99515458467326,,bfgs,6,False,1.970318691535411e-07,False,1.375674710261776,bernoulli,bernoulli,3,completed
rep05,start_B,4,poisson,-71.40022218169895,142.8004443633979,,bfgs,10,True,8.053764122273322e-09,False,0.3022012256423464,bernoulli,bernoulli,3,completed
rep05,start_B,5,bernoulli,-47.38391443138562,94.76782886277124,,bfgs,7,True,5.3208948358474115e-11,True,0.7312806029800927,bernoulli,bernoulli,3,completed
rep05,start_B,5,poisson,-73.7262636959296,147.4525273918592,,bfgs,10,True,2.0463266636738808e-10,False,0.1754782763175029,bernoulli,bernoulli,3,completed
rep05,start_B,6,bernoulli,-49.455309416424164,98.91061883284833,,bfgs,7,True,5.091750132635297e-10,False,0.5682816408387709,bernoulli,bernoulli,3,completed
rep05,start_B,6,poisson,-74.07519328142868,148.15038656285736,,bfgs,7,True,1.0727161992019064e-09,False,0.16358718873857314,bernoulli,bernoulli,3,completed
rep05,start_B,7,bernoulli,-46.6276219097541,93.2552438195082,,bfgs,6,False,2.7162438698269397e-08,False,0.7773532568825664,bernoulli,bernoulli,3,completed
rep05,start_B,7,poisson,-73.25979554036219,146.51959108072438,,bfgs,11,True,8.96993590515649e-11,True,0.2003790035863536,bernoulli,bernoulli,3,completed
rep05,start_B,8,bernoulli,-50.13920734579185,100.2784146915837,,bfgs,8,True,2.529323417377327e-10,False,0.44303311507269344,bernoulli,bernoulli,3,completed
rep05,start_B,8,poisson,-74.06935514105254,148.13871028210508,,bfgs,8,True,1.6473240549430558e-10,False,0.1507651233133962,bernoulli,bernoulli,3,completed
rep05,start_B,3,bernoulli,-47.03316835237462,94.06633670474923,,bfgs,9,True,3.9522268791003513e-11,True,0.898211300912627,bernoulli,bernoulli,4,completed
rep05,start_B,3,poisson,-73.1847230347594,146.3694460695188,,bfgs,13,False,2.4159873412976653e-08,False,0.2878984104889004,bernoulli,bernoulli,4,completed
rep05,start_B,4,bernoulli,-37.96083786245518,75.92167572491036,,bfgs,8,True,5.877907049978149e-11,True,1.6219487987461045,bernoulli,bernoulli,4,completed
rep05,start_B,4,poisson,-70.88598232296795,141.7719646459359,,bfgs,16,True,2.9585084604377697e-09,False,0.2938514441611376,bernoulli,bernoulli,4,completed
rep05,start_B,5,bernoulli,-46.21224482392904,92.42448964785808,,bfgs,6,False,1.4156725680614102e-07,False,0.7907466162204391,bernoulli,bernoulli,4,completed
rep05,start_B,5,poisson,-72.99561633241228,145.99123266482457,,bfgs,13,True,2.634889639807625e-09,False,0.23332837468806594,bernoulli,bernoulli,4,completed
rep05,start_B,6,bernoulli,-47.87532390800328,95.75064781600656,,bfgs,9,True,1.0759837465457167e-11,True,0.8062623614680081,bernoulli,bernoulli,4,completed
rep05,start_B,6,poisson,-73.90514655897638,147.81029311795277,,bfgs,12,False,3.0904271830500817e-08,False,0.15719311538760877,bernoulli,bernoulli,4,completed
rep05,start_B,7,bernoulli,-46.294929832964044,92.58985966592809,,bfgs,8,True,8.714708954471461e-11,True,0.8226011805888586,bernoulli,bernoulli,4,completed
rep05,start_B,7,poisson,-72.32685054007916,144.65370108015833,,bfgs,9,True,2.6720134882474154e-09,False,0.28368495205237376,bernoulli,bernoulli,4,completed
rep05,start_B,8,bernoulli,-49.47627040081228,98.95254080162456,,bfgs,8,True,2.5061730468678432e-12,True,0.566769476689528,bernoulli,bernoulli,4,completed
rep05,start_B,8,poisson,-73.22098306208136,146.44196612416272,,bfgs,11,True,4.470234493680891e-09,False,0.24328020572879158,bernoulli,bernoulli,4,completed
rep05,start_B,3,bernoulli,-47.775627972144896,95.55125594428979,,bfgs,9,True,1.774311542135365e-09,False,0.7867364402355396,bernoulli,bernoulli,5,completed
rep05,start_B,3,poisson,-73.61740070057364,147.23480140114728,,bfgs,11,False,1.2192349108097744e-08,False,0.2308662621577405,bernoulli,bernoulli,5,completed
rep05,start_B,4,bernoulli,-38.325586988581684,76.65117397716337,,bfgs,9,True,6.785960460220508e-10,False,1.5246099733112082,bernoulli,bernoulli,5,completed
rep05,start_B,4,poisson,-70.94932209486161,141.89864418972323,,bfgs,18,False,3.062055302649469e-08,False,0.2852256806578765,bernoulli,bernoulli,5,completed
rep05,start_B,5,bernoulli,-46.46481046110388,92.92962092220776,,bfgs,10,True,7.550049474502885e-12,True,0.7728235201400455,bernoulli,bernoulli,5,completed
rep05,start_B,5,poisson,-72.89952989692246,145.79905979384492,,bfgs,14,True,4.236260231493816e-09,False,0.23778242694419105,bernoulli,bernoulli,5,completed
rep05,start_B,6,bernoulli,-48.08586681221672,96.17173362443344,,bfgs,10,True,1.1678658040636947e-11,True,0.6782015227868603,bernoulli,bernoulli,5,completed
rep05,start_B,6,poisson,-73.6452138046759,147.2904276093518,,bfgs,13,True,4.917098883616688e-09,False,0.17650531046945478,bernoulli,bernoulli,5,completed
rep05,start_B,7,bernoulli,-45.36454581278567,90.72909162557134,,bfgs,9,True,2.4773427753643774e-11,True,0.8757946129561662,bernoulli,bernoulli,5,completed
rep05,start_B,7,poisson,-72.48583358843123,144.97166717686247,,bfgs,14,True,4.525723351633815e-09,False,0.240629509115381,bernoulli,bernoulli,5,completed
rep05,start_B,8,bernoulli,-48.700532417577506,97.40106483515501,,bfgs,10,True,6.905054306116653e-12,True,0.6662493275746705,bernoulli,bernoulli,5,completed
rep05,start_B,8,poisson,-72.99812426819707,145.99624853639415,,bfgs,15,True,2.855774283716528e-09,False,0.25449703229125203,bernoulli,bernoulli,5,completed
rep06,start_B,3,bernoulli,-51.867403349928985,103.73480669985797,,bfgs,3,True,7.227478615590144e-11,True,0.11275737512963624,bernoulli,bernoulli,1,completed
rep06,start_B,3,poisson,-74.77213723295165,149.5442744659033,,bfgs,5,True,5.329070518200751e-16,True,0.0785769224446691,bernoulli,bernoulli,1,completed
rep06,start_B,4,bernoulli,-51.483180070280994,102.96636014056199,,bfgs,4,True,4.352074256530614e-15,True,0.23392844812485594,bernoulli,bernoulli,1,completed
rep06,start_B,4,poisson,-73.98347492405944,147.96694984811887,,bfgs,3,False,9.092810837607601e-08,False,0.16655116300504905,bernoulli,bernoulli,1,completed
rep06,start_B,5,bernoulli,-51.31447087804463,102.62894175608926,,bfgs,4,True,3.5416114485542494e-14,True,0.2712481201207364,bernoulli,bernoulli,1,completed
rep06,start_B,5,poisson,-74.94240267177041,149.88480534354082,,bfgs,5,True,1.3322676295501878e-15,True,0.0393703790729957,bernoulli,bernoulli,1,completed
rep06,start_B,6,bernoulli,-50.84130762405807,101.68261524811614,,bfgs,4,True,6.795008999915808e-12,True,0.35750610997362475,bernoulli,bernoulli,1,completed
rep06,start_B,6,poisson,-73.58907762272077,147.17815524544153,,bfgs,5,True,5.91990101383999e-10,False,0.19619066809766827,bernoulli,bernoulli,1,completed
rep06,start_B,7,bernoulli,-50.57605521888537,101.15211043777074,,bfgs,4,True,7.993605777301127e-16,True,0.3988868925485682,bernoulli,bernoulli,1,completed
rep06,start_B,7,poisson,-73.44810760624156,146.89621521248313,,bfgs,5,True,0.0,True,0.20571924833069094,bernoulli,bernoulli,1,completed
rep06,start_B,8,bernoulli,-40.978437699060485,81.95687539812097,,bfgs,3,True,2.6645352591003756e-16,True,1.3673325359977369,bernoulli,bernoulli,1,completed
rep06,start_B,8,poisson,-74.21790499003014,148.43580998006027,,bfgs,7,True,1.8776091792460648e-13,True,0.14082454439536385,bernoulli,bernoulli,1,completed
rep06,start_B,3,bernoulli,-51.82554656242937,103.65109312485875,,bfgs,6,True,8.266569651027567e-11,True,0.12759940276184267,bernoulli,bernoulli,2,completed
rep06,start_B,3,poisson,-74.7683638907079,149.5367277814158,,bfgs,7,True,3.885780586188048e-13,True,0.07753365641150264,bernoulli,bernoulli,2,completed
rep06,start_B,4,bernoulli,-51.10993009448153,102.21986018896305,,bfgs,6,True,5.748690412588075e-12,True,0.3128513085046087,bernoulli,bernoulli,2,completed
rep06,start_B,4,poisson,-73.98304214233234,147.96608428466467,,bfgs,6,True,1.9569341702663224e-10,False,0.16216609156787148,bernoulli,bernoulli,2,completed
rep06,start_B,5,bernoulli,-51.1473118394219,102.2946236788438,,bfgs,4,True,2.1316282072803005e-15,True,0.2965808928522212,bernoulli,bernoulli,2,completed
rep06,start_B,5,poisson,-74.94537396078994,149.89074792157987,,bfgs,8,True,2.0954313839638417e-10,False,0.03729925365565426,bernoulli,bernoulli,2,completed
rep06,start_B,6,bernoulli,-45.36366207616659,90.72732415233318,,bfgs,4,False,8.816087473384471e-08,False,0.9820057106287943,bernoulli,bernoulli,2,completed
rep06,start_B,6,poisson,-72.60299525346387,145.20599050692775,,bfgs,9,True,1.194123910863709e-10,False,0.25136377213198285,bernoulli,bernoulli,2,completed
rep06,start_B,7,bernoulli,-42.41197330550523,84.82394661101046,,bfgs,6,True,5.262457136723242e-12,True,1.2614088902420906,bernoulli,bernoulli,2,completed
rep06,start_B,7,poisson,-72.08838487056576,144.17676974113152,,bfgs,8,True,6.602878244166277e-11,True,0.2776401118417552,bernoulli,bernoulli,2,completed
rep06,start_B,8,bernoulli,-38.84257986318156,77.68515972636312,,bfgs,6,True,5.134781488891349e-14,True,1.4902940879371316,bernoulli,bernoulli,2,completed
rep06,start_B,8,poisson,-73.98334632657517,147.96669265315035,,bfgs,11,True,1.278089678535821e-09,False,0.1564490512565591,bernoulli,bernoulli,2,completed
rep06,start_B,3,bernoulli,-44.86810695661111,89.73621391322222,,bfgs,7,True,2.404210164286269e-12,True,1.1954041759526641,bernoulli,bernoulli,3,completed
rep06,start_B,3,poisson,-74.05469706118626,148.10939412237252,,bfgs,10,True,1.8839889648347707e-09,False,0.17446947265996376,bernoulli,bernoulli,3,completed
rep06,start_B,4,bernoulli,-47.25691996614067,94.51383993228134,,bfgs,6,True,3.4628122591584545e-11,True,0.8888045060489979,bernoulli,bernoulli,3,completed
rep06,start_B,4,poisson,-71.99087797303557,143.98175594607113,,bfgs,13,True,4.0871812601039893e-10,False,0.30578335231527987,bernoulli,bernoulli,3,completed
rep06,start_B,5,bernoulli,-50.17050076667039,100.34100153334079,,bfgs,6,False,2.1946324961774623e-07,False,0.4842905380942389,bernoulli,bernoulli,3,completed
rep06,start_B,5,poisson,-74.94513772449014,149.89027544898028,,bfgs,7,False,1.4823838334621086e-08,False,0.03602122602104102,bernoulli,bernoulli,3,completed
rep06,start_B,6,bernoulli,-44.11244017493543,88.22488034987086,,bfgs,7,True,1.0839011466146075e-09,False,1.0707621421496025,bernoulli,bernoulli,3,completed
rep06,start_B,6,poisson,-72.35956947077543,144.71913894155085,,bfgs,10,True,1.935074323000663e-11,True,0.2452361127115696,bernoulli,bernoulli,3,completed
rep06,start_B,7,bernoulli,-42.0460238733191,84.0920477466382,,bfgs,6,True,8.838956233603313e-11,True,1.2563024908115412,bernoulli,bernoulli,3,completed
rep06,start_B,7,poisson,-71.84168795102023,143.68337590204047,,bfgs,11,True,2.951487632074645e-09,False,0.2675375147499236,bernoulli,bernoulli,3,completed
rep06,start_B,8,bernoulli,-38.58877245258411,77.17754490516822,,bfgs,6,True,5.016869808471824e-09,False,1.495278383068192,bernoulli,bernoulli,3,completed
rep06,start_B,8,poisson,-73.23665534544772,146.47331069089543,,bfgs,12,True,5.883097908832014e-09,False,0.22382011475796096,bernoulli,bernoulli,3,completed
rep06,start_B,3,bernoulli,-45.72464451236271,91.44928902472542,,bfgs,8,True,1.518358772045758e-11,True,1.024212787900294,bernoulli,bernoulli,4,completed
rep06,start_B,3,poisson,-74.02040867177945,148.0408173435589,,bfgs,12,True,1.2929659121141412e-09,False,0.1686374350270242,bernoulli,bernoulli,4,completed
rep06,start_B,4,bernoulli,-46.196200479144586,92.39240095828917,,bfgs,8,True,1.1790746157203103e-11,True,0.9888394275797942,bernoulli,bernoulli,4,completed
rep06,start_B,4,poisson,-71.96507183726915,143.9301436745383,,bfgs,12,True,2.0118719135098217e-09,False,0.27968208323381805,bernoulli,bernoulli,4,completed
rep06,start_B,5,bernoulli,-50.11234523385611,100.22469046771222,,bfgs,9,True,3.070480758537997e-10,False,0.49207562134230765,bernoulli,bernoulli,4,completed
rep06,start_B,5,poisson,-74.82541653239423,149.65083306478846,,bfgs,10,True,1.6106778133462286e-10,False,0.07170602863492165,bernoulli,bernoulli,4,completed
rep06,start_B,6,bernoulli,-42.75994822933283,85.51989645866566,,bfgs,8,True,2.348684802200296e-10,False,1.1706699158821912,bernoulli,bernoulli,4,completed
rep06,start_B,6,poisson,-71.99126522737212,143.98253045474425,,bfgs,12,True,2.241478114228812e-10,False,0.25115335056000593,bernoulli,bernoulli,4,completed
rep06,start_B,7,bernoulli,-42.09789994078492,84.19579988156984,,bfgs,9,True,4.0338141715778875e-09,False,1.1961498851307664,bernoulli,bernoulli,4,completed
rep06,start_B,7,poisson,-71.78662079768219,143.57324159536438,,bfgs,12,True,2.5094077926723913e-10,False,0.2623254981063373,bernoulli,bernoulli,4,completed
rep06,start_B,8,bernoulli,-36.07854116799913,72.15708233599825,,bfgs,8,True,4.231615058358784e-12,True,1.7245491475758257,bernoulli,bernoulli,4,completed
rep06,start_B,8,poisson,-72.9597580099608,145.9195160199216,,bfgs,17,True,2.7856077222665477e-09,False,0.24201362605249452,bernoulli,bernoulli,4,completed
rep06,start_B,3,bernoulli,-38.5533109953509,77.1066219907018,,bfgs,8,True,4.238028061820387e-09,False,2.0008522923723473,bernoulli,bernoulli,5,completed
rep06,start_B,3,poisson,-72.14736031872204,144.29472063744407,,bfgs,16,False,1.0993108645607208e-08,False,0.37837460074806517,bernoulli,bernoulli,5,completed
rep06,start_B,4,bernoulli,-47.454159793289634,94.90831958657927,,bfgs,9,True,8.144701801882093e-10,False,0.8182860480725979,bernoulli,bernoulli,5,completed
rep06,start_B,4,poisson,-72.34784871530009,144.69569743060018,,bfgs,13,True,5.017646742544457e-10,False,0.26168073729706304,bernoulli,bernoulli,5,completed
rep06,start_B,5,bernoulli,-49.84740173086135,99.6948034617227,,bfgs,9,True,1.0695266894344967e-11,True,0.49578797229073346,bernoulli,bernoulli,5,completed
rep06,start_B,5,poisson,-74.66635246405346,149.33270492810692,,bfgs,10,True,3.5163179035180293e-10,False,0.11958586644331753,bernoulli,bernoulli,5,completed
rep06,start_B,6,bernoulli,-39.55417228536881,79.10834457073761,,bfgs,9,True,2.4394597453181177e-11,True,1.6673648752354064,bernoulli,bernoulli,5,completed
rep06,start_B,6,poisson,-70.44521327608938,140.89042655217875,,bfgs,13,False,2.046271250222276e-08,False,0.39950582027143644,bernoulli,bernoulli,5,completed
rep06,start_B,7,bernoulli,-41.01137233123422,82.02274466246844,,bfgs,9,True,1.2450125375096377e-09,False,1.2344312226375416,bernoulli,bernoulli,5,completed
rep06,start_B,7,poisson,-71.19603713826379,142.39207427652758,,bfgs,14,True,3.9636471882431576e-11,True,0.2903544178430283,bernoulli,bernoulli,5,completed
rep06,start_B,8,bernoulli,-30.76903832339962,61.53807664679924,,bfgs,9,True,1.361260437704459e-10,False,2.4196417790913163,bernoulli,bernoulli,5,completed
rep06,start_B,8,poisson,-72.05933741172183,144.11867482344365,,bfgs,26,False,1.941508579461626e-08,False,0.2937029888155843,bernoulli,bernoulli,5,completed
rep07,start_B,3,bernoulli,-51.47174993124165,102.9434998624833,,bfgs,4,True,1.7763568394002506e-16,True,0.23636954850267392,bernoulli,bernoulli,1,completed
rep07,start_B,3,poisson,-74.99999998089102,149.99999996178204,,bfgs,5,True,8.437694987151189e-16,True,2.257367194272876e-05,bernoulli,bernoulli,1,completed
rep07,start_B,4,bernoulli,-50.5939227985687,101.1878455971374,,bfgs,4,True,7.549516567451064e-16,True,0.3950756840667301,bernoulli,bernoulli,1,completed
rep07,start_B,4,poisson,-74.94831136763895,149.8966227352779,,bfgs,5,True,3.144151605738443e-14,True,0.036990790328195376,bernoulli,bernoulli,1,completed
rep07,start_B,5,bernoulli,-51.983504971655904,103.96700994331181,,bfgs,4,True,1.4210854715202005e-15,True,0.01643994446360386,bernoulli,bernoulli,1,completed
rep07,start_B,5,poisson,-74.88920732720304,149.77841465440608,,bfgs,4,False,1.171551780032587e-08,False,0.05456042279770607,bernoulli,bernoulli,1,completed
rep07,start_B,6,bernoulli,-41.50907887206514,83.01815774413028,,bfgs,4,True,7.370681842644444e-12,True,1.2949514569901164,bernoulli,bernoulli,1,completed
rep07,start_B,6,poisson,-73.68178394143847,147.36356788287694,,bfgs,6,True,8.881784197001253e-17,True,0.18257447392654344,bernoulli,bernoulli,1,completed
rep07,start_B,7,bernoulli,-47.44958280698101,94.89916561396203,,bfgs,4,True,2.4715818280895972e-11,True,0.7560547370473994,bernoulli,bernoulli,1,completed
rep07,start_B,7,poisson,-73.04060418366518,146.08120836733036,,bfgs,5,True,0.0,True,0.22922348487199345,bernoulli,bernoulli,1,completed
rep07,start_B,8,bernoulli,-51.86774730584234,103.73549461168469,,bfgs,4,True,2.220446049250313e-16,True,0.11256462623053722,bernoulli,bernoulli,1,completed
rep07,start_B,8,poisson,-74.96550755714681,149.93101511429361,,bfgs,4,True,4.756310900688732e-11,True,0.03039924350607406,bernoulli,bernoulli,1,completed
rep07,start_B,3,bernoulli,-51.282816718702676,102.56563343740535,,bfgs,6,True,3.819167204710538e-15,True,0.25613881152952256,bernoulli,bernoulli,2,completed
rep07,start_B,3,poisson,-74.80095745569191,149.60191491138383,,bfgs,6,True,1.2256862191861729e-14,True,0.0829388531516525,bernoulli,bernoulli,2,completed
rep07,start_B,4,bernoulli,-51.21974195246834,102.43948390493668,,bfgs,6,True,1.8727886796909844e-09,False,0.2666721394677534,bernoulli,bernoulli,2,completed
rep07,start_B,4,poisson,-74.80583087910489,149.61166175820978,,bfgs,6,True,4.5053738517708556e-12,True,0.08179309863883863,bernoulli,bernoulli,2,completed
rep07,start_B,5,bernoulli,-47.12372337755726,94.24744675511452,,bfgs,5,True,6.067517244190412e-09,False,0.8987716335335969,bernoulli,bernoulli,2,completed
rep07,start_B,5,poisson,-72.90926347478273,145.81852694956547,,bfgs,8,True,4.3698378249246164e-14,True,0.26736911749324627,bernoulli,bernoulli,2,completed
rep07,start_B,6,bernoulli,-39.693701277166824,79.38740255433365,,bfgs,6,True,5.5659121755979867e-11,True,1.3456732658863744,bernoulli,bernoulli,2,completed
rep07,start_B,6,poisson,-73.6750121895916,147.3500243791832,,bfgs,9,True,4.1066812173085054e-09,False,0.16834511012143547,bernoulli,bernoulli,2,completed
rep07,start_B,7,bernoulli,-48.08980571248599,96.17961142497198,,bfgs,6,True,1.389966364229167e-10,False,0.6758232940048061,bernoulli,bernoulli,2,completed
rep07,start_B,7,poisson,-72.7984262443396,145.5968524886792,,bfgs,7,False,3.742060656897195e-08,False,0.24316679970636731,bernoulli,bernoulli,2,completed
rep07,start_B,8,bernoulli,-48.70735762197897,97.41471524395794,,bfgs,5,True,2.3536728122053318e-15,True,0.7030910477083823,bernoulli,bernoulli,2,completed
rep07,start_B,8,poisson,-73.58262774840918,147.16525549681836,,bfgs,6,True,1.7943815322496448e-10,False,0.22172200012668047,bernoulli,bernoulli,2,completed
rep07,start_B,3,bernoulli,-50.50802951451388,101.01605902902776,,bfgs,7,True,1.225777923608007e-10,False,0.3866880486944726,bernoulli,bernoulli,3,completed
rep07,start_B,3,poisson,-74.67399429643865,149.3479885928773,,bfgs,9,True,4.8969361898798523e-11,True,0.10328333499078723,bernoulli,bernoulli,3,completed
rep07,start_B,4,bernoulli,-49.18563152898629,98.37126305797258,,bfgs,7,True,5.0338044843556416e-11,True,0.5903812456849437,bernoulli,bernoulli,3,completed
rep07,start_B,4,poisson,-73.64568409709136,147.29136819418272,,bfgs,9,True,3.556648309199773e-11,True,0.21857258237176588,bernoulli,bernoulli,3,completed
rep07,start_B,5,bernoulli,-46.24815039230892,92.49630078461784,,bfgs,7,True,4.549878696025189e-10,False,1.0058492735756996,bernoulli,bernoulli,3,completed
rep07,start_B,5,poisson,-72.11277936296756,144.22555872593512,,bfgs,10,True,4.604731529411765e-09,False,0.3229641577239629,bernoulli,bernoulli,3,completed
rep07,start_B,6,bernoulli,-40.78456747598849,81.56913495197698,,bfgs,8,True,3.846847285160493e-11,True,1.254217450054064,bernoulli,bernoulli,3,completed
rep07,start_B,6,poisson,-73.87156531451721,147.74313062903443,,bfgs,11,False,1.6407239264992767e-07,False,0.1524059824408876,bernoulli,bernoulli,3,completed
rep07,start_B,7,bernoulli,-42.351235571767894,84.70247114353579,,bfgs,7,True,8.042251309348103e-11,True,1.185894142115746,bernoulli,bernoulli,3,completed
rep07,start_B,7,poisson,-72.31314174311368,144.62628348622735,,bfgs,8,False,3.5679890020290374e-08,False,0.25363079919206943,bernoulli,bernoulli,3,completed
rep07,start_B,8,bernoulli,-49.66188636459674,99.32377272919348,,bfgs,7,True,8.022553288355993e-10,False,0.5386166575321665,bernoulli,bernoulli,3,completed
rep07,start_B,8,poisson,-73.89068199516248,147.78136399032496,,bfgs,12,True,1.901589996577968e-13,True,0.19219180209641948,bernoulli,bernoulli,3,completed
rep07,start_B,3,bernoulli,-47.41965208467544,94.83930416935088,,bfgs,7,True,4.61133353724108e-12,True,0.8854751211779038,bernoulli,bernoulli,4,completed
rep07,start_B,3,poisson,-74.50396572931565,149.0079314586313,,bfgs,13,False,1.521253394365374e-08,False,0.13154627260215457,bernoulli,bernoulli,4,completed
rep07,start_B,4,bernoulli,-45.1458265078311,90.2916530156622,,bfgs,8,True,7.810275981512405e-10,False,1.0900395364902618,bernoulli,bernoulli,4,completed
rep07,start_B,4,poisson,-73.32551905174404,146.65103810348808,,bfgs,12,True,7.208313945739064e-11,True,0.22625585621263838,bernoulli,bernoulli,4,completed
rep07,start_B,5,bernoulli,-42.67567974228329,85.35135948456659,,bfgs,8,True,5.6469307008200075e-11,True,1.4044759057921117,bernoulli,bernoulli,4,completed
rep07,start_B,5,poisson,-71.49352685760788,142.98705371521575,,bfgs,11,False,1.9366112939955827e-07,False,0.3788704986572709,bernoulli,bernoulli,4,completed
rep07,start_B,6,bernoulli,-39.28736954178264,78.57473908356528,,bfgs,8,True,2.0077610685120816e-10,False,1.455344218159235,bernoulli,bernoulli,4,completed
rep07,start_B,6,poisson,-73.56703335812712,147.13406671625424,,bfgs,15,True,6.042247591153682e-10,False,0.17375365790945985,bernoulli,bernoulli,4,completed
rep07,start_B,7,bernoulli,-37.686671652701804,75.37334330540361,,bfgs,8,True,2.141964561275245e-09,False,1.8258282518707465,bernoulli,bernoulli,4,completed
rep07,start_B,7,poisson,-72.20769262180815,144.4153852436163,,bfgs,16,True,4.918871088221977e-09,False,0.25770778838250813,bernoulli,bernoulli,4,completed
rep07,start_B,8,bernoulli,-48.192619111307174,96.38523822261435,,bfgs,7,True,4.7374615341766455e-11,True,0.6933280054873714,bernoulli,bernoulli,4,completed
rep07,start_B,8,poisson,-73.95343602774717,147.90687205549435,,bfgs,14,True,1.9344970070278578e-09,False,0.1780172558853696,bernoulli,bernoulli,4,completed
rep07,start_B,3,bernoulli,-50.009454940225005,100.01890988045001,,bfgs,10,True,1.8275123081501475e-11,True,0.4473135218669509,bernoulli,bernoulli,5,completed
rep07,start_B,3,poisson,-74.45814988361056,148.91629976722112,,bfgs,14,True,4.789061591736754e-10,False,0.1402036696055836,bernoulli,bernoulli,5,completed
rep07,start_B,4,bernoulli,-46.221034492792214,92.44206898558443,,bfgs,9,True,1.38203515298585e-10,False,0.9568784805873992,bernoulli,bernoulli,5,completed
rep07,start_B,4,poisson,-73.51641943359974,147.03283886719947,,bfgs,15,True,9.043765203387011e-09,False,0.21765088683305045,bernoulli,bernoulli,5,completed
rep07,start_B,5,bernoulli,-40.94318176552554,81.88636353105107,,bfgs,11,True,3.47633033470629e-13,True,1.6418922949362365,bernoulli,bernoulli,5,completed
rep07,start_B,5,poisson,-69.35161849546026,138.70323699092052,,bfgs,14,True,1.2784234115770233e-09,False,0.5193014616200822,bernoulli,bernoulli,5,completed
rep07,start_B,6,bernoulli,-36.60042570085825,73.2008514017165,,bfgs,10,True,2.2992452386461083e-11,True,1.691644260176166,bernoulli,bernoulli,5,completed
rep07,start_B,6,poisson,-73.72907944926153,147.45815889852307,,bfgs,17,False,3.415451903521216e-08,False,0.1475738156009496,bernoulli,bernoulli,5,completed
rep07,start_B,7,bernoulli,-40.166807958212246,80.33361591642449,,bfgs,9,False,5.885345193412661e-08,False,1.5057792753165349,bernoulli,bernoulli,5,completed
rep07,start_B,7,poisson,-72.56411333107503,145.12822666215007,,bfgs,16,False,1.545027212834782e-08,False,0.21794883252651517,bernoulli,bernoulli,5,completed
rep07,start_B,8,bernoulli,-48.08732996570175,96.1746599314035,,bfgs,10,True,8.454748012809433e-12,True,0.6872658422557687,bernoulli,bernoulli,5,completed
rep07,start_B,8,poisson,-73.30949371831198,146.61898743662397,,bfgs,14,True,1.1723503945404445e-09,False,0.2485765813811859,bernoulli,bernoulli,5,completed
rep08,start_B,3,bernoulli,-48.38024938749392,96.76049877498784,,bfgs,5,True,9.949876478287933e-11,True,0.6642302321004266,bernoulli,bernoulli,1,completed
rep08,start_B,3,poisson,-72.96631370763109,145.93262741526217,,bfgs,4,True,7.029434812011459e-11,True,0.23658776916065996,bernoulli,bernoulli,1,completed
rep08,start_B,4,bernoulli,-43.69648220277907,87.39296440555815,,bfgs,4,False,1.3246385144327633e-08,False,1.1092437129795036,bernoulli,bernoulli,1,completed
rep08,start_B,4,poisson,-74.23685200787926,148.47370401575853,,bfgs,6,True,1.93238758328107e-11,True,0.13894745697175695,bernoulli,bernoulli,1,completed
rep08,start_B,5,bernoulli,-51.50686478074787,103.01372956149574,,bfgs,4,True,9.681144774731365e-15,True,0.22809212142498747,bernoulli,bernoulli,1,completed
rep08,start_B,5,poisson,-74.98118874665344,149.9623774933069,,bfgs,5,True,3.002043058586423e-14,True,0.022466755025121642,bernoulli,bernoulli,1,completed
rep08,start_B,6,bernoulli,-49.38218085353663,98.76436170707326,,bfgs,3,True,5.917621948015039e-12,True,0.553536025115909,bernoulli,bernoulli,1,completed
rep08,start_B,6,poisson,-74.90348207661862,149.80696415323723,,bfgs,7,True,6.092903959142859e-14,True,0.05032191417989189,bernoulli,bernoulli,1,completed
rep08,start_B,7,bernoulli,-51.73684425963635,103.4736885192727,,bfgs,4,True,1.3544720900426909e-15,True,0.16378767758915314,bernoulli,bernoulli,1,completed
rep08,start_B,7,poisson,-74.9455114957756,149.8910229915512,,bfgs,5,True,1.7763568394002506e-16,True,0.03831315862415431,bernoulli,bernoulli,1,completed
rep08,start_B,8,bernoulli,-50.04908591765236,100.09817183530473,,bfgs,4,True,1.29797839143464e-10,False,0.4713450890441726,bernoulli,bernoulli,1,completed
rep08,start_B,8,poisson,-74.95795620025827,149.91591240051653,,bfgs,5,True,1.5774048733874224e-13,True,0.0333101668010376,bernoulli,bernoulli,1,completed
rep08,start_B,3,bernoulli,-44.888644284923885,89.77728856984777,,bfgs,6,True,2.516671315788699e-11,True,1.0084861336908044,bernoulli,bernoulli,2,completed
rep08,start_B,3,poisson,-71.13069622233071,142.26139244466142,,bfgs,10,True,4.887017499011214e-10,False,0.337518950638232,bernoulli,bernoulli,2,completed
rep08,start_B,4,bernoulli,-39.15655398754069,78.31310797508138,,bfgs,6,True,3.7813918662976674e-13,True,1.4802312540766616,bernoulli,bernoulli,2,completed
rep08,start_B,4,poisson,-73.11521858359876,146.23043716719752,,bfgs,9,True,2.570360457809784e-09,False,0.22604758298674424,bernoulli,bernoulli,2,completed
rep08,start_B,5,bernoulli,-51.21738799063162,102.43477598126324,,bfgs,5,True,2.257086961776622e-10,False,0.31725114573190943,bernoulli,bernoulli,2,completed
rep08,start_B,5,poisson,-74.89107720920079,149.78215441840157,,bfgs,6,True,1.0373941705665857e-09,False,0.04901200293084014,bernoulli,bernoulli,2,completed
rep08,start_B,6,bernoulli,-47.395811143230304,94.79162228646061,,bfgs,6,True,6.650680006714538e-11,True,0.8055721948008753,bernoulli,bernoulli,2,completed
rep08,start_B,6,poisson,-74.77771084468438,149.55542168936876,,bfgs,9,True,3.5102609291515208e-09,False,0.085657578259189,bernoulli,bernoulli,2,completed
rep08,start_B,7,bernoulli,-49.376359100587216,98.75271820117443,,bfgs,6,True,1.2008431804488851e-09,False,0.6291776143623472,bernoulli,bernoulli,2,completed
rep08,start_B,7,poisson,-74.69709572237919,149.39419144475838,,bfgs,9,True,6.930822582518203e-11,True,0.09564299260213534,bernoulli,bernoulli,2,completed
rep08,start_B,8,bernoulli,-49.32148435139561,98.64296870279122,,bfgs,5,True,2.8386182293616004e-13,True,0.5326025133447844,bernoulli,bernoulli,2,completed
rep08,start_B,8,poisson,-74.53960496956442,149.07920993912884,,bfgs,6,True,1.6478876929681975e-09,False,0.12422673426130275,bernoulli,bernoulli,2,completed
rep08,start_B,3,bernoulli,-43.975872490294954,87.95174498058991,,bfgs,6,True,9.518448251810696e-11,True,1.0898996523615265,bernoulli,bernoulli,3,completed
rep08,start_B,3,poisson,-70.77598454236231,141.55196908472462,,bfgs,10,True,4.780710410878797e-10,False,0.3510319236794272,bernoulli,bernoulli,3,completed
rep08,start_B,4,bernoulli,-39.71932515723319,79.43865031446639,,bfgs,6,True,1.8816059821347153e-13,True,1.3635388105904842,bernoulli,bernoulli,3,completed
rep08,start_B,4,poisson,-73.35992159685358,146.71984319370716,,bfgs,15,True,7.893652564927578e-09,False,0.20422388837249936,bernoulli,bernoulli,3,completed
rep08,start_B,5,bernoulli,-50.475895988676164,100.95179197735233,,bfgs,7,True,1.2214229627716123e-12,True,0.4639092045122968,bernoulli,bernoulli,3,completed
rep08,start_B,5,poisson,-74.17044138669692,148.34088277339384,,bfgs,10,True,6.93369750504047e-11,True,0.1629792948513365,bernoulli,bernoulli,3,completed
rep08,start_B,6,bernoulli,-46.312382331013545,92.62476466202709,,bfgs,6,True,7.57615659097155e-10,False,0.8657866541697258,bernoulli,bernoulli,3,completed
rep08,start_B,6,poisson,-74.7387027617862,149.4774055235724,,bfgs,12,True,1.772030314151074e-10,False,0.0893639186975692,bernoulli,bernoulli,3,completed
rep08,start_B,7,bernoulli,-47.907463112125996,95.81492622425199,,bfgs,7,True,1.093814344654831e-11,True,0.8037814564011189,bernoulli,bernoulli,3,completed
rep08,start_B,7,poisson,-74.18018868900154,148.36037737800308,,bfgs,10,True,1.5462909619401445e-09,False,0.1628220793095755,bernoulli,bernoulli,3,completed
rep08,start_B,8,bernoulli,-47.67686240279813,95.35372480559626,,bfgs,6,True,1.554511275259074e-09,False,0.7770960651660345,bernoulli,bernoulli,3,completed
rep08,start_B,8,poisson,-73.54226474326148,147.08452948652297,,bfgs,12,True,1.7360168858004954e-12,True,0.22177504452338268,bernoulli,bernoulli,3,completed
rep08,start_B,3,bernoulli,-45.229392276679256,90.45878455335851,,bfgs,8,True,8.701202425243082e-10,False,0.8801309618903793,bernoulli,bernoulli,4,completed
rep08,start_B,3,poisson,-71.19090114468354,142.38180228936707,,bfgs,12,True,4.878686676867971e-10,False,0.3021007835907688,bernoulli,bernoulli,4,completed
rep08,start_B,4,bernoulli,-35.578129534595156,71.15625906919031,,bfgs,9,True,2.3069979260270656e-11,True,1.835120397315085,bernoulli,bernoulli,4,completed
rep08,start_B,4,poisson,-72.08498204275716,144.16996408551432,,bfgs,17,False,5.92867048787582e-08,False,0.30879581669054734,bernoulli,bernoulli,4,completed
rep08,start_B,5,bernoulli,-48.42420791266151,96.84841582532302,,bfgs,8,True,1.9765611369848556e-11,True,0.7976538345314111,bernoulli,bernoulli,4,completed
rep08,start_B,5,poisson,-74.13426039607319,148.26852079214638,,bfgs,11,True,6.843219324537131e-10,False,0.161518654240952,bernoulli,bernoulli,4,completed
rep08,start_B,6,bernoulli,-46.45960666190277,92.91921332380554,,bfgs,8,True,4.110852547256627e-10,False,0.7823695582849926,bernoulli,bernoulli,4,completed
rep08,start_B,6,poisson,-74.59321652648372,149.18643305296743,,bfgs,12,True,7.733654050490202e-10,False,0.11625517296782537,bernoulli,bernoulli,4,completed
rep08,start_B,7,bernoulli,-48.18137726271519,96.36275452543038,,bfgs,9,True,2.6366464567217917e-12,True,0.7146691011225194,bernoulli,bernoulli,4,completed
rep08,start_B,7,poisson,-73.75660209166918,147.51320418333836,,bfgs,12,True,2.378080621312506e-09,False,0.2227961612378158,bernoulli,bernoulli,4,completed
rep08,start_B,8,bernoulli,-46.56276100784659,93.12552201569318,,bfgs,9,True,7.101430554712351e-12,True,0.8756306151656742,bernoulli,bernoulli,4,completed
rep08,start_B,8,poisson,-72.42927309234479,144.85854618468957,,bfgs,12,True,4.886119597813376e-09,False,0.31725791399263414,bernoulli,bernoulli,4,completed
rep08,start_B,3,bernoulli,-42.8145408662025,85.629081732405,,bfgs,9,True,2.6042704215356595e-09,False,1.108191251047326,bernoulli,bernoulli,5,completed
rep08,start_B,3,poisson,-70.19762509201789,140.39525018403577,,bfgs,13,True,1.2216110845120197e-09,False,0.3465289133924606,bernoulli,bernoulli,5,completed
rep08,start_B,4,bernoulli,-34.162588734272376,68.32517746854475,,bfgs,10,True,1.4916734514258678e-11,True,1.9889340817506722,bernoulli,bernoulli,5,completed
rep08,start_B,4,poisson,-71.85338792936813,143.70677585873625,,bfgs,25,True,2.2395250098838915e-09,False,0.30084908803945004,bernoulli,bernoulli,5,completed
rep08,start_B,5,bernoulli,-45.80913198259202,91.61826396518404,,bfgs,9,True,4.863395020038297e-10,False,1.1322116618801004,bernoulli,bernoulli,5,completed
rep08,start_B,5,poisson,-73.30388848742693,146.60777697485386,,bfgs,13,True,6.300505006606727e-10,False,0.2398287253086134,bernoulli,bernoulli,5,completed
rep08,start_B,6,bernoulli,-45.8350095496837,91.6700190993674,,bfgs,8,True,3.1697595659352374e-10,False,0.8478297967509091,bernoulli,bernoulli,5,completed
rep08,start_B,6,poisson,-74.6397610525766,149.2795221051532,,bfgs,14,False,5.0504818926988546e-08,False,0.11208170481299486,bernoulli,bernoulli,5,completed
rep08,start_B,7,bernoulli,-41.67595999814676,83.35191999629352,,bfgs,9,True,1.5105417805472144e-09,False,1.5458779472508035,bernoulli,bernoulli,5,completed
rep08,start_B,7,poisson,-72.4858698652228,144.9717397304456,,bfgs,13,True,2.94092805663837e-09,False,0.3033511785014709,bernoulli,bernoulli,5,completed
rep08,start_B,8,bernoulli,-45.02582943105877,90.05165886211753,,bfgs,9,True,1.0826201601865648e-09,False,1.1128160564644314,bernoulli,bernoulli,5,completed
rep08,start_B,8,poisson,-72.91344868397991,145.82689736795982,,bfgs,15,True,2.9427203784848644e-09,False,0.24507722251605235,bernoulli,bernoulli,5,completed
rep09,start_B,3,bernoulli,-51.96089624737626,103.92179249475252,,bfgs,3,True,7.075451335936122e-14,True,0.05181132823799782,bernoulli,bernoulli,1,completed
rep09,start_B,3,poisson,-74.63538189948986,149.27076379897971,,bfgs,4,True,1.521649473090747e-11,True,0.0999690168326541,bernoulli,bernoulli,1,completed
rep09,start_B,4,bernoulli,-47.0778610292759,94.1557220585518,,bfgs,4,False,6.673337153983993e-08,False,0.7972415815447152,bernoulli,bernoulli,1,completed
rep09,start_B,4,poisson,-74.69894213334676,149.39788426669352,,bfgs,7,True,3.552713678800501e-16,True,0.08804387442880869,bernoulli,bernoulli,1,completed
rep09,start_B,5,bernoulli,-51.052356460666,102.104712921332,,bfgs,5,True,1.7763568394002506e-16,True,0.32128155797092783,bernoulli,bernoulli,1,completed
rep09,start_B,5,poisson,-74.99841049897005,149.9968209979401,,bfgs,5,True,4.7783998979866735e-14,True,0.0065176569443217555,bernoulli,bernoulli,1,completed
rep09,start_B,6,bernoulli,-51.3795637835013,102.7591275670026,,bfgs,4,True,5.329070518200751e-16,True,0.2573101660510467,bernoulli,bernoulli,1,completed
rep09,start_B,6,poisson,-74.98244994675318,149.96489989350636,,bfgs,4,False,1.7078059757480447e-07,False,0.02171023055658721,bernoulli,bernoulli,1,completed
rep09,start_B,7,bernoulli,-51.76403930724473,103.52807861448946,,bfgs,4,True,7.105427357601002e-16,True,0.15453557594915637,bernoulli,bernoulli,1,completed
rep09,start_B,7,poisson,-74.41908127482942,148.83816254965885,,bfgs,3,True,3.5007414744825384e-10,False,0.12650097493285245,bernoulli,bernoulli,1,completed
rep09,start_B,8,bernoulli,-50.8811254960528,101.7622509921056,,bfgs,4,True,4.929390229335695e-15,True,0.3506608056207695,bernoulli,bernoulli,1,completed
rep09,start_B,8,poisson,-73.88898803490034,147.77797606980067,,bfgs,4,True,5.4489746048602684e-14,True,0.17553174926419707,bernoulli,bernoulli,1,completed
rep09,start_B,3,bernoulli,-51.84922527446798,103.69845054893597,,bfgs,5,True,4.085620730620576e-15,True,0.12308968712531965,bernoulli,bernoulli,2,completed
rep09,start_B,3,poisson,-74.41688286729713,148.83376573459427,,bfgs,6,False,3.672949908661849e-08,False,0.12269464758070046,bernoulli,bernoulli,2,completed
rep09,start_B,4,bernoulli,-47.600619836684345,95.20123967336869,,bfgs,6,True,9.675815704213164e-12,True,0.7008466141411517,bernoulli,bernoulli,2,completed
rep09,start_B,4,poisson,-74.76444463120598,149.52888926241195,,bfgs,9,True,5.31983346263587e-11,True,0.0759814819805109,bernoulli,bernoulli,2,completed
rep09,start_B,5,bernoulli,-47.23715947046445,94.4743189409289,,bfgs,5,True,2.1453956389194674e-10,False,0.780277705347034,bernoulli,bernoulli,2,completed
rep09,start_B,5,poisson,-74.60923500647226,149.21847001294452,,bfgs,7,False,7.193502337798919e-07,False,0.10601012202853069,bernoulli,bernoulli,2,completed
rep09,start_B,6,bernoulli,-43.977204859525926,87.95440971905185,,bfgs,6,True,5.999187258076688e-11,True,1.1255458283279631,bernoulli,bernoulli,2,completed
rep09,start_B,6,poisson,-72.39221164217648,144.78442328435295,,bfgs,8,True,9.145795232257115e-12,True,0.2795053915838243,bernoulli,bernoulli,2,completed
rep09,start_B,7,bernoulli,-51.869057921497145,103.73811584299429,,bfgs,5,True,1.3255174735604669e-11,True,0.11011668359692436,bernoulli,bernoulli,2,completed
rep09,start_B,7,poisson,-74.47434810491538,148.94869620983076,,bfgs,6,True,2.2652990594451695e-13,True,0.11422837053512475,bernoulli,bernoulli,2,completed
rep09,start_B,8,bernoulli,-50.18869127003406,100.37738254006813,,bfgs,5,True,6.964802068409881e-11,True,0.4687130535480336,bernoulli,bernoulli,2,completed
rep09,start_B,8,poisson,-74.0249355775018,148.0498711550036,,bfgs,6,True,2.078470728861248e-12,True,0.15712787588187643,bernoulli,bernoulli,2,completed
rep09,start_B,3,bernoulli,-47.88442310052558,95.76884620105116,,bfgs,6,True,1.6773739064390726e-10,False,0.806604865239812,bernoulli,bernoulli,3,completed
rep09,start_B,3,poisson,-73.88176824323014,147.76353648646028,,bfgs,11,True,8.924612160399192e-11,True,0.18035168485572237,bernoulli,bernoulli,3,completed
rep09,start_B,4,bernoulli,-46.93345823934822,93.86691647869644,,bfgs,7,True,9.860750438406285e-09,False,0.7345078865449138,bernoulli,bernoulli,3,completed
rep09,start_B,4,poisson,-74.51787904571867,149.03575809143734,,bfgs,11,True,2.1931846561074052e-09,False,0.11375081467745483,bernoulli,bernoulli,3,completed
rep09,start_B,5,bernoulli,-42.99684743495522,85.99369486991044,,bfgs,8,True,1.2096990076315705e-13,True,1.2479152888562919,bernoulli,bernoulli,3,completed
rep09,start_B,5,poisson,-73.2040379352166,146.4080758704332,,bfgs,10,False,1.3968220109461526e-07,False,0.2353626267542409,bernoulli,bernoulli,3,completed
rep09,start_B,6,bernoulli,-43.5076897671049,87.0153795342098,,bfgs,6,True,2.686387334804863e-10,False,1.1360895126199637,bernoulli,bernoulli,3,completed
rep09,start_B,6,poisson,-72.213486794949,144.426973589898,,bfgs,10,True,1.6460802498841077e-09,False,0.2905698147037054,bernoulli,bernoulli,3,completed
rep09,start_B,7,bernoulli,-51.63514277779127,103.27028555558255,,bfgs,7,True,3.748112931134529e-14,True,0.1901232638961487,bernoulli,bernoulli,3,completed
rep09,start_B,7,poisson,-74.30800479211754,148.6160095842351,,bfgs,8,True,2.3290258610586536e-13,True,0.12779623824209055,bernoulli,bernoulli,3,completed
rep09,start_B,8,bernoulli,-46.782866389937745,93.56573277987549,,bfgs,6,False,3.94720542806759e-08,False,0.8717112169804188,bernoulli,bernoulli,3,completed
rep09,start_B,8,poisson,-72.92832385392578,145.85664770785155,,bfgs,10,True,3.9908041316039087e-10,False,0.23748894353214595,bernoulli,bernoulli,3,completed
rep09,start_B,3,bernoulli,-46.71136040815705,93.4227208163141,,bfgs,8,True,8.65405525019014e-12,True,0.9759672537462389,bernoulli,bernoulli,4,completed
rep09,start_B,3,poisson,-73.91294907841537,147.82589815683073,,bfgs,12,True,3.1462832339457237e-12,True,0.16566013818512051,bernoulli,bernoulli,4,completed
rep09,start_B,4,bernoulli,-45.616472977291295,91.23294595458259,,bfgs,7,False,1.4278734283834637e-08,False,0.9117299572775565,bernoulli,bernoulli,4,completed
rep09,start_B,4,poisson,-73.53745946168033,147.07491892336066,,bfgs,13,True,1.0743988365646829e-09,False,0.24029825061371937,bernoulli,bernoulli,4,completed
rep09,start_B,5,bernoulli,-41.94671542067012,83.89343084134023,,bfgs,8,True,3.567587336661404e-11,True,1.2790646638760954,bernoulli,bernoulli,4,completed
rep09,start_B,5,poisson,-73.41615299435742,146.83230598871484,,bfgs,11,True,6.308987776648678e-09,False,0.20913307941945772,bernoulli,bernoulli,4,completed
rep09,start_B,6,bernoulli,-42.717286337391144,85.43457267478229,,bfgs,8,True,1.7253221074042814e-11,True,1.13990164773573,bernoulli,bernoulli,4,completed
rep09,start_B,6,poisson,-71.9212526024672,143.8425052049344,,bfgs,12,True,5.176394424211139e-10,False,0.3001948363466008,bernoulli,bernoulli,4,completed
rep09,start_B,7,bernoulli,-46.30205659870309,92.60411319740618,,bfgs,8,True,1.1460326021506262e-10,False,1.137517694334321,bernoulli,bernoulli,4,completed
rep09,start_B,7,poisson,-74.06133561063191,148.12267122126383,,bfgs,11,True,2.657881026379982e-10,False,0.16560480544565725,bernoulli,bernoulli,4,completed
rep09,start_B,8,bernoulli,-44.70876348702429,89.41752697404858,,bfgs,7,True,1.6620416154466965e-11,True,1.1263681837422743,bernoulli,bernoulli,4,completed
rep09,start_B,8,poisson,-73.23304186492194,146.4660837298439,,bfgs,12,True,9.885667839881763e-11,True,0.20537061500365988,bernoulli,bernoulli,4,completed
rep09,start_B,3,bernoulli,-45.340879205220475,90.68175841044095,,bfgs,11,True,1.9505177473178036e-10,False,1.020046573017952,bernoulli,bernoulli,5,completed
rep09,start_B,3,poisson,-73.04464577929427,146.08929155858854,,bfgs,14,True,2.8043078970085845e-11,True,0.25976296291394096,bernoulli,bernoulli,5,completed
rep09,start_B,4,bernoulli,-46.41600582172505,92.8320116434501,,bfgs,10,True,3.9661607331709093e-13,True,0.7446899185524498,bernoulli,bernoulli,5,completed
rep09,start_B,4,poisson,-73.69760809016864,147.3952161803373,,bfgs,15,True,9.378941179249977e-10,False,0.23912954193719252,bernoulli,bernoulli,5,completed
rep09,start_B,5,bernoulli,-39.81479829033302,79.62959658066605,,bfgs,9,True,1.074853894778016e-09,False,1.5578603228331467,bernoulli,bernoulli,5,completed
rep09,start_B,5,poisson,-71.40200672509214,142.80401345018427,,bfgs,14,True,1.6839663108392244e-09,False,0.4264111811948441,bernoulli,bernoulli,5,completed
rep09,start_B,6,bernoulli,-44.02552567962795,88.0510513592559,,bfgs,10,True,2.1100760028147647e-12,True,1.0408230033475225,bernoulli,bernoulli,5,completed
rep09,start_B,6,poisson,-71.59641740909824,143.19283481819647,,bfgs,12,True,2.559252143541357e-10,False,0.3217179996993479,bernoulli,bernoulli,5,completed
rep09,start_B,7,bernoulli,-47.45396804558115,94.9079360911623,,bfgs,10,True,1.3484215966030887e-10,False,0.9455908318328329,bernoulli,bernoulli,5,completed
rep09,start_B,7,poisson,-73.21838522053773,146.43677044107545,,bfgs,13,True,3.368037937434565e-09,False,0.27809435941471705,bernoulli,bernoulli,5,completed
rep09,start_B,8,bernoulli,-45.23518287972067,90.47036575944134,,bfgs,10,True,2.719158231911933e-13,True,1.0593459301982389,bernoulli,bernoulli,5,completed
rep09,start_B,8,poisson,-72.22704396387464,144.45408792774927,,bfgs,14,True,8.025402564726391e-12,True,0.333301965838011,bernoulli,bernoulli,5,completed
rep10,start_B,3,bernoulli,-51.28475409529758,102.56950819059516,,bfgs,3,True,5.887956788797055e-13,True,0.27668829463656525,bernoulli,bernoulli,1,completed
rep10,start_B,3,poisson,-74.64738848457989,149.29477696915978,,bfgs,4,True,2.028599510595086e-13,True,0.09804789783160717,bernoulli,bernoulli,1,completed
rep10,start_B,4,bernoulli,-47.88056255422991,95.76112510845982,,bfgs,4,True,2.587086100902525e-12,True,0.7098737148257365,bernoulli,bernoulli,1,completed
rep10,start_B,4,poisson,-74.34662084788056,148.69324169576112,,bfgs,7,True,1.5365486660812167e-14,True,0.12900280125202107,bernoulli,bernoulli,1,completed
rep10,start_B,5,bernoulli,-51.87409875617446,103.74819751234892,,bfgs,4,True,1.1324274851176596e-15,True,0.10947243008392994,bernoulli,bernoulli,1,completed
rep10,start_B,5,poisson,-74.99996420851167,149.99992841702334,,bfgs,5,True,8.881784197001253e-17,True,0.0009770888247587343,bernoulli,bernoulli,1,completed
rep10,start_B,6,bernoulli,-51.22663128094048,102.45326256188096,,bfgs,3,True,6.186748890968375e-11,True,0.2882046694969124,bernoulli,bernoulli,1,completed
rep10,start_B,6,poisson,-74.62692048624925,149.2538409724985,,bfgs,4,True,1.7457146839205962e-13,True,0.10087729376838564,bernoulli,bernoulli,1,completed
rep10,start_B,7,bernoulli,-51.83909831107187,103.67819662214374,,bfgs,3,True,8.215650382226158e-15,True,0.12549684337481412,bernoulli,bernoulli,1,completed
rep10,start_B,7,poisson,-74.99966367297773,149.99932734595546,,bfgs,5,True,3.108624468950438e-16,True,0.0029935088798406203,bernoulli,bernoulli,1,completed
rep10,start_B,8,bernoulli,-51.431671276100325,102.86334255220065,,bfgs,1,True,7.774665355952947e-11,True,0.24540482396230248,bernoulli,bernoulli,1,completed
rep10,start_B,8,poisson,-74.96098783886366,149.92197567772732,,bfgs,5,True,5.6266102888002935e-14,True,0.032098706056224356,bernoulli,bernoulli,1,completed
rep10,start_B,3,bernoulli,-50.194274715742985,100.38854943148597,,bfgs,6,True,3.761516625955252e-09,False,0.4993705129944457,bernoulli,bernoulli,2,completed
rep10,start_B,3,poisson,-73.6508692549772,147.3017385099544,,bfgs,6,True,5.329070518200751e-16,True,0.21389265154748943,bernoulli,bernoulli,2,completed
rep10,start_B,4,bernoulli,-48.55463935059019,97.10927870118039,,bfgs,5,True,3.97193389289896e-13,True,0.6031640418888194,bernoulli,bernoulli,2,completed
rep10,start_B,4,poisson,-74.45806872219593,148.91613744439186,,bfgs,12,True,7.09254877051535e-13,True,0.11176623155640487,bernoulli,bernoulli,2,completed
rep10,start_B,5,bernoulli,-47.747674231185286,95.49534846237057,,bfgs,5,True,3.630733935722219e-10,False,0.8091753145155315,bernoulli,bernoulli,2,completed
rep10,start_B,5,poisson,-74.6841862090193,149.3683724180386,,bfgs,10,True,2.733121728937249e-10,False,0.09786104910518094,bernoulli,bernoulli,2,completed
rep10,start_B,6,bernoulli,-46.670429561089485,93.34085912217897,,bfgs,7,True,6.836881963345754e-11,True,0.8559970135089638,bernoulli,bernoulli,2,completed
rep10,start_B,6,poisson,-74.04969624988938,148.09939249977876,,bfgs,8,True,2.603091076025521e-11,True,0.14965111951895835,bernoulli,bernoulli,2,completed
rep10,start_B,7,bernoulli,-50.572761577286116,101.14552315457223,,bfgs,4,False,2.7253385126435602e-08,False,0.44030188730674696,bernoulli,bernoulli,2,completed
rep10,start_B,7,poisson,-74.97676435157072,149.95352870314144,,bfgs,6,True,5.568107103864906e-11,True,0.025880209649631145,bernoulli,bernoulli,2,completed
rep10,start_B,8,bernoulli,-51.174628334222014,102.34925666844403,,bfgs,6,True,2.574026325419254e-10,False,0.31281547766769296,bernoulli,bernoulli,2,completed
rep10,start_B,8,poisson,-74.98069970640604,149.96139941281209,,bfgs,7,True,6.510739863907488e-13,True,0.023102930852706084,bernoulli,bernoulli,2,completed
rep10,start_B,3,bernoulli,-45.744493455816304,91.48898691163261,,bfgs,7,True,6.643916572457442e-09,False,0.9909095447487267,bernoulli,bernoulli,3,completed
rep10,start_B,3,poisson,-73.2888892270562,146.5777784541124,,bfgs,10,True,4.13276080024616e-12,True,0.22775322271712503,bernoulli,bernoulli,3,completed
rep10,start_B,4,bernoulli,-48.84283668312785,97.6856733662557,,bfgs,7,True,5.2617243895269896e-12,True,0.5587631847778075,bernoulli,bernoulli,3,completed
rep10,start_B,4,poisson,-73.8669760787896,147.7339521575792,,bfgs,11,True,3.7083784709679436e-09,False,0.18917553531652676,bernoulli,bernoulli,3,completed
rep10,start_B,5,bernoulli,-44.78982521331251,89.57965042662502,,bfgs,7,True,2.1597250654536991e-10,False,1.1453521684642356,bernoulli,bernoulli,3,completed
rep10,start_B,5,poisson,-74.68333518157789,149.36667036315578,,bfgs,11,True,1.6024317428531276e-10,False,0.09076565369073987,bernoulli,bernoulli,3,completed
rep10,start_B,6,bernoulli,-45.72586165198919,91.45172330397838,,bfgs,7,True,7.328360140945733e-13,True,0.890448355641722,bernoulli,bernoulli,3,completed
rep10,start_B,6,poisson,-72.98133011520117,145.96266023040235,,bfgs,11,True,5.64786609147383e-09,False,0.2393155600676715,bernoulli,bernoulli,3,completed
rep10,start_B,7,bernoulli,-49.42551460812846,98.85102921625692,,bfgs,7,True,4.3718806352899266e-12,True,0.6208768936235126,bernoulli,bernoulli,3,completed
rep10,start_B,7,poisson,-74.8499646299743,149.6999292599486,,bfgs,11,True,1.1695770046893372e-09,False,0.07082454015541609,bernoulli,bernoulli,3,completed
rep10,start_B,8,bernoulli,-46.905238851357254,93.81047770271451,,bfgs,7,True,8.860103761776372e-11,True,0.93873361164382,bernoulli,bernoulli,3,completed
rep10,start_B,8,poisson,-74.94388145596974,149.8877629119395,,bfgs,10,True,5.370677902405418e-10,False,0.034343416749387165,bernoulli,bernoulli,3,completed
rep10,start_B,3,bernoulli,-43.50797596902498,87.01595193804997,,bfgs,7,True,3.447953256241476e-09,False,1.2208812409323928,bernoulli,bernoulli,4,completed
rep10,start_B,3,poisson,-72.8694357623974,145.7388715247948,,bfgs,10,False,1.1945069566809963e-08,False,0.26750981947002656,bernoulli,bernoulli,4,completed
rep10,start_B,4,bernoulli,-48.25014486741025,96.5002897348205,,bfgs,8,True,2.00068672739917e-10,False,0.5812643610320856,bernoulli,bernoulli,4,completed
rep10,start_B,4,poisson,-73.52669424509222,147.05338849018443,,bfgs,10,True,5.904369881903903e-10,False,0.19992517082770067,bernoulli,bernoulli,4,completed
rep10,start_B,5,bernoulli,-45.040014303831626,90.08002860766325,,bfgs,9,True,1.5576064216205055e-09,False,1.0077143335485421,bernoulli,bernoulli,4,completed
rep10,start_B,5,poisson,-74.4233032772739,148.8466065545478,,bfgs,11,False,4.205809970292407e-08,False,0.12209545720098929,bernoulli,bernoulli,4,completed
rep10,start_B,6,bernoulli,-37.86669868108491,75.73339736216982,,bfgs,9,True,9.608291939855463e-12,True,1.9129362338307283,bernoulli,bernoulli,4,completed
rep10,start_B,6,poisson,-71.4751434800774,142.9502869601548,,bfgs,14,False,5.157542907613388e-08,False,0.3481533184741459,bernoulli,bernoulli,4,completed
rep10,start_B,7,bernoulli,-50.211061480339005,100.42212296067801,,bfgs,9,True,5.190070595517682e-13,True,0.4639015339556572,bernoulli,bernoulli,4,completed
rep10,start_B,7,poisson,-74.63152666938502,149.26305333877005,,bfgs,14,True,4.766879529993773e-11,True,0.10730571158317198,bernoulli,bernoulli,4,completed
rep10,start_B,8,bernoulli,-48.1263735195296,96.2527470390592,,bfgs,9,True,1.97163174675552e-11,True,0.7698763204266886,bernoulli,bernoulli,4,completed
rep10,start_B,8,poisson,-74.8883547394138,149.7767094788276,,bfgs,12,True,4.2309554471042787e-10,False,0.06444818573566487,bernoulli,bernoulli,4,completed
rep10,start_B,3,bernoulli,-45.4803725433714,90.9607450867428,,bfgs,9,True,1.0488605539649143e-10,False,0.9415264006328917,bernoulli,bernoulli,5,completed
rep10,start_B,3,poisson,-73.05016205901033,146.10032411802067,,bfgs,12,True,7.342467328586011e-09,False,0.2220205190600833,bernoulli,bernoulli,5,completed
rep10,start_B,4,bernoulli,-47.50043517090614,95.00087034181227,,bfgs,9,True,2.9467539519600905e-12,True,0.7627783701922022,bernoulli,bernoulli,5,completed
rep10,start_B,4,poisson,-73.13025329539197,146.26050659078393,,bfgs,14,False,4.902790968763782e-08,False,0.23227714681704287,bernoulli,bernoulli,5,completed
rep10,start_B,5,bernoulli,-45.38388041723086,90.76776083446173,,bfgs,9,True,5.6484818544699774e-09,False,0.9807363856688818,bernoulli,bernoulli,5,completed
rep10,start_B,5,poisson,-74.36690590190634,148.73381180381267,,bfgs,13,True,5.514276313345334e-09,False,0.13259491871350967,bernoulli,bernoulli,5,completed
rep10,start_B,6,bernoulli,-38.356834258519775,76.71366851703955,,bfgs,8,False,1.623569795938806e-07,False,1.7694143653864307,bernoulli,bernoulli,5,completed
rep10,start_B,6,poisson,-71.63822528655892,143.27645057311784,,bfgs,17,False,3.303346372718341e-07,False,0.331728327150421,bernoulli,bernoulli,5,completed
rep10,start_B,7,bernoulli,-49.712678237939365,99.42535647587873,,bfgs,10,True,5.336228348085115e-10,False,0.5760208857787266,bernoulli,bernoulli,5,completed
rep10,start_B,7,poisson,-74.62241174172962,149.24482348345924,,bfgs,15,True,4.293964739332523e-10,False,0.11330524955870341,bernoulli,bernoulli,5,completed
rep10,start_B,8,bernoulli,-46.034648591782656,92.06929718356531,,bfgs,10,True,1.8300916337921081e-13,True,0.9338123718847563,bernoulli,bernoulli,5,completed
rep10,start_B,8,poisson,-74.71099767119381,149.42199534238762,,bfgs,15,True,1.8833705706100544e-10,False,0.10312215740631803,bernoulli,bernoulli,5,completed
rep11,start_B,3,bernoulli,-49.941825180116595,99.88365036023319,,bfgs,4,True,1.6459194007722998e-10,False,0.4880276796328054,bernoulli,bernoulli,1,completed
rep11,start_B,3,poisson,-74.13988411334171,148.27976822668342,,bfgs,5,True,5.3889337436885395e-12,True,0.14877151181980242,bernoulli,bernoulli,1,completed
rep11,start_B,4,bernoulli,-51.98562977414453,103.97125954828905,,bfgs,3,True,6.07409234021361e-11,True,0.006603231835098428,bernoulli,bernoulli,1,completed
rep11,start_B,4,poisson,-74.9425626314833,149.8851252629666,,bfgs,5,True,1.7763568394002505e-15,True,0.0390217306131138,bernoulli,bernoulli,1,completed
rep11,start_B,5,bernoulli,-51.94969989040307,103.89939978080614,,bfgs,3,True,1.9495516312417748e-14,True,0.06230718441921044,bernoulli,bernoulli,1,completed
rep11,start_B,5,poisson,-74.89467662339354,149.78935324678707,,bfgs,4,False,4.423189121638416e-08,False,0.05277099364590322,bernoulli,bernoulli,1,completed
rep11,start_B,6,bernoulli,-51.75538602986454,103.51077205972908,,bfgs,4,True,2.1316282072803005e-15,True,0.1576333690743312,bernoulli,bernoulli,1,completed
rep11,start_B,6,poisson,-74.99990287038763,149.99980574077526,,bfgs,4,True,2.1529444893531036e-13,True,0.0016095385908347986,bernoulli,bernoulli,1,completed
rep11,start_B,7,bernoulli,-51.60707332997076,103.21414665994152,,bfgs,4,True,7.549516567451064e-16,True,0.20270064128139323,bernoulli,bernoulli,1,completed
rep11,start_B,7,poisson,-74.71386565242778,149.42773130485557,,bfgs,5,True,2.842170943040401e-15,True,0.0866390104457392,bernoulli,bernoulli,1,completed
rep11,start_B,8,bernoulli,-48.35991973011237,96.71983946022473,,bfgs,4,True,2.0134071299082733e-09,False,0.6727934117564766,bernoulli,bernoulli,1,completed
rep11,start_B,8,poisson,-73.68648682838793,147.37297365677586,,bfgs,7,True,8.881784197001252e-16,True,0.18263943985918404,bernoulli,bernoulli,1,completed
rep11,start_B,3,bernoulli,-45.83868175847264,91.67736351694528,,bfgs,6,True,1.049071940428803e-12,True,0.9398263578806383,bernoulli,bernoulli,2,completed
rep11,start_B,3,poisson,-72.1498738106686,144.2997476213372,,bfgs,9,True,1.1188934223582691e-10,False,0.29130264372963677,bernoulli,bernoulli,2,completed
rep11,start_B,4,bernoulli,-49.898117904485,99.79623580897,,bfgs,4,True,4.982574353107339e-11,True,0.5443858162907149,bernoulli,bernoulli,2,completed
rep11,start_B,4,poisson,-73.61098540321532,147.22197080643065,,bfgs,6,True,1.351856315778832e-09,False,0.2131498484754063,bernoulli,bernoulli,2,completed
rep11,start_B,5,bernoulli,-51.80446629881194,103.60893259762388,,bfgs,5,True,1.7319479184152442e-15,True,0.15314896629044558,bernoulli,bernoulli,2,completed
rep11,start_B,5,poisson,-74.50082627541556,149.00165255083112,,bfgs,7,True,1.9620693958444236e-13,True,0.1260300468764182,bernoulli,bernoulli,2,completed
rep11,start_B,6,bernoulli,-49.68303381323504,99.36606762647008,,bfgs,5,True,1.1963567914108352e-10,False,0.564836350843504,bernoulli,bernoulli,2,completed
rep11,start_B,6,poisson,-73.66506744059572,147.33013488119144,,bfgs,5,False,8.554753596608754e-07,False,0.20902027201314113,bernoulli,bernoulli,2,completed
rep11,start_B,7,bernoulli,-48.45091236150673,96.90182472301346,,bfgs,5,True,2.2753399164798793e-11,True,0.6995156730661595,bernoulli,bernoulli,2,completed
rep11,start_B,7,poisson,-74.4310586198043,148.8621172396086,,bfgs,9,True,5.448853812595189e-10,False,0.11545179652954997,bernoulli,bernoulli,2,completed
rep11,start_B,8,bernoulli,-48.13058309177546,96.26116618355093,,bfgs,5,True,4.3305359298528855e-13,True,0.6523333788785789,bernoulli,bernoulli,2,completed
rep11,start_B,8,poisson,-73.77078448662155,147.5415689732431,,bfgs,9,False,1.8918246338373024e-07,False,0.1640822943798464,bernoulli,bernoulli,2,completed
rep11,start_B,3,bernoulli,-46.028399015840456,92.05679803168091,,bfgs,7,True,6.060284496456348e-11,True,0.9274641255847593,bernoulli,bernoulli,3,completed
rep11,start_B,3,poisson,-72.17097839099522,144.34195678199043,,bfgs,10,True,2.19584035399123e-09,False,0.2916870816537148,bernoulli,bernoulli,3,completed
rep11,start_B,4,bernoulli,-46.20123188162396,92.40246376324792,,bfgs,6,True,5.318355977834699e-10,False,0.9636678320803918,bernoulli,bernoulli,3,completed
rep11,start_B,4,poisson,-71.77596886474771,143.55193772949542,,bfgs,12,True,2.8593616363536967e-10,False,0.3306476678771606,bernoulli,bernoulli,3,completed
rep11,start_B,5,bernoulli,-50.928530818499226,101.85706163699845,,bfgs,6,True,4.662581432057778e-12,True,0.3825528637344568,bernoulli,bernoulli,3,completed
rep11,start_B,5,poisson,-74.31571569267696,148.63143138535392,,bfgs,9,True,2.9177492089083047e-10,False,0.14493288110925634,bernoulli,bernoulli,3,completed
rep11,start_B,6,bernoulli,-43.75023161379895,87.5004632275979,,bfgs,7,True,1.1668808141962473e-10,False,1.2107336950238894,bernoulli,bernoulli,3,completed
rep11,start_B,6,poisson,-73.04078360716252,146.08156721432505,,bfgs,13,True,7.005074298405134e-12,True,0.25207446696834274,bernoulli,bernoulli,3,completed
rep11,start_B,7,bernoulli,-49.045134936351346,98.09026987270269,,bfgs,8,True,2.1268431460441663e-12,True,0.6273652182112491,bernoulli,bernoulli,3,completed
rep11,start_B,7,poisson,-74.54837770982417,149.09675541964833,,bfgs,10,True,1.0006118600358605e-09,False,0.10894868766097594,bernoulli,bernoulli,3,completed
rep11,start_B,8,bernoulli,-46.34690271772854,92.69380543545708,,bfgs,6,True,1.3533890008687877e-09,False,0.8245196371729876,bernoulli,bernoulli,3,completed
rep11,start_B,8,poisson,-72.8057479509724,145.6114959019448,,bfgs,12,True,5.08822055600433e-09,False,0.2367094901021162,bernoulli,bernoulli,3,completed
rep11,start_B,3,bernoulli,-43.759417235735974,87.51883447147195,,bfgs,9,True,9.18354281509437e-13,True,1.1941869023476142,bernoulli,bernoulli,4,completed
rep11,start_B,3,poisson,-70.39221900458642,140.78443800917285,,bfgs,13,True,1.0466697730748819e-09,False,0.4081274027498782,bernoulli,bernoulli,4,completed
rep11,start_B,4,bernoulli,-46.50991785750436,93.01983571500872,,bfgs,8,True,4.599443048647345e-12,True,0.8672587126600027,bernoulli,bernoulli,4,completed
rep11,start_B,4,poisson,-71.92413492809655,143.8482698561931,,bfgs,13,True,1.2593845966080153e-10,False,0.31309850913806425,bernoulli,bernoulli,4,completed
rep11,start_B,5,bernoulli,-50.39836516232532,100.79673032465064,,bfgs,8,True,2.820732536434889e-12,True,0.4875448320916376,bernoulli,bernoulli,4,completed
rep11,start_B,5,poisson,-73.46303881175068,146.92607762350136,,bfgs,11,True,7.544519453617227e-11,True,0.2512061400204299,bernoulli,bernoulli,4,completed
rep11,start_B,6,bernoulli,-43.397803772830805,86.79560754566161,,bfgs,7,True,8.061936351833054e-09,False,1.1231463596294788,bernoulli,bernoulli,4,completed
rep11,start_B,6,poisson,-72.1437740054221,144.2875480108442,,bfgs,12,False,2.3196330584118742e-08,False,0.2951187168641178,bernoulli,bernoulli,4,completed
rep11,start_B,7,bernoulli,-42.79333733950168,85.58667467900337,,bfgs,8,True,7.756611530851387e-09,False,1.5193497052993485,bernoulli,bernoulli,4,completed
rep11,start_B,7,poisson,-72.19302751465452,144.38605502930903,,bfgs,15,True,3.129940751023241e-13,True,0.363931109152022,bernoulli,bernoulli,4,completed
rep11,start_B,8,bernoulli,-46.61976946215895,93.2395389243179,,bfgs,9,True,4.5809134263663506e-12,True,0.7749353117862647,bernoulli,bernoulli,4,completed
rep11,start_B,8,poisson,-72.30025895425607,144.60051790851213,,bfgs,13,True,4.5252854796729023e-10,False,0.29972891000485335,bernoulli,bernoulli,4,completed
rep11,start_B,3,bernoulli,-43.88357946745257,87.76715893490514,,bfgs,9,True,1.3548793198481235e-10,False,1.0811037530730858,bernoulli,bernoulli,5,completed
rep11,start_B,3,poisson,-71.34363318558721,142.68726637117442,,bfgs,12,True,1.1187054838046605e-09,False,0.3133201711363538,bernoulli,bernoulli,5,completed
rep11,start_B,4,bernoulli,-46.60978390476741,93.21956780953482,,bfgs,9,True,8.599521095220553e-11,True,0.8815443163717275,bernoulli,bernoulli,5,completed
rep11,start_B,4,poisson,-72.67897307751637,145.35794615503275,,bfgs,12,False,3.484322902091996e-07,False,0.24842006364612854,bernoulli,bernoulli,5,completed
rep11,start_B,5,bernoulli,-50.37905986248657,100.75811972497314,,bfgs,9,True,5.048205053981291e-09,False,0.4669968451032806,bernoulli,bernoulli,5,completed
rep11,start_B,5,poisson,-73.50561829291641,147.01123658583282,,bfgs,10,True,1.5871748360041238e-11,True,0.24139570135308383,bernoulli,bernoulli,5,completed
rep11,start_B,6,bernoulli,-43.2459219582567,86.4918439165134,,bfgs,11,True,2.0801165234729523e-10,False,1.0948275394796803,bernoulli,bernoulli,5,completed
rep11,start_B,6,poisson,-72.37074376378737,144.74148752757475,,bfgs,14,True,1.1675405087174795e-09,False,0.2728698589171991,bernoulli,bernoulli,5,completed
rep11,start_B,7,bernoulli,-43.90265412254605,87.8053082450921,,bfgs,9,True,6.162836907463998e-11,True,1.258208642057109,bernoulli,bernoulli,5,completed
rep11,start_B,7,poisson,-72.07742943417784,144.1548588683557,,bfgs,15,True,9.903280329126574e-09,False,0.34772296679192716,bernoulli,bernoulli,5,completed
rep11,start_B,8,bernoulli,-46.14862112025018,92.29724224050037,,bfgs,8,False,8.927599317587465e-08,False,0.78171062970165,bernoulli,bernoulli,5,completed
rep11,start_B,8,poisson,-72.67430377146555,145.3486075429311,,bfgs,15,False,8.962507598297975e-08,False,0.24622620071558812,bernoulli,bernoulli,5,completed
rep12,start_B,3,bernoulli,-51.80095958108468,103.60191916216937,,bfgs,3,True,1.7887913372760522e-11,True,0.1410027058852173,bernoulli,bernoulli,1,completed
rep12,start_B,3,poisson,-74.93539825524917,149.87079651049834,,bfgs,5,False,5.562396068192754e-08,False,0.04185950716495235,bernoulli,bernoulli,1,completed
rep12,start_B,4,bernoulli,-50.304636244962246,100.60927248992449,,bfgs,4,True,8.895601588676527e-10,False,0.4373831843882903,bernoulli,bernoulli,1,completed
rep12,start_B,4,poisson,-73.72779063763431,147.45558127526863,,bfgs,4,True,6.465938895416911e-14,True,0.18974685567836463,bernoulli,bernoulli,1,completed
rep12,start_B,5,bernoulli,-48.08397017698443,96.16794035396886,,bfgs,3,True,1.411315508903499e-13,True,0.6957673852852911,bernoulli,bernoulli,1,completed
rep12,start_B,5,poisson,-72.86689749451696,145.73379498903392,,bfgs,4,True,4.702904732312163e-13,True,0.24681997958451882,bernoulli,bernoulli,1,completed
rep12,start_B,6,bernoulli,-51.96331474703028,103.92662949406056,,bfgs,4,True,8.881784197001252e-16,True,0.0492541816453058,bernoulli,bernoulli,1,completed
rep12,start_B,6,poisson,-74.84385374651525,149.6877074930305,,bfgs,5,True,2.220446049250313e-16,True,0.06535814913889477,bernoulli,bernoulli,1,completed
rep12,start_B,7,bernoulli,-49.517286606341784,99.03457321268357,,bfgs,3,True,7.725897699373263e-11,True,0.5381291112088781,bernoulli,bernoulli,1,completed
rep12,start_B,7,poisson,-74.9077239027299,149.8154478054598,,bfgs,7,False,2.5135077841298426e-08,False,0.04904627512908385,bernoulli,bernoulli,1,completed
rep12,start_B,8,bernoulli,-46.76901090316046,93.53802180632093,,bfgs,4,True,6.907150407187146e-11,True,0.8257354799465856,bernoulli,bernoulli,1,completed
rep12,start_B,8,poisson,-72.41794233443291,144.83588466886582,,bfgs,6,True,7.250253730717305e-11,True,0.2719268560628273,bernoulli,bernoulli,1,completed
rep12,start_B,3,bernoulli,-51.83818074351068,103.67636148702135,,bfgs,6,True,2.8990143619012086e-13,True,0.1292622587602634,bernoulli,bernoulli,2,completed
rep12,start_B,3,poisson,-74.7795656277242,149.5591312554484,,bfgs,6,True,1.511546443566658e-11,True,0.07802858457566825,bernoulli,bernoulli,2,completed
rep12,start_B,4,bernoulli,-50.124241142134345,100.24848228426869,,bfgs,6,True,3.5502267792253404e-12,True,0.47007718727664743,bernoulli,bernoulli,2,completed
rep12,start_B,4,poisson,-73.21834439395484,146.43668878790967,,bfgs,7,True,4.716227408607665e-14,True,0.2283794874170424,bernoulli,bernoulli,2,completed
rep12,start_B,5,bernoulli,-46.83670760702095,93.6734152140419,,bfgs,6,True,5.189022544982436e-10,False,0.8364563241010777,bernoulli,bernoulli,2,completed
rep12,start_B,5,poisson,-71.83584558362297,143.67169116724594,,bfgs,6,True,5.383729018149097e-11,True,0.3064729531370676,bernoulli,bernoulli,2,completed
rep12,start_B,6,bernoulli,-51.78065916170565,103.5613183234113,,bfgs,5,True,7.575344795895944e-11,True,0.15277622746557296,bernoulli,bernoulli,2,completed
rep12,start_B,6,poisson,-74.79933611751318,149.59867223502636,,bfgs,7,True,6.604050639680281e-12,True,0.07414761968105778,bernoulli,bernoulli,2,completed
rep12,start_B,7,bernoulli,-47.33636082740041,94.67272165480082,,bfgs,6,True,5.010402759353382e-10,False,0.8039606408512707,bernoulli,bernoulli,2,completed
rep12,start_B,7,poisson,-74.66435777082525,149.3287155416505,,bfgs,9,True,1.6024763738187174e-10,False,0.09698899472664486,bernoulli,bernoulli,2,completed
rep12,start_B,8,bernoulli,-46.00472854457627,92.00945708915253,,bfgs,5,True,4.965903244169567e-11,True,0.9081895806976822,bernoulli,bernoulli,2,completed
rep12,start_B,8,poisson,-71.54702834421184,143.09405668842368,,bfgs,5,True,3.75801634255879e-10,False,0.3207158380790418,bernoulli,bernoulli,2,completed
rep12,start_B,3,bernoulli,-51.20307758889542,102.40615517779084,,bfgs,7,True,7.798206524967099e-14,True,0.3057348646645794,bernoulli,bernoulli,3,completed
rep12,start_B,3,poisson,-74.41399373399413,148.82798746798827,,bfgs,8,True,7.149836278586008e-13,True,0.13608537871359663,bernoulli,bernoulli,3,completed
rep12,start_B,4,bernoulli,-46.45872478334725,92.9174495666945,,bfgs,7,True,1.0326536070692783e-09,False,0.8708170356532355,bernoulli,bernoulli,3,completed
rep12,start_B,4,poisson,-72.92236792517717,145.84473585035434,,bfgs,10,True,1.0864713573255358e-10,False,0.22924269791713905,bernoulli,bernoulli,3,completed
rep12,start_B,5,bernoulli,-47.411801169618016,94.82360233923603,,bfgs,6,True,2.9588598238206035e-11,True,0.725831243722653,bernoulli,bernoulli,3,completed
rep12,start_B,5,poisson,-72.22309807104173,144.44619614208347,,bfgs,7,True,2.992660341760711e-10,False,0.2682063831824809,bernoulli,bernoulli,3,completed
rep12,start_B,6,bernoulli,-48.943666837136604,97.88733367427321,,bfgs,7,True,7.063103879545452e-10,False,0.659076308156319,bernoulli,bernoulli,3,completed
rep12,start_B,6,poisson,-74.43647375011209,148.87294750022417,,bfgs,11,True,8.816509833309283e-09,False,0.12422854876717838,bernoulli,bernoulli,3,completed
rep12,start_B,7,bernoulli,-47.25593936605178,94.51187873210355,,bfgs,8,True,1.963318396747127e-12,True,0.7645109287895514,bernoulli,bernoulli,3,completed
rep12,start_B,7,poisson,-74.47641318274074,148.95282636548149,,bfgs,11,True,6.702549626425025e-12,True,0.11947040035112712,bernoulli,bernoulli,3,completed
rep12,start_B,8,bernoulli,-45.077643747985555,90.15528749597111,,bfgs,6,True,2.814670363449068e-09,False,0.9678217235753684,bernoulli,bernoulli,3,completed
rep12,start_B,8,poisson,-71.03459156899005,142.0691831379801,,bfgs,11,True,8.250708893875469e-09,False,0.3413419838867267,bernoulli,bernoulli,3,completed
rep12,start_B,3,bernoulli,-50.295687397443245,100.59137479488649,,bfgs,8,True,1.4214851518090654e-11,True,0.5358975880150761,bernoulli,bernoulli,4,completed
rep12,start_B,3,poisson,-74.36895695210002,148.73791390420004,,bfgs,9,True,6.463146462465374e-10,False,0.15082438447281749,bernoulli,bernoulli,4,completed
rep12,start_B,4,bernoulli,-45.72310850182163,91.44621700364326,,bfgs,8,True,5.134006553220161e-11,True,0.906475239266972,bernoulli,bernoulli,4,completed
rep12,start_B,4,poisson,-72.89720901930896,145.79441803861792,,bfgs,12,True,1.8416209002225515e-09,False,0.21894470333314683,bernoulli,bernoulli,4,completed
rep12,start_B,5,bernoulli,-46.89105395055818,93.78210790111636,,bfgs,9,True,5.579359196872247e-12,True,0.7590913390038286,bernoulli,bernoulli,4,completed
rep12,start_B,5,poisson,-72.36875172893254,144.73750345786507,,bfgs,9,True,3.190727237978308e-10,False,0.24078068271064795,bernoulli,bernoulli,4,completed
rep12,start_B,6,bernoulli,-48.0255177560537,96.0510355121074,,bfgs,7,True,2.4490333760951445e-09,False,0.7315899185078253,bernoulli,bernoulli,4,completed
rep12,start_B,6,poisson,-74.35349974001579,148.70699948003158,,bfgs,11,True,3.2399539051652935e-09,False,0.1334989674522308,bernoulli,bernoulli,4,completed
rep12,start_B,7,bernoulli,-43.90220860443045,87.8044172088609,,bfgs,9,True,4.854499024986581e-11,True,1.168437814963824,bernoulli,bernoulli,4,completed
rep12,start_B,7,poisson,-73.87640497272835,147.7528099454567,,bfgs,12,True,1.3713741253695843e-11,True,0.2001854922331686,bernoulli,bernoulli,4,completed
rep12,start_B,8,bernoulli,-45.46861445481649,90.93722890963298,,bfgs,9,True,3.040834251066826e-11,True,0.8865935557549722,bernoulli,bernoulli,4,completed
rep12,start_B,8,poisson,-71.61721045769687,143.23442091539374,,bfgs,12,True,3.5607050752339832e-09,False,0.28521242864196983,bernoulli,bernoulli,4,completed
rep12,start_B,3,bernoulli,-48.126397714353445,96.25279542870689,,bfgs,10,True,2.2221502415931125e-12,True,0.851690594939908,bernoulli,bernoulli,5,completed
rep12,start_B,3,poisson,-72.89190617908244,145.78381235816488,,bfgs,13,True,6.923231410382868e-09,False,0.3012864908978677,bernoulli,bernoulli,5,completed
rep12,start_B,4,bernoulli,-43.471768579807076,86.94353715961415,,bfgs,9,True,6.104006189389111e-13,True,1.1935746487051362,bernoulli,bernoulli,5,completed
rep12,start_B,4,poisson,-71.35366658506135,142.7073331701227,,bfgs,13,True,7.638779209173663e-09,False,0.345144618613199,bernoulli,bernoulli,5,completed
rep12,start_B,5,bernoulli,-47.06620583821459,94.13241167642919,,bfgs,9,True,9.196208239359294e-11,True,0.7240844730069849,bernoulli,bernoulli,5,completed
rep12,start_B,5,poisson,-71.90929072857443,143.81858145714887,,bfgs,11,False,2.3020593775679998e-08,False,0.28853970047148814,bernoulli,bernoulli,5,completed
rep12,start_B,6,bernoulli,-41.24295871844571,82.48591743689143,,bfgs,11,True,9.56923429384915e-12,True,1.6723048212346734,bernoulli,bernoulli,5,completed
rep12,start_B,6,poisson,-72.08110638195629,144.16221276391258,,bfgs,17,False,1.958555404524276e-08,False,0.35281131251470715,bernoulli,bernoulli,5,completed
rep12,start_B,7,bernoulli,-46.15029848624649,92.30059697249298,,bfgs,9,True,1.5792400720471277e-11,True,0.7637333548384695,bernoulli,bernoulli,5,completed
rep12,start_B,7,poisson,-74.2984091557837,148.5968183115674,,bfgs,14,False,1.2513502412048182e-08,False,0.13032110395690003,bernoulli,bernoulli,5,completed
rep12,start_B,8,bernoulli,-45.41206460968657,90.82412921937313,,bfgs,10,True,2.8460664935892053e-10,False,0.8406109568717153,bernoulli,bernoulli,5,completed
rep12,start_B,8,poisson,-71.46757403069553,142.93514806139106,,bfgs,14,True,4.999898939317404e-10,False,0.2952046892301615,bernoulli,bernoulli,5,completed
rep13,start_B,3,bernoulli,-48.9971913207098,97.9943826414196,,bfgs,3,True,8.755067781862636e-11,True,0.6009999601531737,bernoulli,bernoulli,1,completed
rep13,start_B,3,poisson,-73.55234365997659,147.10468731995317,,bfgs,5,True,7.127631818093505e-15,True,0.19824138759035356,bernoulli,bernoulli,1,completed
rep13,start_B,4,bernoulli,-50.700906033381514,101.40181206676303,,bfgs,4,True,5.0404125317982105e-15,True,0.3801644910094773,bernoulli,bernoulli,1,completed
rep13,start_B,4,poisson,-74.1619483025431,148.3238966050862,,bfgs,5,True,5.456746166032644e-15,True,0.1509156504014469,bernoulli,bernoulli,1,completed
rep13,start_B,5,bernoulli,-50.73969230498602,101.47938460997204,,bfgs,4,True,6.554810028092107e-11,True,0.37408186936673804,bernoulli,bernoulli,1,completed
rep13,start_B,5,poisson,-74.17739776591155,148.3547955318231,,bfgs,4,True,1.797742843479e-10,False,0.1495166950086219,bernoulli,bernoulli,1,completed
rep13,start_B,6,bernoulli,-51.98584438027348,103.97168876054695,,bfgs,4,True,8.881784197001252e-16,True,0.004550906217341821,bernoulli,bernoulli,1,completed
rep13,start_B,6,poisson,-74.87325354146887,149.74650708293774,,bfgs,3,True,4.528946107029697e-11,True,0.05846846317197648,bernoulli,bernoulli,1,completed
rep13,start_B,7,bernoulli,-49.977011227813776,99.95402245562755,,bfgs,2,True,4.085620730620576e-15,True,0.4825828439964071,bernoulli,bernoulli,1,completed
rep13,start_B,7,poisson,-73.88921615162192,147.77843230324385,,bfgs,5,True,1.3322676295501878e-16,True,0.17373633512908868,bernoulli,bernoulli,1,completed
rep13,start_B,8,bernoulli,-50.96302931733015,101.9260586346603,,bfgs,5,True,1.0658141036401502e-15,True,0.3373452791480246,bernoulli,bernoulli,1,completed
rep13,start_B,8,poisson,-74.97628159307824,149.95256318615648,,bfgs,5,True,8.43769498715119e-14,True,0.02506878207020557,bernoulli,bernoulli,1,completed
rep13,start_B,3,bernoulli,-38.456628258059595,76.91325651611919,,bfgs,5,True,4.652152485462579e-09,False,1.657674133056692,bernoulli,bernoulli,2,completed
rep13,start_B,3,poisson,-70.99888757561823,141.99777515123645,,bfgs,9,False,1.5762024174748035e-07,False,0.3446934296734957,bernoulli,bernoulli,2,completed
rep13,start_B,4,bernoulli,-42.44075592352521,84.88151184705042,,bfgs,6,True,2.9859767991524677e-09,False,1.2860107242844427,bernoulli,bernoulli,2,completed
rep13,start_B,4,poisson,-71.95794257196295,143.9158851439259,,bfgs,7,True,1.1035404368087142e-09,False,0.30335472781912576,bernoulli,bernoulli,2,completed
rep13,start_B,5,bernoulli,-50.40556768196134,100.81113536392267,,bfgs,5,True,1.6866508190105379e-13,True,0.4041581466669989,bernoulli,bernoulli,2,completed
rep13,start_B,5,poisson,-74.08709223716161,148.17418447432323,,bfgs,7,True,2.142286348316702e-12,True,0.15191677862552463,bernoulli,bernoulli,2,completed
rep13,start_B,6,bernoulli,-48.548307850380255,97.09661570076051,,bfgs,6,True,7.48771711300833e-11,True,0.6898065775976164,bernoulli,bernoulli,2,completed
rep13,start_B,6,poisson,-74.38960770366666,148.7792154073333,,bfgs,10,True,6.392508744568204e-11,True,0.13180577068049712,bernoulli,bernoulli,2,completed
rep13,start_B,7,bernoulli,-49.70638690525686,99.41277381051373,,bfgs,5,True,3.1969982217106007e-13,True,0.49552754930652887,bernoulli,bernoulli,2,completed
rep13,start_B,7,poisson,-73.99721377854344,147.99442755708688,,bfgs,7,True,3.6770586575585183e-14,True,0.1564668152364896,bernoulli,bernoulli,2,completed
rep13,start_B,8,bernoulli,-49.81005237107799,99.62010474215597,,bfgs,5,True,3.694822225952521e-14,True,0.4934546243136405,bernoulli,bernoulli,2,completed
rep13,start_B,8,poisson,-74.58810648607857,149.17621297215715,,bfgs,7,True,9.149746238445999e-12,True,0.10972982172511944,bernoulli,bernoulli,2,completed
rep13,start_B,3,bernoulli,-37.76432646343657,75.52865292687314,,bfgs,7,True,1.1088080453802718e-10,False,1.6120735826320154,bernoulli,bernoulli,3,completed
rep13,start_B,3,poisson,-71.07645832625357,142.15291665250714,,bfgs,11,True,1.7188976908499853e-09,False,0.3215853315980629,bernoulli,bernoulli,3,completed
rep13,start_B,4,bernoulli,-41.72227218538573,83.44454437077145,,bfgs,6,True,4.0689629443591e-11,True,1.2793743493546041,bernoulli,bernoulli,3,completed
rep13,start_B,4,poisson,-72.09738153752653,144.19476307505306,,bfgs,9,True,3.810285420513537e-14,True,0.27958557540933543,bernoulli,bernoulli,3,completed
rep13,start_B,5,bernoulli,-47.330526052907864,94.66105210581573,,bfgs,7,True,4.360956040727615e-12,True,0.8135496347272577,bernoulli,bernoulli,3,completed
rep13,start_B,5,poisson,-72.57810175830562,145.15620351661124,,bfgs,8,True,4.633271544207674e-12,True,0.27558363345023273,bernoulli,bernoulli,3,completed
rep13,start_B,6,bernoulli,-46.10587115600589,92.21174231201178,,bfgs,9,True,2.0510615428293023e-11,True,0.9302625019299552,bernoulli,bernoulli,3,completed
rep13,start_B,6,poisson,-72.95665974810656,145.91331949621312,,bfgs,11,True,1.3460244807639298e-09,False,0.2560830843881687,bernoulli,bernoulli,3,completed
rep13,start_B,7,bernoulli,-49.72098399751159,99.44196799502318,,bfgs,7,True,6.9511951750200754e-12,True,0.47142593054221255,bernoulli,bernoulli,3,completed
rep13,start_B,7,poisson,-73.9199926486937,147.8399852973874,,bfgs,8,True,2.5779345325105397e-11,True,0.1584605930825161,bernoulli,bernoulli,3,completed
rep13,start_B,8,bernoulli,-50.04033217466543,100.08066434933086,,bfgs,7,True,1.7980283928409336e-12,True,0.4447194488167255,bernoulli,bernoulli,3,completed
rep13,start_B,8,poisson,-74.4184625264799,148.8369250529598,,bfgs,8,True,3.618599864196881e-11,True,0.13097607716311846,bernoulli,bernoulli,3,completed
rep13,start_B,3,bernoulli,-37.533108280433666,75.06621656086733,,bfgs,7,True,5.745887543540107e-10,False,1.4898452560109468,bernoulli,bernoulli,4,completed
rep13,start_B,3,poisson,-70.86276384758148,141.72552769516295,,bfgs,13,True,2.836069157297061e-09,False,0.32304231214736834,bernoulli,bernoulli,4,completed
rep13,start_B,4,bernoulli,-38.67635159854114,77.35270319708228,,bfgs,8,True,1.4981837104244277e-09,False,1.4320872528243562,bernoulli,bernoulli,4,completed
rep13,start_B,4,poisson,-71.35248896149292,142.70497792298585,,bfgs,10,True,2.7536728453014803e-10,False,0.29722120948090713,bernoulli,bernoulli,4,completed
rep13,start_B,5,bernoulli,-46.016546655790066,92.03309331158013,,bfgs,7,True,1.1259425392040613e-09,False,1.000574717119022,bernoulli,bernoulli,4,completed
rep13,start_B,5,poisson,-71.89088505669777,143.78177011339554,,bfgs,10,True,1.6034640282214242e-11,True,0.29928449311429683,bernoulli,bernoulli,4,completed
rep13,start_B,6,bernoulli,-44.716254835912515,89.43250967182503,,bfgs,9,True,6.24211793365248e-13,True,1.0367671136168224,bernoulli,bernoulli,4,completed
rep13,start_B,6,poisson,-71.71141902091274,143.42283804182549,,bfgs,12,True,7.333154861122182e-10,False,0.31893033418448297,bernoulli,bernoulli,4,completed
rep13,start_B,7,bernoulli,-49.32575272702726,98.65150545405452,,bfgs,9,False,1.3006085897160347e-08,False,0.5218936342188711,bernoulli,bernoulli,4,completed
rep13,start_B,7,poisson,-73.7288260894466,147.4576521788932,,bfgs,11,True,4.3323347131973835e-10,False,0.18311493070996152,bernoulli,bernoulli,4,completed
rep13,start_B,8,bernoulli,-48.43113589381524,96.86227178763048,,bfgs,9,True,5.905729238975255e-11,True,0.7602250539054924,bernoulli,bernoulli,4,completed
rep13,start_B,8,poisson,-73.87377135132738,147.74754270265475,,bfgs,12,True,1.4380205359820764e-10,False,0.1823717641590005,bernoulli,bernoulli,4,completed
rep13,start_B,3,bernoulli,-39.0924093874341,78.1848187748682,,bfgs,9,True,3.989342634014292e-10,False,1.338775272659497,bernoulli,bernoulli,5,completed
rep13,start_B,3,poisson,-71.40916035304369,142.81832070608738,,bfgs,12,False,7.641125078894362e-07,False,0.2706003294227422,bernoulli,bernoulli,5,completed
rep13,start_B,4,bernoulli,-41.0748048830573,82.1496097661146,,bfgs,11,True,1.6097478905408026e-11,True,1.1950619219146885,bernoulli,bernoulli,5,completed
rep13,start_B,4,poisson,-71.94718881126957,143.89437762253914,,bfgs,13,True,1.1910396280345736e-09,False,0.2565666478279228,bernoulli,bernoulli,5,completed
rep13,start_B,5,bernoulli,-45.824972103548575,91.64994420709715,,bfgs,10,True,1.5677983355999458e-10,False,1.0259465823395402,bernoulli,bernoulli,5,completed
rep13,start_B,5,poisson,-71.46873100375433,142.93746200750866,,bfgs,10,True,6.942393326880847e-10,False,0.3338057086747449,bernoulli,bernoulli,5,completed
rep13,start_B,6,bernoulli,-44.97270063110982,89.94540126221963,,bfgs,10,True,7.77071740287738e-12,True,1.0114621282195542,bernoulli,bernoulli,5,completed
rep13,start_B,6,poisson,-72.106148238751,144.212296477502,,bfgs,14,True,2.774542817718384e-10,False,0.2835572173360853,bernoulli,bernoulli,5,completed
rep13,start_B,7,bernoulli,-49.226521930422756,98.45304386084551,,bfgs,11,True,5.808557301811845e-10,False,0.5392945983270454,bernoulli,bernoulli,5,completed
rep13,start_B,7,poisson,-73.81320555497578,147.62641110995156,,bfgs,10,True,3.16513038001176e-11,True,0.15869321655295682,bernoulli,bernoulli,5,completed
rep13,start_B,8,bernoulli,-47.11936470407751,94.23872940815502,,bfgs,11,True,1.957545237019076e-13,True,0.9188532589559366,bernoulli,bernoulli,5,completed
rep13,start_B,8,poisson,-73.22337260906798,146.44674521813596,,bfgs,13,True,1.8039557625471048e-09,False,0.24591245039751938,bernoulli,bernoulli,5,completed
rep14,start_B,3,bernoulli,-46.36671358887278,92.73342717774555,,bfgs,5,True,1.034727858950646e-14,True,0.8706884250000869,bernoulli,bernoulli,1,completed
rep14,start_B,3,poisson,-72.86953875609632,145.73907751219264,,bfgs,6,True,3.321787289678468e-14,True,0.2394390799082082,bernoulli,bernoulli,1,completed
rep14,start_B,4,bernoulli,-51.2738662560565,102.547732512113,,bfgs,4,True,2.0450308113595382e-14,True,0.27961883019586203,bernoulli,bernoulli,1,completed
rep14,start_B,4,poisson,-74.46214044181806,148.92428088363613,,bfgs,4,True,3.669509140991067e-13,True,0.12067959713200321,bernoulli,bernoulli,1,completed
rep14,start_B,5,bernoulli,-45.886999791404335,91.77399958280867,,bfgs,4,True,1.3681500377060729e-11,True,0.9166561211434165,bernoulli,bernoulli,1,completed
rep14,start_B,5,poisson,-72.73908348498793,145.47816696997586,,bfgs,6,True,4.991562718714704e-14,True,0.24653324682001332,bernoulli,bernoulli,1,completed
rep14,start_B,6,bernoulli,-50.133655840350684,100.26731168070137,,bfgs,4,True,4.884981308350689e-16,True,0.46160439735549547,bernoulli,bernoulli,1,completed
rep14,start_B,6,poisson,-74.02482316700983,148.04964633401966,,bfgs,5,True,1.7763568394002506e-16,True,0.16251418227943096,bernoulli,bernoulli,1,completed
rep14,start_B,7,bernoulli,-50.13335176311022,100.26670352622044,,bfgs,4,True,4.263256414560601e-15,True,0.46164517521645715,bernoulli,bernoulli,1,completed
rep14,start_B,7,poisson,-74.0247161142282,148.0494322284564,,bfgs,5,True,7.105427357601002e-16,True,0.1625230836189844,bernoulli,bernoulli,1,completed
rep14,start_B,8,bernoulli,-51.32107525070472,102.64215050140945,,bfgs,4,True,9.516831767086842e-13,True,0.26993315502518017,bernoulli,bernoulli,1,completed
rep14,start_B,8,poisson,-74.48267424629022,148.96534849258043,,bfgs,4,True,2.042810365310288e-15,True,0.11834827949974353,bernoulli,bernoulli,1,completed
rep14,start_B,3,bernoulli,-42.853068609168204,85.70613721833641,,bfgs,5,True,2.8204794055852746e-11,True,1.1563785225026124,bernoulli,bernoulli,2,completed
rep14,start_B,3,poisson,-71.77464453862487,143.54928907724974,,bfgs,9,True,8.393730155376034e-12,True,0.2719711678124726,bernoulli,bernoulli,2,completed
rep14,start_B,4,bernoulli,-51.482743117715316,102.96548623543063,,bfgs,5,True,5.151079562892847e-12,True,0.23258663268343413,bernoulli,bernoulli,2,completed
rep14,start_B,4,poisson,-74.54654336541103,149.09308673082205,,bfgs,6,True,5.240252676230739e-13,True,0.10528020124456462,bernoulli,bernoulli,2,completed
rep14,start_B,5,bernoulli,-46.742832806567904,93.48566561313581,,bfgs,7,True,4.291678123991005e-12,True,0.7996744428161489,bernoulli,bernoulli,2,completed
rep14,start_B,5,poisson,-72.85268697938864,145.70537395877727,,bfgs,8,True,4.772093831206803e-11,True,0.22515052298307722,bernoulli,bernoulli,2,completed
rep14,start_B,6,bernoulli,-50.28491642773804,100.56983285547608,,bfgs,5,True,1.1048939541069558e-12,True,0.4232899548084467,bernoulli,bernoulli,2,completed
rep14,start_B,6,poisson,-73.91164315699606,147.82328631399213,,bfgs,7,True,2.567279722143212e-13,True,0.16170820013532494,bernoulli,bernoulli,2,completed
rep14,start_B,7,bernoulli,-47.718115228354876,95.43623045670975,,bfgs,5,True,3.367794931818935e-12,True,0.7251044308099994,bernoulli,bernoulli,2,completed
rep14,start_B,7,poisson,-73.03399468563305,146.0679893712661,,bfgs,8,True,4.521756302722224e-09,False,0.2181762299564391,bernoulli,bernoulli,2,completed
rep14,start_B,8,bernoulli,-51.2987332029381,102.5974664058762,,bfgs,6,True,8.189893208054855e-13,True,0.28356349504807693,bernoulli,bernoulli,2,completed
rep14,start_B,8,poisson,-74.6241563742522,149.2483127485044,,bfgs,6,True,1.7275070263167435e-14,True,0.09784681760904558,bernoulli,bernoulli,2,completed
rep14,start_B,3,bernoulli,-42.765417934191404,85.53083586838281,,bfgs,7,True,6.224354365258477e-13,True,1.0788486705386606,bernoulli,bernoulli,3,completed
rep14,start_B,3,poisson,-71.82889539645836,143.65779079291673,,bfgs,11,True,2.63108379527921e-10,False,0.2514038746852498,bernoulli,bernoulli,3,completed
rep14,start_B,4,bernoulli,-50.074253638503784,100.14850727700757,,bfgs,6,True,9.665122036039975e-11,True,0.5247836231590873,bernoulli,bernoulli,3,completed
rep14,start_B,4,poisson,-74.18631283830084,148.37262567660167,,bfgs,7,True,1.0012728424158013e-10,False,0.15569515262646605,bernoulli,bernoulli,3,completed
rep14,start_B,5,bernoulli,-44.338298807176464,88.67659761435293,,bfgs,7,True,5.475711617464185e-09,False,1.014911197483333,bernoulli,bernoulli,3,completed
rep14,start_B,5,poisson,-72.37541259448226,144.7508251889645,,bfgs,11,True,1.8739285678748275e-10,False,0.23903997074728925,bernoulli,bernoulli,3,completed
rep14,start_B,6,bernoulli,-45.60947846094886,91.21895692189771,,bfgs,7,True,3.7178971012963305e-11,True,1.089948611585733,bernoulli,bernoulli,3,completed
rep14,start_B,6,poisson,-72.81788351266998,145.63576702533996,,bfgs,11,False,6.880766783012859e-08,False,0.2660458038912575,bernoulli,bernoulli,3,completed
rep14,start_B,7,bernoulli,-45.81870344194784,91.63740688389568,,bfgs,6,True,4.364419936564445e-12,True,0.8992562289767431,bernoulli,bernoulli,3,completed
rep14,start_B,7,poisson,-72.6625873091061,145.3251746182122,,bfgs,11,True,9.936353961848e-10,False,0.23268585101373018,bernoulli,bernoulli,3,completed
rep14,start_B,8,bernoulli,-50.99303040988829,101.98606081977658,,bfgs,5,True,8.794597095018731e-09,False,0.319806135767932,bernoulli,bernoulli,3,completed
rep14,start_B,8,poisson,-74.55757282175739,149.11514564351478,,bfgs,7,True,3.6992631180510215e-14,True,0.09776853341218877,bernoulli,bernoulli,3,completed
rep14,start_B,3,bernoulli,-41.51255048001293,83.02510096002587,,bfgs,8,True,5.439253492056651e-11,True,1.1878232619532723,bernoulli,bernoulli,4,completed
rep14,start_B,3,poisson,-71.0149388048259,142.0298776096518,,bfgs,11,False,1.1043934353693884e-07,False,0.2863744482926629,bernoulli,bernoulli,4,completed
rep14,start_B,4,bernoulli,-42.72154231603383,85.44308463206767,,bfgs,8,True,2.1441781683506633e-11,True,1.471646170283174,bernoulli,bernoulli,4,completed
rep14,start_B,4,poisson,-72.52201340448912,145.04402680897823,,bfgs,12,True,4.683233356672644e-10,False,0.2932834591117615,bernoulli,bernoulli,4,completed
rep14,start_B,5,bernoulli,-44.364869278585694,88.72973855717139,,bfgs,7,False,2.004241312469901e-07,False,1.0201111484125733,bernoulli,bernoulli,4,completed
rep14,start_B,5,poisson,-72.06352481520523,144.12704963041045,,bfgs,11,True,2.1281238105075317e-09,False,0.2483314935886901,bernoulli,bernoulli,4,completed
rep14,start_B,6,bernoulli,-43.47278832083447,86.94557664166894,,bfgs,8,True,9.653966515088541e-12,True,1.158250304141471,bernoulli,bernoulli,4,completed
rep14,start_B,6,poisson,-72.03397308038053,144.06794616076107,,bfgs,12,True,5.682299075715491e-12,True,0.27520614906365465,bernoulli,bernoulli,4,completed
rep14,start_B,7,bernoulli,-46.316199425272025,92.63239885054405,,bfgs,8,True,1.1472227612330244e-10,False,0.8378999354851642,bernoulli,bernoulli,4,completed
rep14,start_B,7,poisson,-72.33587375912558,144.67174751825115,,bfgs,13,True,5.530919722218641e-10,False,0.23861076441729898,bernoulli,bernoulli,4,completed
rep14,start_B,8,bernoulli,-50.52046653469391,101.04093306938782,,bfgs,8,True,3.2089886303765526e-13,True,0.39930654891003214,bernoulli,bernoulli,4,completed
rep14,start_B,8,poisson,-74.40788139202418,148.81576278404836,,bfgs,8,False,3.0226540830291527e-07,False,0.11219761117138438,bernoulli,bernoulli,4,completed
rep14,start_B,3,bernoulli,-42.17395264346263,84.34790528692525,,bfgs,10,True,2.4931168240982515e-12,True,1.0912640070999182,bernoulli,bernoulli,5,completed
rep14,start_B,3,poisson,-71.37020882031865,142.7404176406373,,bfgs,12,True,3.9112175720390497e-10,False,0.278340445922485,bernoulli,bernoulli,5,completed
rep14,start_B,4,bernoulli,-44.51743489180183,89.03486978360365,,bfgs,10,True,1.9368417980558662e-11,True,1.270455143611258,bernoulli,bernoulli,5,completed
rep14,start_B,4,poisson,-73.62711817755248,147.25423635510495,,bfgs,12,False,1.8669722390285414e-08,False,0.20300778039083253,bernoulli,bernoulli,5,completed
rep14,start_B,5,bernoulli,-42.37251806079813,84.74503612159626,,bfgs,10,False,4.503285104817678e-08,False,1.30890979438729,bernoulli,bernoulli,5,completed
rep14,start_B,5,poisson,-72.27120680153517,144.54241360307034,,bfgs,16,True,9.563839853399259e-09,False,0.2288778024502698,bernoulli,bernoulli,5,completed
rep14,start_B,6,bernoulli,-41.181714682069654,82.36342936413931,,bfgs,9,True,9.477647999744932e-10,False,1.4663553842200945,bernoulli,bernoulli,5,completed
rep14,start_B,6,poisson,-72.42929102831394,144.85858205662788,,bfgs,15,False,1.0604827860305476e-08,False,0.2617714235745664,bernoulli,bernoulli,5,completed
rep14,start_B,7,bernoulli,-44.081936739178445,88.16387347835689,,bfgs,9,True,3.4868197218429485e-11,True,1.2202396868443863,bernoulli,bernoulli,5,completed
rep14,start_B,7,poisson,-72.45819992591494,144.91639985182988,,bfgs,14,False,8.324070943643846e-08,False,0.24012561682870223,bernoulli,bernoulli,5,completed
rep14,start_B,8,bernoulli,-48.36760803259745,96.7352160651949,,bfgs,9,True,5.639084310615771e-10,False,0.7846330971388323,bernoulli,bernoulli,5,completed
rep14,start_B,8,poisson,-74.13960158798838,148.27920317597676,,bfgs,13,True,1.904025381804786e-09,False,0.1652970854891945,bernoulli,bernoulli,5,completed
rep15,start_B,3,bernoulli,-49.43012875587054,98.86025751174108,,bfgs,2,True,6.242134231726481e-09,False,0.5507081552980663,bernoulli,bernoulli,1,completed
rep15,start_B,3,poisson,-74.87196596623667,149.74393193247334,,bfgs,5,True,1.7763568394002505e-15,True,0.058150378875424236,bernoulli,bernoulli,1,completed
rep15,start_B,4,bernoulli,-46.256185050309945,92.51237010061989,,bfgs,4,True,1.2967404927621828e-14,True,0.8813524890380888,bernoulli,bernoulli,1,completed
rep15,start_B,4,poisson,-72.51526696328813,145.03053392657625,,bfgs,6,True,1.7274093266905767e-11,True,0.2548160608594037,bernoulli,bernoulli,1,completed
rep15,start_B,5,bernoulli,-51.917988708850444,103.83597741770089,,bfgs,4,True,1.1368683772161604e-14,True,0.08531857699309327,bernoulli,bernoulli,1,completed
rep15,start_B,5,poisson,-74.91193095746927,149.82386191493853,,bfgs,4,True,1.1119993814645568e-13,True,0.04855961215977262,bernoulli,bernoulli,1,completed
rep15,start_B,6,bernoulli,-32.58940797944102,65.17881595888204,,bfgs,4,True,1.4623857680362562e-13,True,2.217182721975421,bernoulli,bernoulli,1,completed
rep15,start_B,6,poisson,-72.79776582221595,145.5955316444319,,bfgs,10,True,1.2434497875801752e-15,True,0.23404009730324032,bernoulli,bernoulli,1,completed
rep15,start_B,7,bernoulli,-51.93220957278204,103.86441914556409,,bfgs,4,True,4.2899017671516046e-14,True,0.07585940565416131,bernoulli,bernoulli,1,completed
rep15,start_B,7,poisson,-74.90315327693288,149.80630655386577,,bfgs,3,False,7.050232994298966e-07,False,0.05092468684109782,bernoulli,bernoulli,1,completed
rep15,start_B,8,bernoulli,-51.737460701096055,103.47492140219211,,bfgs,4,True,4.956923760346399e-13,True,0.16367960377689506,bernoulli,bernoulli,1,completed
rep15,start_B,8,poisson,-74.54189095372142,149.08378190744284,,bfgs,4,True,5.5824500577728034e-11,True,0.11073933464863743,bernoulli,bernoulli,1,completed
rep15,start_B,3,bernoulli,-48.323959612635875,96.64791922527175,,bfgs,5,True,5.521521018181375e-11,True,0.6677816757976426,bernoulli,bernoulli,2,completed
rep15,start_B,3,poisson,-74.67060167759298,149.34120335518597,,bfgs,9,True,1.36154992835813e-09,False,0.09014382777311378,bernoulli,bernoulli,2,completed
rep15,start_B,4,bernoulli,-45.07667419725943,90.15334839451886,,bfgs,5,False,1.9817899667984307e-07,False,0.9205854275821648,bernoulli,bernoulli,2,completed
rep15,start_B,4,poisson,-72.91773076542447,145.83546153084893,,bfgs,9,True,1.2565908313888484e-10,False,0.22178760792032964,bernoulli,bernoulli,2,completed
rep15,start_B,5,bernoulli,-51.54351078869699,103.08702157739398,,bfgs,5,True,1.347419953390272e-10,False,0.20917705481848384,bernoulli,bernoulli,2,completed
rep15,start_B,5,poisson,-74.74849981006938,149.49699962013875,,bfgs,6,True,8.264589013151636e-12,True,0.08572693077442016,bernoulli,bernoulli,2,completed
rep15,start_B,6,bernoulli,-30.57673823768415,61.1534764753683,,bfgs,5,True,2.7612356845452267e-13,True,2.392984008733032,bernoulli,bernoulli,2,completed
rep15,start_B,6,poisson,-72.30880858302723,144.61761716605446,,bfgs,15,True,1.540951899414722e-09,False,0.2539034281470302,bernoulli,bernoulli,2,completed
rep15,start_B,7,bernoulli,-51.42977061989802,102.85954123979604,,bfgs,4,True,1.6875389974302379e-15,True,0.25180920760527825,bernoulli,bernoulli,2,completed
rep15,start_B,7,poisson,-74.84538142081692,149.69076284163384,,bfgs,6,True,4.198875025451798e-10,False,0.062292536886036,bernoulli,bernoulli,2,completed
rep15,start_B,8,bernoulli,-47.8164718836252,95.6329437672504,,bfgs,5,True,3.254196911939289e-12,True,0.7569308674534508,bernoulli,bernoulli,2,completed
rep15,start_B,8,poisson,-72.99539824220788,145.99079648441577,,bfgs,8,True,6.800231489023645e-11,True,0.246012535355581,bernoulli,bernoulli,2,completed
rep15,start_B,3,bernoulli,-46.962862010966454,93.92572402193291,,bfgs,7,True,1.7147172570730617e-12,True,0.8116217754986959,bernoulli,bernoulli,3,completed
rep15,start_B,3,poisson,-74.27427217753254,148.54854435506508,,bfgs,11,True,8.376654508923665e-11,True,0.1478830995215311,bernoulli,bernoulli,3,completed
rep15,start_B,4,bernoulli,-44.50381173638567,89.00762347277134,,bfgs,7,True,1.4110268509170965e-11,True,0.9262277977076699,bernoulli,bernoulli,3,completed
rep15,start_B,4,poisson,-72.67912511306791,145.35825022613582,,bfgs,12,True,1.6999059937461424e-10,False,0.22187177875444494,bernoulli,bernoulli,3,completed
rep15,start_B,5,bernoulli,-50.34527124223944,100.69054248447888,,bfgs,7,True,5.786970902477151e-11,True,0.4823305570169095,bernoulli,bernoulli,3,completed
rep15,start_B,5,poisson,-74.20900489188196,148.41800978376392,,bfgs,8,True,9.924989080589698e-10,False,0.16105518162932786,bernoulli,bernoulli,3,completed
rep15,start_B,6,bernoulli,-30.99428634764581,61.98857269529162,,bfgs,5,False,2.145063811020975e-08,False,2.1659377071364108,bernoulli,bernoulli,3,completed
rep15,start_B,6,poisson,-72.41780866105361,144.83561732210723,,bfgs,19,True,1.3829613010329922e-09,False,0.2331399640978499,bernoulli,bernoulli,3,completed
rep15,start_B,7,bernoulli,-51.31089980633209,102.62179961266418,,bfgs,8,True,2.1182167131428287e-12,True,0.2738326417707243,bernoulli,bernoulli,3,completed
rep15,start_B,7,poisson,-74.85505728301057,149.71011456602113,,bfgs,8,True,2.853120406598464e-10,False,0.05655562509011132,bernoulli,bernoulli,3,completed
rep15,start_B,8,bernoulli,-46.05072910722745,92.1014582144549,,bfgs,6,False,7.661769407807384e-08,False,0.9083735210188826,bernoulli,bernoulli,3,completed
rep15,start_B,8,poisson,-72.48629229066373,144.97258458132745,,bfgs,11,True,8.494986936113947e-11,True,0.2636121871910678,bernoulli,bernoulli,3,completed
rep15,start_B,3,bernoulli,-46.30140963951571,92.60281927903142,,bfgs,8,True,1.934682725135417e-09,False,0.8468829596811414,bernoulli,bernoulli,4,completed
rep15,start_B,3,poisson,-74.32684696408485,148.6536939281697,,bfgs,12,True,2.0956132940064264e-10,False,0.1340296139884851,bernoulli,bernoulli,4,completed
rep15,start_B,4,bernoulli,-44.15411078787823,88.30822157575646,,bfgs,8,True,2.3002932891813544e-12,True,0.9121610434705909,bernoulli,bernoulli,4,completed
rep15,start_B,4,poisson,-72.64353868877458,145.28707737754917,,bfgs,13,True,2.6886475268383947e-09,False,0.20917632303519693,bernoulli,bernoulli,4,completed
rep15,start_B,5,bernoulli,-49.261666329407184,98.52333265881437,,bfgs,8,True,2.6834534594399885e-12,True,0.6364111642575826,bernoulli,bernoulli,4,completed
rep15,start_B,5,poisson,-73.86303770890366,147.72607541780732,,bfgs,12,True,3.1922933740879955e-10,False,0.19169633381982673,bernoulli,bernoulli,4,completed
rep15,start_B,6,bernoulli,-31.52287319534603,63.04574639069206,,bfgs,9,True,1.9558710206979414e-11,True,2.012303273608992,bernoulli,bernoulli,4,completed
rep15,start_B,6,poisson,-72.59237711442248,145.18475422884495,,bfgs,23,True,9.757169294744018e-10,False,0.2132813511223698,bernoulli,bernoulli,4,completed
rep15,start_B,7,bernoulli,-50.54880262780273,101.09760525560546,,bfgs,7,True,4.299077005498475e-09,False,0.3972198950130742,bernoulli,bernoulli,4,completed
rep15,start_B,7,poisson,-74.66200964451335,149.3240192890267,,bfgs,9,False,2.031829067994373e-07,False,0.09575735488349638,bernoulli,bernoulli,4,completed
rep15,start_B,8,bernoulli,-45.5940549303845,91.188109860769,,bfgs,8,True,3.521254421379183e-09,False,0.911908144007755,bernoulli,bernoulli,4,completed
rep15,start_B,8,poisson,-72.17754648938858,144.35509297877715,,bfgs,13,False,8.79654995677992e-08,False,0.2673922604765813,bernoulli,bernoulli,4,completed
rep15,start_B,3,bernoulli,-45.287547839389774,90.57509567877955,,bfgs,9,True,4.7908343958624755e-11,True,0.9280511773368411,bernoulli,bernoulli,5,completed
rep15,start_B,3,poisson,-73.68051110641662,147.36102221283323,,bfgs,13,False,4.437220973707579e-08,False,0.19630958166849952,bernoulli,bernoulli,5,completed
rep15,start_B,4,bernoulli,-43.14705348014461,86.29410696028923,,bfgs,9,True,1.1835843416463377e-11,True,0.9682683398375058,bernoulli,bernoulli,5,completed
rep15,start_B,4,poisson,-71.94426362501449,143.88852725002897,,bfgs,15,True,2.771894713760048e-10,False,0.26587822100681663,bernoulli,bernoulli,5,completed
rep15,start_B,5,bernoulli,-46.592872112459546,93.18574422491909,,bfgs,10,True,1.7023342735456025e-10,False,1.0367831416929596,bernoulli,bernoulli,5,completed
rep15,start_B,5,poisson,-72.6218502152243,145.2437004304486,,bfgs,13,True,1.6131107449801619e-09,False,0.3033888008792972,bernoulli,bernoulli,5,completed
rep15,start_B,6,bernoulli,-29.221242527695857,58.442485055391714,,bfgs,10,True,1.224188916904012e-09,False,2.3222603149002308,bernoulli,bernoulli,5,completed
rep15,start_B,6,poisson,-72.4794117260478,144.9588234520956,,bfgs,22,False,9.048668565547757e-08,False,0.20865337161689368,bernoulli,bernoulli,5,completed
rep15,start_B,7,bernoulli,-47.35942799985054,94.71885599970108,,bfgs,9,True,1.3630536699338337e-10,False,0.9538246000214426,bernoulli,bernoulli,5,completed
rep15,start_B,7,poisson,-74.39286575001167,148.78573150002333,,bfgs,14,True,1.5728789937163867e-09,False,0.15302010434105692,bernoulli,bernoulli,5,completed
rep15,start_B,8,bernoulli,-44.777291089488656,89.55458217897731,,bfgs,10,True,2.0771169229050202e-10,False,0.9930890119337641,bernoulli,bernoulli,5,completed
rep15,start_B,8,poisson,-72.21253542501186,144.42507085002373,,bfgs,13,True,5.054046070540608e-10,False,0.2643934948380818,bernoulli,bernoulli,5,completed
rep16,start_B,3,bernoulli,-51.72149002357577,103.44298004715154,,bfgs,3,True,3.2507330161024585e-14,True,0.16880565141794263,bernoulli,bernoulli,1,completed
rep16,start_B,3,poisson,-74.74501627742448,149.49003255484897,,bfgs,5,True,2.320366121466577e-15,True,0.08203275742528075,bernoulli,bernoulli,1,completed
rep16,start_B,4,bernoulli,-51.79779987798971,103.59559975597942,,bfgs,3,False,3.0856089017206045e-08,False,0.1421926187804746,bernoulli,bernoulli,1,completed
rep16,start_B,4,poisson,-74.78369796693849,149.56739593387698,,bfgs,5,True,1.5987211554602255e-15,True,0.07559832495859675,bernoulli,bernoulli,1,completed
rep16,start_B,5,bernoulli,-49.61494752891853,99.22989505783706,,bfgs,4,True,2.020605904817785e-15,True,0.5254981598333275,bernoulli,bernoulli,1,completed
rep16,start_B,5,poisson,-74.74008076934827,149.48016153869654,,bfgs,5,True,2.7533531010703883e-15,True,0.08329753440792179,bernoulli,bernoulli,1,completed
rep16,start_B,6,bernoulli,-49.57079981689933,99.14159963379866,,bfgs,4,True,5.281108883536945e-13,True,0.530804513407548,bernoulli,bernoulli,1,completed
rep16,start_B,6,poisson,-74.73307143834566,149.46614287669132,,bfgs,5,True,5.329070518200751e-16,True,0.08441113973889129,bernoulli,bernoulli,1,completed
rep16,start_B,7,bernoulli,-51.4139319940668,102.8278639881336,,bfgs,3,True,3.83071352416664e-13,True,0.2496546580519342,bernoulli,bernoulli,1,completed
rep16,start_B,7,poisson,-74.61020577160576,149.22041154321153,,bfgs,5,True,1.0963200125502227e-09,False,0.1012336229984164,bernoulli,bernoulli,1,completed
rep16,start_B,8,bernoulli,-51.90431096244011,103.80862192488021,,bfgs,3,True,1.7763568394002505e-15,True,0.09350900203324923,bernoulli,bernoulli,1,completed
rep16,start_B,8,poisson,-74.98867519179822,149.97735038359644,,bfgs,4,True,2.6070701153457778e-12,True,0.017365717830844108,bernoulli,bernoulli,1,completed
rep16,start_B,3,bernoulli,-47.85637019474873,95.71274038949745,,bfgs,5,True,9.009095691681068e-11,True,0.7942925947902572,bernoulli,bernoulli,2,completed
rep16,start_B,3,poisson,-73.25320582480431,146.50641164960862,,bfgs,7,True,1.7126262630284829e-10,False,0.2362417609164924,bernoulli,bernoulli,2,completed
rep16,start_B,4,bernoulli,-50.70118982558351,101.40237965116702,,bfgs,5,True,5.8855981421857e-09,False,0.38639597188400804,bernoulli,bernoulli,2,completed
rep16,start_B,4,poisson,-74.20744661907622,148.41489323815244,,bfgs,6,True,2.5726087926614125e-13,True,0.15352317191384035,bernoulli,bernoulli,2,completed
rep16,start_B,5,bernoulli,-48.919569892568255,97.83913978513651,,bfgs,5,True,1.2361223156176493e-12,True,0.5834168936598642,bernoulli,bernoulli,2,completed
rep16,start_B,5,poisson,-74.32490692163151,148.64981384326302,,bfgs,6,True,7.384221012429748e-10,False,0.12959295490365283,bernoulli,bernoulli,2,completed
rep16,start_B,6,bernoulli,-50.5663036639269,101.1326073278538,,bfgs,6,True,3.475557619481151e-11,True,0.38412609672148296,bernoulli,bernoulli,2,completed
rep16,start_B,6,poisson,-74.65518737469552,149.31037474939103,,bfgs,7,True,2.0761170560490427e-15,True,0.09428021799212663,bernoulli,bernoulli,2,completed
rep16,start_B,7,bernoulli,-49.636153229056774,99.27230645811355,,bfgs,6,True,4.4870773763250326e-13,True,0.5506604897046379,bernoulli,bernoulli,2,completed
rep16,start_B,7,poisson,-73.78638375821618,147.57276751643235,,bfgs,6,True,9.14823772291129e-13,True,0.19313259894539503,bernoulli,bernoulli,2,completed
rep16,start_B,8,bernoulli,-47.26381395647918,94.52762791295837,,bfgs,5,True,1.2505104507454235e-09,False,0.8654421846616045,bernoulli,bernoulli,2,completed
rep16,start_B,8,poisson,-74.51742052089317,149.03484104178634,,bfgs,9,True,3.775599832778198e-11,True,0.11351028458988795,bernoulli,bernoulli,2,completed
rep16,start_B,3,bernoulli,-45.99835592966185,91.9967118593237,,bfgs,7,True,1.4117052415940635e-09,False,0.9603615744558383,bernoulli,bernoulli,3,completed
rep16,start_B,3,poisson,-72.00532341544181,144.01064683088362,,bfgs,10,True,8.573025583880068e-09,False,0.30163733618390237,bernoulli,bernoulli,3,completed
rep16,start_B,4,bernoulli,-50.343324757481355,100.68664951496271,,bfgs,7,True,1.475530808647818e-12,True,0.4425299269753372,bernoulli,bernoulli,3,completed
rep16,start_B,4,poisson,-73.90432243515667,147.80864487031334,,bfgs,8,True,3.4607097187944193e-10,False,0.17967058017560592,bernoulli,bernoulli,3,completed
rep16,start_B,5,bernoulli,-49.908966871897675,99.81793374379535,,bfgs,8,True,9.015010959956271e-15,True,0.45721088971738827,bernoulli,bernoulli,3,completed
rep16,start_B,5,poisson,-74.3399428798109,148.6798857596218,,bfgs,9,False,1.7350904035762228e-08,False,0.13250918696153322,bernoulli,bernoulli,3,completed
rep16,start_B,6,bernoulli,-43.15424272905683,86.30848545811367,,bfgs,8,True,5.868052710411575e-11,True,1.197458717095893,bernoulli,bernoulli,3,completed
rep16,start_B,6,poisson,-73.82201153207687,147.64402306415374,,bfgs,10,False,3.692105419172975e-08,False,0.1809304570637537,bernoulli,bernoulli,3,completed
rep16,start_B,7,bernoulli,-43.431397878680315,86.86279575736063,,bfgs,6,True,7.362925380505203e-10,False,1.184792840231451,bernoulli,bernoulli,3,completed
rep16,start_B,7,poisson,-72.91329209788631,145.82658419577263,,bfgs,11,True,3.095785849893673e-11,True,0.24575419309107446,bernoulli,bernoulli,3,completed
rep16,start_B,8,bernoulli,-46.34536689839556,92.69073379679112,,bfgs,8,True,9.970912984158531e-12,True,0.9246413267218606,bernoulli,bernoulli,3,completed
rep16,start_B,8,poisson,-73.77785798633204,147.55571597266407,,bfgs,12,True,1.5585059021105962e-09,False,0.19447643133054374,bernoulli,bernoulli,3,completed
rep16,start_B,3,bernoulli,-41.95691492088318,83.91382984176636,,bfgs,8,True,1.7168844124171302e-11,True,1.5129859570980753,bernoulli,bernoulli,4,completed
rep16,start_B,3,poisson,-68.6657352651463,137.3314705302926,,bfgs,10,True,3.3528489429279774e-10,False,0.5245378027157035,bernoulli,bernoulli,4,completed
rep16,start_B,4,bernoulli,-47.055921095347514,94.11184219069503,,bfgs,7,True,3.736243758822866e-10,False,0.9624792549325287,bernoulli,bernoulli,4,completed
rep16,start_B,4,poisson,-74.05896113778701,148.11792227557402,,bfgs,12,True,9.715819682121207e-09,False,0.15353946029869092,bernoulli,bernoulli,4,completed
rep16,start_B,5,bernoulli,-48.153819849088165,96.30763969817633,,bfgs,7,True,4.5854791075328193e-10,False,0.7470003226287892,bernoulli,bernoulli,4,completed
rep16,start_B,5,poisson,-74.10496821172038,148.20993642344075,,bfgs,12,False,1.4251465385584084e-08,False,0.14813616639291793,bernoulli,bernoulli,4,completed
rep16,start_B,6,bernoulli,-37.07019228699388,74.14038457398776,,bfgs,8,True,4.16566781069605e-10,False,1.9734017857783737,bernoulli,bernoulli,4,completed
rep16,start_B,6,poisson,-70.41097574530473,140.82195149060945,,bfgs,17,True,1.7431742271867278e-09,False,0.4736782917442239,bernoulli,bernoulli,4,completed
rep16,start_B,7,bernoulli,-44.589000887597614,89.17800177519523,,bfgs,8,True,1.858297515866525e-10,False,0.981746539047689,bernoulli,bernoulli,4,completed
rep16,start_B,7,poisson,-72.69118766273144,145.38237532546287,,bfgs,12,True,3.0310304488523342e-09,False,0.2778154173037942,bernoulli,bernoulli,4,completed
rep16,start_B,8,bernoulli,-43.51313435638118,87.02626871276236,,bfgs,9,True,2.4331616055306425e-09,False,1.2387070527984467,bernoulli,bernoulli,4,completed
rep16,start_B,8,poisson,-73.45309391429282,146.90618782858564,,bfgs,13,False,1.922086945160828e-08,False,0.2021910569212181,bernoulli,bernoulli,4,completed
rep16,start_B,3,bernoulli,-41.850027696419986,83.70005539283997,,bfgs,11,True,1.0674661155007925e-11,True,1.4303477087463448,bernoulli,bernoulli,5,completed
rep16,start_B,3,poisson,-68.60461989946681,137.20923979893362,,bfgs,13,True,1.9816114527060335e-09,False,0.4860594063022354,bernoulli,bernoulli,5,completed
rep16,start_B,4,bernoulli,-43.31194125174856,86.62388250349711,,bfgs,10,True,8.607372592450701e-11,True,1.409985905269673,bernoulli,bernoulli,5,completed
rep16,start_B,4,poisson,-73.2565194001788,146.5130388003576,,bfgs,14,True,2.233611073876318e-11,True,0.2295374722415641,bernoulli,bernoulli,5,completed
rep16,start_B,5,bernoulli,-44.1907948569049,88.3815897138098,,bfgs,10,True,1.1389790444127356e-09,False,1.3139914676233526,bernoulli,bernoulli,5,completed
rep16,start_B,5,poisson,-73.61200249742127,147.22400499484255,,bfgs,12,False,8.133196713333568e-08,False,0.230799857549961,bernoulli,bernoulli,5,completed
rep16,start_B,6,bernoulli,-36.72466963645154,73.44933927290307,,bfgs,10,True,2.2183233028272297e-11,True,2.084817383400759,bernoulli,bernoulli,5,completed
rep16,start_B,6,poisson,-70.10680532542813,140.21361065085625,,bfgs,17,True,5.305090478024965e-09,False,0.479999726753367,bernoulli,bernoulli,5,completed
rep16,start_B,7,bernoulli,-38.8087885323435,77.617577064687,,bfgs,11,True,4.348743587456738e-13,True,1.8042026218710046,bernoulli,bernoulli,5,completed
rep16,start_B,7,poisson,-71.04375935942929,142.08751871885858,,bfgs,14,True,8.37330471625819e-10,False,0.4074061275845268,bernoulli,bernoulli,5,completed
rep16,start_B,8,bernoulli,-42.116684001805204,84.23336800361041,,bfgs,9,True,7.2308311338531436e-09,False,1.3649260288940386,bernoulli,bernoulli,5,completed
rep16,start_B,8,poisson,-73.52568564844837,147.05137129689675,,bfgs,12,True,6.782863160026409e-12,True,0.19970704390550253,bernoulli,bernoulli,5,completed
rep17,start_B,3,bernoulli,-49.64241438351426,99.28482876702851,,bfgs,3,True,5.774844602512985e-10,False,0.5250386024135926,bernoulli,bernoulli,1,completed
rep17,start_B,3,poisson,-74.88451676917846,149.76903353835692,,bfgs,5,True,9.729994587814872e-14,True,0.05499319139038112,bernoulli,bernoulli,1,completed
rep17,start_B,4,bernoulli,-38.136808349457375,76.27361669891475,,bfgs,4,True,6.004585717533928e-11,True,1.6796744916101565,bernoulli,bernoulli,1,completed
rep17,start_B,4,poisson,-70.49806896442458,140.99613792884915,,bfgs,8,True,8.881784197001252e-16,True,0.3485989595584373,bernoulli,bernoulli,1,completed
rep17,start_B,5,bernoulli,-51.56075326642349,103.12150653284698,,bfgs,4,True,3.950928473273052e-12,True,0.21485789078632184,bernoulli,bernoulli,1,completed
rep17,start_B,5,poisson,-74.44906969754042,148.89813939508085,,bfgs,4,True,7.843947713581656e-13,True,0.12270525619861437,bernoulli,bernoulli,1,completed
rep17,start_B,6,bernoulli,-51.429052635547166,102.85810527109433,,bfgs,3,True,3.547935278902514e-11,True,0.24655502453635328,bernoulli,bernoulli,1,completed
rep17,start_B,6,poisson,-74.37677113893672,148.75354227787344,,bfgs,4,True,1.0400569294688466e-13,True,0.13056192293591298,bernoulli,bernoulli,1,completed
rep17,start_B,7,bernoulli,-50.53662716828005,101.0732543365601,,bfgs,2,True,3.4932057246805926e-13,True,0.4051820236163118,bernoulli,bernoulli,1,completed
rep17,start_B,7,poisson,-74.96626540878,149.93253081756,,bfgs,5,True,5.34171318289367e-13,True,0.029854077858689487,bernoulli,bernoulli,1,completed
rep17,start_B,8,bernoulli,-50.91920296916902,101.83840593833804,,bfgs,3,True,4.662936703425658e-16,True,0.34485233948183375,bernoulli,bernoulli,1,completed
rep17,start_B,8,poisson,-74.98987267726913,149.97974535453827,,bfgs,5,True,6.653344541973638e-13,True,0.01639298607165021,bernoulli,bernoulli,1,completed
rep17,start_B,3,bernoulli,-48.5623259359527,97.1246518719054,,bfgs,4,True,2.3518165193081585e-11,True,0.6650339554266569,bernoulli,bernoulli,2,completed
rep17,start_B,3,poisson,-74.62440285618297,149.24880571236594,,bfgs,9,True,4.00608435313643e-12,True,0.1012502520164214,bernoulli,bernoulli,2,completed
rep17,start_B,4,bernoulli,-36.61659428898595,73.2331885779719,,bfgs,5,True,6.313045197714473e-10,False,1.8375413360010837,bernoulli,bernoulli,2,completed
rep17,start_B,4,poisson,-70.28639634394688,140.57279268789375,,bfgs,11,True,7.35940908214161e-09,False,0.35231121031518753,bernoulli,bernoulli,2,completed
rep17,start_B,5,bernoulli,-50.75606498932497,101.51212997864994,,bfgs,5,True,1.5450751789103378e-12,True,0.3838917910777668,bernoulli,bernoulli,2,completed
rep17,start_B,5,poisson,-74.22267383965638,148.44534767931276,,bfgs,5,True,4.2099657093785935e-14,True,0.14789991626447493,bernoulli,bernoulli,2,completed
rep17,start_B,6,bernoulli,-51.365558872365185,102.73111774473037,,bfgs,7,True,8.821388064461644e-13,True,0.25263970062168456,bernoulli,bernoulli,2,completed
rep17,start_B,6,poisson,-74.3586309381504,148.7172618763008,,bfgs,7,True,1.0508349745919077e-11,True,0.1270546908334689,bernoulli,bernoulli,2,completed
rep17,start_B,7,bernoulli,-50.328457291545206,100.65691458309041,,bfgs,6,True,4.4805492649402364e-12,True,0.4322152500436846,bernoulli,bernoulli,2,completed
rep17,start_B,7,poisson,-74.80174384279631,149.60348768559263,,bfgs,7,True,1.0452719939602062e-11,True,0.07521627964063866,bernoulli,bernoulli,2,completed
rep17,start_B,8,bernoulli,-43.950507958036766,87.90101591607353,,bfgs,5,True,2.6906921135605444e-11,True,1.1390433943934302,bernoulli,bernoulli,2,completed
rep17,start_B,8,poisson,-73.48203058492327,146.96406116984653,,bfgs,7,True,7.666770966696656e-09,False,0.20942442209210715,bernoulli,bernoulli,2,completed
rep17,start_B,3,bernoulli,-48.796240402289584,97.59248080457917,,bfgs,6,False,3.834214648001932e-08,False,0.6100123262263081,bernoulli,bernoulli,3,completed
rep17,start_B,3,poisson,-74.75199010449704,149.50398020899408,,bfgs,10,False,1.2193541393701323e-06,False,0.07989146589456637,bernoulli,bernoulli,3,completed
rep17,start_B,4,bernoulli,-37.84427393657637,75.68854787315274,,bfgs,8,True,1.639416047360953e-10,False,1.6458919759100317,bernoulli,bernoulli,3,completed
rep17,start_B,4,poisson,-69.98898823231362,139.97797646462723,,bfgs,13,False,1.66318167771351e-07,False,0.3533276312897591,bernoulli,bernoulli,3,completed
rep17,start_B,5,bernoulli,-50.29871448097558,100.59742896195117,,bfgs,6,True,3.8678393821101055e-12,True,0.43291800814818965,bernoulli,bernoulli,3,completed
rep17,start_B,5,poisson,-73.9476929012765,147.895385802553,,bfgs,8,True,6.792895135276922e-11,True,0.1660490343309233,bernoulli,bernoulli,3,completed
rep17,start_B,6,bernoulli,-51.01902888165863,102.03805776331725,,bfgs,7,True,9.107390397389282e-11,True,0.32167591352107033,bernoulli,bernoulli,3,completed
rep17,start_B,6,poisson,-74.0820217601356,148.1640435202712,,bfgs,8,True,5.945799408380026e-12,True,0.1503717275240287,bernoulli,bernoulli,3,completed
rep17,start_B,7,bernoulli,-46.642085803795496,93.28417160759099,,bfgs,6,True,6.695289656022396e-10,False,0.9023753178650409,bernoulli,bernoulli,3,completed
rep17,start_B,7,poisson,-73.70199159416038,147.40398318832075,,bfgs,12,True,4.050315083325984e-11,True,0.1975448194121969,bernoulli,bernoulli,3,completed
rep17,start_B,8,bernoulli,-44.18411554022706,88.36823108045412,,bfgs,7,True,1.5860202040585137e-12,True,1.0671887682757724,bernoulli,bernoulli,3,completed
rep17,start_B,8,poisson,-73.47498649764697,146.94997299529393,,bfgs,10,True,2.147423183718189e-10,False,0.2017816319153796,bernoulli,bernoulli,3,completed
rep17,start_B,3,bernoulli,-47.2041260571137,94.4082521142274,,bfgs,8,True,2.9957816227721423e-09,False,0.8841062753472182,bernoulli,bernoulli,4,completed
rep17,start_B,3,poisson,-74.52023159463253,149.04046318926507,,bfgs,14,True,1.496127666200664e-11,True,0.12900590257701128,bernoulli,bernoulli,4,completed
rep17,start_B,4,bernoulli,-35.81191778264683,71.62383556529366,,bfgs,7,True,2.5035429285225064e-10,False,1.688469754384416,bernoulli,bernoulli,4,completed
rep17,start_B,4,poisson,-69.75581922455817,139.51163844911633,,bfgs,14,False,1.823777290077544e-07,False,0.33116292462962643,bernoulli,bernoulli,4,completed
rep17,start_B,5,bernoulli,-49.899038015361214,99.79807603072243,,bfgs,9,True,7.965894610606483e-12,True,0.6008714203871612,bernoulli,bernoulli,4,completed
rep17,start_B,5,poisson,-73.64742648860052,147.29485297720103,,bfgs,11,True,7.193564854901524e-10,False,0.2233825412112875,bernoulli,bernoulli,4,completed
rep17,start_B,6,bernoulli,-42.9219521030156,85.8439042060312,,bfgs,9,True,2.3717205976936385e-11,True,1.7230632307050036,bernoulli,bernoulli,4,completed
rep17,start_B,6,poisson,-73.00414109267668,146.00828218535335,,bfgs,14,True,8.964941233813306e-10,False,0.2932703210345654,bernoulli,bernoulli,4,completed
rep17,start_B,7,bernoulli,-42.83077458999336,85.66154917998672,,bfgs,8,True,1.0402493366701294e-09,False,1.4740073750734846,bernoulli,bernoulli,4,completed
rep17,start_B,7,poisson,-73.53524095902416,147.07048191804833,,bfgs,13,True,4.872674430611568e-09,False,0.23452814579933093,bernoulli,bernoulli,4,completed
rep17,start_B,8,bernoulli,-42.57182016702893,85.14364033405786,,bfgs,8,True,9.25292176212622e-11,True,1.1086467902453419,bernoulli,bernoulli,4,completed
rep17,start_B,8,poisson,-73.2085233192715,146.417046638543,,bfgs,12,True,8.237886817141771e-10,False,0.20318117770661742,bernoulli,bernoulli,4,completed
rep17,start_B,3,bernoulli,-47.89444939268644,95.78889878537288,,bfgs,9,False,4.935179527265632e-08,False,0.6609963706518204,bernoulli,bernoulli,5,completed
rep17,start_B,3,poisson,-74.51632212914153,149.03264425828306,,bfgs,14,True,9.988722937670502e-09,False,0.11860482232316291,bernoulli,bernoulli,5,completed
rep17,start_B,4,bernoulli,-36.217212767758795,72.43442553551759,,bfgs,9,True,2.439917323737717e-10,False,1.5614037136038923,bernoulli,bernoulli,5,completed
rep17,start_B,4,poisson,-69.27870420209322,138.55740840418645,,bfgs,15,False,3.0769843979427946e-07,False,0.3421320083096192,bernoulli,bernoulli,5,completed
rep17,start_B,5,bernoulli,-40.43830422602601,80.87660845205203,,bfgs,10,True,5.071860265104533e-10,False,1.796016872835747,bernoulli,bernoulli,5,completed
rep17,start_B,5,poisson,-72.05910392954539,144.11820785909077,,bfgs,15,True,2.0161176506050536e-09,False,0.3352633719756598,bernoulli,bernoulli,5,completed
rep17,start_B,6,bernoulli,-40.23389899735266,80.46779799470532,,bfgs,10,True,9.080212137746458e-11,True,1.8538018975884316,bernoulli,bernoulli,5,completed
rep17,start_B,6,poisson,-73.0040816501992,146.0081633003984,,bfgs,13,True,4.667808278790986e-10,False,0.25758907954863264,bernoulli,bernoulli,5,completed
rep17,start_B,7,bernoulli,-38.322723587049,76.645447174098,,bfgs,10,True,3.450346675037963e-11,True,2.017339387617364,bernoulli,bernoulli,5,completed
rep17,start_B,7,poisson,-71.89059593351126,143.78119186702253,,bfgs,16,True,1.620303557992031e-09,False,0.3560169151194332,bernoulli,bernoulli,5,completed
rep17,start_B,8,bernoulli,-38.52570064056772,77.05140128113544,,bfgs,10,True,2.0248869248007396e-11,True,1.6246408782232307,bernoulli,bernoulli,5,completed
rep17,start_B,8,poisson,-71.42844308509548,142.85688617019096,,bfgs,13,True,1.796699455880457e-11,True,0.34583265899999316,bernoulli,bernoulli,5,completed
rep18,start_B,3,bernoulli,-51.588545765343426,103.17709153068685,,bfgs,4,True,7.460698725481052e-15,True,0.20774866696671412,bernoulli,bernoulli,1,completed
rep18,start_B,3,poisson,-74.90127317586256,149.8025463517251,,bfgs,4,True,7.240430477395421e-13,True,0.051426691638013715,bernoulli,bernoulli,1,completed
rep18,start_B,4,bernoulli,-51.986000846016225,103.97200169203245,,bfgs,3,True,9.592326932761353e-15,True,0.0020052210049330737,bernoulli,bernoulli,1,completed
rep18,start_B,4,poisson,-74.99998719210039,149.99997438420078,,bfgs,4,True,2.3137047833188263e-14,True,0.000584395210691408,bernoulli,bernoulli,1,completed
rep18,start_B,5,bernoulli,-49.865148131183574,99.73029626236715,,bfgs,4,True,4.440892098500626e-16,True,0.49870407321390964,bernoulli,bernoulli,1,completed
rep18,start_B,5,poisson,-74.49120439916791,148.98240879833583,,bfgs,5,True,9.459100169806334e-13,True,0.11497244013922443,bernoulli,bernoulli,1,completed
rep18,start_B,6,bernoulli,-50.649103340572374,101.29820668114475,,bfgs,3,False,3.702291948570746e-08,False,0.3890803414979553,bernoulli,bernoulli,1,completed
rep18,start_B,6,poisson,-74.67169712559311,149.34339425118623,,bfgs,5,True,6.217248937900876e-16,True,0.09380183365164592,bernoulli,bernoulli,1,completed
rep18,start_B,7,bernoulli,-48.74668757827248,97.49337515654496,,bfgs,4,True,7.917262401235803e-11,True,0.6319287459512963,bernoulli,bernoulli,1,completed
rep18,start_B,7,poisson,-74.23838146525792,148.47676293051583,,bfgs,6,True,4.798472730271897e-12,True,0.1400608747178388,bernoulli,bernoulli,1,completed
rep18,start_B,8,bernoulli,-51.772128401102236,103.54425680220447,,bfgs,3,False,6.93637615345466e-08,False,0.1517774944748008,bernoulli,bernoulli,1,completed
rep18,start_B,8,poisson,-74.94681717771032,149.89363435542063,,bfgs,4,True,5.112354983793921e-12,True,0.03772998153393827,bernoulli,bernoulli,1,completed
rep18,start_B,3,bernoulli,-50.02075836768164,100.04151673536327,,bfgs,5,True,5.063515295944399e-09,False,0.4803513472705361,bernoulli,bernoulli,2,completed
rep18,start_B,3,poisson,-74.24145028047742,148.48290056095485,,bfgs,6,True,1.3075052152089484e-11,True,0.1436697418411764,bernoulli,bernoulli,2,completed
rep18,start_B,4,bernoulli,-51.20947587061558,102.41895174123115,,bfgs,6,True,1.155004980546437e-11,True,0.3025270083820379,bernoulli,bernoulli,2,completed
rep18,start_B,4,poisson,-74.57454104010148,149.14908208020296,,bfgs,7,True,1.2191359033408844e-12,True,0.10946627517887683,bernoulli,bernoulli,2,completed
rep18,start_B,5,bernoulli,-49.53966383995927,99.07932767991853,,bfgs,6,True,4.5451686858655196e-11,True,0.5217947056783148,bernoulli,bernoulli,2,completed
rep18,start_B,5,poisson,-74.28498906256655,148.5699781251331,,bfgs,6,True,7.898535159256426e-11,True,0.1353252417988118,bernoulli,bernoulli,2,completed
rep18,start_B,6,bernoulli,-50.098270261287055,100.19654052257411,,bfgs,5,True,1.7554846465372976e-13,True,0.4594944790761713,bernoulli,bernoulli,2,completed
rep18,start_B,6,poisson,-74.3471679847197,148.6943359694394,,bfgs,6,True,8.071650015040177e-11,True,0.13146290203996772,bernoulli,bernoulli,2,completed
rep18,start_B,7,bernoulli,-45.53266307807708,91.06532615615416,,bfgs,5,True,2.296332013429492e-11,True,0.9291956928590807,bernoulli,bernoulli,2,completed
rep18,start_B,7,poisson,-73.2237296764011,146.4474593528022,,bfgs,10,True,4.36976677065104e-11,True,0.21368162954765188,bernoulli,bernoulli,2,completed
rep18,start_B,8,bernoulli,-51.800420364838075,103.60084072967615,,bfgs,6,True,6.88249457425627e-13,True,0.13696305824276359,bernoulli,bernoulli,2,completed
rep18,start_B,8,poisson,-74.88380681855233,149.76761363710466,,bfgs,6,True,1.0061285138363018e-12,True,0.05600605016769949,bernoulli,bernoulli,2,completed
rep18,start_B,3,bernoulli,-49.64542005497233,99.29084010994465,,bfgs,7,True,6.515978867582816e-11,True,0.5068510348839526,bernoulli,bernoulli,3,completed
rep18,start_B,3,poisson,-74.12185125599092,148.24370251198184,,bfgs,7,True,9.362786101974053e-11,True,0.1484247834710933,bernoulli,bernoulli,3,completed
rep18,start_B,4,bernoulli,-51.04551330208433,102.09102660416866,,bfgs,8,True,5.219913390419606e-12,True,0.325367774686873,bernoulli,bernoulli,3,completed
rep18,start_B,4,poisson,-74.51926565974286,149.0385313194857,,bfgs,8,True,2.6452928736375725e-10,False,0.11303227610119498,bernoulli,bernoulli,3,completed
rep18,start_B,5,bernoulli,-49.957478843862276,99.91495768772455,,bfgs,8,True,1.6043433803680785e-10,False,0.43763813641843247,bernoulli,bernoulli,3,completed
rep18,start_B,5,poisson,-74.46158184341714,148.92316368683427,,bfgs,8,True,4.48768544547562e-10,False,0.10759652269399775,bernoulli,bernoulli,3,completed
rep18,start_B,6,bernoulli,-49.9307389880352,99.8614779760704,,bfgs,7,True,2.1948221018419645e-12,True,0.4456681701862353,bernoulli,bernoulli,3,completed
rep18,start_B,6,poisson,-74.29172234725239,148.58344469450478,,bfgs,9,True,4.270361841918202e-13,True,0.1292254468127701,bernoulli,bernoulli,3,completed
rep18,start_B,7,bernoulli,-45.01745760828017,90.03491521656034,,bfgs,6,True,2.808512533647445e-10,False,0.9612500730310958,bernoulli,bernoulli,3,completed
rep18,start_B,7,poisson,-73.03857465150844,146.07714930301688,,bfgs,10,True,9.223054053819623e-09,False,0.21509359775545137,bernoulli,bernoulli,3,completed
rep18,start_B,8,bernoulli,-51.48670249951796,102.97340499903592,,bfgs,7,True,1.503241975342462e-12,True,0.22160409192546618,bernoulli,bernoulli,3,completed
rep18,start_B,8,poisson,-74.70340507414592,149.40681014829184,,bfgs,9,True,4.9834330440035045e-09,False,0.09041322615988541,bernoulli,bernoulli,3,completed
rep18,start_B,3,bernoulli,-49.00779897477658,98.01559794955315,,bfgs,8,True,2.5422206562097924e-10,False,0.6303879922287574,bernoulli,bernoulli,4,completed
rep18,start_B,3,poisson,-73.68116161495998,147.36232322991995,,bfgs,10,True,1.0753531398677296e-11,True,0.2067229561113551,bernoulli,bernoulli,4,completed
rep18,start_B,4,bernoulli,-51.20794452678558,102.41588905357116,,bfgs,8,True,4.901146155589231e-12,True,0.26968631302186996,bernoulli,bernoulli,4,completed
rep18,start_B,4,poisson,-74.53070914582028,149.06141829164056,,bfgs,11,True,1.267045135477929e-10,False,0.11016618371604957,bernoulli,bernoulli,4,completed
rep18,start_B,5,bernoulli,-49.4964284624143,98.9928569248286,,bfgs,8,True,1.1227108132061403e-11,True,0.4698396504840455,bernoulli,bernoulli,4,completed
rep18,start_B,5,poisson,-74.35787655031277,148.71575310062553,,bfgs,9,True,2.0033570358179987e-10,False,0.11255402924611599,bernoulli,bernoulli,4,completed
rep18,start_B,6,bernoulli,-49.91175390470123,99.82350780940246,,bfgs,8,True,1.4729018005255058e-11,True,0.4380855640100939,bernoulli,bernoulli,4,completed
rep18,start_B,6,poisson,-74.12200044835342,148.24400089670684,,bfgs,9,True,1.3377132734859742e-12,True,0.1521688248076259,bernoulli,bernoulli,4,completed
rep18,start_B,7,bernoulli,-45.10017763830949,90.20035527661898,,bfgs,8,True,1.1011085321310786e-09,False,0.9303764488835051,bernoulli,bernoulli,4,completed
rep18,start_B,7,poisson,-73.32352683178553,146.64705366357106,,bfgs,11,False,1.978051761497568e-07,False,0.18467607296659708,bernoulli,bernoulli,4,completed
rep18,start_B,8,bernoulli,-51.1075746388965,102.215149277793,,bfgs,9,True,1.465149779278363e-10,False,0.3860756815853271,bernoulli,bernoulli,4,completed
rep18,start_B,8,poisson,-74.33816976181467,148.67633952362934,,bfgs,10,True,2.359668016538308e-13,True,0.16789919213981702,bernoulli,bernoulli,4,completed
rep18,start_B,3,bernoulli,-45.043405075726795,90.08681015145359,,bfgs,9,True,5.900039568018656e-10,False,1.1336377763420227,bernoulli,bernoulli,5,completed
rep18,start_B,3,poisson,-73.48889600415626,146.97779200831252,,bfgs,13,True,1.571440666481294e-09,False,0.21043927243686675,bernoulli,bernoulli,5,completed
rep18,start_B,4,bernoulli,-49.890893447958305,99.78178689591661,,bfgs,9,True,5.203458108837822e-10,False,0.6241739166613113,bernoulli,bernoulli,5,completed
rep18,start_B,4,poisson,-73.74804690927613,147.49609381855225,,bfgs,11,True,1.1560249701947356e-10,False,0.23640435421839692,bernoulli,bernoulli,5,completed
rep18,start_B,5,bernoulli,-43.69484538196203,87.38969076392407,,bfgs,8,False,8.297972780013651e-08,False,1.3351879498949228,bernoulli,bernoulli,5,completed
rep18,start_B,5,poisson,-72.32241939318016,144.6448387863603,,bfgs,15,True,1.8262635848032006e-11,True,0.32870662325020233,bernoulli,bernoulli,5,completed
rep18,start_B,6,bernoulli,-49.46349669069916,98.92699338139832,,bfgs,9,True,1.4951859306222559e-09,False,0.554686431807363,bernoulli,bernoulli,5,completed
rep18,start_B,6,poisson,-74.03151798717974,148.06303597435948,,bfgs,11,True,5.348339549016146e-10,False,0.17343308828267046,bernoulli,bernoulli,5,completed
rep18,start_B,7,bernoulli,-44.89817039193651,89.79634078387302,,bfgs,9,True,7.014833158791589e-12,True,0.8672635179075578,bernoulli,bernoulli,5,completed
rep18,start_B,7,poisson,-72.7651569933926,145.5303139867852,,bfgs,13,False,2.180890028569138e-08,False,0.22839911532296037,bernoulli,bernoulli,5,completed
rep18,start_B,8,bernoulli,-50.844917077472175,101.68983415494435,,bfgs,11,True,5.851521933664117e-10,False,0.4754160286270274,bernoulli,bernoulli,5,completed
rep18,start_B,8,poisson,-74.80377349341752,149.60754698683505,,bfgs,11,True,3.142437421388422e-10,False,0.06801522525689054,bernoulli,bernoulli,5,completed
rep19,start_B,3,bernoulli,-50.33729989681037,100.67459979362074,,bfgs,4,True,5.4178883601707636e-15,True,0.4340740247463491,bernoulli,bernoulli,1,completed
rep19,start_B,3,poisson,-74.86940808729238,149.73881617458477,,bfgs,5,True,4.263256414560601e-15,True,0.05889968647161234,bernoulli,bernoulli,1,completed
rep19,start_B,4,bernoulli,-44.8965480317277,89.7930960634554,,bfgs,5,True,4.2601477900916505e-13,True,1.0118332328737223,bernoulli,bernoulli,1,completed
rep19,start_B,4,poisson,-74.01868453360521,148.03736906721042,,bfgs,6,True,1.3544720900426909e-15,True,0.15993712093596016,bernoulli,bernoulli,1,completed
rep19,start_B,5,bernoulli,-51.42187535363096,102.84375070726192,,bfgs,4,True,7.105427357601002e-16,True,0.24821239525651095,bernoulli,bernoulli,1,completed
rep19,start_B,5,poisson,-74.98980138000118,149.97960276000236,,bfgs,5,True,5.07826669604583e-11,True,0.01648696377288005,bernoulli,bernoulli,1,completed
rep19,start_B,6,bernoulli,-49.87668998829578,99.75337997659156,,bfgs,3,True,5.329070518200751e-16,True,0.4957627223991109,bernoulli,bernoulli,1,completed
rep19,start_B,6,poisson,-74.80453321172847,149.60906642345694,,bfgs,4,False,1.775347282517714e-08,False,0.07200266436347177,bernoulli,bernoulli,1,completed
rep19,start_B,7,bernoulli,-51.61226764420621,103.22453528841243,,bfgs,4,True,4.005862308531505e-12,True,0.2012327068864593,bernoulli,bernoulli,1,completed
rep19,start_B,7,poisson,-74.66641076858433,149.33282153716866,,bfgs,5,True,2.6645352591003756e-16,True,0.09407483015019266,bernoulli,bernoulli,1,completed
rep19,start_B,8,bernoulli,-51.225125797593215,102.45025159518643,,bfgs,4,True,5.823119764158946e-15,True,0.28944993128960905,bernoulli,bernoulli,1,completed
rep19,start_B,8,poisson,-74.97416438845718,149.94832877691437,,bfgs,5,True,1.909583602355269e-15,True,0.026234242765264943,bernoulli,bernoulli,1,completed
rep19,start_B,3,bernoulli,-50.34786006002723,100.69572012005446,,bfgs,6,True,2.955458100473152e-12,True,0.43021338691177724,bernoulli,bernoulli,2,completed
rep19,start_B,3,poisson,-74.46033183417997,148.92066366835994,,bfgs,6,True,5.387044144100628e-11,True,0.12743069623318026,bernoulli,bernoulli,2,completed
rep19,start_B,4,bernoulli,-43.08646948417966,86.17293896835932,,bfgs,5,True,2.80420264786585e-10,False,1.1624970883022763,bernoulli,bernoulli,2,completed
rep19,start_B,4,poisson,-74.02260474536038,148.04520949072077,,bfgs,7,True,6.242890648877619e-11,True,0.15011515510560752,bernoulli,bernoulli,2,completed
rep19,start_B,5,bernoulli,-51.336219378204554,102.67243875640911,,bfgs,6,True,1.1214940087711511e-11,True,0.2661280081763899,bernoulli,bernoulli,2,completed
rep19,start_B,5,poisson,-74.65538849387747,149.31077698775493,,bfgs,6,True,1.3063328196949442e-11,True,0.1024560374562332,bernoulli,bernoulli,2,completed
rep19,start_B,6,bernoulli,-49.11406576472339,98.22813152944678,,bfgs,4,True,5.1069681816784394e-11,True,0.5784005113866986,bernoulli,bernoulli,2,completed
rep19,start_B,6,poisson,-74.8411668136899,149.6823336273798,,bfgs,11,True,2.9803913503823054e-10,False,0.06147141887228679,bernoulli,bernoulli,2,completed
rep19,start_B,7,bernoulli,-40.42771203527555,80.8554240705511,,bfgs,5,True,3.652997904168842e-11,True,1.4838728457072845,bernoulli,bernoulli,2,completed
rep19,start_B,7,poisson,-70.94762237421045,141.8952447484209,,bfgs,8,True,9.033069403585614e-10,False,0.3516626528864981,bernoulli,bernoulli,2,completed
rep19,start_B,8,bernoulli,-43.01279013653544,86.02558027307089,,bfgs,4,True,9.53792600455472e-13,True,1.2372572160796715,bernoulli,bernoulli,2,completed
rep19,start_B,8,poisson,-74.02244620244906,148.04489240489812,,bfgs,11,True,1.3961463096734406e-10,False,0.16513373838638137,bernoulli,bernoulli,2,completed
rep19,start_B,3,bernoulli,-48.30405253491707,96.60810506983414,,bfgs,5,False,1.9022170150151398e-08,False,0.7084699271006378,bernoulli,bernoulli,3,completed
rep19,start_B,3,poisson,-74.37481033487745,148.7496206697549,,bfgs,13,True,1.5289153276754065e-11,True,0.12818836415499363,bernoulli,bernoulli,3,completed
rep19,start_B,4,bernoulli,-36.09203827851502,72.18407655703004,,bfgs,8,True,3.224469025120413e-11,True,1.9924239746510233,bernoulli,bernoulli,3,completed
rep19,start_B,4,poisson,-73.36800850860988,146.73601701721975,,bfgs,24,True,3.182165642101609e-12,True,0.1982642971672053,bernoulli,bernoulli,3,completed
rep19,start_B,5,bernoulli,-51.00958466057669,102.01916932115338,,bfgs,6,True,1.2163603457793215e-12,True,0.3130126173785403,bernoulli,bernoulli,3,completed
rep19,start_B,5,poisson,-74.64395737312405,149.2879147462481,,bfgs,9,True,6.456106482755075e-12,True,0.09386657448703398,bernoulli,bernoulli,3,completed
rep19,start_B,6,bernoulli,-49.50618479838493,99.01236959676986,,bfgs,7,True,1.6246310963197176e-10,False,0.5270509079088158,bernoulli,bernoulli,3,completed
rep19,start_B,6,poisson,-74.63929251032816,149.27858502065632,,bfgs,12,False,7.077955919143619e-08,False,0.11127404527401176,bernoulli,bernoulli,3,completed
rep19,start_B,7,bernoulli,-41.167403394691206,82.33480678938241,,bfgs,7,True,1.4554935034993834e-11,True,1.2701135400143113,bernoulli,bernoulli,3,completed
rep19,start_B,7,poisson,-71.27256123126304,142.54512246252608,,bfgs,9,True,1.5892901217284817e-09,False,0.29961228819356905,bernoulli,bernoulli,3,completed
rep19,start_B,8,bernoulli,-42.794979726197596,85.58995945239519,,bfgs,6,True,6.093995175149302e-09,False,1.1294615304553426,bernoulli,bernoulli,3,completed
rep19,start_B,8,poisson,-73.874892882892,147.749785765784,,bfgs,11,True,1.6862197194100758e-10,False,0.16394221726633318,bernoulli,bernoulli,3,completed
rep19,start_B,3,bernoulli,-43.62169660115529,87.24339320231059,,bfgs,9,True,1.0247140913577369e-10,False,1.4306791541020867,bernoulli,bernoulli,4,completed
rep19,start_B,3,poisson,-73.01359573727773,146.02719147455545,,bfgs,11,True,3.5052536873081406e-09,False,0.282851306705996,bernoulli,bernoulli,4,completed
rep19,start_B,4,bernoulli,-34.39000612413013,68.78001224826026,,bfgs,9,True,1.6036456162993317e-09,False,2.054370716626563,bernoulli,bernoulli,4,completed
rep19,start_B,4,poisson,-73.1273270017102,146.2546540034204,,bfgs,24,True,4.914894091712085e-09,False,0.1992728612445123,bernoulli,bernoulli,4,completed
rep19,start_B,5,bernoulli,-51.07872507071936,102.15745014143872,,bfgs,9,True,1.2615242184210729e-11,True,0.34522308774423316,bernoulli,bernoulli,4,completed
rep19,start_B,5,poisson,-74.5696510063297,149.1393020126594,,bfgs,9,True,5.260525348660394e-12,True,0.11933007634489412,bernoulli,bernoulli,4,completed
rep19,start_B,6,bernoulli,-48.765931368329575,97.53186273665915,,bfgs,7,True,3.3092240059318104e-11,True,0.5680580315072415,bernoulli,bernoulli,4,completed
rep19,start_B,6,poisson,-74.53277964818855,149.0655592963771,,bfgs,10,True,7.806799651177698e-12,True,0.1167838525715952,bernoulli,bernoulli,4,completed
rep19,start_B,7,bernoulli,-39.09480748057585,78.1896149611517,,bfgs,7,True,8.680913765601871e-11,True,1.5450005179080433,bernoulli,bernoulli,4,completed
rep19,start_B,7,poisson,-71.06680056307499,142.13360112614998,,bfgs,12,True,4.0555590885560374e-09,False,0.29598497311484334,bernoulli,bernoulli,4,completed
rep19,start_B,8,bernoulli,-42.28658901622272,84.57317803244544,,bfgs,8,True,7.328582185550658e-12,True,1.141710234217601,bernoulli,bernoulli,4,completed
rep19,start_B,8,poisson,-73.80887052219246,147.61774104438493,,bfgs,14,True,2.1315393894383306e-12,True,0.16751420192263808,bernoulli,bernoulli,4,completed
rep19,start_B,3,bernoulli,-38.59173418544708,77.18346837089416,,bfgs,11,True,3.920180291494546e-11,True,1.8603063621282756,bernoulli,bernoulli,5,completed
rep19,start_B,3,poisson,-71.36379171245503,142.72758342491005,,bfgs,14,False,1.648749754501466e-08,False,0.37711698912191793,bernoulli,bernoulli,5,completed
rep19,start_B,4,bernoulli,-31.73025718150013,63.46051436300026,,bfgs,9,True,6.372386618380687e-10,False,2.2286952971664014,bernoulli,bernoulli,5,completed
rep19,start_B,4,poisson,-72.66391083482839,145.32782166965677,,bfgs,25,False,5.3436650127025585e-08,False,0.2339797365844011,bernoulli,bernoulli,5,completed
rep19,start_B,5,bernoulli,-46.092831157866556,92.18566231573311,,bfgs,9,True,2.501807649935017e-10,False,1.1058967020621988,bernoulli,bernoulli,5,completed
rep19,start_B,5,poisson,-72.92269541888382,145.84539083776764,,bfgs,14,True,2.7328065366205576e-10,False,0.2942551112314975,bernoulli,bernoulli,5,completed
rep19,start_B,6,bernoulli,-49.22389223778771,98.44778447557542,,bfgs,9,False,2.819202468695714e-08,False,0.5068991182658199,bernoulli,bernoulli,5,completed
rep19,start_B,6,poisson,-74.37290482579957,148.74580965159913,,bfgs,11,True,2.964019873985535e-09,False,0.14350657360392974,bernoulli,bernoulli,5,completed
rep19,start_B,7,bernoulli,-37.40227702878961,74.80455405757922,,bfgs,9,True,3.200385734203337e-10,False,1.692833445264471,bernoulli,bernoulli,5,completed
rep19,start_B,7,poisson,-70.44849562260417,140.89699124520834,,bfgs,16,True,2.5124426983325066e-09,False,0.3271294054738803,bernoulli,bernoulli,5,completed
rep19,start_B,8,bernoulli,-38.06569732456317,76.13139464912634,,bfgs,9,True,7.243805555390281e-11,True,1.7297395610147959,bernoulli,bernoulli,5,completed
rep19,start_B,8,poisson,-72.96572701906078,145.93145403812156,,bfgs,18,False,1.5273715092689598e-08,False,0.2680210088791998,bernoulli,bernoulli,5,completed
rep20,start_B,3,bernoulli,-50.57976097650585,101.1595219530117,,bfgs,5,True,1.2434497875801752e-15,True,0.39689435962138164,bernoulli,bernoulli,1,completed
rep20,start_B,3,poisson,-74.99229469689377,149.98458939378753,,bfgs,5,True,1.1546319456101628e-15,True,0.014323086489160086,bernoulli,bernoulli,1,completed
rep20,start_B,4,bernoulli,-46.75167155556858,93.50334311113716,,bfgs,3,True,1.5476349091159137e-10,False,0.8211689752698097,bernoulli,bernoulli,1,completed
rep20,start_B,4,poisson,-74.63138321880679,149.26276643761358,,bfgs,6,True,4.283240429003854e-13,True,0.09835240471833692,bernoulli,bernoulli,1,completed
rep20,start_B,5,bernoulli,-50.6994619675048,101.3989239350096,,bfgs,4,True,1.5099033134902129e-15,True,0.37882855913288704,bernoulli,bernoulli,1,completed
rep20,start_B,5,poisson,-74.99608157449067,149.99216314898135,,bfgs,5,True,3.641531520770513e-15,True,0.010216487148248915,bernoulli,bernoulli,1,completed
rep20,start_B,6,bernoulli,-51.908753776715834,103.81750755343167,,bfgs,4,True,8.881784197001253e-17,True,0.09091565283974808,bernoulli,bernoulli,1,completed
rep20,start_B,6,poisson,-74.86909505270381,149.73819010540763,,bfgs,3,False,5.256325832370123e-08,False,0.059193179890833746,bernoulli,bernoulli,1,completed
rep20,start_B,7,bernoulli,-45.954967775712014,91.90993555142403,,bfgs,3,False,6.58353457083649e-08,False,0.8949875561146236,bernoulli,bernoulli,1,completed
rep20,start_B,7,poisson,-72.16478229414307,144.32956458828613,,bfgs,6,True,1.354543144316267e-11,True,0.27213951090468935,bernoulli,bernoulli,1,completed
rep20,start_B,8,bernoulli,-48.70647256234762,97.41294512469524,,bfgs,3,True,8.72635297355373e-14,True,0.626791566607883,bernoulli,bernoulli,1,completed
rep20,start_B,8,poisson,-73.07049337354769,146.14098674709538,,bfgs,5,True,6.179501355063622e-14,True,0.22567251344413156,bernoulli,bernoulli,1,completed
rep20,start_B,3,bernoulli,-48.09945736445177,96.19891472890355,,bfgs,5,True,1.340039190722564e-12,True,0.7238079224320327,bernoulli,bernoulli,2,completed
rep20,start_B,3,poisson,-74.70221566279955,149.4044313255991,,bfgs,10,True,1.1945733291440775e-11,True,0.09441054236831752,bernoulli,bernoulli,2,completed
rep20,start_B,4,bernoulli,-45.435576873001715,90.87115374600343,,bfgs,5,True,1.1084244633252638e-11,True,0.9139577889236998,bernoulli,bernoulli,2,completed
rep20,start_B,4,poisson,-74.16149125890072,148.32298251780145,,bfgs,10,True,1.3548939747920485e-12,True,0.15909604187672471,bernoulli,bernoulli,2,completed
rep20,start_B,5,bernoulli,-50.51394499772048,101.02788999544096,,bfgs,6,True,2.5298874106738368e-12,True,0.38559364610691255,bernoulli,bernoulli,2,completed
rep20,start_B,5,poisson,-74.99241029650058,149.98482059300116,,bfgs,6,True,1.0881073819746233e-12,True,0.015583695217357918,bernoulli,bernoulli,2,completed
rep20,start_B,6,bernoulli,-46.2469738251426,92.4939476502852,,bfgs,6,True,1.4746426302281179e-12,True,1.0251582557766765,bernoulli,bernoulli,2,completed
rep20,start_B,6,poisson,-74.00818701500326,148.01637403000652,,bfgs,8,True,3.70409298788843e-09,False,0.17010620017929898,bernoulli,bernoulli,2,completed
rep20,start_B,7,bernoulli,-46.34853737716041,92.69707475432082,,bfgs,6,True,7.425171588693046e-14,True,0.7991635436397786,bernoulli,bernoulli,2,completed
rep20,start_B,7,poisson,-71.94328631991672,143.88657263983345,,bfgs,8,True,2.6710189615641866e-11,True,0.2670870987589371,bernoulli,bernoulli,2,completed
rep20,start_B,8,bernoulli,-47.54275101048995,95.0855020209799,,bfgs,6,True,7.693401471442485e-13,True,0.736735278315797,bernoulli,bernoulli,2,completed
rep20,start_B,8,poisson,-72.38471562821744,144.76943125643487,,bfgs,7,True,8.199399381680906e-10,False,0.259388743071209,bernoulli,bernoulli,2,completed
rep20,start_B,3,bernoulli,-42.13590005891532,84.27180011783064,,bfgs,7,True,2.1291450269522728e-10,False,1.4738361520991763,bernoulli,bernoulli,3,completed
rep20,start_B,3,poisson,-74.152553681211,148.305107362422,,bfgs,11,True,6.14930750764131e-10,False,0.17136916823159096,bernoulli,bernoulli,3,completed
rep20,start_B,4,bernoulli,-45.81015318752878,91.62030637505757,,bfgs,8,True,1.0950722550973069e-10,False,0.8247908253897994,bernoulli,bernoulli,3,completed
rep20,start_B,4,poisson,-73.88738063660966,147.77476127321933,,bfgs,12,True,4.140359938231697e-09,False,0.1888328446036136,bernoulli,bernoulli,3,completed
rep20,start_B,5,bernoulli,-49.89144158085985,99.7828831617197,,bfgs,7,True,1.266748483885749e-10,False,0.49222473491478763,bernoulli,bernoulli,3,completed
rep20,start_B,5,poisson,-74.98697255393424,149.97394510786847,,bfgs,9,True,1.5897307914514158e-10,False,0.018567637627560817,bernoulli,bernoulli,3,completed
rep20,start_B,6,bernoulli,-43.32948841631156,86.65897683262313,,bfgs,6,True,4.76955586137251e-11,True,1.3079583124576646,bernoulli,bernoulli,3,completed
rep20,start_B,6,poisson,-73.7596440281284,147.5192880562568,,bfgs,14,True,1.8936915369138774e-09,False,0.17955743088095238,bernoulli,bernoulli,3,completed
rep20,start_B,7,bernoulli,-46.71283107809951,93.42566215619902,,bfgs,7,True,1.2424061779370277e-12,True,0.7115675098720835,bernoulli,bernoulli,3,completed
rep20,start_B,7,poisson,-72.00288736015452,144.00577472030903,,bfgs,12,True,3.078293087099837e-09,False,0.24561766539399585,bernoulli,bernoulli,3,completed
rep20,start_B,8,bernoulli,-45.88927106508375,91.7785421301675,,bfgs,7,True,4.968299366359119e-09,False,0.9639720121599793,bernoulli,bernoulli,3,completed
rep20,start_B,8,poisson,-72.40241684847295,144.8048336969459,,bfgs,12,True,3.6159519822831497e-12,True,0.2330351106745779,bernoulli,bernoulli,3,completed
rep20,start_B,3,bernoulli,-44.619948978327855,89.23989795665571,,bfgs,8,True,8.658762595814551e-11,True,1.086145222594831,bernoulli,bernoulli,4,completed
rep20,start_B,3,poisson,-73.91104224240605,147.8220844848121,,bfgs,15,True,2.370563301212769e-10,False,0.18952907939826757,bernoulli,bernoulli,4,completed
rep20,start_B,4,bernoulli,-45.417760106404614,90.83552021280923,,bfgs,9,True,9.372191911438676e-12,True,0.7757480957386313,bernoulli,bernoulli,4,completed
rep20,start_B,4,poisson,-74.37714729393372,148.75429458786743,,bfgs,12,True,6.28338819863572e-10,False,0.11392143052043745,bernoulli,bernoulli,4,completed
rep20,start_B,5,bernoulli,-48.38380018138965,96.7676003627793,,bfgs,8,True,4.2474388450841614e-10,False,0.6888292142019943,bernoulli,bernoulli,4,completed
rep20,start_B,5,poisson,-74.78209929157508,149.56419858315016,,bfgs,12,True,1.649349101739972e-10,False,0.08844577026104401,bernoulli,bernoulli,4,completed
rep20,start_B,6,bernoulli,-43.89360004586014,87.78720009172028,,bfgs,9,True,1.3109997532012586e-10,False,1.1841028549237438,bernoulli,bernoulli,4,completed
rep20,start_B,6,poisson,-73.17863789055038,146.35727578110075,,bfgs,15,False,7.402452331106702e-08,False,0.22865874831681077,bernoulli,bernoulli,4,completed
rep20,start_B,7,bernoulli,-44.10164650132907,88.20329300265814,,bfgs,7,False,3.73176918699869e-08,False,1.0195967091660316,bernoulli,bernoulli,4,completed
rep20,start_B,7,poisson,-71.33051672245753,142.66103344491506,,bfgs,12,True,3.3470689331238646e-09,False,0.2792487003163812,bernoulli,bernoulli,4,completed
rep20,start_B,8,bernoulli,-42.64078001097761,85.28156002195522,,bfgs,9,True,3.4832510209525936e-10,False,1.3268085842553459,bernoulli,bernoulli,4,completed
rep20,start_B,8,poisson,-72.03998621109373,144.07997242218747,,bfgs,13,True,9.220757490879805e-10,False,0.24936518415480605,bernoulli,bernoulli,4,completed
rep20,start_B,3,bernoulli,-39.86987911678504,79.73975823357009,,bfgs,10,True,7.144580482787432e-11,True,1.6224184216790005,bernoulli,bernoulli,5,completed
rep20,start_B,3,poisson,-73.66223379061913,147.32446758123825,,bfgs,16,True,1.6969382343745566e-09,False,0.21360429925810318,bernoulli,bernoulli,5,completed
rep20,start_B,4,bernoulli,-44.92113165989283,89.84226331978566,,bfgs,10,True,2.9567126302865177e-09,False,0.8503901374249248,bernoulli,bernoulli,5,completed
rep20,start_B,4,poisson,-73.18343067578137,146.36686135156273,,bfgs,14,True,2.2926591125571604e-09,False,0.25091204955330637,bernoulli,bernoulli,5,completed
rep20,start_B,5,bernoulli,-45.46061217225396,90.92122434450792,,bfgs,10,True,4.3573444852285094e-11,True,1.0777605382661484,bernoulli,bernoulli,5,completed
rep20,start_B,5,poisson,-72.72932395129854,145.45864790259708,,bfgs,15,True,2.3957325012702312e-11,True,0.3113838923156955,bernoulli,bernoulli,5,completed
rep20,start_B,6,bernoulli,-38.4612858303672,76.9225716607344,,bfgs,9,True,4.742997106177427e-11,True,1.8797730750582329,bernoulli,bernoulli,5,completed
rep20,start_B,6,poisson,-72.08812890183057,144.17625780366114,,bfgs,20,True,7.27149347401479e-09,False,0.3119310941747658,bernoulli,bernoulli,5,completed
rep20,start_B,7,bernoulli,-45.03342919939334,90.06685839878668,,bfgs,10,True,4.0463103978538583e-10,False,0.8729600234518082,bernoulli,bernoulli,5,completed
rep20,start_B,7,poisson,-70.59919700812013,141.19839401624026,,bfgs,16,False,4.6486702176551374e-08,False,0.3258380887585372,bernoulli,bernoulli,5,completed
rep20,start_B,8,bernoulli,-45.100884784938216,90.20176956987643,,bfgs,11,True,3.590464370262225e-10,False,0.9883341095666109,bernoulli,bernoulli,5,completed
rep20,start_B,8,poisson,-71.9508465182503,143.9016930365006,,bfgs,15,True,3.6214374166121386e-09,False,0.24940616482194802,bernoulli,bernoulli,5,completed
