replicate,start_label,iteration,column,candidate_optimizer,previous_family,selected_family,margin_neg2,changed,all_candidates_converged,score_bernoulli,score_poisson,bernoulli_optimizer,bernoulli_n_iter,bernoulli_converged,bernoulli_grad_inf,bernoulli_scipy_success,bernoulli_scipy_status,poisson_optimizer,poisson_n_iter,poisson_converged,poisson_grad_inf,poisson_scipy_success,poisson_scipy_status,selected_candidate_family,selected_candidate_score,selected_loading,selected_loading_sha256,loading_installation_policy,selected_loading_installed,installed_loading_sha256,family_x_true,k,dataset_status
rep01,start_B,1,3,bfgs,bernoulli,bernoulli,48.13800581908916,False,True,-50.37881716898693,-74.4478200785315,bfgs,10,True,1.3993517455901382e-11,True,0,bfgs,5,True,3.7230709626356886e-10,False,2,bernoulli,-50.37881716898693,0.22099380737657121|-0.4095609872070215,ce8b139a3e39c41b45e4f44ab0adf42ff44c99ae877569e01f66139eb3ad7bc7,selected_candidate_loading,True,ce8b139a3e39c41b45e4f44ab0adf42ff44c99ae877569e01f66139eb3ad7bc7,bernoulli,2,completed
rep01,start_B,1,4,bfgs,bernoulli,bernoulli,47.139881925694766,False,True,-51.328169141770786,-74.89811010461817,bfgs,6,True,1.7559731446681326e-12,True,0,bfgs,6,True,2.5052337981890104e-11,True,0,bernoulli,-51.328169141770786,-0.17588167509152283|-0.22503020330817172,08402cb2a46e2fd9fb8628acef88810d4ede43105716c88a7fce283e85f15268,selected_candidate_loading,True,08402cb2a46e2fd9fb8628acef88810d4ede43105716c88a7fce283e85f15268,bernoulli,2,completed
rep01,start_B,1,5,bfgs,bernoulli,bernoulli,48.88658402719582,False,False,-49.77345584649332,-74.21674786009123,bfgs,6,False,1.6685439341301846e-08,False,2,bfgs,6,True,5.112354983793921e-13,True,0,bernoulli,-49.77345584649332,0.42409503150319106|-0.13244585902067976,f138cfcda03e928b5f41a970860d1e9f7ef009f6d500413164cacdec67f32491,selected_candidate_loading,True,f138cfcda03e928b5f41a970860d1e9f7ef009f6d500413164cacdec67f32491,bernoulli,2,completed
rep01,start_B,1,6,bfgs,bernoulli,bernoulli,49.19988589255898,False,True,-50.12172961839193,-74.72167256467142,bfgs,10,True,5.366154187669281e-11,True,0,bfgs,7,True,2.9920510513647968e-15,True,0,bernoulli,-50.12172961839193,-0.39424426423145459|-0.10781601332342326,88858d1856594bd8e6ac4a7d3d6188fdc84614c13ef56ac29bac802e5964a867,selected_candidate_loading,True,88858d1856594bd8e6ac4a7d3d6188fdc84614c13ef56ac29bac802e5964a867,bernoulli,2,completed
rep01,start_B,1,7,bfgs,bernoulli,bernoulli,48.7394468006936,False,True,-50.31309006108411,-74.68281346143091,bfgs,7,True,8.41560154896115e-13,True,0,bfgs,6,True,1.6850965067760625e-13,True,0,bernoulli,-50.31309006108411,-0.18304221864870257|0.45967024829530556,fee8cb2f991b058b01860c7dc6a42556a89991e79025c1db20b2de85fdcdf9b3,selected_candidate_loading,True,fee8cb2f991b058b01860c7dc6a42556a89991e79025c1db20b2de85fdcdf9b3,bernoulli,2,completed
rep01,start_B,1,8,bfgs,bernoulli,bernoulli,48.66613565483014,False,True,-50.009186689130395,-74.34225451654547,bfgs,10,True,2.131218312939609e-10,False,2,bfgs,5,True,1.6438406191809917e-12,True,0,bernoulli,-50.009186689130395,0.25210573904754741|-0.45155055568675012,f8683f12bd83aed497b7efff4238ef6b1ae51362c4681c2601c8ad3c1f77aed3,selected_candidate_loading,True,f8683f12bd83aed497b7efff4238ef6b1ae51362c4681c2601c8ad3c1f77aed3,bernoulli,2,completed
rep01,start_B,2,3,bfgs,bernoulli,bernoulli,49.123613971907645,False,True,-49.624823002317285,-74.18662998827111,bfgs,5,True,1.3920163355329862e-09,False,2,bfgs,7,True,6.076023018053433e-12,True,0,bernoulli,-49.624823002317285,0.36266819301530118|-0.35114480783311885,3e33fc07c2d629f15cdd970220b8edbc7bee229ded84b1577b14aa28eaa6da45,selected_candidate_loading,True,3e33fc07c2d629f15cdd970220b8edbc7bee229ded84b1577b14aa28eaa6da45,bernoulli,2,completed
rep01,start_B,2,4,bfgs,bernoulli,bernoulli,49.566192500028166,False,True,-49.71100524297749,-74.49410149299158,bfgs,6,True,3.805287973612792e-10,False,2,bfgs,7,True,8.64909366349309e-11,True,0,bernoulli,-49.71100524297749,-0.077643554677034862|-0.58478289044714438,27d51f8a220b35b81237f91b96ee71b5724146f1edad104bd0512baff344fab3,selected_candidate_loading,True,27d51f8a220b35b81237f91b96ee71b5724146f1edad104bd0512baff344fab3,bernoulli,2,completed
rep01,start_B,2,5,bfgs,bernoulli,bernoulli,53.53180988912719,False,True,-46.5859554909786,-73.35186043554219,bfgs,7,True,2.560751610758416e-12,True,0,bfgs,8,True,4.577671575134445e-13,True,0,bernoulli,-46.5859554909786,0.64743714709548139|-0.42971658708304861,8bef8c6a26aa08b2d019de6f0233eeda5234e1fb8ca590c25e199944d72a0b5d,selected_candidate_loading,True,8bef8c6a26aa08b2d019de6f0233eeda5234e1fb8ca590c25e199944d72a0b5d,bernoulli,2,completed
rep01,start_B,2,6,bfgs,bernoulli,bernoulli,52.556307003079496,False,True,-48.06486097560632,-74.34301447714607,bfgs,5,True,1.5883016235562763e-09,False,2,bfgs,7,True,8.272639240303192e-11,True,0,bernoulli,-48.06486097560632,-0.4737119694689792|-0.55237084857773733,58b34c9502b041e76bda666ecaaf1a57c0def49448e7ae185ebed424c3fb3981,selected_candidate_loading,True,58b34c9502b041e76bda666ecaaf1a57c0def49448e7ae185ebed424c3fb3981,bernoulli,2,completed
rep01,start_B,2,7,bfgs,bernoulli,bernoulli,46.79842528653214,False,True,-51.50957834557276,-74.90879098883883,bfgs,6,True,8.797806927418606e-12,True,0,bfgs,6,True,3.850614049838441e-10,False,2,bernoulli,-51.50957834557276,-0.12255163286894416|0.19847007652125631,291cd24d505a5902e46917728abbbc531e6c483aa005f6defaa11d5c84907fcf,selected_candidate_loading,True,291cd24d505a5902e46917728abbbc531e6c483aa005f6defaa11d5c84907fcf,bernoulli,2,completed
rep01,start_B,2,8,bfgs,bernoulli,bernoulli,51.196697124385295,False,True,-48.24126692179707,-73.83961548398972,bfgs,5,True,8.174825261164642e-10,False,2,bfgs,7,True,1.4288952243646235e-10,False,2,bernoulli,-48.24126692179707,0.42870499361361802|-0.51159346060564626,5dba09718d398b1698d5cb1da20bcdebd4a32d5d1c10a99befd122645dde2031,selected_candidate_loading,True,5dba09718d398b1698d5cb1da20bcdebd4a32d5d1c10a99befd122645dde2031,bernoulli,2,completed
rep01,start_B,3,3,bfgs,bernoulli,bernoulli,50.27472005934344,False,False,-49.10324317659566,-74.24060320626738,bfgs,5,True,4.866142044868127e-09,False,2,bfgs,6,False,2.4864721479694873e-08,False,2,bernoulli,-49.10324317659566,0.39157581968551314|-0.39402528459288055,fa6759c7001be4b6dc2eab62b67a80a02e963bbf1f36a189b07f166d364d07b1,selected_candidate_loading,True,fa6759c7001be4b6dc2eab62b67a80a02e963bbf1f36a189b07f166d364d07b1,bernoulli,2,completed
rep01,start_B,3,4,bfgs,bernoulli,bernoulli,52.685712481932555,False,True,-48.083372731980866,-74.42622897294714,bfgs,6,True,5.868832086974863e-11,True,0,bfgs,6,True,2.1653849158198566e-09,False,2,bernoulli,-48.083372731980866,-0.038310946879657706|-0.76909913209199399,1e203f308b36db1c820d2ff1ed8b9e284e4aa8ec4014e1f39492687407cdbe29,selected_candidate_loading,True,1e203f308b36db1c820d2ff1ed8b9e284e4aa8ec4014e1f39492687407cdbe29,bernoulli,2,completed
rep01,start_B,3,5,bfgs,bernoulli,bernoulli,55.043938825640836,False,True,-46.00077803769036,-73.52274745051078,bfgs,6,True,5.873079800267078e-13,True,0,bfgs,9,True,5.3624660267814764e-12,True,0,bernoulli,-46.00077803769036,0.62467469057722103|-0.55887242015517735,5e6c72990bb562fa5cd2f15f5f54cd8e728b083c88433c4239a8e3b4d385024f,selected_candidate_loading,True,5e6c72990bb562fa5cd2f15f5f54cd8e728b083c88433c4239a8e3b4d385024f,bernoulli,2,completed
rep01,start_B,3,6,bfgs,bernoulli,bernoulli,55.480606878874354,False,False,-46.57543881897637,-74.31574225841355,bfgs,7,True,7.864819906444609e-13,True,0,bfgs,8,False,1.6268397379226585e-08,False,2,bernoulli,-46.57543881897637,-0.4440801173767655|-0.81914454879362597,44fb2768e7081d89f98e8ce70c36ddbbea3622116c3b1ec08c91ac96e7817970,selected_candidate_loading,True,44fb2768e7081d89f98e8ce70c36ddbbea3622116c3b1ec08c91ac96e7817970,bernoulli,2,completed
rep01,start_B,3,7,bfgs,bernoulli,bernoulli,46.38476126690637,False,True,-51.44198640078396,-74.63436703423714,bfgs,5,True,1.9944295104323827e-10,False,2,bfgs,6,True,1.893966405930314e-09,False,2,bernoulli,-51.44198640078396,-0.02653486230390336|0.26436902241916771,70613fd60425ddef48bb5d79adc3b3a36d31bd7113a1dad990687425b4f865a1,selected_candidate_loading,True,70613fd60425ddef48bb5d79adc3b3a36d31bd7113a1dad990687425b4f865a1,bernoulli,2,completed
rep01,start_B,3,8,bfgs,bernoulli,bernoulli,52.096568363841754,False,True,-47.946674298440186,-73.99495848036106,bfgs,5,True,1.2327028287018039e-12,True,0,bfgs,9,True,2.3078632338524584e-10,False,2,bernoulli,-47.946674298440186,0.45993374123939995|-0.49374574923993958,6a0c30d0f95d5cc260c4ce2ead2d42786fa934fa4059fe0008688b4e434afbfd,selected_candidate_loading,True,6a0c30d0f95d5cc260c4ce2ead2d42786fa934fa4059fe0008688b4e434afbfd,bernoulli,2,completed
rep01,start_B,4,3,bfgs,bernoulli,bernoulli,50.58175631670012,False,False,-48.784392201371396,-74.07527035972146,bfgs,4,False,1.9364710579505838e-08,False,2,bfgs,6,False,2.6091649210635558e-08,False,2,bernoulli,-48.784392201371396,0.35558324062564756|-0.46613169125891463,24be5516cef8dd976c7bb57561cc3d22c0d1294949ecd48f593558e6734da9ff,selected_candidate_loading,True,24be5516cef8dd976c7bb57561cc3d22c0d1294949ecd48f593558e6734da9ff,bernoulli,2,completed
rep01,start_B,4,4,bfgs,bernoulli,bernoulli,53.33720192953737,False,True,-47.752027974396725,-74.42062893916541,bfgs,5,True,3.3314313530041774e-10,False,2,bfgs,9,True,1.4336630493883007e-11,True,0,bernoulli,-47.752027974396725,-0.1524475500339221|-0.78000033566701921,d1bb05f5e8e54198a6615b2f88c58045240f4a04c80c128813af6777299281f4,selected_candidate_loading,True,d1bb05f5e8e54198a6615b2f88c58045240f4a04c80c128813af6777299281f4,bernoulli,2,completed
rep01,start_B,4,5,bfgs,bernoulli,bernoulli,54.14977088297722,False,True,-46.36834907147719,-73.4432345129658,bfgs,6,True,3.891109656706249e-12,True,0,bfgs,9,True,8.210765400917808e-13,True,0,bernoulli,-46.36834907147719,0.55694553068735164|-0.57591466115647882,2bda08366de96b31a3e714880985c23eb5c0ebaa5728cb891895d161a230bd4c,selected_candidate_loading,True,2bda08366de96b31a3e714880985c23eb5c0ebaa5728cb891895d161a230bd4c,bernoulli,2,completed
rep01,start_B,4,6,bfgs,bernoulli,bernoulli,57.71959201384328,False,True,-45.38177893115913,-74.24157493808077,bfgs,6,True,3.0528912731142557e-13,True,0,bfgs,10,True,1.0569842223695503e-11,True,0,bernoulli,-45.38177893115913,-0.54251889226775707|-0.90226110277639393,b723a8fc7508f149d9b6ca05a88f8c689412648cea4d967b688c24de3281d831,selected_candidate_loading,True,b723a8fc7508f149d9b6ca05a88f8c689412648cea4d967b688c24de3281d831,bernoulli,2,completed
rep01,start_B,4,7,bfgs,bernoulli,bernoulli,46.25887625739155,False,True,-51.55682381931499,-74.68626194801077,bfgs,5,True,2.1151806972596886e-10,False,2,bfgs,6,True,9.162448577626491e-13,True,0,bernoulli,-51.55682381931499,-0.07578714284537913|0.19992702592762626,dab3e78e28c5042335d9c2dcd0970d0beb350615a66ac3f48818119fb88d59d5,selected_candidate_loading,True,dab3e78e28c5042335d9c2dcd0970d0beb350615a66ac3f48818119fb88d59d5,bernoulli,2,completed
rep01,start_B,4,8,bfgs,bernoulli,bernoulli,50.86884371057678,False,True,-48.482706806991686,-73.91712866228008,bfgs,6,True,1.2779777236460177e-12,True,0,bfgs,10,True,7.467022555829317e-11,True,0,bernoulli,-48.482706806991686,0.43569496216194831|-0.42184931008515131,4a0d6c7a35b8960b8cd294868e75b728342661939d14186aaa26d14d4ebd315e,selected_candidate_loading,True,4a0d6c7a35b8960b8cd294868e75b728342661939d14186aaa26d14d4ebd315e,bernoulli,2,completed
rep01,start_B,5,3,bfgs,bernoulli,bernoulli,49.54584316140341,False,True,-49.563101758948775,-74.33602333965048,bfgs,6,True,3.579625484917415e-12,True,0,bfgs,7,True,3.6964231675540306e-11,True,0,bernoulli,-49.563101758948775,0.31436871221320317|-0.39351794741402002,0e214e6c5b61b16c34c96c8184760402f839aa14afb0c61773e54d7d447200ad,selected_candidate_loading,True,0e214e6c5b61b16c34c96c8184760402f839aa14afb0c61773e54d7d447200ad,bernoulli,2,completed
rep01,start_B,5,4,bfgs,bernoulli,bernoulli,52.548956857861185,False,True,-48.15237167759152,-74.42685010652211,bfgs,6,True,3.092326394948941e-12,True,0,bfgs,9,True,6.910404193316566e-12,True,0,bernoulli,-48.15237167759152,-0.23206481913043708|-0.72130166556401409,1c646c5e742521ee015bd9e7efb25e5ad5bf04f391449158af45e107c76818d5,selected_candidate_loading,True,1c646c5e742521ee015bd9e7efb25e5ad5bf04f391449158af45e107c76818d5,bernoulli,2,completed
rep01,start_B,5,5,bfgs,bernoulli,bernoulli,54.78227822977945,False,True,-46.15001462712401,-73.54115374201373,bfgs,5,True,6.56403820187279e-12,True,0,bfgs,8,True,4.022360222677434e-12,True,0,bernoulli,-46.15001462712401,0.53804910026708919|-0.63421411034380404,efdc018902df39d0089a9e317788f906dc76ef6fd5738245e108aec0c8aa5f29,selected_candidate_loading,True,efdc018902df39d0089a9e317788f906dc76ef6fd5738245e108aec0c8aa5f29,bernoulli,2,completed
rep01,start_B,5,6,bfgs,bernoulli,bernoulli,58.446816092716915,False,True,-44.69254359153442,-73.91595163789287,bfgs,5,True,4.0115394339679256e-10,False,2,bfgs,8,True,2.605188303972383e-09,False,2,bernoulli,-44.69254359153442,-0.59616759765781879|-0.94842862073416068,94d9ce1bdbf28ad5ff02a6ffa3a25442a48cc524847eafbd587d4dd4464ea0f7,selected_candidate_loading,True,94d9ce1bdbf28ad5ff02a6ffa3a25442a48cc524847eafbd587d4dd4464ea0f7,bernoulli,2,completed
rep01,start_B,5,7,bfgs,bernoulli,bernoulli,46.33756047567235,False,True,-51.72445472597731,-74.89323496381348,bfgs,6,True,9.59695212188194e-10,False,2,bfgs,6,True,2.815374600118048e-11,True,0,bernoulli,-51.72445472597731,-0.11481432600515994|0.10655181329807793,bae6be8dc3d936f50511f78cc17d202697d40eab590e73d706879364d8ba30e2,selected_candidate_loading,True,bae6be8dc3d936f50511f78cc17d202697d40eab590e73d706879364d8ba30e2,bernoulli,2,completed
rep01,start_B,5,8,bfgs,bernoulli,bernoulli,51.27167212027122,False,True,-48.37860746076395,-74.01444352089956,bfgs,5,True,2.0383565946247017e-10,False,2,bfgs,8,True,5.38327604715505e-11,True,0,bernoulli,-48.37860746076395,0.43896941173023457|-0.43870819018686052,3d1eef7782e542eebcfbfba7a1ea5fd2ee22e80c44f822fa7dfc925c37e36de4,selected_candidate_loading,True,3d1eef7782e542eebcfbfba7a1ea5fd2ee22e80c44f822fa7dfc925c37e36de4,bernoulli,2,completed
rep01,start_B,6,3,bfgs,bernoulli,bernoulli,49.573380659100366,False,True,-49.582869151611305,-74.36955948116149,bfgs,5,True,2.8303803745188815e-12,True,0,bfgs,7,True,3.9926023598368945e-11,True,0,bernoulli,-49.582869151611305,0.28446867465315934|-0.42126824105074806,087b5488e2a0f2416de4bd828c9605f81b30b7bf790c13349f9c0df78ddb63b1,selected_candidate_loading,True,087b5488e2a0f2416de4bd828c9605f81b30b7bf790c13349f9c0df78ddb63b1,bernoulli,2,completed
rep01,start_B,6,4,bfgs,bernoulli,bernoulli,53.8766227822114,False,True,-47.582490849080514,-74.52080224018621,bfgs,5,True,2.001949273022774e-10,False,2,bfgs,9,True,1.8199337037394515e-10,False,2,bernoulli,-47.582490849080514,-0.21616597074675964|-0.7951689761398274,b26b3e357634b8ddab3b010536f41e2ac77f6e69fd14364508deaef4a3598081,selected_candidate_loading,True,b26b3e357634b8ddab3b010536f41e2ac77f6e69fd14364508deaef4a3598081,bernoulli,2,completed
rep01,start_B,6,5,bfgs,bernoulli,bernoulli,53.5926096565488,False,True,-46.882632806287575,-73.67893763456198,bfgs,6,True,1.533226878791538e-11,True,0,bfgs,10,True,4.195150893337995e-11,True,0,bernoulli,-46.882632806287575,0.53004787818268861|-0.54564565749583449,20ed20432486254deef4222358b7fbcb2510ec6a137c03e41a3f6e9193c5af03,selected_candidate_loading,True,20ed20432486254deef4222358b7fbcb2510ec6a137c03e41a3f6e9193c5af03,bernoulli,2,completed
rep01,start_B,6,6,bfgs,bernoulli,bernoulli,59.2352379919063,False,True,-44.585582483947306,-74.20320147990046,bfgs,5,True,6.837530541758951e-13,True,0,bfgs,8,True,1.8909429577718127e-12,True,0,bernoulli,-44.585582483947306,-0.61954566037079084|-0.94307765150018252,0d626c293786b07a1ad927720fcb9825730e2ebe7fb088f477f221c1731339b1,selected_candidate_loading,True,0d626c293786b07a1ad927720fcb9825730e2ebe7fb088f477f221c1731339b1,bernoulli,2,completed
rep01,start_B,6,7,bfgs,bernoulli,bernoulli,46.00150875926093,False,True,-51.77581580833244,-74.7765701879629,bfgs,5,True,2.8244073746463983e-14,True,0,bfgs,6,True,2.220446049250313e-14,True,0,bernoulli,-51.77581580833244,-0.094063946854590866|0.10615726690729599,29178787ca8da2d6780c6b598b2ff3ad25174045214db418602c214ba29ce53d,selected_candidate_loading,True,29178787ca8da2d6780c6b598b2ff3ad25174045214db418602c214ba29ce53d,bernoulli,2,completed
rep01,start_B,6,8,bfgs,bernoulli,bernoulli,50.03042917510798,False,True,-49.145237291143495,-74.16045187869749,bfgs,5,True,6.097929983184258e-09,False,2,bfgs,8,True,4.729141522830105e-11,True,0,bernoulli,-49.145237291143495,0.38910122124501811|-0.37763266368398485,1314768a062a43ecb4fcb5bb1ba3bf0e77470bf3818755adfd904ee9d61d453b,selected_candidate_loading,True,1314768a062a43ecb4fcb5bb1ba3bf0e77470bf3818755adfd904ee9d61d453b,bernoulli,2,completed
rep01,start_B,7,3,bfgs,bernoulli,bernoulli,49.86339141086812,False,False,-49.41464827165638,-74.34634397709044,bfgs,5,True,1.689759443479488e-14,True,0,bfgs,6,False,2.3695228382192292e-08,False,2,bernoulli,-49.41464827165638,0.3162625178824563|-0.42607777902929206,7351c0c7f7649793b0e1510a811eee90159ea74b690f95b2bb77737c0cd783ad,selected_candidate_loading,True,7351c0c7f7649793b0e1510a811eee90159ea74b690f95b2bb77737c0cd783ad,bernoulli,2,completed
rep01,start_B,7,4,bfgs,bernoulli,bernoulli,55.65664788739086,False,False,-46.449934529445805,-74.27825847314124,bfgs,6,True,1.976042129925304e-09,False,2,bfgs,8,False,6.978007889291149e-08,False,2,bernoulli,-46.449934529445805,-0.13878325294873822|-0.90887843761630649,ad0662cd84260423e27bdf2423d4253d23ad4eceac3bb3ec868a9696d5ea4614,selected_candidate_loading,True,ad0662cd84260423e27bdf2423d4253d23ad4eceac3bb3ec868a9696d5ea4614,bernoulli,2,completed
rep01,start_B,7,5,bfgs,bernoulli,bernoulli,56.050189172376605,False,True,-45.294106390009105,-73.31920097619741,bfgs,6,True,6.465494806207062e-13,True,0,bfgs,9,True,2.762793549493381e-10,False,2,bernoulli,-45.294106390009105,0.68402368900611277|-0.59632380341515423,c5333561d3753a1e2211e919c5946a448192091475484a03cb5978ec54c26572,selected_candidate_loading,True,c5333561d3753a1e2211e919c5946a448192091475484a03cb5978ec54c26572,bernoulli,2,completed
rep01,start_B,7,6,bfgs,bernoulli,bernoulli,60.217034968926086,False,True,-43.90054870686274,-74.00906619132579,bfgs,6,True,3.7483349757394535e-12,True,0,bfgs,7,True,3.991787289603366e-10,False,2,bernoulli,-43.90054870686274,-0.48996092448707296|-1.059867347042315,e64b67f9a05865ef582534b5a021e2c6afcab6630593c31ab9555bdbf8ab3576,selected_candidate_loading,True,e64b67f9a05865ef582534b5a021e2c6afcab6630593c31ab9555bdbf8ab3576,bernoulli,2,completed
rep01,start_B,7,7,bfgs,bernoulli,bernoulli,45.893711506171,False,False,-51.92401113912534,-74.87086689221084,bfgs,4,False,2.393285091661923e-07,False,2,bfgs,6,True,6.17319528828375e-12,True,0,bernoulli,-51.92401113912534,-0.069522053230835212|0.030408025505671527,6d5d862bbf3e55cd877fd5987dac8a1dccd884b987932982fbd26fe28538ad52,selected_candidate_loading,True,6d5d862bbf3e55cd877fd5987dac8a1dccd884b987932982fbd26fe28538ad52,bernoulli,2,completed
rep01,start_B,7,8,bfgs,bernoulli,bernoulli,50.37375203002395,False,False,-48.98692687059118,-74.17380288560315,bfgs,5,True,4.973799150320701e-15,True,0,bfgs,5,False,4.0008170456573564e-07,False,2,bernoulli,-48.98692687059118,0.40139951830373843|-0.40193047749964173,bba95ba81da5cd8298c5716e2f40d8e8697fd909118f2e5b40fe199f07d99c5e,selected_candidate_loading,True,bba95ba81da5cd8298c5716e2f40d8e8697fd909118f2e5b40fe199f07d99c5e,bernoulli,2,completed
rep01,start_B,8,3,bfgs,bernoulli,bernoulli,49.632723330770375,False,True,-49.50959351737734,-74.32595518276253,bfgs,5,True,2.4934720954661317e-12,True,0,bfgs,6,True,2.2923797859952798e-10,False,2,bernoulli,-49.50959351737734,0.31638147219219093|-0.39937674028556291,e5a2b8494572acd267a737ed186d42ae6261f735b080e92c18b48ec6e622852e,selected_candidate_loading,True,e5a2b8494572acd267a737ed186d42ae6261f735b080e92c18b48ec6e622852e,bernoulli,2,completed
rep01,start_B,8,4,bfgs,bernoulli,bernoulli,57.10885609103312,False,True,-45.662282050130514,-74.21671009564707,bfgs,5,True,5.298340433057547e-10,False,2,bfgs,8,True,3.1586729870580756e-09,False,2,bernoulli,-45.662282050130514,-0.18545104569593118|-0.99807342810301747,8ae2625eb66dc6dd970c30fe5e89b149fea8156c36825e18f50d86a662dc60c3,selected_candidate_loading,True,8ae2625eb66dc6dd970c30fe5e89b149fea8156c36825e18f50d86a662dc60c3,bernoulli,2,completed
rep01,start_B,8,5,bfgs,bernoulli,bernoulli,54.81837917856035,False,True,-46.032328785738684,-73.44151837501886,bfgs,6,True,4.327979641338686e-11,True,0,bfgs,10,True,5.382153500654852e-10,False,2,bernoulli,-46.032328785738684,0.63052668814309376|-0.53963729715689235,e531a7388840d75780331d383d2142120a0815a28ae6c1de50076c703f8079ab,selected_candidate_loading,True,e531a7388840d75780331d383d2142120a0815a28ae6c1de50076c703f8079ab,bernoulli,2,completed
rep01,start_B,8,6,bfgs,bernoulli,bernoulli,61.34458132320515,False,True,-43.35301412175669,-74.02530478335926,bfgs,5,True,7.375802246745167e-10,False,2,bfgs,8,True,5.817960557763513e-11,True,0,bernoulli,-43.35301412175669,-0.56586039370079277|-1.1201008987464161,f548792fc49cf52982d52b6c4c8590314fccf04e088520c2d16260b8ab70e7a4,selected_candidate_loading,True,f548792fc49cf52982d52b6c4c8590314fccf04e088520c2d16260b8ab70e7a4,bernoulli,2,completed
rep01,start_B,8,7,bfgs,bernoulli,bernoulli,46.16234699278779,False,False,-51.78797143538767,-74.86914493178156,bfgs,4,False,2.285083420261458e-08,False,2,bfgs,6,True,5.705125261101784e-12,True,0,bernoulli,-51.78797143538767,-0.13554649165555308|0.016716827901122906,8cde89b06762ea5bf45fe6f7ded212d71c0df5c4071dd890734a4aa23d837492,selected_candidate_loading,True,8cde89b06762ea5bf45fe6f7ded212d71c0df5c4071dd890734a4aa23d837492,bernoulli,2,completed
rep01,start_B,8,8,bfgs,bernoulli,bernoulli,50.642624315056224,False,True,-48.64359333277879,-73.9649054903069,bfgs,5,True,3.1719775139826823e-10,False,2,bfgs,6,True,8.163805298444515e-10,False,2,bernoulli,-48.64359333277879,0.47856959286075235|-0.33926213642039882,b152eb996a87aae15416185220bcdf9c15619a39f563301c9710b0840499853e,selected_candidate_loading,True,b152eb996a87aae15416185220bcdf9c15619a39f563301c9710b0840499853e,bernoulli,2,completed
rep01,start_B,1,3,bfgs,bernoulli,bernoulli,48.268542942228706,False,False,-49.889117676714314,-74.02338914782867,bfgs,7,False,3.5352295579826884e-08,False,2,bfgs,9,True,1.19783488683467e-11,True,0,bernoulli,-49.889117676714314,-0.15359747995752454|0.16678410294798707|-0.46365768418680503,0273c2e089d0b5855073a72ef5caaa1370be353011388f0349a4a2bf09ea394e,selected_candidate_loading,True,0273c2e089d0b5855073a72ef5caaa1370be353011388f0349a4a2bf09ea394e,bernoulli,3,completed
rep01,start_B,1,4,bfgs,bernoulli,bernoulli,48.5434569857925,False,True,-50.38001697718594,-74.65174547008219,bfgs,8,True,1.1163336921526933e-11,True,0,bfgs,8,True,1.982969344282992e-11,True,0,bernoulli,-50.38001697718594,-0.15112983103029706|0.51688559489660357|-0.28695062657368664,54b815cb9831dbf20514d3f59c4a83eb0d0a327d56bbb39eec1676a149be2501,selected_candidate_loading,True,54b815cb9831dbf20514d3f59c4a83eb0d0a327d56bbb39eec1676a149be2501,bernoulli,3,completed
rep01,start_B,1,5,bfgs,bernoulli,bernoulli,51.39853565306488,False,True,-47.7853483614435,-73.48461618797594,bfgs,9,True,4.502620498669785e-12,True,0,bfgs,11,True,4.492360261565409e-10,False,2,bernoulli,-47.7853483614435,0.039342250284891737|0.1526718693407044|-0.6214384781272273,aebf494d5fee734a9fd1b5062f09404af63f23a72ac5029d7263b223cfd99c0e,selected_candidate_loading,True,aebf494d5fee734a9fd1b5062f09404af63f23a72ac5029d7263b223cfd99c0e,bernoulli,3,completed
rep01,start_B,1,6,bfgs,bernoulli,bernoulli,49.86122286829692,False,True,-49.82619524232672,-74.75680667647518,bfgs,11,True,1.0713687714769548e-10,False,2,bfgs,9,True,4.433066691511556e-11,True,0,bernoulli,-49.82619524232672,-0.13597573367409388|0.61576101855828225|-0.030088682226985509,91eed46d40800ec41c2e52d6d2a9859f00ca4191df500e047b904855d7367d0c,selected_candidate_loading,True,91eed46d40800ec41c2e52d6d2a9859f00ca4191df500e047b904855d7367d0c,bernoulli,3,completed
rep01,start_B,1,7,bfgs,bernoulli,bernoulli,46.74278218785324,False,True,-51.47487578820663,-74.84626688213325,bfgs,7,True,1.8692416503540698e-10,False,2,bfgs,8,True,1.730864429561052e-09,False,2,bernoulli,-51.47487578820663,0.1715557125475706|0.22317609019879425|0.12532373647295167,ff0d34897266fefbb7af6f917576d464991f45ec2d1a2922e609e6ddc495fb9b,selected_candidate_loading,True,ff0d34897266fefbb7af6f917576d464991f45ec2d1a2922e609e6ddc495fb9b,bernoulli,3,completed
rep01,start_B,1,8,bfgs,bernoulli,bernoulli,49.510608532014984,False,True,-49.08581646129077,-73.84112072729826,bfgs,10,True,8.798651229824372e-09,False,2,bfgs,7,True,1.908748714640751e-11,True,0,bernoulli,-49.08581646129077,-0.10893932701420682|0.20087707369597807|-0.54680268998910009,90cd4ce180b55e533c82f46b64f5d4015617ef2f06d9ae1865bbccdfc70b91a3,selected_candidate_loading,True,90cd4ce180b55e533c82f46b64f5d4015617ef2f06d9ae1865bbccdfc70b91a3,bernoulli,3,completed
rep01,start_B,2,3,bfgs,bernoulli,bernoulli,50.654642988033174,False,True,-48.54254654701214,-73.86986804102872,bfgs,7,True,7.85592924046341e-11,True,0,bfgs,9,True,5.613474240995231e-10,False,2,bernoulli,-48.54254654701214,-0.14653624047417835|0.044760312169898814|-0.54851383623459582,9a9a34cb17dd27ce870d51e28ffd905661aaaf1edcf38b3f073c945c822c64be,selected_candidate_loading,True,9a9a34cb17dd27ce870d51e28ffd905661aaaf1edcf38b3f073c945c822c64be,bernoulli,3,completed
rep01,start_B,2,4,bfgs,bernoulli,bernoulli,56.09070183637118,False,False,-46.56536653384164,-74.61071745202723,bfgs,7,False,3.967014952088732e-08,False,2,bfgs,8,True,5.16989646925925e-10,False,2,bernoulli,-46.56536653384164,-0.048237189687524586|0.93320986744100476|-0.50354833043300218,bf6b55a9bdbebacbeecc29b95a1de850c2df65540d3ffd2f6da00e0e9554b210,selected_candidate_loading,True,bf6b55a9bdbebacbeecc29b95a1de850c2df65540d3ffd2f6da00e0e9554b210,bernoulli,3,completed
rep01,start_B,2,5,bfgs,bernoulli,bernoulli,54.8974095394485,False,True,-45.89376876506058,-73.34247353478483,bfgs,7,True,7.16076087314832e-12,True,0,bfgs,10,True,2.1531868732438396e-09,False,2,bernoulli,-45.89376876506058,0.034323182274886878|0.056860477301026301|-0.75290918345582825,e68d8fadc6005fdcbe391aabac034bc725f7ee7ea261f34b685581d649a36ec2,selected_candidate_loading,True,e68d8fadc6005fdcbe391aabac034bc725f7ee7ea261f34b685581d649a36ec2,bernoulli,3,completed
rep01,start_B,2,6,bfgs,bernoulli,bernoulli,60.22824046431961,False,True,-44.333079574793274,-74.44719980695308,bfgs,13,True,4.512135109990822e-12,True,0,bfgs,10,True,1.5832170574547887e-10,False,2,bernoulli,-44.333079574793274,-0.25087440616481288|1.2667133563475406|-0.32966585423196232,c8b3fba4fc7d3a69be210efb7afb592a597b513db1dfcfe2339f3a592d30e651,selected_candidate_loading,True,c8b3fba4fc7d3a69be210efb7afb592a597b513db1dfcfe2339f3a592d30e651,bernoulli,3,completed
rep01,start_B,2,7,bfgs,bernoulli,bernoulli,47.89712688058589,False,True,-50.80805521532659,-74.75661865561953,bfgs,7,True,2.1195845079091669e-10,False,2,bfgs,8,True,1.6780568046215194e-10,False,2,bernoulli,-50.80805521532659,0.30232616491178926|0.36976480860589384|0.060481966083820574,1ef90dd4d18689d54f2459d673f31e0e15e7b2862318a9f6b0c056662266a0e2,selected_candidate_loading,True,1ef90dd4d18689d54f2459d673f31e0e15e7b2862318a9f6b0c056662266a0e2,bernoulli,3,completed
rep01,start_B,2,8,bfgs,bernoulli,bernoulli,52.49970459697657,False,True,-47.51852372011948,-73.76837601860777,bfgs,6,True,3.243824764354031e-10,False,2,bfgs,9,True,2.3277070049232408e-09,False,2,bernoulli,-47.51852372011948,-0.034559815292911231|0.11950674955865309|-0.63950111051701453,56cbbb54bf49d528613b46139f701dae88f248e94145a294ef34f1b48131f421,selected_candidate_loading,True,56cbbb54bf49d528613b46139f701dae88f248e94145a294ef34f1b48131f421,bernoulli,3,completed
rep01,start_B,3,3,bfgs,bernoulli,bernoulli,50.20970547419371,False,False,-48.894908896994174,-73.99976163409103,bfgs,7,True,7.824829673097611e-12,True,0,bfgs,7,False,2.5706646866741067e-08,False,2,bernoulli,-48.894908896994174,-0.10293060177414798|-0.039058370640510827|-0.53951504688612928,57b2f16529dbb89070f38d4696bb96672469030e42a65d65f2071090c3132b1d,selected_candidate_loading,True,57b2f16529dbb89070f38d4696bb96672469030e42a65d65f2071090c3132b1d,bernoulli,3,completed
rep01,start_B,3,4,bfgs,bernoulli,bernoulli,63.57683533152917,False,True,-42.117024306346934,-73.90544197211152,bfgs,8,True,5.199667363342542e-11,True,0,bfgs,11,True,2.4437378509656327e-10,False,2,bernoulli,-42.117024306346934,0.22051913847589774|1.1889450768786392|-0.66492551062759275,64e4ca440c2a0f8acb936dd2a522fe02e80823e90067da00f8cc01ae41e4cd1a,selected_candidate_loading,True,64e4ca440c2a0f8acb936dd2a522fe02e80823e90067da00f8cc01ae41e4cd1a,bernoulli,3,completed
rep01,start_B,3,5,bfgs,bernoulli,bernoulli,55.33149012384695,False,True,-45.90116995617345,-73.56691501809692,bfgs,6,True,7.411820046598905e-11,True,0,bfgs,11,True,2.9532820633448863e-12,True,0,bernoulli,-45.90116995617345,0.27688526680689945|0.057009509296326352|-0.75478937047934069,db0bc3fd23a8dfe21d138b5306acb0f6764af1b818369bb9be95d62ce181ef8f,selected_candidate_loading,True,db0bc3fd23a8dfe21d138b5306acb0f6764af1b818369bb9be95d62ce181ef8f,bernoulli,3,completed
rep01,start_B,3,6,bfgs,bernoulli,bernoulli,66.97666175703117,False,False,-40.151529649385694,-73.63986052790128,bfgs,7,True,4.420445320896249e-09,False,2,bfgs,11,False,3.9632497061958816e-08,False,2,bernoulli,-40.151529649385694,-0.23643412947402118|1.4496298618327224|-0.50420043680872928,e63471854c9f2b269884f551e1fcfb73f14968013f05cd880f3ce11cbb1bc1ad,selected_candidate_loading,True,e63471854c9f2b269884f551e1fcfb73f14968013f05cd880f3ce11cbb1bc1ad,bernoulli,3,completed
rep01,start_B,3,7,bfgs,bernoulli,bernoulli,48.52084474260559,False,False,-50.609038561334216,-74.86946093263701,bfgs,7,True,5.770095512502849e-12,True,0,bfgs,8,False,5.5700544265846476e-08,False,2,bernoulli,-50.609038561334216,0.3205697555347623|0.2948976765718167|0.101225326211117,7faeed1acc847e943b32fe835ceb934f7c323599f0f9fcf336e0f76048ba8779,selected_candidate_loading,True,7faeed1acc847e943b32fe835ceb934f7c323599f0f9fcf336e0f76048ba8779,bernoulli,3,completed
rep01,start_B,3,8,bfgs,bernoulli,bernoulli,51.52138028163829,False,True,-48.04676401702944,-73.80745415784858,bfgs,7,True,1.1769274443906852e-10,False,2,bfgs,8,True,4.124939767535807e-09,False,2,bernoulli,-48.04676401702944,-0.10107932768463368|-0.045008381577055702|-0.61950327898662771,a4c66f1df11c70ae932bc40f4234286dbe6a184122480e6bfcc8b1ab64fee6ae,selected_candidate_loading,True,a4c66f1df11c70ae932bc40f4234286dbe6a184122480e6bfcc8b1ab64fee6ae,bernoulli,3,completed
rep01,start_B,4,3,bfgs,bernoulli,bernoulli,49.325678631667174,False,True,-49.37072412237713,-74.03356343821072,bfgs,7,True,3.514908364365965e-11,True,0,bfgs,8,True,8.679312824000363e-12,True,0,bernoulli,-49.37072412237713,-0.041666476676200832|-0.11356495092572681|-0.49763026507713892,8c81388072390b84edc90ac35fb691477a7d21fb1efdc75455e7a49bd9bbefcd,selected_candidate_loading,True,8c81388072390b84edc90ac35fb691477a7d21fb1efdc75455e7a49bd9bbefcd,bernoulli,3,completed
rep01,start_B,4,4,bfgs,bernoulli,bernoulli,63.75537229246844,False,True,-41.86950100023352,-73.74718714646774,bfgs,5,True,3.4180851871123964e-09,False,2,bfgs,11,True,1.7550878472771813e-09,False,2,bernoulli,-41.86950100023352,0.26087933775122502|1.1834520655763647|-0.67720306544008879,d08f30b9ea8ddeebb78a093920f13a21b688239e6f30ca3ebe7110b80c71faf5,selected_candidate_loading,True,d08f30b9ea8ddeebb78a093920f13a21b688239e6f30ca3ebe7110b80c71faf5,bernoulli,3,completed
rep01,start_B,4,5,bfgs,bernoulli,bernoulli,54.747801952409375,False,False,-46.1094854326004,-73.48338640880509,bfgs,6,False,1.1997864768353849e-08,False,2,bfgs,11,True,1.1439054148354444e-10,False,2,bernoulli,-46.1094854326004,0.30479797043661372|0.077370655700912616|-0.75575204044887656,1258253f9c2e96c05e4cf0e53a0d1ee8b69ea98f509a12b70844094e3e29a53f,selected_candidate_loading,True,1258253f9c2e96c05e4cf0e53a0d1ee8b69ea98f509a12b70844094e3e29a53f,bernoulli,3,completed
rep01,start_B,4,6,bfgs,bernoulli,bernoulli,67.37425543949936,False,True,-39.98315931898263,-73.67028703873231,bfgs,7,True,9.119019428460717e-12,True,0,bfgs,13,True,7.784708322411405e-10,False,2,bernoulli,-39.98315931898263,-0.094964271842146022|1.4673420205060999|-0.53774520106123924,5acfe72f6a26719eb54610f91c07fb4462f94288d69aae29f8ede57990ac734f,selected_candidate_loading,True,5acfe72f6a26719eb54610f91c07fb4462f94288d69aae29f8ede57990ac734f,bernoulli,3,completed
rep01,start_B,4,7,bfgs,bernoulli,bernoulli,49.85213655403672,False,True,-49.780261229313766,-74.70632950633212,bfgs,7,True,4.979128220838902e-13,True,0,bfgs,9,True,1.6627765830889985e-11,True,0,bernoulli,-49.780261229313766,0.36661556801574074|0.37587345179739978|0.15597819742632321,7ea57cc56978aa4c70b49ef39578ebe9e6fc59ffb1bba741f288a1fbfd15ba0e,selected_candidate_loading,True,7ea57cc56978aa4c70b49ef39578ebe9e6fc59ffb1bba741f288a1fbfd15ba0e,bernoulli,3,completed
rep01,start_B,4,8,bfgs,bernoulli,bernoulli,49.77458888207481,False,True,-48.99230346134883,-73.87959790238624,bfgs,7,True,8.02516941789122e-11,True,0,bfgs,8,True,1.2586589548391202e-10,False,2,bernoulli,-48.99230346134883,-0.070144180270756376|-0.17049175950680215|-0.5216288000983057,c387524b95980950c4b91c62168a9ee979eb22a701b5187e7705215dbee8440e,selected_candidate_loading,True,c387524b95980950c4b91c62168a9ee979eb22a701b5187e7705215dbee8440e,bernoulli,3,completed
rep01,start_B,5,3,bfgs,bernoulli,bernoulli,49.40846196004469,False,True,-49.274995974277445,-73.97922695429979,bfgs,7,True,3.0080826718403843e-12,True,0,bfgs,9,True,1.8905581128381144e-10,False,2,bernoulli,-49.274995974277445,0.046406694459415511|-0.027901149070784288|-0.5135216291876431,6efa43c1b28855b497eb42d1da47c87faf9416ea48a060690d7b5e0c44ef9b82,selected_candidate_loading,True,6efa43c1b28855b497eb42d1da47c87faf9416ea48a060690d7b5e0c44ef9b82,bernoulli,3,completed
rep01,start_B,5,4,bfgs,bernoulli,bernoulli,62.809007011130774,False,True,-42.360351470516335,-73.76485497608172,bfgs,7,True,3.777463647436363e-10,False,2,bfgs,11,True,7.0838108046089586e-09,False,2,bernoulli,-42.360351470516335,0.30621366238492997|1.0990055407323422|-0.64818264887051569,e49c57489815e5b62d7ed3dbc410ff46dc77a840cdae791f3457d3d0ad2da97a,selected_candidate_loading,True,e49c57489815e5b62d7ed3dbc410ff46dc77a840cdae791f3457d3d0ad2da97a,bernoulli,3,completed
rep01,start_B,5,5,bfgs,bernoulli,bernoulli,55.69889458807003,False,True,-45.346467255353346,-73.19591454938836,bfgs,7,True,2.2649437880772893e-12,True,0,bfgs,11,True,1.3378286922716142e-09,False,2,bernoulli,-45.346467255353346,0.33468901711629118|0.051312003484304036|-0.81205803750657468,4286508db8a99b9d41b43677c234754c821a6efeb452c50fdad8a9c2c4811a9c,selected_candidate_loading,True,4286508db8a99b9d41b43677c234754c821a6efeb452c50fdad8a9c2c4811a9c,bernoulli,3,completed
rep01,start_B,5,6,bfgs,bernoulli,bernoulli,67.30742684888,False,True,-39.841746069752645,-73.49545949419264,bfgs,7,True,7.96514521006486e-12,True,0,bfgs,13,True,1.393154364093263e-09,False,2,bernoulli,-39.841746069752645,-0.13249383383207536|1.4138364691101843|-0.56209590394041109,c6fdb168e731f930844cf157f420d4aab51469233015ac8a88433796903a880b,selected_candidate_loading,True,c6fdb168e731f930844cf157f420d4aab51469233015ac8a88433796903a880b,bernoulli,3,completed
rep01,start_B,5,7,bfgs,bernoulli,bernoulli,50.15790702498228,False,True,-49.804291580138226,-74.88324509262937,bfgs,7,True,4.693939681388315e-13,True,0,bfgs,7,True,4.6019356325643915e-09,False,2,bernoulli,-49.804291580138226,0.33296402394979008|0.41592977436587036|0.10468018266988653,2805d8f4975ab53fcd7c750bb47e3e7c903baf10ca43a8ba60146cb49d234226,selected_candidate_loading,True,2805d8f4975ab53fcd7c750bb47e3e7c903baf10ca43a8ba60146cb49d234226,bernoulli,3,completed
rep01,start_B,5,8,bfgs,bernoulli,bernoulli,50.68515089697888,False,True,-48.0497148691813,-73.39229031767074,bfgs,7,True,4.2117928589213706e-11,True,0,bfgs,8,True,2.8522961770249823e-12,True,0,bernoulli,-48.0497148691813,-0.082238077484854899|-0.2400455351135542|-0.58985018349549023,1fcb28e69190a11af66aaae44af0c57f8b7795d76b1fc9d2562bde534def1b47,selected_candidate_loading,True,1fcb28e69190a11af66aaae44af0c57f8b7795d76b1fc9d2562bde534def1b47,bernoulli,3,completed
rep01,start_B,6,3,bfgs,bernoulli,bernoulli,49.692706145523275,False,False,-49.27625619947268,-74.12260927223431,bfgs,6,False,5.5483688687907315e-08,False,2,bfgs,8,True,4.503022260626821e-12,True,0,bernoulli,-49.27625619947268,-0.024418608784181013|-0.035024583135547072|-0.52052711762893855,92a0c031aeb5f39f17b2de4902eb294769c81295198b9e5bd3489bc63a3519a9,selected_candidate_loading,True,92a0c031aeb5f39f17b2de4902eb294769c81295198b9e5bd3489bc63a3519a9,bernoulli,3,completed
rep01,start_B,6,4,bfgs,bernoulli,bernoulli,62.49017161294505,False,True,-42.805438525455905,-74.05052433192843,bfgs,7,True,1.5241574669033752e-11,True,0,bfgs,11,True,5.893117119293301e-10,False,2,bernoulli,-42.805438525455905,0.32396217355639401|1.0432006061003456|-0.65082708437216186,9a8ff455e87bf75f453ed6603e5d773ab8d8aaac39fee23ee24f2df8ced37d72,selected_candidate_loading,True,9a8ff455e87bf75f453ed6603e5d773ab8d8aaac39fee23ee24f2df8ced37d72,bernoulli,3,completed
rep01,start_B,6,5,bfgs,bernoulli,bernoulli,54.641420505676905,False,True,-46.138619280349076,-73.45932953318753,bfgs,7,True,1.376839753319814e-10,False,2,bfgs,11,True,4.4540535704129523e-10,False,2,bernoulli,-46.138619280349076,0.21357630529291977|-0.044058760157941239|-0.77118471254858434,9116b77ccfbbe8b8c625aa0eae237f89cf9363ddc6088dc4ef6919aa0770a1f1,selected_candidate_loading,True,9116b77ccfbbe8b8c625aa0eae237f89cf9363ddc6088dc4ef6919aa0770a1f1,bernoulli,3,completed
rep01,start_B,6,6,bfgs,bernoulli,bernoulli,68.84656615923042,False,True,-39.29435557580958,-73.71763865542479,bfgs,6,True,3.095535627828383e-09,False,2,bfgs,14,True,9.163304337533873e-10,False,2,bernoulli,-39.29435557580958,-0.14084237687879947|1.4646435725376323|-0.64088017521879359,c41e148f0c4889672ca0411e4c5b3b2e0c7ed1f846e48073f8a52fad5a6455aa,selected_candidate_loading,True,c41e148f0c4889672ca0411e4c5b3b2e0c7ed1f846e48073f8a52fad5a6455aa,bernoulli,3,completed
rep01,start_B,6,7,bfgs,bernoulli,bernoulli,49.53662927771961,False,True,-49.982563744429186,-74.75087838328899,bfgs,7,True,3.959810257470054e-12,True,0,bfgs,10,True,1.4588330543574557e-13,True,0,bernoulli,-49.982563744429186,0.37971228247086097|0.34432973065111294|0.12243724093862567,6d5d8598e276096d1c0e5ee0eda23d1b26c9bbf50bda6fbce9089629a9451f22,selected_candidate_loading,True,6d5d8598e276096d1c0e5ee0eda23d1b26c9bbf50bda6fbce9089629a9451f22,bernoulli,3,completed
rep01,start_B,6,8,bfgs,bernoulli,bernoulli,50.93581814715397,False,True,-48.257282110270275,-73.72519118384726,bfgs,7,True,1.7859613787862828e-11,True,0,bfgs,10,True,7.806510993191296e-12,True,0,bernoulli,-48.257282110270275,-0.076635861646316333|-0.15806660272816872|-0.59643024366716557,2dd92383372f52be758f11866171bfd061f6ec6e0d10ff0072e0769e126a5983,selected_candidate_loading,True,2dd92383372f52be758f11866171bfd061f6ec6e0d10ff0072e0769e126a5983,bernoulli,3,completed
rep01,start_B,7,3,bfgs,bernoulli,bernoulli,50.16125587291957,False,True,-49.28937772099082,-74.3700056574506,bfgs,7,True,4.877259998647965e-10,False,2,bfgs,7,True,2.1683513207193526e-09,False,2,bernoulli,-49.28937772099082,-0.048264253300846598|0.022477924096778387|-0.51598591049279008,0d639f3b3c3fc16e19da196cf55d322bf6fdaeb7d78eef0bfd2ad06d67bb35a5,selected_candidate_loading,True,0d639f3b3c3fc16e19da196cf55d322bf6fdaeb7d78eef0bfd2ad06d67bb35a5,bernoulli,3,completed
rep01,start_B,7,4,bfgs,bernoulli,bernoulli,65.92947902638178,False,False,-40.91833960108757,-73.88307911427846,bfgs,6,False,4.5890721844799034e-08,False,2,bfgs,12,True,6.331387081282003e-10,False,2,bernoulli,-40.91833960108757,0.18426418548858164|1.1533369038233929|-0.85582598545072386,8c1c03c0b9937375038895f0e0b658d9d182ab02ab434a919c700167d3875291,selected_candidate_loading,True,8c1c03c0b9937375038895f0e0b658d9d182ab02ab434a919c700167d3875291,bernoulli,3,completed
rep01,start_B,7,5,bfgs,bernoulli,bernoulli,54.96459162367526,False,True,-46.157991519857845,-73.64028733169548,bfgs,6,True,4.2784220610769806e-12,True,0,bfgs,11,True,2.594954640056102e-10,False,2,bernoulli,-46.157991519857845,0.19655637972939072|-0.044728274292583137|-0.76671102937148727,73c92e35f59c9b4918f2bec5905b7c649014a95d0d85b38b4b1c7aa427044f87,selected_candidate_loading,True,73c92e35f59c9b4918f2bec5905b7c649014a95d0d85b38b4b1c7aa427044f87,bernoulli,3,completed
rep01,start_B,7,6,bfgs,bernoulli,bernoulli,65.67260656570726,False,True,-41.147372466063395,-73.98367574891702,bfgs,8,True,1.771559565710845e-11,True,0,bfgs,13,True,2.825680778251183e-09,False,2,bernoulli,-41.147372466063395,-0.24206587387654774|1.2409357142849953|-0.57814628969263748,ec2b89591344bbdedba554b1e4524487cf72fc2c39d1c95576ea1233cab0ce70,selected_candidate_loading,True,ec2b89591344bbdedba554b1e4524487cf72fc2c39d1c95576ea1233cab0ce70,bernoulli,3,completed
rep01,start_B,7,7,bfgs,bernoulli,bernoulli,50.55073038584466,False,True,-49.25581676696553,-74.53118195988786,bfgs,6,True,8.520361638453266e-11,True,0,bfgs,7,True,1.5877715142664784e-09,False,2,bernoulli,-49.25581676696553,0.43577667390188013|0.43506100882917692|0.090401088271002308,a1d951d0ff481242c1dc55ac354f6661a3da8f7e48e99c641acb920effd04b24,selected_candidate_loading,True,a1d951d0ff481242c1dc55ac354f6661a3da8f7e48e99c641acb920effd04b24,bernoulli,3,completed
rep01,start_B,7,8,bfgs,bernoulli,bernoulli,51.049619772396056,False,True,-48.31170607323183,-73.83651595942986,bfgs,7,True,1.1280598677387844e-11,True,0,bfgs,8,True,2.2546559064196004e-11,True,0,bernoulli,-48.31170607323183,-0.11586511450605327|-0.23548128901981913|-0.54492479817164707,97efe32a980ba2b586cf8b0582f2c2d8c74467ae02343af541e0d3aee7f95afd,selected_candidate_loading,True,97efe32a980ba2b586cf8b0582f2c2d8c74467ae02343af541e0d3aee7f95afd,bernoulli,3,completed
rep01,start_B,8,3,bfgs,bernoulli,bernoulli,50.24262390873422,False,True,-49.169273515774115,-74.29058547014122,bfgs,7,True,2.7827518067624624e-11,True,0,bfgs,8,True,1.1905060270933632e-13,True,0,bernoulli,-49.169273515774115,0.019670317651987911|-0.081646186063143528|-0.52004626415323885,68bf655abda7e2ad17943d42315e627fb9c0264faaf93bccd190982becafa96d,selected_candidate_loading,True,68bf655abda7e2ad17943d42315e627fb9c0264faaf93bccd190982becafa96d,bernoulli,3,completed
rep01,start_B,8,4,bfgs,bernoulli,bernoulli,67.59874371019389,False,True,-39.71215986973167,-73.51153172482861,bfgs,7,True,9.392249200601554e-11,True,0,bfgs,16,True,4.03117816905052e-13,True,0,bernoulli,-39.71215986973167,0.36924662726417229|1.2582299653290059|-0.93777129527429437,273cfbae420d8aead32e2c3c43fa29aa6215a514d99e3e69e9a9cfa7bfb71003,selected_candidate_loading,True,273cfbae420d8aead32e2c3c43fa29aa6215a514d99e3e69e9a9cfa7bfb71003,bernoulli,3,completed
rep01,start_B,8,5,bfgs,bernoulli,bernoulli,56.18475274343311,False,True,-45.55077748372041,-73.64315385543696,bfgs,7,True,1.8978152382942427e-13,True,0,bfgs,11,True,4.823010657517557e-10,False,2,bernoulli,-45.55077748372041,0.19484177634004426|-0.020841287476310068|-0.84118305476452304,a8e4270f918f95721eb80e1ba4c30ce17b1f44d3e21c366ea471ae83d98657fc,selected_candidate_loading,True,a8e4270f918f95721eb80e1ba4c30ce17b1f44d3e21c366ea471ae83d98657fc,bernoulli,3,completed
rep01,start_B,8,6,bfgs,bernoulli,bernoulli,65.06141020937636,False,True,-41.183293139585274,-73.71399824427345,bfgs,6,True,9.688714053268655e-10,False,2,bfgs,13,True,4.488619520515158e-09,False,2,bernoulli,-41.183293139585274,-0.13236149372818262|1.2908253047056457|-0.61309811346911369,8d5f8d7897090ddc524a482e8921e2365384533fe220904a6dda94d81cee4f1c,selected_candidate_loading,True,8d5f8d7897090ddc524a482e8921e2365384533fe220904a6dda94d81cee4f1c,bernoulli,3,completed
rep01,start_B,8,7,bfgs,bernoulli,bernoulli,50.058032333126064,False,True,-49.60938833435849,-74.63840450092152,bfgs,7,True,2.589369829664179e-11,True,0,bfgs,10,True,2.991589198586553e-11,True,0,bernoulli,-49.60938833435849,0.45317794873618061|0.34986482448409589|0.10255731711331505,94412926d18b25c41c2ab6bb6d7cd7647bf2d4eb1dee34b60497bddd3e9b5585,selected_candidate_loading,True,94412926d18b25c41c2ab6bb6d7cd7647bf2d4eb1dee34b60497bddd3e9b5585,bernoulli,3,completed
rep01,start_B,8,8,bfgs,bernoulli,bernoulli,51.224863684427305,False,False,-48.33956152995401,-73.95199337216766,bfgs,4,False,3.100560563296106e-08,False,2,bfgs,10,True,1.4920880087032628e-10,False,2,bernoulli,-48.33956152995401,-0.12242591179597373|-0.2378679588370298|-0.55493807004190054,722fa566528209cf7e93ed5d3ca75a0dbc2514933c2506e80d43d31291ef3a6c,selected_candidate_loading,True,722fa566528209cf7e93ed5d3ca75a0dbc2514933c2506e80d43d31291ef3a6c,bernoulli,3,completed
rep02,start_B,1,3,bfgs,bernoulli,bernoulli,50.39293742432454,False,True,-47.05552066609573,-72.251989378258,bfgs,9,True,7.986056260733676e-13,True,0,bfgs,6,True,2.149391775674303e-13,True,0,bernoulli,-47.05552066609573,0.51453529848419832|-0.5393374373186488,16961d7cef8a77e8a444f909505bb69d96cc3f084d79942a928f69394b542fe0,selected_candidate_loading,True,16961d7cef8a77e8a444f909505bb69d96cc3f084d79942a928f69394b542fe0,bernoulli,2,completed
rep02,start_B,1,4,bfgs,bernoulli,bernoulli,45.20576005582569,False,True,-51.78026589299124,-74.38314592090408,bfgs,6,True,5.274003456179343e-13,True,0,bfgs,6,True,6.0350844321988e-10,False,2,bernoulli,-51.78026589299124,-0.00052980721397103011|-0.12521915424780564,c9682ae656af6fa540916f115e75ffeb86eb723acd583dc14c1711f380c45116,selected_candidate_loading,True,c9682ae656af6fa540916f115e75ffeb86eb723acd583dc14c1711f380c45116,bernoulli,2,completed
rep02,start_B,1,5,bfgs,bernoulli,bernoulli,46.00147640197707,False,True,-50.722236986326664,-73.7229751873152,bfgs,8,True,1.7701038856898777e-09,False,2,bfgs,6,True,3.0962399311107447e-09,False,2,bernoulli,-50.722236986326664,0.068556198814591796|-0.30772194916585249,cd2c4589f5d21d372fc7c0d19bc4c4034d5309eb4ed1f63c5012410e019bacba,selected_candidate_loading,True,cd2c4589f5d21d372fc7c0d19bc4c4034d5309eb4ed1f63c5012410e019bacba,bernoulli,2,completed
rep02,start_B,1,6,bfgs,bernoulli,bernoulli,59.82512675716461,False,True,-44.553654556438644,-74.46621793502095,bfgs,8,True,3.1294966618133915e-13,True,0,bfgs,8,True,1.2989775477478815e-09,False,2,bernoulli,-44.553654556438644,-0.35034698200878739|0.81365978157763785,ee3ffc091aeab0b1d4d719a358c88e12ce722afb2e424a88d992762d1a8b7f43,selected_candidate_loading,True,ee3ffc091aeab0b1d4d719a358c88e12ce722afb2e424a88d992762d1a8b7f43,bernoulli,2,completed
rep02,start_B,1,7,bfgs,bernoulli,bernoulli,46.31524040129719,False,True,-51.434073439468875,-74.59169364011747,bfgs,6,True,5.890115062356927e-11,True,0,bfgs,6,True,5.817035741984e-12,True,0,bernoulli,-51.434073439468875,-0.31705026273404557|-0.070044564299068676,84cf532032306d5c764e0141183269855f022bfbb328d8eca48db4132d501598,selected_candidate_loading,True,84cf532032306d5c764e0141183269855f022bfbb328d8eca48db4132d501598,bernoulli,2,completed
rep02,start_B,1,8,bfgs,bernoulli,bernoulli,46.231136062885284,False,True,-50.5242691222172,-73.63983715365984,bfgs,6,True,2.2482185002559162e-10,False,2,bfgs,6,True,5.24913446042774e-12,True,0,bernoulli,-50.5242691222172,0.018740859605365527|-0.34037543213286592,71bbe90e760f9f3d2dd0c6916da8d421693013a019ad38318eebe99b60720d3c,selected_candidate_loading,True,71bbe90e760f9f3d2dd0c6916da8d421693013a019ad38318eebe99b60720d3c,bernoulli,2,completed
rep02,start_B,2,3,bfgs,bernoulli,bernoulli,52.49873583675303,False,True,-45.41508505374977,-71.66445297212628,bfgs,6,True,8.453238109495942e-14,True,0,bfgs,6,True,3.1478819551011837e-12,True,0,bernoulli,-45.41508505374977,0.56756984977374014|-0.67334221214659562,f640222fb9e18c68066a46bf47bf48bf1fd4dcf2d75195497be1153a05dd7e3e,selected_candidate_loading,True,f640222fb9e18c68066a46bf47bf48bf1fd4dcf2d75195497be1153a05dd7e3e,bernoulli,2,completed
rep02,start_B,2,4,bfgs,bernoulli,bernoulli,45.410053335889316,False,True,-51.352287055703435,-74.0573137236481,bfgs,5,True,2.266357768121452e-10,False,2,bfgs,5,True,8.913225713058637e-11,True,0,bernoulli,-51.352287055703435,0.1470598257428106|-0.19373862652759957,418aac120604ad595c1a5e9c1bba505391414d4c00eceb402212827470195abd,selected_candidate_loading,True,418aac120604ad595c1a5e9c1bba505391414d4c00eceb402212827470195abd,bernoulli,2,completed
rep02,start_B,2,5,bfgs,bernoulli,bernoulli,49.92103662800281,False,True,-47.36607712562517,-72.32659543962657,bfgs,7,True,2.6467716907063733e-14,True,0,bfgs,6,True,3.197442310920451e-15,True,0,bernoulli,-47.36607712562517,0.37427496389426618|-0.58414227492262583,0b960e8833fc8428923a4e9fed0ef7ff7aae8fc80c3d9d8383451257cf60f357,selected_candidate_loading,True,0b960e8833fc8428923a4e9fed0ef7ff7aae8fc80c3d9d8383451257cf60f357,bernoulli,2,completed
rep02,start_B,2,6,bfgs,bernoulli,bernoulli,67.17930144474036,False,True,-40.32823593754249,-73.91788665991267,bfgs,6,True,1.514277592207236e-12,True,0,bfgs,10,True,3.954420790819313e-10,False,2,bernoulli,-40.32823593754249,-0.32935603946794756|1.1866095005542987,e25e44a2b1a9af2c495509bb1c5eb2d8ae58460f2b4791135f96162ff329c750,selected_candidate_loading,True,e25e44a2b1a9af2c495509bb1c5eb2d8ae58460f2b4791135f96162ff329c750,bernoulli,2,completed
rep02,start_B,2,7,bfgs,bernoulli,bernoulli,51.475639374686466,False,True,-48.01197425292277,-73.749793940266,bfgs,7,True,1.1029044344468275e-11,True,0,bfgs,6,True,1.2983818464817886e-10,False,2,bernoulli,-48.01197425292277,-0.75025428351783752|-0.32821611738457318,a11c175680da2a58bc62a7ae878063d3a45bd83972a7ecad5e8a61663f3bbe3a,selected_candidate_loading,True,a11c175680da2a58bc62a7ae878063d3a45bd83972a7ecad5e8a61663f3bbe3a,bernoulli,2,completed
rep02,start_B,2,8,bfgs,bernoulli,bernoulli,45.17377921979447,False,True,-51.77060431252344,-74.35749392242067,bfgs,6,True,2.356514983148372e-12,True,0,bfgs,5,True,9.125834310452774e-10,False,2,bernoulli,-51.77060431252344,0.10707294801390556|-0.10063966001359217,3855b560abde052fdba5fc8bc2613964de3a6ffa5a0b0b5d83ec434eb02e192f,selected_candidate_loading,True,3855b560abde052fdba5fc8bc2613964de3a6ffa5a0b0b5d83ec434eb02e192f,bernoulli,2,completed
rep02,start_B,3,3,bfgs,bernoulli,bernoulli,53.89878850128804,False,True,-44.17963558211301,-71.12902983275703,bfgs,6,True,1.510258584858093e-12,True,0,bfgs,10,True,5.101181699274093e-11,True,0,bernoulli,-44.17963558211301,0.64129159960329252|-0.7927435546788536,eb86bcf4a1d6c8df8d9555a8ab30b9dff31d2650cdc4dabebf3e91eb83af7d36,selected_candidate_loading,True,eb86bcf4a1d6c8df8d9555a8ab30b9dff31d2650cdc4dabebf3e91eb83af7d36,bernoulli,2,completed
rep02,start_B,3,4,bfgs,bernoulli,bernoulli,45.373578214096,False,True,-51.21814206406198,-73.90493117110998,bfgs,5,True,3.419486915845482e-14,True,0,bfgs,6,True,5.297824401395701e-11,True,0,bernoulli,-51.21814206406198,0.17124279578643764|-0.21934041074620605,b2b423fbe58bc2b3fadafeeb68316e34fb64a1ca25fce48572ea65084094aa30,selected_candidate_loading,True,b2b423fbe58bc2b3fadafeeb68316e34fb64a1ca25fce48572ea65084094aa30,bernoulli,2,completed
rep02,start_B,3,5,bfgs,bernoulli,bernoulli,50.615074995799006,False,True,-46.60524517146119,-71.9127826693607,bfgs,6,True,7.58726415028832e-14,True,0,bfgs,6,True,4.537525910564e-12,True,0,bernoulli,-46.60524517146119,0.36824806211689293|-0.69616997028161398,e0fe32c7c0b63b90c9f56e897c42c9d1b46d2018a97a5ffd4250379284e7a416,selected_candidate_loading,True,e0fe32c7c0b63b90c9f56e897c42c9d1b46d2018a97a5ffd4250379284e7a416,bernoulli,2,completed
rep02,start_B,3,6,bfgs,bernoulli,bernoulli,70.63502105612582,False,True,-38.502414086348196,-73.81992461441111,bfgs,6,True,1.6526607860001265e-11,True,0,bfgs,9,True,2.8489210990301216e-12,True,0,bernoulli,-38.502414086348196,-0.40280580016786888|1.4030624223913535,037927b7e2cc1c66e079818ce4ab95eeea078b563ddbb758e3db983494204449,selected_candidate_loading,True,037927b7e2cc1c66e079818ce4ab95eeea078b563ddbb758e3db983494204449,bernoulli,2,completed
rep02,start_B,3,7,bfgs,bernoulli,bernoulli,52.890365586570596,False,True,-47.12113815250888,-73.56632094579417,bfgs,5,True,1.2758665235423904e-10,False,2,bfgs,10,True,2.982805114015719e-11,True,0,bernoulli,-47.12113815250888,-0.80736120122466482|-0.30558520486551771,2a15e781e1a4d76660353ee105ac33e3a96f7580462c847f3ab4c37391f5730f,selected_candidate_loading,True,2a15e781e1a4d76660353ee105ac33e3a96f7580462c847f3ab4c37391f5730f,bernoulli,2,completed
rep02,start_B,3,8,bfgs,bernoulli,bernoulli,45.21509541801356,False,True,-51.83252984104702,-74.4400775500538,bfgs,5,True,1.0101359748659888e-10,False,2,bfgs,6,True,1.3407692733835576e-10,False,2,bernoulli,-51.83252984104702,0.13539023798054425|-0.025332114481809602,732108cadf511b9c4fcc986d2b93a1c64d9602bd405ff00d946d2cf8618856d1,selected_candidate_loading,True,732108cadf511b9c4fcc986d2b93a1c64d9602bd405ff00d946d2cf8618856d1,bernoulli,2,completed
rep02,start_B,4,3,bfgs,bernoulli,bernoulli,53.521052955508495,False,True,-44.524966465105216,-71.28549294285946,bfgs,5,True,1.0344410661389248e-09,False,2,bfgs,10,True,2.1922570425658706e-10,False,2,bernoulli,-44.524966465105216,0.57762302817712063|-0.80416925780672666,63a2eebaef1207bf0b97ae4f124f0750037fe18c4321d0af8c10d663a45f0716,selected_candidate_loading,True,63a2eebaef1207bf0b97ae4f124f0750037fe18c4321d0af8c10d663a45f0716,bernoulli,2,completed
rep02,start_B,4,4,bfgs,bernoulli,bernoulli,45.28502616086871,False,True,-51.467892713200214,-74.11040579363457,bfgs,6,True,5.838884931108623e-13,True,0,bfgs,6,True,2.561506562415161e-13,True,0,bernoulli,-51.467892713200214,0.05273294241951982|-0.21856479721766223,2455a4dbf111840ad570bc176e003d3d60e6fc4853b5370a8ef0cacd2d2e21d9,selected_candidate_loading,True,2455a4dbf111840ad570bc176e003d3d60e6fc4853b5370a8ef0cacd2d2e21d9,bernoulli,2,completed
rep02,start_B,4,5,bfgs,bernoulli,bernoulli,50.985164459602274,False,True,-46.526860221008015,-72.01944245080915,bfgs,6,True,1.2431833340542653e-10,False,2,bfgs,8,True,1.769901292192344e-09,False,2,bernoulli,-46.526860221008015,0.1930198575540476|-0.76887331358618116,fc08e096eb598bad003bc124649e48553e0a521fdb7929ce54b4c98e94552c4a,selected_candidate_loading,True,fc08e096eb598bad003bc124649e48553e0a521fdb7929ce54b4c98e94552c4a,bernoulli,2,completed
rep02,start_B,4,6,bfgs,bernoulli,bernoulli,70.2368997794063,False,True,-38.56570531552982,-73.68415520523297,bfgs,6,True,8.498757253505573e-14,True,0,bfgs,11,True,1.467749832784193e-09,False,2,bernoulli,-38.56570531552982,-0.31306073387668315|1.4125073801374293,3a53533942023919823e1e31aad8600327202ef638d49eadb7716a9ae4d6d5b7,selected_candidate_loading,True,3a53533942023919823e1e31aad8600327202ef638d49eadb7716a9ae4d6d5b7,bernoulli,2,completed
rep02,start_B,4,7,bfgs,bernoulli,bernoulli,52.95837647106248,False,True,-47.43517211048871,-73.91436034601995,bfgs,6,True,6.52384812838136e-12,True,0,bfgs,9,True,3.33226779503093e-12,True,0,bernoulli,-47.43517211048871,-0.7969729775988097|-0.21741983091477227,e63c22701d2c0bbfef923da123d7997f19942e0df8d4c8622ffee8226575f314,selected_candidate_loading,True,e63c22701d2c0bbfef923da123d7997f19942e0df8d4c8622ffee8226575f314,bernoulli,2,completed
rep02,start_B,4,8,bfgs,bernoulli,bernoulli,45.633469373242704,False,True,-51.504250880574396,-74.32098556719575,bfgs,5,True,4.772360284732713e-12,True,0,bfgs,6,True,2.665245801836136e-12,True,0,bernoulli,-51.504250880574396,0.24491019196484018|0.0058165939447161032,767ebc49f38e401c30de5a439c1b3e6957e4bf4083aa9ead1f003e93294bcc00,selected_candidate_loading,True,767ebc49f38e401c30de5a439c1b3e6957e4bf4083aa9ead1f003e93294bcc00,bernoulli,2,completed
rep02,start_B,5,3,bfgs,bernoulli,bernoulli,53.80979363224044,False,True,-44.21179971034716,-71.11669652646738,bfgs,5,True,2.3714166741406473e-11,True,0,bfgs,10,True,2.4530943942835393e-10,False,2,bernoulli,-44.21179971034716,0.47201881658515565|-0.9077707422247232,44d642669bc1176729ed3f2b22fc974a16ff3c62e4c6502921f6eecd7a3b2276,selected_candidate_loading,True,44d642669bc1176729ed3f2b22fc974a16ff3c62e4c6502921f6eecd7a3b2276,bernoulli,2,completed
rep02,start_B,5,4,bfgs,bernoulli,bernoulli,45.17203787482481,False,True,-51.49133603528976,-74.07735497270217,bfgs,5,True,9.36317690047872e-12,True,0,bfgs,8,True,5.357492227631156e-13,True,0,bernoulli,-51.49133603528976,0.094785403955254671|-0.20678140967529368,0620591b577d8f4cd2dd1d4c4d2774cd7d030c20dcde3e2ba4f2f32ee20c60b1,selected_candidate_loading,True,0620591b577d8f4cd2dd1d4c4d2774cd7d030c20dcde3e2ba4f2f32ee20c60b1,bernoulli,2,completed
rep02,start_B,5,5,bfgs,bernoulli,bernoulli,51.30219243945611,False,True,-46.17757237287197,-71.82866859260002,bfgs,5,True,3.6138037007305003e-13,True,0,bfgs,7,True,1.918126102395945e-10,False,2,bernoulli,-46.17757237287197,0.18703245196063628|-0.81802354889105555,a084fdd9487d7be6e889251d119b895f1f92fa0df3a3d369e8fd4288ffef5aaf,selected_candidate_loading,True,a084fdd9487d7be6e889251d119b895f1f92fa0df3a3d369e8fd4288ffef5aaf,bernoulli,2,completed
rep02,start_B,5,6,bfgs,bernoulli,bernoulli,68.98721897510542,False,True,-39.3373942857991,-73.83100377335181,bfgs,5,True,1.846690134144069e-10,False,2,bfgs,10,True,6.69440528566767e-09,False,2,bernoulli,-39.3373942857991,-0.25412247198187321|1.3924577384243146,b38c75f50bc9a1c2a411d118534d3611459b31a3f8307cacc486c61c1b401d1e,selected_candidate_loading,True,b38c75f50bc9a1c2a411d118534d3611459b31a3f8307cacc486c61c1b401d1e,bernoulli,2,completed
rep02,start_B,5,7,bfgs,bernoulli,bernoulli,51.012226362534946,False,True,-48.49810503871576,-74.00421821998323,bfgs,6,True,7.452385375472658e-11,True,0,bfgs,10,True,1.4803255066198063e-09,False,2,bernoulli,-48.49810503871576,-0.66220974719181269|-0.18612430360887072,a5d041878aba8a5be2776a4585fde0a69f9df38d8d5de3d8a99e4bb577f9bdaa,selected_candidate_loading,True,a5d041878aba8a5be2776a4585fde0a69f9df38d8d5de3d8a99e4bb577f9bdaa,bernoulli,2,completed
rep02,start_B,5,8,bfgs,bernoulli,bernoulli,45.63298539972321,False,True,-51.19776163681011,-74.01425433667171,bfgs,5,True,4.385936058781681e-10,False,2,bfgs,5,True,4.4906760754415135e-09,False,2,bernoulli,-51.19776163681011,0.29255707618328158|-0.11071780500015493,ac9add87ef5e52fa42cda1479782c352657012d92d6e4307c298aa049e9d136e,selected_candidate_loading,True,ac9add87ef5e52fa42cda1479782c352657012d92d6e4307c298aa049e9d136e,bernoulli,2,completed
rep02,start_B,6,3,bfgs,bernoulli,bernoulli,53.45774018755657,False,True,-44.27307676097102,-71.0019468547493,bfgs,5,True,4.188871471910716e-14,True,0,bfgs,8,True,4.293454480830405e-13,True,0,bernoulli,-44.27307676097102,0.46091601025371737|-0.89423188916162721,a7965b0dc7525d3537eccb66715df1d17f3a98e23a55fff2dea06c01b4507417,selected_candidate_loading,True,a7965b0dc7525d3537eccb66715df1d17f3a98e23a55fff2dea06c01b4507417,bernoulli,2,completed
rep02,start_B,6,4,bfgs,bernoulli,bernoulli,45.0142307907488,False,True,-51.58860387292434,-74.09571926829874,bfgs,5,True,3.489120103949972e-12,True,0,bfgs,6,True,3.3253400033572687e-13,True,0,bernoulli,-51.58860387292434,0.05520363335722004|-0.18901855625738115,8a41c7a46c8f3aab776428b0d516ee8ecf50b973333fd5a836eaf4a3398abed9,selected_candidate_loading,True,8a41c7a46c8f3aab776428b0d516ee8ecf50b973333fd5a836eaf4a3398abed9,bernoulli,2,completed
rep02,start_B,6,5,bfgs,bernoulli,bernoulli,49.916564091841934,False,True,-46.99430632683588,-71.95258837275685,bfgs,7,True,4.669264974666021e-13,True,0,bfgs,10,True,7.890530895338089e-10,False,2,bernoulli,-46.99430632683588,0.22952632832555497|-0.72198109804915034,8f9d210a4ff653654d96e97a0502d7cf1542e06a32b4335789a1df31623f0521,selected_candidate_loading,True,8f9d210a4ff653654d96e97a0502d7cf1542e06a32b4335789a1df31623f0521,bernoulli,2,completed
rep02,start_B,6,6,bfgs,bernoulli,bernoulli,71.86115669975973,False,True,-37.83864209378187,-73.76922044366174,bfgs,6,True,3.010536264724806e-13,True,0,bfgs,10,True,6.155033993593406e-09,False,2,bernoulli,-37.83864209378187,-0.28105798551581312|1.4887722385246753,532ea11402e9630aa1e4189836e864f7d73aa4b60aeeb1fcfa2d4f8afa864cdd,selected_candidate_loading,True,532ea11402e9630aa1e4189836e864f7d73aa4b60aeeb1fcfa2d4f8afa864cdd,bernoulli,2,completed
rep02,start_B,6,7,bfgs,bernoulli,bernoulli,50.99472133103343,False,False,-48.240139351031154,-73.73750001654787,bfgs,5,True,8.874989632090547e-12,True,0,bfgs,9,False,2.8860049994250404e-08,False,2,bernoulli,-48.240139351031154,-0.68783587960354975|-0.22755104671711368,4e749519acf61595f7b3aa86d361bf4f7df0c1eef090a5bda27e529a0116732b,selected_candidate_loading,True,4e749519acf61595f7b3aa86d361bf4f7df0c1eef090a5bda27e529a0116732b,bernoulli,2,completed
rep02,start_B,6,8,bfgs,bernoulli,bernoulli,45.36322050393525,False,True,-51.50466391353096,-74.18627416549859,bfgs,6,True,5.023537141823909e-13,True,0,bfgs,5,True,9.553673407936003e-11,True,0,bernoulli,-51.50466391353096,0.23463133508597453|-0.069479160153789687,ab4064f24045a997d4322257294685e814c3bbdaf28a400c0611db8ee637e169,selected_candidate_loading,True,ab4064f24045a997d4322257294685e814c3bbdaf28a400c0611db8ee637e169,bernoulli,2,completed
rep02,start_B,7,3,bfgs,bernoulli,bernoulli,52.444351037242754,False,True,-44.81051766497077,-71.03269318359214,bfgs,6,True,1.6867024443811828e-11,True,0,bfgs,8,True,3.2393643323302966e-12,True,0,bernoulli,-44.81051766497077,0.474572906356443|-0.83858339386552316,2f2bc3e99e1a3810fbd52393e7360ca96701a8b9fe3924ad0775e7b7a22455c5,selected_candidate_loading,True,2f2bc3e99e1a3810fbd52393e7360ca96701a8b9fe3924ad0775e7b7a22455c5,bernoulli,2,completed
rep02,start_B,7,4,bfgs,bernoulli,bernoulli,45.15471785075955,False,False,-51.15004966639278,-73.72740859177256,bfgs,4,False,7.040688387860428e-08,False,2,bfgs,6,True,1.3322676295501878e-13,True,0,bernoulli,-51.15004966639278,0.088778460144824434|-0.27280064317059632,17365d4ba8234b1ff409d2591e4803d6e7ea82e1f0c5e328ee7eb7c358f15d03,selected_candidate_loading,True,17365d4ba8234b1ff409d2591e4803d6e7ea82e1f0c5e328ee7eb7c358f15d03,bernoulli,2,completed
rep02,start_B,7,5,bfgs,bernoulli,bernoulli,49.63089968753199,False,True,-47.142512016045835,-71.95796185981183,bfgs,6,True,1.7977286326242847e-13,True,0,bfgs,7,True,4.3876013933186185e-14,True,0,bernoulli,-47.142512016045835,0.10338096581715921|-0.72883402447709977,e71ff8b9bd345fb7df5386f1baf97e1c4a4c39754e38fc1a00e59b08afa89eb8,selected_candidate_loading,True,e71ff8b9bd345fb7df5386f1baf97e1c4a4c39754e38fc1a00e59b08afa89eb8,bernoulli,2,completed
rep02,start_B,7,6,bfgs,bernoulli,bernoulli,69.3070856151685,False,True,-39.30968836365482,-73.96323117123907,bfgs,6,True,4.835320921436903e-10,False,2,bfgs,12,True,1.3889458472249316e-10,False,2,bernoulli,-39.30968836365482,-0.20269072276698932|1.3899057878464403,53f988018c924095086809ec9ec7cf3045ec4a7fb73e490a46f03f324a60db34,selected_candidate_loading,True,53f988018c924095086809ec9ec7cf3045ec4a7fb73e490a46f03f324a60db34,bernoulli,2,completed
rep02,start_B,7,7,bfgs,bernoulli,bernoulli,51.48336685160791,False,False,-48.03800767562039,-73.77969110142435,bfgs,5,False,1.600028649573204e-08,False,2,bfgs,10,True,1.1449543535491102e-10,False,2,bernoulli,-48.03800767562039,-0.73439082206303108|-0.20273253685062018,bb2741a994d7b3feb0db6f4e30b84e27d5f427bc370d4be0965958267919fea3,selected_candidate_loading,True,bb2741a994d7b3feb0db6f4e30b84e27d5f427bc370d4be0965958267919fea3,bernoulli,2,completed
rep02,start_B,7,8,bfgs,bernoulli,bernoulli,45.47411920723894,False,True,-51.240604598776955,-73.97766420239643,bfgs,5,True,3.897990663581652e-09,False,2,bfgs,6,True,1.353495093781021e-12,True,0,bernoulli,-51.240604598776955,0.30109633911124983|-0.07591534192969096,058494ca56aa7243b8721756d90f7b3789497da6d9d86e3bcefff01b2a328a48,selected_candidate_loading,True,058494ca56aa7243b8721756d90f7b3789497da6d9d86e3bcefff01b2a328a48,bernoulli,2,completed
rep02,start_B,8,3,bfgs,bernoulli,bernoulli,52.91578090156037,False,False,-44.8805024529871,-71.33839290376729,bfgs,5,True,6.999378854288807e-11,True,0,bfgs,9,False,1.168284207153647e-08,False,2,bernoulli,-44.8805024529871,0.4269358507576419|-0.85554785533185773,6e93d57621a0189bb6f79409ea2c9d05ce269a44eaa4de23c324b5b52ea98b5b,selected_candidate_loading,True,6e93d57621a0189bb6f79409ea2c9d05ce269a44eaa4de23c324b5b52ea98b5b,bernoulli,2,completed
rep02,start_B,8,4,bfgs,bernoulli,bernoulli,45.16362704472603,False,True,-51.5091870512932,-74.09100057365622,bfgs,6,True,7.613909502879323e-14,True,0,bfgs,6,True,2.779687591214497e-12,True,0,bernoulli,-51.5091870512932,0.074957228445780524|-0.20516858691671236,b72b3a122bb1468e7f47892b630c858908c95d6005cdc70210cf451231ae2677,selected_candidate_loading,True,b72b3a122bb1468e7f47892b630c858908c95d6005cdc70210cf451231ae2677,bernoulli,2,completed
rep02,start_B,8,5,bfgs,bernoulli,bernoulli,49.86445558600221,False,False,-47.32543248304553,-72.25766027604664,bfgs,4,False,2.7887195708231616e-08,False,2,bfgs,6,True,4.887867888214714e-11,True,0,bernoulli,-47.32543248304553,0.069330615655299202|-0.72147254300694541,bcda90233fd4a65ad0a433eea1ccd3650263231f11b59431d449174ab1e2a288,selected_candidate_loading,True,bcda90233fd4a65ad0a433eea1ccd3650263231f11b59431d449174ab1e2a288,bernoulli,2,completed
rep02,start_B,8,6,bfgs,bernoulli,bernoulli,67.88315439312524,False,True,-39.946101164039376,-73.887678360602,bfgs,6,True,8.21066409306681e-12,True,0,bfgs,11,True,1.320982434549478e-10,False,2,bernoulli,-39.946101164039376,-0.081174207229410558|1.3481508343501685,c59c13a8db9fe25d14783026d480013e2b1444884484852053a12caec6f94295,selected_candidate_loading,True,c59c13a8db9fe25d14783026d480013e2b1444884484852053a12caec6f94295,bernoulli,2,completed
rep02,start_B,8,7,bfgs,bernoulli,bernoulli,50.69515781021491,False,False,-48.57002532972933,-73.91760423483679,bfgs,6,True,2.519406905321375e-12,True,0,bfgs,9,False,3.305287066268647e-08,False,2,bernoulli,-48.57002532972933,-0.6623503326284419|-0.18962258770562715,c91ba7f54cce64fc21d05b56b04f3d9f6bc93c7e7acdc59585897953bbc0ae5b,selected_candidate_loading,True,c91ba7f54cce64fc21d05b56b04f3d9f6bc93c7e7acdc59585897953bbc0ae5b,bernoulli,2,completed
rep02,start_B,8,8,bfgs,bernoulli,bernoulli,45.958676026454185,False,True,-50.95656877328149,-73.93590678650858,bfgs,5,True,5.380464962456699e-11,True,0,bfgs,6,True,2.842170943040401e-15,True,0,bernoulli,-50.95656877328149,0.3409777228957368|-0.11834390444681309,a528467bb939b543ed4acaaec2269ff23df6924d67908b8e5616971808117922,selected_candidate_loading,True,a528467bb939b543ed4acaaec2269ff23df6924d67908b8e5616971808117922,bernoulli,2,completed
rep02,start_B,1,3,bfgs,bernoulli,bernoulli,51.13731748415273,False,False,-47.926958731389405,-73.49561747346577,bfgs,10,True,5.520619517085379e-10,False,2,bfgs,7,False,3.782731043955323e-08,False,2,bernoulli,-47.926958731389405,-0.24716042992735368|-0.41734086669605558|0.40050014740806034,cbf6a4041724785a6f689013acdc881bd241a5b2cb3a6de3f6bc6230a2c58ed4,selected_candidate_loading,True,cbf6a4041724785a6f689013acdc881bd241a5b2cb3a6de3f6bc6230a2c58ed4,bernoulli,3,completed
rep02,start_B,1,4,bfgs,bernoulli,bernoulli,46.057095614395195,False,True,-51.720279797761805,-74.7488276049594,bfgs,7,True,3.2524418713819616e-10,False,2,bfgs,7,True,4.1489585100862315e-10,False,2,bernoulli,-51.720279797761805,0.13290591138047114|0.01558498674556608|0.12291497246551292,929e3e4d05a56f9c7f282fcc0ae4b4e4e772dbb03834d31eaec0ecb558dbe23d,selected_candidate_loading,True,929e3e4d05a56f9c7f282fcc0ae4b4e4e772dbb03834d31eaec0ecb558dbe23d,bernoulli,3,completed
rep02,start_B,1,5,bfgs,bernoulli,bernoulli,49.16399002374884,False,True,-49.331193711466675,-73.9131887233411,bfgs,12,True,7.372770838287579e-10,False,2,bfgs,7,True,8.362448511434195e-11,True,0,bernoulli,-49.331193711466675,-0.25633122716975454|-0.08851991359125666|0.38227280956762077,1590bc3ac3886aad73aff139d81523245605fbb8a139ab4fb901037551538c8f,selected_candidate_loading,True,1590bc3ac3886aad73aff139d81523245605fbb8a139ab4fb901037551538c8f,bernoulli,3,completed
rep02,start_B,1,6,bfgs,bernoulli,bernoulli,55.41328562466859,False,True,-46.411892934229186,-74.11853574656348,bfgs,11,True,1.811944505547558e-09,False,2,bfgs,8,True,7.497291676372698e-12,True,0,bernoulli,-46.411892934229186,0.44263916737673881|0.12718054364942974|-0.56737166769203029,ff292666aa6d2c0ac4968a47980f29f1eea132fafda3bd674459df13dacfcc27,selected_candidate_loading,True,ff292666aa6d2c0ac4968a47980f29f1eea132fafda3bd674459df13dacfcc27,bernoulli,3,completed
rep02,start_B,1,7,bfgs,bernoulli,bernoulli,47.86133169759316,False,True,-50.555126073731856,-74.48579192252843,bfgs,10,True,7.830415427179105e-10,False,2,bfgs,11,True,2.714322100416666e-10,False,2,bernoulli,-50.555126073731856,0.016440434492148562|0.35347842072679475|0.21207981289710581,5f3636791b18c9b830787186a4469b4da7a6f6f2ebf771713b58690d2a8ed563,selected_candidate_loading,True,5f3636791b18c9b830787186a4469b4da7a6f6f2ebf771713b58690d2a8ed563,bernoulli,3,completed
rep02,start_B,1,8,bfgs,bernoulli,bernoulli,48.94145405558879,False,False,-49.60827202837595,-74.07899905617035,bfgs,11,False,6.324350394493195e-08,False,2,bfgs,10,True,2.180687364017331e-09,False,2,bernoulli,-49.60827202837595,0.48493902848719805|-0.45785513222786578|0.16240135384061352,42f8a5b73a5130cc27c9c75ba00f16da498213f850086c874f8cb5ba4000494c,selected_candidate_loading,True,42f8a5b73a5130cc27c9c75ba00f16da498213f850086c874f8cb5ba4000494c,bernoulli,3,completed
rep02,start_B,2,3,bfgs,bernoulli,bernoulli,53.07614836772753,False,True,-44.68772416060532,-71.22579834446908,bfgs,8,True,9.02896690746502e-10,False,2,bfgs,8,True,9.730882766234571e-13,True,0,bernoulli,-44.68772416060532,-0.18610866292297568|-0.59659953177877167|0.63142227215396862,94d7c427fc8b3b530a667b5a938b882c97a51098eb72d12327613afd7fc809de,selected_candidate_loading,True,94d7c427fc8b3b530a667b5a938b882c97a51098eb72d12327613afd7fc809de,bernoulli,3,completed
rep02,start_B,2,4,bfgs,bernoulli,bernoulli,45.08427553541256,False,True,-51.63092294873543,-74.17306071644171,bfgs,7,True,1.2750689393214997e-12,True,0,bfgs,7,True,2.778403285219611e-10,False,2,bernoulli,-51.63092294873543,-0.010240638904490814|-0.069181273446486558|0.15915539345029686,91e38611f4f0377dc87985cea842e81179eb2273febe4330bc66ca089ee875a5,selected_candidate_loading,True,91e38611f4f0377dc87985cea842e81179eb2273febe4330bc66ca089ee875a5,bernoulli,3,completed
rep02,start_B,2,5,bfgs,bernoulli,bernoulli,50.75561809395572,False,True,-46.692546844316524,-72.07035589129438,bfgs,8,True,3.025057981886903e-11,True,0,bfgs,8,True,1.8581808092221764e-09,False,2,bernoulli,-46.692546844316524,-0.52244627993144499|-0.17889875033477631|0.46467303798264759,392b3989beed0b9ffc4eac5326f7a55989ee052625023642494cb6554c444a17,selected_candidate_loading,True,392b3989beed0b9ffc4eac5326f7a55989ee052625023642494cb6554c444a17,bernoulli,3,completed
rep02,start_B,2,6,bfgs,bernoulli,bernoulli,69.83849500248253,False,True,-38.897890031745966,-73.81713753298723,bfgs,11,True,7.310232419399653e-11,True,0,bfgs,12,True,7.19938331172898e-10,False,2,bernoulli,-38.897890031745966,0.63701707650683759|0.36347326521172107|-1.0673766778550795,c7b34542c4abd6552a374dfd395d6f6d1a2c38f827134c34553b6b1f5c3c6305,selected_candidate_loading,True,c7b34542c4abd6552a374dfd395d6f6d1a2c38f827134c34553b6b1f5c3c6305,bernoulli,3,completed
rep02,start_B,2,7,bfgs,bernoulli,bernoulli,50.89560888437336,False,True,-48.44396431165492,-73.8917687538416,bfgs,6,True,3.6481928589182644e-11,True,0,bfgs,8,True,1.2360779066966643e-11,True,0,bernoulli,-48.44396431165492,0.070378680333929494|0.58549000352945491|0.31393887309122748,e3943cd2303da7b2ecd06a811a03300ef9d1ab2a989566ef575609f82ad5673a,selected_candidate_loading,True,e3943cd2303da7b2ecd06a811a03300ef9d1ab2a989566ef575609f82ad5673a,bernoulli,3,completed
rep02,start_B,2,8,bfgs,bernoulli,bernoulli,50.725306996528644,False,False,-47.89710298219653,-73.25975648046085,bfgs,7,True,1.417941319914462e-11,True,0,bfgs,10,False,1.4217440735819763e-08,False,2,bernoulli,-47.89710298219653,0.71287880369686607|-0.49705035570033379|0.25180601511237727,3cbe5cde8bdcdec636c04b54e48610df0d38229513a27928650bd1455d29d8c2,selected_candidate_loading,True,3cbe5cde8bdcdec636c04b54e48610df0d38229513a27928650bd1455d29d8c2,bernoulli,3,completed
rep02,start_B,3,3,bfgs,bernoulli,bernoulli,52.92310482489491,False,True,-45.099716150861916,-71.56126856330937,bfgs,7,True,2.7354743803442717e-09,False,2,bfgs,12,True,4.47165549033457e-10,False,2,bernoulli,-45.099716150861916,-0.26147171097638044|-0.56422503441620875|0.64322168013057102,5cf767a6fece58d384f2894e508470fcf674ccdc62361cf75b24c7e3909a92d0,selected_candidate_loading,True,5cf767a6fece58d384f2894e508470fcf674ccdc62361cf75b24c7e3909a92d0,bernoulli,3,completed
rep02,start_B,3,4,bfgs,bernoulli,bernoulli,45.590512599302954,False,True,-51.12628185903997,-73.92153815869145,bfgs,6,True,7.421032677257244e-11,True,0,bfgs,7,True,1.923599057818137e-11,True,0,bernoulli,-51.12628185903997,-0.17911793495807385|-0.11057004483146168|0.18438505555660914,fdd6b58635de5fe6ac9e4e9eca309c85673f27291161f36a99d7dcbceda8a959,selected_candidate_loading,True,fdd6b58635de5fe6ac9e4e9eca309c85673f27291161f36a99d7dcbceda8a959,bernoulli,3,completed
rep02,start_B,3,5,bfgs,bernoulli,bernoulli,54.68442296715523,False,True,-43.91493727877965,-71.25714876235726,bfgs,7,True,1.6018297799291758e-13,True,0,bfgs,8,True,1.5042633805251172e-12,True,0,bernoulli,-43.91493727877965,-0.78654298862703553|-0.33762620147370692|0.53580012240270292,d36ff0a3d3f8435a4c128154b65d0e0376cf6b60898d68bd4ddf2935969b82a1,selected_candidate_loading,True,d36ff0a3d3f8435a4c128154b65d0e0376cf6b60898d68bd4ddf2935969b82a1,bernoulli,3,completed
rep02,start_B,3,6,bfgs,bernoulli,bernoulli,71.2005615982216,False,True,-38.10015708620083,-73.70043788531163,bfgs,7,True,4.705787981507115e-11,True,0,bfgs,12,True,4.4825609890608577e-11,True,0,bernoulli,-38.10015708620083,0.81835798581107377|0.44829003980040494|-1.0902912742071404,210c1f7aa106ae702524e135db309e3ddb7697012e2158ad985a4cda0c8ae3c5,selected_candidate_loading,True,210c1f7aa106ae702524e135db309e3ddb7697012e2158ad985a4cda0c8ae3c5,bernoulli,3,completed
rep02,start_B,3,7,bfgs,bernoulli,bernoulli,51.35540311801354,False,True,-48.05195341525431,-73.72965497426108,bfgs,7,True,1.2731948828559325e-11,True,0,bfgs,11,True,7.149694170038856e-11,True,0,bernoulli,-48.05195341525431,0.015691411736692217|0.61442172069882028|0.36900706218457863,09bfccf328aaabdaffbb974c5ee125b5821a3d7e5d390624472a07e02c9a0637,selected_candidate_loading,True,09bfccf328aaabdaffbb974c5ee125b5821a3d7e5d390624472a07e02c9a0637,bernoulli,3,completed
rep02,start_B,3,8,bfgs,bernoulli,bernoulli,51.8619201209962,False,True,-47.72302873687173,-73.65398879736983,bfgs,8,True,2.355917239071914e-10,False,2,bfgs,11,True,1.2345857669515681e-11,True,0,bernoulli,-47.72302873687173,0.69694701501257728|-0.34445634460149982|0.26918580032684797,4029e9f8acc16a7fd272991af673bbef02bc5288b906e6f1015a5d5fe394efbe,selected_candidate_loading,True,4029e9f8acc16a7fd272991af673bbef02bc5288b906e6f1015a5d5fe394efbe,bernoulli,3,completed
rep02,start_B,4,3,bfgs,bernoulli,bernoulli,54.65625553464575,False,True,-43.661901494071905,-70.99002926139478,bfgs,6,True,7.16410708534454e-11,True,0,bfgs,12,True,2.1484716228314937e-10,False,2,bernoulli,-43.661901494071905,-0.39558292126619354|-0.6708603712858493|0.64329457913618993,fe11820eeeaf8ee72f0e0fa1a664172ceb081dc4848af8e305ebc4f014db035a,selected_candidate_loading,True,fe11820eeeaf8ee72f0e0fa1a664172ceb081dc4848af8e305ebc4f014db035a,bernoulli,3,completed
rep02,start_B,4,4,bfgs,bernoulli,bernoulli,45.31647708218931,False,True,-51.47525329852956,-74.13349183962421,bfgs,8,True,1.3357670525238063e-11,True,0,bfgs,8,True,4.77989203773177e-10,False,2,bernoulli,-51.47525329852956,0.010099603412594329|-0.088723763421023408|0.19899117321440823,f287544e16fa9c8181ffbaec8f0c146bee0da59d3bb96f89baef8b618583bb0c,selected_candidate_loading,True,f287544e16fa9c8181ffbaec8f0c146bee0da59d3bb96f89baef8b618583bb0c,bernoulli,3,completed
rep02,start_B,4,5,bfgs,bernoulli,bernoulli,51.736483420815205,False,True,-45.93726103054111,-71.80550274094871,bfgs,7,True,7.398615498033223e-10,False,2,bfgs,10,True,8.893129788134502e-10,False,2,bernoulli,-45.93726103054111,-0.53221950534857354|-0.29283057038079807|0.56262891223136435,089c569d4aa17b2666734eb9ca8ccf5d9e8ac6c01f99298715ec99822cc6fcfd,selected_candidate_loading,True,089c569d4aa17b2666734eb9ca8ccf5d9e8ac6c01f99298715ec99822cc6fcfd,bernoulli,3,completed
rep02,start_B,4,6,bfgs,bernoulli,bernoulli,72.71493837161697,False,True,-37.242649128944194,-73.60011831475268,bfgs,7,True,1.224587098391794e-12,True,0,bfgs,12,True,2.072416904752572e-09,False,2,bernoulli,-37.242649128944194,0.80454400180637675|0.5675060493121199|-1.1633470546468505,8094b8752573434252158a55fed2fdf96d1773d0c732987345145f3da75e6fee,selected_candidate_loading,True,8094b8752573434252158a55fed2fdf96d1773d0c732987345145f3da75e6fee,bernoulli,3,completed
rep02,start_B,4,7,bfgs,bernoulli,bernoulli,51.33186132319223,False,True,-48.371412576867066,-74.03734323846318,bfgs,7,True,5.333777863825162e-12,True,0,bfgs,11,True,2.971418666675163e-10,False,2,bernoulli,-48.371412576867066,0.039937205075326367|0.58951711737339363|0.3448940534852365,eff6bb9d96711211115224fc5ac5addb57408839d4d160a043fdaadd8449b7bf,selected_candidate_loading,True,eff6bb9d96711211115224fc5ac5addb57408839d4d160a043fdaadd8449b7bf,bernoulli,3,completed
rep02,start_B,4,8,bfgs,bernoulli,bernoulli,49.175674660339524,False,True,-49.26789277654014,-73.8557301067099,bfgs,8,True,1.91553439776726e-12,True,0,bfgs,10,True,1.3827197165028337e-10,False,2,bernoulli,-49.26789277654014,0.52086196353688041|-0.30832580246138475|0.17470787648557257,714ea4b11c8d682fd5169146c2dafdfe2c79068be56e30de66db0a318b2fec91,selected_candidate_loading,True,714ea4b11c8d682fd5169146c2dafdfe2c79068be56e30de66db0a318b2fec91,bernoulli,3,completed
rep02,start_B,5,3,bfgs,bernoulli,bernoulli,53.60233235577928,False,True,-44.28505833313584,-71.08622451102548,bfgs,9,True,3.0817126628335244e-12,True,0,bfgs,10,True,8.173167032055062e-10,False,2,bernoulli,-44.28505833313584,-0.30463917180464367|-0.55581100551981488|0.70708177894816371,68f419b00142ef406a0c691ecf11f947a6d4b39eb2d23cf58915aee897110561,selected_candidate_loading,True,68f419b00142ef406a0c691ecf11f947a6d4b39eb2d23cf58915aee897110561,bernoulli,3,completed
rep02,start_B,5,4,bfgs,bernoulli,bernoulli,45.324689923642524,False,True,-51.19367130475872,-73.85601626657999,bfgs,6,True,7.225800402466121e-10,False,2,bfgs,8,True,6.060929536033654e-13,True,0,bernoulli,-51.19367130475872,-0.10470585904733312|-0.12977650708886196|0.20845281521109466,aac6b78afa9a86374f57aa5b6c76bba32f6bb6b343d3c6e571b5094f1cebe7fc,selected_candidate_loading,True,aac6b78afa9a86374f57aa5b6c76bba32f6bb6b343d3c6e571b5094f1cebe7fc,bernoulli,3,completed
rep02,start_B,5,5,bfgs,bernoulli,bernoulli,52.3617586836732,False,False,-45.22902795093337,-71.40990729276997,bfgs,7,True,3.0214011292883926e-10,False,2,bfgs,10,False,3.3947297053416035e-07,False,2,bernoulli,-45.22902795093337,-0.57524659318809057|-0.30590455926388793|0.59124808845645282,208f8c5acd840b1781f92c0034b935bd5e3cf19baaf0ee1031744fae8b69cb6b,selected_candidate_loading,True,208f8c5acd840b1781f92c0034b935bd5e3cf19baaf0ee1031744fae8b69cb6b,bernoulli,3,completed
rep02,start_B,5,6,bfgs,bernoulli,bernoulli,71.84844071461008,False,True,-37.82119729257757,-73.74541764988261,bfgs,7,True,1.2744416633125866e-10,False,2,bfgs,14,True,1.0344436418563419e-10,False,2,bernoulli,-37.82119729257757,0.76879822433958289|0.44162368595363832|-1.1639167628415374,4f3d8617134fab92c7a4c388306eaf303046a00e64ea603f43097298620eb44e,selected_candidate_loading,True,4f3d8617134fab92c7a4c388306eaf303046a00e64ea603f43097298620eb44e,bernoulli,3,completed
rep02,start_B,5,7,bfgs,bernoulli,bernoulli,51.703340166313666,False,True,-47.864322269100384,-73.71599235225722,bfgs,6,True,9.306173609502366e-11,True,0,bfgs,12,True,8.31460553740726e-09,False,2,bernoulli,-47.864322269100384,0.079944184377726699|0.61207192663491505|0.39343629870072311,b59a0927703e7a350dde87687896c18864628e31b7128b185b797dc23ede274d,selected_candidate_loading,True,b59a0927703e7a350dde87687896c18864628e31b7128b185b797dc23ede274d,bernoulli,3,completed
rep02,start_B,5,8,bfgs,bernoulli,bernoulli,48.08027730696955,False,True,-49.871974167289224,-73.912112820774,bfgs,7,True,2.1657520221651794e-10,False,2,bfgs,8,True,1.757882728270488e-12,True,0,bernoulli,-49.871974167289224,0.4093668503832219|-0.28655074551319076|0.22535724178054706,20ed0b754de2a5e718645e88fc4c6ac3cc838b436561da298c0ebd3717156a3c,selected_candidate_loading,True,20ed0b754de2a5e718645e88fc4c6ac3cc838b436561da298c0ebd3717156a3c,bernoulli,3,completed
rep02,start_B,6,3,bfgs,bernoulli,bernoulli,53.40405740149218,False,True,-44.51796624130147,-71.21999494204756,bfgs,7,True,6.2850391557844885e-12,True,0,bfgs,11,True,1.9800643791256787e-09,False,2,bernoulli,-44.51796624130147,-0.35475114763988352|-0.56030001456454481|0.6410476199886308,57aaf24944895b38ad9d8f661f640b500aac6a8fefd03279dcd874694d33ce6e,selected_candidate_loading,True,57aaf24944895b38ad9d8f661f640b500aac6a8fefd03279dcd874694d33ce6e,bernoulli,3,completed
rep02,start_B,6,4,bfgs,bernoulli,bernoulli,45.288216096146385,False,True,-51.16880690113818,-73.81291494921138,bfgs,7,True,4.32711644293704e-12,True,0,bfgs,8,True,4.190182423258193e-10,False,2,bernoulli,-51.16880690113818,-0.16211900513077418|-0.16027762211893798|0.15057524967156616,5273bac4e4f23b7423ef3531de0cf2f7eefb2650e6a4c21739b8790f39d2d880,selected_candidate_loading,True,5273bac4e4f23b7423ef3531de0cf2f7eefb2650e6a4c21739b8790f39d2d880,bernoulli,3,completed
rep02,start_B,6,5,bfgs,bernoulli,bernoulli,52.954957461474905,False,True,-44.70097365821491,-71.17845238895237,bfgs,7,True,4.837241718291807e-13,True,0,bfgs,11,True,6.066558810857714e-10,False,2,bernoulli,-44.70097365821491,-0.72806400396571536|-0.29978390304139663|0.4906982041136268,3a0a5a403b2fb5406b58e2455419b536c3822128b82c65a77edf5145878d6766,selected_candidate_loading,True,3a0a5a403b2fb5406b58e2455419b536c3822128b82c65a77edf5145878d6766,bernoulli,3,completed
rep02,start_B,6,6,bfgs,bernoulli,bernoulli,72.54110718781887,False,False,-37.443045311076524,-73.71359890498596,bfgs,7,True,1.4352929955663285e-11,True,0,bfgs,12,False,4.009290330841964e-08,False,2,bernoulli,-37.443045311076524,0.92362356703479698|0.44369428904425839|-1.0510123694034164,cb5437d7a5e555420d93eb4b20f4deb723f38adc3c4b728e4426fa595c1dec36,selected_candidate_loading,True,cb5437d7a5e555420d93eb4b20f4deb723f38adc3c4b728e4426fa595c1dec36,bernoulli,3,completed
rep02,start_B,6,7,bfgs,bernoulli,bernoulli,50.65848481131337,False,True,-48.505947985295265,-73.83519039095195,bfgs,7,True,1.439914854017843e-11,True,0,bfgs,11,True,1.3759944295088645e-10,False,2,bernoulli,-48.505947985295265,0.001844472389045703|0.59277756189511377|0.3299126636397342,c34a00a3ca8a0b4049ff9c0e3ff675e80ab8fb07a1157adbbd73733ea7a6d692,selected_candidate_loading,True,c34a00a3ca8a0b4049ff9c0e3ff675e80ab8fb07a1157adbbd73733ea7a6d692,bernoulli,3,completed
rep02,start_B,6,8,bfgs,bernoulli,bernoulli,49.83669571554668,False,True,-49.15328936476526,-74.0716372225386,bfgs,7,True,3.304023721284466e-13,True,0,bfgs,7,True,1.4280832516533338e-09,False,2,bernoulli,-49.15328936476526,0.52337826687536759|-0.27948870151896882|0.25770498752596627,366b997d0f805c3622640b82622fa486747fce6600d586913665d51aec3eb81c,selected_candidate_loading,True,366b997d0f805c3622640b82622fa486747fce6600d586913665d51aec3eb81c,bernoulli,3,completed
rep02,start_B,7,3,bfgs,bernoulli,bernoulli,54.140580240729506,False,True,-43.90735762819646,-70.97764774856121,bfgs,6,True,3.727591846303113e-11,True,0,bfgs,11,True,4.0904826192900146e-09,False,2,bernoulli,-43.90735762819646,-0.45264489613987374|-0.51124324087974315|0.69746901378870274,c45e7e1519a01e7ae61a399857232b510d57ea159389881cd995567fd5ac2869,selected_candidate_loading,True,c45e7e1519a01e7ae61a399857232b510d57ea159389881cd995567fd5ac2869,bernoulli,3,completed
rep02,start_B,7,4,bfgs,bernoulli,bernoulli,45.24060562000611,False,False,-51.325291558522295,-73.94559436852535,bfgs,7,True,1.6066392660718522e-11,True,0,bfgs,7,False,7.557880685737927e-08,False,2,bernoulli,-51.325291558522295,-0.16355132208848619|-0.066908406496185027|0.16561585736026563,255b965beadc625f14fa1b5a5c3c0604d3cd38b02ff8821b1935bb965399ee27,selected_candidate_loading,True,255b965beadc625f14fa1b5a5c3c0604d3cd38b02ff8821b1935bb965399ee27,bernoulli,3,completed
rep02,start_B,7,5,bfgs,bernoulli,bernoulli,52.29969427286434,False,True,-45.35482459861255,-71.50467173504472,bfgs,7,True,6.247482531307468e-11,True,0,bfgs,10,True,2.0655159804761069e-10,False,2,bernoulli,-45.35482459861255,-0.71484602200416425|-0.18402501364998033|0.47841938585296107,d47954c80bf813d25b3c2685ee928d4221ce7faa40167461cc48c5f27a9d1f3d,selected_candidate_loading,True,d47954c80bf813d25b3c2685ee928d4221ce7faa40167461cc48c5f27a9d1f3d,bernoulli,3,completed
rep02,start_B,7,6,bfgs,bernoulli,bernoulli,71.2807648678484,False,False,-38.0581506647185,-73.6985330986427,bfgs,7,True,1.3661827225064372e-11,True,0,bfgs,12,False,2.7740617025706626e-08,False,2,bernoulli,-38.0581506647185,0.96876498695160818|0.22917108181980272|-1.0504962191517393,d9d528e86079931f9848182eac31c1a77cb6f063c333445c816e401a043cbe8f,selected_candidate_loading,True,d9d528e86079931f9848182eac31c1a77cb6f063c333445c816e401a043cbe8f,bernoulli,3,completed
rep02,start_B,7,7,bfgs,bernoulli,bernoulli,50.84899816355335,False,True,-48.64334857320098,-74.06784765497765,bfgs,7,True,4.162892253134487e-13,True,0,bfgs,12,True,1.5902834604730743e-13,True,0,bernoulli,-48.64334857320098,0.084291848811265058|0.58922780364537919|0.29475825999740424,9be756213e5d09664f631cf7f46fc522e4ebef538643c0e6e13c73af48d59684,selected_candidate_loading,True,9be756213e5d09664f631cf7f46fc522e4ebef538643c0e6e13c73af48d59684,bernoulli,3,completed
rep02,start_B,7,8,bfgs,bernoulli,bernoulli,49.84121355861046,False,True,-48.835105899587546,-73.75571267889278,bfgs,7,True,2.8862912060390045e-11,True,0,bfgs,10,True,7.798576717732431e-09,False,2,bernoulli,-48.835105899587546,0.4862046466799097|-0.3408961797310972|0.31153644161084798,0840db19b19f595269a188d4054921ddc08176fe08efe1b0e0c3eeff4c0d553d,selected_candidate_loading,True,0840db19b19f595269a188d4054921ddc08176fe08efe1b0e0c3eeff4c0d553d,bernoulli,3,completed
rep02,start_B,8,3,bfgs,bernoulli,bernoulli,53.00366974878176,False,True,-44.391538362853055,-70.89337323724394,bfgs,7,True,2.9267255285958525e-12,True,0,bfgs,10,True,1.600742649543463e-10,False,2,bernoulli,-44.391538362853055,-0.45420235521118413|-0.45661892619444866|0.69697314142742173,edef542c6ecbee63191786dc7148dd9c7ff9e2e5750f2a705e0c5e494b8fe1da,selected_candidate_loading,True,edef542c6ecbee63191786dc7148dd9c7ff9e2e5750f2a705e0c5e494b8fe1da,bernoulli,3,completed
rep02,start_B,8,4,bfgs,bernoulli,bernoulli,44.84224257544517,False,True,-51.34965198279933,-73.77077327052191,bfgs,7,True,7.853868666529706e-11,True,0,bfgs,7,True,4.5164938455855006e-11,True,0,bernoulli,-51.34965198279933,-0.2088947119318062|-0.039594829422697146|0.12819729394682988,95ee959d464f2cef377c99244c351c9fbb4b93ed2b77e1ab53c6d2624bdc7e7f,selected_candidate_loading,True,95ee959d464f2cef377c99244c351c9fbb4b93ed2b77e1ab53c6d2624bdc7e7f,bernoulli,3,completed
rep02,start_B,8,5,bfgs,bernoulli,bernoulli,52.04707207333695,False,True,-44.956120916203744,-70.97965695287222,bfgs,6,True,1.0285328144732376e-12,True,0,bfgs,11,True,3.5119125385563167e-10,False,2,bernoulli,-44.956120916203744,-0.75429193316369658|-0.12731371505903874|0.51978944955115158,ea100e27e90c10580f469b6894ec4d4486572fb104224e517bc221077d758523,selected_candidate_loading,True,ea100e27e90c10580f469b6894ec4d4486572fb104224e517bc221077d758523,bernoulli,3,completed
rep02,start_B,8,6,bfgs,bernoulli,bernoulli,74.52321136181553,False,True,-36.53146281580126,-73.79306849670903,bfgs,7,True,6.514012662606205e-11,True,0,bfgs,13,True,2.7909058175623614e-09,False,2,bernoulli,-36.53146281580126,1.0262407874051054|0.23713686853425664|-1.1722400325328324,304ad38508d87d06eb1057787490a25a2181a0b9fb5e1374ed6d03505ea25373,selected_candidate_loading,True,304ad38508d87d06eb1057787490a25a2181a0b9fb5e1374ed6d03505ea25373,bernoulli,3,completed
rep02,start_B,8,7,bfgs,bernoulli,bernoulli,50.46266954706442,False,True,-48.43345138886116,-73.66478616239337,bfgs,7,True,2.112345853788611e-11,True,0,bfgs,11,True,8.609247315050084e-09,False,2,bernoulli,-48.43345138886116,0.081490254716702543|0.63158367683034877|0.21772322074695807,ff303a321144106871668e5e3c292e88e78c9070f5a7d533e55759d331b4d25e,selected_candidate_loading,True,ff303a321144106871668e5e3c292e88e78c9070f5a7d533e55759d331b4d25e,bernoulli,3,completed
rep02,start_B,8,8,bfgs,bernoulli,bernoulli,48.682572953299854,False,True,-49.69242164497433,-74.03370812162426,bfgs,7,True,6.682191466822474e-11,True,0,bfgs,11,True,4.0933256784114747e-10,False,2,bernoulli,-49.69242164497433,0.38071816671402481|-0.32690095754828574|0.2463172185322855,3f17bbf5bff0532ebc80ccc0ad8a097abb95df4c73dd20542f4d90aac1538986,selected_candidate_loading,True,3f17bbf5bff0532ebc80ccc0ad8a097abb95df4c73dd20542f4d90aac1538986,bernoulli,3,completed
rep03,start_B,1,3,bfgs,bernoulli,bernoulli,46.38002491242388,False,True,-51.679677672352774,-74.86969012856471,bfgs,6,True,6.9475092345783194e-12,True,0,bfgs,9,True,1.6544596803669265e-10,False,2,bernoulli,-51.679677672352774,0.065316238681505517|-0.18069029292710684,5502a3ab0b0d11785fd7d6cfd12bd93a81d64924f10c53d90e41e30848b6fc75,selected_candidate_loading,True,5502a3ab0b0d11785fd7d6cfd12bd93a81d64924f10c53d90e41e30848b6fc75,bernoulli,2,completed
rep03,start_B,1,4,bfgs,bernoulli,bernoulli,46.96232971739536,False,True,-51.10292161861037,-74.58408647730805,bfgs,7,True,1.7684342878965253e-11,True,0,bfgs,7,True,3.077963439679365e-11,True,0,bernoulli,-51.10292161861037,0.11094682837423406|0.54762503067696999,1a30ab5285fdaaeeb7bdf9271c0a8ad466302d940b3a10c585b09e133147770c,selected_candidate_loading,True,1a30ab5285fdaaeeb7bdf9271c0a8ad466302d940b3a10c585b09e133147770c,bernoulli,2,completed
rep03,start_B,1,5,bfgs,bernoulli,bernoulli,47.10000429935292,False,True,-50.88990263270851,-74.43990478238497,bfgs,7,True,3.057110120607831e-13,True,0,bfgs,6,True,5.487876819643134e-12,True,0,bernoulli,-50.88990263270851,0.27824838620293368|0.5991679949047678,b2e7444a5dd601a1b7749be9ec7303be2057098e8fe9ea8e3b3ebba0010f45a2,selected_candidate_loading,True,b2e7444a5dd601a1b7749be9ec7303be2057098e8fe9ea8e3b3ebba0010f45a2,bernoulli,2,completed
rep03,start_B,1,6,bfgs,bernoulli,bernoulli,46.53978294522484,False,True,-51.36802645057096,-74.63791792318338,bfgs,5,True,2.4035416767986818e-09,False,2,bfgs,6,True,6.401442931291968e-10,False,2,bernoulli,-51.36802645057096,0.25216829711140959|0.19523272420145699,2b7e92382457b564dc946fb487895e522089d894a5fd6ce30d4803e46ec260a5,selected_candidate_loading,True,2b7e92382457b564dc946fb487895e522089d894a5fd6ce30d4803e46ec260a5,bernoulli,2,completed
rep03,start_B,1,7,bfgs,bernoulli,bernoulli,47.14751343301984,False,True,-51.33244784668018,-74.9062045631901,bfgs,6,True,1.9661381855939906e-09,False,2,bfgs,6,True,9.024292424442138e-12,True,0,bernoulli,-51.33244784668018,-0.091593284108743997|-0.46734390901294115,c6d8194f502986e7f795b4908285618bb37838760d811f46fe6764f54ebf3b4f,selected_candidate_loading,True,c6d8194f502986e7f795b4908285618bb37838760d811f46fe6764f54ebf3b4f,bernoulli,2,completed
rep03,start_B,1,8,bfgs,bernoulli,bernoulli,49.302367741117635,False,True,-49.95060178991711,-74.60178566047593,bfgs,5,True,1.091571277811454e-13,True,0,bfgs,6,True,4.335474201866418e-11,True,0,bernoulli,-49.95060178991711,-0.35915053365196192|0.093066788052927507,7dcc1591bb79744d7f5a8865408d091370beb93b0e9ff481404a81ef9a8e7a08,selected_candidate_loading,True,7dcc1591bb79744d7f5a8865408d091370beb93b0e9ff481404a81ef9a8e7a08,bernoulli,2,completed
rep03,start_B,2,3,bfgs,bernoulli,bernoulli,47.33260951960952,False,True,-50.86743524781859,-74.53374000762335,bfgs,5,True,2.0367441067037362e-11,True,0,bfgs,6,True,2.986055847031821e-13,True,0,bernoulli,-50.86743524781859,0.22271866800464576|-0.16835282416408165,668f05fd176497f851490e1226cdce84972ca07e67e36898712c20a3196c686d,selected_candidate_loading,True,668f05fd176497f851490e1226cdce84972ca07e67e36898712c20a3196c686d,bernoulli,2,completed
rep03,start_B,2,4,bfgs,bernoulli,bernoulli,47.531038975136454,False,True,-50.917608371609575,-74.6831278591778,bfgs,5,True,2.5281110538344365e-12,True,0,bfgs,7,True,1.0175460474215469e-11,True,0,bernoulli,-50.917608371609575,0.13487689647433537|0.58996702173067506,a208fd5ffdbdd07571afb9b25ea9f4a579ddb1918f4f13fe35aa692684a8f17b,selected_candidate_loading,True,a208fd5ffdbdd07571afb9b25ea9f4a579ddb1918f4f13fe35aa692684a8f17b,bernoulli,2,completed
rep03,start_B,2,5,bfgs,bernoulli,bernoulli,49.010134135123835,False,True,-49.76399242622451,-74.26905949378643,bfgs,7,True,1.6409096303959814e-13,True,0,bfgs,6,True,6.181721801112871e-14,True,0,bernoulli,-49.76399242622451,0.39558270668678081|0.83333384628700169,cd7996cdcfd028f4e869e6ca45b1cd5f6565275f9fb381cf6d88b1f978d20728,selected_candidate_loading,True,cd7996cdcfd028f4e869e6ca45b1cd5f6565275f9fb381cf6d88b1f978d20728,bernoulli,2,completed
rep03,start_B,2,6,bfgs,bernoulli,bernoulli,46.97722617834927,False,True,-51.09158384790422,-74.58019693707885,bfgs,6,True,7.937082102671412e-11,True,0,bfgs,6,True,7.318590178329032e-14,True,0,bernoulli,-51.09158384790422,0.27522608690542477|0.076450619095780159,4aaf7a28454fb764b7e4454c276d6caa98963b028b2dfdab10ac36a2e645da49,selected_candidate_loading,True,4aaf7a28454fb764b7e4454c276d6caa98963b028b2dfdab10ac36a2e645da49,bernoulli,2,completed
rep03,start_B,2,7,bfgs,bernoulli,bernoulli,47.13348590945833,False,False,-51.23391849120986,-74.80066144593903,bfgs,6,True,8.2167161963298e-12,True,0,bfgs,6,False,2.5118274014079847e-07,False,2,bernoulli,-51.23391849120986,-0.11397557042594816|-0.49244094853943216,d148b615e979fcbc900772e044921a505b811be1a334b553b8a6bdfd53a9b89b,selected_candidate_loading,True,d148b615e979fcbc900772e044921a505b811be1a334b553b8a6bdfd53a9b89b,bernoulli,2,completed
rep03,start_B,2,8,bfgs,bernoulli,bernoulli,51.09593595371581,False,True,-48.989490942238874,-74.53745891909678,bfgs,6,True,1.7923440509548528e-13,True,0,bfgs,7,True,1.7270197272267752e-09,False,2,bernoulli,-48.989490942238874,-0.47821044311893207|0.017889383728232081,02dd61b9610f6e58921ec2860dce0e4c5eb5d7321c175774a479b74a0869e806,selected_candidate_loading,True,02dd61b9610f6e58921ec2860dce0e4c5eb5d7321c175774a479b74a0869e806,bernoulli,2,completed
rep03,start_B,3,3,bfgs,bernoulli,bernoulli,51.27938887165719,False,True,-48.79614367628724,-74.43583811211583,bfgs,9,True,1.8743850915825534e-11,True,0,bfgs,7,True,1.4217249599823845e-11,True,0,bernoulli,-48.79614367628724,-0.041242893434884423|-0.79252836180498321,5ea266346451ab24b978c7b161f87800f46fcbb383299c5015365d3c842d7c82,selected_candidate_loading,True,5ea266346451ab24b978c7b161f87800f46fcbb383299c5015365d3c842d7c82,bernoulli,2,completed
rep03,start_B,3,4,bfgs,bernoulli,bernoulli,47.41853098585125,False,True,-50.540750654579625,-74.25001614750525,bfgs,5,True,4.5224558320455796e-09,False,2,bfgs,6,True,3.0172908616066254e-11,True,0,bernoulli,-50.540750654579625,0.052749839693472106|0.5266822940930509,c4bcb19b0c2e961343816eeb6f54fc0e3bf9b8d7fda89f6f532ac13e4c8410d0,selected_candidate_loading,True,c4bcb19b0c2e961343816eeb6f54fc0e3bf9b8d7fda89f6f532ac13e4c8410d0,bernoulli,2,completed
rep03,start_B,3,5,bfgs,bernoulli,bernoulli,51.16799054382598,False,True,-47.47269232940827,-73.05668760132126,bfgs,6,True,2.1601009869698373e-09,False,2,bfgs,9,True,6.38529229490814e-11,True,0,bernoulli,-47.47269232940827,0.4477702076643556|0.98010061334992282,e55400e7bf53d39c04273461d5007d7af4cb012fdc5eb4c5c3e47da7d45f3fac,selected_candidate_loading,True,e55400e7bf53d39c04273461d5007d7af4cb012fdc5eb4c5c3e47da7d45f3fac,bernoulli,2,completed
rep03,start_B,3,6,bfgs,bernoulli,bernoulli,46.443949280472225,False,True,-51.32007023688766,-74.54204487712377,bfgs,5,True,1.061339460761701e-10,False,2,bfgs,6,True,6.701757371274653e-10,False,2,bernoulli,-51.32007023688766,0.21431337189204927|-0.055628026825395999,dc044180f47ea48eb48459a09241a81d0a9d6fa246b652563c0e22b0a827a422,selected_candidate_loading,True,dc044180f47ea48eb48459a09241a81d0a9d6fa246b652563c0e22b0a827a422,bernoulli,2,completed
rep03,start_B,3,7,bfgs,bernoulli,bernoulli,45.78102949716988,False,True,-51.79278005612091,-74.68329480470585,bfgs,10,True,2.405187160547939e-12,True,0,bfgs,10,True,1.1371211416921766e-09,False,2,bernoulli,-51.79278005612091,0.13259406490316936|0.050084619584586668,e39263f3730a3d983922969cfb8b4b5e8fc4874cf16bcd4267fddb3c1b81f0eb,selected_candidate_loading,True,e39263f3730a3d983922969cfb8b4b5e8fc4874cf16bcd4267fddb3c1b81f0eb,bernoulli,2,completed
rep03,start_B,3,8,bfgs,bernoulli,bernoulli,50.039168358275944,False,True,-49.377036562348486,-74.39662074148646,bfgs,6,True,2.806643806252396e-14,True,0,bfgs,6,True,4.716464374610041e-09,False,2,bernoulli,-49.377036562348486,-0.35405937411334293|0.30478291286253018,edbcc990785d3ce496c0d436d9f8762b16d39f3229478a321b7e210ac1d9ae47,selected_candidate_loading,True,edbcc990785d3ce496c0d436d9f8762b16d39f3229478a321b7e210ac1d9ae47,bernoulli,2,completed
rep03,start_B,4,3,bfgs,bernoulli,bernoulli,54.387047903272475,False,True,-47.02006906490239,-74.21359301653862,bfgs,6,True,2.3092638912203257e-15,True,0,bfgs,9,True,5.812239578517619e-13,True,0,bernoulli,-47.02006906490239,-0.011090795740972541|-0.88417196222501671,aeb48d6cecdae612ccb40159cbc32dace46bf379bd5e16686b53543e2300cc1f,selected_candidate_loading,True,aeb48d6cecdae612ccb40159cbc32dace46bf379bd5e16686b53543e2300cc1f,bernoulli,2,completed
rep03,start_B,4,4,bfgs,bernoulli,bernoulli,46.7124355289004,False,True,-50.972092267986206,-74.3283100324364,bfgs,6,True,7.56999796180935e-11,True,0,bfgs,7,True,2.625429873504004e-11,True,0,bernoulli,-50.972092267986206,0.13163436412105284|0.37104575689676661,cb8a1db4dad0edb841a5755a9aa59273b20ee743af34f0e717e62baa52c6516d,selected_candidate_loading,True,cb8a1db4dad0edb841a5755a9aa59273b20ee743af34f0e717e62baa52c6516d,bernoulli,2,completed
rep03,start_B,4,5,bfgs,bernoulli,bernoulli,50.29739553441772,False,True,-48.23724620159794,-73.3859439688068,bfgs,6,True,8.117586602907067e-11,True,0,bfgs,8,True,7.168544868818572e-10,False,2,bernoulli,-48.23724620159794,0.3279268028073285|0.73262289727356411,807eabe9e04ec27debe839caa412e7a66f7a3578a257867bf54b77d95822014c,selected_candidate_loading,True,807eabe9e04ec27debe839caa412e7a66f7a3578a257867bf54b77d95822014c,bernoulli,2,completed
rep03,start_B,4,6,bfgs,bernoulli,bernoulli,46.63845828761285,False,True,-51.281716129650434,-74.60094527345686,bfgs,5,True,3.3271163601966693e-13,True,0,bfgs,6,True,5.0539306073460463e-11,True,0,bernoulli,-51.281716129650434,0.23776519266292043|-0.06735436076460842,984796eafaba4e142f23b8eaffd99dec1111ab21721adadd740355385d79d605,selected_candidate_loading,True,984796eafaba4e142f23b8eaffd99dec1111ab21721adadd740355385d79d605,bernoulli,2,completed
rep03,start_B,4,7,bfgs,bernoulli,bernoulli,47.39880102399448,False,True,-50.37590675231927,-74.0753072643165,bfgs,7,True,1.6506440658758946e-11,True,0,bfgs,6,True,1.7813528430110635e-14,True,0,bernoulli,-50.37590675231927,0.24361306345888364|0.43892986382219773,f8e0af8c9bb0600fe1bb9cf198e0c68b4567b694787be9d6428c64e8bcd2962f,selected_candidate_loading,True,f8e0af8c9bb0600fe1bb9cf198e0c68b4567b694787be9d6428c64e8bcd2962f,bernoulli,2,completed
rep03,start_B,4,8,bfgs,bernoulli,bernoulli,50.525514925109974,False,True,-48.71674389746924,-73.97950136002423,bfgs,6,True,8.948397578478762e-13,True,0,bfgs,6,True,8.085706326710351e-10,False,2,bernoulli,-48.71674389746924,-0.29964928253595791|0.5193763823316172,4714056538b76047816309b88549fa1a2a0c4109c920d4dc7e026c9335f354da,selected_candidate_loading,True,4714056538b76047816309b88549fa1a2a0c4109c920d4dc7e026c9335f354da,bernoulli,2,completed
rep03,start_B,5,3,bfgs,bernoulli,bernoulli,54.52418274733924,False,True,-46.84245466873638,-74.104546042406,bfgs,6,True,3.058282516121835e-11,True,0,bfgs,8,True,1.6500326438517733e-09,False,2,bernoulli,-46.84245466873638,-0.11415879896031839|-0.88102259345562783,d21163d98c1287210d3a7e95328d52fd900f2f42dee3c9c58624d5c4f3083ac0,selected_candidate_loading,True,d21163d98c1287210d3a7e95328d52fd900f2f42dee3c9c58624d5c4f3083ac0,bernoulli,2,completed
rep03,start_B,5,4,bfgs,bernoulli,bernoulli,46.16295878128696,False,True,-51.6034491152795,-74.68492850592298,bfgs,6,True,4.655298369016236e-12,True,0,bfgs,5,True,2.357792011631332e-09,False,2,bernoulli,-51.6034491152795,0.095406995925565549|0.20745324852850813,673212272f0b949d5df82656d2cf292158d7179ff373a873fd48678485c5ab35,selected_candidate_loading,True,673212272f0b949d5df82656d2cf292158d7179ff373a873fd48678485c5ab35,bernoulli,2,completed
rep03,start_B,5,5,bfgs,bernoulli,bernoulli,49.88554701710174,False,False,-48.78496152440432,-73.7277350329552,bfgs,6,True,1.489404155563534e-10,False,2,bfgs,9,False,1.0251721000997805e-07,False,2,bernoulli,-48.78496152440432,0.34444794701360337|0.6151197157143109,fa4ab85a09bf013b2c7e485c6cfc39b3dc6e3c901c6e48509036779592a113d2,selected_candidate_loading,True,fa4ab85a09bf013b2c7e485c6cfc39b3dc6e3c901c6e48509036779592a113d2,bernoulli,2,completed
rep03,start_B,5,6,bfgs,bernoulli,bernoulli,47.392041115178614,False,True,-50.82113011137562,-74.51715066896493,bfgs,5,True,4.2243541997777355e-12,True,0,bfgs,7,True,1.5652545926059248e-11,True,0,bernoulli,-50.82113011137562,0.28963985687146332|-0.15345881998844782,16c1e3974b3b8b68b1dd4f44218fecbf78bf7a80ee5805a05d890f314c7c3c0a,selected_candidate_loading,True,16c1e3974b3b8b68b1dd4f44218fecbf78bf7a80ee5805a05d890f314c7c3c0a,bernoulli,2,completed
rep03,start_B,5,7,bfgs,bernoulli,bernoulli,50.9361394496006,False,True,-48.03968383432628,-73.50775355912658,bfgs,6,True,1.9187318400781807e-12,True,0,bfgs,6,True,8.659384320708341e-12,True,0,bernoulli,-48.03968383432628,0.40664132818948934|0.68386908466626628,41cb31fa8f613af439776657940ca63a20e34498f6912fa6e3bed0e30fb61e34,selected_candidate_loading,True,41cb31fa8f613af439776657940ca63a20e34498f6912fa6e3bed0e30fb61e34,bernoulli,2,completed
rep03,start_B,5,8,bfgs,bernoulli,bernoulli,49.95477558878552,False,False,-49.290110152145296,-74.26749794653806,bfgs,6,True,4.92410379138164e-10,False,2,bfgs,7,False,1.1893141547147934e-07,False,2,bernoulli,-49.290110152145296,-0.27760393718505449|0.45366397137310849,979a6c8e849f15cf54772dc9bd2e2f2ca8cb6c077239e6216e6460b1385242fa,selected_candidate_loading,True,979a6c8e849f15cf54772dc9bd2e2f2ca8cb6c077239e6216e6460b1385242fa,bernoulli,2,completed
rep03,start_B,6,3,bfgs,bernoulli,bernoulli,54.04684668989026,False,True,-47.27494668247212,-74.29837002741725,bfgs,5,True,1.5226721217231897e-09,False,2,bfgs,8,True,9.990946736593287e-09,False,2,bernoulli,-47.27494668247212,-0.11291704244333373|-0.81936267426808551,709e60ea51fe7abf61725dee6507d8b8231e3ff90f7a50f0d653320e04501e96,selected_candidate_loading,True,709e60ea51fe7abf61725dee6507d8b8231e3ff90f7a50f0d653320e04501e96,bernoulli,2,completed
rep03,start_B,6,4,bfgs,bernoulli,bernoulli,45.95778983666011,False,True,-51.66603511417604,-74.6449300325061,bfgs,5,True,8.390337313812779e-11,True,0,bfgs,5,True,2.216204997296245e-12,True,0,bernoulli,-51.66603511417604,0.011795819914530803|0.19701124955450697,13910127fa5616c22b447ecd5b3cb0802785ce6a543e24553ad06a13d51c865c,selected_candidate_loading,True,13910127fa5616c22b447ecd5b3cb0802785ce6a543e24553ad06a13d51c865c,bernoulli,2,completed
rep03,start_B,6,5,bfgs,bernoulli,bernoulli,48.48505418142618,False,True,-49.39287133641424,-73.63539842712733,bfgs,6,True,4.025567434950972e-09,False,2,bfgs,7,True,2.625242245812842e-11,True,0,bernoulli,-49.39287133641424,0.33753056163729955|0.52542277908626867,dc1a4037aebbf56ac2a807102b2f7d3a21db1444e5f8773887616f5a76722a4f,selected_candidate_loading,True,dc1a4037aebbf56ac2a807102b2f7d3a21db1444e5f8773887616f5a76722a4f,bernoulli,2,completed
rep03,start_B,6,6,bfgs,bernoulli,bernoulli,46.95283480612841,False,True,-51.12508488439866,-74.60150228746286,bfgs,5,True,8.29028401483356e-10,False,2,bfgs,7,True,1.0764722446765518e-12,True,0,bernoulli,-51.12508488439866,0.20456524107811652|-0.1921717620183688,f335ba7998701b5f4d50580358a7dde19280a4a66bb4b67e850fbc4e15f8f7f3,selected_candidate_loading,True,f335ba7998701b5f4d50580358a7dde19280a4a66bb4b67e850fbc4e15f8f7f3,bernoulli,2,completed
rep03,start_B,6,7,bfgs,bernoulli,bernoulli,50.7437765431233,False,False,-47.70603147153158,-73.07791974309323,bfgs,5,True,2.0540724676720856e-10,False,2,bfgs,8,False,8.152860040189225e-07,False,2,bernoulli,-47.70603147153158,0.44810707771260916|0.69702938458028174,67545bd68928605328db0e53a4649198a7726a78b1fa99fee2d459a46029abae,selected_candidate_loading,True,67545bd68928605328db0e53a4649198a7726a78b1fa99fee2d459a46029abae,bernoulli,2,completed
rep03,start_B,6,8,bfgs,bernoulli,bernoulli,51.454513334354615,False,True,-48.12869731876712,-73.85595398594442,bfgs,5,True,4.557887400835625e-11,True,0,bfgs,6,True,3.526624325900229e-10,False,2,bernoulli,-48.12869731876712,-0.33657181437642042|0.55042488998186401,2fb371959af262158184e08e60115b6c5aebad56c5bf0dfd1fe2ffe5fe711680,selected_candidate_loading,True,2fb371959af262158184e08e60115b6c5aebad56c5bf0dfd1fe2ffe5fe711680,bernoulli,2,completed
rep03,start_B,7,3,bfgs,bernoulli,bernoulli,52.39783595517372,False,True,-48.20773511121796,-74.40665308880482,bfgs,7,True,1.4236380962984185e-10,False,2,bfgs,9,True,1.7740013902312056e-10,False,2,bernoulli,-48.20773511121796,-0.00090615602533065508|-0.71435420896305701,9de97407787543a000f802a1ebe043b258558ea6546b0642e0a10b45d5dfb32b,selected_candidate_loading,True,9de97407787543a000f802a1ebe043b258558ea6546b0642e0a10b45d5dfb32b,bernoulli,2,completed
rep03,start_B,7,4,bfgs,bernoulli,bernoulli,46.39691359057841,False,True,-51.71855389384389,-74.9170106891331,bfgs,5,True,2.888533856548747e-12,True,0,bfgs,5,True,3.6356413990468184e-09,False,2,bernoulli,-51.71855389384389,-0.1632364606905734|-0.0098721052682045115,8393f8edecd72ffe64c978ecb07d48cc47ef4705804002f1c1348a07e028d552,selected_candidate_loading,True,8393f8edecd72ffe64c978ecb07d48cc47ef4705804002f1c1348a07e028d552,bernoulli,2,completed
rep03,start_B,7,5,bfgs,bernoulli,bernoulli,49.04511597978525,False,True,-48.8383269184938,-73.36088490838642,bfgs,5,True,4.590994251429947e-13,True,0,bfgs,6,True,6.663700702347342e-11,True,0,bernoulli,-48.8383269184938,0.36098856982566591|0.57732975020701949,1d9aed19fec40d5da3658528c2d8c31f07ed5ff9e435e4efceda5d323f82b405,selected_candidate_loading,True,1d9aed19fec40d5da3658528c2d8c31f07ed5ff9e435e4efceda5d323f82b405,bernoulli,2,completed
rep03,start_B,7,6,bfgs,bernoulli,bernoulli,46.852526309914936,False,True,-51.18731398693325,-74.61357714189072,bfgs,5,True,1.0833028696310976e-09,False,2,bfgs,6,True,1.4791954328075008e-10,False,2,bernoulli,-51.18731398693325,0.17888438597358705|-0.21178449921579059,db1907e21c68a19d6be9e32da5d7c2433bfbb662eb99caece2798604e11d694f,selected_candidate_loading,True,db1907e21c68a19d6be9e32da5d7c2433bfbb662eb99caece2798604e11d694f,bernoulli,2,completed
rep03,start_B,7,7,bfgs,bernoulli,bernoulli,50.05901150899035,False,True,-48.08547042919891,-73.11497618369408,bfgs,6,True,2.4130031306413004e-12,True,0,bfgs,9,True,5.335731856348502e-13,True,0,bernoulli,-48.08547042919891,0.40342019078186925|0.65487378633559279,280379f78923ee415bb3de8ace037fde3526bf88b047f7aa7fd45ec0144a20d0,selected_candidate_loading,True,280379f78923ee415bb3de8ace037fde3526bf88b047f7aa7fd45ec0144a20d0,bernoulli,2,completed
rep03,start_B,7,8,bfgs,bernoulli,bernoulli,50.263833056499365,False,True,-49.21979118728209,-74.35170771553177,bfgs,7,True,7.047695760320493e-14,True,0,bfgs,7,True,4.145927157139795e-09,False,2,bernoulli,-49.21979118728209,-0.44493936080201252|0.27687019592892204,0528685971e6acfe0bd3f31e5fa0f5335d0c8465ba938bbaa5f434582acb7b1d,selected_candidate_loading,True,0528685971e6acfe0bd3f31e5fa0f5335d0c8465ba938bbaa5f434582acb7b1d,bernoulli,2,completed
rep03,start_B,8,3,bfgs,bernoulli,bernoulli,47.83100468318415,False,True,-50.79554802206407,-74.71105036365614,bfgs,6,True,2.7531754653864482e-11,True,0,bfgs,9,True,3.376854351699876e-11,True,0,bernoulli,-50.79554802206407,0.12103809225096156|-0.33271349647828713,d751859e55c0f3755bbb118c549971bd67f96edba2976757ec13db12c9a8787d,selected_candidate_loading,True,d751859e55c0f3755bbb118c549971bd67f96edba2976757ec13db12c9a8787d,bernoulli,2,completed
rep03,start_B,8,4,bfgs,bernoulli,bernoulli,50.060593396096465,False,True,-49.73041243102921,-74.76070912907744,bfgs,7,True,1.3811458643431252e-10,False,2,bfgs,7,True,7.993605777301127e-15,True,0,bernoulli,-49.73041243102921,-0.27728265568929489|-0.48595538187677839,e33aab5cbdb350e18c3d0bbdd57f05cdd6183c3de463545f5d95d0a1df196594,selected_candidate_loading,True,e33aab5cbdb350e18c3d0bbdd57f05cdd6183c3de463545f5d95d0a1df196594,bernoulli,2,completed
rep03,start_B,8,5,bfgs,bernoulli,bernoulli,48.26106390382721,False,False,-49.92199586566857,-74.05252781758217,bfgs,5,False,1.2833193885342099e-08,False,2,bfgs,11,True,2.872316784419127e-09,False,2,bernoulli,-49.92199586566857,0.296470627743675|0.44442178899061441,381867cccf294c77f623140852360507e37e3ef1830ad011b2d4a8df44da491c,selected_candidate_loading,True,381867cccf294c77f623140852360507e37e3ef1830ad011b2d4a8df44da491c,bernoulli,2,completed
rep03,start_B,8,6,bfgs,bernoulli,bernoulli,47.34254738392643,False,False,-51.050978673552855,-74.72225236551607,bfgs,5,True,3.6516567547550946e-12,True,0,bfgs,6,False,1.2020928075173742e-07,False,2,bernoulli,-51.050978673552855,0.15041368411592798|-0.2665382722949789,f8cf963d3cf23bb85132b52903067ae172ae35ef9a6492f0ecf5d7ef51979044,selected_candidate_loading,True,f8cf963d3cf23bb85132b52903067ae172ae35ef9a6492f0ecf5d7ef51979044,bernoulli,2,completed
rep03,start_B,8,7,bfgs,bernoulli,bernoulli,49.0709592191412,False,True,-49.345150610036484,-73.88063021960708,bfgs,6,True,6.526077456214808e-11,True,0,bfgs,12,True,4.2549297418759124e-13,True,0,bernoulli,-49.345150610036484,0.32774550033233429|0.51627032314394938,d20c742c598a60ed988d3513cd31a16397b559bb7229355c0ee637fc326a792c,selected_candidate_loading,True,d20c742c598a60ed988d3513cd31a16397b559bb7229355c0ee637fc326a792c,bernoulli,2,completed
rep03,start_B,8,8,bfgs,bernoulli,bernoulli,50.418150355693385,False,True,-49.35102759814557,-74.56010277599226,bfgs,6,True,2.1029906704939095e-10,False,2,bfgs,6,True,3.2740032906986015e-12,True,0,bernoulli,-49.35102759814557,-0.526321422627955|0.082988787474706824,683615a2ca4a1587610d8a2ab2b615bbe1684e624afbf80faf8e65dfd4230b37,selected_candidate_loading,True,683615a2ca4a1587610d8a2ab2b615bbe1684e624afbf80faf8e65dfd4230b37,bernoulli,2,completed
rep03,start_B,1,3,bfgs,bernoulli,bernoulli,47.863814071903406,False,True,-50.7501477963937,-74.6820548323454,bfgs,8,True,2.362021689350513e-11,True,0,bfgs,10,True,2.1442403408400423e-11,True,0,bernoulli,-50.7501477963937,-0.020249415509439268|-0.31558711565628705|0.42799599222154855,5b185d124533579394a736b1f804e7c6516551db6cc8e4fbc8cea6405b975057,selected_candidate_loading,True,5b185d124533579394a736b1f804e7c6516551db6cc8e4fbc8cea6405b975057,bernoulli,3,completed
rep03,start_B,1,4,bfgs,bernoulli,bernoulli,47.174248088914126,False,True,-51.24457218995375,-74.83169623441081,bfgs,7,True,1.9884538460246404e-11,True,0,bfgs,8,True,6.719957923451148e-13,True,0,bernoulli,-51.24457218995375,-0.0058807970245283283|-0.37575740825084741|0.062221884510027352,7210e809209eb24ad416ef6621697da30ca12e6310b7018280771faf7dc9c717,selected_candidate_loading,True,7210e809209eb24ad416ef6621697da30ca12e6310b7018280771faf7dc9c717,bernoulli,3,completed
rep03,start_B,1,5,bfgs,bernoulli,bernoulli,46.63083124637063,False,True,-50.50641293609294,-73.82182855927826,bfgs,8,True,2.830624623584299e-12,True,0,bfgs,8,True,1.3081269401027385e-11,True,0,bernoulli,-50.50641293609294,0.32721450286635329|0.22349501830252574|-0.23874000389885233,8c782d4d8a0903df20418d3a56aaac12247d91c38e56c8171debd9c899d0bc0e,selected_candidate_loading,True,8c782d4d8a0903df20418d3a56aaac12247d91c38e56c8171debd9c899d0bc0e,bernoulli,3,completed
rep03,start_B,1,6,bfgs,bernoulli,bernoulli,45.94488919476336,False,True,-51.69284047421711,-74.66528507159879,bfgs,7,True,2.215618799539243e-11,True,0,bfgs,7,True,2.5575426221280396e-10,False,2,bernoulli,-51.69284047421711,-0.02153696657743577|0.086486154736460305|0.11424580130218154,f3b58fa5e3a75332c55b981560f366961a7d349bfbee46d61e1b61b53fd71af7,selected_candidate_loading,True,f3b58fa5e3a75332c55b981560f366961a7d349bfbee46d61e1b61b53fd71af7,bernoulli,3,completed
rep03,start_B,1,7,bfgs,bernoulli,bernoulli,46.45219311354215,False,True,-51.006129966040966,-74.23222652281204,bfgs,8,True,1.55964130499342e-12,True,0,bfgs,9,True,1.5289991495137656e-13,True,0,bernoulli,-51.006129966040966,0.19538773722467934|0.030671547039648125|0.17738406530228837,b9c5c5f9206be3ba4d39977b52b6638213067cf41c150c747f586dc7eceea7db,selected_candidate_loading,True,b9c5c5f9206be3ba4d39977b52b6638213067cf41c150c747f586dc7eceea7db,bernoulli,3,completed
rep03,start_B,1,8,bfgs,bernoulli,bernoulli,48.73722859298337,False,True,-50.01761792790769,-74.38623222439938,bfgs,8,True,9.275797907548622e-11,True,0,bfgs,7,True,1.4640116674513593e-09,False,2,bernoulli,-50.01761792790769,-0.075685480311205117|0.014016494412447322|-0.41150326404054083,f840a8b9057f535aa2fd651118be3ac3a0876c53dc9a5814b9940055c6933a27,selected_candidate_loading,True,f840a8b9057f535aa2fd651118be3ac3a0876c53dc9a5814b9940055c6933a27,bernoulli,3,completed
rep03,start_B,2,3,bfgs,bernoulli,bernoulli,51.27139439167091,False,False,-48.66143579831678,-74.29713299415224,bfgs,7,False,1.7032584587184373e-08,False,2,bfgs,8,True,1.6104089173296642e-10,False,2,bernoulli,-48.66143579831678,-0.42758040818609355|-0.046718327941525063|0.42859514087445755,262c2789805cf5b7cde1413c9134d5a17eed3365af850e9361029b4a2b9a0a84,selected_candidate_loading,True,262c2789805cf5b7cde1413c9134d5a17eed3365af850e9361029b4a2b9a0a84,bernoulli,3,completed
rep03,start_B,2,4,bfgs,bernoulli,bernoulli,48.02809772247929,False,True,-50.64490239145273,-74.65895125269238,bfgs,7,True,2.2719944814397763e-10,False,2,bfgs,8,True,9.340028750415286e-11,True,0,bernoulli,-50.64490239145273,0.27411208308152263|-0.57901413618585729|0.12118609234793105,1b8dd1c2ca765da29dfb251552de0f1347cfadef506e9fd8e8b550faf24a46a3,selected_candidate_loading,True,1b8dd1c2ca765da29dfb251552de0f1347cfadef506e9fd8e8b550faf24a46a3,bernoulli,3,completed
rep03,start_B,2,5,bfgs,bernoulli,bernoulli,49.17692104065871,False,True,-49.43362162623661,-74.02208214656596,bfgs,8,True,1.533088322958065e-10,False,2,bfgs,7,True,6.772928884402062e-11,True,0,bernoulli,-49.43362162623661,0.26663166959124174|0.49007058156371408|-0.33968304555615836,045eb2354a4e6ac06ffa38dca632da4b4533de841e2b1ecb686200e54aa74476,selected_candidate_loading,True,045eb2354a4e6ac06ffa38dca632da4b4533de841e2b1ecb686200e54aa74476,bernoulli,3,completed
rep03,start_B,2,6,bfgs,bernoulli,bernoulli,47.25294067745729,False,False,-50.94414581732864,-74.57061615605728,bfgs,7,True,1.5264234320966351e-12,True,0,bfgs,6,False,4.365975877829165e-07,False,2,bernoulli,-50.94414581732864,-0.0935120119554438|0.20681523264614046|0.19260717843798777,d8abaf21c27afd77a5a414e6bc58a15b36e6444e2dc8a34a832e45133a38ffb5,selected_candidate_loading,True,d8abaf21c27afd77a5a414e6bc58a15b36e6444e2dc8a34a832e45133a38ffb5,bernoulli,3,completed
rep03,start_B,2,7,bfgs,bernoulli,bernoulli,48.825741989829666,False,True,-49.59216094065696,-74.0050319355718,bfgs,8,True,2.4996005265620624e-11,True,0,bfgs,7,True,3.822251848362157e-10,False,2,bernoulli,-49.59216094065696,0.46705994965988479|0.16963069569372402|-0.15751813468494061,64af1ef6890148e640333254356bee719665434e347598c2fcdad60fe1376292,selected_candidate_loading,True,64af1ef6890148e640333254356bee719665434e347598c2fcdad60fe1376292,bernoulli,3,completed
rep03,start_B,2,8,bfgs,bernoulli,bernoulli,52.01457553840473,False,True,-48.21620542545837,-74.22349319466073,bfgs,7,True,1.1930859744602173e-09,False,2,bfgs,8,True,6.003257058129208e-10,False,2,bernoulli,-48.21620542545837,0.13419796410817297|-0.31109504728889908|-0.44157091109233665,d7e3a83205315d33e5c2b7bfd7db2490350ce2558b28e8695ae39266a2a3476a,selected_candidate_loading,True,d7e3a83205315d33e5c2b7bfd7db2490350ce2558b28e8695ae39266a2a3476a,bernoulli,3,completed
rep03,start_B,3,3,bfgs,bernoulli,bernoulli,55.21709259182484,False,True,-46.41118515412927,-74.01973145004169,bfgs,8,True,5.846855888336222e-10,False,2,bfgs,11,True,6.995939827447728e-10,False,2,bernoulli,-46.41118515412927,-0.76508722320997069|0.20639628181414302|0.37295710882636574,bb4e2a6f55ee1058f1986aa0490374a220c48ff2fd49c6a112294ebca4808405,selected_candidate_loading,True,bb4e2a6f55ee1058f1986aa0490374a220c48ff2fd49c6a112294ebca4808405,bernoulli,3,completed
rep03,start_B,3,4,bfgs,bernoulli,bernoulli,56.20626348655483,False,False,-45.074673185867724,-73.17780492914514,bfgs,8,False,2.0991756954913398e-08,False,2,bfgs,9,True,4.653047724900716e-10,False,2,bernoulli,-45.074673185867724,0.67192434539752788|-0.76985693298934355|0.36388319382546713,e2223a08c7264027e50a37d6769639ac4ac51e77a403984489267a016688c0ad,selected_candidate_loading,True,e2223a08c7264027e50a37d6769639ac4ac51e77a403984489267a016688c0ad,bernoulli,3,completed
rep03,start_B,3,5,bfgs,bernoulli,bernoulli,49.06611931458619,False,False,-49.1726431798799,-73.70570283717299,bfgs,5,False,1.7212064801763737e-07,False,2,bfgs,8,True,1.5717141366167198e-09,False,2,bernoulli,-49.1726431798799,0.38581739775843082|0.42842734492316986|-0.29099202316233863,afbe6b0d94214fc8f2ea6f14b43010f42f583b2d04ab98d0c10686d43cc9a571,selected_candidate_loading,True,afbe6b0d94214fc8f2ea6f14b43010f42f583b2d04ab98d0c10686d43cc9a571,bernoulli,3,completed
rep03,start_B,3,6,bfgs,bernoulli,bernoulli,47.4212217792617,False,True,-50.811818504485665,-74.52242939411651,bfgs,7,True,9.059419880941277e-14,True,0,bfgs,8,True,4.73356909225231e-12,True,0,bernoulli,-50.811818504485665,0.050163903748854287|0.082415130718600918|0.29675641613302284,777b64a8d945aca1663cdcf036ee7aca7ce1959395acb1807d27976d100a1d06,selected_candidate_loading,True,777b64a8d945aca1663cdcf036ee7aca7ce1959395acb1807d27976d100a1d06,bernoulli,3,completed
rep03,start_B,3,7,bfgs,bernoulli,bernoulli,50.94821152974744,False,True,-47.797786276615476,-73.2718920414892,bfgs,7,True,3.0098945558165725e-11,True,0,bfgs,8,True,5.6905857803712936e-11,True,0,bernoulli,-47.797786276615476,0.63587453967105168|0.33197945417856961|-0.31263557288724619,8158503d00b6c29f443b49cecc27b231244b12d166f87ea680639844bcf76d1b,selected_candidate_loading,True,8158503d00b6c29f443b49cecc27b231244b12d166f87ea680639844bcf76d1b,bernoulli,3,completed
rep03,start_B,3,8,bfgs,bernoulli,bernoulli,53.193078367263254,False,True,-47.20174896167024,-73.79828814530187,bfgs,8,True,2.5006437476271514e-10,False,2,bfgs,9,True,3.840111340025487e-10,False,2,bernoulli,-47.20174896167024,0.38884043558307663|-0.62766690250664459|-0.23584051822562185,9ac29e0b068ffd7b763e4864e534f42f69b5d898cf15c1ce078167a39cd2c6c8,selected_candidate_loading,True,9ac29e0b068ffd7b763e4864e534f42f69b5d898cf15c1ce078167a39cd2c6c8,bernoulli,3,completed
rep03,start_B,4,3,bfgs,bernoulli,bernoulli,54.88124396888159,False,True,-46.65407812393997,-74.09470010838076,bfgs,7,True,6.133404895081185e-12,True,0,bfgs,10,True,9.774702736109475e-09,False,2,bernoulli,-46.65407812393997,-0.79952052515908845|0.13987834775547539|0.37934444330409567,5304b092df60c97e283dc201d4ab0575bb5a314882c1f5b4079ea899f47b4165,selected_candidate_loading,True,5304b092df60c97e283dc201d4ab0575bb5a314882c1f5b4079ea899f47b4165,bernoulli,3,completed
rep03,start_B,4,4,bfgs,bernoulli,bernoulli,60.08608377348163,False,True,-42.86231256755671,-72.90535445429752,bfgs,7,True,1.0759253488146215e-10,False,2,bfgs,10,True,1.5657665303203672e-09,False,2,bernoulli,-42.86231256755671,0.82834921486270685|-0.78799638621615886|0.28550362748118885,ec541b1078f62f8efa75cf54a24b090288825ee24b06b8cc26ba35be2d8d0d30,selected_candidate_loading,True,ec541b1078f62f8efa75cf54a24b090288825ee24b06b8cc26ba35be2d8d0d30,bernoulli,3,completed
rep03,start_B,4,5,bfgs,bernoulli,bernoulli,49.6123962760619,False,True,-48.74008403641348,-73.54628217444443,bfgs,7,True,2.714628521971463e-12,True,0,bfgs,8,True,1.283808614971349e-11,True,0,bernoulli,-48.74008403641348,0.51995150754515262|0.32783909620727886|-0.32969393583050682,e757569141ba09da262432b15177a16f7c2f24422657aefb58e5c71910d4e48c,selected_candidate_loading,True,e757569141ba09da262432b15177a16f7c2f24422657aefb58e5c71910d4e48c,bernoulli,3,completed
rep03,start_B,4,6,bfgs,bernoulli,bernoulli,47.04584327314849,False,True,-51.16275073114779,-74.68567236772203,bfgs,7,True,7.714735517083682e-11,True,0,bfgs,9,True,7.881695296418911e-12,True,0,bernoulli,-51.16275073114779,0.064248377251120467|0.10033973915742742|0.24341228595001213,9636c56b34c14d85d094fe882dd15d91f8ac249ba59ad4acc3a9b20c40e3cc70,selected_candidate_loading,True,9636c56b34c14d85d094fe882dd15d91f8ac249ba59ad4acc3a9b20c40e3cc70,bernoulli,3,completed
rep03,start_B,4,7,bfgs,bernoulli,bernoulli,50.31141728534409,False,True,-48.246124627903235,-73.40183327057528,bfgs,7,True,2.1666912708440124e-11,True,0,bfgs,12,True,9.851484517042764e-10,False,2,bernoulli,-48.246124627903235,0.65888254268687929|0.29652066650150427|-0.24677939441313268,5f2771a672370a9bd6c1c0a9db88be8b64be8835d0f541c6f2f1fa90ae2370cc,selected_candidate_loading,True,5f2771a672370a9bd6c1c0a9db88be8b64be8835d0f541c6f2f1fa90ae2370cc,bernoulli,3,completed
rep03,start_B,4,8,bfgs,bernoulli,bernoulli,54.383840130227625,False,True,-46.36589638560718,-73.55781645072099,bfgs,6,True,3.806699400143998e-12,True,0,bfgs,12,True,2.6029407962369076e-09,False,2,bernoulli,-46.36589638560718,0.50639461446106848|-0.60305729330848745|-0.28176671320637903,11129fd64bf202f9e704ba9522b4d4ad1b66ed8d0986780cf0f6142806cadaf0,selected_candidate_loading,True,11129fd64bf202f9e704ba9522b4d4ad1b66ed8d0986780cf0f6142806cadaf0,bernoulli,3,completed
rep03,start_B,5,3,bfgs,bernoulli,bernoulli,55.22009754245968,False,True,-46.43759816355059,-74.04764693478043,bfgs,7,True,1.9320545163736826e-12,True,0,bfgs,11,True,4.6675718845534675e-11,True,0,bernoulli,-46.43759816355059,-0.83987507070642931|0.21130295383476191|0.31870419704887903,676d35b3079189869e3d294206ba5c67bc465e870f5410a56add7973a60eb106,selected_candidate_loading,True,676d35b3079189869e3d294206ba5c67bc465e870f5410a56add7973a60eb106,bernoulli,3,completed
rep03,start_B,5,4,bfgs,bernoulli,bernoulli,61.614735176018485,False,True,-41.826215020602206,-72.63358260861145,bfgs,7,True,1.0109690862236676e-13,True,0,bfgs,10,True,4.8701166849296484e-09,False,2,bernoulli,-41.826215020602206,0.9279561547945947|-0.83353208710383608|0.32661735894693833,15fc5c5f4d7cf3755d0756985bcc68831ae1228be629ab25ab8ad81cb0fde209,selected_candidate_loading,True,15fc5c5f4d7cf3755d0756985bcc68831ae1228be629ab25ab8ad81cb0fde209,bernoulli,3,completed
rep03,start_B,5,5,bfgs,bernoulli,bernoulli,48.95798891593472,False,False,-49.16397838616474,-73.6429728441321,bfgs,7,False,1.8830075632081388e-08,False,2,bfgs,8,True,5.172484662807619e-12,True,0,bernoulli,-49.16397838616474,0.55029770730744165|0.27954316965762849|-0.20644761099258813,50f90b8890c6a442e328397881ab70a41a332302af3cc8747b59dec3bbad9420,selected_candidate_loading,True,50f90b8890c6a442e328397881ab70a41a332302af3cc8747b59dec3bbad9420,bernoulli,3,completed
rep03,start_B,5,6,bfgs,bernoulli,bernoulli,47.05807617592545,False,True,-51.14073945268925,-74.66977754065198,bfgs,7,True,2.396305376350938e-13,True,0,bfgs,9,True,4.587441537751147e-13,True,0,bernoulli,-51.14073945268925,0.08702594599087525|0.043893989191482262|0.26903048665850138,07c8973bf41f8d5348c2b6721635e8441b13d37bf7f6d650a838fe6951965b9a,selected_candidate_loading,True,07c8973bf41f8d5348c2b6721635e8441b13d37bf7f6d650a838fe6951965b9a,bernoulli,3,completed
rep03,start_B,5,7,bfgs,bernoulli,bernoulli,50.65121355964757,False,False,-47.93695463785272,-73.26256141767651,bfgs,7,True,2.313482738713901e-12,True,0,bfgs,10,False,2.594942882350182e-07,False,2,bernoulli,-47.93695463785272,0.72569565200452857|0.29181760476276353|-0.19610934236986105,b0195efb16da006dcc1f6bcd7ff747f32a5a2971e2e5a1e8cde7bba837ebecda,selected_candidate_loading,True,b0195efb16da006dcc1f6bcd7ff747f32a5a2971e2e5a1e8cde7bba837ebecda,bernoulli,3,completed
rep03,start_B,5,8,bfgs,bernoulli,bernoulli,53.70515463030378,False,True,-46.698461552083586,-73.55103886723548,bfgs,8,True,3.0367137249243116e-09,False,2,bfgs,11,True,3.154497463242478e-09,False,2,bernoulli,-46.698461552083586,0.51919658618102238|-0.52637827740747178|-0.31146529769663522,b4548f219896c082b2c38d03e633ce2db5a4636a695a4f31a9373384afc1273f,selected_candidate_loading,True,b4548f219896c082b2c38d03e633ce2db5a4636a695a4f31a9373384afc1273f,bernoulli,3,completed
rep03,start_B,6,3,bfgs,bernoulli,bernoulli,56.309690714911156,False,True,-45.52781672906398,-73.68266208651956,bfgs,7,True,3.2578384434600595e-13,True,0,bfgs,11,True,4.408283826862202e-09,False,2,bernoulli,-45.52781672906398,-0.93508640268726995|0.23856047479832421|0.27046618414526874,96da0c5d2947abc99b6c4d12924c1c1d93f9edbade0e533d4f51d022d240dc62,selected_candidate_loading,True,96da0c5d2947abc99b6c4d12924c1c1d93f9edbade0e533d4f51d022d240dc62,bernoulli,3,completed
rep03,start_B,6,4,bfgs,bernoulli,bernoulli,61.07922092532537,False,True,-42.23255209576656,-72.77216255842924,bfgs,7,True,8.072808199699466e-10,False,2,bfgs,10,True,7.917322575323738e-10,False,2,bernoulli,-42.23255209576656,0.91791367002671775|-0.75443350984981528|0.35391508796468912,f645daba978fdcff1373a9702569af958c13c6b74c326eb2433433da5f9950df,selected_candidate_loading,True,f645daba978fdcff1373a9702569af958c13c6b74c326eb2433433da5f9950df,bernoulli,3,completed
rep03,start_B,6,5,bfgs,bernoulli,bernoulli,49.66312387718587,False,True,-48.83162873726655,-73.66319067585948,bfgs,7,True,3.878671162027558e-10,False,2,bfgs,8,True,1.320099585200296e-12,True,0,bernoulli,-48.83162873726655,0.58135609918412312|0.30540164592126057|-0.19284648760824261,893cb09deb676c83d5ccc534edcb95d48a9b6b5f29850aec4f3781b2b99d3b03,selected_candidate_loading,True,893cb09deb676c83d5ccc534edcb95d48a9b6b5f29850aec4f3781b2b99d3b03,bernoulli,3,completed
rep03,start_B,6,6,bfgs,bernoulli,bernoulli,47.23344065642431,False,True,-50.93799639595646,-74.55471672416861,bfgs,6,True,6.352696146905146e-14,True,0,bfgs,9,True,6.927436402293097e-12,True,0,bernoulli,-50.93799639595646,0.099171142050267586|0.056004661389622547|0.30586598539871079,6cbbebbea2d09ed6fcc926400941a6a0339692305bdc38725cce692144559eee,selected_candidate_loading,True,6cbbebbea2d09ed6fcc926400941a6a0339692305bdc38725cce692144559eee,bernoulli,3,completed
rep03,start_B,6,7,bfgs,bernoulli,bernoulli,51.16086230863593,False,True,-47.74984735333746,-73.33027850765542,bfgs,7,True,5.479616760339923e-13,True,0,bfgs,13,True,1.0524470184236634e-12,True,0,bernoulli,-47.74984735333746,0.71365096463548361|0.35626610623103161|-0.16193314020319599,17cbc13953e65386eba8da369115e91fbd26e25cc98805b10f72f6a84572bd9c,selected_candidate_loading,True,17cbc13953e65386eba8da369115e91fbd26e25cc98805b10f72f6a84572bd9c,bernoulli,3,completed
rep03,start_B,6,8,bfgs,bernoulli,bernoulli,54.97211448527244,False,True,-46.14214618218175,-73.62820342481797,bfgs,6,True,4.588249780113074e-11,True,0,bfgs,11,True,5.497970079204606e-10,False,2,bernoulli,-46.14214618218175,0.58631048638254513|-0.54509385991583814|-0.27562867407420838,afb44cc6dcfc271880b14dcb2f72689b2d7439037c7ba1e6352692938dce529c,selected_candidate_loading,True,afb44cc6dcfc271880b14dcb2f72689b2d7439037c7ba1e6352692938dce529c,bernoulli,3,completed
rep03,start_B,7,3,bfgs,bernoulli,bernoulli,56.48292294910627,False,False,-45.68242107001116,-73.9238825445643,bfgs,6,False,1.0144285844670976e-08,False,2,bfgs,10,True,1.0195133626211828e-11,True,0,bernoulli,-45.68242107001116,-0.94843017445092448|0.17944070809378451|0.28462187928879901,db783313545efa988e49b5e928b3cbf64f9d4178bdeae80e0f9a6ac52c5369e9,selected_candidate_loading,True,db783313545efa988e49b5e928b3cbf64f9d4178bdeae80e0f9a6ac52c5369e9,bernoulli,3,completed
rep03,start_B,7,4,bfgs,bernoulli,bernoulli,62.68105266463856,False,True,-41.1188054138019,-72.45933174612118,bfgs,6,True,1.1989698123215931e-11,True,0,bfgs,10,True,1.1439762470644154e-10,False,2,bernoulli,-41.1188054138019,0.983447024484431|-0.77944351543771184|0.37388921703220512,c8caabed361fb45ec3bbf50e480457f7d81c86de21b99d3e6d0d1d31f3cc80a8,selected_candidate_loading,True,c8caabed361fb45ec3bbf50e480457f7d81c86de21b99d3e6d0d1d31f3cc80a8,bernoulli,3,completed
rep03,start_B,7,5,bfgs,bernoulli,bernoulli,49.28326882125131,False,True,-48.71226754327445,-73.3539019539001,bfgs,6,True,2.3674107119120435e-11,True,0,bfgs,7,True,8.430217945942786e-09,False,2,bernoulli,-48.71226754327445,0.62954227075518099|0.2872922516539505|-0.18473305396371989,11c06c023ba59d7643a0dc6223de455517a769260725e94d57b2f3c7e0b9ea36,selected_candidate_loading,True,11c06c023ba59d7643a0dc6223de455517a769260725e94d57b2f3c7e0b9ea36,bernoulli,3,completed
rep03,start_B,7,6,bfgs,bernoulli,bernoulli,47.10210810337152,False,True,-51.14608583719731,-74.69713988888307,bfgs,8,True,2.1674551042849544e-12,True,0,bfgs,8,True,3.303384232822282e-11,True,0,bernoulli,-51.14608583719731,0.0085170570383577386|0.020374550093876773|0.28252660545744174,b0a9757da48687ba66d68cc271d5e8607d36d36410dd19f4d7729203c1c1ab55,selected_candidate_loading,True,b0a9757da48687ba66d68cc271d5e8607d36d36410dd19f4d7729203c1c1ab55,bernoulli,3,completed
rep03,start_B,7,7,bfgs,bernoulli,bernoulli,49.655396915112334,False,True,-48.42872942833537,-73.25642788589154,bfgs,7,True,1.641165425780855e-10,False,2,bfgs,12,True,1.6398232771663856e-11,True,0,bernoulli,-48.42872942833537,0.66362367325559835|0.31090868135109201|-0.17063997092740477,8bbf6277e04f11756b8ef9e7139105fd59e6c08194ebc3f3ea1e28b6a784ccb1,selected_candidate_loading,True,8bbf6277e04f11756b8ef9e7139105fd59e6c08194ebc3f3ea1e28b6a784ccb1,bernoulli,3,completed
rep03,start_B,7,8,bfgs,bernoulli,bernoulli,53.72871207128139,False,True,-46.73015880433125,-73.59451483997195,bfgs,9,True,1.4497292255555294e-12,True,0,bfgs,10,True,5.6956024785392854e-09,False,2,bernoulli,-46.73015880433125,0.53160784797742788|-0.55210234883939402|-0.22028085579753987,5fe503353fa1a4e27b2e17c16208e0aa8abd5b39bd33cf9b76a87fc48ac1fe22,selected_candidate_loading,True,5fe503353fa1a4e27b2e17c16208e0aa8abd5b39bd33cf9b76a87fc48ac1fe22,bernoulli,3,completed
rep03,start_B,8,3,bfgs,bernoulli,bernoulli,55.50462855053807,False,True,-46.37854844748622,-74.13086272275525,bfgs,8,True,3.949818250248427e-11,True,0,bfgs,10,True,8.826156694397014e-10,False,2,bernoulli,-46.37854844748622,-0.85717356795330668|0.15624400392469875|0.28045377921185793,ea16637908e77e7757120926b67833306556281bcb748e7d77ae3a7e27b6b5bd,selected_candidate_loading,True,ea16637908e77e7757120926b67833306556281bcb748e7d77ae3a7e27b6b5bd,bernoulli,3,completed
rep03,start_B,8,4,bfgs,bernoulli,bernoulli,61.809695363023366,False,True,-41.421374301969465,-72.32622198348115,bfgs,7,True,8.5131901528257e-14,True,0,bfgs,9,True,1.4347856236440748e-11,True,0,bernoulli,-41.421374301969465,0.90979759547442951|-0.84096521682688496|0.42808904216436183,16b031319283b8daffc8c0d8ea0d5e799d94f130f37ed19838d585455a7ce857,selected_candidate_loading,True,16b031319283b8daffc8c0d8ea0d5e799d94f130f37ed19838d585455a7ce857,bernoulli,3,completed
rep03,start_B,8,5,bfgs,bernoulli,bernoulli,49.79225718200003,False,False,-48.367974593291386,-73.2641031842914,bfgs,7,True,8.924416761146858e-13,True,0,bfgs,6,False,1.8993662322941419e-07,False,2,bernoulli,-48.367974593291386,0.59619885921064653|0.3620445086148098|-0.25460116313972603,4e594b265b643355235f7c2a8fb9168d51664c510c74a92bc959ba5706f6d099,selected_candidate_loading,True,4e594b265b643355235f7c2a8fb9168d51664c510c74a92bc959ba5706f6d099,bernoulli,3,completed
rep03,start_B,8,6,bfgs,bernoulli,bernoulli,46.60445450175156,False,True,-51.430523155699326,-74.73275040657511,bfgs,7,True,4.789502128232925e-13,True,0,bfgs,9,True,5.611363462776353e-09,False,2,bernoulli,-51.430523155699326,-0.01814008006417632|0.034432301433518338|0.22390411617031447,66213420ca420cd98f336d964b70c259bb9b9f3256ebfd1535ddb6aff2f9bb76,selected_candidate_loading,True,66213420ca420cd98f336d964b70c259bb9b9f3256ebfd1535ddb6aff2f9bb76,bernoulli,3,completed
rep03,start_B,8,7,bfgs,bernoulli,bernoulli,50.94807095310567,False,True,-47.49111694840307,-72.9651524249559,bfgs,7,True,1.1019629653219454e-12,True,0,bfgs,7,True,1.8438872650961003e-11,True,0,bernoulli,-47.49111694840307,0.75449173188093799|0.33397152207419284|-0.20773012873252614,2da600bc8d4ad6b5be37b7a7ffc43632df35e6fa9129fc2dea3fe9328cd2d0e0,selected_candidate_loading,True,2da600bc8d4ad6b5be37b7a7ffc43632df35e6fa9129fc2dea3fe9328cd2d0e0,bernoulli,3,completed
rep03,start_B,8,8,bfgs,bernoulli,bernoulli,54.30000914538688,False,True,-46.16266117520626,-73.3126657478997,bfgs,7,True,5.3912430075797604e-14,True,0,bfgs,11,True,4.842361178702959e-10,False,2,bernoulli,-46.16266117520626,0.58821765441422269|-0.56027962395767061|-0.2542548673904384,561c6137db50e20dc1859337efd7f88ebc27c8b1891c20596aa9243968c1c236,selected_candidate_loading,True,561c6137db50e20dc1859337efd7f88ebc27c8b1891c20596aa9243968c1c236,bernoulli,3,completed
