query_movie_id,query_title,number_of_test_positive_items,precision_at_10,recall_at_10,ndcg_at_10,ap_at_10,hit_rate_at_10,recommended_titles_top10,hit_titles_top10,model_score_top10,k,split_trial,method
2,GoldenEye (1995),2,0.2,1.0,0.7977228895450266,0.6111111111111112,1.0,"Clear and Present Danger (1994) | Cape Fear (1991) | Carrie (1976) | Pretty Woman (1990) | Abyss, The (1989) | Ghost (1990) | Star Trek: Generations (1994) | Fifth Element, The (1997) | Dave (1993) | Reservoir Dogs (1992)",Clear and Present Danger (1994) | Dave (1993),0.4242 | 0.4017 | 0.3860 | 0.3749 | 0.3387 | 0.3345 | 0.3120 | 0.3116 | 0.2878 | 0.1966,3,0,proposed_dual_expfam
23,Taxi Driver (1976),1,0.1,1.0,0.38685280723454163,0.2,1.0,"Maltese Falcon, The (1941) | African Queen, The (1951) | Arsenic and Old Lace (1944) | North by Northwest (1959) | Big Sleep, The (1946) | Vertigo (1958) | Six Degrees of Separation (1993) | Mighty Aphrodite (1995) | Birds, The (1963) | Postino, Il (1994)","Big Sleep, The (1946)",0.5417 | 0.4454 | 0.3967 | 0.3379 | 0.2913 | 0.2906 | 0.2514 | 0.2000 | 0.1825 | 0.1732,3,0,proposed_dual_expfam
31,Crimson Tide (1995),6,0.4,0.6666666666666666,0.671699100259999,0.4694444444444444,1.0,"In the Line of Fire (1993) | Grease (1978) | American President, The (1995) | Sneakers (1992) | Star Trek III: The Search for Spock (1984) | Carrie (1976) | Mrs. Doubtfire (1993) | Army of Darkness (1993) | Star Trek: Generations (1994) | Client, The (1994)","In the Line of Fire (1993) | American President, The (1995) | Sneakers (1992) | Client, The (1994)",0.6354 | 0.5705 | 0.5523 | 0.4206 | 0.4099 | 0.3706 | 0.3672 | 0.2578 | 0.2438 | 0.2424,3,0,proposed_dual_expfam
62,Stargate (1994),3,0.2,0.6666666666666666,0.6508205185601091,0.4666666666666666,1.0,"Star Trek VI: The Undiscovered Country (1991) | In the Line of Fire (1993) | Die Hard 2 (1990) | Con Air (1997) | Star Trek IV: The Voyage Home (1986) | Star Trek III: The Search for Spock (1984) | Fifth Element, The (1997) | GoldenEye (1995) | Army of Darkness (1993) | Long Kiss Goodnight, The (1996)",Star Trek VI: The Undiscovered Country (1991) | Star Trek IV: The Voyage Home (1986),0.0933 | 0.0801 | 0.0720 | 0.0676 | 0.0660 | 0.0563 | 0.0513 | 0.0486 | 0.0411 | 0.0389,3,0,proposed_dual_expfam
66,While You Were Sleeping (1995),4,0.2,0.5,0.6366824387328317,0.5,1.0,"American President, The (1995) | Dave (1993) | Highlander (1986) | In the Line of Fire (1993) | Sneakers (1992) | Carrie (1976) | Interview with the Vampire (1994) | Professional, The (1994) | Star Trek III: The Search for Spock (1984) | Client, The (1994)","American President, The (1995) | Dave (1993)",0.5928 | 0.5736 | 0.4680 | 0.3536 | 0.3324 | 0.3035 | 0.2484 | 0.2291 | 0.2189 | 0.2169,3,0,proposed_dual_expfam
72,"Mask, The (1994)",4,0.2,0.5,0.28097267762005274,0.1125,1.0,"Die Hard 2 (1990) | Highlander (1986) | American President, The (1995) | Grease (1978) | Star Trek IV: The Voyage Home (1986) | In the Line of Fire (1993) | Carrie (1976) | GoldenEye (1995) | Star Trek: Generations (1994) | Clear and Present Danger (1994)",Grease (1978) | Clear and Present Danger (1994),0.3627 | 0.2318 | 0.2097 | 0.1798 | 0.1721 | 0.1696 | 0.1685 | 0.1450 | 0.1345 | 0.1341,3,0,proposed_dual_expfam
83,Much Ado About Nothing (1993),1,0.0,0.0,0.0,0.0,0.0,"Mrs. Doubtfire (1993) | Birds, The (1963) | Die Hard 2 (1990) | American President, The (1995) | Grease (1978) | This Is Spinal Tap (1984) | Interview with the Vampire (1994) | Tin Cup (1996) | Carrie (1976) | Dave (1993)",,0.0836 | 0.0829 | 0.0652 | 0.0554 | 0.0525 | 0.0519 | 0.0465 | 0.0430 | 0.0429 | 0.0400,3,0,proposed_dual_expfam
124,Lone Star (1996),1,0.0,0.0,0.0,0.0,0.0,"African Queen, The (1951) | Chinatown (1974) | Maltese Falcon, The (1941) | Citizen Kane (1941) | North by Northwest (1959) | Dr. Strangelove or: How I Learned to Stop Worrying and Love the Bomb (1963) | Vertigo (1958) | Six Degrees of Separation (1993) | Big Sleep, The (1946) | Taxi Driver (1976)",,0.3246 | 0.2790 | 0.2043 | 0.1897 | 0.1809 | 0.1799 | 0.1604 | 0.1347 | 0.1127 | 0.1024,3,0,proposed_dual_expfam
129,Bound (1996),1,0.0,0.0,0.0,0.0,0.0,"This Is Spinal Tap (1984) | Grease (1978) | Mrs. Doubtfire (1993) | Mary Poppins (1964) | Chinatown (1974) | Birds, The (1963) | American President, The (1995) | Tin Cup (1996) | Lost Highway (1997) | Gone with the Wind (1939)",,0.0435 | 0.0404 | 0.0404 | 0.0326 | 0.0295 | 0.0274 | 0.0273 | 0.0242 | 0.0236 | 0.0228,3,0,proposed_dual_expfam
133,Gone with the Wind (1939),2,0.0,0.0,0.0,0.0,0.0,"This Is Spinal Tap (1984) | Mrs. Doubtfire (1993) | Chinatown (1974) | Mighty Aphrodite (1995) | Grease (1978) | Tin Cup (1996) | Lost Highway (1997) | American President, The (1995) | Piano, The (1993) | Interview with the Vampire (1994)",,0.1882 | 0.1845 | 0.1723 | 0.1268 | 0.0970 | 0.0936 | 0.0813 | 0.0808 | 0.0730 | 0.0701,3,0,proposed_dual_expfam
134,Citizen Kane (1941),2,0.2,1.0,0.9197207891481876,0.8333333333333333,1.0,"Chinatown (1974) | Arsenic and Old Lace (1944) | Vertigo (1958) | Six Degrees of Separation (1993) | Postino, Il (1994) | Mighty Aphrodite (1995) | Lone Star (1996) | Lawrence of Arabia (1962) | Cop Land (1997) | Birds, The (1963)",Chinatown (1974) | Vertigo (1958),0.9233 | 0.5563 | 0.5426 | 0.4599 | 0.2821 | 0.2045 | 0.1897 | 0.1825 | 0.1483 | 0.1394,3,0,proposed_dual_expfam
147,"Long Kiss Goodnight, The (1996)",2,0.1,0.5,0.6131471927654584,0.5,1.0,"Con Air (1997) | Spawn (1997) | Fifth Element, The (1997) | Gandhi (1982) | G.I. Jane (1997) | Face/Off (1997) | Dr. Strangelove or: How I Learned to Stop Worrying and Love the Bomb (1963) | Gattaca (1997) | Six Degrees of Separation (1993) | Birds, The (1963)",Con Air (1997),0.7587 | 0.6069 | 0.3783 | 0.3560 | 0.2954 | 0.2871 | 0.2712 | 0.2294 | 0.2155 | 0.2143,3,0,proposed_dual_expfam
164,"Abyss, The (1989)",2,0.2,1.0,0.3889580943680543,0.18253968253968253,1.0,"Die Hard 2 (1990) | In the Line of Fire (1993) | Star Trek III: The Search for Spock (1984) | GoldenEye (1995) | Clear and Present Danger (1994) | Army of Darkness (1993) | Cape Fear (1991) | Fifth Element, The (1997) | Crimson Tide (1995) | Star Trek: Generations (1994)",Cape Fear (1991) | Crimson Tide (1995),0.6243 | 0.5578 | 0.3773 | 0.3387 | 0.2569 | 0.2465 | 0.2457 | 0.2139 | 0.1947 | 0.1805,3,0,proposed_dual_expfam
184,Army of Darkness (1993),1,0.0,0.0,0.0,0.0,0.0,"Star Trek VI: The Undiscovered Country (1991) | Star Trek III: The Search for Spock (1984) | Pretty Woman (1990) | Carrie (1976) | Crimson Tide (1995) | Abyss, The (1989) | Ghost (1990) | Star Trek: Generations (1994) | Sneakers (1992) | American President, The (1995)",,0.5930 | 0.4453 | 0.2674 | 0.2629 | 0.2578 | 0.2465 | 0.2321 | 0.2071 | 0.1980 | 0.1570,3,0,proposed_dual_expfam
208,Young Frankenstein (1974),2,0.1,0.5,0.20438239758848611,0.07142857142857142,1.0,"Grease (1978) | American President, The (1995) | Birds, The (1963) | Mary Poppins (1964) | Mighty Aphrodite (1995) | Tin Cup (1996) | Interview with the Vampire (1994) | Dave (1993) | Lost Highway (1997) | Gone with the Wind (1939)",Interview with the Vampire (1994),0.1791 | 0.1192 | 0.1096 | 0.1058 | 0.0886 | 0.0773 | 0.0724 | 0.0717 | 0.0697 | 0.0622,3,0,proposed_dual_expfam
218,Cape Fear (1991),4,0.2,0.5,0.29127873064148246,0.125,1.0,"In the Line of Fire (1993) | Star Trek III: The Search for Spock (1984) | GoldenEye (1995) | Carrie (1976) | Ghost (1990) | Star Trek: Generations (1994) | Dave (1993) | Abyss, The (1989) | American President, The (1995) | Fifth Element, The (1997)","Carrie (1976) | Abyss, The (1989)",0.5901 | 0.4165 | 0.4017 | 0.3162 | 0.2761 | 0.2547 | 0.2493 | 0.2457 | 0.2277 | 0.2135,3,0,proposed_dual_expfam
219,"Nightmare on Elm Street, A (1984)",2,0.0,0.0,0.0,0.0,0.0,"Die Hard 2 (1990) | Highlander (1986) | Star Trek IV: The Voyage Home (1986) | Pretty Woman (1990) | In the Line of Fire (1993) | American President, The (1995) | Mrs. Doubtfire (1993) | Dave (1993) | Grease (1978) | Ghost (1990)",,0.1739 | 0.1231 | 0.1007 | 0.0984 | 0.0979 | 0.0964 | 0.0938 | 0.0894 | 0.0823 | 0.0814,3,0,proposed_dual_expfam
226,Die Hard 2 (1990),1,0.1,1.0,1.0,1.0,1.0,"Pretty Woman (1990) | Carrie (1976) | Star Trek: Generations (1994) | Abyss, The (1989) | Fifth Element, The (1997) | Mrs. Doubtfire (1993) | Interview with the Vampire (1994) | Reservoir Dogs (1992) | Grosse Pointe Blank (1997) | Mask, The (1994)",Pretty Woman (1990),0.7510 | 0.7470 | 0.6555 | 0.6243 | 0.5501 | 0.5294 | 0.4377 | 0.4369 | 0.4036 | 0.3627,3,0,proposed_dual_expfam
227,Star Trek VI: The Undiscovered Country (1991),4,0.2,0.5,0.2856436410275446,0.11805555555555555,1.0,"Con Air (1997) | Army of Darkness (1993) | Fifth Element, The (1997) | Clear and Present Danger (1994) | Carrie (1976) | Ghost (1990) | Rumble in the Bronx (1995) | Reservoir Dogs (1992) | Dave (1993) | Grosse Pointe Blank (1997)",Clear and Present Danger (1994) | Dave (1993),0.6167 | 0.5930 | 0.5507 | 0.5493 | 0.3661 | 0.3117 | 0.2221 | 0.2220 | 0.2177 | 0.1875,3,0,proposed_dual_expfam
229,Star Trek III: The Search for Spock (1984),2,0.0,0.0,0.0,0.0,0.0,"Army of Darkness (1993) | Cape Fear (1991) | Crimson Tide (1995) | Abyss, The (1989) | Carrie (1976) | Fifth Element, The (1997) | Dave (1993) | While You Were Sleeping (1995) | American President, The (1995) | Reservoir Dogs (1992)",,0.4453 | 0.4165 | 0.4099 | 0.3773 | 0.3764 | 0.3329 | 0.3041 | 0.2189 | 0.2179 | 0.2047,3,0,proposed_dual_expfam
230,Star Trek IV: The Voyage Home (1986),4,0.3,0.75,0.8318724637288826,0.75,1.0,"Clear and Present Danger (1994) | Sneakers (1992) | Star Trek: Generations (1994) | Reservoir Dogs (1992) | Grease (1978) | Fifth Element, The (1997) | Client, The (1994) | Professional, The (1994) | Interview with the Vampire (1994) | Grosse Pointe Blank (1997)",Clear and Present Danger (1994) | Sneakers (1992) | Star Trek: Generations (1994),0.6868 | 0.6324 | 0.3937 | 0.3321 | 0.3316 | 0.3283 | 0.3219 | 0.2727 | 0.1944 | 0.1919,3,0,proposed_dual_expfam
239,Sneakers (1992),6,0.5,0.8333333333333334,0.8760157235037966,0.7857142857142857,1.0,"Star Trek IV: The Voyage Home (1986) | American President, The (1995) | Crimson Tide (1995) | Ghost (1990) | While You Were Sleeping (1995) | Carrie (1976) | Mrs. Doubtfire (1993) | Cape Fear (1991) | Army of Darkness (1993) | Star Trek: Generations (1994)","Star Trek IV: The Voyage Home (1986) | American President, The (1995) | Crimson Tide (1995) | Ghost (1990) | Mrs. Doubtfire (1993)",0.6324 | 0.4401 | 0.4206 | 0.3527 | 0.3324 | 0.2873 | 0.2867 | 0.2110 | 0.1980 | 0.1893,3,0,proposed_dual_expfam
248,Grosse Pointe Blank (1997),1,0.0,0.0,0.0,0.0,0.0,Die Hard 2 (1990) | Highlander (1986) | In the Line of Fire (1993) | Star Trek IV: The Voyage Home (1986) | Star Trek VI: The Undiscovered Country (1991) | GoldenEye (1995) | Star Trek III: The Search for Spock (1984) | Carrie (1976) | Cape Fear (1991) | Clear and Present Danger (1994),,0.4036 | 0.2688 | 0.2303 | 0.1919 | 0.1875 | 0.1810 | 0.1669 | 0.1478 | 0.1444 | 0.1379,3,0,proposed_dual_expfam
250,"Fifth Element, The (1997)",1,0.1,1.0,0.43067655807339306,0.25,1.0,"Star Trek VI: The Undiscovered Country (1991) | Die Hard 2 (1990) | In the Line of Fire (1993) | Highlander (1986) | Long Kiss Goodnight, The (1996) | Star Trek III: The Search for Spock (1984) | Star Trek IV: The Voyage Home (1986) | GoldenEye (1995) | Abyss, The (1989) | Cape Fear (1991)",Highlander (1986),0.5507 | 0.5501 | 0.4735 | 0.4356 | 0.3783 | 0.3329 | 0.3283 | 0.3116 | 0.2139 | 0.2135,3,0,proposed_dual_expfam
274,Sabrina (1995),1,0.0,0.0,0.0,0.0,0.0,"Long Kiss Goodnight, The (1996) | Birds, The (1963) | Die Hard 2 (1990) | Con Air (1997) | Fifth Element, The (1997) | Executive Decision (1996) | Gandhi (1982) | Spawn (1997) | Absolute Power (1997) | GoldenEye (1995)",,0.0429 | 0.0242 | 0.0231 | 0.0231 | 0.0224 | 0.0215 | 0.0210 | 0.0206 | 0.0177 | 0.0172,3,0,proposed_dual_expfam
284,Tin Cup (1996),1,0.0,0.0,0.0,0.0,0.0,"Mrs. Doubtfire (1993) | Grease (1978) | Birds, The (1963) | American President, The (1995) | This Is Spinal Tap (1984) | Mary Poppins (1964) | Interview with the Vampire (1994) | Die Hard 2 (1990) | Dave (1993) | Lost Highway (1997)",,0.3406 | 0.2553 | 0.2265 | 0.2073 | 0.2069 | 0.1411 | 0.1323 | 0.1295 | 0.1257 | 0.1052,3,0,proposed_dual_expfam
291,Absolute Power (1997),2,0.0,0.0,0.0,0.0,0.0,"Spawn (1997) | Face/Off (1997) | Fifth Element, The (1997) | G.I. Jane (1997) | Gattaca (1997) | Executive Decision (1996) | Alien: Resurrection (1997) | Star Trek: The Motion Picture (1979) | Alien 3 (1992) | Star Trek VI: The Undiscovered Country (1991)",,0.1890 | 0.0977 | 0.0937 | 0.0780 | 0.0760 | 0.0693 | 0.0617 | 0.0605 | 0.0596 | 0.0535,3,0,proposed_dual_expfam
293,Donnie Brasco (1997),1,0.0,0.0,0.0,0.0,0.0,"Birds, The (1963) | Mrs. Doubtfire (1993) | Die Hard 2 (1990) | American President, The (1995) | Grease (1978) | This Is Spinal Tap (1984) | Interview with the Vampire (1994) | Carrie (1976) | Tin Cup (1996) | Star Trek: Generations (1994)",,0.0813 | 0.0806 | 0.0685 | 0.0543 | 0.0501 | 0.0487 | 0.0460 | 0.0438 | 0.0418 | 0.0408,3,0,proposed_dual_expfam
307,"Devil's Advocate, The (1997)",1,0.0,0.0,0.0,0.0,0.0,"Long Kiss Goodnight, The (1996) | African Queen, The (1951) | Dr. Strangelove or: How I Learned to Stop Worrying and Love the Bomb (1963) | Chinatown (1974) | North by Northwest (1959) | Vertigo (1958) | Six Degrees of Separation (1993) | Citizen Kane (1941) | Maltese Falcon, The (1941) | Spawn (1997)",,0.0567 | 0.0529 | 0.0404 | 0.0381 | 0.0370 | 0.0354 | 0.0347 | 0.0336 | 0.0320 | 0.0272,3,0,proposed_dual_expfam
326,G.I. Jane (1997),1,0.0,0.0,0.0,0.0,0.0,"Long Kiss Goodnight, The (1996) | African Queen, The (1951) | Dr. Strangelove or: How I Learned to Stop Worrying and Love the Bomb (1963) | North by Northwest (1959) | Six Degrees of Separation (1993) | Vertigo (1958) | Spawn (1997) | Chinatown (1974) | Con Air (1997) | Absolute Power (1997)",,0.2954 | 0.1693 | 0.1190 | 0.0999 | 0.0966 | 0.0949 | 0.0947 | 0.0859 | 0.0809 | 0.0780,3,0,proposed_dual_expfam
356,"Client, The (1994)",1,0.1,1.0,0.38685280723454163,0.2,1.0,Highlander (1986) | Pretty Woman (1990) | Grease (1978) | Star Trek IV: The Voyage Home (1986) | Crimson Tide (1995) | Carrie (1976) | While You Were Sleeping (1995) | GoldenEye (1995) | Sneakers (1992) | Star Trek III: The Search for Spock (1984),Crimson Tide (1995),0.3605 | 0.3390 | 0.3231 | 0.3219 | 0.2424 | 0.2281 | 0.2169 | 0.1921 | 0.1870 | 0.1851,3,0,proposed_dual_expfam
380,Star Trek: Generations (1994),1,0.1,1.0,0.5,0.3333333333333333,1.0,"Die Hard 2 (1990) | In the Line of Fire (1993) | Star Trek IV: The Voyage Home (1986) | GoldenEye (1995) | Carrie (1976) | American President, The (1995) | Dave (1993) | Cape Fear (1991) | Crimson Tide (1995) | Army of Darkness (1993)",Star Trek IV: The Voyage Home (1986),0.6555 | 0.4088 | 0.3937 | 0.3120 | 0.3015 | 0.2905 | 0.2734 | 0.2547 | 0.2438 | 0.2071,3,0,proposed_dual_expfam
393,Mrs. Doubtfire (1993),2,0.2,1.0,0.8065735963827293,0.625,1.0,"Dave (1993) | Die Hard 2 (1990) | This Is Spinal Tap (1984) | Interview with the Vampire (1994) | Birds, The (1963) | Crimson Tide (1995) | Tin Cup (1996) | Sneakers (1992) | Professional, The (1994) | Lost Highway (1997)",Dave (1993) | Sneakers (1992),0.6580 | 0.5294 | 0.4944 | 0.4822 | 0.3853 | 0.3672 | 0.3406 | 0.2867 | 0.2865 | 0.2834,3,0,proposed_dual_expfam
402,Ghost (1990),3,0.3,1.0,0.6447841584694202,0.4666666666666666,1.0,"Highlander (1986) | American President, The (1995) | In the Line of Fire (1993) | Carrie (1976) | Sneakers (1992) | Clear and Present Danger (1994) | GoldenEye (1995) | Star Trek VI: The Undiscovered Country (1991) | Cape Fear (1991) | Army of Darkness (1993)","American President, The (1995) | Sneakers (1992) | Clear and Present Danger (1994)",0.6200 | 0.5492 | 0.5208 | 0.3834 | 0.3527 | 0.3445 | 0.3345 | 0.3117 | 0.2761 | 0.2321,3,0,proposed_dual_expfam
419,Mary Poppins (1964),1,0.1,1.0,0.3562071871080222,0.16666666666666666,1.0,This Is Spinal Tap (1984) | Dave (1993) | Pretty Woman (1990) | Mighty Aphrodite (1995) | Interview with the Vampire (1994) | While You Were Sleeping (1995) | Tin Cup (1996) | Lost Highway (1997) | Young Frankenstein (1974) | Ghost (1990),While You Were Sleeping (1995),0.3215 | 0.2147 | 0.1744 | 0.1602 | 0.1499 | 0.1444 | 0.1411 | 0.1298 | 0.1058 | 0.1032,3,0,proposed_dual_expfam
431,Highlander (1986),3,0.3,1.0,0.9134015924715543,0.7916666666666666,1.0,"Pretty Woman (1990) | Clear and Present Danger (1994) | Carrie (1976) | Ghost (1990) | Dave (1993) | American President, The (1995) | While You Were Sleeping (1995) | Fifth Element, The (1997) | Client, The (1994) | Mrs. Doubtfire (1993)","Pretty Woman (1990) | Clear and Present Danger (1994) | Fifth Element, The (1997)",0.7250 | 0.7025 | 0.6268 | 0.6200 | 0.6183 | 0.5046 | 0.4680 | 0.4356 | 0.3605 | 0.2740,3,0,proposed_dual_expfam
447,Carrie (1976),1,0.0,0.0,0.0,0.0,0.0,"Die Hard 2 (1990) | Highlander (1986) | In the Line of Fire (1993) | Pretty Woman (1990) | American President, The (1995) | GoldenEye (1995) | Ghost (1990) | Star Trek III: The Search for Spock (1984) | Crimson Tide (1995) | Star Trek VI: The Undiscovered Country (1991)",,0.7470 | 0.6268 | 0.5354 | 0.4777 | 0.4357 | 0.3860 | 0.3834 | 0.3764 | 0.3706 | 0.3661,3,0,proposed_dual_expfam
449,Star Trek: The Motion Picture (1979),1,0.1,1.0,0.3562071871080222,0.16666666666666666,1.0,"Con Air (1997) | In the Line of Fire (1993) | Fifth Element, The (1997) | Highlander (1986) | Long Kiss Goodnight, The (1996) | Star Trek III: The Search for Spock (1984) | Die Hard 2 (1990) | Face/Off (1997) | GoldenEye (1995) | Absolute Power (1997)",Star Trek III: The Search for Spock (1984),0.3013 | 0.1486 | 0.1053 | 0.1009 | 0.0993 | 0.0910 | 0.0800 | 0.0680 | 0.0644 | 0.0605,3,0,proposed_dual_expfam
451,Grease (1978),4,0.3,0.75,0.6984152163370878,0.49166666666666664,1.0,"Pretty Woman (1990) | Crimson Tide (1995) | Interview with the Vampire (1994) | Professional, The (1994) | This Is Spinal Tap (1984) | Star Trek IV: The Voyage Home (1986) | Client, The (1994) | Tin Cup (1996) | Lost Highway (1997) | Clear and Present Danger (1994)",Pretty Woman (1990) | Interview with the Vampire (1994) | Clear and Present Danger (1994),0.8122 | 0.5705 | 0.4767 | 0.4371 | 0.4132 | 0.3316 | 0.3231 | 0.2553 | 0.2278 | 0.2109,3,0,proposed_dual_expfam
479,Vertigo (1958),1,0.1,1.0,1.0,1.0,1.0,"Citizen Kane (1941) | Dr. Strangelove or: How I Learned to Stop Worrying and Love the Bomb (1963) | Six Degrees of Separation (1993) | Arsenic and Old Lace (1944) | Taxi Driver (1976) | Postino, Il (1994) | Annie Hall (1977) | Lone Star (1996) | Lawrence of Arabia (1962) | Long Kiss Goodnight, The (1996)",Citizen Kane (1941),0.5426 | 0.5068 | 0.3848 | 0.2918 | 0.2906 | 0.1853 | 0.1758 | 0.1604 | 0.1588 | 0.1559,3,0,proposed_dual_expfam
484,"Maltese Falcon, The (1941)",1,0.1,1.0,0.6309297535714575,0.5,1.0,"Taxi Driver (1976) | Big Sleep, The (1946) | Six Degrees of Separation (1993) | Postino, Il (1994) | Lone Star (1996) | Mighty Aphrodite (1995) | Cop Land (1997) | Birds, The (1963) | Gandhi (1982) | Apt Pupil (1998)","Big Sleep, The (1946)",0.5417 | 0.5125 | 0.4771 | 0.2867 | 0.2043 | 0.2040 | 0.1653 | 0.0823 | 0.0811 | 0.0805,3,0,proposed_dual_expfam
498,"African Queen, The (1951)",2,0.1,0.5,0.6131471927654584,0.5,1.0,"Big Sleep, The (1946) | Taxi Driver (1976) | Lone Star (1996) | Postino, Il (1994) | Annie Hall (1977) | Long Kiss Goodnight, The (1996) | G.I. Jane (1997) | Craft, The (1996) | Gattaca (1997) | Alien: Resurrection (1997)","Big Sleep, The (1946)",0.5717 | 0.4454 | 0.3246 | 0.3226 | 0.3045 | 0.2009 | 0.1693 | 0.1015 | 0.0873 | 0.0869,3,0,proposed_dual_expfam
511,Lawrence of Arabia (1962),1,0.1,1.0,1.0,1.0,1.0,"Chinatown (1974) | Citizen Kane (1941) | North by Northwest (1959) | Vertigo (1958) | Six Degrees of Separation (1993) | Long Kiss Goodnight, The (1996) | Taxi Driver (1976) | Arsenic and Old Lace (1944) | Postino, Il (1994) | Annie Hall (1977)",Chinatown (1974),0.2672 | 0.1825 | 0.1769 | 0.1588 | 0.1406 | 0.1238 | 0.1015 | 0.0959 | 0.0730 | 0.0641,3,0,proposed_dual_expfam
514,Annie Hall (1977),2,0.2,1.0,0.8315546295836225,0.6666666666666666,1.0,"Chinatown (1974) | African Queen, The (1951) | Arsenic and Old Lace (1944) | North by Northwest (1959) | Vertigo (1958) | Six Degrees of Separation (1993) | Postino, Il (1994) | Mighty Aphrodite (1995) | Lone Star (1996) | Cop Land (1997)",Chinatown (1974) | Six Degrees of Separation (1993),0.5595 | 0.3045 | 0.2074 | 0.2047 | 0.1758 | 0.1455 | 0.0973 | 0.0935 | 0.0669 | 0.0663,3,0,proposed_dual_expfam
525,"Big Sleep, The (1946)",4,0.4,1.0,1.0,1.0,1.0,"Chinatown (1974) | African Queen, The (1951) | Maltese Falcon, The (1941) | Taxi Driver (1976) | Six Degrees of Separation (1993) | Postino, Il (1994) | Lone Star (1996) | Mighty Aphrodite (1995) | Long Kiss Goodnight, The (1996) | Cop Land (1997)","Chinatown (1974) | African Queen, The (1951) | Maltese Falcon, The (1941) | Taxi Driver (1976)",0.7227 | 0.5717 | 0.5125 | 0.2913 | 0.2691 | 0.1546 | 0.1127 | 0.0926 | 0.0794 | 0.0768,3,0,proposed_dual_expfam
559,Interview with the Vampire (1994),3,0.1,0.3333333333333333,0.2960819109658652,0.16666666666666666,1.0,"Mrs. Doubtfire (1993) | Grease (1978) | American President, The (1995) | Die Hard 2 (1990) | Pretty Woman (1990) | Dave (1993) | While You Were Sleeping (1995) | Carrie (1976) | Crimson Tide (1995) | Star Trek IV: The Voyage Home (1986)",Grease (1978),0.4822 | 0.4767 | 0.4382 | 0.4377 | 0.3613 | 0.3559 | 0.2484 | 0.2461 | 0.2243 | 0.1944,3,0,proposed_dual_expfam
566,Clear and Present Danger (1994),8,0.7,0.875,0.9062487935025676,0.8293650793650793,1.0,"Highlander (1986) | Star Trek IV: The Voyage Home (1986) | Star Trek VI: The Undiscovered Country (1991) | GoldenEye (1995) | Dave (1993) | Carrie (1976) | Ghost (1990) | Abyss, The (1989) | Grease (1978) | Fifth Element, The (1997)",Highlander (1986) | Star Trek IV: The Voyage Home (1986) | Star Trek VI: The Undiscovered Country (1991) | GoldenEye (1995) | Dave (1993) | Ghost (1990) | Grease (1978),0.7025 | 0.6868 | 0.5493 | 0.4242 | 0.3572 | 0.3522 | 0.3445 | 0.2569 | 0.2109 | 0.1797,3,0,proposed_dual_expfam
591,Primal Fear (1996),1,0.0,0.0,0.0,0.0,0.0,"Die Hard 2 (1990) | Birds, The (1963) | Mrs. Doubtfire (1993) | Highlander (1986) | Carrie (1976) | GoldenEye (1995) | Star Trek: Generations (1994) | Cape Fear (1991) | In the Line of Fire (1993) | American President, The (1995)",,0.2462 | 0.1753 | 0.1193 | 0.1116 | 0.1029 | 0.1001 | 0.0978 | 0.0901 | 0.0803 | 0.0801,3,0,proposed_dual_expfam
628,Sleepers (1996),1,0.1,1.0,0.43067655807339306,0.25,1.0,"Con Air (1997) | Spawn (1997) | Gandhi (1982) | Absolute Power (1997) | Dr. Strangelove or: How I Learned to Stop Worrying and Love the Bomb (1963) | Birds, The (1963) | Fifth Element, The (1997) | G.I. Jane (1997) | Six Degrees of Separation (1993) | Chinatown (1974)",Absolute Power (1997),0.0723 | 0.0657 | 0.0528 | 0.0522 | 0.0468 | 0.0452 | 0.0431 | 0.0413 | 0.0396 | 0.0394,3,0,proposed_dual_expfam
651,Glory (1989),2,0.0,0.0,0.0,0.0,0.0,Mrs. Doubtfire (1993) | Pretty Woman (1990) | While You Were Sleeping (1995) | Mary Poppins (1964) | This Is Spinal Tap (1984) | Die Hard 2 (1990) | Interview with the Vampire (1994) | Ghost (1990) | Crimson Tide (1995) | Carrie (1976),,0.1945 | 0.1155 | 0.0883 | 0.0863 | 0.0837 | 0.0811 | 0.0810 | 0.0782 | 0.0682 | 0.0650,3,0,proposed_dual_expfam
654,Chinatown (1974),4,0.4,1.0,0.9279611693743142,0.8125,1.0,"Citizen Kane (1941) | Big Sleep, The (1946) | Mighty Aphrodite (1995) | Annie Hall (1977) | Postino, Il (1994) | Cop Land (1997) | Lone Star (1996) | Lawrence of Arabia (1962) | Gandhi (1982) | Apt Pupil (1998)","Citizen Kane (1941) | Big Sleep, The (1946) | Annie Hall (1977) | Lawrence of Arabia (1962)",0.9233 | 0.7227 | 0.6044 | 0.5595 | 0.4857 | 0.3625 | 0.2790 | 0.2672 | 0.2397 | 0.1959,3,0,proposed_dual_expfam
659,Arsenic and Old Lace (1944),3,0.0,0.0,0.0,0.0,0.0,"Citizen Kane (1941) | Taxi Driver (1976) | Dr. Strangelove or: How I Learned to Stop Worrying and Love the Bomb (1963) | Vertigo (1958) | Six Degrees of Separation (1993) | Mighty Aphrodite (1995) | Annie Hall (1977) | Postino, Il (1994) | Birds, The (1963) | Cop Land (1997)",,0.5563 | 0.3967 | 0.3632 | 0.2918 | 0.2425 | 0.2332 | 0.2074 | 0.1723 | 0.1569 | 0.1334,3,0,proposed_dual_expfam
684,In the Line of Fire (1993),1,0.1,1.0,1.0,1.0,1.0,"Crimson Tide (1995) | Cape Fear (1991) | Abyss, The (1989) | Carrie (1976) | Ghost (1990) | Fifth Element, The (1997) | Star Trek: Generations (1994) | While You Were Sleeping (1995) | Con Air (1997) | Reservoir Dogs (1992)",Crimson Tide (1995),0.6354 | 0.5901 | 0.5578 | 0.5354 | 0.5208 | 0.4735 | 0.4088 | 0.3536 | 0.3195 | 0.3141,3,0,proposed_dual_expfam
692,"American President, The (1995)",5,0.4,0.8,0.8539316501572937,0.76,1.0,"While You Were Sleeping (1995) | Crimson Tide (1995) | Ghost (1990) | Highlander (1986) | Sneakers (1992) | Interview with the Vampire (1994) | Carrie (1976) | Professional, The (1994) | Star Trek: Generations (1994) | This Is Spinal Tap (1984)",While You Were Sleeping (1995) | Crimson Tide (1995) | Ghost (1990) | Sneakers (1992),0.5928 | 0.5523 | 0.5492 | 0.5046 | 0.4401 | 0.4382 | 0.4357 | 0.3563 | 0.2905 | 0.2281,3,0,proposed_dual_expfam
732,Dave (1993),5,0.4,0.8,0.7618017901203944,0.5833333333333333,1.0,"Mrs. Doubtfire (1993) | Highlander (1986) | While You Were Sleeping (1995) | Clear and Present Danger (1994) | Interview with the Vampire (1994) | Professional, The (1994) | Star Trek III: The Search for Spock (1984) | GoldenEye (1995) | Star Trek: Generations (1994) | Cape Fear (1991)",Mrs. Doubtfire (1993) | While You Were Sleeping (1995) | Clear and Present Danger (1994) | GoldenEye (1995),0.6580 | 0.6183 | 0.5736 | 0.3572 | 0.3559 | 0.3392 | 0.3041 | 0.2878 | 0.2734 | 0.2493,3,0,proposed_dual_expfam
739,Pretty Woman (1990),3,0.3,1.0,1.0,1.0,1.0,"Grease (1978) | Die Hard 2 (1990) | Highlander (1986) | Carrie (1976) | GoldenEye (1995) | Interview with the Vampire (1994) | Professional, The (1994) | Client, The (1994) | Army of Darkness (1993) | Reservoir Dogs (1992)",Grease (1978) | Die Hard 2 (1990) | Highlander (1986),0.8122 | 0.7510 | 0.7250 | 0.4777 | 0.3749 | 0.3613 | 0.3504 | 0.3390 | 0.2674 | 0.2286,3,0,proposed_dual_expfam
1016,Con Air (1997),1,0.1,1.0,1.0,1.0,1.0,"Long Kiss Goodnight, The (1996) | Star Trek VI: The Undiscovered Country (1991) | Spawn (1997) | In the Line of Fire (1993) | Star Trek: The Motion Picture (1979) | Star Trek III: The Search for Spock (1984) | Alien 3 (1992) | Highlander (1986) | Die Hard 2 (1990) | Star Trek IV: The Voyage Home (1986)","Long Kiss Goodnight, The (1996)",0.7587 | 0.6167 | 0.4013 | 0.3195 | 0.3013 | 0.2016 | 0.1864 | 0.1801 | 0.1665 | 0.1482,3,0,proposed_dual_expfam
1101,Six Degrees of Separation (1993),1,0.0,0.0,0.0,0.0,0.0,"Maltese Falcon, The (1941) | Citizen Kane (1941) | Dr. Strangelove or: How I Learned to Stop Worrying and Love the Bomb (1963) | North by Northwest (1959) | Vertigo (1958) | Big Sleep, The (1946) | Taxi Driver (1976) | Arsenic and Old Lace (1944) | Long Kiss Goodnight, The (1996) | Postino, Il (1994)",,0.4771 | 0.4599 | 0.4437 | 0.4305 | 0.3848 | 0.2691 | 0.2514 | 0.2425 | 0.2155 | 0.1614,3,0,proposed_dual_expfam
2,GoldenEye (1995),2,0.1,0.5,0.23719771276929622,0.1,1.0,"Cape Fear (1991) | Pretty Woman (1990) | Ghost (1990) | Abyss, The (1989) | American President, The (1995) | Star Trek: Generations (1994) | Star Trek: The Motion Picture (1979) | Grease (1978) | Mrs. Doubtfire (1993) | Rumble in the Bronx (1995)","American President, The (1995)",0.7312 | 0.5966 | 0.5188 | 0.4179 | 0.3690 | 0.3118 | 0.2358 | 0.2249 | 0.2073 | 0.1812,3,1,proposed_dual_expfam
13,Mighty Aphrodite (1995),1,0.0,0.0,0.0,0.0,0.0,"While You Were Sleeping (1995) | Mrs. Doubtfire (1993) | Piano, The (1993) | Birds, The (1963) | Grease (1978) | My Best Friend's Wedding (1997) | Pretty Woman (1990) | Tin Cup (1996) | Gone with the Wind (1939) | Dave (1993)",,0.1839 | 0.1815 | 0.1136 | 0.1069 | 0.0927 | 0.0665 | 0.0642 | 0.0609 | 0.0600 | 0.0520,3,1,proposed_dual_expfam
23,Taxi Driver (1976),2,0.1,0.5,0.21840743681816419,0.08333333333333333,1.0,"Birds, The (1963) | Arsenic and Old Lace (1944) | Sleepers (1996) | Maltese Falcon, The (1941) | North by Northwest (1959) | Citizen Kane (1941) | Good Will Hunting (1997) | Vertigo (1958) | Piano, The (1993) | Executive Decision (1996)",Citizen Kane (1941),0.1898 | 0.1235 | 0.1129 | 0.1030 | 0.0994 | 0.0985 | 0.0724 | 0.0711 | 0.0653 | 0.0650,3,1,proposed_dual_expfam
24,Rumble in the Bronx (1995),1,0.0,0.0,0.0,0.0,0.0,Star Trek IV: The Voyage Home (1986) | Cape Fear (1991) | Die Hard 2 (1990) | In the Line of Fire (1993) | Crimson Tide (1995) | Pretty Woman (1990) | Clear and Present Danger (1994) | GoldenEye (1995) | Star Trek VI: The Undiscovered Country (1991) | Ghost (1990),,0.4107 | 0.2980 | 0.2563 | 0.2400 | 0.2106 | 0.1937 | 0.1865 | 0.1812 | 0.1588 | 0.1428,3,1,proposed_dual_expfam
31,Crimson Tide (1995),4,0.3,0.75,0.8048099750039491,0.6875,1.0,"Pretty Woman (1990) | Sneakers (1992) | Mrs. Doubtfire (1993) | American President, The (1995) | Grease (1978) | Star Trek: Generations (1994) | Star Trek III: The Search for Spock (1984) | Star Trek: The Motion Picture (1979) | Rumble in the Bronx (1995) | Nightmare on Elm Street, A (1984)","Pretty Woman (1990) | Sneakers (1992) | American President, The (1995)",0.7955 | 0.5397 | 0.5206 | 0.4973 | 0.4726 | 0.3610 | 0.3570 | 0.2337 | 0.2106 | 0.2077,3,1,proposed_dual_expfam
62,Stargate (1994),1,0.1,1.0,1.0,1.0,1.0,"Highlander (1986) | Star Trek III: The Search for Spock (1984) | Army of Darkness (1993) | Abyss, The (1989) | Fifth Element, The (1997) | Con Air (1997) | Cape Fear (1991) | Long Kiss Goodnight, The (1996) | GoldenEye (1995) | Star Trek: The Motion Picture (1979)",Highlander (1986),0.1575 | 0.1539 | 0.1468 | 0.1174 | 0.1167 | 0.1025 | 0.0978 | 0.0770 | 0.0639 | 0.0599,3,1,proposed_dual_expfam
66,While You Were Sleeping (1995),3,0.2,0.6666666666666666,0.41618115554873086,0.24444444444444446,1.0,"Piano, The (1993) | Sneakers (1992) | Mask, The (1994) | My Best Friend's Wedding (1997) | Ghost (1990) | Gone with the Wind (1939) | In the Line of Fire (1993) | Birds, The (1963) | Tin Cup (1996) | Professional, The (1994)","Mask, The (1994) | Ghost (1990)",0.4737 | 0.4491 | 0.4153 | 0.3861 | 0.2993 | 0.2775 | 0.2665 | 0.2237 | 0.2120 | 0.1913,3,1,proposed_dual_expfam
72,"Mask, The (1994)",4,0.2,0.5,0.6366824387328317,0.5,1.0,"While You Were Sleeping (1995) | Clear and Present Danger (1994) | Die Hard 2 (1990) | Sneakers (1992) | Star Trek IV: The Voyage Home (1986) | American President, The (1995) | In the Line of Fire (1993) | Highlander (1986) | My Best Friend's Wedding (1997) | Star Trek VI: The Undiscovered Country (1991)",While You Were Sleeping (1995) | Clear and Present Danger (1994),0.4153 | 0.1816 | 0.1789 | 0.1728 | 0.1641 | 0.1595 | 0.1498 | 0.1360 | 0.1140 | 0.0897,3,1,proposed_dual_expfam
133,Gone with the Wind (1939),2,0.1,0.5,0.23719771276929622,0.1,1.0,"While You Were Sleeping (1995) | Mrs. Doubtfire (1993) | Piano, The (1993) | Grease (1978) | Birds, The (1963) | Pretty Woman (1990) | My Best Friend's Wedding (1997) | Tin Cup (1996) | Dave (1993) | Sabrina (1995)","Birds, The (1963)",0.2775 | 0.2578 | 0.1586 | 0.1326 | 0.1005 | 0.0873 | 0.0773 | 0.0757 | 0.0659 | 0.0615,3,1,proposed_dual_expfam
134,Citizen Kane (1941),2,0.1,0.5,0.21840743681816419,0.08333333333333333,1.0,"Arsenic and Old Lace (1944) | Sleepers (1996) | Long Kiss Goodnight, The (1996) | Birds, The (1963) | Executive Decision (1996) | Annie Hall (1977) | Lawrence of Arabia (1962) | Cop Land (1997) | Absolute Power (1997) | Good Will Hunting (1997)",Annie Hall (1977),0.3374 | 0.3023 | 0.3015 | 0.2993 | 0.2507 | 0.2459 | 0.2313 | 0.1359 | 0.1332 | 0.1253,3,1,proposed_dual_expfam
147,"Long Kiss Goodnight, The (1996)",2,0.1,0.5,0.3065735963827292,0.16666666666666666,1.0,"Birds, The (1963) | Cape Fear (1991) | Con Air (1997) | Fifth Element, The (1997) | Citizen Kane (1941) | African Queen, The (1951) | Big Sleep, The (1946) | Abyss, The (1989) | Cop Land (1997) | Vertigo (1958)",Con Air (1997),0.6255 | 0.3563 | 0.3175 | 0.3072 | 0.3015 | 0.2631 | 0.2024 | 0.1869 | 0.1845 | 0.1795,3,1,proposed_dual_expfam
156,Reservoir Dogs (1992),1,0.0,0.0,0.0,0.0,0.0,"Star Trek IV: The Voyage Home (1986) | Die Hard 2 (1990) | Pretty Woman (1990) | Birds, The (1963) | Mrs. Doubtfire (1993) | Clear and Present Danger (1994) | In the Line of Fire (1993) | Sneakers (1992) | GoldenEye (1995) | Grease (1978)",,0.2136 | 0.1904 | 0.1685 | 0.1579 | 0.1554 | 0.1296 | 0.1135 | 0.1114 | 0.1097 | 0.1039,3,1,proposed_dual_expfam
159,Basic Instinct (1992),1,0.0,0.0,0.0,0.0,0.0,"Long Kiss Goodnight, The (1996) | Birds, The (1963) | Big Sleep, The (1946) | Chinatown (1974) | Citizen Kane (1941) | Executive Decision (1996) | African Queen, The (1951) | Absolute Power (1997) | Vertigo (1958) | North by Northwest (1959)",,0.1493 | 0.1284 | 0.1148 | 0.1067 | 0.1011 | 0.0935 | 0.0920 | 0.0768 | 0.0741 | 0.0738,3,1,proposed_dual_expfam
164,"Abyss, The (1989)",2,0.1,0.5,0.6131471927654584,0.5,1.0,"Star Trek IV: The Voyage Home (1986) | Die Hard 2 (1990) | GoldenEye (1995) | Star Trek III: The Search for Spock (1984) | In the Line of Fire (1993) | Army of Darkness (1993) | Clear and Present Danger (1994) | Star Trek: The Motion Picture (1979) | Star Trek: Generations (1994) | Long Kiss Goodnight, The (1996)",Star Trek IV: The Voyage Home (1986),0.7574 | 0.5243 | 0.4179 | 0.4092 | 0.4029 | 0.3620 | 0.3068 | 0.2263 | 0.1881 | 0.1869,3,1,proposed_dual_expfam
184,Army of Darkness (1993),3,0.1,0.3333333333333333,0.23463936301137822,0.1111111111111111,1.0,"Abyss, The (1989) | Star Trek III: The Search for Spock (1984) | Die Hard 2 (1990) | Crimson Tide (1995) | Star Trek: The Motion Picture (1979) | Con Air (1997) | Stargate (1994) | Star Trek VI: The Undiscovered Country (1991) | Event Horizon (1997) | Absolute Power (1997)",Die Hard 2 (1990),0.3620 | 0.3461 | 0.2577 | 0.1874 | 0.1601 | 0.1598 | 0.1468 | 0.1457 | 0.1066 | 0.1040,3,1,proposed_dual_expfam
208,Young Frankenstein (1974),1,0.0,0.0,0.0,0.0,0.0,"Birds, The (1963) | While You Were Sleeping (1995) | Grease (1978) | Cape Fear (1991) | My Best Friend's Wedding (1997) | Piano, The (1993) | Pretty Woman (1990) | Dave (1993) | Carrie (1976) | Professional, The (1994)",,0.2445 | 0.1848 | 0.1092 | 0.1071 | 0.1011 | 0.1006 | 0.0936 | 0.0703 | 0.0688 | 0.0676,3,1,proposed_dual_expfam
218,Cape Fear (1991),1,0.0,0.0,0.0,0.0,0.0,"In the Line of Fire (1993) | GoldenEye (1995) | Sneakers (1992) | Mrs. Doubtfire (1993) | Star Trek III: The Search for Spock (1984) | Ghost (1990) | Star Trek: Generations (1994) | Star Trek: The Motion Picture (1979) | Grease (1978) | Long Kiss Goodnight, The (1996)",,0.7401 | 0.7312 | 0.5806 | 0.5061 | 0.5054 | 0.4245 | 0.4205 | 0.3961 | 0.3797 | 0.3563,3,1,proposed_dual_expfam
226,Die Hard 2 (1990),6,0.5,0.8333333333333334,0.7419486469368768,0.5378306878306879,1.0,"Pretty Woman (1990) | Abyss, The (1989) | Mrs. Doubtfire (1993) | Grease (1978) | Star Trek III: The Search for Spock (1984) | Star Trek: Generations (1994) | Dave (1993) | Star Trek: The Motion Picture (1979) | Army of Darkness (1993) | Rumble in the Bronx (1995)",Pretty Woman (1990) | Grease (1978) | Star Trek III: The Search for Spock (1984) | Dave (1993) | Army of Darkness (1993),0.8289 | 0.5243 | 0.5206 | 0.4870 | 0.4735 | 0.4324 | 0.3567 | 0.2984 | 0.2577 | 0.2563,3,1,proposed_dual_expfam
227,Star Trek VI: The Undiscovered Country (1991),1,0.1,1.0,0.6309297535714575,0.5,1.0,"Ghost (1990) | Sneakers (1992) | Grease (1978) | Mrs. Doubtfire (1993) | Rumble in the Bronx (1995) | Army of Darkness (1993) | While You Were Sleeping (1995) | Client, The (1994) | Nightmare on Elm Street, A (1984) | Mask, The (1994)",Sneakers (1992),0.6132 | 0.3741 | 0.2699 | 0.2243 | 0.1588 | 0.1457 | 0.1370 | 0.1190 | 0.0959 | 0.0897,3,1,proposed_dual_expfam
229,Star Trek III: The Search for Spock (1984),5,0.4,0.8,0.5548441015591575,0.35238095238095235,1.0,"Cape Fear (1991) | Die Hard 2 (1990) | Abyss, The (1989) | Crimson Tide (1995) | Army of Darkness (1993) | Ghost (1990) | Star Trek: The Motion Picture (1979) | Pretty Woman (1990) | Stargate (1994) | American President, The (1995)",Die Hard 2 (1990) | Ghost (1990) | Star Trek: The Motion Picture (1979) | Pretty Woman (1990),0.5054 | 0.4735 | 0.4092 | 0.3570 | 0.3461 | 0.2962 | 0.2278 | 0.1596 | 0.1539 | 0.1390,3,1,proposed_dual_expfam
230,Star Trek IV: The Voyage Home (1986),3,0.2,0.6666666666666666,0.7653606369886217,0.6666666666666666,1.0,"Clear and Present Danger (1994) | Abyss, The (1989) | Grease (1978) | Rumble in the Bronx (1995) | Client, The (1994) | Nightmare on Elm Street, A (1984) | Spawn (1997) | Reservoir Dogs (1992) | Tomorrow Never Dies (1997) | Mask, The (1994)","Clear and Present Danger (1994) | Abyss, The (1989)",0.8975 | 0.7574 | 0.4757 | 0.4107 | 0.2669 | 0.2617 | 0.2342 | 0.2136 | 0.1698 | 0.1641,3,1,proposed_dual_expfam
239,Sneakers (1992),5,0.3,0.6,0.4912596920895758,0.32,1.0,"Cape Fear (1991) | Crimson Tide (1995) | While You Were Sleeping (1995) | American President, The (1995) | Star Trek VI: The Undiscovered Country (1991) | Star Trek: Generations (1994) | Abyss, The (1989) | Mask, The (1994) | My Best Friend's Wedding (1997) | Nightmare on Elm Street, A (1984)","Crimson Tide (1995) | American President, The (1995) | Star Trek VI: The Undiscovered Country (1991)",0.5806 | 0.5397 | 0.4491 | 0.4104 | 0.3741 | 0.2140 | 0.1780 | 0.1728 | 0.1526 | 0.1375,3,1,proposed_dual_expfam
248,Grosse Pointe Blank (1997),1,0.0,0.0,0.0,0.0,0.0,"Birds, The (1963) | Long Kiss Goodnight, The (1996) | Absolute Power (1997) | Executive Decision (1996) | Primal Fear (1996) | Cape Fear (1991) | Citizen Kane (1941) | Good Will Hunting (1997) | Sleepers (1996) | Big Sleep, The (1946)",,0.0807 | 0.0710 | 0.0461 | 0.0451 | 0.0396 | 0.0386 | 0.0378 | 0.0320 | 0.0305 | 0.0304,3,1,proposed_dual_expfam
250,"Fifth Element, The (1997)",2,0.1,0.5,0.2640681225725909,0.125,1.0,"Long Kiss Goodnight, The (1996) | Abyss, The (1989) | Cape Fear (1991) | Highlander (1986) | Absolute Power (1997) | Stargate (1994) | Star Trek III: The Search for Spock (1984) | Alien 3 (1992) | Primal Fear (1996) | Executive Decision (1996)",Highlander (1986),0.3072 | 0.1485 | 0.1448 | 0.1327 | 0.1231 | 0.1167 | 0.1131 | 0.0981 | 0.0914 | 0.0844,3,1,proposed_dual_expfam
274,Sabrina (1995),1,0.0,0.0,0.0,0.0,0.0,"While You Were Sleeping (1995) | Mrs. Doubtfire (1993) | Piano, The (1993) | Grease (1978) | Gone with the Wind (1939) | Birds, The (1963) | Tin Cup (1996) | Chinatown (1974) | Mighty Aphrodite (1995) | Much Ado About Nothing (1993)",,0.1539 | 0.1292 | 0.1282 | 0.0644 | 0.0615 | 0.0614 | 0.0599 | 0.0494 | 0.0469 | 0.0463,3,1,proposed_dual_expfam
293,Donnie Brasco (1997),1,0.0,0.0,0.0,0.0,0.0,"Long Kiss Goodnight, The (1996) | African Queen, The (1951) | Executive Decision (1996) | Con Air (1997) | Absolute Power (1997) | Fifth Element, The (1997) | Big Sleep, The (1946) | Citizen Kane (1941) | Birds, The (1963) | Primal Fear (1996)",,0.1774 | 0.0874 | 0.0814 | 0.0792 | 0.0783 | 0.0737 | 0.0658 | 0.0657 | 0.0657 | 0.0627,3,1,proposed_dual_expfam
319,Everyone Says I Love You (1996),1,0.0,0.0,0.0,0.0,0.0,"Chinatown (1974) | Big Sleep, The (1946) | Maltese Falcon, The (1941) | Arsenic and Old Lace (1944) | North by Northwest (1959) | Sleepers (1996) | Citizen Kane (1941) | Vertigo (1958) | Birds, The (1963) | Annie Hall (1977)",,0.0440 | 0.0278 | 0.0256 | 0.0234 | 0.0224 | 0.0217 | 0.0204 | 0.0188 | 0.0186 | 0.0177,3,1,proposed_dual_expfam
356,"Client, The (1994)",3,0.2,0.6666666666666666,0.3295827480202853,0.15,1.0,Pretty Woman (1990) | Star Trek IV: The Voyage Home (1986) | Highlander (1986) | Cape Fear (1991) | Mrs. Doubtfire (1993) | Grease (1978) | While You Were Sleeping (1995) | Ghost (1990) | Sneakers (1992) | GoldenEye (1995),Mrs. Doubtfire (1993) | Ghost (1990),0.2689 | 0.2669 | 0.2286 | 0.2077 | 0.1846 | 0.1527 | 0.1382 | 0.1365 | 0.1337 | 0.1225,3,1,proposed_dual_expfam
380,Star Trek: Generations (1994),1,0.1,1.0,0.38685280723454163,0.2,1.0,"In the Line of Fire (1993) | Die Hard 2 (1990) | Cape Fear (1991) | Crimson Tide (1995) | Clear and Present Danger (1994) | GoldenEye (1995) | American President, The (1995) | Sneakers (1992) | Abyss, The (1989) | Grease (1978)",Clear and Present Danger (1994),0.4623 | 0.4324 | 0.4205 | 0.3610 | 0.3475 | 0.3118 | 0.2241 | 0.2140 | 0.1881 | 0.1545,3,1,proposed_dual_expfam
393,Mrs. Doubtfire (1993),3,0.2,0.6666666666666666,0.38268031849431083,0.19444444444444442,1.0,"Crimson Tide (1995) | Die Hard 2 (1990) | American President, The (1995) | Cape Fear (1991) | My Best Friend's Wedding (1997) | Piano, The (1993) | In the Line of Fire (1993) | Ghost (1990) | Birds, The (1963) | Highlander (1986)","American President, The (1995) | Ghost (1990)",0.5206 | 0.5206 | 0.5097 | 0.5061 | 0.4684 | 0.4236 | 0.4063 | 0.3820 | 0.3732 | 0.3415,3,1,proposed_dual_expfam
402,Ghost (1990),4,0.4,1.0,0.5051791985607764,0.3068452380952381,1.0,"In the Line of Fire (1993) | Highlander (1986) | Star Trek VI: The Undiscovered Country (1991) | GoldenEye (1995) | Cape Fear (1991) | Mrs. Doubtfire (1993) | While You Were Sleeping (1995) | Star Trek III: The Search for Spock (1984) | Rumble in the Bronx (1995) | Client, The (1994)","Mrs. Doubtfire (1993) | While You Were Sleeping (1995) | Star Trek III: The Search for Spock (1984) | Client, The (1994)",0.8238 | 0.7373 | 0.6132 | 0.5188 | 0.4245 | 0.3820 | 0.2993 | 0.2962 | 0.1428 | 0.1365,3,1,proposed_dual_expfam
419,Mary Poppins (1964),3,0.2,0.6666666666666666,0.36926780146674987,0.19444444444444442,1.0,"Pretty Woman (1990) | Piano, The (1993) | Dave (1993) | Mask, The (1994) | My Best Friend's Wedding (1997) | American President, The (1995) | Tin Cup (1996) | Mighty Aphrodite (1995) | Sabrina (1995) | Clear and Present Danger (1994)","Mask, The (1994) | American President, The (1995)",0.1408 | 0.1007 | 0.0770 | 0.0629 | 0.0602 | 0.0536 | 0.0499 | 0.0442 | 0.0441 | 0.0431,3,1,proposed_dual_expfam
431,Highlander (1986),4,0.2,0.5,0.5032251913410369,0.3,1.0,"Pretty Woman (1990) | Ghost (1990) | American President, The (1995) | Star Trek: The Motion Picture (1979) | Mrs. Doubtfire (1993) | Dave (1993) | Nightmare on Elm Street, A (1984) | Client, The (1994) | Spawn (1997) | Stargate (1994)",Pretty Woman (1990) | Stargate (1994),0.8090 | 0.7373 | 0.5581 | 0.5120 | 0.3415 | 0.3064 | 0.3009 | 0.2286 | 0.2144 | 0.1575,3,1,proposed_dual_expfam
443,"Birds, The (1963)",4,0.0,0.0,0.0,0.0,0.0,"Long Kiss Goodnight, The (1996) | Absolute Power (1997) | Good Will Hunting (1997) | Executive Decision (1996) | Primal Fear (1996) | Mrs. Doubtfire (1993) | Sleepers (1996) | My Best Friend's Wedding (1997) | Arsenic and Old Lace (1944) | Citizen Kane (1941)",,0.6255 | 0.4689 | 0.4235 | 0.4183 | 0.3852 | 0.3732 | 0.3378 | 0.3362 | 0.3231 | 0.2993,3,1,proposed_dual_expfam
447,Carrie (1976),1,0.1,1.0,0.3010299956639812,0.1111111111111111,1.0,"Highlander (1986) | While You Were Sleeping (1995) | My Best Friend's Wedding (1997) | Die Hard 2 (1990) | Long Kiss Goodnight, The (1996) | Crimson Tide (1995) | Pretty Woman (1990) | Absolute Power (1997) | Star Trek IV: The Voyage Home (1986) | Good Will Hunting (1997)",Star Trek IV: The Voyage Home (1986),0.1188 | 0.1154 | 0.1074 | 0.1064 | 0.1062 | 0.0995 | 0.0995 | 0.0899 | 0.0790 | 0.0763,3,1,proposed_dual_expfam
449,Star Trek: The Motion Picture (1979),1,0.1,1.0,0.3333333333333333,0.14285714285714285,1.0,"Highlander (1986) | Cape Fear (1991) | Die Hard 2 (1990) | In the Line of Fire (1993) | GoldenEye (1995) | Crimson Tide (1995) | Star Trek III: The Search for Spock (1984) | Abyss, The (1989) | Clear and Present Danger (1994) | Army of Darkness (1993)",Star Trek III: The Search for Spock (1984),0.5120 | 0.3961 | 0.2984 | 0.2685 | 0.2358 | 0.2337 | 0.2278 | 0.2263 | 0.1876 | 0.1601,3,1,proposed_dual_expfam
451,Grease (1978),1,0.1,1.0,1.0,1.0,1.0,"Die Hard 2 (1990) | In the Line of Fire (1993) | Star Trek IV: The Voyage Home (1986) | Crimson Tide (1995) | Cape Fear (1991) | My Best Friend's Wedding (1997) | Star Trek VI: The Undiscovered Country (1991) | GoldenEye (1995) | Piano, The (1993) | Star Trek: Generations (1994)",Die Hard 2 (1990),0.4870 | 0.4790 | 0.4757 | 0.4726 | 0.3797 | 0.2708 | 0.2699 | 0.2249 | 0.1895 | 0.1545,3,1,proposed_dual_expfam
474,Dr. Strangelove or: How I Learned to Stop Worrying and Love the Bomb (1963),1,0.1,1.0,1.0,1.0,1.0,"Chinatown (1974) | Vertigo (1958) | Arsenic and Old Lace (1944) | Sleepers (1996) | Long Kiss Goodnight, The (1996) | Executive Decision (1996) | Cop Land (1997) | Birds, The (1963) | Alien: Resurrection (1997) | Basic Instinct (1992)",Chinatown (1974),0.6734 | 0.2252 | 0.1697 | 0.1469 | 0.1375 | 0.1211 | 0.0882 | 0.0753 | 0.0736 | 0.0592,3,1,proposed_dual_expfam
479,Vertigo (1958),1,0.1,1.0,1.0,1.0,1.0,"Big Sleep, The (1946) | Arsenic and Old Lace (1944) | Dr. Strangelove or: How I Learned to Stop Worrying and Love the Bomb (1963) | Sleepers (1996) | Lawrence of Arabia (1962) | Annie Hall (1977) | Long Kiss Goodnight, The (1996) | Executive Decision (1996) | Birds, The (1963) | Cop Land (1997)","Big Sleep, The (1946)",0.6221 | 0.2575 | 0.2252 | 0.2240 | 0.2062 | 0.2026 | 0.1795 | 0.1645 | 0.1493 | 0.1040,3,1,proposed_dual_expfam
480,North by Northwest (1959),1,0.1,1.0,1.0,1.0,1.0,"African Queen, The (1951) | Sleepers (1996) | Annie Hall (1977) | Lawrence of Arabia (1962) | Birds, The (1963) | Executive Decision (1996) | Long Kiss Goodnight, The (1996) | Good Will Hunting (1997) | Alien: Resurrection (1997) | Taxi Driver (1976)","African Queen, The (1951)",0.3888 | 0.3127 | 0.2449 | 0.1986 | 0.1952 | 0.1601 | 0.1376 | 0.1020 | 0.0994 | 0.0994,3,1,proposed_dual_expfam
484,"Maltese Falcon, The (1941)",2,0.2,1.0,0.6934264036172708,0.5833333333333333,1.0,"Sleepers (1996) | African Queen, The (1951) | Annie Hall (1977) | Birds, The (1963) | Bound (1996) | Taxi Driver (1976) | Piano, The (1993) | Alien: Resurrection (1997) | Good Will Hunting (1997) | Executive Decision (1996)","African Queen, The (1951) | Annie Hall (1977)",0.3270 | 0.2856 | 0.2334 | 0.1092 | 0.1090 | 0.1030 | 0.0901 | 0.0855 | 0.0793 | 0.0786,3,1,proposed_dual_expfam
498,"African Queen, The (1951)",3,0.2,0.6666666666666666,0.7653606369886217,0.6666666666666666,1.0,"North by Northwest (1959) | Maltese Falcon, The (1941) | Annie Hall (1977) | Long Kiss Goodnight, The (1996) | Executive Decision (1996) | Sleepers (1996) | Cop Land (1997) | Alien: Resurrection (1997) | Basic Instinct (1992) | Donnie Brasco (1997)","North by Northwest (1959) | Maltese Falcon, The (1941)",0.3888 | 0.2856 | 0.2675 | 0.2631 | 0.2025 | 0.1933 | 0.1644 | 0.1206 | 0.0920 | 0.0874,3,1,proposed_dual_expfam
514,Annie Hall (1977),3,0.2,0.6666666666666666,0.49818925746641285,0.3333333333333333,1.0,"African Queen, The (1951) | Citizen Kane (1941) | North by Northwest (1959) | Maltese Falcon, The (1941) | Arsenic and Old Lace (1944) | Vertigo (1958) | Sleepers (1996) | Lawrence of Arabia (1962) | Birds, The (1963) | Executive Decision (1996)","Citizen Kane (1941) | Maltese Falcon, The (1941)",0.2675 | 0.2459 | 0.2449 | 0.2334 | 0.2044 | 0.2026 | 0.1760 | 0.1378 | 0.1123 | 0.1095,3,1,proposed_dual_expfam
525,"Big Sleep, The (1946)",2,0.2,1.0,0.8175295903539445,0.6428571428571428,1.0,"Vertigo (1958) | Sleepers (1996) | Executive Decision (1996) | Long Kiss Goodnight, The (1996) | Alien: Resurrection (1997) | Cop Land (1997) | Birds, The (1963) | Basic Instinct (1992) | Bound (1996) | Kiss the Girls (1997)","Vertigo (1958) | Birds, The (1963)",0.6221 | 0.4729 | 0.2471 | 0.2024 | 0.1950 | 0.1907 | 0.1333 | 0.1148 | 0.1124 | 0.1075,3,1,proposed_dual_expfam
527,Gandhi (1982),1,0.0,0.0,0.0,0.0,0.0,"Long Kiss Goodnight, The (1996) | Birds, The (1963) | Cape Fear (1991) | Absolute Power (1997) | Primal Fear (1996) | Executive Decision (1996) | Highlander (1986) | Abyss, The (1989) | Army of Darkness (1993) | Fifth Element, The (1997)",,0.1458 | 0.1333 | 0.1147 | 0.0848 | 0.0685 | 0.0671 | 0.0623 | 0.0589 | 0.0510 | 0.0506,3,1,proposed_dual_expfam
559,Interview with the Vampire (1994),3,0.2,0.6666666666666666,0.35853358850813305,0.17857142857142858,1.0,Pretty Woman (1990) | Mrs. Doubtfire (1993) | While You Were Sleeping (1995) | Cape Fear (1991) | Star Trek IV: The Voyage Home (1986) | Die Hard 2 (1990) | Highlander (1986) | Crimson Tide (1995) | Clear and Present Danger (1994) | In the Line of Fire (1993),Cape Fear (1991) | Highlander (1986),0.1810 | 0.1720 | 0.1372 | 0.1356 | 0.1267 | 0.1190 | 0.1174 | 0.1098 | 0.1044 | 0.0949,3,1,proposed_dual_expfam
566,Clear and Present Danger (1994),4,0.4,1.0,0.9619991470595832,0.8928571428571428,1.0,"Star Trek IV: The Voyage Home (1986) | Dave (1993) | Star Trek: Generations (1994) | Abyss, The (1989) | Star Trek: The Motion Picture (1979) | Rumble in the Bronx (1995) | Mask, The (1994) | Nightmare on Elm Street, A (1984) | My Best Friend's Wedding (1997) | Reservoir Dogs (1992)","Star Trek IV: The Voyage Home (1986) | Dave (1993) | Star Trek: Generations (1994) | Mask, The (1994)",0.8975 | 0.3487 | 0.3475 | 0.3068 | 0.1876 | 0.1865 | 0.1816 | 0.1591 | 0.1338 | 0.1296,3,1,proposed_dual_expfam
591,Primal Fear (1996),2,0.1,0.5,0.2640681225725909,0.125,1.0,"Birds, The (1963) | Cape Fear (1991) | Absolute Power (1997) | Executive Decision (1996) | Citizen Kane (1941) | Good Will Hunting (1997) | Fifth Element, The (1997) | Con Air (1997) | Abyss, The (1989) | Highlander (1986)",Executive Decision (1996),0.3852 | 0.2140 | 0.2104 | 0.1802 | 0.1104 | 0.0928 | 0.0914 | 0.0909 | 0.0906 | 0.0800,3,1,proposed_dual_expfam
628,Sleepers (1996),1,0.0,0.0,0.0,0.0,0.0,"Chinatown (1974) | Big Sleep, The (1946) | Birds, The (1963) | Arsenic and Old Lace (1944) | Maltese Falcon, The (1941) | North by Northwest (1959) | Citizen Kane (1941) | Vertigo (1958) | African Queen, The (1951) | Annie Hall (1977)",,0.7271 | 0.4729 | 0.3378 | 0.3374 | 0.3270 | 0.3127 | 0.3023 | 0.2240 | 0.1933 | 0.1760,3,1,proposed_dual_expfam
651,Glory (1989),1,0.0,0.0,0.0,0.0,0.0,Mrs. Doubtfire (1993) | Pretty Woman (1990) | Cape Fear (1991) | While You Were Sleeping (1995) | Star Trek IV: The Voyage Home (1986) | Die Hard 2 (1990) | Highlander (1986) | Crimson Tide (1995) | Clear and Present Danger (1994) | Sneakers (1992),,0.1795 | 0.1786 | 0.1471 | 0.1413 | 0.1241 | 0.1206 | 0.1195 | 0.1115 | 0.1032 | 0.0935,3,1,proposed_dual_expfam
654,Chinatown (1974),2,0.2,1.0,0.5802792108518124,0.375,1.0,"Sleepers (1996) | Dr. Strangelove or: How I Learned to Stop Worrying and Love the Bomb (1963) | Bound (1996) | Alien: Resurrection (1997) | Executive Decision (1996) | Cop Land (1997) | Good Will Hunting (1997) | Birds, The (1963) | Basic Instinct (1992) | Kiss the Girls (1997)","Dr. Strangelove or: How I Learned to Stop Worrying and Love the Bomb (1963) | Birds, The (1963)",0.7271 | 0.6734 | 0.2788 | 0.2716 | 0.2001 | 0.1725 | 0.1342 | 0.1328 | 0.1067 | 0.1043,3,1,proposed_dual_expfam
659,Arsenic and Old Lace (1944),1,0.0,0.0,0.0,0.0,0.0,"Citizen Kane (1941) | Sleepers (1996) | Birds, The (1963) | Vertigo (1958) | Annie Hall (1977) | Dr. Strangelove or: How I Learned to Stop Worrying and Love the Bomb (1963) | Executive Decision (1996) | Good Will Hunting (1997) | Taxi Driver (1976) | Lawrence of Arabia (1962)",,0.3374 | 0.3374 | 0.3231 | 0.2575 | 0.2044 | 0.1697 | 0.1486 | 0.1383 | 0.1235 | 0.1180,3,1,proposed_dual_expfam
685,Executive Decision (1996),1,0.1,1.0,0.3333333333333333,0.14285714285714285,1.0,"Birds, The (1963) | Citizen Kane (1941) | Big Sleep, The (1946) | Absolute Power (1997) | African Queen, The (1951) | Chinatown (1974) | Primal Fear (1996) | Vertigo (1958) | North by Northwest (1959) | Arsenic and Old Lace (1944)",Primal Fear (1996),0.4183 | 0.2507 | 0.2471 | 0.2295 | 0.2025 | 0.2001 | 0.1802 | 0.1645 | 0.1601 | 0.1486,3,1,proposed_dual_expfam
692,"American President, The (1995)",6,0.4,0.6666666666666666,0.5896084319766756,0.4527777777777778,1.0,"Highlander (1986) | Mrs. Doubtfire (1993) | Crimson Tide (1995) | Sneakers (1992) | GoldenEye (1995) | Cape Fear (1991) | Star Trek: Generations (1994) | Mask, The (1994) | Star Trek III: The Search for Spock (1984) | Rumble in the Bronx (1995)",Mrs. Doubtfire (1993) | Crimson Tide (1995) | Sneakers (1992) | GoldenEye (1995),0.5581 | 0.5097 | 0.4973 | 0.4104 | 0.3690 | 0.3271 | 0.2241 | 0.1595 | 0.1390 | 0.1048,3,1,proposed_dual_expfam
732,Dave (1993),6,0.4,0.6666666666666666,0.732296200528563,0.5666666666666667,1.0,"Pretty Woman (1990) | Die Hard 2 (1990) | Clear and Present Danger (1994) | Cape Fear (1991) | Highlander (1986) | My Best Friend's Wedding (1997) | Star Trek: Generations (1994) | Birds, The (1963) | Nightmare on Elm Street, A (1984) | Client, The (1994)","Pretty Woman (1990) | Die Hard 2 (1990) | Clear and Present Danger (1994) | Client, The (1994)",0.6440 | 0.3567 | 0.3487 | 0.3316 | 0.3064 | 0.1615 | 0.1133 | 0.1068 | 0.0997 | 0.0987,3,1,proposed_dual_expfam
739,Pretty Woman (1990),5,0.4,0.8,0.8687949224876582,0.8,1.0,"Die Hard 2 (1990) | Highlander (1986) | Crimson Tide (1995) | Dave (1993) | GoldenEye (1995) | My Best Friend's Wedding (1997) | Client, The (1994) | Nightmare on Elm Street, A (1984) | Rumble in the Bronx (1995) | Interview with the Vampire (1994)",Die Hard 2 (1990) | Highlander (1986) | Crimson Tide (1995) | Dave (1993),0.8289 | 0.8090 | 0.7955 | 0.6440 | 0.5966 | 0.2952 | 0.2689 | 0.2111 | 0.1937 | 0.1810,3,1,proposed_dual_expfam
1016,Con Air (1997),1,0.1,1.0,1.0,1.0,1.0,"Long Kiss Goodnight, The (1996) | Army of Darkness (1993) | Abyss, The (1989) | Stargate (1994) | Alien 3 (1992) | Cape Fear (1991) | Executive Decision (1996) | Primal Fear (1996) | African Queen, The (1951) | Donnie Brasco (1997)","Long Kiss Goodnight, The (1996)",0.3175 | 0.1598 | 0.1094 | 0.1025 | 0.1009 | 0.0967 | 0.0948 | 0.0909 | 0.0806 | 0.0792,3,1,proposed_dual_expfam
1101,Six Degrees of Separation (1993),1,0.0,0.0,0.0,0.0,0.0,"Big Sleep, The (1946) | Lawrence of Arabia (1962) | Long Kiss Goodnight, The (1996) | Citizen Kane (1941) | Vertigo (1958) | Dr. Strangelove or: How I Learned to Stop Worrying and Love the Bomb (1963) | North by Northwest (1959) | Executive Decision (1996) | Cop Land (1997) | Con Air (1997)",,0.0997 | 0.0586 | 0.0580 | 0.0556 | 0.0507 | 0.0503 | 0.0441 | 0.0401 | 0.0349 | 0.0343,3,1,proposed_dual_expfam
2,GoldenEye (1995),5,0.2,0.4,0.48522855511632257,0.3,1.0,"Star Trek III: The Search for Spock (1984) | Star Trek: Generations (1994) | Long Kiss Goodnight, The (1996) | Army of Darkness (1993) | Abyss, The (1989) | Cape Fear (1991) | Ghost (1990) | Rumble in the Bronx (1995) | Grease (1978) | Sleepers (1996)",Star Trek III: The Search for Spock (1984) | Army of Darkness (1993),0.4491 | 0.3139 | 0.2712 | 0.2547 | 0.2501 | 0.2414 | 0.2326 | 0.2292 | 0.1961 | 0.1939,3,2,proposed_dual_expfam
13,Mighty Aphrodite (1995),1,0.0,0.0,0.0,0.0,0.0,"Con Air (1997) | Alien: Resurrection (1997) | G.I. Jane (1997) | Alien 3 (1992) | Boogie Nights (1997) | Fifth Element, The (1997) | Spawn (1997) | Die Hard 2 (1990) | Highlander (1986) | Lost World: Jurassic Park, The (1997)",,0.1122 | 0.0409 | 0.0404 | 0.0383 | 0.0381 | 0.0360 | 0.0354 | 0.0345 | 0.0324 | 0.0297,3,2,proposed_dual_expfam
24,Rumble in the Bronx (1995),2,0.0,0.0,0.0,0.0,0.0,"Clear and Present Danger (1994) | Star Trek: Generations (1994) | Die Hard 2 (1990) | Star Trek III: The Search for Spock (1984) | GoldenEye (1995) | Long Kiss Goodnight, The (1996) | Star Trek IV: The Voyage Home (1986) | Alien 3 (1992) | Abyss, The (1989) | Star Trek VI: The Undiscovered Country (1991)",,0.2872 | 0.2445 | 0.2429 | 0.2407 | 0.2292 | 0.1867 | 0.1602 | 0.1388 | 0.1335 | 0.1332,3,2,proposed_dual_expfam
31,Crimson Tide (1995),6,0.6,1.0,0.9238417859169578,0.7958333333333333,1.0,"Dave (1993) | Ghost (1990) | Grease (1978) | Cape Fear (1991) | Highlander (1986) | Star Trek III: The Search for Spock (1984) | Mrs. Doubtfire (1993) | Star Trek VI: The Undiscovered Country (1991) | Glory (1989) | Abyss, The (1989)","Dave (1993) | Ghost (1990) | Cape Fear (1991) | Highlander (1986) | Star Trek VI: The Undiscovered Country (1991) | Abyss, The (1989)",0.6692 | 0.5106 | 0.4676 | 0.4341 | 0.3966 | 0.3580 | 0.3297 | 0.3124 | 0.2106 | 0.2038,3,2,proposed_dual_expfam
55,"Professional, The (1994)",1,0.0,0.0,0.0,0.0,0.0,"Clear and Present Danger (1994) | Sneakers (1992) | Star Trek IV: The Voyage Home (1986) | Dave (1993) | Highlander (1986) | Cape Fear (1991) | Ghost (1990) | Pretty Woman (1990) | Client, The (1994) | American President, The (1995)",,0.2956 | 0.2418 | 0.2255 | 0.2106 | 0.1716 | 0.1684 | 0.1631 | 0.1549 | 0.1481 | 0.1240,3,2,proposed_dual_expfam
66,While You Were Sleeping (1995),4,0.3,0.75,0.5654495432396527,0.4,1.0,"Sneakers (1992) | Mrs. Doubtfire (1993) | Client, The (1994) | Mary Poppins (1964) | Pretty Woman (1990) | Star Trek VI: The Undiscovered Country (1991) | Star Trek III: The Search for Spock (1984) | Young Frankenstein (1974) | In the Line of Fire (1993) | Glory (1989)",Mrs. Doubtfire (1993) | Mary Poppins (1964) | Pretty Woman (1990),0.5751 | 0.4915 | 0.4279 | 0.2720 | 0.2689 | 0.1288 | 0.1184 | 0.1180 | 0.1164 | 0.1111,3,2,proposed_dual_expfam
72,"Mask, The (1994)",1,0.1,1.0,0.38685280723454163,0.2,1.0,"Sneakers (1992) | Star Trek IV: The Voyage Home (1986) | American President, The (1995) | Client, The (1994) | Mary Poppins (1964) | Star Trek III: The Search for Spock (1984) | Star Trek VI: The Undiscovered Country (1991) | In the Line of Fire (1993) | Glory (1989) | Reservoir Dogs (1992)",Mary Poppins (1964),0.5768 | 0.4807 | 0.4504 | 0.3958 | 0.1920 | 0.1645 | 0.1628 | 0.1288 | 0.1281 | 0.1004,3,2,proposed_dual_expfam
109,Mystery Science Theater 3000: The Movie (1996),1,0.0,0.0,0.0,0.0,0.0,"Clear and Present Danger (1994) | Sneakers (1992) | Star Trek IV: The Voyage Home (1986) | Dave (1993) | Highlander (1986) | Cape Fear (1991) | Pretty Woman (1990) | Ghost (1990) | Crimson Tide (1995) | Client, The (1994)",,0.0248 | 0.0224 | 0.0217 | 0.0209 | 0.0207 | 0.0203 | 0.0195 | 0.0192 | 0.0191 | 0.0190,3,2,proposed_dual_expfam
133,Gone with the Wind (1939),2,0.0,0.0,0.0,0.0,0.0,"Much Ado About Nothing (1993) | Dave (1993) | Mrs. Doubtfire (1993) | Annie Hall (1977) | Chinatown (1974) | Big Sleep, The (1946) | Everyone Says I Love You (1996) | American President, The (1995) | This Is Spinal Tap (1984) | While You Were Sleeping (1995)",,0.1684 | 0.1675 | 0.1417 | 0.1408 | 0.1041 | 0.0894 | 0.0874 | 0.0782 | 0.0735 | 0.0584,3,2,proposed_dual_expfam
134,Citizen Kane (1941),1,0.1,1.0,0.31546487678572877,0.125,1.0,"Lawrence of Arabia (1962) | Six Degrees of Separation (1993) | Boogie Nights (1997) | Arsenic and Old Lace (1944) | Lost Highway (1997) | This Is Spinal Tap (1984) | Alien: Resurrection (1997) | Annie Hall (1977) | Everyone Says I Love You (1996) | Devil's Advocate, The (1997)",Annie Hall (1977),0.5289 | 0.2796 | 0.1883 | 0.1770 | 0.1754 | 0.1506 | 0.1307 | 0.1226 | 0.1203 | 0.1004,3,2,proposed_dual_expfam
147,"Long Kiss Goodnight, The (1996)",2,0.1,0.5,0.3065735963827292,0.16666666666666666,1.0,Highlander (1986) | Clear and Present Danger (1994) | Con Air (1997) | GoldenEye (1995) | Star Trek III: The Search for Spock (1984) | Star Trek: Generations (1994) | Star Trek IV: The Voyage Home (1986) | Rumble in the Bronx (1995) | Cape Fear (1991) | Star Trek VI: The Undiscovered Country (1991),Con Air (1997),0.4864 | 0.3941 | 0.2836 | 0.2712 | 0.2519 | 0.2490 | 0.2148 | 0.1867 | 0.1614 | 0.1603,3,2,proposed_dual_expfam
156,Reservoir Dogs (1992),1,0.1,1.0,0.43067655807339306,0.25,1.0,Clear and Present Danger (1994) | Star Trek IV: The Voyage Home (1986) | Sneakers (1992) | Highlander (1986) | Star Trek III: The Search for Spock (1984) | Grease (1978) | Ghost (1990) | Dave (1993) | Star Trek VI: The Undiscovered Country (1991) | GoldenEye (1995),Highlander (1986),0.4539 | 0.3632 | 0.3069 | 0.2757 | 0.2707 | 0.2384 | 0.2178 | 0.2016 | 0.1903 | 0.1884,3,2,proposed_dual_expfam
164,"Abyss, The (1989)",4,0.2,0.5,0.3764290720714305,0.19642857142857142,1.0,Clear and Present Danger (1994) | Highlander (1986) | Star Trek III: The Search for Spock (1984) | Sneakers (1992) | GoldenEye (1995) | Grease (1978) | Crimson Tide (1995) | Die Hard 2 (1990) | Star Trek: Generations (1994) | Dave (1993),Highlander (1986) | Crimson Tide (1995),0.5131 | 0.3694 | 0.3399 | 0.3037 | 0.2501 | 0.2319 | 0.2038 | 0.2033 | 0.1817 | 0.1581,3,2,proposed_dual_expfam
184,Army of Darkness (1993),4,0.1,0.25,0.16812753627111746,0.0625,1.0,"Con Air (1997) | Star Trek: Generations (1994) | Star Trek III: The Search for Spock (1984) | GoldenEye (1995) | Alien 3 (1992) | Abyss, The (1989) | Stargate (1994) | Star Trek VI: The Undiscovered Country (1991) | Spawn (1997) | Sleepers (1996)",GoldenEye (1995),0.2941 | 0.2853 | 0.2707 | 0.2547 | 0.1597 | 0.1465 | 0.1432 | 0.1428 | 0.1213 | 0.1051,3,2,proposed_dual_expfam
208,Young Frankenstein (1974),1,0.0,0.0,0.0,0.0,0.0,"Clear and Present Danger (1994) | Star Trek IV: The Voyage Home (1986) | Sneakers (1992) | Dave (1993) | Grease (1978) | Ghost (1990) | Crimson Tide (1995) | American President, The (1995) | Highlander (1986) | Pretty Woman (1990)",,0.3642 | 0.3255 | 0.3173 | 0.2971 | 0.2711 | 0.2227 | 0.1751 | 0.1629 | 0.1541 | 0.1486,3,2,proposed_dual_expfam
217,Bram Stoker's Dracula (1992),1,0.0,0.0,0.0,0.0,0.0,"Con Air (1997) | Boogie Nights (1997) | Maltese Falcon, The (1941) | Citizen Kane (1941) | Alien: Resurrection (1997) | Birds, The (1963) | Executive Decision (1996) | Big Sleep, The (1946) | African Queen, The (1951) | Dr. Strangelove or: How I Learned to Stop Worrying and Love the Bomb (1963)",,0.0670 | 0.0423 | 0.0360 | 0.0359 | 0.0342 | 0.0337 | 0.0322 | 0.0317 | 0.0310 | 0.0297,3,2,proposed_dual_expfam
218,Cape Fear (1991),3,0.1,0.3333333333333333,0.18154179253735267,0.06666666666666667,1.0,"Sneakers (1992) | Dave (1993) | Client, The (1994) | Ghost (1990) | Crimson Tide (1995) | American President, The (1995) | Mrs. Doubtfire (1993) | Grease (1978) | Star Trek III: The Search for Spock (1984) | Sleepers (1996)",Crimson Tide (1995),0.6432 | 0.6171 | 0.4686 | 0.4637 | 0.4341 | 0.3808 | 0.3263 | 0.2964 | 0.2877 | 0.2700,3,2,proposed_dual_expfam
219,"Nightmare on Elm Street, A (1984)",3,0.0,0.0,0.0,0.0,0.0,"Big Sleep, The (1946) | Con Air (1997) | Maltese Falcon, The (1941) | Citizen Kane (1941) | African Queen, The (1951) | Boogie Nights (1997) | Alien: Resurrection (1997) | Dr. Strangelove or: How I Learned to Stop Worrying and Love the Bomb (1963) | Vertigo (1958) | Lawrence of Arabia (1962)",,0.0796 | 0.0784 | 0.0769 | 0.0678 | 0.0638 | 0.0609 | 0.0550 | 0.0535 | 0.0506 | 0.0483,3,2,proposed_dual_expfam
226,Die Hard 2 (1990),8,0.3,0.375,0.3528398039985379,0.17857142857142858,1.0,"Con Air (1997) | Star Trek III: The Search for Spock (1984) | Star Trek: Generations (1994) | Star Trek IV: The Voyage Home (1986) | Sleepers (1996) | Rumble in the Bronx (1995) | Star Trek VI: The Undiscovered Country (1991) | Alien 3 (1992) | Abyss, The (1989) | Fifth Element, The (1997)",Star Trek III: The Search for Spock (1984) | Star Trek IV: The Voyage Home (1986) | Star Trek VI: The Undiscovered Country (1991),0.3745 | 0.3284 | 0.3189 | 0.3091 | 0.3060 | 0.2429 | 0.2202 | 0.2126 | 0.2033 | 0.1994,3,2,proposed_dual_expfam
227,Star Trek VI: The Undiscovered Country (1991),5,0.4,0.8,0.5676648326913505,0.41999999999999993,1.0,"Grease (1978) | Ghost (1990) | Dave (1993) | Crimson Tide (1995) | Pretty Woman (1990) | Die Hard 2 (1990) | Client, The (1994) | Reservoir Dogs (1992) | Glory (1989) | Mask, The (1994)",Dave (1993) | Crimson Tide (1995) | Pretty Woman (1990) | Die Hard 2 (1990),0.3944 | 0.3578 | 0.3469 | 0.3124 | 0.2373 | 0.2202 | 0.1904 | 0.1903 | 0.1771 | 0.1628,3,2,proposed_dual_expfam
229,Star Trek III: The Search for Spock (1984),3,0.3,1.0,0.6978817289434457,0.5555555555555555,1.0,"Grease (1978) | GoldenEye (1995) | Ghost (1990) | Crimson Tide (1995) | Abyss, The (1989) | Die Hard 2 (1990) | Cape Fear (1991) | Dave (1993) | Reservoir Dogs (1992) | Army of Darkness (1993)",GoldenEye (1995) | Ghost (1990) | Die Hard 2 (1990),0.4963 | 0.4491 | 0.4001 | 0.3580 | 0.3399 | 0.3284 | 0.2877 | 0.2867 | 0.2707 | 0.2707,3,2,proposed_dual_expfam
230,Star Trek IV: The Voyage Home (1986),4,0.2,0.5,0.369453583111095,0.1875,1.0,"Grease (1978) | Highlander (1986) | Client, The (1994) | Mask, The (1994) | Glory (1989) | Reservoir Dogs (1992) | Young Frankenstein (1974) | Die Hard 2 (1990) | Sleepers (1996) | Professional, The (1994)",Highlander (1986) | Die Hard 2 (1990),0.7988 | 0.6059 | 0.5753 | 0.4807 | 0.3756 | 0.3632 | 0.3255 | 0.3091 | 0.2262 | 0.2255,3,2,proposed_dual_expfam
248,Grosse Pointe Blank (1997),1,0.0,0.0,0.0,0.0,0.0,"Big Sleep, The (1946) | Arsenic and Old Lace (1944) | North by Northwest (1959) | Citizen Kane (1941) | African Queen, The (1951) | Maltese Falcon, The (1941) | Executive Decision (1996) | Dr. Strangelove or: How I Learned to Stop Worrying and Love the Bomb (1963) | Vertigo (1958) | Taxi Driver (1976)",,0.0356 | 0.0326 | 0.0283 | 0.0270 | 0.0252 | 0.0235 | 0.0235 | 0.0235 | 0.0230 | 0.0229,3,2,proposed_dual_expfam
250,"Fifth Element, The (1997)",2,0.2,1.0,0.7977228895450266,0.6111111111111112,1.0,"Con Air (1997) | Die Hard 2 (1990) | Long Kiss Goodnight, The (1996) | Sleepers (1996) | Alien 3 (1992) | Star Trek: Generations (1994) | GoldenEye (1995) | Clear and Present Danger (1994) | Army of Darkness (1993) | Spawn (1997)",Con Air (1997) | Army of Darkness (1993),0.3216 | 0.1994 | 0.1370 | 0.1302 | 0.1210 | 0.1153 | 0.1060 | 0.1050 | 0.1001 | 0.0975,3,2,proposed_dual_expfam
298,Face/Off (1997),1,0.0,0.0,0.0,0.0,0.0,"Highlander (1986) | Die Hard 2 (1990) | Clear and Present Danger (1994) | Sleepers (1996) | Long Kiss Goodnight, The (1996) | GoldenEye (1995) | Cape Fear (1991) | Star Trek: Generations (1994) | Fifth Element, The (1997) | Alien 3 (1992)",,0.1616 | 0.1248 | 0.1108 | 0.0947 | 0.0870 | 0.0795 | 0.0722 | 0.0699 | 0.0695 | 0.0630,3,2,proposed_dual_expfam
307,"Devil's Advocate, The (1997)",1,0.0,0.0,0.0,0.0,0.0,"Big Sleep, The (1946) | Chinatown (1974) | African Queen, The (1951) | Maltese Falcon, The (1941) | Citizen Kane (1941) | Vertigo (1958) | Dr. Strangelove or: How I Learned to Stop Worrying and Love the Bomb (1963) | Lawrence of Arabia (1962) | North by Northwest (1959) | Arsenic and Old Lace (1944)",,0.3362 | 0.1362 | 0.1303 | 0.1189 | 0.1004 | 0.0863 | 0.0815 | 0.0727 | 0.0681 | 0.0536,3,2,proposed_dual_expfam
319,Everyone Says I Love You (1996),1,0.0,0.0,0.0,0.0,0.0,"Big Sleep, The (1946) | Arsenic and Old Lace (1944) | Chinatown (1974) | African Queen, The (1951) | Annie Hall (1977) | This Is Spinal Tap (1984) | Citizen Kane (1941) | North by Northwest (1959) | Much Ado About Nothing (1993) | Maltese Falcon, The (1941)",,0.6140 | 0.3985 | 0.3839 | 0.1761 | 0.1630 | 0.1368 | 0.1203 | 0.1186 | 0.1182 | 0.1151,3,2,proposed_dual_expfam
326,G.I. Jane (1997),1,0.0,0.0,0.0,0.0,0.0,"Con Air (1997) | Alien: Resurrection (1997) | Boogie Nights (1997) | Alien 3 (1992) | Spawn (1997) | Lost World: Jurassic Park, The (1997) | Fifth Element, The (1997) | Gattaca (1997) | Star Trek: Generations (1994) | Army of Darkness (1993)",,0.3691 | 0.1356 | 0.0783 | 0.0771 | 0.0725 | 0.0616 | 0.0572 | 0.0570 | 0.0479 | 0.0455,3,2,proposed_dual_expfam
380,Star Trek: Generations (1994),1,0.1,1.0,0.3333333333333333,0.14285714285714285,1.0,"Con Air (1997) | Die Hard 2 (1990) | GoldenEye (1995) | Army of Darkness (1993) | Long Kiss Goodnight, The (1996) | Rumble in the Bronx (1995) | Star Trek IV: The Voyage Home (1986) | Alien 3 (1992) | Abyss, The (1989) | Stargate (1994)",Star Trek IV: The Voyage Home (1986),0.3345 | 0.3189 | 0.3139 | 0.2853 | 0.2490 | 0.2445 | 0.2139 | 0.1871 | 0.1817 | 0.1753,3,2,proposed_dual_expfam
393,Mrs. Doubtfire (1993),5,0.3,0.6,0.6992148198508501,0.55,1.0,While You Were Sleeping (1995) | Grease (1978) | Arsenic and Old Lace (1944) | Pretty Woman (1990) | Crimson Tide (1995) | Cape Fear (1991) | Much Ado About Nothing (1993) | Gone with the Wind (1939) | In the Line of Fire (1993) | Star Trek VI: The Undiscovered Country (1991),While You Were Sleeping (1995) | Grease (1978) | Pretty Woman (1990),0.4915 | 0.4789 | 0.4641 | 0.4517 | 0.3297 | 0.3263 | 0.2106 | 0.1417 | 0.1368 | 0.1204,3,2,proposed_dual_expfam
402,Ghost (1990),4,0.3,0.75,0.8048099750039491,0.6875,1.0,"American President, The (1995) | Crimson Tide (1995) | Cape Fear (1991) | Star Trek III: The Search for Spock (1984) | Star Trek VI: The Undiscovered Country (1991) | Highlander (1986) | Glory (1989) | In the Line of Fire (1993) | GoldenEye (1995) | Young Frankenstein (1974)","American President, The (1995) | Crimson Tide (1995) | Star Trek III: The Search for Spock (1984)",0.5738 | 0.5106 | 0.4637 | 0.4001 | 0.3578 | 0.3367 | 0.2509 | 0.2391 | 0.2326 | 0.2227,3,2,proposed_dual_expfam
419,Mary Poppins (1964),2,0.2,1.0,0.5706417189553201,0.41666666666666663,1.0,"Dave (1993) | Client, The (1994) | While You Were Sleeping (1995) | Mask, The (1994) | Ghost (1990) | Pretty Woman (1990) | Star Trek IV: The Voyage Home (1986) | Much Ado About Nothing (1993) | Crimson Tide (1995) | Clear and Present Danger (1994)","While You Were Sleeping (1995) | Mask, The (1994)",0.6243 | 0.2905 | 0.2720 | 0.1920 | 0.1791 | 0.1465 | 0.1447 | 0.1034 | 0.1007 | 0.0982,3,2,proposed_dual_expfam
431,Highlander (1986),5,0.4,0.8,0.7130329901830805,0.5,1.0,"Star Trek IV: The Voyage Home (1986) | Long Kiss Goodnight, The (1996) | Sleepers (1996) | Crimson Tide (1995) | Con Air (1997) | Abyss, The (1989) | Ghost (1990) | Reservoir Dogs (1992) | Alien 3 (1992) | Glory (1989)","Star Trek IV: The Voyage Home (1986) | Crimson Tide (1995) | Abyss, The (1989) | Reservoir Dogs (1992)",0.6059 | 0.4864 | 0.4252 | 0.3966 | 0.3868 | 0.3694 | 0.3367 | 0.2757 | 0.2725 | 0.2249,3,2,proposed_dual_expfam
443,"Birds, The (1963)",1,0.0,0.0,0.0,0.0,0.0,"Con Air (1997) | Executive Decision (1996) | Sleepers (1996) | Highlander (1986) | Boogie Nights (1997) | Fifth Element, The (1997) | Absolute Power (1997) | Primal Fear (1996) | North by Northwest (1959) | Citizen Kane (1941)",,0.1428 | 0.1035 | 0.1008 | 0.0909 | 0.0863 | 0.0828 | 0.0726 | 0.0722 | 0.0700 | 0.0647,3,2,proposed_dual_expfam
447,Carrie (1976),3,0.1,0.3333333333333333,0.14126697285982898,0.037037037037037035,1.0,"Clear and Present Danger (1994) | Highlander (1986) | Sneakers (1992) | Sleepers (1996) | Pretty Woman (1990) | Die Hard 2 (1990) | Client, The (1994) | Crimson Tide (1995) | Dave (1993) | Ghost (1990)",Dave (1993),0.1731 | 0.1487 | 0.1250 | 0.1115 | 0.1114 | 0.1059 | 0.0986 | 0.0962 | 0.0938 | 0.0848,3,2,proposed_dual_expfam
449,Star Trek: The Motion Picture (1979),2,0.1,0.5,0.17723928678404774,0.05,1.0,"Highlander (1986) | Clear and Present Danger (1994) | Con Air (1997) | Die Hard 2 (1990) | Star Trek: Generations (1994) | GoldenEye (1995) | Army of Darkness (1993) | Long Kiss Goodnight, The (1996) | Rumble in the Bronx (1995) | Star Trek IV: The Voyage Home (1986)",Star Trek IV: The Voyage Home (1986),0.0846 | 0.0676 | 0.0625 | 0.0618 | 0.0589 | 0.0570 | 0.0517 | 0.0508 | 0.0473 | 0.0443,3,2,proposed_dual_expfam
451,Grease (1978),3,0.2,0.6666666666666666,0.49818925746641285,0.3333333333333333,1.0,"Star Trek IV: The Voyage Home (1986) | American President, The (1995) | Star Trek III: The Search for Spock (1984) | Mrs. Doubtfire (1993) | Crimson Tide (1995) | Client, The (1994) | Star Trek VI: The Undiscovered Country (1991) | Cape Fear (1991) | Young Frankenstein (1974) | In the Line of Fire (1993)","American President, The (1995) | Mrs. Doubtfire (1993)",0.7988 | 0.6187 | 0.4963 | 0.4789 | 0.4676 | 0.4625 | 0.3944 | 0.2964 | 0.2711 | 0.2418,3,2,proposed_dual_expfam
479,Vertigo (1958),1,0.1,1.0,0.5,0.3333333333333333,1.0,Dr. Strangelove or: How I Learned to Stop Worrying and Love the Bomb (1963) | Lawrence of Arabia (1962) | North by Northwest (1959) | Taxi Driver (1976) | Six Degrees of Separation (1993) | Arsenic and Old Lace (1944) | Lost Highway (1997) | This Is Spinal Tap (1984) | Boogie Nights (1997) | Everyone Says I Love You (1996),North by Northwest (1959),0.4841 | 0.4369 | 0.3769 | 0.2893 | 0.2178 | 0.1581 | 0.1381 | 0.1372 | 0.1268 | 0.1137,3,2,proposed_dual_expfam
480,North by Northwest (1959),1,0.1,1.0,1.0,1.0,1.0,"Vertigo (1958) | Taxi Driver (1976) | Lawrence of Arabia (1962) | Annie Hall (1977) | Six Degrees of Separation (1993) | This Is Spinal Tap (1984) | Lost Highway (1997) | Everyone Says I Love You (1996) | Boogie Nights (1997) | Postino, Il (1994)",Vertigo (1958),0.3769 | 0.2453 | 0.2293 | 0.1760 | 0.1701 | 0.1384 | 0.1301 | 0.1186 | 0.1073 | 0.0985,3,2,proposed_dual_expfam
484,"Maltese Falcon, The (1941)",2,0.1,0.5,0.6131471927654584,0.5,1.0,"Chinatown (1974) | Taxi Driver (1976) | Six Degrees of Separation (1993) | Boogie Nights (1997) | Alien: Resurrection (1997) | Lost Highway (1997) | This Is Spinal Tap (1984) | Gattaca (1997) | Devil's Advocate, The (1997) | Everyone Says I Love You (1996)",Chinatown (1974),0.7359 | 0.4220 | 0.3304 | 0.2172 | 0.2167 | 0.1849 | 0.1484 | 0.1193 | 0.1189 | 0.1151,3,2,proposed_dual_expfam
498,"African Queen, The (1951)",1,0.0,0.0,0.0,0.0,0.0,"Taxi Driver (1976) | This Is Spinal Tap (1984) | Lost Highway (1997) | Everyone Says I Love You (1996) | Boogie Nights (1997) | Annie Hall (1977) | Alien: Resurrection (1997) | Devil's Advocate, The (1997) | Bound (1996) | Postino, Il (1994)",,0.4265 | 0.2137 | 0.2016 | 0.1761 | 0.1720 | 0.1481 | 0.1334 | 0.1303 | 0.1055 | 0.0951,3,2,proposed_dual_expfam
514,Annie Hall (1977),2,0.1,0.5,0.19342640361727081,0.0625,1.0,"Arsenic and Old Lace (1944) | Much Ado About Nothing (1993) | North by Northwest (1959) | Everyone Says I Love You (1996) | This Is Spinal Tap (1984) | African Queen, The (1951) | Gone with the Wind (1939) | Citizen Kane (1941) | Vertigo (1958) | Basic Instinct (1992)",Citizen Kane (1941),0.7185 | 0.2599 | 0.1760 | 0.1630 | 0.1564 | 0.1481 | 0.1408 | 0.1226 | 0.1090 | 0.1014,3,2,proposed_dual_expfam
559,Interview with the Vampire (1994),3,0.0,0.0,0.0,0.0,0.0,"Clear and Present Danger (1994) | Sneakers (1992) | Star Trek IV: The Voyage Home (1986) | Dave (1993) | Pretty Woman (1990) | Crimson Tide (1995) | Client, The (1994) | Star Trek III: The Search for Spock (1984) | Die Hard 2 (1990) | American President, The (1995)",,0.2789 | 0.2157 | 0.2029 | 0.1754 | 0.1463 | 0.1424 | 0.1347 | 0.1115 | 0.1108 | 0.1073,3,2,proposed_dual_expfam
566,Clear and Present Danger (1994),1,0.1,1.0,1.0,1.0,1.0,"Pretty Woman (1990) | Abyss, The (1989) | Reservoir Dogs (1992) | Glory (1989) | Sleepers (1996) | Long Kiss Goodnight, The (1996) | Young Frankenstein (1974) | Stargate (1994) | Professional, The (1994) | Rumble in the Bronx (1995)",Pretty Woman (1990),0.6525 | 0.5131 | 0.4539 | 0.4450 | 0.4007 | 0.3941 | 0.3642 | 0.3256 | 0.2956 | 0.2872,3,2,proposed_dual_expfam
591,Primal Fear (1996),1,0.0,0.0,0.0,0.0,0.0,"Arsenic and Old Lace (1944) | Big Sleep, The (1946) | North by Northwest (1959) | Birds, The (1963) | Citizen Kane (1941) | Annie Hall (1977) | African Queen, The (1951) | Taxi Driver (1976) | Dr. Strangelove or: How I Learned to Stop Worrying and Love the Bomb (1963) | Absolute Power (1997)",,0.1550 | 0.1049 | 0.0903 | 0.0722 | 0.0721 | 0.0610 | 0.0596 | 0.0586 | 0.0564 | 0.0560,3,2,proposed_dual_expfam
654,Chinatown (1974),1,0.1,1.0,1.0,1.0,1.0,"Maltese Falcon, The (1941) | Everyone Says I Love You (1996) | Cop Land (1997) | Lost Highway (1997) | Much Ado About Nothing (1993) | Devil's Advocate, The (1997) | Bound (1996) | Postino, Il (1994) | Gone with the Wind (1939) | Basic Instinct (1992)","Maltese Falcon, The (1941)",0.7359 | 0.3839 | 0.1796 | 0.1770 | 0.1702 | 0.1362 | 0.1263 | 0.1196 | 0.1041 | 0.0703,3,2,proposed_dual_expfam
684,In the Line of Fire (1993),5,0.4,0.8,0.6932739806083636,0.4688888888888888,1.0,"Dave (1993) | Grease (1978) | Ghost (1990) | Cape Fear (1991) | Pretty Woman (1990) | Highlander (1986) | Mrs. Doubtfire (1993) | Mask, The (1994) | GoldenEye (1995) | While You Were Sleeping (1995)",Dave (1993) | Pretty Woman (1990) | Highlander (1986) | GoldenEye (1995),0.3269 | 0.2418 | 0.2391 | 0.1841 | 0.1813 | 0.1809 | 0.1368 | 0.1288 | 0.1216 | 0.1164,3,2,proposed_dual_expfam
692,"American President, The (1995)",4,0.2,0.5,0.6366824387328317,0.5,1.0,"Grease (1978) | Ghost (1990) | Mask, The (1994) | Cape Fear (1991) | Arsenic and Old Lace (1944) | Star Trek III: The Search for Spock (1984) | Young Frankenstein (1974) | Professional, The (1994) | Reservoir Dogs (1992) | Highlander (1986)",Grease (1978) | Ghost (1990),0.6187 | 0.5738 | 0.4504 | 0.3808 | 0.2199 | 0.1762 | 0.1629 | 0.1240 | 0.1219 | 0.1201,3,2,proposed_dual_expfam
732,Dave (1993),6,0.3,0.5,0.5274541611612878,0.31666666666666665,1.0,"Crimson Tide (1995) | Mary Poppins (1964) | Cape Fear (1991) | Arsenic and Old Lace (1944) | Star Trek VI: The Undiscovered Country (1991) | In the Line of Fire (1993) | Young Frankenstein (1974) | Star Trek III: The Search for Spock (1984) | Much Ado About Nothing (1993) | Professional, The (1994)",Crimson Tide (1995) | Star Trek VI: The Undiscovered Country (1991) | In the Line of Fire (1993),0.6692 | 0.6243 | 0.6171 | 0.4604 | 0.3469 | 0.3269 | 0.2971 | 0.2867 | 0.2373 | 0.2106,3,2,proposed_dual_expfam
739,Pretty Woman (1990),6,0.5,0.8333333333333334,0.7967504123860216,0.6402777777777778,1.0,"Clear and Present Danger (1994) | Client, The (1994) | Mrs. Doubtfire (1993) | While You Were Sleeping (1995) | Star Trek VI: The Undiscovered Country (1991) | Sleepers (1996) | Arsenic and Old Lace (1944) | In the Line of Fire (1993) | Glory (1989) | GoldenEye (1995)",Clear and Present Danger (1994) | Mrs. Doubtfire (1993) | While You Were Sleeping (1995) | Star Trek VI: The Undiscovered Country (1991) | In the Line of Fire (1993),0.6525 | 0.5502 | 0.4517 | 0.2689 | 0.2373 | 0.1940 | 0.1815 | 0.1813 | 0.1793 | 0.1655,3,2,proposed_dual_expfam
1016,Con Air (1997),2,0.2,1.0,0.38162168437253385,0.17142857142857143,1.0,"Alien 3 (1992) | Highlander (1986) | Die Hard 2 (1990) | G.I. Jane (1997) | Spawn (1997) | Star Trek: Generations (1994) | Fifth Element, The (1997) | Army of Darkness (1993) | Alien: Resurrection (1997) | Long Kiss Goodnight, The (1996)","Fifth Element, The (1997) | Long Kiss Goodnight, The (1996)",0.4188 | 0.3868 | 0.3745 | 0.3691 | 0.3583 | 0.3345 | 0.3216 | 0.2941 | 0.2928 | 0.2836,3,2,proposed_dual_expfam
2,GoldenEye (1995),2,0.2,1.0,0.8772153153380493,0.75,1.0,"Clear and Present Danger (1994) | Pretty Woman (1990) | Cape Fear (1991) | Dave (1993) | Ghost (1990) | Reservoir Dogs (1992) | Mrs. Doubtfire (1993) | Grease (1978) | Abyss, The (1989) | Glory (1989)",Clear and Present Danger (1994) | Dave (1993),0.3305 | 0.3150 | 0.2625 | 0.2417 | 0.2246 | 0.1718 | 0.1540 | 0.1216 | 0.0914 | 0.0783,5,0,proposed_dual_expfam
23,Taxi Driver (1976),1,0.1,1.0,0.6309297535714575,0.5,1.0,"North by Northwest (1959) | Big Sleep, The (1946) | African Queen, The (1951) | Maltese Falcon, The (1941) | Arsenic and Old Lace (1944) | Birds, The (1963) | This Is Spinal Tap (1984) | Piano, The (1993) | Mrs. Doubtfire (1993) | Vertigo (1958)","Big Sleep, The (1946)",0.5264 | 0.4901 | 0.3091 | 0.2909 | 0.2493 | 0.2259 | 0.1431 | 0.1243 | 0.1225 | 0.1117,5,0,proposed_dual_expfam
31,Crimson Tide (1995),6,0.3,0.5,0.4592846660663049,0.29444444444444445,1.0,"Mrs. Doubtfire (1993) | American President, The (1995) | In the Line of Fire (1993) | Star Trek III: The Search for Spock (1984) | Sneakers (1992) | Grease (1978) | Glory (1989) | Army of Darkness (1993) | Carrie (1976) | Tin Cup (1996)","American President, The (1995) | In the Line of Fire (1993) | Sneakers (1992)",0.8107 | 0.6029 | 0.5704 | 0.5520 | 0.5057 | 0.3747 | 0.3471 | 0.3122 | 0.2652 | 0.2562,5,0,proposed_dual_expfam
62,Stargate (1994),3,0.2,0.6666666666666666,0.6049306994552042,0.39999999999999997,1.0,"Star Trek IV: The Voyage Home (1986) | Star Trek III: The Search for Spock (1984) | Die Hard 2 (1990) | Mrs. Doubtfire (1993) | Carrie (1976) | Dave (1993) | Crimson Tide (1995) | Ghost (1990) | Abyss, The (1989) | Star Trek VI: The Undiscovered Country (1991)",Star Trek IV: The Voyage Home (1986) | Star Trek VI: The Undiscovered Country (1991),0.3835 | 0.3140 | 0.2980 | 0.2139 | 0.1780 | 0.1778 | 0.1644 | 0.1612 | 0.1363 | 0.1317,5,0,proposed_dual_expfam
66,While You Were Sleeping (1995),4,0.3,0.75,0.7668091220635322,0.6071428571428571,1.0,"Dave (1993) | American President, The (1995) | Tin Cup (1996) | Sneakers (1992) | Glory (1989) | In the Line of Fire (1993) | Mary Poppins (1964) | Professional, The (1994) | Boogie Nights (1997) | Young Frankenstein (1974)","Dave (1993) | American President, The (1995) | Mary Poppins (1964)",0.5355 | 0.4977 | 0.3704 | 0.2994 | 0.2308 | 0.1988 | 0.1658 | 0.1304 | 0.1182 | 0.1078,5,0,proposed_dual_expfam
72,"Mask, The (1994)",4,0.3,0.75,0.4303349101522581,0.23958333333333331,1.0,"Die Hard 2 (1990) | Star Trek III: The Search for Spock (1984) | Star Trek IV: The Voyage Home (1986) | Clear and Present Danger (1994) | Glory (1989) | While You Were Sleeping (1995) | American President, The (1995) | Grease (1978) | Star Trek: Generations (1994) | Highlander (1986)",Clear and Present Danger (1994) | While You Were Sleeping (1995) | Grease (1978),0.2179 | 0.1996 | 0.1846 | 0.1744 | 0.1281 | 0.1075 | 0.1067 | 0.1061 | 0.0874 | 0.0806,5,0,proposed_dual_expfam
83,Much Ado About Nothing (1993),1,0.1,1.0,0.5,0.3333333333333333,1.0,"Birds, The (1963) | Piano, The (1993) | Arsenic and Old Lace (1944) | Carrie (1976) | Big Sleep, The (1946) | Interview with the Vampire (1994) | Grease (1978) | This Is Spinal Tap (1984) | Chinatown (1974) | Reservoir Dogs (1992)",Arsenic and Old Lace (1944),0.2990 | 0.1907 | 0.1490 | 0.1083 | 0.1042 | 0.0951 | 0.0651 | 0.0614 | 0.0595 | 0.0588,5,0,proposed_dual_expfam
124,Lone Star (1996),1,0.0,0.0,0.0,0.0,0.0,"Maltese Falcon, The (1941) | Citizen Kane (1941) | Chinatown (1974) | Con Air (1997) | North by Northwest (1959) | Big Sleep, The (1946) | Arsenic and Old Lace (1944) | Annie Hall (1977) | I Know What You Did Last Summer (1997) | Vertigo (1958)",,0.1255 | 0.1167 | 0.0640 | 0.0499 | 0.0439 | 0.0405 | 0.0339 | 0.0319 | 0.0288 | 0.0259,5,0,proposed_dual_expfam
129,Bound (1996),1,0.0,0.0,0.0,0.0,0.0,"Sleepers (1996) | Grosse Pointe Blank (1997) | Alien: Resurrection (1997) | Primal Fear (1996) | Face/Off (1997) | Long Kiss Goodnight, The (1996) | Executive Decision (1996) | Rumble in the Bronx (1995) | Tomorrow Never Dies (1997) | Fifth Element, The (1997)",,0.2005 | 0.1436 | 0.1178 | 0.0762 | 0.0718 | 0.0622 | 0.0604 | 0.0494 | 0.0478 | 0.0461,5,0,proposed_dual_expfam
133,Gone with the Wind (1939),2,0.1,0.5,0.6131471927654584,0.5,1.0,"African Queen, The (1951) | Mrs. Doubtfire (1993) | North by Northwest (1959) | Six Degrees of Separation (1993) | Star Trek III: The Search for Spock (1984) | Gandhi (1982) | Glory (1989) | Dr. Strangelove or: How I Learned to Stop Worrying and Love the Bomb (1963) | Nutty Professor, The (1996) | Clear and Present Danger (1994)","African Queen, The (1951)",0.0767 | 0.0639 | 0.0450 | 0.0395 | 0.0375 | 0.0321 | 0.0302 | 0.0279 | 0.0258 | 0.0256,5,0,proposed_dual_expfam
134,Citizen Kane (1941),2,0.2,1.0,1.0,1.0,1.0,Chinatown (1974) | Vertigo (1958) | Con Air (1997) | Arsenic and Old Lace (1944) | I Know What You Did Last Summer (1997) | Six Degrees of Separation (1993) | Lawrence of Arabia (1962) | Lone Star (1996) | Good Will Hunting (1997) | Primal Fear (1996),Chinatown (1974) | Vertigo (1958),0.8822 | 0.5461 | 0.5047 | 0.2788 | 0.2215 | 0.1576 | 0.1256 | 0.1167 | 0.1034 | 0.0914,5,0,proposed_dual_expfam
147,"Long Kiss Goodnight, The (1996)",2,0.0,0.0,0.0,0.0,0.0,"Tin Cup (1996) | Client, The (1994) | Alien: Resurrection (1997) | Kiss the Girls (1997) | Mighty Aphrodite (1995) | Star Trek III: The Search for Spock (1984) | In the Line of Fire (1993) | Basic Instinct (1992) | Clear and Present Danger (1994) | Bound (1996)",,0.2085 | 0.1507 | 0.1328 | 0.0941 | 0.0769 | 0.0694 | 0.0687 | 0.0667 | 0.0624 | 0.0622,5,0,proposed_dual_expfam
164,"Abyss, The (1989)",2,0.2,1.0,0.46845052016107697,0.26785714285714285,1.0,Die Hard 2 (1990) | Army of Darkness (1993) | Star Trek III: The Search for Spock (1984) | Cape Fear (1991) | Dave (1993) | In the Line of Fire (1993) | Crimson Tide (1995) | Star Trek: Generations (1994) | Star Trek: The Motion Picture (1979) | Stargate (1994),Cape Fear (1991) | Crimson Tide (1995),0.6114 | 0.6045 | 0.3357 | 0.3159 | 0.2508 | 0.1829 | 0.1824 | 0.1771 | 0.1554 | 0.1363,5,0,proposed_dual_expfam
184,Army of Darkness (1993),1,0.0,0.0,0.0,0.0,0.0,"Abyss, The (1989) | Interview with the Vampire (1994) | Star Trek VI: The Undiscovered Country (1991) | Sneakers (1992) | Carrie (1976) | American President, The (1995) | Star Trek III: The Search for Spock (1984) | Crimson Tide (1995) | Pretty Woman (1990) | Ghost (1990)",,0.6045 | 0.5955 | 0.5531 | 0.5474 | 0.4684 | 0.4627 | 0.4089 | 0.3122 | 0.2817 | 0.2451,5,0,proposed_dual_expfam
208,Young Frankenstein (1974),2,0.0,0.0,0.0,0.0,0.0,"Die Hard 2 (1990) | Ghost (1990) | Dave (1993) | Pretty Woman (1990) | Grease (1978) | American President, The (1995) | Crimson Tide (1995) | Clear and Present Danger (1994) | Star Trek IV: The Voyage Home (1986) | Highlander (1986)",,0.2882 | 0.2527 | 0.2347 | 0.2244 | 0.1654 | 0.1649 | 0.1452 | 0.1428 | 0.1312 | 0.1171,5,0,proposed_dual_expfam
218,Cape Fear (1991),4,0.2,0.5,0.2622073738811406,0.10416666666666666,1.0,"In the Line of Fire (1993) | Star Trek III: The Search for Spock (1984) | Mrs. Doubtfire (1993) | Dave (1993) | Ghost (1990) | Carrie (1976) | Sneakers (1992) | Abyss, The (1989) | American President, The (1995) | GoldenEye (1995)","Carrie (1976) | Abyss, The (1989)",0.4768 | 0.4333 | 0.3901 | 0.3794 | 0.3651 | 0.3627 | 0.3547 | 0.3159 | 0.2945 | 0.2625,5,0,proposed_dual_expfam
219,"Nightmare on Elm Street, A (1984)",2,0.2,1.0,0.5802792108518124,0.375,1.0,"Highlander (1986) | Interview with the Vampire (1994) | Reservoir Dogs (1992) | Star Trek IV: The Voyage Home (1986) | Die Hard 2 (1990) | Piano, The (1993) | Star Trek: The Motion Picture (1979) | Cape Fear (1991) | Star Trek VI: The Undiscovered Country (1991) | Rumble in the Bronx (1995)",Interview with the Vampire (1994) | Cape Fear (1991),0.7819 | 0.4163 | 0.2641 | 0.2427 | 0.2256 | 0.1545 | 0.1409 | 0.1372 | 0.0744 | 0.0730,5,0,proposed_dual_expfam
226,Die Hard 2 (1990),1,0.1,1.0,1.0,1.0,1.0,"Pretty Woman (1990) | Mrs. Doubtfire (1993) | Reservoir Dogs (1992) | Carrie (1976) | Abyss, The (1989) | Interview with the Vampire (1994) | Glory (1989) | Boogie Nights (1997) | Stargate (1994) | Star Trek: Generations (1994)",Pretty Woman (1990),0.9104 | 0.8086 | 0.6921 | 0.6290 | 0.6114 | 0.4042 | 0.3915 | 0.3216 | 0.2980 | 0.2964,5,0,proposed_dual_expfam
227,Star Trek VI: The Undiscovered Country (1991),4,0.3,0.75,0.5805485932475565,0.41666666666666663,1.0,"Army of Darkness (1993) | Clear and Present Danger (1994) | Dave (1993) | Carrie (1976) | Ghost (1990) | Stargate (1994) | Mrs. Doubtfire (1993) | Rumble in the Bronx (1995) | Nightmare on Elm Street, A (1984) | Glory (1989)",Clear and Present Danger (1994) | Dave (1993) | Stargate (1994),0.5531 | 0.3389 | 0.2082 | 0.1968 | 0.1452 | 0.1317 | 0.1136 | 0.1077 | 0.0744 | 0.0712,5,0,proposed_dual_expfam
229,Star Trek III: The Search for Spock (1984),2,0.0,0.0,0.0,0.0,0.0,"Crimson Tide (1995) | Mrs. Doubtfire (1993) | Dave (1993) | Cape Fear (1991) | Army of Darkness (1993) | Abyss, The (1989) | Carrie (1976) | Stargate (1994) | American President, The (1995) | Client, The (1994)",,0.5520 | 0.5082 | 0.5038 | 0.4333 | 0.4089 | 0.3357 | 0.3166 | 0.3140 | 0.2934 | 0.2580,5,0,proposed_dual_expfam
230,Star Trek IV: The Voyage Home (1986),4,0.4,1.0,1.0,1.0,1.0,"Clear and Present Danger (1994) | Star Trek: Generations (1994) | Stargate (1994) | Sneakers (1992) | Birds, The (1963) | Nightmare on Elm Street, A (1984) | Glory (1989) | Mask, The (1994) | Boogie Nights (1997) | Grease (1978)",Clear and Present Danger (1994) | Star Trek: Generations (1994) | Stargate (1994) | Sneakers (1992),0.5423 | 0.5081 | 0.3835 | 0.3800 | 0.2462 | 0.2427 | 0.2280 | 0.1846 | 0.1661 | 0.1329,5,0,proposed_dual_expfam
239,Sneakers (1992),6,0.5,0.8333333333333334,0.7874769737725691,0.6180555555555555,1.0,"American President, The (1995) | Army of Darkness (1993) | Crimson Tide (1995) | Ghost (1990) | Reservoir Dogs (1992) | Star Trek IV: The Voyage Home (1986) | Cape Fear (1991) | Mrs. Doubtfire (1993) | While You Were Sleeping (1995) | Interview with the Vampire (1994)","American President, The (1995) | Crimson Tide (1995) | Ghost (1990) | Star Trek IV: The Voyage Home (1986) | Mrs. Doubtfire (1993)",0.6562 | 0.5474 | 0.5057 | 0.4922 | 0.4449 | 0.3800 | 0.3547 | 0.3057 | 0.2994 | 0.1602,5,0,proposed_dual_expfam
248,Grosse Pointe Blank (1997),1,0.0,0.0,0.0,0.0,0.0,"Reservoir Dogs (1992) | Rumble in the Bronx (1995) | Devil's Advocate, The (1997) | Alien: Resurrection (1997) | Bound (1996) | Mystery Science Theater 3000: The Movie (1996) | Interview with the Vampire (1994) | Frighteners, The (1996) | Sleepers (1996) | Tomorrow Never Dies (1997)",,0.3047 | 0.2621 | 0.2174 | 0.2030 | 0.1436 | 0.1320 | 0.1318 | 0.1223 | 0.1219 | 0.0999,5,0,proposed_dual_expfam
250,"Fifth Element, The (1997)",1,0.1,1.0,0.5,0.3333333333333333,1.0,"Face/Off (1997) | Star Trek: The Motion Picture (1979) | Highlander (1986) | Reservoir Dogs (1992) | Interview with the Vampire (1994) | Devil's Advocate, The (1997) | Alien: Resurrection (1997) | Nightmare on Elm Street, A (1984) | Tomorrow Never Dies (1997) | Net, The (1995)",Highlander (1986),0.4605 | 0.2263 | 0.1821 | 0.1608 | 0.1490 | 0.1121 | 0.0971 | 0.0648 | 0.0494 | 0.0463,5,0,proposed_dual_expfam
274,Sabrina (1995),1,0.0,0.0,0.0,0.0,0.0,"Birds, The (1963) | Piano, The (1993) | Arsenic and Old Lace (1944) | Interview with the Vampire (1994) | Big Sleep, The (1946) | Maltese Falcon, The (1941) | Chinatown (1974) | Con Air (1997) | Nightmare on Elm Street, A (1984) | Reservoir Dogs (1992)",,0.0330 | 0.0315 | 0.0295 | 0.0230 | 0.0216 | 0.0210 | 0.0196 | 0.0181 | 0.0175 | 0.0173,5,0,proposed_dual_expfam
284,Tin Cup (1996),1,0.1,1.0,1.0,1.0,1.0,"Primal Fear (1996) | Client, The (1994) | Clear and Present Danger (1994) | Mighty Aphrodite (1995) | Mrs. Doubtfire (1993) | Midnight in the Garden of Good and Evil (1997) | While You Were Sleeping (1995) | American President, The (1995) | Emma (1996) | Crimson Tide (1995)",Primal Fear (1996),0.5217 | 0.4287 | 0.3926 | 0.3920 | 0.3877 | 0.3844 | 0.3704 | 0.3322 | 0.3243 | 0.2562,5,0,proposed_dual_expfam
291,Absolute Power (1997),2,0.0,0.0,0.0,0.0,0.0,"Dragonheart (1996) | Executive Decision (1996) | Tin Cup (1996) | Client, The (1994) | Citizen Kane (1941) | Six Degrees of Separation (1993) | North by Northwest (1959) | Primal Fear (1996) | Gandhi (1982) | Star Trek III: The Search for Spock (1984)",,0.1732 | 0.1514 | 0.1333 | 0.1287 | 0.0820 | 0.0798 | 0.0774 | 0.0695 | 0.0646 | 0.0582,5,0,proposed_dual_expfam
293,Donnie Brasco (1997),1,0.0,0.0,0.0,0.0,0.0,"Tin Cup (1996) | Crimson Tide (1995) | Mrs. Doubtfire (1993) | Die Hard 2 (1990) | Pretty Woman (1990) | Clear and Present Danger (1994) | Long Kiss Goodnight, The (1996) | American President, The (1995) | Client, The (1994) | While You Were Sleeping (1995)",,0.1880 | 0.0902 | 0.0842 | 0.0808 | 0.0713 | 0.0660 | 0.0586 | 0.0551 | 0.0549 | 0.0541,5,0,proposed_dual_expfam
307,"Devil's Advocate, The (1997)",1,0.0,0.0,0.0,0.0,0.0,"Grosse Pointe Blank (1997) | Fifth Element, The (1997) | Reservoir Dogs (1992) | Face/Off (1997) | Interview with the Vampire (1994) | Rumble in the Bronx (1995) | Mystery Science Theater 3000: The Movie (1996) | Frighteners, The (1996) | Bram Stoker's Dracula (1992) | Bound (1996)",,0.2174 | 0.1121 | 0.0954 | 0.0736 | 0.0612 | 0.0467 | 0.0453 | 0.0449 | 0.0335 | 0.0305,5,0,proposed_dual_expfam
326,G.I. Jane (1997),1,0.0,0.0,0.0,0.0,0.0,"Star Trek IV: The Voyage Home (1986) | Star Trek III: The Search for Spock (1984) | Mrs. Doubtfire (1993) | African Queen, The (1951) | Highlander (1986) | Crimson Tide (1995) | Absolute Power (1997) | Cape Fear (1991) | Star Trek: Generations (1994) | Die Hard 2 (1990)",,0.0500 | 0.0499 | 0.0448 | 0.0378 | 0.0371 | 0.0357 | 0.0320 | 0.0311 | 0.0285 | 0.0285,5,0,proposed_dual_expfam
356,"Client, The (1994)",1,0.1,1.0,0.43067655807339306,0.25,1.0,"Tin Cup (1996) | Star Trek III: The Search for Spock (1984) | Long Kiss Goodnight, The (1996) | Crimson Tide (1995) | Absolute Power (1997) | Executive Decision (1996) | Pretty Woman (1990) | Dragonheart (1996) | While You Were Sleeping (1995) | Six Degrees of Separation (1993)",Crimson Tide (1995),0.4287 | 0.2580 | 0.1507 | 0.1476 | 0.1287 | 0.1277 | 0.1270 | 0.1215 | 0.0907 | 0.0855,5,0,proposed_dual_expfam
380,Star Trek: Generations (1994),1,0.1,1.0,1.0,1.0,1.0,"Star Trek IV: The Voyage Home (1986) | Die Hard 2 (1990) | Carrie (1976) | Dave (1993) | Birds, The (1963) | Crimson Tide (1995) | African Queen, The (1951) | Abyss, The (1989) | Cape Fear (1991) | Stargate (1994)",Star Trek IV: The Voyage Home (1986),0.5081 | 0.2964 | 0.2555 | 0.2174 | 0.2113 | 0.1920 | 0.1862 | 0.1771 | 0.1480 | 0.1174,5,0,proposed_dual_expfam
393,Mrs. Doubtfire (1993),2,0.2,1.0,0.8065735963827293,0.625,1.0,Dave (1993) | Crimson Tide (1995) | Die Hard 2 (1990) | Glory (1989) | Star Trek III: The Search for Spock (1984) | Cape Fear (1991) | Tin Cup (1996) | Sneakers (1992) | Boogie Nights (1997) | In the Line of Fire (1993),Dave (1993) | Sneakers (1992),0.8724 | 0.8107 | 0.8086 | 0.6356 | 0.5082 | 0.3901 | 0.3877 | 0.3057 | 0.2880 | 0.2646,5,0,proposed_dual_expfam
402,Ghost (1990),3,0.3,1.0,1.0,1.0,1.0,"American President, The (1995) | Clear and Present Danger (1994) | Sneakers (1992) | Glory (1989) | Highlander (1986) | Carrie (1976) | In the Line of Fire (1993) | Cape Fear (1991) | Mary Poppins (1964) | Young Frankenstein (1974)","American President, The (1995) | Clear and Present Danger (1994) | Sneakers (1992)",0.7038 | 0.6125 | 0.4922 | 0.4446 | 0.4157 | 0.3832 | 0.3809 | 0.3651 | 0.2918 | 0.2527,5,0,proposed_dual_expfam
419,Mary Poppins (1964),1,0.1,1.0,0.38685280723454163,0.2,1.0,"Ghost (1990) | Pretty Woman (1990) | Dave (1993) | Die Hard 2 (1990) | While You Were Sleeping (1995) | Crimson Tide (1995) | Clear and Present Danger (1994) | Tin Cup (1996) | Glory (1989) | Professional, The (1994)",While You Were Sleeping (1995),0.2918 | 0.2869 | 0.2270 | 0.1870 | 0.1658 | 0.1364 | 0.0997 | 0.0919 | 0.0837 | 0.0769,5,0,proposed_dual_expfam
431,Highlander (1986),3,0.2,0.6666666666666666,0.2893079283427616,0.11574074074074074,1.0,"Carrie (1976) | Nightmare on Elm Street, A (1984) | Star Trek: The Motion Picture (1979) | Dave (1993) | Birds, The (1963) | American President, The (1995) | Ghost (1990) | Pretty Woman (1990) | Clear and Present Danger (1994) | Gattaca (1997)",Pretty Woman (1990) | Clear and Present Danger (1994),0.9332 | 0.7819 | 0.6054 | 0.5608 | 0.4459 | 0.4297 | 0.4157 | 0.3380 | 0.3161 | 0.2898,5,0,proposed_dual_expfam
447,Carrie (1976),1,0.1,1.0,0.3562071871080222,0.16666666666666666,1.0,"Highlander (1986) | Die Hard 2 (1990) | Army of Darkness (1993) | Interview with the Vampire (1994) | Ghost (1990) | Cape Fear (1991) | Star Trek III: The Search for Spock (1984) | Piano, The (1993) | Crimson Tide (1995) | Star Trek: Generations (1994)",Cape Fear (1991),0.9332 | 0.6290 | 0.4684 | 0.4591 | 0.3832 | 0.3627 | 0.3166 | 0.2704 | 0.2652 | 0.2555,5,0,proposed_dual_expfam
449,Star Trek: The Motion Picture (1979),1,0.0,0.0,0.0,0.0,0.0,"Highlander (1986) | Con Air (1997) | Face/Off (1997) | Fifth Element, The (1997) | Rumble in the Bronx (1995) | Abyss, The (1989) | Nightmare on Elm Street, A (1984) | Birds, The (1963) | Carrie (1976) | Mystery Science Theater 3000: The Movie (1996)",,0.6054 | 0.4630 | 0.2374 | 0.2263 | 0.1766 | 0.1554 | 0.1409 | 0.1387 | 0.1145 | 0.1071,5,0,proposed_dual_expfam
451,Grease (1978),4,0.3,0.75,0.664550862590272,0.44375,1.0,"Pretty Woman (1990) | Crimson Tide (1995) | Reservoir Dogs (1992) | Professional, The (1994) | Clear and Present Danger (1994) | Army of Darkness (1993) | In the Line of Fire (1993) | Interview with the Vampire (1994) | Young Frankenstein (1974) | Cape Fear (1991)",Pretty Woman (1990) | Clear and Present Danger (1994) | Interview with the Vampire (1994),0.7546 | 0.3747 | 0.3247 | 0.2986 | 0.2790 | 0.2193 | 0.1759 | 0.1715 | 0.1654 | 0.1407,5,0,proposed_dual_expfam
479,Vertigo (1958),1,0.1,1.0,1.0,1.0,1.0,"Citizen Kane (1941) | Dr. Strangelove or: How I Learned to Stop Worrying and Love the Bomb (1963) | Birds, The (1963) | Con Air (1997) | Arsenic and Old Lace (1944) | Taxi Driver (1976) | Lawrence of Arabia (1962) | Piano, The (1993) | Six Degrees of Separation (1993) | Annie Hall (1977)",Citizen Kane (1941),0.5461 | 0.4615 | 0.3808 | 0.1854 | 0.1801 | 0.1117 | 0.1006 | 0.0792 | 0.0497 | 0.0474,5,0,proposed_dual_expfam
484,"Maltese Falcon, The (1941)",1,0.1,1.0,1.0,1.0,1.0,"Big Sleep, The (1946) | Con Air (1997) | Birds, The (1963) | Taxi Driver (1976) | Piano, The (1993) | I Know What You Did Last Summer (1997) | Lone Star (1996) | Six Degrees of Separation (1993) | Net, The (1995) | Lost Highway (1997)","Big Sleep, The (1946)",0.8652 | 0.7019 | 0.4565 | 0.2909 | 0.2165 | 0.2011 | 0.1255 | 0.0772 | 0.0583 | 0.0566,5,0,proposed_dual_expfam
498,"African Queen, The (1951)",2,0.1,0.5,0.6131471927654584,0.5,1.0,"Big Sleep, The (1946) | Taxi Driver (1976) | Fly Away Home (1996) | Piano, The (1993) | Carrie (1976) | Star Trek: Generations (1994) | Con Air (1997) | Mrs. Doubtfire (1993) | Scream 2 (1997) | Nutty Professor, The (1996)","Big Sleep, The (1946)",0.7810 | 0.3091 | 0.2899 | 0.2316 | 0.1982 | 0.1862 | 0.1767 | 0.1433 | 0.0990 | 0.0852,5,0,proposed_dual_expfam
511,Lawrence of Arabia (1962),1,0.1,1.0,0.43067655807339306,0.25,1.0,"North by Northwest (1959) | Birds, The (1963) | Citizen Kane (1941) | Chinatown (1974) | Vertigo (1958) | Arsenic and Old Lace (1944) | Taxi Driver (1976) | Six Degrees of Separation (1993) | Fly Away Home (1996) | Piano, The (1993)",Chinatown (1974),0.1971 | 0.1344 | 0.1256 | 0.1148 | 0.1006 | 0.0577 | 0.0480 | 0.0404 | 0.0320 | 0.0295,5,0,proposed_dual_expfam
514,Annie Hall (1977),2,0.2,1.0,0.8175295903539445,0.6428571428571428,1.0,"Chinatown (1974) | North by Northwest (1959) | This Is Spinal Tap (1984) | Primal Fear (1996) | Emma (1996) | Arsenic and Old Lace (1944) | Six Degrees of Separation (1993) | Tin Cup (1996) | My Best Friend's Wedding (1997) | African Queen, The (1951)",Chinatown (1974) | Six Degrees of Separation (1993),0.5439 | 0.5321 | 0.2305 | 0.1690 | 0.1062 | 0.1035 | 0.1009 | 0.1004 | 0.0648 | 0.0495,5,0,proposed_dual_expfam
525,"Big Sleep, The (1946)",4,0.4,1.0,1.0,1.0,1.0,"Chinatown (1974) | Maltese Falcon, The (1941) | African Queen, The (1951) | Taxi Driver (1976) | Piano, The (1993) | Much Ado About Nothing (1993) | Six Degrees of Separation (1993) | Scream 2 (1997) | Lone Star (1996) | Fly Away Home (1996)","Chinatown (1974) | Maltese Falcon, The (1941) | African Queen, The (1951) | Taxi Driver (1976)",0.9096 | 0.8652 | 0.7810 | 0.4901 | 0.4806 | 0.1042 | 0.0723 | 0.0507 | 0.0405 | 0.0394,5,0,proposed_dual_expfam
559,Interview with the Vampire (1994),3,0.2,0.6666666666666666,0.35853358850813305,0.17857142857142858,1.0,"Reservoir Dogs (1992) | Army of Darkness (1993) | Carrie (1976) | Nightmare on Elm Street, A (1984) | Die Hard 2 (1990) | Piano, The (1993) | Grease (1978) | Sneakers (1992) | Fifth Element, The (1997) | Rumble in the Bronx (1995)","Nightmare on Elm Street, A (1984) | Grease (1978)",0.7895 | 0.5955 | 0.4591 | 0.4163 | 0.4042 | 0.1991 | 0.1715 | 0.1602 | 0.1490 | 0.1449,5,0,proposed_dual_expfam
566,Clear and Present Danger (1994),8,0.7,0.875,0.8693552534644673,0.7385912698412698,1.0,Dave (1993) | Ghost (1990) | Star Trek IV: The Voyage Home (1986) | Tin Cup (1996) | Glory (1989) | Star Trek VI: The Undiscovered Country (1991) | GoldenEye (1995) | Highlander (1986) | Grease (1978) | Gandhi (1982),Dave (1993) | Ghost (1990) | Star Trek IV: The Voyage Home (1986) | Star Trek VI: The Undiscovered Country (1991) | GoldenEye (1995) | Highlander (1986) | Grease (1978),0.6217 | 0.6125 | 0.5423 | 0.3926 | 0.3529 | 0.3389 | 0.3305 | 0.3161 | 0.2790 | 0.2048,5,0,proposed_dual_expfam
591,Primal Fear (1996),1,0.1,1.0,1.0,1.0,1.0,"Tin Cup (1996) | Mighty Aphrodite (1995) | Midnight in the Garden of Good and Evil (1997) | Annie Hall (1977) | Emma (1996) | Postino, Il (1994) | Good Will Hunting (1997) | Citizen Kane (1941) | Kiss the Girls (1997) | Bound (1996)",Tin Cup (1996),0.5217 | 0.1937 | 0.1796 | 0.1690 | 0.1587 | 0.1134 | 0.0954 | 0.0914 | 0.0827 | 0.0762,5,0,proposed_dual_expfam
628,Sleepers (1996),1,0.0,0.0,0.0,0.0,0.0,"Mighty Aphrodite (1995) | Midnight in the Garden of Good and Evil (1997) | Bound (1996) | Alien: Resurrection (1997) | Postino, Il (1994) | Grosse Pointe Blank (1997) | Emma (1996) | Kiss the Girls (1997) | Dragonheart (1996) | Basic Instinct (1992)",,0.2532 | 0.2174 | 0.2005 | 0.1360 | 0.1234 | 0.1219 | 0.1157 | 0.0938 | 0.0869 | 0.0785,5,0,proposed_dual_expfam
651,Glory (1989),2,0.1,0.5,0.20438239758848611,0.07142857142857142,1.0,Mrs. Doubtfire (1993) | Ghost (1990) | Pretty Woman (1990) | Die Hard 2 (1990) | Clear and Present Danger (1994) | Crimson Tide (1995) | Star Trek III: The Search for Spock (1984) | While You Were Sleeping (1995) | Star Trek IV: The Voyage Home (1986) | Tin Cup (1996),Star Trek III: The Search for Spock (1984),0.6356 | 0.4446 | 0.4057 | 0.3915 | 0.3529 | 0.3471 | 0.2563 | 0.2308 | 0.2280 | 0.1607,5,0,proposed_dual_expfam
654,Chinatown (1974),4,0.4,1.0,0.9828920819566879,0.95,1.0,"Big Sleep, The (1946) | Citizen Kane (1941) | Annie Hall (1977) | Piano, The (1993) | Lawrence of Arabia (1962) | Lone Star (1996) | Much Ado About Nothing (1993) | I Know What You Did Last Summer (1997) | Event Horizon (1997) | Con Air (1997)","Big Sleep, The (1946) | Citizen Kane (1941) | Annie Hall (1977) | Lawrence of Arabia (1962)",0.9096 | 0.8822 | 0.5439 | 0.2995 | 0.1148 | 0.0640 | 0.0595 | 0.0589 | 0.0559 | 0.0498,5,0,proposed_dual_expfam
659,Arsenic and Old Lace (1944),3,0.1,0.3333333333333333,0.1480409554829326,0.041666666666666664,1.0,"Birds, The (1963) | Piano, The (1993) | Dr. Strangelove or: How I Learned to Stop Worrying and Love the Bomb (1963) | Citizen Kane (1941) | Taxi Driver (1976) | Vertigo (1958) | This Is Spinal Tap (1984) | Much Ado About Nothing (1993) | Annie Hall (1977) | Carrie (1976)",Much Ado About Nothing (1993),0.8195 | 0.6334 | 0.3616 | 0.2788 | 0.2493 | 0.1801 | 0.1728 | 0.1490 | 0.1035 | 0.0966,5,0,proposed_dual_expfam
684,In the Line of Fire (1993),1,0.1,1.0,1.0,1.0,1.0,"Crimson Tide (1995) | Cape Fear (1991) | Ghost (1990) | Mrs. Doubtfire (1993) | Reservoir Dogs (1992) | While You Were Sleeping (1995) | Abyss, The (1989) | Grease (1978) | Carrie (1976) | Glory (1989)",Crimson Tide (1995),0.5704 | 0.4768 | 0.3809 | 0.2646 | 0.2455 | 0.1988 | 0.1829 | 0.1759 | 0.1377 | 0.1350,5,0,proposed_dual_expfam
692,"American President, The (1995)",5,0.4,0.8,0.8687949224876582,0.8,1.0,Ghost (1990) | Sneakers (1992) | Crimson Tide (1995) | While You Were Sleeping (1995) | Army of Darkness (1993) | Highlander (1986) | Tin Cup (1996) | Reservoir Dogs (1992) | Cape Fear (1991) | Star Trek III: The Search for Spock (1984),Ghost (1990) | Sneakers (1992) | Crimson Tide (1995) | While You Were Sleeping (1995),0.7038 | 0.6562 | 0.6029 | 0.4977 | 0.4627 | 0.4297 | 0.3322 | 0.3077 | 0.2945 | 0.2934,5,0,proposed_dual_expfam
732,Dave (1993),5,0.4,0.8,0.8062079522181139,0.65,1.0,"Mrs. Doubtfire (1993) | Clear and Present Danger (1994) | Highlander (1986) | While You Were Sleeping (1995) | Star Trek III: The Search for Spock (1984) | Cape Fear (1991) | Abyss, The (1989) | GoldenEye (1995) | Young Frankenstein (1974) | Mary Poppins (1964)",Mrs. Doubtfire (1993) | Clear and Present Danger (1994) | While You Were Sleeping (1995) | GoldenEye (1995),0.8724 | 0.6217 | 0.5608 | 0.5355 | 0.5038 | 0.3794 | 0.2508 | 0.2417 | 0.2347 | 0.2270,5,0,proposed_dual_expfam
739,Pretty Woman (1990),3,0.3,1.0,0.9674679834891693,0.9166666666666666,1.0,Die Hard 2 (1990) | Grease (1978) | Glory (1989) | Highlander (1986) | GoldenEye (1995) | Mary Poppins (1964) | Army of Darkness (1993) | Reservoir Dogs (1992) | Young Frankenstein (1974) | Boogie Nights (1997),Die Hard 2 (1990) | Grease (1978) | Highlander (1986),0.9104 | 0.7546 | 0.4057 | 0.3380 | 0.3150 | 0.2869 | 0.2817 | 0.2455 | 0.2244 | 0.2240,5,0,proposed_dual_expfam
1016,Con Air (1997),1,0.0,0.0,0.0,0.0,0.0,"Maltese Falcon, The (1941) | Citizen Kane (1941) | Star Trek: The Motion Picture (1979) | Vertigo (1958) | African Queen, The (1951) | Net, The (1995) | Birds, The (1963) | Highlander (1986) | I Know What You Did Last Summer (1997) | Mystery Science Theater 3000: The Movie (1996)",,0.7019 | 0.5047 | 0.4630 | 0.1854 | 0.1767 | 0.1735 | 0.1581 | 0.1412 | 0.1304 | 0.1264,5,0,proposed_dual_expfam
1101,Six Degrees of Separation (1993),1,0.1,1.0,0.5,0.3333333333333333,1.0,"North by Northwest (1959) | Citizen Kane (1941) | Annie Hall (1977) | Dr. Strangelove or: How I Learned to Stop Worrying and Love the Bomb (1963) | Client, The (1994) | Absolute Power (1997) | Mrs. Doubtfire (1993) | Tin Cup (1996) | Maltese Falcon, The (1941) | Taxi Driver (1976)",Annie Hall (1977),0.4218 | 0.1576 | 0.1009 | 0.0984 | 0.0855 | 0.0798 | 0.0786 | 0.0785 | 0.0772 | 0.0751,5,0,proposed_dual_expfam
2,GoldenEye (1995),2,0.1,0.5,0.2640681225725909,0.125,1.0,"Cape Fear (1991) | Client, The (1994) | Rumble in the Bronx (1995) | While You Were Sleeping (1995) | Good Will Hunting (1997) | Glory (1989) | Gattaca (1997) | Con Air (1997) | Long Kiss Goodnight, The (1996) | Abyss, The (1989)",While You Were Sleeping (1995),0.5393 | 0.4091 | 0.3037 | 0.2929 | 0.2709 | 0.2336 | 0.2294 | 0.2273 | 0.2109 | 0.1726,5,1,proposed_dual_expfam
13,Mighty Aphrodite (1995),1,0.0,0.0,0.0,0.0,0.0,"Pretty Woman (1990) | Tin Cup (1996) | Mrs. Doubtfire (1993) | Bram Stoker's Dracula (1992) | Grease (1978) | Mystery Science Theater 3000: The Movie (1996) | Nutty Professor, The (1996) | Ghost (1990) | Star Trek: Generations (1994) | My Best Friend's Wedding (1997)",,0.6254 | 0.5302 | 0.3188 | 0.2510 | 0.2403 | 0.2013 | 0.1591 | 0.1502 | 0.1368 | 0.1279,5,1,proposed_dual_expfam
23,Taxi Driver (1976),2,0.2,1.0,0.5012658353418871,0.325,1.0,"Maltese Falcon, The (1941) | Arsenic and Old Lace (1944) | Devil's Advocate, The (1997) | Annie Hall (1977) | Citizen Kane (1941) | African Queen, The (1951) | Lawrence of Arabia (1962) | I Know What You Did Last Summer (1997) | Kiss the Girls (1997) | Face/Off (1997)",Annie Hall (1977) | Citizen Kane (1941),0.3446 | 0.2258 | 0.1946 | 0.1522 | 0.1323 | 0.1267 | 0.0978 | 0.0895 | 0.0869 | 0.0864,5,1,proposed_dual_expfam
24,Rumble in the Bronx (1995),1,0.0,0.0,0.0,0.0,0.0,"Clear and Present Danger (1994) | GoldenEye (1995) | Star Trek VI: The Undiscovered Country (1991) | Crimson Tide (1995) | Long Kiss Goodnight, The (1996) | Cape Fear (1991) | Die Hard 2 (1990) | In the Line of Fire (1993) | Abyss, The (1989) | Star Trek IV: The Voyage Home (1986)",,0.4021 | 0.3037 | 0.2501 | 0.2488 | 0.2245 | 0.2100 | 0.2028 | 0.1517 | 0.1274 | 0.1262,5,1,proposed_dual_expfam
31,Crimson Tide (1995),4,0.2,0.5,0.6366824387328317,0.5,1.0,"Sneakers (1992) | American President, The (1995) | Good Will Hunting (1997) | Grease (1978) | Mrs. Doubtfire (1993) | Glory (1989) | Apt Pupil (1998) | Rumble in the Bronx (1995) | Con Air (1997) | Gattaca (1997)","Sneakers (1992) | American President, The (1995)",0.9186 | 0.7148 | 0.5132 | 0.3888 | 0.2917 | 0.2771 | 0.2504 | 0.2488 | 0.2478 | 0.2336,5,1,proposed_dual_expfam
62,Stargate (1994),1,0.1,1.0,0.3562071871080222,0.16666666666666666,1.0,Clear and Present Danger (1994) | Pretty Woman (1990) | Tin Cup (1996) | In the Line of Fire (1993) | Dave (1993) | Highlander (1986) | Sneakers (1992) | Star Trek: The Motion Picture (1979) | GoldenEye (1995) | Star Trek III: The Search for Spock (1984),Highlander (1986),0.4071 | 0.2329 | 0.1847 | 0.1842 | 0.1775 | 0.1647 | 0.1544 | 0.1470 | 0.1426 | 0.1254,5,1,proposed_dual_expfam
66,While You Were Sleeping (1995),3,0.3,1.0,0.6045093387918965,0.38888888888888884,1.0,"Sneakers (1992) | Ghost (1990) | Highlander (1986) | Client, The (1994) | In the Line of Fire (1993) | GoldenEye (1995) | Star Trek VI: The Undiscovered Country (1991) | Glory (1989) | Mask, The (1994) | Tin Cup (1996)","Ghost (1990) | GoldenEye (1995) | Mask, The (1994)",0.7462 | 0.5536 | 0.3360 | 0.3349 | 0.3193 | 0.2929 | 0.2291 | 0.2119 | 0.1600 | 0.1465,5,1,proposed_dual_expfam
72,"Mask, The (1994)",4,0.2,0.5,0.298254219601818,0.13392857142857142,1.0,"Star Trek IV: The Voyage Home (1986) | Highlander (1986) | Sneakers (1992) | Clear and Present Danger (1994) | American President, The (1995) | Star Trek VI: The Undiscovered Country (1991) | While You Were Sleeping (1995) | In the Line of Fire (1993) | Star Trek: Generations (1994) | Reservoir Dogs (1992)",Clear and Present Danger (1994) | While You Were Sleeping (1995),0.3236 | 0.2995 | 0.2955 | 0.2900 | 0.2720 | 0.2445 | 0.1600 | 0.1313 | 0.1166 | 0.0953,5,1,proposed_dual_expfam
133,Gone with the Wind (1939),2,0.0,0.0,0.0,0.0,0.0,Glory (1989) | North by Northwest (1959) | Much Ado About Nothing (1993) | Executive Decision (1996) | Gandhi (1982) | Sneakers (1992) | Sleepers (1996) | Tin Cup (1996) | Emma (1996) | Clear and Present Danger (1994),,0.2544 | 0.2118 | 0.1837 | 0.1768 | 0.0929 | 0.0827 | 0.0741 | 0.0721 | 0.0622 | 0.0560,5,1,proposed_dual_expfam
134,Citizen Kane (1941),2,0.2,1.0,0.6240505200038379,0.45,1.0,"Arsenic and Old Lace (1944) | Annie Hall (1977) | Lawrence of Arabia (1962) | Much Ado About Nothing (1993) | Taxi Driver (1976) | Everyone Says I Love You (1996) | Nutty Professor, The (1996) | Tin Cup (1996) | Donnie Brasco (1997) | Executive Decision (1996)",Annie Hall (1977) | Taxi Driver (1976),0.8633 | 0.4380 | 0.2985 | 0.2497 | 0.1323 | 0.1172 | 0.1135 | 0.1001 | 0.0701 | 0.0701,5,1,proposed_dual_expfam
147,"Long Kiss Goodnight, The (1996)",2,0.1,0.5,0.6131471927654584,0.5,1.0,"Con Air (1997) | Rumble in the Bronx (1995) | GoldenEye (1995) | Net, The (1995) | Clear and Present Danger (1994) | Fifth Element, The (1997) | Highlander (1986) | Star Trek III: The Search for Spock (1984) | African Queen, The (1951) | Face/Off (1997)",Con Air (1997),0.2471 | 0.2245 | 0.2109 | 0.1956 | 0.1850 | 0.1700 | 0.1669 | 0.1589 | 0.1574 | 0.1550,5,1,proposed_dual_expfam
156,Reservoir Dogs (1992),1,0.0,0.0,0.0,0.0,0.0,"Interview with the Vampire (1994) | Ghost (1990) | Apt Pupil (1998) | American President, The (1995) | Birds, The (1963) | Die Hard 2 (1990) | Devil's Advocate, The (1997) | I Know What You Did Last Summer (1997) | Nightmare on Elm Street, A (1984) | Star Trek IV: The Voyage Home (1986)",,0.4754 | 0.3998 | 0.2500 | 0.2263 | 0.2076 | 0.1476 | 0.1417 | 0.1363 | 0.1321 | 0.1304,5,1,proposed_dual_expfam
159,Basic Instinct (1992),1,0.0,0.0,0.0,0.0,0.0,"Chinatown (1974) | Devil's Advocate, The (1997) | Kiss the Girls (1997) | Taxi Driver (1976) | Maltese Falcon, The (1941) | Gandhi (1982) | Donnie Brasco (1997) | Face/Off (1997) | I Know What You Did Last Summer (1997) | G.I. Jane (1997)",,0.1789 | 0.0975 | 0.0554 | 0.0536 | 0.0527 | 0.0455 | 0.0455 | 0.0439 | 0.0425 | 0.0385,5,1,proposed_dual_expfam
164,"Abyss, The (1989)",2,0.2,1.0,0.6052602440527057,0.41666666666666663,1.0,"Army of Darkness (1993) | Star Trek IV: The Voyage Home (1986) | Fifth Element, The (1997) | Star Trek: Generations (1994) | Con Air (1997) | Interview with the Vampire (1994) | Mystery Science Theater 3000: The Movie (1996) | In the Line of Fire (1993) | Clear and Present Danger (1994) | GoldenEye (1995)",Star Trek IV: The Voyage Home (1986) | Interview with the Vampire (1994),0.7160 | 0.5145 | 0.4090 | 0.3212 | 0.3017 | 0.2878 | 0.2492 | 0.2147 | 0.1822 | 0.1726,5,1,proposed_dual_expfam
184,Army of Darkness (1993),3,0.0,0.0,0.0,0.0,0.0,"Abyss, The (1989) | Star Trek VI: The Undiscovered Country (1991) | Star Trek: Generations (1994) | Con Air (1997) | Birds, The (1963) | Crimson Tide (1995) | Mystery Science Theater 3000: The Movie (1996) | Frighteners, The (1996) | Carrie (1976) | Star Trek III: The Search for Spock (1984)",,0.7160 | 0.6383 | 0.3166 | 0.2013 | 0.1859 | 0.1617 | 0.1591 | 0.1350 | 0.1287 | 0.1269,5,1,proposed_dual_expfam
208,Young Frankenstein (1974),1,0.0,0.0,0.0,0.0,0.0,"Pretty Woman (1990) | Ghost (1990) | Star Trek IV: The Voyage Home (1986) | Highlander (1986) | Dave (1993) | Abyss, The (1989) | Grease (1978) | Army of Darkness (1993) | Cape Fear (1991) | Mystery Science Theater 3000: The Movie (1996)",,0.3190 | 0.2372 | 0.2115 | 0.1628 | 0.1568 | 0.1544 | 0.1323 | 0.1147 | 0.1081 | 0.0962,5,1,proposed_dual_expfam
218,Cape Fear (1991),1,0.1,1.0,1.0,1.0,1.0,"Interview with the Vampire (1994) | Ghost (1990) | Con Air (1997) | GoldenEye (1995) | Apt Pupil (1998) | Fifth Element, The (1997) | In the Line of Fire (1993) | Good Will Hunting (1997) | Devil's Advocate, The (1997) | Mrs. Doubtfire (1993)",Interview with the Vampire (1994),0.7051 | 0.6075 | 0.5687 | 0.5393 | 0.4546 | 0.4249 | 0.4144 | 0.3944 | 0.3931 | 0.3561,5,1,proposed_dual_expfam
226,Die Hard 2 (1990),6,0.1,0.16666666666666666,0.11706259313796354,0.03333333333333333,1.0,"Good Will Hunting (1997) | Rumble in the Bronx (1995) | Glory (1989) | Con Air (1997) | Dave (1993) | Gattaca (1997) | Tomorrow Never Dies (1997) | Professional, The (1994) | Reservoir Dogs (1992) | Absolute Power (1997)",Dave (1993),0.2585 | 0.2028 | 0.1992 | 0.1844 | 0.1798 | 0.1776 | 0.1550 | 0.1494 | 0.1476 | 0.1381,5,1,proposed_dual_expfam
227,Star Trek VI: The Undiscovered Country (1991),1,0.1,1.0,1.0,1.0,1.0,"Sneakers (1992) | Army of Darkness (1993) | Ghost (1990) | Good Will Hunting (1997) | Grease (1978) | Rumble in the Bronx (1995) | Mask, The (1994) | While You Were Sleeping (1995) | Con Air (1997) | Mrs. Doubtfire (1993)",Sneakers (1992),0.6484 | 0.6383 | 0.5987 | 0.2873 | 0.2720 | 0.2501 | 0.2445 | 0.2291 | 0.1742 | 0.1487,5,1,proposed_dual_expfam
229,Star Trek III: The Search for Spock (1984),5,0.4,0.8,0.43889712265598707,0.2454761904761905,1.0,"Long Kiss Goodnight, The (1996) | Crimson Tide (1995) | Dave (1993) | Army of Darkness (1993) | Stargate (1994) | Die Hard 2 (1990) | Star Trek: The Motion Picture (1979) | Sneakers (1992) | Rumble in the Bronx (1995) | Pretty Woman (1990)",Die Hard 2 (1990) | Star Trek: The Motion Picture (1979) | Sneakers (1992) | Pretty Woman (1990),0.1589 | 0.1333 | 0.1304 | 0.1269 | 0.1254 | 0.1232 | 0.1129 | 0.1058 | 0.1034 | 0.1025,5,1,proposed_dual_expfam
230,Star Trek IV: The Voyage Home (1986),3,0.2,0.6666666666666666,0.7039180890341347,0.5555555555555555,1.0,"Clear and Present Danger (1994) | Grease (1978) | Abyss, The (1989) | Mask, The (1994) | Good Will Hunting (1997) | Young Frankenstein (1974) | Reservoir Dogs (1992) | Rumble in the Bronx (1995) | Nightmare on Elm Street, A (1984) | Con Air (1997)","Clear and Present Danger (1994) | Abyss, The (1989)",0.9473 | 0.6646 | 0.5145 | 0.3236 | 0.3180 | 0.2115 | 0.1304 | 0.1262 | 0.1207 | 0.1085,5,1,proposed_dual_expfam
239,Sneakers (1992),5,0.3,0.6,0.6164336326286644,0.42000000000000004,1.0,"Crimson Tide (1995) | While You Were Sleeping (1995) | Client, The (1994) | American President, The (1995) | Star Trek VI: The Undiscovered Country (1991) | Glory (1989) | Mask, The (1994) | Good Will Hunting (1997) | Stargate (1994) | Star Trek: Generations (1994)","Crimson Tide (1995) | American President, The (1995) | Star Trek VI: The Undiscovered Country (1991)",0.9186 | 0.7462 | 0.7305 | 0.7124 | 0.6484 | 0.4945 | 0.2955 | 0.1677 | 0.1544 | 0.1196,5,1,proposed_dual_expfam
248,Grosse Pointe Blank (1997),1,0.1,1.0,0.38685280723454163,0.2,1.0,"Long Kiss Goodnight, The (1996) | Gandhi (1982) | Absolute Power (1997) | Kiss the Girls (1997) | Donnie Brasco (1997) | Chinatown (1974) | Die Hard 2 (1990) | Devil's Advocate, The (1997) | G.I. Jane (1997) | Cape Fear (1991)",Donnie Brasco (1997),0.0399 | 0.0384 | 0.0279 | 0.0274 | 0.0269 | 0.0260 | 0.0258 | 0.0241 | 0.0240 | 0.0238,5,1,proposed_dual_expfam
250,"Fifth Element, The (1997)",2,0.0,0.0,0.0,0.0,0.0,"Devil's Advocate, The (1997) | Nightmare on Elm Street, A (1984) | Cape Fear (1991) | Abyss, The (1989) | Birds, The (1963) | Interview with the Vampire (1994) | Carrie (1976) | Long Kiss Goodnight, The (1996) | I Know What You Did Last Summer (1997) | Face/Off (1997)",,0.4884 | 0.4719 | 0.4249 | 0.4090 | 0.2263 | 0.2109 | 0.2039 | 0.1700 | 0.1512 | 0.1244,5,1,proposed_dual_expfam
274,Sabrina (1995),1,0.0,0.0,0.0,0.0,0.0,"Arsenic and Old Lace (1944) | North by Northwest (1959) | Dr. Strangelove or: How I Learned to Stop Worrying and Love the Bomb (1963) | Chinatown (1974) | Big Sleep, The (1946) | Citizen Kane (1941) | Tin Cup (1996) | Long Kiss Goodnight, The (1996) | Maltese Falcon, The (1941) | Lawrence of Arabia (1962)",,0.0770 | 0.0610 | 0.0581 | 0.0558 | 0.0546 | 0.0510 | 0.0449 | 0.0412 | 0.0405 | 0.0388,5,1,proposed_dual_expfam
293,Donnie Brasco (1997),1,0.0,0.0,0.0,0.0,0.0,"Chinatown (1974) | Maltese Falcon, The (1941) | Arsenic and Old Lace (1944) | Long Kiss Goodnight, The (1996) | Big Sleep, The (1946) | Devil's Advocate, The (1997) | Vertigo (1958) | Taxi Driver (1976) | Gandhi (1982) | Absolute Power (1997)",,0.4513 | 0.1926 | 0.1440 | 0.1230 | 0.1215 | 0.0997 | 0.0840 | 0.0839 | 0.0773 | 0.0756,5,1,proposed_dual_expfam
319,Everyone Says I Love You (1996),1,0.0,0.0,0.0,0.0,0.0,"North by Northwest (1959) | Big Sleep, The (1946) | Arsenic and Old Lace (1944) | Chinatown (1974) | Citizen Kane (1941) | Much Ado About Nothing (1993) | Dr. Strangelove or: How I Learned to Stop Worrying and Love the Bomb (1963) | Maltese Falcon, The (1941) | Annie Hall (1977) | Tin Cup (1996)",,0.1594 | 0.1529 | 0.1511 | 0.1356 | 0.1172 | 0.0935 | 0.0806 | 0.0756 | 0.0751 | 0.0744,5,1,proposed_dual_expfam
356,"Client, The (1994)",3,0.0,0.0,0.0,0.0,0.0,"Sneakers (1992) | GoldenEye (1995) | While You Were Sleeping (1995) | Executive Decision (1996) | Tomorrow Never Dies (1997) | Highlander (1986) | Mary Poppins (1964) | Sleepers (1996) | Gattaca (1997) | Professional, The (1994)",,0.7305 | 0.4091 | 0.3349 | 0.2121 | 0.1943 | 0.1765 | 0.1559 | 0.1127 | 0.0939 | 0.0853,5,1,proposed_dual_expfam
380,Star Trek: Generations (1994),1,0.1,1.0,0.3562071871080222,0.16666666666666666,1.0,"Dave (1993) | Abyss, The (1989) | Army of Darkness (1993) | Grease (1978) | In the Line of Fire (1993) | Clear and Present Danger (1994) | Mystery Science Theater 3000: The Movie (1996) | Tin Cup (1996) | Mighty Aphrodite (1995) | Cape Fear (1991)",Clear and Present Danger (1994),0.4641 | 0.3212 | 0.3166 | 0.2892 | 0.2489 | 0.2481 | 0.1975 | 0.1401 | 0.1368 | 0.1281,5,1,proposed_dual_expfam
393,Mrs. Doubtfire (1993),3,0.2,0.6666666666666666,0.7653606369886217,0.6666666666666666,1.0,"Ghost (1990) | American President, The (1995) | Tin Cup (1996) | Cape Fear (1991) | Mighty Aphrodite (1995) | Crimson Tide (1995) | Piano, The (1993) | In the Line of Fire (1993) | Highlander (1986) | Star Trek VI: The Undiscovered Country (1991)","Ghost (1990) | American President, The (1995)",0.7663 | 0.6190 | 0.3841 | 0.3561 | 0.3188 | 0.2917 | 0.2241 | 0.2102 | 0.1758 | 0.1487,5,1,proposed_dual_expfam
402,Ghost (1990),4,0.2,0.5,0.5413996682199069,0.35,1.0,"Mrs. Doubtfire (1993) | Highlander (1986) | Cape Fear (1991) | Star Trek VI: The Undiscovered Country (1991) | While You Were Sleeping (1995) | Reservoir Dogs (1992) | In the Line of Fire (1993) | Young Frankenstein (1974) | Piano, The (1993) | Carrie (1976)",Mrs. Doubtfire (1993) | While You Were Sleeping (1995),0.7663 | 0.6560 | 0.6075 | 0.5987 | 0.5536 | 0.3998 | 0.3464 | 0.2372 | 0.2291 | 0.1888,5,1,proposed_dual_expfam
419,Mary Poppins (1964),3,0.1,0.3333333333333333,0.15642624200758548,0.047619047619047616,1.0,"Tin Cup (1996) | Clear and Present Danger (1994) | Pretty Woman (1990) | Glory (1989) | Dave (1993) | Much Ado About Nothing (1993) | American President, The (1995) | Client, The (1994) | Executive Decision (1996) | Ghost (1990)","American President, The (1995)",0.3080 | 0.2693 | 0.2623 | 0.2137 | 0.1702 | 0.1583 | 0.1564 | 0.1559 | 0.1254 | 0.0902,5,1,proposed_dual_expfam
431,Highlander (1986),4,0.1,0.25,0.123151194370365,0.03125,1.0,"Ghost (1990) | Dave (1993) | Good Will Hunting (1997) | Con Air (1997) | While You Were Sleeping (1995) | American President, The (1995) | Nightmare on Elm Street, A (1984) | Pretty Woman (1990) | Mask, The (1994) | Gattaca (1997)",Pretty Woman (1990),0.6560 | 0.6224 | 0.5275 | 0.5064 | 0.3360 | 0.3313 | 0.3194 | 0.3044 | 0.2995 | 0.2325,5,1,proposed_dual_expfam
443,"Birds, The (1963)",4,0.0,0.0,0.0,0.0,0.0,"Fifth Element, The (1997) | Reservoir Dogs (1992) | Army of Darkness (1993) | Mystery Science Theater 3000: The Movie (1996) | Bram Stoker's Dracula (1992) | Ghost (1990) | Highlander (1986) | I Know What You Did Last Summer (1997) | Devil's Advocate, The (1997) | Pretty Woman (1990)",,0.2263 | 0.2076 | 0.1859 | 0.1816 | 0.1542 | 0.1306 | 0.0908 | 0.0856 | 0.0817 | 0.0743,5,1,proposed_dual_expfam
447,Carrie (1976),1,0.0,0.0,0.0,0.0,0.0,"Interview with the Vampire (1994) | Fifth Element, The (1997) | Bram Stoker's Dracula (1992) | Ghost (1990) | Mystery Science Theater 3000: The Movie (1996) | Army of Darkness (1993) | Pretty Woman (1990) | I Know What You Did Last Summer (1997) | Highlander (1986) | Piano, The (1993)",,0.5949 | 0.2039 | 0.1954 | 0.1888 | 0.1727 | 0.1287 | 0.1228 | 0.1074 | 0.0879 | 0.0873,5,1,proposed_dual_expfam
449,Star Trek: The Motion Picture (1979),1,0.1,1.0,0.31546487678572877,0.125,1.0,"Tin Cup (1996) | Pretty Woman (1990) | Stargate (1994) | Clear and Present Danger (1994) | Executive Decision (1996) | Long Kiss Goodnight, The (1996) | North by Northwest (1959) | Star Trek III: The Search for Spock (1984) | Spawn (1997) | Star Trek: Generations (1994)",Star Trek III: The Search for Spock (1984),0.3076 | 0.1662 | 0.1470 | 0.1388 | 0.1242 | 0.1226 | 0.1206 | 0.1129 | 0.1125 | 0.1106,5,1,proposed_dual_expfam
451,Grease (1978),1,0.0,0.0,0.0,0.0,0.0,"Star Trek IV: The Voyage Home (1986) | Tin Cup (1996) | Crimson Tide (1995) | Star Trek: Generations (1994) | Star Trek VI: The Undiscovered Country (1991) | Piano, The (1993) | In the Line of Fire (1993) | Mighty Aphrodite (1995) | My Best Friend's Wedding (1997) | Postino, Il (1994)",,0.6646 | 0.4368 | 0.3888 | 0.2892 | 0.2720 | 0.2509 | 0.2430 | 0.2403 | 0.1514 | 0.1357,5,1,proposed_dual_expfam
474,Dr. Strangelove or: How I Learned to Stop Worrying and Love the Bomb (1963),1,0.1,1.0,1.0,1.0,1.0,"Chinatown (1974) | Arsenic and Old Lace (1944) | Frighteners, The (1996) | Nutty Professor, The (1996) | Vertigo (1958) | Long Kiss Goodnight, The (1996) | Event Horizon (1997) | Alien: Resurrection (1997) | Six Degrees of Separation (1993) | Everyone Says I Love You (1996)",Chinatown (1974),0.9123 | 0.8599 | 0.1938 | 0.1896 | 0.1090 | 0.0876 | 0.0863 | 0.0849 | 0.0826 | 0.0806,5,1,proposed_dual_expfam
479,Vertigo (1958),1,0.1,1.0,1.0,1.0,1.0,"Big Sleep, The (1946) | Arsenic and Old Lace (1944) | Dr. Strangelove or: How I Learned to Stop Worrying and Love the Bomb (1963) | Donnie Brasco (1997) | Devil's Advocate, The (1997) | Taxi Driver (1976) | Event Horizon (1997) | Long Kiss Goodnight, The (1996) | Face/Off (1997) | Annie Hall (1977)","Big Sleep, The (1946)",0.2371 | 0.1782 | 0.1090 | 0.0840 | 0.0730 | 0.0723 | 0.0672 | 0.0639 | 0.0605 | 0.0548,5,1,proposed_dual_expfam
480,North by Northwest (1959),1,0.1,1.0,0.3562071871080222,0.16666666666666666,1.0,"Much Ado About Nothing (1993) | Annie Hall (1977) | Tin Cup (1996) | Lawrence of Arabia (1962) | Executive Decision (1996) | African Queen, The (1951) | Gone with the Wind (1939) | Nutty Professor, The (1996) | Everyone Says I Love You (1996) | Emma (1996)","African Queen, The (1951)",0.6423 | 0.3886 | 0.3738 | 0.2776 | 0.2682 | 0.2430 | 0.2118 | 0.1930 | 0.1594 | 0.1212,5,1,proposed_dual_expfam
484,"Maltese Falcon, The (1941)",2,0.2,1.0,1.0,1.0,1.0,"Annie Hall (1977) | African Queen, The (1951) | Taxi Driver (1976) | Donnie Brasco (1997) | Event Horizon (1997) | Six Degrees of Separation (1993) | Much Ado About Nothing (1993) | Lone Star (1996) | Fly Away Home (1996) | Everyone Says I Love You (1996)","Annie Hall (1977) | African Queen, The (1951)",0.6373 | 0.5850 | 0.3446 | 0.1926 | 0.1511 | 0.1067 | 0.1010 | 0.0991 | 0.0766 | 0.0756,5,1,proposed_dual_expfam
498,"African Queen, The (1951)",3,0.2,0.6666666666666666,0.7039180890341347,0.5555555555555555,1.0,"Maltese Falcon, The (1941) | Annie Hall (1977) | North by Northwest (1959) | Long Kiss Goodnight, The (1996) | Taxi Driver (1976) | Frighteners, The (1996) | Event Horizon (1997) | Net, The (1995) | Donnie Brasco (1997) | Fifth Element, The (1997)","Maltese Falcon, The (1941) | North by Northwest (1959)",0.5850 | 0.2934 | 0.2430 | 0.1574 | 0.1267 | 0.1141 | 0.0895 | 0.0765 | 0.0642 | 0.0616,5,1,proposed_dual_expfam
514,Annie Hall (1977),3,0.3,1.0,0.86034433104172,0.6984126984126983,1.0,"Maltese Falcon, The (1941) | Arsenic and Old Lace (1944) | Citizen Kane (1941) | North by Northwest (1959) | Lawrence of Arabia (1962) | African Queen, The (1951) | Taxi Driver (1976) | Nutty Professor, The (1996) | Everyone Says I Love You (1996) | Much Ado About Nothing (1993)","Maltese Falcon, The (1941) | Citizen Kane (1941) | Taxi Driver (1976)",0.6373 | 0.6235 | 0.4380 | 0.3886 | 0.3076 | 0.2934 | 0.1522 | 0.1062 | 0.0751 | 0.0631,5,1,proposed_dual_expfam
525,"Big Sleep, The (1946)",2,0.1,0.5,0.38685280723454163,0.25,1.0,"Much Ado About Nothing (1993) | Vertigo (1958) | Everyone Says I Love You (1996) | Nutty Professor, The (1996) | Donnie Brasco (1997) | Six Degrees of Separation (1993) | Lone Star (1996) | Event Horizon (1997) | Midnight in the Garden of Good and Evil (1997) | Fly Away Home (1996)",Vertigo (1958),0.2830 | 0.2371 | 0.1529 | 0.1465 | 0.1215 | 0.1106 | 0.0973 | 0.0910 | 0.0869 | 0.0775,5,1,proposed_dual_expfam
527,Gandhi (1982),1,0.0,0.0,0.0,0.0,0.0,Kiss the Girls (1997) | Bound (1996) | This Is Spinal Tap (1984) | Tomorrow Never Dies (1997) | While You Were Sleeping (1995) | Glory (1989) | Crimson Tide (1995) | Sleepers (1996) | G.I. Jane (1997) | Die Hard 2 (1990),,0.3124 | 0.2143 | 0.1743 | 0.1451 | 0.1250 | 0.1133 | 0.1108 | 0.1080 | 0.1074 | 0.1063,5,1,proposed_dual_expfam
559,Interview with the Vampire (1994),3,0.2,0.6666666666666666,0.6713860725233041,0.5,1.0,"Cape Fear (1991) | Carrie (1976) | Reservoir Dogs (1992) | Abyss, The (1989) | I Know What You Did Last Summer (1997) | Fifth Element, The (1997) | Piano, The (1993) | Mystery Science Theater 3000: The Movie (1996) | Devil's Advocate, The (1997) | Mrs. Doubtfire (1993)","Cape Fear (1991) | Abyss, The (1989)",0.7051 | 0.5949 | 0.4754 | 0.2878 | 0.2846 | 0.2109 | 0.1793 | 0.1559 | 0.1473 | 0.1166,5,1,proposed_dual_expfam
566,Clear and Present Danger (1994),4,0.3,0.75,0.7541985434892589,0.5833333333333334,1.0,"Star Trek IV: The Voyage Home (1986) | Dave (1993) | Glory (1989) | Good Will Hunting (1997) | Gattaca (1997) | Stargate (1994) | Rumble in the Bronx (1995) | Tomorrow Never Dies (1997) | Mask, The (1994) | Mary Poppins (1964)","Star Trek IV: The Voyage Home (1986) | Dave (1993) | Mask, The (1994)",0.9473 | 0.7827 | 0.7300 | 0.5394 | 0.4173 | 0.4071 | 0.4021 | 0.3117 | 0.2900 | 0.2693,5,1,proposed_dual_expfam
591,Primal Fear (1996),2,0.0,0.0,0.0,0.0,0.0,"Crimson Tide (1995) | Die Hard 2 (1990) | Clear and Present Danger (1994) | Gandhi (1982) | GoldenEye (1995) | Client, The (1994) | Cape Fear (1991) | Absolute Power (1997) | G.I. Jane (1997) | Apt Pupil (1998)",,0.1418 | 0.0934 | 0.0931 | 0.0831 | 0.0733 | 0.0719 | 0.0644 | 0.0560 | 0.0507 | 0.0501,5,1,proposed_dual_expfam
628,Sleepers (1996),1,0.0,0.0,0.0,0.0,0.0,"Glory (1989) | Client, The (1994) | Gandhi (1982) | Clear and Present Danger (1994) | Gone with the Wind (1939) | North by Northwest (1959) | Tomorrow Never Dies (1997) | Mary Poppins (1964) | Die Hard 2 (1990) | Much Ado About Nothing (1993)",,0.1255 | 0.1127 | 0.1080 | 0.0991 | 0.0741 | 0.0655 | 0.0619 | 0.0596 | 0.0500 | 0.0498,5,1,proposed_dual_expfam
651,Glory (1989),1,0.0,0.0,0.0,0.0,0.0,Clear and Present Danger (1994) | Sneakers (1992) | Executive Decision (1996) | Crimson Tide (1995) | Gone with the Wind (1939) | GoldenEye (1995) | Mary Poppins (1964) | While You Were Sleeping (1995) | Die Hard 2 (1990) | Tomorrow Never Dies (1997),,0.7300 | 0.4945 | 0.3687 | 0.2771 | 0.2544 | 0.2336 | 0.2137 | 0.2119 | 0.1992 | 0.1435,5,1,proposed_dual_expfam
654,Chinatown (1974),2,0.1,0.5,0.6131471927654584,0.5,1.0,"Dr. Strangelove or: How I Learned to Stop Worrying and Love the Bomb (1963) | Donnie Brasco (1997) | Devil's Advocate, The (1997) | Event Horizon (1997) | Kiss the Girls (1997) | Lone Star (1996) | Face/Off (1997) | Basic Instinct (1992) | Midnight in the Garden of Good and Evil (1997) | Everyone Says I Love You (1996)",Dr. Strangelove or: How I Learned to Stop Worrying and Love the Bomb (1963),0.9123 | 0.4513 | 0.4085 | 0.2821 | 0.2348 | 0.2307 | 0.2196 | 0.1789 | 0.1360 | 0.1356,5,1,proposed_dual_expfam
659,Arsenic and Old Lace (1944),1,0.0,0.0,0.0,0.0,0.0,"Citizen Kane (1941) | Dr. Strangelove or: How I Learned to Stop Worrying and Love the Bomb (1963) | Annie Hall (1977) | Lawrence of Arabia (1962) | Taxi Driver (1976) | Vertigo (1958) | Everyone Says I Love You (1996) | Executive Decision (1996) | Donnie Brasco (1997) | Nutty Professor, The (1996)",,0.8633 | 0.8599 | 0.6235 | 0.4618 | 0.2258 | 0.1782 | 0.1511 | 0.1511 | 0.1440 | 0.1404,5,1,proposed_dual_expfam
685,Executive Decision (1996),1,0.0,0.0,0.0,0.0,0.0,"Glory (1989) | North by Northwest (1959) | Client, The (1994) | Gone with the Wind (1939) | Arsenic and Old Lace (1944) | Much Ado About Nothing (1993) | Mary Poppins (1964) | Star Trek: The Motion Picture (1979) | Spawn (1997) | GoldenEye (1995)",,0.3687 | 0.2682 | 0.2121 | 0.1768 | 0.1511 | 0.1372 | 0.1254 | 0.1242 | 0.1225 | 0.1213,5,1,proposed_dual_expfam
692,"American President, The (1995)",6,0.5,0.8333333333333334,0.8313773227400804,0.6759259259259259,1.0,"Crimson Tide (1995) | Sneakers (1992) | Mrs. Doubtfire (1993) | Highlander (1986) | Cape Fear (1991) | Mask, The (1994) | Reservoir Dogs (1992) | Mary Poppins (1964) | GoldenEye (1995) | Piano, The (1993)",Crimson Tide (1995) | Sneakers (1992) | Mrs. Doubtfire (1993) | Mary Poppins (1964) | GoldenEye (1995),0.7148 | 0.7124 | 0.6190 | 0.3313 | 0.3232 | 0.2720 | 0.2263 | 0.1564 | 0.1427 | 0.1363,5,1,proposed_dual_expfam
732,Dave (1993),6,0.3,0.5,0.5943907508440193,0.4047619047619047,1.0,Pretty Woman (1990) | Clear and Present Danger (1994) | Highlander (1986) | Star Trek: Generations (1994) | Tin Cup (1996) | Cape Fear (1991) | Die Hard 2 (1990) | Stargate (1994) | Mary Poppins (1964) | Young Frankenstein (1974),Pretty Woman (1990) | Clear and Present Danger (1994) | Die Hard 2 (1990),0.8906 | 0.7827 | 0.6224 | 0.4641 | 0.2633 | 0.1832 | 0.1798 | 0.1775 | 0.1702 | 0.1568,5,1,proposed_dual_expfam
739,Pretty Woman (1990),5,0.2,0.4,0.48522855511632257,0.3,1.0,"Dave (1993) | Mighty Aphrodite (1995) | Young Frankenstein (1974) | Highlander (1986) | Mary Poppins (1964) | Piano, The (1993) | Mystery Science Theater 3000: The Movie (1996) | Stargate (1994) | Postino, Il (1994) | Bram Stoker's Dracula (1992)",Dave (1993) | Highlander (1986),0.8906 | 0.6254 | 0.3190 | 0.3044 | 0.2623 | 0.2441 | 0.2340 | 0.2329 | 0.2152 | 0.1914,5,1,proposed_dual_expfam
1016,Con Air (1997),1,0.1,1.0,0.38685280723454163,0.2,1.0,"Cape Fear (1991) | Highlander (1986) | Abyss, The (1989) | Crimson Tide (1995) | Long Kiss Goodnight, The (1996) | Devil's Advocate, The (1997) | GoldenEye (1995) | Army of Darkness (1993) | Clear and Present Danger (1994) | Nightmare on Elm Street, A (1984)","Long Kiss Goodnight, The (1996)",0.5687 | 0.5064 | 0.3017 | 0.2478 | 0.2471 | 0.2461 | 0.2273 | 0.2013 | 0.1958 | 0.1875,5,1,proposed_dual_expfam
1101,Six Degrees of Separation (1993),1,0.0,0.0,0.0,0.0,0.0,"Big Sleep, The (1946) | Maltese Falcon, The (1941) | Dr. Strangelove or: How I Learned to Stop Worrying and Love the Bomb (1963) | Arsenic and Old Lace (1944) | Taxi Driver (1976) | Citizen Kane (1941) | North by Northwest (1959) | Kiss the Girls (1997) | Lawrence of Arabia (1962) | Everyone Says I Love You (1996)",,0.1106 | 0.1067 | 0.0826 | 0.0815 | 0.0700 | 0.0587 | 0.0381 | 0.0376 | 0.0360 | 0.0334,5,1,proposed_dual_expfam
2,GoldenEye (1995),5,0.4,0.8,0.5448928158232134,0.3666666666666666,1.0,"Carrie (1976) | Client, The (1994) | Army of Darkness (1993) | American President, The (1995) | In the Line of Fire (1993) | Cape Fear (1991) | Star Trek: Generations (1994) | Long Kiss Goodnight, The (1996) | Rumble in the Bronx (1995) | Star Trek III: The Search for Spock (1984)","Army of Darkness (1993) | American President, The (1995) | In the Line of Fire (1993) | Star Trek III: The Search for Spock (1984)",0.5270 | 0.4154 | 0.4018 | 0.4015 | 0.3797 | 0.2242 | 0.2145 | 0.2033 | 0.1994 | 0.1876,5,2,proposed_dual_expfam
13,Mighty Aphrodite (1995),1,0.0,0.0,0.0,0.0,0.0,"Mary Poppins (1964) | Ghost (1990) | Cape Fear (1991) | Birds, The (1963) | Pretty Woman (1990) | Mask, The (1994) | Mrs. Doubtfire (1993) | Mystery Science Theater 3000: The Movie (1996) | While You Were Sleeping (1995) | Dave (1993)",,0.1346 | 0.1314 | 0.1270 | 0.1009 | 0.0873 | 0.0730 | 0.0589 | 0.0554 | 0.0553 | 0.0511,5,2,proposed_dual_expfam
24,Rumble in the Bronx (1995),2,0.0,0.0,0.0,0.0,0.0,"Clear and Present Danger (1994) | Star Trek IV: The Voyage Home (1986) | Star Trek III: The Search for Spock (1984) | Star Trek: Generations (1994) | Lost World: Jurassic Park, The (1997) | Star Trek VI: The Undiscovered Country (1991) | GoldenEye (1995) | Dragonheart (1996) | Long Kiss Goodnight, The (1996) | Star Trek: The Motion Picture (1979)",,0.3804 | 0.3746 | 0.3247 | 0.2918 | 0.2247 | 0.2103 | 0.1994 | 0.1271 | 0.1208 | 0.0984,5,2,proposed_dual_expfam
31,Crimson Tide (1995),6,0.3,0.5,0.40885093048316934,0.22142857142857142,1.0,"Carrie (1976) | Cape Fear (1991) | Army of Darkness (1993) | Mary Poppins (1964) | Highlander (1986) | Devil's Advocate, The (1997) | Abyss, The (1989) | Birds, The (1963) | I Know What You Did Last Summer (1997) | Grease (1978)","Cape Fear (1991) | Highlander (1986) | Abyss, The (1989)",0.7748 | 0.7033 | 0.5507 | 0.5064 | 0.4399 | 0.3703 | 0.2829 | 0.2810 | 0.2224 | 0.2224,5,2,proposed_dual_expfam
55,"Professional, The (1994)",1,0.0,0.0,0.0,0.0,0.0,"Die Hard 2 (1990) | Clear and Present Danger (1994) | Carrie (1976) | Client, The (1994) | Cape Fear (1991) | GoldenEye (1995) | American President, The (1995) | Mary Poppins (1964) | Absolute Power (1997) | Birds, The (1963)",,0.2917 | 0.2542 | 0.1786 | 0.1727 | 0.1452 | 0.1417 | 0.1240 | 0.1058 | 0.1052 | 0.0885,5,2,proposed_dual_expfam
66,While You Were Sleeping (1995),4,0.4,1.0,0.9619991470595832,0.8928571428571428,1.0,"Mrs. Doubtfire (1993) | Pretty Woman (1990) | Mary Poppins (1964) | Sneakers (1992) | Client, The (1994) | Star Trek VI: The Undiscovered Country (1991) | Die Hard 2 (1990) | Gone with the Wind (1939) | Carrie (1976) | Grosse Pointe Blank (1997)",Mrs. Doubtfire (1993) | Pretty Woman (1990) | Mary Poppins (1964) | Die Hard 2 (1990),0.5812 | 0.4669 | 0.4034 | 0.3964 | 0.2255 | 0.2165 | 0.1953 | 0.1340 | 0.1247 | 0.1238,5,2,proposed_dual_expfam
72,"Mask, The (1994)",1,0.1,1.0,0.6309297535714575,0.5,1.0,"Star Trek IV: The Voyage Home (1986) | Mary Poppins (1964) | American President, The (1995) | Sneakers (1992) | Star Trek VI: The Undiscovered Country (1991) | Mystery Science Theater 3000: The Movie (1996) | Birds, The (1963) | Grosse Pointe Blank (1997) | Gone with the Wind (1939) | Abyss, The (1989)",Mary Poppins (1964),0.4588 | 0.4283 | 0.4114 | 0.3512 | 0.2895 | 0.1926 | 0.1767 | 0.1311 | 0.1271 | 0.1178,5,2,proposed_dual_expfam
109,Mystery Science Theater 3000: The Movie (1996),1,0.0,0.0,0.0,0.0,0.0,"Cape Fear (1991) | Birds, The (1963) | Star Trek IV: The Voyage Home (1986) | Ghost (1990) | Carrie (1976) | Pretty Woman (1990) | Star Trek VI: The Undiscovered Country (1991) | Interview with the Vampire (1994) | Abyss, The (1989) | Mary Poppins (1964)",,0.6189 | 0.5864 | 0.5464 | 0.4292 | 0.2793 | 0.2784 | 0.2449 | 0.2428 | 0.2358 | 0.2048,5,2,proposed_dual_expfam
133,Gone with the Wind (1939),2,0.0,0.0,0.0,0.0,0.0,"Dave (1993) | Mrs. Doubtfire (1993) | American President, The (1995) | Grease (1978) | Pretty Woman (1990) | Tin Cup (1996) | Sneakers (1992) | Clear and Present Danger (1994) | While You Were Sleeping (1995) | Mask, The (1994)",,0.5217 | 0.4479 | 0.4392 | 0.3112 | 0.2100 | 0.2015 | 0.1787 | 0.1577 | 0.1340 | 0.1271,5,2,proposed_dual_expfam
134,Citizen Kane (1941),1,0.1,1.0,1.0,1.0,1.0,"Annie Hall (1977) | Arsenic and Old Lace (1944) | Lawrence of Arabia (1962) | Six Degrees of Separation (1993) | Birds, The (1963) | Lone Star (1996) | This Is Spinal Tap (1984) | Lost Highway (1997) | Good Will Hunting (1997) | Bound (1996)",Annie Hall (1977),0.6989 | 0.6392 | 0.4225 | 0.4123 | 0.3965 | 0.3653 | 0.1856 | 0.1774 | 0.1587 | 0.1564,5,2,proposed_dual_expfam
147,"Long Kiss Goodnight, The (1996)",2,0.1,0.5,0.3065735963827292,0.16666666666666666,1.0,"Gattaca (1997) | Highlander (1986) | Primal Fear (1996) | Clear and Present Danger (1994) | Lost World: Jurassic Park, The (1997) | GoldenEye (1995) | Cop Land (1997) | Spawn (1997) | In the Line of Fire (1993) | Client, The (1994)",Primal Fear (1996),0.4430 | 0.3159 | 0.2378 | 0.2280 | 0.2126 | 0.2033 | 0.1638 | 0.1613 | 0.1605 | 0.1510,5,2,proposed_dual_expfam
156,Reservoir Dogs (1992),1,0.0,0.0,0.0,0.0,0.0,"Birds, The (1963) | Die Hard 2 (1990) | Mary Poppins (1964) | Absolute Power (1997) | Devil's Advocate, The (1997) | I Know What You Did Last Summer (1997) | Clear and Present Danger (1994) | Client, The (1994) | Arsenic and Old Lace (1944) | GoldenEye (1995)",,0.4517 | 0.2745 | 0.2369 | 0.1645 | 0.1260 | 0.1074 | 0.1047 | 0.1038 | 0.0953 | 0.0937,5,2,proposed_dual_expfam
164,"Abyss, The (1989)",4,0.3,0.75,0.7495275800817669,0.575,1.0,"Carrie (1976) | Crimson Tide (1995) | Mystery Science Theater 3000: The Movie (1996) | Army of Darkness (1993) | Clear and Present Danger (1994) | Mary Poppins (1964) | Die Hard 2 (1990) | Star Trek: Generations (1994) | Mask, The (1994) | Nightmare on Elm Street, A (1984)","Carrie (1976) | Crimson Tide (1995) | Nightmare on Elm Street, A (1984)",0.3667 | 0.2829 | 0.2358 | 0.2239 | 0.2123 | 0.1934 | 0.1363 | 0.1230 | 0.1178 | 0.1062,5,2,proposed_dual_expfam
184,Army of Darkness (1993),4,0.2,0.5,0.3853585682515056,0.20833333333333331,1.0,"Crimson Tide (1995) | Cape Fear (1991) | Star Trek VI: The Undiscovered Country (1991) | Carrie (1976) | Star Trek: Generations (1994) | GoldenEye (1995) | Star Trek III: The Search for Spock (1984) | Sneakers (1992) | Abyss, The (1989) | Pretty Woman (1990)",Cape Fear (1991) | GoldenEye (1995),0.5507 | 0.5107 | 0.5073 | 0.4616 | 0.4294 | 0.4018 | 0.3079 | 0.2569 | 0.2239 | 0.1888,5,2,proposed_dual_expfam
208,Young Frankenstein (1974),1,0.0,0.0,0.0,0.0,0.0,"Cape Fear (1991) | Birds, The (1963) | Star Trek IV: The Voyage Home (1986) | Ghost (1990) | Mystery Science Theater 3000: The Movie (1996) | Pretty Woman (1990) | Abyss, The (1989) | Mary Poppins (1964) | Carrie (1976) | Big Sleep, The (1946)",,0.1565 | 0.1434 | 0.1211 | 0.1194 | 0.0971 | 0.0751 | 0.0629 | 0.0626 | 0.0563 | 0.0501,5,2,proposed_dual_expfam
217,Bram Stoker's Dracula (1992),1,0.0,0.0,0.0,0.0,0.0,"Star Trek III: The Search for Spock (1984) | Frighteners, The (1996) | Star Trek VI: The Undiscovered Country (1991) | My Best Friend's Wedding (1997) | Star Trek IV: The Voyage Home (1986) | Dave (1993) | Annie Hall (1977) | Boogie Nights (1997) | Star Trek: Generations (1994) | Mrs. Doubtfire (1993)",,0.0776 | 0.0692 | 0.0579 | 0.0562 | 0.0554 | 0.0551 | 0.0539 | 0.0523 | 0.0480 | 0.0437,5,2,proposed_dual_expfam
218,Cape Fear (1991),3,0.3,1.0,0.6132756769356656,0.39999999999999997,1.0,"Ghost (1990) | Crimson Tide (1995) | Mary Poppins (1964) | Mystery Science Theater 3000: The Movie (1996) | Army of Darkness (1993) | Mrs. Doubtfire (1993) | Sneakers (1992) | Star Trek: Generations (1994) | Dave (1993) | Nightmare on Elm Street, A (1984)","Crimson Tide (1995) | Army of Darkness (1993) | Nightmare on Elm Street, A (1984)",0.7632 | 0.7033 | 0.6894 | 0.6189 | 0.5107 | 0.4395 | 0.3697 | 0.2760 | 0.2464 | 0.2444,5,2,proposed_dual_expfam
219,"Nightmare on Elm Street, A (1984)",3,0.3,1.0,0.5988943393645153,0.37777777777777777,1.0,"Star Trek IV: The Voyage Home (1986) | Cape Fear (1991) | Crimson Tide (1995) | Clear and Present Danger (1994) | Highlander (1986) | Abyss, The (1989) | Mystery Science Theater 3000: The Movie (1996) | GoldenEye (1995) | Die Hard 2 (1990) | Interview with the Vampire (1994)","Cape Fear (1991) | Abyss, The (1989) | Interview with the Vampire (1994)",0.2900 | 0.2444 | 0.1384 | 0.1328 | 0.1294 | 0.1062 | 0.1007 | 0.0974 | 0.0966 | 0.0825,5,2,proposed_dual_expfam
226,Die Hard 2 (1990),8,0.3,0.375,0.4555573948688692,0.24999999999999997,1.0,"American President, The (1995) | Carrie (1976) | Star Trek IV: The Voyage Home (1986) | Professional, The (1994) | Reservoir Dogs (1992) | Absolute Power (1997) | Mrs. Doubtfire (1993) | Mary Poppins (1964) | While You Were Sleeping (1995) | Devil's Advocate, The (1997)","American President, The (1995) | Star Trek IV: The Voyage Home (1986) | While You Were Sleeping (1995)",0.6467 | 0.5985 | 0.5268 | 0.2917 | 0.2745 | 0.2276 | 0.2211 | 0.2148 | 0.1953 | 0.1625,5,2,proposed_dual_expfam
227,Star Trek VI: The Undiscovered Country (1991),5,0.3,0.6,0.4856637624942473,0.29999999999999993,1.0,"Mrs. Doubtfire (1993) | Pretty Woman (1990) | Dave (1993) | Grease (1978) | Army of Darkness (1993) | Ghost (1990) | Mask, The (1994) | Mystery Science Theater 3000: The Movie (1996) | Star Trek: The Motion Picture (1979) | While You Were Sleeping (1995)",Pretty Woman (1990) | Dave (1993) | Star Trek: The Motion Picture (1979),0.7473 | 0.6757 | 0.6234 | 0.5605 | 0.5073 | 0.4572 | 0.2895 | 0.2449 | 0.2436 | 0.2165,5,2,proposed_dual_expfam
229,Star Trek III: The Search for Spock (1984),3,0.1,0.3333333333333333,0.13565197343244778,0.03333333333333333,1.0,"Mrs. Doubtfire (1993) | Dave (1993) | Fifth Element, The (1997) | Grease (1978) | Rumble in the Bronx (1995) | Army of Darkness (1993) | My Best Friend's Wedding (1997) | Stargate (1994) | Lost World: Jurassic Park, The (1997) | GoldenEye (1995)",GoldenEye (1995),0.4827 | 0.3860 | 0.3627 | 0.3335 | 0.3247 | 0.3079 | 0.2831 | 0.2817 | 0.2347 | 0.1876,5,2,proposed_dual_expfam
230,Star Trek IV: The Voyage Home (1986),4,0.4,1.0,0.9178287402913377,0.7928571428571429,1.0,"Highlander (1986) | Star Trek: Generations (1994) | Grease (1978) | Mystery Science Theater 3000: The Movie (1996) | Die Hard 2 (1990) | Mask, The (1994) | Star Trek: The Motion Picture (1979) | Rumble in the Bronx (1995) | Interview with the Vampire (1994) | Nightmare on Elm Street, A (1984)",Highlander (1986) | Star Trek: Generations (1994) | Die Hard 2 (1990) | Star Trek: The Motion Picture (1979),0.9165 | 0.9112 | 0.6906 | 0.5464 | 0.5268 | 0.4588 | 0.4553 | 0.3746 | 0.3023 | 0.2900,5,2,proposed_dual_expfam
248,Grosse Pointe Blank (1997),1,0.0,0.0,0.0,0.0,0.0,"Dave (1993) | Mrs. Doubtfire (1993) | American President, The (1995) | Grease (1978) | Pretty Woman (1990) | Sneakers (1992) | Mask, The (1994) | Clear and Present Danger (1994) | Gone with the Wind (1939) | While You Were Sleeping (1995)",,0.3609 | 0.3330 | 0.2694 | 0.2081 | 0.1980 | 0.1349 | 0.1311 | 0.1286 | 0.1239 | 0.1238,5,2,proposed_dual_expfam
250,"Fifth Element, The (1997)",2,0.0,0.0,0.0,0.0,0.0,"Star Trek III: The Search for Spock (1984) | Star Trek: Generations (1994) | Annie Hall (1977) | My Best Friend's Wedding (1997) | Star Trek IV: The Voyage Home (1986) | Dr. Strangelove or: How I Learned to Stop Worrying and Love the Bomb (1963) | Star Trek VI: The Undiscovered Country (1991) | African Queen, The (1951) | Boogie Nights (1997) | Lost World: Jurassic Park, The (1997)",,0.3627 | 0.2187 | 0.1917 | 0.1852 | 0.1767 | 0.1707 | 0.1557 | 0.1440 | 0.1363 | 0.1132,5,2,proposed_dual_expfam
298,Face/Off (1997),1,0.0,0.0,0.0,0.0,0.0,"Absolute Power (1997) | Crimson Tide (1995) | Carrie (1976) | Die Hard 2 (1990) | Devil's Advocate, The (1997) | GoldenEye (1995) | Reservoir Dogs (1992) | Taxi Driver (1976) | Professional, The (1994) | Birds, The (1963)",,0.3902 | 0.1769 | 0.1087 | 0.0850 | 0.0820 | 0.0777 | 0.0592 | 0.0430 | 0.0429 | 0.0401,5,2,proposed_dual_expfam
307,"Devil's Advocate, The (1997)",1,0.0,0.0,0.0,0.0,0.0,"Absolute Power (1997) | Crimson Tide (1995) | Die Hard 2 (1990) | Reservoir Dogs (1992) | Carrie (1976) | Client, The (1994) | Face/Off (1997) | Professional, The (1994) | GoldenEye (1995) | Birds, The (1963)",,0.6300 | 0.3703 | 0.1625 | 0.1260 | 0.1191 | 0.1062 | 0.0820 | 0.0810 | 0.0689 | 0.0639,5,2,proposed_dual_expfam
319,Everyone Says I Love You (1996),1,0.0,0.0,0.0,0.0,0.0,"Annie Hall (1977) | North by Northwest (1959) | Citizen Kane (1941) | Chinatown (1974) | Dr. Strangelove or: How I Learned to Stop Worrying and Love the Bomb (1963) | Boogie Nights (1997) | Big Sleep, The (1946) | Arsenic and Old Lace (1944) | Frighteners, The (1996) | Bound (1996)",,0.0401 | 0.0392 | 0.0334 | 0.0316 | 0.0291 | 0.0289 | 0.0288 | 0.0261 | 0.0260 | 0.0245,5,2,proposed_dual_expfam
326,G.I. Jane (1997),1,0.0,0.0,0.0,0.0,0.0,"African Queen, The (1951) | Big Sleep, The (1946) | Dr. Strangelove or: How I Learned to Stop Worrying and Love the Bomb (1963) | Birds, The (1963) | Fifth Element, The (1997) | Mystery Science Theater 3000: The Movie (1996) | Annie Hall (1977) | Cape Fear (1991) | Ghost (1990) | North by Northwest (1959)",,0.1438 | 0.0833 | 0.0671 | 0.0623 | 0.0457 | 0.0455 | 0.0433 | 0.0381 | 0.0359 | 0.0346,5,2,proposed_dual_expfam
380,Star Trek: Generations (1994),1,0.1,1.0,1.0,1.0,1.0,"Star Trek IV: The Voyage Home (1986) | Army of Darkness (1993) | Rumble in the Bronx (1995) | Cape Fear (1991) | Sneakers (1992) | Fifth Element, The (1997) | GoldenEye (1995) | Star Trek: The Motion Picture (1979) | Grease (1978) | Stargate (1994)",Star Trek IV: The Voyage Home (1986),0.9112 | 0.4294 | 0.2918 | 0.2760 | 0.2734 | 0.2187 | 0.2145 | 0.2052 | 0.1885 | 0.1815,5,2,proposed_dual_expfam
393,Mrs. Doubtfire (1993),5,0.3,0.6,0.6992148198508501,0.55,1.0,Grease (1978) | Pretty Woman (1990) | Star Trek VI: The Undiscovered Country (1991) | While You Were Sleeping (1995) | Star Trek III: The Search for Spock (1984) | Stargate (1994) | Gone with the Wind (1939) | Cape Fear (1991) | Highlander (1986) | Grosse Pointe Blank (1997),Grease (1978) | Pretty Woman (1990) | While You Were Sleeping (1995),0.8811 | 0.8575 | 0.7473 | 0.5812 | 0.4827 | 0.4562 | 0.4479 | 0.4395 | 0.3970 | 0.3330,5,2,proposed_dual_expfam
402,Ghost (1990),4,0.2,0.5,0.23599633571930026,0.08125,1.0,"Cape Fear (1991) | Birds, The (1963) | Mary Poppins (1964) | Star Trek VI: The Undiscovered Country (1991) | Mystery Science Theater 3000: The Movie (1996) | Army of Darkness (1993) | Carrie (1976) | American President, The (1995) | Mighty Aphrodite (1995) | Crimson Tide (1995)","American President, The (1995) | Crimson Tide (1995)",0.7632 | 0.5471 | 0.5249 | 0.4572 | 0.4292 | 0.1842 | 0.1640 | 0.1322 | 0.1314 | 0.1267,5,2,proposed_dual_expfam
419,Mary Poppins (1964),2,0.2,1.0,0.45560514958746035,0.26666666666666666,1.0,"Cape Fear (1991) | Ghost (1990) | Crimson Tide (1995) | Pretty Woman (1990) | Mask, The (1994) | While You Were Sleeping (1995) | Dave (1993) | Reservoir Dogs (1992) | Die Hard 2 (1990) | Mystery Science Theater 3000: The Movie (1996)","Mask, The (1994) | While You Were Sleeping (1995)",0.6894 | 0.5249 | 0.5064 | 0.4414 | 0.4283 | 0.4034 | 0.2947 | 0.2369 | 0.2148 | 0.2048,5,2,proposed_dual_expfam
431,Highlander (1986),5,0.3,0.6,0.6295516106099184,0.4333333333333333,1.0,"Star Trek IV: The Voyage Home (1986) | Carrie (1976) | Crimson Tide (1995) | American President, The (1995) | Mrs. Doubtfire (1993) | In the Line of Fire (1993) | Long Kiss Goodnight, The (1996) | Client, The (1994) | Executive Decision (1996) | Star Trek: The Motion Picture (1979)",Star Trek IV: The Voyage Home (1986) | Crimson Tide (1995) | In the Line of Fire (1993),0.9165 | 0.5627 | 0.4399 | 0.4211 | 0.3970 | 0.3913 | 0.3159 | 0.2939 | 0.2834 | 0.2371,5,2,proposed_dual_expfam
443,"Birds, The (1963)",1,0.0,0.0,0.0,0.0,0.0,"Arsenic and Old Lace (1944) | Mystery Science Theater 3000: The Movie (1996) | Ghost (1990) | Reservoir Dogs (1992) | Maltese Falcon, The (1941) | Citizen Kane (1941) | Vertigo (1958) | Star Trek IV: The Voyage Home (1986) | Crimson Tide (1995) | This Is Spinal Tap (1984)",,0.6858 | 0.5864 | 0.5471 | 0.4517 | 0.4457 | 0.3965 | 0.3171 | 0.2836 | 0.2810 | 0.2293,5,2,proposed_dual_expfam
447,Carrie (1976),3,0.1,0.3333333333333333,0.15642624200758548,0.047619047619047616,1.0,"Crimson Tide (1995) | Clear and Present Danger (1994) | Die Hard 2 (1990) | Highlander (1986) | GoldenEye (1995) | Army of Darkness (1993) | Abyss, The (1989) | Mystery Science Theater 3000: The Movie (1996) | Interview with the Vampire (1994) | Client, The (1994)","Abyss, The (1989)",0.7748 | 0.6519 | 0.5985 | 0.5627 | 0.5270 | 0.4616 | 0.3667 | 0.2793 | 0.2621 | 0.2364,5,2,proposed_dual_expfam
449,Star Trek: The Motion Picture (1979),2,0.2,1.0,0.9197207891481876,0.8333333333333333,1.0,Star Trek IV: The Voyage Home (1986) | Clear and Present Danger (1994) | Star Trek VI: The Undiscovered Country (1991) | Highlander (1986) | Star Trek: Generations (1994) | Army of Darkness (1993) | GoldenEye (1995) | Crimson Tide (1995) | Sneakers (1992) | Carrie (1976),Star Trek IV: The Voyage Home (1986) | Star Trek VI: The Undiscovered Country (1991),0.4553 | 0.4469 | 0.2436 | 0.2371 | 0.2052 | 0.1724 | 0.1617 | 0.1430 | 0.1203 | 0.1127,5,2,proposed_dual_expfam
451,Grease (1978),3,0.2,0.6666666666666666,0.7653606369886217,0.6666666666666666,1.0,"Mrs. Doubtfire (1993) | American President, The (1995) | Star Trek IV: The Voyage Home (1986) | Star Trek VI: The Undiscovered Country (1991) | Client, The (1994) | Stargate (1994) | Star Trek III: The Search for Spock (1984) | Gone with the Wind (1939) | In the Line of Fire (1993) | Cape Fear (1991)","Mrs. Doubtfire (1993) | American President, The (1995)",0.8811 | 0.8636 | 0.6906 | 0.5605 | 0.3796 | 0.3585 | 0.3335 | 0.3112 | 0.2595 | 0.2290,5,2,proposed_dual_expfam
479,Vertigo (1958),1,0.1,1.0,0.3562071871080222,0.16666666666666666,1.0,"Dr. Strangelove or: How I Learned to Stop Worrying and Love the Bomb (1963) | Lawrence of Arabia (1962) | Arsenic and Old Lace (1944) | Birds, The (1963) | Annie Hall (1977) | North by Northwest (1959) | Six Degrees of Separation (1993) | Taxi Driver (1976) | Event Horizon (1997) | Lone Star (1996)",North by Northwest (1959),0.5078 | 0.3780 | 0.3514 | 0.3171 | 0.2831 | 0.2816 | 0.1757 | 0.1713 | 0.1456 | 0.1252,5,2,proposed_dual_expfam
480,North by Northwest (1959),1,0.1,1.0,0.6309297535714575,0.5,1.0,"Annie Hall (1977) | Vertigo (1958) | Birds, The (1963) | Six Degrees of Separation (1993) | Lawrence of Arabia (1962) | This Is Spinal Tap (1984) | Boogie Nights (1997) | Lone Star (1996) | Lost Highway (1997) | Mystery Science Theater 3000: The Movie (1996)",Vertigo (1958),0.4122 | 0.2816 | 0.2193 | 0.2040 | 0.1275 | 0.1110 | 0.1067 | 0.1013 | 0.0559 | 0.0555,5,2,proposed_dual_expfam
484,"Maltese Falcon, The (1941)",2,0.2,1.0,0.9197207891481876,0.8333333333333333,1.0,"Chinatown (1974) | Birds, The (1963) | Annie Hall (1977) | Six Degrees of Separation (1993) | Taxi Driver (1976) | Event Horizon (1997) | This Is Spinal Tap (1984) | Lone Star (1996) | Interview with the Vampire (1994) | Mystery Science Theater 3000: The Movie (1996)",Chinatown (1974) | Annie Hall (1977),0.8350 | 0.4457 | 0.2096 | 0.1453 | 0.1228 | 0.1171 | 0.0869 | 0.0574 | 0.0480 | 0.0472,5,2,proposed_dual_expfam
498,"African Queen, The (1951)",1,0.0,0.0,0.0,0.0,0.0,"Event Horizon (1997) | Annie Hall (1977) | Taxi Driver (1976) | Con Air (1997) | Fifth Element, The (1997) | G.I. Jane (1997) | Mystery Science Theater 3000: The Movie (1996) | Interview with the Vampire (1994) | Boogie Nights (1997) | Abyss, The (1989)",,0.5911 | 0.5538 | 0.3807 | 0.1821 | 0.1440 | 0.1438 | 0.1257 | 0.0959 | 0.0812 | 0.0689,5,2,proposed_dual_expfam
514,Annie Hall (1977),2,0.2,1.0,0.8065735963827293,0.625,1.0,"Citizen Kane (1941) | African Queen, The (1951) | North by Northwest (1959) | Vertigo (1958) | Arsenic and Old Lace (1944) | Lawrence of Arabia (1962) | Boogie Nights (1997) | Maltese Falcon, The (1941) | Lone Star (1996) | Fifth Element, The (1997)","Citizen Kane (1941) | Maltese Falcon, The (1941)",0.6989 | 0.5538 | 0.4122 | 0.2831 | 0.2226 | 0.2220 | 0.2129 | 0.2096 | 0.2059 | 0.1917,5,2,proposed_dual_expfam
559,Interview with the Vampire (1994),3,0.0,0.0,0.0,0.0,0.0,"Star Trek IV: The Voyage Home (1986) | Carrie (1976) | Mystery Science Theater 3000: The Movie (1996) | Big Sleep, The (1946) | Pretty Woman (1990) | Arsenic and Old Lace (1944) | Citizen Kane (1941) | African Queen, The (1951) | Mary Poppins (1964) | Chinatown (1974)",,0.3023 | 0.2621 | 0.2428 | 0.1687 | 0.1112 | 0.1084 | 0.1063 | 0.0959 | 0.0931 | 0.0916,5,2,proposed_dual_expfam
566,Clear and Present Danger (1994),1,0.1,1.0,1.0,1.0,1.0,"Pretty Woman (1990) | Stargate (1994) | Carrie (1976) | Glory (1989) | Star Trek: The Motion Picture (1979) | Rumble in the Bronx (1995) | Professional, The (1994) | Long Kiss Goodnight, The (1996) | Sleepers (1996) | Abyss, The (1989)",Pretty Woman (1990),0.7310 | 0.6735 | 0.6519 | 0.5174 | 0.4469 | 0.3804 | 0.2542 | 0.2280 | 0.2263 | 0.2123,5,2,proposed_dual_expfam
591,Primal Fear (1996),1,0.1,1.0,0.6309297535714575,0.5,1.0,"Gattaca (1997) | Long Kiss Goodnight, The (1996) | Cop Land (1997) | Apt Pupil (1998) | My Best Friend's Wedding (1997) | Gandhi (1982) | Donnie Brasco (1997) | Client, The (1994) | Spawn (1997) | Highlander (1986)","Long Kiss Goodnight, The (1996)",0.4859 | 0.2378 | 0.2368 | 0.1920 | 0.1416 | 0.1265 | 0.1134 | 0.0897 | 0.0867 | 0.0702,5,2,proposed_dual_expfam
654,Chinatown (1974),1,0.1,1.0,1.0,1.0,1.0,"Maltese Falcon, The (1941) | Lone Star (1996) | Lost Highway (1997) | Event Horizon (1997) | Bound (1996) | Piano, The (1993) | Absolute Power (1997) | Mary Poppins (1964) | Good Will Hunting (1997) | Donnie Brasco (1997)","Maltese Falcon, The (1941)",0.8350 | 0.3720 | 0.2412 | 0.1609 | 0.1375 | 0.1187 | 0.1028 | 0.0991 | 0.0956 | 0.0947,5,2,proposed_dual_expfam
684,In the Line of Fire (1993),5,0.3,0.6,0.6661998717660157,0.48571428571428565,1.0,"Highlander (1986) | GoldenEye (1995) | Mrs. Doubtfire (1993) | Grease (1978) | Executive Decision (1996) | Sleepers (1996) | Dave (1993) | Long Kiss Goodnight, The (1996) | Glory (1989) | Stargate (1994)",Highlander (1986) | GoldenEye (1995) | Dave (1993),0.3913 | 0.3797 | 0.2637 | 0.2595 | 0.2463 | 0.1979 | 0.1761 | 0.1605 | 0.1534 | 0.1343,5,2,proposed_dual_expfam
692,"American President, The (1995)",4,0.3,0.75,0.7668091220635322,0.6071428571428571,1.0,"Grease (1978) | Die Hard 2 (1990) | Gone with the Wind (1939) | Highlander (1986) | Stargate (1994) | Mask, The (1994) | GoldenEye (1995) | Executive Decision (1996) | Sleepers (1996) | Grosse Pointe Blank (1997)",Grease (1978) | Die Hard 2 (1990) | GoldenEye (1995),0.8636 | 0.6467 | 0.4392 | 0.4211 | 0.4148 | 0.4114 | 0.4015 | 0.3188 | 0.3158 | 0.2694,5,2,proposed_dual_expfam
732,Dave (1993),6,0.1,0.16666666666666666,0.30260241349881345,0.16666666666666666,1.0,Star Trek VI: The Undiscovered Country (1991) | Gone with the Wind (1939) | Tin Cup (1996) | Stargate (1994) | Star Trek III: The Search for Spock (1984) | Grosse Pointe Blank (1997) | Mary Poppins (1964) | My Best Friend's Wedding (1997) | Cape Fear (1991) | Highlander (1986),Star Trek VI: The Undiscovered Country (1991),0.6234 | 0.5217 | 0.4090 | 0.3951 | 0.3860 | 0.3609 | 0.2947 | 0.2466 | 0.2464 | 0.2281,5,2,proposed_dual_expfam
739,Pretty Woman (1990),6,0.4,0.6666666666666666,0.7751482523375255,0.6666666666666666,1.0,Mrs. Doubtfire (1993) | Clear and Present Danger (1994) | Star Trek VI: The Undiscovered Country (1991) | While You Were Sleeping (1995) | Mary Poppins (1964) | Mystery Science Theater 3000: The Movie (1996) | Stargate (1994) | Gone with the Wind (1939) | Grosse Pointe Blank (1997) | Army of Darkness (1993),Mrs. Doubtfire (1993) | Clear and Present Danger (1994) | Star Trek VI: The Undiscovered Country (1991) | While You Were Sleeping (1995),0.8575 | 0.7310 | 0.6757 | 0.4669 | 0.4414 | 0.2784 | 0.2473 | 0.2100 | 0.1980 | 0.1888,5,2,proposed_dual_expfam
1016,Con Air (1997),2,0.0,0.0,0.0,0.0,0.0,"African Queen, The (1951) | Lawrence of Arabia (1962) | Taxi Driver (1976) | Event Horizon (1997) | Carrie (1976) | Big Sleep, The (1946) | Apt Pupil (1998) | Devil's Advocate, The (1997) | Vertigo (1958) | Net, The (1995)",,0.1821 | 0.1762 | 0.1546 | 0.1437 | 0.1190 | 0.0688 | 0.0677 | 0.0616 | 0.0607 | 0.0533,5,2,proposed_dual_expfam
2,GoldenEye (1995),2,0.2,1.0,0.5012658353418871,0.325,1.0,"Ghost (1990) | Client, The (1994) | Pretty Woman (1990) | Clear and Present Danger (1994) | Dave (1993) | Star Trek: Generations (1994) | Grease (1978) | Abyss, The (1989) | Interview with the Vampire (1994) | Gandhi (1982)",Clear and Present Danger (1994) | Dave (1993),0.7238 | 0.5208 | 0.4093 | 0.3841 | 0.3023 | 0.2572 | 0.2528 | 0.2132 | 0.1728 | 0.1558,8,0,proposed_dual_expfam
23,Taxi Driver (1976),1,0.0,0.0,0.0,0.0,0.0,"Fifth Element, The (1997) | Apt Pupil (1998) | Mystery Science Theater 3000: The Movie (1996) | Midnight in the Garden of Good and Evil (1997) | Long Kiss Goodnight, The (1996) | G.I. Jane (1997) | Absolute Power (1997) | African Queen, The (1951) | North by Northwest (1959) | Maltese Falcon, The (1941)",,0.5516 | 0.3928 | 0.3458 | 0.2712 | 0.2341 | 0.1736 | 0.1717 | 0.1709 | 0.1628 | 0.1617,8,0,proposed_dual_expfam
31,Crimson Tide (1995),6,0.4,0.6666666666666666,0.5467563801677131,0.3611111111111111,1.0,"Army of Darkness (1993) | In the Line of Fire (1993) | Client, The (1994) | Grease (1978) | American President, The (1995) | Young Frankenstein (1974) | Star Trek III: The Search for Spock (1984) | Batman Returns (1992) | Glory (1989) | Sneakers (1992)","In the Line of Fire (1993) | Client, The (1994) | American President, The (1995) | Sneakers (1992)",0.8867 | 0.8499 | 0.7004 | 0.5840 | 0.5227 | 0.5030 | 0.4794 | 0.3862 | 0.3819 | 0.3715,8,0,proposed_dual_expfam
62,Stargate (1994),3,0.1,0.3333333333333333,0.14126697285982898,0.037037037037037035,1.0,"Rumble in the Bronx (1995) | Reservoir Dogs (1992) | Batman Returns (1992) | Professional, The (1994) | Army of Darkness (1993) | Abyss, The (1989) | Grease (1978) | Cape Fear (1991) | Star Trek IV: The Voyage Home (1986) | This Is Spinal Tap (1984)",Star Trek IV: The Voyage Home (1986),0.2199 | 0.1935 | 0.1621 | 0.1596 | 0.1497 | 0.1264 | 0.0905 | 0.0892 | 0.0854 | 0.0841,8,0,proposed_dual_expfam
66,While You Were Sleeping (1995),4,0.2,0.5,0.4144299250118475,0.25,1.0,"Young Frankenstein (1974) | American President, The (1995) | Abyss, The (1989) | Mary Poppins (1964) | Birds, The (1963) | Big Sleep, The (1946) | Carrie (1976) | Interview with the Vampire (1994) | Star Trek III: The Search for Spock (1984) | Batman Returns (1992)","American President, The (1995) | Mary Poppins (1964)",0.5734 | 0.4721 | 0.4586 | 0.3926 | 0.3759 | 0.3745 | 0.3619 | 0.2578 | 0.2320 | 0.2277,8,0,proposed_dual_expfam
72,"Mask, The (1994)",4,0.3,0.75,0.5363781864793108,0.35,1.0,"Army of Darkness (1993) | Grease (1978) | In the Line of Fire (1993) | American President, The (1995) | Clear and Present Danger (1994) | Cape Fear (1991) | Reservoir Dogs (1992) | Interview with the Vampire (1994) | Professional, The (1994) | Highlander (1986)",Grease (1978) | Clear and Present Danger (1994) | Cape Fear (1991),0.4270 | 0.3924 | 0.3286 | 0.2826 | 0.2459 | 0.1751 | 0.1605 | 0.1447 | 0.1377 | 0.1173,8,0,proposed_dual_expfam
83,Much Ado About Nothing (1993),1,0.0,0.0,0.0,0.0,0.0,"Annie Hall (1977) | Fifth Element, The (1997) | Mystery Science Theater 3000: The Movie (1996) | My Best Friend's Wedding (1997) | Executive Decision (1996) | Primal Fear (1996) | Tin Cup (1996) | Taxi Driver (1976) | Emma (1996) | Con Air (1997)",,0.4248 | 0.3400 | 0.2980 | 0.2919 | 0.2309 | 0.2235 | 0.1432 | 0.1368 | 0.1235 | 0.1150,8,0,proposed_dual_expfam
124,Lone Star (1996),1,0.0,0.0,0.0,0.0,0.0,Cop Land (1997) | Grosse Pointe Blank (1997) | Kiss the Girls (1997) | Primal Fear (1996) | Donnie Brasco (1997) | Midnight in the Garden of Good and Evil (1997) | Sleepers (1996) | Absolute Power (1997) | My Best Friend's Wedding (1997) | G.I. Jane (1997),,0.2471 | 0.1666 | 0.1048 | 0.1000 | 0.0902 | 0.0853 | 0.0678 | 0.0657 | 0.0570 | 0.0541,8,0,proposed_dual_expfam
129,Bound (1996),1,0.0,0.0,0.0,0.0,0.0,"Primal Fear (1996) | Gone with the Wind (1939) | Client, The (1994) | Big Sleep, The (1946) | Emma (1996) | Tin Cup (1996) | This Is Spinal Tap (1984) | My Best Friend's Wedding (1997) | Sleepers (1996) | Six Degrees of Separation (1993)",,0.2523 | 0.2323 | 0.1811 | 0.1140 | 0.1096 | 0.0944 | 0.0868 | 0.0811 | 0.0610 | 0.0570,8,0,proposed_dual_expfam
133,Gone with the Wind (1939),2,0.0,0.0,0.0,0.0,0.0,"Bound (1996) | Big Sleep, The (1946) | Clear and Present Danger (1994) | Mrs. Doubtfire (1993) | This Is Spinal Tap (1984) | Glory (1989) | Batman Returns (1992) | Grease (1978) | In the Line of Fire (1993) | Professional, The (1994)",,0.2323 | 0.2107 | 0.1410 | 0.1287 | 0.1264 | 0.1106 | 0.1026 | 0.0902 | 0.0830 | 0.0780,8,0,proposed_dual_expfam
134,Citizen Kane (1941),2,0.2,1.0,0.48381288316677695,0.26666666666666666,1.0,"Mystery Science Theater 3000: The Movie (1996) | Lawrence of Arabia (1962) | Chinatown (1974) | Fifth Element, The (1997) | Apt Pupil (1998) | Emma (1996) | Birds, The (1963) | Nightmare on Elm Street, A (1984) | Six Degrees of Separation (1993) | Vertigo (1958)",Chinatown (1974) | Vertigo (1958),0.6531 | 0.3295 | 0.2875 | 0.2674 | 0.2197 | 0.1659 | 0.1609 | 0.1262 | 0.0903 | 0.0872,8,0,proposed_dual_expfam
147,"Long Kiss Goodnight, The (1996)",2,0.1,0.5,0.23719771276929622,0.1,1.0,"Taxi Driver (1976) | Fifth Element, The (1997) | Grosse Pointe Blank (1997) | Scream 2 (1997) | Con Air (1997) | Face/Off (1997) | Event Horizon (1997) | Chinatown (1974) | Reservoir Dogs (1992) | Rumble in the Bronx (1995)",Con Air (1997),0.2341 | 0.1653 | 0.1421 | 0.1236 | 0.0975 | 0.0965 | 0.0815 | 0.0793 | 0.0539 | 0.0536,8,0,proposed_dual_expfam
164,"Abyss, The (1989)",2,0.1,0.5,0.3065735963827292,0.16666666666666666,1.0,"While You Were Sleeping (1995) | Lawrence of Arabia (1962) | Cape Fear (1991) | GoldenEye (1995) | Grease (1978) | Star Trek III: The Search for Spock (1984) | Big Sleep, The (1946) | Young Frankenstein (1974) | Die Hard 2 (1990) | Star Trek: The Motion Picture (1979)",Cape Fear (1991),0.4586 | 0.4161 | 0.2357 | 0.2132 | 0.2102 | 0.2053 | 0.1953 | 0.1791 | 0.1742 | 0.1723,8,0,proposed_dual_expfam
184,Army of Darkness (1993),1,0.0,0.0,0.0,0.0,0.0,"Crimson Tide (1995) | Star Trek VI: The Undiscovered Country (1991) | Grease (1978) | Star Trek III: The Search for Spock (1984) | Mask, The (1994) | Dragonheart (1996) | Batman Returns (1992) | Ghost (1990) | Scream 2 (1997) | Star Trek: Generations (1994)",,0.8867 | 0.6840 | 0.4305 | 0.4295 | 0.4270 | 0.3536 | 0.3377 | 0.3265 | 0.2507 | 0.2325,8,0,proposed_dual_expfam
208,Young Frankenstein (1974),2,0.1,0.5,0.18457569677956817,0.05555555555555555,1.0,"Mary Poppins (1964) | Ghost (1990) | While You Were Sleeping (1995) | Big Sleep, The (1946) | Carrie (1976) | Crimson Tide (1995) | Birds, The (1963) | Grease (1978) | Interview with the Vampire (1994) | Dave (1993)",Interview with the Vampire (1994),0.7501 | 0.6593 | 0.5734 | 0.5281 | 0.5211 | 0.5030 | 0.4903 | 0.4407 | 0.4401 | 0.3914,8,0,proposed_dual_expfam
218,Cape Fear (1991),4,0.2,0.5,0.29127873064148246,0.125,1.0,"Ghost (1990) | Young Frankenstein (1974) | Grease (1978) | Abyss, The (1989) | Mary Poppins (1964) | Batman Returns (1992) | Mrs. Doubtfire (1993) | Mask, The (1994) | In the Line of Fire (1993) | Star Trek III: The Search for Spock (1984)","Abyss, The (1989) | Mask, The (1994)",0.4365 | 0.3561 | 0.3533 | 0.2357 | 0.2206 | 0.2125 | 0.1790 | 0.1751 | 0.1690 | 0.1676,8,0,proposed_dual_expfam
219,"Nightmare on Elm Street, A (1984)",2,0.0,0.0,0.0,0.0,0.0,"Vertigo (1958) | Citizen Kane (1941) | Lawrence of Arabia (1962) | Star Trek IV: The Voyage Home (1986) | African Queen, The (1951) | Young Frankenstein (1974) | While You Were Sleeping (1995) | Lost Highway (1997) | North by Northwest (1959) | Chinatown (1974)",,0.2808 | 0.1262 | 0.1223 | 0.1106 | 0.1050 | 0.0922 | 0.0868 | 0.0853 | 0.0747 | 0.0686,8,0,proposed_dual_expfam
226,Die Hard 2 (1990),1,0.1,1.0,0.3333333333333333,0.14285714285714285,1.0,"Basic Instinct (1992) | Star Trek: Generations (1994) | Reservoir Dogs (1992) | Carrie (1976) | Glory (1989) | Gandhi (1982) | Pretty Woman (1990) | Spawn (1997) | Abyss, The (1989) | Young Frankenstein (1974)",Pretty Woman (1990),0.5807 | 0.4632 | 0.3924 | 0.3464 | 0.3404 | 0.3373 | 0.2660 | 0.2613 | 0.1742 | 0.1708,8,0,proposed_dual_expfam
227,Star Trek VI: The Undiscovered Country (1991),4,0.1,0.25,0.19519002499605084,0.08333333333333333,1.0,"Ghost (1990) | Army of Darkness (1993) | Clear and Present Danger (1994) | Reservoir Dogs (1992) | Grease (1978) | Rumble in the Bronx (1995) | Client, The (1994) | Spawn (1997) | Interview with the Vampire (1994) | While You Were Sleeping (1995)",Clear and Present Danger (1994),0.7395 | 0.6840 | 0.4261 | 0.4228 | 0.2856 | 0.2706 | 0.2657 | 0.2021 | 0.1924 | 0.1873,8,0,proposed_dual_expfam
229,Star Trek III: The Search for Spock (1984),2,0.0,0.0,0.0,0.0,0.0,"Crimson Tide (1995) | Army of Darkness (1993) | Grease (1978) | American President, The (1995) | While You Were Sleeping (1995) | Abyss, The (1989) | Reservoir Dogs (1992) | Dave (1993) | Cape Fear (1991) | Mrs. Doubtfire (1993)",,0.4794 | 0.4295 | 0.3346 | 0.2901 | 0.2320 | 0.2053 | 0.1939 | 0.1836 | 0.1676 | 0.1363,8,0,proposed_dual_expfam
230,Star Trek IV: The Voyage Home (1986),4,0.3,0.75,0.49344424459786884,0.31547619047619047,1.0,"Grease (1978) | Reservoir Dogs (1992) | Star Trek: Generations (1994) | Clear and Present Danger (1994) | Interview with the Vampire (1994) | Birds, The (1963) | Sneakers (1992) | Young Frankenstein (1974) | Batman Returns (1992) | Mary Poppins (1964)",Star Trek: Generations (1994) | Clear and Present Danger (1994) | Sneakers (1992),0.5993 | 0.5135 | 0.4966 | 0.4659 | 0.3812 | 0.3102 | 0.2939 | 0.2798 | 0.2397 | 0.1336,8,0,proposed_dual_expfam
239,Sneakers (1992),6,0.4,0.6666666666666666,0.5734133100049832,0.4146825396825397,1.0,"Client, The (1994) | Crimson Tide (1995) | Star Trek IV: The Voyage Home (1986) | Ghost (1990) | Executive Decision (1996) | Army of Darkness (1993) | American President, The (1995) | Reservoir Dogs (1992) | Star Trek: Generations (1994) | Primal Fear (1996)","Crimson Tide (1995) | Star Trek IV: The Voyage Home (1986) | Ghost (1990) | American President, The (1995)",0.3870 | 0.3715 | 0.2939 | 0.2419 | 0.1967 | 0.1740 | 0.1736 | 0.1604 | 0.1404 | 0.1396,8,0,proposed_dual_expfam
248,Grosse Pointe Blank (1997),1,0.1,1.0,0.3333333333333333,0.14285714285714285,1.0,"Absolute Power (1997) | Primal Fear (1996) | Midnight in the Garden of Good and Evil (1997) | Lone Star (1996) | Scream 2 (1997) | Long Kiss Goodnight, The (1996) | Donnie Brasco (1997) | Everyone Says I Love You (1996) | Executive Decision (1996) | Con Air (1997)",Donnie Brasco (1997),0.2821 | 0.2656 | 0.2139 | 0.1666 | 0.1439 | 0.1421 | 0.1135 | 0.0969 | 0.0804 | 0.0705,8,0,proposed_dual_expfam
250,"Fifth Element, The (1997)",1,0.0,0.0,0.0,0.0,0.0,"Taxi Driver (1976) | Much Ado About Nothing (1993) | Face/Off (1997) | Citizen Kane (1941) | Scream 2 (1997) | Long Kiss Goodnight, The (1996) | Dragonheart (1996) | Apt Pupil (1998) | Reservoir Dogs (1992) | Fly Away Home (1996)",,0.5516 | 0.3400 | 0.3334 | 0.2674 | 0.2072 | 0.1653 | 0.1393 | 0.1317 | 0.1104 | 0.1035,8,0,proposed_dual_expfam
274,Sabrina (1995),1,0.0,0.0,0.0,0.0,0.0,"Scream 2 (1997) | Army of Darkness (1993) | Donnie Brasco (1997) | Craft, The (1996) | Gattaca (1997) | Fifth Element, The (1997) | Basic Instinct (1992) | Devil's Advocate, The (1997) | Cop Land (1997) | Absolute Power (1997)",,0.0923 | 0.0480 | 0.0479 | 0.0433 | 0.0405 | 0.0302 | 0.0293 | 0.0279 | 0.0278 | 0.0270,8,0,proposed_dual_expfam
284,Tin Cup (1996),1,0.0,0.0,0.0,0.0,0.0,"Mrs. Doubtfire (1993) | Much Ado About Nothing (1993) | Batman Returns (1992) | Grease (1978) | This Is Spinal Tap (1984) | Bound (1996) | American President, The (1995) | Mary Poppins (1964) | Annie Hall (1977) | Gone with the Wind (1939)",,0.1662 | 0.1432 | 0.1184 | 0.1179 | 0.1099 | 0.0944 | 0.0910 | 0.0875 | 0.0833 | 0.0693,8,0,proposed_dual_expfam
291,Absolute Power (1997),2,0.0,0.0,0.0,0.0,0.0,"Dragonheart (1996) | Grosse Pointe Blank (1997) | Executive Decision (1996) | Scream 2 (1997) | Taxi Driver (1976) | Midnight in the Garden of Good and Evil (1997) | Devil's Advocate, The (1997) | Basic Instinct (1992) | Donnie Brasco (1997) | Chinatown (1974)",,0.4347 | 0.2821 | 0.2476 | 0.2358 | 0.1717 | 0.1039 | 0.0947 | 0.0945 | 0.0729 | 0.0683,8,0,proposed_dual_expfam
293,Donnie Brasco (1997),1,0.1,1.0,1.0,1.0,1.0,"Grosse Pointe Blank (1997) | Scream 2 (1997) | Lone Star (1996) | Cop Land (1997) | Absolute Power (1997) | Craft, The (1996) | Fifth Element, The (1997) | Midnight in the Garden of Good and Evil (1997) | Kiss the Girls (1997) | Sabrina (1995)",Grosse Pointe Blank (1997),0.1135 | 0.1055 | 0.0902 | 0.0779 | 0.0729 | 0.0703 | 0.0658 | 0.0619 | 0.0524 | 0.0479,8,0,proposed_dual_expfam
307,"Devil's Advocate, The (1997)",1,0.0,0.0,0.0,0.0,0.0,Gattaca (1997) | Scream 2 (1997) | Basic Instinct (1992) | Dragonheart (1996) | Absolute Power (1997) | Tomorrow Never Dies (1997) | Alien 3 (1992) | Midnight in the Garden of Good and Evil (1997) | Cop Land (1997) | Good Will Hunting (1997),,0.1432 | 0.1180 | 0.1162 | 0.0952 | 0.0947 | 0.0759 | 0.0604 | 0.0526 | 0.0442 | 0.0434,8,0,proposed_dual_expfam
326,G.I. Jane (1997),1,0.0,0.0,0.0,0.0,0.0,"Primal Fear (1996) | Taxi Driver (1976) | Cop Land (1997) | Sleepers (1996) | Client, The (1994) | Piano, The (1993) | Midnight in the Garden of Good and Evil (1997) | Executive Decision (1996) | My Best Friend's Wedding (1997) | Tomorrow Never Dies (1997)",,0.2739 | 0.1736 | 0.1679 | 0.1673 | 0.0960 | 0.0957 | 0.0766 | 0.0724 | 0.0621 | 0.0584,8,0,proposed_dual_expfam
356,"Client, The (1994)",1,0.1,1.0,1.0,1.0,1.0,"Crimson Tide (1995) | GoldenEye (1995) | Sneakers (1992) | Basic Instinct (1992) | Piano, The (1993) | Star Trek VI: The Undiscovered Country (1991) | Pretty Woman (1990) | Cop Land (1997) | Bound (1996) | Primal Fear (1996)",Crimson Tide (1995),0.7004 | 0.5208 | 0.3870 | 0.3535 | 0.3047 | 0.2657 | 0.2136 | 0.1950 | 0.1811 | 0.1465,8,0,proposed_dual_expfam
380,Star Trek: Generations (1994),1,0.1,1.0,1.0,1.0,1.0,"Star Trek IV: The Voyage Home (1986) | Die Hard 2 (1990) | In the Line of Fire (1993) | Crimson Tide (1995) | GoldenEye (1995) | Army of Darkness (1993) | Grease (1978) | Abyss, The (1989) | American President, The (1995) | Reservoir Dogs (1992)",Star Trek IV: The Voyage Home (1986),0.4966 | 0.4632 | 0.4516 | 0.3457 | 0.2572 | 0.2325 | 0.2263 | 0.1624 | 0.1599 | 0.1495,8,0,proposed_dual_expfam
393,Mrs. Doubtfire (1993),2,0.1,0.5,0.6131471927654584,0.5,1.0,"Dave (1993) | Big Sleep, The (1946) | In the Line of Fire (1993) | Crimson Tide (1995) | Interview with the Vampire (1994) | Batman Returns (1992) | Glory (1989) | Piano, The (1993) | Cape Fear (1991) | My Best Friend's Wedding (1997)",Dave (1993),0.6379 | 0.5129 | 0.3882 | 0.2986 | 0.2519 | 0.2384 | 0.2195 | 0.1796 | 0.1790 | 0.1737,8,0,proposed_dual_expfam
402,Ghost (1990),3,0.2,0.6666666666666666,0.4441228664487979,0.25,1.0,"In the Line of Fire (1993) | American President, The (1995) | Star Trek VI: The Undiscovered Country (1991) | GoldenEye (1995) | Highlander (1986) | Young Frankenstein (1974) | Piano, The (1993) | Clear and Present Danger (1994) | Cape Fear (1991) | Mary Poppins (1964)","American President, The (1995) | Clear and Present Danger (1994)",0.8691 | 0.8679 | 0.7395 | 0.7238 | 0.6618 | 0.6593 | 0.5408 | 0.5083 | 0.4365 | 0.3904,8,0,proposed_dual_expfam
419,Mary Poppins (1964),1,0.1,1.0,0.5,0.3333333333333333,1.0,"Young Frankenstein (1974) | Big Sleep, The (1946) | While You Were Sleeping (1995) | Ghost (1990) | Batman Returns (1992) | Crimson Tide (1995) | This Is Spinal Tap (1984) | Clear and Present Danger (1994) | Pretty Woman (1990) | Cape Fear (1991)",While You Were Sleeping (1995),0.7501 | 0.4308 | 0.3926 | 0.3904 | 0.3840 | 0.3047 | 0.2745 | 0.2394 | 0.2207 | 0.2206,8,0,proposed_dual_expfam
431,Highlander (1986),3,0.2,0.6666666666666666,0.36926780146674987,0.19444444444444442,1.0,"Ghost (1990) | Professional, The (1994) | Batman Returns (1992) | Clear and Present Danger (1994) | While You Were Sleeping (1995) | Pretty Woman (1990) | Birds, The (1963) | Mary Poppins (1964) | Star Trek: The Motion Picture (1979) | Young Frankenstein (1974)",Clear and Present Danger (1994) | Pretty Woman (1990),0.6618 | 0.6287 | 0.3166 | 0.2436 | 0.2227 | 0.2171 | 0.2147 | 0.1694 | 0.1498 | 0.1215,8,0,proposed_dual_expfam
447,Carrie (1976),1,0.1,1.0,0.31546487678572877,0.125,1.0,"Young Frankenstein (1974) | Vertigo (1958) | While You Were Sleeping (1995) | Die Hard 2 (1990) | Army of Darkness (1993) | Ghost (1990) | Lawrence of Arabia (1962) | Cape Fear (1991) | Crimson Tide (1995) | Big Sleep, The (1946)",Cape Fear (1991),0.5211 | 0.4245 | 0.3619 | 0.3464 | 0.2102 | 0.1809 | 0.1457 | 0.1355 | 0.1342 | 0.1254,8,0,proposed_dual_expfam
449,Star Trek: The Motion Picture (1979),1,0.1,1.0,0.3562071871080222,0.16666666666666666,1.0,"Abyss, The (1989) | Highlander (1986) | Ghost (1990) | In the Line of Fire (1993) | Pretty Woman (1990) | Star Trek III: The Search for Spock (1984) | Rumble in the Bronx (1995) | Fifth Element, The (1997) | Army of Darkness (1993) | Die Hard 2 (1990)",Star Trek III: The Search for Spock (1984),0.1723 | 0.1498 | 0.1244 | 0.1231 | 0.1211 | 0.0985 | 0.0976 | 0.0865 | 0.0796 | 0.0787,8,0,proposed_dual_expfam
451,Grease (1978),4,0.3,0.75,0.7030861797445797,0.49999999999999994,1.0,"Pretty Woman (1990) | In the Line of Fire (1993) | Clear and Present Danger (1994) | Star Trek IV: The Voyage Home (1986) | Crimson Tide (1995) | Young Frankenstein (1974) | Army of Darkness (1993) | Batman Returns (1992) | Mask, The (1994) | Cape Fear (1991)","Pretty Woman (1990) | Clear and Present Danger (1994) | Mask, The (1994)",0.7888 | 0.6527 | 0.6055 | 0.5993 | 0.5840 | 0.4407 | 0.4305 | 0.4062 | 0.3924 | 0.3533,8,0,proposed_dual_expfam
479,Vertigo (1958),1,0.1,1.0,0.2890648263178879,0.1,1.0,"Carrie (1976) | Birds, The (1963) | Nightmare on Elm Street, A (1984) | Arsenic and Old Lace (1944) | Young Frankenstein (1974) | Dr. Strangelove or: How I Learned to Stop Worrying and Love the Bomb (1963) | Lost Highway (1997) | Lawrence of Arabia (1962) | While You Were Sleeping (1995) | Citizen Kane (1941)",Citizen Kane (1941),0.4245 | 0.3122 | 0.2808 | 0.1972 | 0.1675 | 0.1160 | 0.1015 | 0.0963 | 0.0945 | 0.0872,8,0,proposed_dual_expfam
484,"Maltese Falcon, The (1941)",1,0.1,1.0,1.0,1.0,1.0,"Big Sleep, The (1946) | Emma (1996) | Taxi Driver (1976) | Six Degrees of Separation (1993) | Birds, The (1963) | Nightmare on Elm Street, A (1984) | Piano, The (1993) | Lost Highway (1997) | Carrie (1976) | Mystery Science Theater 3000: The Movie (1996)","Big Sleep, The (1946)",0.5807 | 0.2129 | 0.1617 | 0.1524 | 0.0967 | 0.0541 | 0.0528 | 0.0526 | 0.0515 | 0.0380,8,0,proposed_dual_expfam
498,"African Queen, The (1951)",2,0.1,0.5,0.38685280723454163,0.25,1.0,"Mystery Science Theater 3000: The Movie (1996) | Big Sleep, The (1946) | Annie Hall (1977) | Emma (1996) | Taxi Driver (1976) | Abyss, The (1989) | Nightmare on Elm Street, A (1984) | Lost Highway (1997) | This Is Spinal Tap (1984) | Fifth Element, The (1997)","Big Sleep, The (1946)",0.5336 | 0.3386 | 0.3166 | 0.2410 | 0.1709 | 0.1503 | 0.1050 | 0.0946 | 0.0820 | 0.0781,8,0,proposed_dual_expfam
511,Lawrence of Arabia (1962),1,0.0,0.0,0.0,0.0,0.0,"North by Northwest (1959) | Piano, The (1993) | Abyss, The (1989) | Citizen Kane (1941) | Birds, The (1963) | Fly Away Home (1996) | Annie Hall (1977) | Carrie (1976) | Nightmare on Elm Street, A (1984) | While You Were Sleeping (1995)",,0.5280 | 0.4445 | 0.4161 | 0.3295 | 0.3041 | 0.2322 | 0.1798 | 0.1457 | 0.1223 | 0.1188,8,0,proposed_dual_expfam
514,Annie Hall (1977),2,0.1,0.5,0.21840743681816419,0.08333333333333333,1.0,"North by Northwest (1959) | Much Ado About Nothing (1993) | African Queen, The (1951) | Mystery Science Theater 3000: The Movie (1996) | Lawrence of Arabia (1962) | Chinatown (1974) | Emma (1996) | My Best Friend's Wedding (1997) | Fifth Element, The (1997) | Tin Cup (1996)",Chinatown (1974),0.5333 | 0.4248 | 0.3166 | 0.2196 | 0.1798 | 0.1638 | 0.1445 | 0.1357 | 0.0848 | 0.0833,8,0,proposed_dual_expfam
525,"Big Sleep, The (1946)",4,0.3,0.75,0.6715263515506075,0.45714285714285713,1.0,"Maltese Falcon, The (1941) | Young Frankenstein (1974) | Mrs. Doubtfire (1993) | Mary Poppins (1964) | Chinatown (1974) | While You Were Sleeping (1995) | African Queen, The (1951) | Six Degrees of Separation (1993) | Gone with the Wind (1939) | Ghost (1990)","Maltese Falcon, The (1941) | Chinatown (1974) | African Queen, The (1951)",0.5807 | 0.5281 | 0.5129 | 0.4308 | 0.4189 | 0.3745 | 0.3386 | 0.2463 | 0.2107 | 0.2045,8,0,proposed_dual_expfam
559,Interview with the Vampire (1994),3,0.2,0.6666666666666666,0.6713860725233041,0.5,1.0,"Young Frankenstein (1974) | Star Trek IV: The Voyage Home (1986) | Professional, The (1994) | Grease (1978) | Pretty Woman (1990) | While You Were Sleeping (1995) | Mrs. Doubtfire (1993) | In the Line of Fire (1993) | Mary Poppins (1964) | Star Trek VI: The Undiscovered Country (1991)",Young Frankenstein (1974) | Grease (1978),0.4401 | 0.3812 | 0.3065 | 0.3017 | 0.2996 | 0.2578 | 0.2519 | 0.2236 | 0.2071 | 0.1924,8,0,proposed_dual_expfam
566,Clear and Present Danger (1994),8,0.8,1.0,0.9605291479810893,0.8835317460317459,1.0,"Grease (1978) | Dave (1993) | Ghost (1990) | Glory (1989) | Star Trek IV: The Voyage Home (1986) | Star Trek VI: The Undiscovered Country (1991) | GoldenEye (1995) | Batman Returns (1992) | Mask, The (1994) | Highlander (1986)","Grease (1978) | Dave (1993) | Ghost (1990) | Star Trek IV: The Voyage Home (1986) | Star Trek VI: The Undiscovered Country (1991) | GoldenEye (1995) | Mask, The (1994) | Highlander (1986)",0.6055 | 0.5135 | 0.5083 | 0.4893 | 0.4659 | 0.4261 | 0.3841 | 0.3775 | 0.2459 | 0.2436,8,0,proposed_dual_expfam
591,Primal Fear (1996),1,0.0,0.0,0.0,0.0,0.0,"G.I. Jane (1997) | Grosse Pointe Blank (1997) | Bound (1996) | Much Ado About Nothing (1993) | My Best Friend's Wedding (1997) | Client, The (1994) | Sneakers (1992) | In the Line of Fire (1993) | Midnight in the Garden of Good and Evil (1997) | Lone Star (1996)",,0.2739 | 0.2656 | 0.2523 | 0.2235 | 0.1702 | 0.1465 | 0.1396 | 0.1359 | 0.1196 | 0.1000,8,0,proposed_dual_expfam
628,Sleepers (1996),1,0.0,0.0,0.0,0.0,0.0,"G.I. Jane (1997) | Cop Land (1997) | Lone Star (1996) | Bound (1996) | Fifth Element, The (1997) | My Best Friend's Wedding (1997) | Midnight in the Garden of Good and Evil (1997) | Grosse Pointe Blank (1997) | Taxi Driver (1976) | Kiss the Girls (1997)",,0.1673 | 0.0888 | 0.0678 | 0.0610 | 0.0549 | 0.0507 | 0.0503 | 0.0461 | 0.0407 | 0.0389,8,0,proposed_dual_expfam
651,Glory (1989),2,0.0,0.0,0.0,0.0,0.0,Clear and Present Danger (1994) | Crimson Tide (1995) | Die Hard 2 (1990) | In the Line of Fire (1993) | Mrs. Doubtfire (1993) | Ghost (1990) | Pretty Woman (1990) | Mary Poppins (1964) | GoldenEye (1995) | Sneakers (1992),,0.4893 | 0.3819 | 0.3404 | 0.3154 | 0.2195 | 0.2029 | 0.1426 | 0.1259 | 0.1223 | 0.1134,8,0,proposed_dual_expfam
654,Chinatown (1974),4,0.4,1.0,0.9493885684853097,0.8611111111111112,1.0,"Big Sleep, The (1946) | Citizen Kane (1941) | Annie Hall (1977) | Emma (1996) | Lost Highway (1997) | Long Kiss Goodnight, The (1996) | Nightmare on Elm Street, A (1984) | Absolute Power (1997) | Lawrence of Arabia (1962) | Gone with the Wind (1939)","Big Sleep, The (1946) | Citizen Kane (1941) | Annie Hall (1977) | Lawrence of Arabia (1962)",0.4189 | 0.2875 | 0.1638 | 0.1633 | 0.0905 | 0.0793 | 0.0686 | 0.0683 | 0.0605 | 0.0511,8,0,proposed_dual_expfam
659,Arsenic and Old Lace (1944),3,0.1,0.3333333333333333,0.15642624200758548,0.047619047619047616,1.0,"Vertigo (1958) | Six Degrees of Separation (1993) | Mrs. Doubtfire (1993) | Young Frankenstein (1974) | Client, The (1994) | While You Were Sleeping (1995) | Gone with the Wind (1939) | Dr. Strangelove or: How I Learned to Stop Worrying and Love the Bomb (1963) | Emma (1996) | Birds, The (1963)",Gone with the Wind (1939),0.1972 | 0.1292 | 0.1199 | 0.1120 | 0.1023 | 0.0798 | 0.0750 | 0.0719 | 0.0694 | 0.0655,8,0,proposed_dual_expfam
684,In the Line of Fire (1993),1,0.1,1.0,0.6309297535714575,0.5,1.0,"Ghost (1990) | Crimson Tide (1995) | Grease (1978) | Reservoir Dogs (1992) | Star Trek: Generations (1994) | Mrs. Doubtfire (1993) | Mask, The (1994) | Glory (1989) | Interview with the Vampire (1994) | Professional, The (1994)",Crimson Tide (1995),0.8691 | 0.8499 | 0.6527 | 0.5052 | 0.4516 | 0.3882 | 0.3286 | 0.3154 | 0.2236 | 0.2134,8,0,proposed_dual_expfam
692,"American President, The (1995)",5,0.4,0.8,0.8297197050122157,0.7,1.0,"Ghost (1990) | Crimson Tide (1995) | While You Were Sleeping (1995) | Young Frankenstein (1974) | Batman Returns (1992) | Star Trek III: The Search for Spock (1984) | Mask, The (1994) | Sneakers (1992) | Star Trek: Generations (1994) | Cape Fear (1991)",Ghost (1990) | Crimson Tide (1995) | While You Were Sleeping (1995) | Sneakers (1992),0.8679 | 0.5227 | 0.4721 | 0.3366 | 0.2916 | 0.2901 | 0.2826 | 0.1736 | 0.1599 | 0.1529,8,0,proposed_dual_expfam
732,Dave (1993),5,0.5,1.0,0.9270192549176082,0.8083333333333332,1.0,Mrs. Doubtfire (1993) | Clear and Present Danger (1994) | Young Frankenstein (1974) | GoldenEye (1995) | Basic Instinct (1992) | While You Were Sleeping (1995) | Star Trek III: The Search for Spock (1984) | Star Trek VI: The Undiscovered Country (1991) | Mary Poppins (1964) | Cape Fear (1991),Mrs. Doubtfire (1993) | Clear and Present Danger (1994) | GoldenEye (1995) | While You Were Sleeping (1995) | Star Trek VI: The Undiscovered Country (1991),0.6379 | 0.5135 | 0.3914 | 0.3023 | 0.2156 | 0.1902 | 0.1836 | 0.1585 | 0.1361 | 0.1148,8,0,proposed_dual_expfam
739,Pretty Woman (1990),3,0.3,1.0,0.7613569414627896,0.5285714285714286,1.0,"Grease (1978) | Piano, The (1993) | GoldenEye (1995) | My Best Friend's Wedding (1997) | Young Frankenstein (1974) | Interview with the Vampire (1994) | Die Hard 2 (1990) | Army of Darkness (1993) | Mary Poppins (1964) | Highlander (1986)",Grease (1978) | Die Hard 2 (1990) | Highlander (1986),0.7888 | 0.5038 | 0.4093 | 0.3514 | 0.3455 | 0.2996 | 0.2660 | 0.2322 | 0.2207 | 0.2171,8,0,proposed_dual_expfam
1016,Con Air (1997),1,0.1,1.0,0.31546487678572877,0.125,1.0,"Dragonheart (1996) | Executive Decision (1996) | Scream 2 (1997) | Army of Darkness (1993) | Mystery Science Theater 3000: The Movie (1996) | Frighteners, The (1996) | Much Ado About Nothing (1993) | Long Kiss Goodnight, The (1996) | Grosse Pointe Blank (1997) | Midnight in the Garden of Good and Evil (1997)","Long Kiss Goodnight, The (1996)",0.3171 | 0.2030 | 0.2022 | 0.1823 | 0.1441 | 0.1409 | 0.1150 | 0.0975 | 0.0705 | 0.0516,8,0,proposed_dual_expfam
1101,Six Degrees of Separation (1993),1,0.0,0.0,0.0,0.0,0.0,"Big Sleep, The (1946) | Maltese Falcon, The (1941) | Arsenic and Old Lace (1944) | Emma (1996) | Citizen Kane (1941) | Vertigo (1958) | This Is Spinal Tap (1984) | Birds, The (1963) | Gone with the Wind (1939) | Young Frankenstein (1974)",,0.2463 | 0.1524 | 0.1292 | 0.0920 | 0.0903 | 0.0856 | 0.0809 | 0.0796 | 0.0770 | 0.0766,8,0,proposed_dual_expfam
2,GoldenEye (1995),2,0.1,0.5,0.3065735963827292,0.16666666666666666,1.0,"Grease (1978) | Cape Fear (1991) | American President, The (1995) | Star Trek: The Motion Picture (1979) | Mask, The (1994) | Lost World: Jurassic Park, The (1997) | Abyss, The (1989) | Pretty Woman (1990) | Star Trek: Generations (1994) | Rumble in the Bronx (1995)","American President, The (1995)",0.4827 | 0.4452 | 0.3154 | 0.3003 | 0.2893 | 0.2822 | 0.2815 | 0.2622 | 0.2550 | 0.2411,8,1,proposed_dual_expfam
13,Mighty Aphrodite (1995),1,0.0,0.0,0.0,0.0,0.0,"Star Trek IV: The Voyage Home (1986) | Highlander (1986) | Cape Fear (1991) | Absolute Power (1997) | Crimson Tide (1995) | In the Line of Fire (1993) | Pretty Woman (1990) | Dave (1993) | Clear and Present Danger (1994) | Mask, The (1994)",,0.1736 | 0.1617 | 0.1452 | 0.1426 | 0.1315 | 0.1189 | 0.1166 | 0.1146 | 0.1068 | 0.0931,8,1,proposed_dual_expfam
23,Taxi Driver (1976),2,0.1,0.5,0.18457569677956817,0.05555555555555555,1.0,"African Queen, The (1951) | Vertigo (1958) | Lawrence of Arabia (1962) | Maltese Falcon, The (1941) | Client, The (1994) | Arsenic and Old Lace (1944) | In the Line of Fire (1993) | North by Northwest (1959) | Citizen Kane (1941) | Primal Fear (1996)",Citizen Kane (1941),0.6704 | 0.2832 | 0.1681 | 0.1610 | 0.1336 | 0.0744 | 0.0635 | 0.0552 | 0.0501 | 0.0435,8,1,proposed_dual_expfam
24,Rumble in the Bronx (1995),1,0.1,1.0,0.3333333333333333,0.14285714285714285,1.0,"Cape Fear (1991) | Star Trek IV: The Voyage Home (1986) | Absolute Power (1997) | Abyss, The (1989) | In the Line of Fire (1993) | GoldenEye (1995) | Fifth Element, The (1997) | Nightmare on Elm Street, A (1984) | Dave (1993) | Reservoir Dogs (1992)","Fifth Element, The (1997)",0.4538 | 0.3908 | 0.3883 | 0.2996 | 0.2752 | 0.2411 | 0.2206 | 0.1720 | 0.1680 | 0.1465,8,1,proposed_dual_expfam
31,Crimson Tide (1995),4,0.3,0.75,0.715696758318853,0.5238095238095237,1.0,"Sneakers (1992) | Star Trek III: The Search for Spock (1984) | American President, The (1995) | Carrie (1976) | Glory (1989) | Lost World: Jurassic Park, The (1997) | Pretty Woman (1990) | Mighty Aphrodite (1995) | Rumble in the Bronx (1995) | Nightmare on Elm Street, A (1984)","Sneakers (1992) | American President, The (1995) | Pretty Woman (1990)",0.5766 | 0.2769 | 0.2106 | 0.1651 | 0.1585 | 0.1361 | 0.1338 | 0.1315 | 0.1226 | 0.1209,8,1,proposed_dual_expfam
62,Stargate (1994),1,0.0,0.0,0.0,0.0,0.0,"Clear and Present Danger (1994) | Die Hard 2 (1990) | Pretty Woman (1990) | Star Trek III: The Search for Spock (1984) | Gandhi (1982) | Ghost (1990) | Lost World: Jurassic Park, The (1997) | Star Trek: Generations (1994) | American President, The (1995) | Mrs. Doubtfire (1993)",,0.2556 | 0.2450 | 0.2097 | 0.1643 | 0.1364 | 0.1116 | 0.0988 | 0.0964 | 0.0927 | 0.0894,8,1,proposed_dual_expfam
66,While You Were Sleeping (1995),3,0.3,1.0,0.7928654229965442,0.5873015873015873,1.0,"Ghost (1990) | Highlander (1986) | Sneakers (1992) | In the Line of Fire (1993) | Star Trek VI: The Undiscovered Country (1991) | Mask, The (1994) | GoldenEye (1995) | Star Trek III: The Search for Spock (1984) | Client, The (1994) | Glory (1989)","Ghost (1990) | Mask, The (1994) | GoldenEye (1995)",0.6283 | 0.3770 | 0.3619 | 0.2860 | 0.2839 | 0.2414 | 0.2038 | 0.1998 | 0.0972 | 0.0961,8,1,proposed_dual_expfam
72,"Mask, The (1994)",4,0.1,0.25,0.15101961822780524,0.05,1.0,"Star Trek IV: The Voyage Home (1986) | Highlander (1986) | Die Hard 2 (1990) | Sneakers (1992) | Clear and Present Danger (1994) | Abyss, The (1989) | Carrie (1976) | GoldenEye (1995) | Army of Darkness (1993) | In the Line of Fire (1993)",Clear and Present Danger (1994),0.7004 | 0.4711 | 0.4257 | 0.3368 | 0.3336 | 0.3294 | 0.2969 | 0.2893 | 0.2859 | 0.2767,8,1,proposed_dual_expfam
133,Gone with the Wind (1939),2,0.1,0.5,0.2640681225725909,0.125,1.0,"Chinatown (1974) | Much Ado About Nothing (1993) | American President, The (1995) | African Queen, The (1951) | Die Hard 2 (1990) | This Is Spinal Tap (1984) | Big Sleep, The (1946) | Gattaca (1997) | Gandhi (1982) | Emma (1996)","African Queen, The (1951)",0.0969 | 0.0674 | 0.0663 | 0.0640 | 0.0532 | 0.0492 | 0.0477 | 0.0448 | 0.0435 | 0.0434,8,1,proposed_dual_expfam
134,Citizen Kane (1941),2,0.2,1.0,0.7903864795495061,0.6,1.0,"Annie Hall (1977) | Six Degrees of Separation (1993) | Midnight in the Garden of Good and Evil (1997) | Lawrence of Arabia (1962) | Primal Fear (1996) | Nightmare on Elm Street, A (1984) | Bram Stoker's Dracula (1992) | Birds, The (1963) | Interview with the Vampire (1994) | Taxi Driver (1976)",Annie Hall (1977) | Taxi Driver (1976),0.5510 | 0.2493 | 0.1905 | 0.1857 | 0.0752 | 0.0744 | 0.0646 | 0.0602 | 0.0511 | 0.0501,8,1,proposed_dual_expfam
147,"Long Kiss Goodnight, The (1996)",2,0.0,0.0,0.0,0.0,0.0,"Tin Cup (1996) | Pretty Woman (1990) | Clear and Present Danger (1994) | Batman Returns (1992) | Highlander (1986) | Star Trek: Generations (1994) | My Best Friend's Wedding (1997) | Fifth Element, The (1997) | Mystery Science Theater 3000: The Movie (1996) | Lost World: Jurassic Park, The (1997)",,0.7668 | 0.6511 | 0.3971 | 0.2286 | 0.2255 | 0.1905 | 0.1301 | 0.1288 | 0.1260 | 0.1241,8,1,proposed_dual_expfam
156,Reservoir Dogs (1992),1,0.1,1.0,0.3010299956639812,0.1111111111111111,1.0,"Nightmare on Elm Street, A (1984) | Con Air (1997) | Frighteners, The (1996) | Rumble in the Bronx (1995) | Star Trek IV: The Voyage Home (1986) | Absolute Power (1997) | Mighty Aphrodite (1995) | Mask, The (1994) | Army of Darkness (1993) | Bound (1996)",Army of Darkness (1993),0.4908 | 0.1773 | 0.1571 | 0.1465 | 0.1437 | 0.1365 | 0.0896 | 0.0884 | 0.0738 | 0.0658,8,1,proposed_dual_expfam
159,Basic Instinct (1992),1,0.0,0.0,0.0,0.0,0.0,"Primal Fear (1996) | Vertigo (1958) | Absolute Power (1997) | Maltese Falcon, The (1941) | Chinatown (1974) | Grosse Pointe Blank (1997) | North by Northwest (1959) | Mystery Science Theater 3000: The Movie (1996) | Face/Off (1997) | Event Horizon (1997)",,0.2103 | 0.1510 | 0.0763 | 0.0622 | 0.0614 | 0.0599 | 0.0571 | 0.0496 | 0.0487 | 0.0458,8,1,proposed_dual_expfam
164,"Abyss, The (1989)",2,0.1,0.5,0.6131471927654584,0.5,1.0,"Star Trek IV: The Voyage Home (1986) | Army of Darkness (1993) | Die Hard 2 (1990) | Mask, The (1994) | Lost World: Jurassic Park, The (1997) | Rumble in the Bronx (1995) | GoldenEye (1995) | Frighteners, The (1996) | In the Line of Fire (1993) | Dave (1993)",Star Trek IV: The Voyage Home (1986),0.7158 | 0.6326 | 0.5092 | 0.3294 | 0.3054 | 0.2996 | 0.2815 | 0.2639 | 0.2372 | 0.2285,8,1,proposed_dual_expfam
184,Army of Darkness (1993),3,0.2,0.6666666666666666,0.49818925746641285,0.3333333333333333,1.0,"Abyss, The (1989) | Die Hard 2 (1990) | Lost World: Jurassic Park, The (1997) | Dave (1993) | Star Trek: Generations (1994) | Star Trek III: The Search for Spock (1984) | Grease (1978) | Star Trek VI: The Undiscovered Country (1991) | Mask, The (1994) | Carrie (1976)",Die Hard 2 (1990) | Dave (1993),0.6326 | 0.4806 | 0.4236 | 0.3897 | 0.3497 | 0.3173 | 0.3165 | 0.3052 | 0.2859 | 0.2569,8,1,proposed_dual_expfam
208,Young Frankenstein (1974),1,0.0,0.0,0.0,0.0,0.0,"Birds, The (1963) | Annie Hall (1977) | Die Hard 2 (1990) | Ghost (1990) | Abyss, The (1989) | Grease (1978) | Star Trek IV: The Voyage Home (1986) | Dr. Strangelove or: How I Learned to Stop Worrying and Love the Bomb (1963) | African Queen, The (1951) | Cape Fear (1991)",,0.3558 | 0.1919 | 0.1556 | 0.1047 | 0.0991 | 0.0971 | 0.0777 | 0.0762 | 0.0744 | 0.0737,8,1,proposed_dual_expfam
218,Cape Fear (1991),1,0.0,0.0,0.0,0.0,0.0,"Dave (1993) | Grease (1978) | Rumble in the Bronx (1995) | GoldenEye (1995) | Mrs. Doubtfire (1993) | Ghost (1990) | In the Line of Fire (1993) | Sneakers (1992) | Star Trek III: The Search for Spock (1984) | Frighteners, The (1996)",,0.7747 | 0.5521 | 0.4538 | 0.4452 | 0.4271 | 0.3159 | 0.2982 | 0.2833 | 0.2504 | 0.2026,8,1,proposed_dual_expfam
226,Die Hard 2 (1990),6,0.5,0.8333333333333334,0.8627545507313896,0.7523809523809524,1.0,"Dave (1993) | Star Trek III: The Search for Spock (1984) | Pretty Woman (1990) | Mrs. Doubtfire (1993) | Grease (1978) | Abyss, The (1989) | Army of Darkness (1993) | Lost World: Jurassic Park, The (1997) | Star Trek: Generations (1994) | Mask, The (1994)",Dave (1993) | Star Trek III: The Search for Spock (1984) | Pretty Woman (1990) | Grease (1978) | Army of Darkness (1993),0.8716 | 0.7939 | 0.7857 | 0.6929 | 0.5783 | 0.5092 | 0.4806 | 0.4674 | 0.4517 | 0.4257,8,1,proposed_dual_expfam
227,Star Trek VI: The Undiscovered Country (1991),1,0.1,1.0,0.5,0.3333333333333333,1.0,"Lost World: Jurassic Park, The (1997) | Ghost (1990) | Sneakers (1992) | Mrs. Doubtfire (1993) | Army of Darkness (1993) | While You Were Sleeping (1995) | Grease (1978) | Mask, The (1994) | Gandhi (1982) | Client, The (1994)",Sneakers (1992),0.4505 | 0.4370 | 0.4168 | 0.3385 | 0.3052 | 0.2839 | 0.1861 | 0.1840 | 0.1823 | 0.1368,8,1,proposed_dual_expfam
229,Star Trek III: The Search for Spock (1984),5,0.4,0.8,0.7809509050749017,0.6,1.0,"Die Hard 2 (1990) | Pretty Woman (1990) | Dave (1993) | Lost World: Jurassic Park, The (1997) | Army of Darkness (1993) | Ghost (1990) | American President, The (1995) | Sneakers (1992) | Crimson Tide (1995) | Cape Fear (1991)",Die Hard 2 (1990) | Pretty Woman (1990) | Ghost (1990) | Sneakers (1992),0.7939 | 0.5098 | 0.3387 | 0.3363 | 0.3173 | 0.2980 | 0.2937 | 0.2915 | 0.2769 | 0.2504,8,1,proposed_dual_expfam
230,Star Trek IV: The Voyage Home (1986),3,0.3,1.0,0.9217868789962071,0.8095238095238094,1.0,"Clear and Present Danger (1994) | Abyss, The (1989) | Mask, The (1994) | Grease (1978) | Lost World: Jurassic Park, The (1997) | Rumble in the Bronx (1995) | Carrie (1976) | Nightmare on Elm Street, A (1984) | Mighty Aphrodite (1995) | Reservoir Dogs (1992)","Clear and Present Danger (1994) | Abyss, The (1989) | Carrie (1976)",0.9237 | 0.7158 | 0.7004 | 0.5956 | 0.3937 | 0.3908 | 0.2571 | 0.2060 | 0.1736 | 0.1437,8,1,proposed_dual_expfam
239,Sneakers (1992),5,0.4,0.8,0.7678620595110026,0.5976190476190476,1.0,"Crimson Tide (1995) | Client, The (1994) | Star Trek VI: The Undiscovered Country (1991) | American President, The (1995) | While You Were Sleeping (1995) | Mask, The (1994) | Star Trek III: The Search for Spock (1984) | Cape Fear (1991) | Glory (1989) | Abyss, The (1989)","Crimson Tide (1995) | Star Trek VI: The Undiscovered Country (1991) | American President, The (1995) | Star Trek III: The Search for Spock (1984)",0.5766 | 0.4508 | 0.4168 | 0.3822 | 0.3619 | 0.3368 | 0.2915 | 0.2833 | 0.2811 | 0.1473,8,1,proposed_dual_expfam
248,Grosse Pointe Blank (1997),1,0.0,0.0,0.0,0.0,0.0,"Devil's Advocate, The (1997) | Absolute Power (1997) | Mystery Science Theater 3000: The Movie (1996) | Con Air (1997) | Executive Decision (1996) | My Best Friend's Wedding (1997) | Primal Fear (1996) | Everyone Says I Love You (1996) | Long Kiss Goodnight, The (1996) | Basic Instinct (1992)",,0.1794 | 0.1633 | 0.1630 | 0.1499 | 0.1031 | 0.0947 | 0.0852 | 0.0746 | 0.0710 | 0.0599,8,1,proposed_dual_expfam
250,"Fifth Element, The (1997)",2,0.1,0.5,0.3065735963827292,0.16666666666666666,1.0,"Absolute Power (1997) | Devil's Advocate, The (1997) | Rumble in the Bronx (1995) | Vertigo (1958) | Face/Off (1997) | Alien: Resurrection (1997) | Long Kiss Goodnight, The (1996) | Alien 3 (1992) | Spawn (1997) | Abyss, The (1989)",Rumble in the Bronx (1995),0.3536 | 0.2255 | 0.2206 | 0.2150 | 0.2082 | 0.1414 | 0.1288 | 0.1094 | 0.1079 | 0.0849,8,1,proposed_dual_expfam
274,Sabrina (1995),1,0.0,0.0,0.0,0.0,0.0,Mrs. Doubtfire (1993) | Dave (1993) | Pretty Woman (1990) | Grease (1978) | Arsenic and Old Lace (1944) | Highlander (1986) | Tin Cup (1996) | Die Hard 2 (1990) | While You Were Sleeping (1995) | Chinatown (1974),,0.0900 | 0.0726 | 0.0616 | 0.0600 | 0.0555 | 0.0433 | 0.0405 | 0.0380 | 0.0311 | 0.0288,8,1,proposed_dual_expfam
293,Donnie Brasco (1997),1,0.0,0.0,0.0,0.0,0.0,"Tin Cup (1996) | Sleepers (1996) | Pretty Woman (1990) | Long Kiss Goodnight, The (1996) | Executive Decision (1996) | Clear and Present Danger (1994) | Everyone Says I Love You (1996) | I Know What You Did Last Summer (1997) | Dragonheart (1996) | G.I. Jane (1997)",,0.2672 | 0.1334 | 0.1318 | 0.1112 | 0.0933 | 0.0627 | 0.0614 | 0.0506 | 0.0455 | 0.0426,8,1,proposed_dual_expfam
319,Everyone Says I Love You (1996),1,0.0,0.0,0.0,0.0,0.0,"Tin Cup (1996) | My Best Friend's Wedding (1997) | Pretty Woman (1990) | Mrs. Doubtfire (1993) | Nutty Professor, The (1996) | Sleepers (1996) | Executive Decision (1996) | Long Kiss Goodnight, The (1996) | Craft, The (1996) | Mystery Science Theater 3000: The Movie (1996)",,0.4039 | 0.3217 | 0.1699 | 0.1565 | 0.1528 | 0.1402 | 0.1194 | 0.0992 | 0.0964 | 0.0782,8,1,proposed_dual_expfam
356,"Client, The (1994)",3,0.1,0.3333333333333333,0.23463936301137822,0.1111111111111111,1.0,"Sneakers (1992) | Piano, The (1993) | Ghost (1990) | Gattaca (1997) | I Know What You Did Last Summer (1997) | Apt Pupil (1998) | G.I. Jane (1997) | Star Trek VI: The Undiscovered Country (1991) | Taxi Driver (1976) | Star Trek IV: The Voyage Home (1986)",Ghost (1990),0.4508 | 0.4012 | 0.2814 | 0.1648 | 0.1636 | 0.1558 | 0.1532 | 0.1368 | 0.1336 | 0.1277,8,1,proposed_dual_expfam
380,Star Trek: Generations (1994),1,0.1,1.0,1.0,1.0,1.0,"Clear and Present Danger (1994) | Die Hard 2 (1990) | Army of Darkness (1993) | Lost World: Jurassic Park, The (1997) | GoldenEye (1995) | Abyss, The (1989) | In the Line of Fire (1993) | Long Kiss Goodnight, The (1996) | Dave (1993) | Cape Fear (1991)",Clear and Present Danger (1994),0.4645 | 0.4517 | 0.3497 | 0.3041 | 0.2550 | 0.2107 | 0.2105 | 0.1905 | 0.1717 | 0.1620,8,1,proposed_dual_expfam
393,Mrs. Doubtfire (1993),3,0.2,0.6666666666666666,0.6508205185601091,0.4666666666666666,1.0,"Ghost (1990) | Die Hard 2 (1990) | Highlander (1986) | Cape Fear (1991) | American President, The (1995) | Star Trek VI: The Undiscovered Country (1991) | Star Trek III: The Search for Spock (1984) | GoldenEye (1995) | Everyone Says I Love You (1996) | Emma (1996)","Ghost (1990) | American President, The (1995)",0.7728 | 0.6929 | 0.6799 | 0.4271 | 0.4200 | 0.3385 | 0.2289 | 0.1824 | 0.1565 | 0.1345,8,1,proposed_dual_expfam
402,Ghost (1990),4,0.4,1.0,0.8773497378596238,0.7048611111111112,1.0,"Mrs. Doubtfire (1993) | While You Were Sleeping (1995) | Mary Poppins (1964) | Star Trek VI: The Undiscovered Country (1991) | Glory (1989) | Cape Fear (1991) | Highlander (1986) | Star Trek III: The Search for Spock (1984) | Client, The (1994) | In the Line of Fire (1993)","Mrs. Doubtfire (1993) | While You Were Sleeping (1995) | Star Trek III: The Search for Spock (1984) | Client, The (1994)",0.7728 | 0.6283 | 0.4958 | 0.4370 | 0.3540 | 0.3159 | 0.3037 | 0.2980 | 0.2814 | 0.2116,8,1,proposed_dual_expfam
419,Mary Poppins (1964),3,0.1,0.3333333333333333,0.20210734650054757,0.08333333333333333,1.0,"Ghost (1990) | Pretty Woman (1990) | Dave (1993) | American President, The (1995) | Die Hard 2 (1990) | Emma (1996) | Client, The (1994) | Clear and Present Danger (1994) | Much Ado About Nothing (1993) | Gandhi (1982)","American President, The (1995)",0.4958 | 0.3690 | 0.2099 | 0.1840 | 0.1387 | 0.1353 | 0.1096 | 0.1092 | 0.1033 | 0.0819,8,1,proposed_dual_expfam
431,Highlander (1986),4,0.1,0.25,0.24630238874073,0.125,1.0,"Dave (1993) | Pretty Woman (1990) | Mrs. Doubtfire (1993) | Mask, The (1994) | While You Were Sleeping (1995) | American President, The (1995) | Ghost (1990) | Nightmare on Elm Street, A (1984) | Long Kiss Goodnight, The (1996) | Carrie (1976)",Pretty Woman (1990),0.8739 | 0.7679 | 0.6799 | 0.4711 | 0.3770 | 0.3512 | 0.3037 | 0.2304 | 0.2255 | 0.1928,8,1,proposed_dual_expfam
443,"Birds, The (1963)",4,0.0,0.0,0.0,0.0,0.0,"Annie Hall (1977) | Young Frankenstein (1974) | Bram Stoker's Dracula (1992) | Army of Darkness (1993) | Grease (1978) | Lost World: Jurassic Park, The (1997) | Frighteners, The (1996) | Ghost (1990) | Star Trek VI: The Undiscovered Country (1991) | Star Trek III: The Search for Spock (1984)",,0.6155 | 0.3558 | 0.2478 | 0.2240 | 0.2228 | 0.2047 | 0.1629 | 0.1385 | 0.1368 | 0.1257,8,1,proposed_dual_expfam
447,Carrie (1976),1,0.1,1.0,0.6309297535714575,0.5,1.0,"Mask, The (1994) | Star Trek IV: The Voyage Home (1986) | Army of Darkness (1993) | Interview with the Vampire (1994) | Highlander (1986) | Die Hard 2 (1990) | Crimson Tide (1995) | Ghost (1990) | Frighteners, The (1996) | Sneakers (1992)",Star Trek IV: The Voyage Home (1986),0.2969 | 0.2571 | 0.2569 | 0.2386 | 0.1928 | 0.1652 | 0.1651 | 0.1351 | 0.1343 | 0.1122,8,1,proposed_dual_expfam
449,Star Trek: The Motion Picture (1979),1,0.1,1.0,0.38685280723454163,0.2,1.0,"Die Hard 2 (1990) | GoldenEye (1995) | Clear and Present Danger (1994) | Grease (1978) | Star Trek III: The Search for Spock (1984) | Army of Darkness (1993) | Lost World: Jurassic Park, The (1997) | Pretty Woman (1990) | Dave (1993) | Star Trek: Generations (1994)",Star Trek III: The Search for Spock (1984),0.4168 | 0.3003 | 0.2178 | 0.1952 | 0.1902 | 0.1790 | 0.1532 | 0.1341 | 0.1191 | 0.1176,8,1,proposed_dual_expfam
451,Grease (1978),1,0.1,1.0,0.6309297535714575,0.5,1.0,"Star Trek IV: The Voyage Home (1986) | Die Hard 2 (1990) | Cape Fear (1991) | GoldenEye (1995) | Army of Darkness (1993) | Star Trek III: The Search for Spock (1984) | Birds, The (1963) | Nightmare on Elm Street, A (1984) | Star Trek: The Motion Picture (1979) | Star Trek VI: The Undiscovered Country (1991)",Die Hard 2 (1990),0.5956 | 0.5783 | 0.5521 | 0.4827 | 0.3165 | 0.2463 | 0.2228 | 0.1967 | 0.1952 | 0.1861,8,1,proposed_dual_expfam
474,Dr. Strangelove or: How I Learned to Stop Worrying and Love the Bomb (1963),1,0.1,1.0,1.0,1.0,1.0,"Chinatown (1974) | Six Degrees of Separation (1993) | Vertigo (1958) | Arsenic and Old Lace (1944) | Birds, The (1963) | Young Frankenstein (1974) | Midnight in the Garden of Good and Evil (1997) | Nightmare on Elm Street, A (1984) | Kiss the Girls (1997) | Lone Star (1996)",Chinatown (1974),0.7537 | 0.4131 | 0.4078 | 0.1793 | 0.0820 | 0.0762 | 0.0695 | 0.0558 | 0.0499 | 0.0425,8,1,proposed_dual_expfam
479,Vertigo (1958),1,0.1,1.0,0.6309297535714575,0.5,1.0,"Primal Fear (1996) | Big Sleep, The (1946) | Dr. Strangelove or: How I Learned to Stop Worrying and Love the Bomb (1963) | Face/Off (1997) | Devil's Advocate, The (1997) | Taxi Driver (1976) | Fifth Element, The (1997) | Lawrence of Arabia (1962) | Arsenic and Old Lace (1944) | Alien 3 (1992)","Big Sleep, The (1946)",0.9121 | 0.8845 | 0.4078 | 0.3788 | 0.2863 | 0.2832 | 0.2150 | 0.1939 | 0.1927 | 0.1914,8,1,proposed_dual_expfam
480,North by Northwest (1959),1,0.1,1.0,0.6309297535714575,0.5,1.0,"Primal Fear (1996) | African Queen, The (1951) | Six Degrees of Separation (1993) | Annie Hall (1977) | Midnight in the Garden of Good and Evil (1997) | Lawrence of Arabia (1962) | This Is Spinal Tap (1984) | Good Will Hunting (1997) | Event Horizon (1997) | Basic Instinct (1992)","African Queen, The (1951)",0.3142 | 0.2275 | 0.1498 | 0.1360 | 0.1076 | 0.0851 | 0.0655 | 0.0650 | 0.0625 | 0.0571,8,1,proposed_dual_expfam
484,"Maltese Falcon, The (1941)",2,0.2,1.0,0.9197207891481876,0.8333333333333333,1.0,"African Queen, The (1951) | Primal Fear (1996) | Annie Hall (1977) | Midnight in the Garden of Good and Evil (1997) | Taxi Driver (1976) | Six Degrees of Separation (1993) | Nightmare on Elm Street, A (1984) | Fifth Element, The (1997) | Bram Stoker's Dracula (1992) | Basic Instinct (1992)","African Queen, The (1951) | Annie Hall (1977)",0.4619 | 0.3635 | 0.2907 | 0.1833 | 0.1610 | 0.1372 | 0.0960 | 0.0723 | 0.0718 | 0.0622,8,1,proposed_dual_expfam
498,"African Queen, The (1951)",3,0.3,1.0,0.5723986829443736,0.37777777777777777,1.0,"Taxi Driver (1976) | Annie Hall (1977) | Maltese Falcon, The (1941) | North by Northwest (1959) | Much Ado About Nothing (1993) | Primal Fear (1996) | Bram Stoker's Dracula (1992) | Young Frankenstein (1974) | Glory (1989) | Gone with the Wind (1939)","Maltese Falcon, The (1941) | North by Northwest (1959) | Gone with the Wind (1939)",0.6704 | 0.6476 | 0.4619 | 0.2275 | 0.1944 | 0.0869 | 0.0837 | 0.0744 | 0.0705 | 0.0640,8,1,proposed_dual_expfam
514,Annie Hall (1977),3,0.2,0.6666666666666666,0.41618115554873086,0.24444444444444446,1.0,"African Queen, The (1951) | Birds, The (1963) | Citizen Kane (1941) | Interview with the Vampire (1994) | Maltese Falcon, The (1941) | Lawrence of Arabia (1962) | Midnight in the Garden of Good and Evil (1997) | Young Frankenstein (1974) | Nightmare on Elm Street, A (1984) | North by Northwest (1959)","Citizen Kane (1941) | Maltese Falcon, The (1941)",0.6476 | 0.6155 | 0.5510 | 0.4975 | 0.2907 | 0.2574 | 0.2072 | 0.1919 | 0.1903 | 0.1360,8,1,proposed_dual_expfam
525,"Big Sleep, The (1946)",2,0.1,0.5,0.6131471927654584,0.5,1.0,Vertigo (1958) | Six Degrees of Separation (1993) | Primal Fear (1996) | Midnight in the Garden of Good and Evil (1997) | Much Ado About Nothing (1993) | Alien 3 (1992) | Gone with the Wind (1939) | Event Horizon (1997) | Kiss the Girls (1997) | Good Will Hunting (1997),Vertigo (1958),0.8845 | 0.6102 | 0.1890 | 0.1818 | 0.0809 | 0.0549 | 0.0477 | 0.0407 | 0.0368 | 0.0328,8,1,proposed_dual_expfam
527,Gandhi (1982),1,0.0,0.0,0.0,0.0,0.0,"Pretty Woman (1990) | Clear and Present Danger (1994) | Die Hard 2 (1990) | American President, The (1995) | Star Trek VI: The Undiscovered Country (1991) | Ghost (1990) | Stargate (1994) | Sneakers (1992) | G.I. Jane (1997) | Gattaca (1997)",,0.3413 | 0.2950 | 0.2110 | 0.1945 | 0.1823 | 0.1750 | 0.1364 | 0.1265 | 0.1055 | 0.1051,8,1,proposed_dual_expfam
559,Interview with the Vampire (1994),3,0.2,0.6666666666666666,0.37590633587120725,0.1851851851851852,1.0,"Annie Hall (1977) | Carrie (1976) | Abyss, The (1989) | Glory (1989) | Piano, The (1993) | Crimson Tide (1995) | Mask, The (1994) | Professional, The (1994) | Cape Fear (1991) | Frighteners, The (1996)","Abyss, The (1989) | Cape Fear (1991)",0.4975 | 0.2386 | 0.2068 | 0.1718 | 0.1020 | 0.0857 | 0.0819 | 0.0786 | 0.0720 | 0.0701,8,1,proposed_dual_expfam
566,Clear and Present Danger (1994),4,0.4,1.0,0.9709286432396583,0.9166666666666666,1.0,"Star Trek IV: The Voyage Home (1986) | Dave (1993) | Star Trek: Generations (1994) | Glory (1989) | Long Kiss Goodnight, The (1996) | Mask, The (1994) | Lost World: Jurassic Park, The (1997) | Gandhi (1982) | Stargate (1994) | Star Trek: The Motion Picture (1979)","Star Trek IV: The Voyage Home (1986) | Dave (1993) | Star Trek: Generations (1994) | Mask, The (1994)",0.9237 | 0.6270 | 0.4645 | 0.4570 | 0.3971 | 0.3336 | 0.3225 | 0.2950 | 0.2556 | 0.2178,8,1,proposed_dual_expfam
591,Primal Fear (1996),2,0.0,0.0,0.0,0.0,0.0,"Vertigo (1958) | Maltese Falcon, The (1941) | North by Northwest (1959) | Face/Off (1997) | Chinatown (1974) | Absolute Power (1997) | Good Will Hunting (1997) | Basic Instinct (1992) | Mystery Science Theater 3000: The Movie (1996) | Big Sleep, The (1946)",,0.9121 | 0.3635 | 0.3142 | 0.2962 | 0.2845 | 0.2279 | 0.2170 | 0.2103 | 0.1955 | 0.1890,8,1,proposed_dual_expfam
628,Sleepers (1996),1,0.1,1.0,0.43067655807339306,0.25,1.0,"Mystery Science Theater 3000: The Movie (1996) | Pretty Woman (1990) | Clear and Present Danger (1994) | Primal Fear (1996) | Everyone Says I Love You (1996) | Donnie Brasco (1997) | My Best Friend's Wedding (1997) | Nutty Professor, The (1996) | Glory (1989) | Cop Land (1997)",Primal Fear (1996),0.3179 | 0.2743 | 0.1876 | 0.1858 | 0.1402 | 0.1334 | 0.1331 | 0.1217 | 0.1025 | 0.0931,8,1,proposed_dual_expfam
651,Glory (1989),1,0.0,0.0,0.0,0.0,0.0,"Clear and Present Danger (1994) | Ghost (1990) | Pretty Woman (1990) | Sneakers (1992) | Die Hard 2 (1990) | In the Line of Fire (1993) | Interview with the Vampire (1994) | Crimson Tide (1995) | Mask, The (1994) | Birds, The (1963)",,0.4570 | 0.3540 | 0.3258 | 0.2811 | 0.1825 | 0.1784 | 0.1718 | 0.1585 | 0.1368 | 0.1067,8,1,proposed_dual_expfam
654,Chinatown (1974),2,0.2,1.0,0.7977228895450266,0.6111111111111112,1.0,"Dr. Strangelove or: How I Learned to Stop Worrying and Love the Bomb (1963) | Primal Fear (1996) | Midnight in the Garden of Good and Evil (1997) | Gone with the Wind (1939) | Much Ado About Nothing (1993) | Nightmare on Elm Street, A (1984) | Basic Instinct (1992) | Event Horizon (1997) | Birds, The (1963) | Good Will Hunting (1997)","Dr. Strangelove or: How I Learned to Stop Worrying and Love the Bomb (1963) | Birds, The (1963)",0.7537 | 0.2845 | 0.2572 | 0.0969 | 0.0664 | 0.0658 | 0.0614 | 0.0587 | 0.0353 | 0.0340,8,1,proposed_dual_expfam
659,Arsenic and Old Lace (1944),1,0.0,0.0,0.0,0.0,0.0,"Event Horizon (1997) | Batman Returns (1992) | Die Hard 2 (1990) | Vertigo (1958) | Dr. Strangelove or: How I Learned to Stop Worrying and Love the Bomb (1963) | Postino, Il (1994) | This Is Spinal Tap (1984) | Apt Pupil (1998) | Mrs. Doubtfire (1993) | Gattaca (1997)",,0.2726 | 0.2606 | 0.2085 | 0.1927 | 0.1793 | 0.1744 | 0.1471 | 0.1223 | 0.1127 | 0.0881,8,1,proposed_dual_expfam
685,Executive Decision (1996),1,0.0,0.0,0.0,0.0,0.0,"Pretty Woman (1990) | Con Air (1997) | Devil's Advocate, The (1997) | Everyone Says I Love You (1996) | Absolute Power (1997) | Grosse Pointe Blank (1997) | My Best Friend's Wedding (1997) | Donnie Brasco (1997) | Mrs. Doubtfire (1993) | Highlander (1986)",,0.1875 | 0.1445 | 0.1350 | 0.1194 | 0.1169 | 0.1031 | 0.0985 | 0.0933 | 0.0817 | 0.0708,8,1,proposed_dual_expfam
692,"American President, The (1995)",6,0.5,0.8333333333333334,0.8270966332020971,0.673611111111111,1.0,"Mrs. Doubtfire (1993) | Sneakers (1992) | Highlander (1986) | GoldenEye (1995) | Star Trek III: The Search for Spock (1984) | Crimson Tide (1995) | Gandhi (1982) | Mary Poppins (1964) | Mask, The (1994) | Long Kiss Goodnight, The (1996)",Mrs. Doubtfire (1993) | Sneakers (1992) | GoldenEye (1995) | Crimson Tide (1995) | Mary Poppins (1964),0.4200 | 0.3822 | 0.3512 | 0.3154 | 0.2937 | 0.2106 | 0.1945 | 0.1840 | 0.1336 | 0.1145,8,1,proposed_dual_expfam
732,Dave (1993),6,0.4,0.6666666666666666,0.5670738205908158,0.4055555555555555,1.0,"Highlander (1986) | Die Hard 2 (1990) | Pretty Woman (1990) | Cape Fear (1991) | Clear and Present Danger (1994) | Army of Darkness (1993) | Star Trek III: The Search for Spock (1984) | Nightmare on Elm Street, A (1984) | Abyss, The (1989) | Mary Poppins (1964)",Die Hard 2 (1990) | Pretty Woman (1990) | Clear and Present Danger (1994) | Army of Darkness (1993),0.8739 | 0.8716 | 0.8075 | 0.7747 | 0.6270 | 0.3897 | 0.3387 | 0.2849 | 0.2285 | 0.2099,8,1,proposed_dual_expfam
739,Pretty Woman (1990),5,0.4,0.8,0.8539316501572937,0.76,1.0,"Dave (1993) | Die Hard 2 (1990) | Highlander (1986) | Long Kiss Goodnight, The (1996) | Star Trek III: The Search for Spock (1984) | Mary Poppins (1964) | Gandhi (1982) | Glory (1989) | Sleepers (1996) | GoldenEye (1995)",Dave (1993) | Die Hard 2 (1990) | Highlander (1986) | Star Trek III: The Search for Spock (1984),0.8075 | 0.7857 | 0.7679 | 0.6511 | 0.5098 | 0.3690 | 0.3413 | 0.3258 | 0.2743 | 0.2622,8,1,proposed_dual_expfam
1016,Con Air (1997),1,0.1,1.0,0.31546487678572877,0.125,1.0,"Devil's Advocate, The (1997) | Reservoir Dogs (1992) | Alien: Resurrection (1997) | Grosse Pointe Blank (1997) | Executive Decision (1996) | Cop Land (1997) | Tomorrow Never Dies (1997) | Long Kiss Goodnight, The (1996) | Frighteners, The (1996) | I Know What You Did Last Summer (1997)","Long Kiss Goodnight, The (1996)",0.8684 | 0.1773 | 0.1545 | 0.1499 | 0.1445 | 0.1444 | 0.1300 | 0.1114 | 0.1004 | 0.0803,8,1,proposed_dual_expfam
1101,Six Degrees of Separation (1993),1,0.0,0.0,0.0,0.0,0.0,"Big Sleep, The (1946) | Dr. Strangelove or: How I Learned to Stop Worrying and Love the Bomb (1963) | Citizen Kane (1941) | Lawrence of Arabia (1962) | North by Northwest (1959) | Vertigo (1958) | Maltese Falcon, The (1941) | Midnight in the Garden of Good and Evil (1997) | Kiss the Girls (1997) | Lone Star (1996)",,0.6102 | 0.4131 | 0.2493 | 0.2135 | 0.1498 | 0.1404 | 0.1372 | 0.1090 | 0.0893 | 0.0644,8,1,proposed_dual_expfam
2,GoldenEye (1995),5,0.5,1.0,0.7195284669516134,0.5587301587301587,1.0,"Cape Fear (1991) | In the Line of Fire (1993) | American President, The (1995) | Client, The (1994) | Abyss, The (1989) | Army of Darkness (1993) | Star Trek III: The Search for Spock (1984) | Pretty Woman (1990) | Dave (1993) | Basic Instinct (1992)","In the Line of Fire (1993) | American President, The (1995) | Army of Darkness (1993) | Star Trek III: The Search for Spock (1984) | Dave (1993)",0.8633 | 0.7535 | 0.5679 | 0.4374 | 0.4115 | 0.3833 | 0.3787 | 0.3429 | 0.3360 | 0.3296,8,2,proposed_dual_expfam
13,Mighty Aphrodite (1995),1,0.0,0.0,0.0,0.0,0.0,"Grosse Pointe Blank (1997) | Annie Hall (1977) | Midnight in the Garden of Good and Evil (1997) | Boogie Nights (1997) | Fifth Element, The (1997) | Piano, The (1993) | Postino, Il (1994) | Much Ado About Nothing (1993) | Citizen Kane (1941) | Big Sleep, The (1946)",,0.1778 | 0.1350 | 0.1241 | 0.0978 | 0.0966 | 0.0730 | 0.0606 | 0.0578 | 0.0572 | 0.0521,8,2,proposed_dual_expfam
24,Rumble in the Bronx (1995),2,0.0,0.0,0.0,0.0,0.0,"Frighteners, The (1996) | Midnight in the Garden of Good and Evil (1997) | Carrie (1976) | Grosse Pointe Blank (1997) | Star Trek VI: The Undiscovered Country (1991) | Net, The (1995) | Star Trek: The Motion Picture (1979) | Nightmare on Elm Street, A (1984) | Batman Returns (1992) | Scream 2 (1997)",,0.1311 | 0.1101 | 0.0780 | 0.0667 | 0.0535 | 0.0493 | 0.0480 | 0.0452 | 0.0443 | 0.0436,8,2,proposed_dual_expfam
31,Crimson Tide (1995),6,0.4,0.6666666666666666,0.4567029851550496,0.26031746031746034,1.0,"Gone with the Wind (1939) | Mrs. Doubtfire (1993) | Dave (1993) | Tomorrow Never Dies (1997) | Ghost (1990) | Glory (1989) | Cape Fear (1991) | Apt Pupil (1998) | Lost World: Jurassic Park, The (1997) | Highlander (1986)",Dave (1993) | Ghost (1990) | Cape Fear (1991) | Highlander (1986),0.8210 | 0.6235 | 0.6102 | 0.6008 | 0.5922 | 0.5217 | 0.2109 | 0.2046 | 0.1858 | 0.1643,8,2,proposed_dual_expfam
55,"Professional, The (1994)",1,0.0,0.0,0.0,0.0,0.0,"Abyss, The (1989) | Clear and Present Danger (1994) | Young Frankenstein (1974) | Cape Fear (1991) | Interview with the Vampire (1994) | Sneakers (1992) | Highlander (1986) | Star Trek VI: The Undiscovered Country (1991) | Mask, The (1994) | Ghost (1990)",,0.1497 | 0.1405 | 0.1350 | 0.1328 | 0.1281 | 0.0902 | 0.0890 | 0.0885 | 0.0877 | 0.0797,8,2,proposed_dual_expfam
66,While You Were Sleeping (1995),4,0.3,0.75,0.5085097626218706,0.3020833333333333,1.0,"Client, The (1994) | Pretty Woman (1990) | Sneakers (1992) | Basic Instinct (1992) | In the Line of Fire (1993) | Mrs. Doubtfire (1993) | Gone with the Wind (1939) | Die Hard 2 (1990) | Highlander (1986) | Arsenic and Old Lace (1944)",Pretty Woman (1990) | Mrs. Doubtfire (1993) | Die Hard 2 (1990),0.3182 | 0.2566 | 0.2222 | 0.2006 | 0.1964 | 0.1699 | 0.1406 | 0.1342 | 0.1306 | 0.1012,8,2,proposed_dual_expfam
72,"Mask, The (1994)",1,0.0,0.0,0.0,0.0,0.0,"Highlander (1986) | Star Trek VI: The Undiscovered Country (1991) | Sneakers (1992) | Army of Darkness (1993) | American President, The (1995) | Interview with the Vampire (1994) | GoldenEye (1995) | Die Hard 2 (1990) | Star Trek: The Motion Picture (1979) | Tin Cup (1996)",,0.4324 | 0.3999 | 0.2522 | 0.2345 | 0.2337 | 0.2108 | 0.1997 | 0.1822 | 0.1607 | 0.1603,8,2,proposed_dual_expfam
109,Mystery Science Theater 3000: The Movie (1996),1,0.0,0.0,0.0,0.0,0.0,"Batman Returns (1992) | Gandhi (1982) | Gattaca (1997) | Boogie Nights (1997) | Grosse Pointe Blank (1997) | Star Trek: Generations (1994) | Event Horizon (1997) | Postino, Il (1994) | Six Degrees of Separation (1993) | Star Trek VI: The Undiscovered Country (1991)",,0.2366 | 0.1006 | 0.0912 | 0.0784 | 0.0772 | 0.0707 | 0.0679 | 0.0626 | 0.0616 | 0.0566,8,2,proposed_dual_expfam
133,Gone with the Wind (1939),2,0.0,0.0,0.0,0.0,0.0,"Crimson Tide (1995) | American President, The (1995) | Basic Instinct (1992) | Gandhi (1982) | Glory (1989) | Sneakers (1992) | Apt Pupil (1998) | Dave (1993) | Everyone Says I Love You (1996) | While You Were Sleeping (1995)",,0.8210 | 0.6433 | 0.5137 | 0.4883 | 0.3578 | 0.2831 | 0.2402 | 0.2230 | 0.1928 | 0.1406,8,2,proposed_dual_expfam
134,Citizen Kane (1941),1,0.1,1.0,1.0,1.0,1.0,"Annie Hall (1977) | Lawrence of Arabia (1962) | Nutty Professor, The (1996) | This Is Spinal Tap (1984) | Con Air (1997) | Much Ado About Nothing (1993) | Mighty Aphrodite (1995) | Six Degrees of Separation (1993) | Arsenic and Old Lace (1944) | Scream 2 (1997)",Annie Hall (1977),0.6496 | 0.0882 | 0.0853 | 0.0665 | 0.0607 | 0.0574 | 0.0572 | 0.0477 | 0.0472 | 0.0448,8,2,proposed_dual_expfam
147,"Long Kiss Goodnight, The (1996)",2,0.2,1.0,0.4227898344066503,0.22619047619047616,1.0,"Alien: Resurrection (1997) | Ghost (1990) | Clear and Present Danger (1994) | Abyss, The (1989) | Kiss the Girls (1997) | Primal Fear (1996) | Con Air (1997) | Tomorrow Never Dies (1997) | Star Trek: The Motion Picture (1979) | Cape Fear (1991)",Primal Fear (1996) | Con Air (1997),0.2170 | 0.2169 | 0.2057 | 0.1758 | 0.1661 | 0.1516 | 0.1478 | 0.1365 | 0.1074 | 0.1061,8,2,proposed_dual_expfam
156,Reservoir Dogs (1992),1,0.1,1.0,0.2890648263178879,0.1,1.0,"Die Hard 2 (1990) | GoldenEye (1995) | Sneakers (1992) | Birds, The (1963) | Nightmare on Elm Street, A (1984) | Interview with the Vampire (1994) | Clear and Present Danger (1994) | Arsenic and Old Lace (1944) | Sleepers (1996) | Highlander (1986)",Highlander (1986),0.3702 | 0.3243 | 0.2254 | 0.1621 | 0.1235 | 0.1088 | 0.1074 | 0.1072 | 0.1053 | 0.1015,8,2,proposed_dual_expfam
164,"Abyss, The (1989)",4,0.1,0.25,0.15101961822780524,0.05,1.0,Clear and Present Danger (1994) | GoldenEye (1995) | Alien: Resurrection (1997) | Die Hard 2 (1990) | Highlander (1986) | Young Frankenstein (1974) | In the Line of Fire (1993) | Star Trek III: The Search for Spock (1984) | Sneakers (1992) | Star Trek: Generations (1994),Highlander (1986),0.5174 | 0.4115 | 0.3920 | 0.3697 | 0.3183 | 0.2660 | 0.2284 | 0.2155 | 0.2084 | 0.1763,8,2,proposed_dual_expfam
184,Army of Darkness (1993),4,0.3,0.75,0.6096199500078984,0.47916666666666663,1.0,"Star Trek VI: The Undiscovered Country (1991) | Cape Fear (1991) | In the Line of Fire (1993) | GoldenEye (1995) | Carrie (1976) | Birds, The (1963) | Grease (1978) | Star Trek: The Motion Picture (1979) | Mask, The (1994) | Ghost (1990)",Cape Fear (1991) | In the Line of Fire (1993) | GoldenEye (1995),0.4804 | 0.4420 | 0.3873 | 0.3833 | 0.2512 | 0.2506 | 0.2416 | 0.2406 | 0.2345 | 0.2213,8,2,proposed_dual_expfam
208,Young Frankenstein (1974),1,0.1,1.0,0.3010299956639812,0.1111111111111111,1.0,"Birds, The (1963) | Sneakers (1992) | Cape Fear (1991) | Abyss, The (1989) | Clear and Present Danger (1994) | Highlander (1986) | Taxi Driver (1976) | Ghost (1990) | Mrs. Doubtfire (1993) | Professional, The (1994)",Mrs. Doubtfire (1993),0.5849 | 0.3026 | 0.2879 | 0.2660 | 0.2502 | 0.2155 | 0.1910 | 0.1473 | 0.1471 | 0.1350,8,2,proposed_dual_expfam
217,Bram Stoker's Dracula (1992),1,0.1,1.0,0.6309297535714575,0.5,1.0,"Boogie Nights (1997) | Interview with the Vampire (1994) | Birds, The (1963) | Annie Hall (1977) | Young Frankenstein (1974) | Mighty Aphrodite (1995) | Grosse Pointe Blank (1997) | Carrie (1976) | Star Trek VI: The Undiscovered Country (1991) | Piano, The (1993)",Interview with the Vampire (1994),0.1295 | 0.0715 | 0.0581 | 0.0468 | 0.0425 | 0.0423 | 0.0403 | 0.0402 | 0.0388 | 0.0382,8,2,proposed_dual_expfam
218,Cape Fear (1991),3,0.3,1.0,0.519301112470348,0.31666666666666665,1.0,"GoldenEye (1995) | In the Line of Fire (1993) | Sneakers (1992) | Army of Darkness (1993) | Nightmare on Elm Street, A (1984) | Star Trek III: The Search for Spock (1984) | Young Frankenstein (1974) | Lost World: Jurassic Park, The (1997) | Alien: Resurrection (1997) | Crimson Tide (1995)","Army of Darkness (1993) | Nightmare on Elm Street, A (1984) | Crimson Tide (1995)",0.8633 | 0.7136 | 0.5311 | 0.4420 | 0.3137 | 0.3060 | 0.2879 | 0.2665 | 0.2205 | 0.2109,8,2,proposed_dual_expfam
219,"Nightmare on Elm Street, A (1984)",3,0.1,0.3333333333333333,0.46927872602275644,0.3333333333333333,1.0,Cape Fear (1991) | Mary Poppins (1964) | GoldenEye (1995) | Highlander (1986) | Star Trek IV: The Voyage Home (1986) | Grease (1978) | Die Hard 2 (1990) | Dave (1993) | Reservoir Dogs (1992) | Boogie Nights (1997),Cape Fear (1991),0.3137 | 0.2238 | 0.1923 | 0.1862 | 0.1499 | 0.1453 | 0.1314 | 0.1286 | 0.1235 | 0.1103,8,2,proposed_dual_expfam
226,Die Hard 2 (1990),8,0.5,0.625,0.5983253787549809,0.37142857142857144,1.0,"Star Trek IV: The Voyage Home (1986) | Reservoir Dogs (1992) | Abyss, The (1989) | Basic Instinct (1992) | Pretty Woman (1990) | Star Trek VI: The Undiscovered Country (1991) | American President, The (1995) | Lost World: Jurassic Park, The (1997) | Carrie (1976) | Ghost (1990)","Star Trek IV: The Voyage Home (1986) | Pretty Woman (1990) | Star Trek VI: The Undiscovered Country (1991) | American President, The (1995) | Ghost (1990)",0.5828 | 0.3702 | 0.3697 | 0.3097 | 0.2767 | 0.2733 | 0.2646 | 0.2605 | 0.2158 | 0.1912,8,2,proposed_dual_expfam
227,Star Trek VI: The Undiscovered Country (1991),5,0.4,0.8,0.4340013854116349,0.2371428571428571,1.0,"Fifth Element, The (1997) | Army of Darkness (1993) | Ghost (1990) | Mask, The (1994) | Batman Returns (1992) | Die Hard 2 (1990) | Dave (1993) | Interview with the Vampire (1994) | Pretty Woman (1990) | Star Trek: The Motion Picture (1979)",Die Hard 2 (1990) | Dave (1993) | Pretty Woman (1990) | Star Trek: The Motion Picture (1979),0.6481 | 0.4804 | 0.4574 | 0.3999 | 0.3768 | 0.2733 | 0.2672 | 0.2357 | 0.2232 | 0.2145,8,2,proposed_dual_expfam
229,Star Trek III: The Search for Spock (1984),3,0.2,0.6666666666666666,0.43734888382569426,0.24074074074074073,1.0,"Birds, The (1963) | GoldenEye (1995) | American President, The (1995) | Cape Fear (1991) | Dave (1993) | Abyss, The (1989) | Interview with the Vampire (1994) | Mrs. Doubtfire (1993) | Die Hard 2 (1990) | Army of Darkness (1993)",GoldenEye (1995) | Die Hard 2 (1990),0.4515 | 0.3787 | 0.3115 | 0.3060 | 0.2879 | 0.2155 | 0.1258 | 0.1252 | 0.1025 | 0.1008,8,2,proposed_dual_expfam
230,Star Trek IV: The Voyage Home (1986),4,0.3,0.75,0.7365896932159578,0.5666666666666667,1.0,"Highlander (1986) | Client, The (1994) | Die Hard 2 (1990) | Basic Instinct (1992) | Star Trek: Generations (1994) | Lost World: Jurassic Park, The (1997) | Birds, The (1963) | Glory (1989) | Batman Returns (1992) | Mask, The (1994)",Highlander (1986) | Die Hard 2 (1990) | Star Trek: Generations (1994),0.6931 | 0.5844 | 0.5828 | 0.3572 | 0.2724 | 0.2707 | 0.2053 | 0.1875 | 0.1648 | 0.1505,8,2,proposed_dual_expfam
248,Grosse Pointe Blank (1997),1,0.0,0.0,0.0,0.0,0.0,"Midnight in the Garden of Good and Evil (1997) | Batman Returns (1992) | Mighty Aphrodite (1995) | Annie Hall (1977) | Mystery Science Theater 3000: The Movie (1996) | Much Ado About Nothing (1993) | Rumble in the Bronx (1995) | Frighteners, The (1996) | Postino, Il (1994) | Grease (1978)",,0.5603 | 0.1990 | 0.1778 | 0.1037 | 0.0772 | 0.0714 | 0.0667 | 0.0559 | 0.0480 | 0.0476,8,2,proposed_dual_expfam
250,"Fifth Element, The (1997)",2,0.1,0.5,0.21840743681816419,0.08333333333333333,1.0,"Star Trek VI: The Undiscovered Country (1991) | Batman Returns (1992) | Boogie Nights (1997) | Star Trek: Generations (1994) | Cape Fear (1991) | Army of Darkness (1993) | Birds, The (1963) | Interview with the Vampire (1994) | Net, The (1995) | Event Horizon (1997)",Army of Darkness (1993),0.6481 | 0.4860 | 0.3107 | 0.2085 | 0.1872 | 0.1704 | 0.1453 | 0.1234 | 0.1021 | 0.0994,8,2,proposed_dual_expfam
298,Face/Off (1997),1,0.0,0.0,0.0,0.0,0.0,"Big Sleep, The (1946) | Alien: Resurrection (1997) | Fifth Element, The (1997) | Annie Hall (1977) | Nutty Professor, The (1996) | Frighteners, The (1996) | Birds, The (1963) | Citizen Kane (1941) | Interview with the Vampire (1994) | Vertigo (1958)",,0.0604 | 0.0502 | 0.0482 | 0.0451 | 0.0387 | 0.0379 | 0.0344 | 0.0328 | 0.0318 | 0.0295,8,2,proposed_dual_expfam
307,"Devil's Advocate, The (1997)",1,0.0,0.0,0.0,0.0,0.0,"Cape Fear (1991) | Die Hard 2 (1990) | Reservoir Dogs (1992) | Sleepers (1996) | Carrie (1976) | Frighteners, The (1996) | Long Kiss Goodnight, The (1996) | Army of Darkness (1993) | GoldenEye (1995) | Abyss, The (1989)",,0.1036 | 0.0813 | 0.0755 | 0.0695 | 0.0550 | 0.0518 | 0.0461 | 0.0439 | 0.0434 | 0.0408,8,2,proposed_dual_expfam
319,Everyone Says I Love You (1996),1,0.0,0.0,0.0,0.0,0.0,"Mary Poppins (1964) | Arsenic and Old Lace (1944) | Dave (1993) | Grease (1978) | Gone with the Wind (1939) | American President, The (1995) | Client, The (1994) | Sneakers (1992) | Basic Instinct (1992) | Dr. Strangelove or: How I Learned to Stop Worrying and Love the Bomb (1963)",,0.3970 | 0.3788 | 0.2787 | 0.2662 | 0.1928 | 0.1525 | 0.1266 | 0.1083 | 0.0886 | 0.0798,8,2,proposed_dual_expfam
326,G.I. Jane (1997),1,0.0,0.0,0.0,0.0,0.0,"Crimson Tide (1995) | Absolute Power (1997) | Executive Decision (1996) | Tomorrow Never Dies (1997) | Lawrence of Arabia (1962) | Long Kiss Goodnight, The (1996) | North by Northwest (1959) | Apt Pupil (1998) | My Best Friend's Wedding (1997) | Dr. Strangelove or: How I Learned to Stop Worrying and Love the Bomb (1963)",,0.0983 | 0.0910 | 0.0857 | 0.0639 | 0.0571 | 0.0566 | 0.0544 | 0.0530 | 0.0486 | 0.0483,8,2,proposed_dual_expfam
380,Star Trek: Generations (1994),1,0.1,1.0,0.6309297535714575,0.5,1.0,"Gattaca (1997) | Star Trek IV: The Voyage Home (1986) | Dave (1993) | In the Line of Fire (1993) | Fifth Element, The (1997) | Taxi Driver (1976) | Sneakers (1992) | Abyss, The (1989) | American President, The (1995) | Interview with the Vampire (1994)",Star Trek IV: The Voyage Home (1986),0.2949 | 0.2724 | 0.2518 | 0.2285 | 0.2085 | 0.1860 | 0.1804 | 0.1763 | 0.1598 | 0.1406,8,2,proposed_dual_expfam
393,Mrs. Doubtfire (1993),5,0.4,0.8,0.5987171642521193,0.40793650793650793,1.0,Crimson Tide (1995) | Pretty Woman (1990) | Grease (1978) | Highlander (1986) | Arsenic and Old Lace (1944) | GoldenEye (1995) | While You Were Sleeping (1995) | Basic Instinct (1992) | Young Frankenstein (1974) | Interview with the Vampire (1994),Pretty Woman (1990) | Grease (1978) | While You Were Sleeping (1995) | Young Frankenstein (1974),0.6235 | 0.5166 | 0.3286 | 0.2486 | 0.2381 | 0.2298 | 0.1699 | 0.1551 | 0.1471 | 0.1465,8,2,proposed_dual_expfam
402,Ghost (1990),4,0.3,0.75,0.7030861797445797,0.49999999999999994,1.0,"Crimson Tide (1995) | Highlander (1986) | American President, The (1995) | Star Trek VI: The Undiscovered Country (1991) | In the Line of Fire (1993) | Army of Darkness (1993) | Long Kiss Goodnight, The (1996) | Cape Fear (1991) | Die Hard 2 (1990) | Apt Pupil (1998)","Crimson Tide (1995) | American President, The (1995) | Die Hard 2 (1990)",0.5922 | 0.5373 | 0.4938 | 0.4574 | 0.2335 | 0.2213 | 0.2169 | 0.2085 | 0.1912 | 0.1738,8,2,proposed_dual_expfam
419,Mary Poppins (1964),2,0.0,0.0,0.0,0.0,0.0,"Client, The (1994) | Dave (1993) | Everyone Says I Love You (1996) | Carrie (1976) | Basic Instinct (1992) | Maltese Falcon, The (1941) | This Is Spinal Tap (1984) | Nightmare on Elm Street, A (1984) | Chinatown (1974) | Boogie Nights (1997)",,0.6211 | 0.5327 | 0.3970 | 0.3243 | 0.3227 | 0.2903 | 0.2378 | 0.2238 | 0.1390 | 0.1086,8,2,proposed_dual_expfam
431,Highlander (1986),5,0.3,0.6,0.6217937096682962,0.419047619047619,1.0,"Star Trek IV: The Voyage Home (1986) | Dave (1993) | In the Line of Fire (1993) | Ghost (1990) | Mask, The (1994) | Birds, The (1963) | Abyss, The (1989) | American President, The (1995) | Carrie (1976) | Mrs. Doubtfire (1993)","Star Trek IV: The Voyage Home (1986) | In the Line of Fire (1993) | Abyss, The (1989)",0.6931 | 0.6309 | 0.6239 | 0.5373 | 0.4324 | 0.4315 | 0.3183 | 0.3027 | 0.2676 | 0.2486,8,2,proposed_dual_expfam
443,"Birds, The (1963)",1,0.0,0.0,0.0,0.0,0.0,"This Is Spinal Tap (1984) | Young Frankenstein (1974) | Boogie Nights (1997) | Arsenic and Old Lace (1944) | Star Trek III: The Search for Spock (1984) | Highlander (1986) | GoldenEye (1995) | Maltese Falcon, The (1941) | Grease (1978) | Army of Darkness (1993)",,0.6208 | 0.5849 | 0.5113 | 0.4579 | 0.4515 | 0.4315 | 0.3222 | 0.3059 | 0.2726 | 0.2506,8,2,proposed_dual_expfam
447,Carrie (1976),3,0.1,0.3333333333333333,0.18154179253735267,0.06666666666666667,1.0,"Arsenic and Old Lace (1944) | Mary Poppins (1964) | Highlander (1986) | Army of Darkness (1993) | Dave (1993) | Die Hard 2 (1990) | Interview with the Vampire (1994) | GoldenEye (1995) | Frighteners, The (1996) | Sneakers (1992)",Dave (1993),0.3995 | 0.3243 | 0.2676 | 0.2512 | 0.2342 | 0.2158 | 0.2157 | 0.1959 | 0.1853 | 0.1408,8,2,proposed_dual_expfam
449,Star Trek: The Motion Picture (1979),2,0.1,0.5,0.38685280723454163,0.25,1.0,"Army of Darkness (1993) | Star Trek VI: The Undiscovered Country (1991) | Highlander (1986) | Clear and Present Danger (1994) | Mask, The (1994) | Ghost (1990) | Long Kiss Goodnight, The (1996) | Executive Decision (1996) | Cape Fear (1991) | Frighteners, The (1996)",Star Trek VI: The Undiscovered Country (1991),0.2406 | 0.2145 | 0.1793 | 0.1754 | 0.1607 | 0.1246 | 0.1074 | 0.0952 | 0.0923 | 0.0859,8,2,proposed_dual_expfam
451,Grease (1978),3,0.2,0.6666666666666666,0.4632423659320675,0.27777777777777773,1.0,"Arsenic and Old Lace (1944) | Mrs. Doubtfire (1993) | Birds, The (1963) | Everyone Says I Love You (1996) | Much Ado About Nothing (1993) | American President, The (1995) | Army of Darkness (1993) | Basic Instinct (1992) | Client, The (1994) | Nightmare on Elm Street, A (1984)","Mrs. Doubtfire (1993) | American President, The (1995)",0.8151 | 0.3286 | 0.2726 | 0.2662 | 0.2488 | 0.2455 | 0.2416 | 0.1976 | 0.1492 | 0.1453,8,2,proposed_dual_expfam
479,Vertigo (1958),1,0.1,1.0,1.0,1.0,1.0,"North by Northwest (1959) | Birds, The (1963) | This Is Spinal Tap (1984) | Absolute Power (1997) | Taxi Driver (1976) | Scream 2 (1997) | Boogie Nights (1997) | Alien 3 (1992) | Carrie (1976) | Dr. Strangelove or: How I Learned to Stop Worrying and Love the Bomb (1963)",North by Northwest (1959),0.2621 | 0.0751 | 0.0734 | 0.0684 | 0.0618 | 0.0599 | 0.0589 | 0.0571 | 0.0552 | 0.0549,8,2,proposed_dual_expfam
480,North by Northwest (1959),1,0.1,1.0,0.5,0.3333333333333333,1.0,"Taxi Driver (1976) | Lawrence of Arabia (1962) | Vertigo (1958) | This Is Spinal Tap (1984) | Annie Hall (1977) | Birds, The (1963) | Absolute Power (1997) | G.I. Jane (1997) | Fly Away Home (1996) | Six Degrees of Separation (1993)",Vertigo (1958),0.5031 | 0.3306 | 0.2621 | 0.2093 | 0.2057 | 0.0614 | 0.0604 | 0.0544 | 0.0513 | 0.0452,8,2,proposed_dual_expfam
484,"Maltese Falcon, The (1941)",2,0.1,0.5,0.6131471927654584,0.5,1.0,"Chinatown (1974) | Birds, The (1963) | Mary Poppins (1964) | Taxi Driver (1976) | This Is Spinal Tap (1984) | Six Degrees of Separation (1993) | Boogie Nights (1997) | Fly Away Home (1996) | Everyone Says I Love You (1996) | Piano, The (1993)",Chinatown (1974),0.8071 | 0.3059 | 0.2903 | 0.2645 | 0.1903 | 0.1223 | 0.1045 | 0.0980 | 0.0667 | 0.0542,8,2,proposed_dual_expfam
498,"African Queen, The (1951)",1,0.0,0.0,0.0,0.0,0.0,"Taxi Driver (1976) | Con Air (1997) | Annie Hall (1977) | Fly Away Home (1996) | This Is Spinal Tap (1984) | Mary Poppins (1964) | Absolute Power (1997) | Scream 2 (1997) | Piano, The (1993) | Everyone Says I Love You (1996)",,0.4310 | 0.2978 | 0.1934 | 0.0936 | 0.0871 | 0.0843 | 0.0810 | 0.0620 | 0.0573 | 0.0414,8,2,proposed_dual_expfam
514,Annie Hall (1977),2,0.1,0.5,0.6131471927654584,0.5,1.0,"Citizen Kane (1941) | Nutty Professor, The (1996) | North by Northwest (1959) | African Queen, The (1951) | Mighty Aphrodite (1995) | My Best Friend's Wedding (1997) | Grosse Pointe Blank (1997) | Postino, Il (1994) | Piano, The (1993) | Gattaca (1997)",Citizen Kane (1941),0.6496 | 0.2916 | 0.2057 | 0.1934 | 0.1350 | 0.1319 | 0.1037 | 0.1024 | 0.0853 | 0.0769,8,2,proposed_dual_expfam
559,Interview with the Vampire (1994),3,0.0,0.0,0.0,0.0,0.0,"Clear and Present Danger (1994) | Star Trek VI: The Undiscovered Country (1991) | Carrie (1976) | Mask, The (1994) | Sneakers (1992) | Mrs. Doubtfire (1993) | Star Trek: Generations (1994) | Dave (1993) | This Is Spinal Tap (1984) | Professional, The (1994)",,0.2365 | 0.2357 | 0.2157 | 0.2108 | 0.2039 | 0.1465 | 0.1406 | 0.1334 | 0.1284 | 0.1281,8,2,proposed_dual_expfam
566,Clear and Present Danger (1994),1,0.1,1.0,1.0,1.0,1.0,"Pretty Woman (1990) | Abyss, The (1989) | Tomorrow Never Dies (1997) | Basic Instinct (1992) | Lost World: Jurassic Park, The (1997) | Glory (1989) | Young Frankenstein (1974) | Interview with the Vampire (1994) | Long Kiss Goodnight, The (1996) | Batman Returns (1992)",Pretty Woman (1990),0.8613 | 0.5174 | 0.3948 | 0.3680 | 0.3114 | 0.2541 | 0.2502 | 0.2365 | 0.2057 | 0.1806,8,2,proposed_dual_expfam
591,Primal Fear (1996),1,0.1,1.0,0.6309297535714575,0.5,1.0,"Kiss the Girls (1997) | Long Kiss Goodnight, The (1996) | Dragonheart (1996) | Tomorrow Never Dies (1997) | Crimson Tide (1995) | Alien: Resurrection (1997) | Good Will Hunting (1997) | Mask, The (1994) | Abyss, The (1989) | Nutty Professor, The (1996)","Long Kiss Goodnight, The (1996)",0.3042 | 0.1516 | 0.0988 | 0.0700 | 0.0606 | 0.0601 | 0.0564 | 0.0532 | 0.0431 | 0.0407,8,2,proposed_dual_expfam
654,Chinatown (1974),1,0.1,1.0,1.0,1.0,1.0,"Maltese Falcon, The (1941) | Fly Away Home (1996) | Boogie Nights (1997) | Gattaca (1997) | Mary Poppins (1964) | Piano, The (1993) | Postino, Il (1994) | Event Horizon (1997) | Everyone Says I Love You (1996) | Con Air (1997)","Maltese Falcon, The (1941)",0.8071 | 0.2978 | 0.1671 | 0.1489 | 0.1390 | 0.0840 | 0.0409 | 0.0367 | 0.0353 | 0.0340,8,2,proposed_dual_expfam
684,In the Line of Fire (1993),5,0.5,1.0,0.888111130388384,0.7544444444444445,1.0,"GoldenEye (1995) | Cape Fear (1991) | Highlander (1986) | Dave (1993) | Army of Darkness (1993) | Basic Instinct (1992) | Batman Returns (1992) | Lost World: Jurassic Park, The (1997) | Pretty Woman (1990) | Glory (1989)",GoldenEye (1995) | Highlander (1986) | Dave (1993) | Army of Darkness (1993) | Pretty Woman (1990),0.7535 | 0.7136 | 0.6239 | 0.5515 | 0.3873 | 0.3763 | 0.3685 | 0.3101 | 0.3087 | 0.2342,8,2,proposed_dual_expfam
692,"American President, The (1995)",4,0.4,1.0,0.6039848603939605,0.4131944444444444,1.0,"Gone with the Wind (1939) | Basic Instinct (1992) | GoldenEye (1995) | Ghost (1990) | Gandhi (1982) | Star Trek III: The Search for Spock (1984) | Highlander (1986) | Die Hard 2 (1990) | Grease (1978) | Mask, The (1994)",GoldenEye (1995) | Ghost (1990) | Die Hard 2 (1990) | Grease (1978),0.6433 | 0.5956 | 0.5679 | 0.4938 | 0.3833 | 0.3115 | 0.3027 | 0.2646 | 0.2455 | 0.2337,8,2,proposed_dual_expfam
732,Dave (1993),6,0.4,0.6666666666666666,0.5095838173569847,0.3047619047619048,1.0,Highlander (1986) | Crimson Tide (1995) | Arsenic and Old Lace (1944) | In the Line of Fire (1993) | Mary Poppins (1964) | Basic Instinct (1992) | GoldenEye (1995) | Star Trek III: The Search for Spock (1984) | Everyone Says I Love You (1996) | Star Trek VI: The Undiscovered Country (1991),Crimson Tide (1995) | In the Line of Fire (1993) | GoldenEye (1995) | Star Trek VI: The Undiscovered Country (1991),0.6309 | 0.6102 | 0.5681 | 0.5515 | 0.5327 | 0.3738 | 0.3360 | 0.2879 | 0.2787 | 0.2672,8,2,proposed_dual_expfam
739,Pretty Woman (1990),6,0.6,1.0,0.9495662644168644,0.8734126984126983,1.0,"Clear and Present Danger (1994) | Mrs. Doubtfire (1993) | GoldenEye (1995) | In the Line of Fire (1993) | Die Hard 2 (1990) | While You Were Sleeping (1995) | Star Trek VI: The Undiscovered Country (1991) | Basic Instinct (1992) | Army of Darkness (1993) | Client, The (1994)",Clear and Present Danger (1994) | Mrs. Doubtfire (1993) | In the Line of Fire (1993) | Die Hard 2 (1990) | While You Were Sleeping (1995) | Star Trek VI: The Undiscovered Country (1991),0.8613 | 0.5166 | 0.3429 | 0.3087 | 0.2767 | 0.2566 | 0.2232 | 0.2182 | 0.1976 | 0.1963,8,2,proposed_dual_expfam
1016,Con Air (1997),2,0.1,0.5,0.23719771276929622,0.1,1.0,"Big Sleep, The (1946) | African Queen, The (1951) | Midnight in the Garden of Good and Evil (1997) | Scream 2 (1997) | Long Kiss Goodnight, The (1996) | Dr. Strangelove or: How I Learned to Stop Worrying and Love the Bomb (1963) | Lost Highway (1997) | Citizen Kane (1941) | Frighteners, The (1996) | Grease (1978)","Long Kiss Goodnight, The (1996)",0.3323 | 0.2978 | 0.1910 | 0.1848 | 0.1478 | 0.0695 | 0.0668 | 0.0607 | 0.0501 | 0.0481,8,2,proposed_dual_expfam
