replicate,start_label,column,candidate_family,score,neg2_score,sigma_sq,optimizer,optimiser_iterations,optimiser_converged,optimiser_gradient_inf,scipy_success,loading_norm,family_x_true,selected_family,k,dataset_status
rep01,start_B,3,bernoulli,-51.75475177635741,103.50950355271482,,bfgs,3,True,1.7850965150500998e-11,True,0.15783546329534723,bernoulli,bernoulli,1,completed
rep01,start_B,3,poisson,-74.99147933513407,149.98295867026815,,bfgs,5,True,2.6645352591003757e-15,True,0.015060750883862299,bernoulli,bernoulli,1,completed
rep01,start_B,4,bernoulli,-46.60456390572315,93.2091278114463,,bfgs,5,True,8.881784197001252e-16,True,0.8524333185542011,bernoulli,bernoulli,1,completed
rep01,start_B,4,poisson,-73.40204746357165,146.8040949271433,,bfgs,8,True,9.059419880941277e-15,True,0.20523496870383218,bernoulli,bernoulli,1,completed
rep01,start_B,5,bernoulli,-51.0111308046626,102.0222616093252,,bfgs,3,True,1.9595880473843863e-11,True,0.32919624824299343,bernoulli,bernoulli,1,completed
rep01,start_B,5,poisson,-74.59186613125239,149.18373226250478,,bfgs,5,True,3.552713678800501e-15,True,0.10444002380339688,bernoulli,bernoulli,1,completed
rep01,start_B,6,bernoulli,-45.45935780803063,90.91871561606126,,bfgs,4,True,1.0658141036401502e-15,True,0.9640542298095285,bernoulli,bernoulli,1,completed
rep01,start_B,6,poisson,-73.13275422116578,146.26550844233157,,bfgs,6,True,8.418421515443696e-12,True,0.2214506952835964,bernoulli,bernoulli,1,completed
rep01,start_B,7,bernoulli,-51.32272954229612,102.64545908459225,,bfgs,3,True,3.9382186400871434e-11,True,0.26974587170620196,bernoulli,bernoulli,1,completed
rep01,start_B,7,poisson,-74.69336015870327,149.38672031740654,,bfgs,5,True,1.4988010832439613e-15,True,0.09055825612022483,bernoulli,bernoulli,1,completed
rep01,start_B,8,bernoulli,-48.88279170343293,97.76558340686586,,bfgs,3,True,2.0236434750131594e-11,True,0.615019147483367,bernoulli,bernoulli,1,completed
rep01,start_B,8,poisson,-73.97946709819112,147.95893419638224,,bfgs,4,False,3.920818107960855e-08,False,0.16462409675026812,bernoulli,bernoulli,1,completed
rep01,start_B,3,bernoulli,-50.806196763358614,101.61239352671723,,bfgs,5,True,4.8247983386318084e-11,True,0.38297642144120636,bernoulli,bernoulli,2,completed
rep01,start_B,3,poisson,-74.95715469384265,149.9143093876853,,bfgs,6,True,1.888871126176639e-09,False,0.03541216842615071,bernoulli,bernoulli,2,completed
rep01,start_B,4,bernoulli,-38.978024965753534,77.95604993150707,,bfgs,6,True,2.6210145165350696e-11,True,1.5912137733499228,bernoulli,bernoulli,2,completed
rep01,start_B,4,poisson,-72.66083071340022,145.32166142680043,,bfgs,10,False,1.1380911413283456e-08,False,0.2450670477920751,bernoulli,bernoulli,2,completed
rep01,start_B,5,bernoulli,-46.28586400785665,92.5717280157133,,bfgs,5,True,1.16681331263635e-11,True,0.9330247794573626,bernoulli,bernoulli,2,completed
rep01,start_B,5,poisson,-72.79480050904056,145.5896010180811,,bfgs,8,True,7.600012441599802e-09,False,0.25703253251287767,bernoulli,bernoulli,2,completed
rep01,start_B,6,bernoulli,-46.54899150762792,93.09798301525583,,bfgs,6,True,7.755573960821494e-13,True,0.7900252022605571,bernoulli,bernoulli,2,completed
rep01,start_B,6,poisson,-73.35864078815669,146.71728157631338,,bfgs,9,True,6.097731031218245e-09,False,0.19343361059953645,bernoulli,bernoulli,2,completed
rep01,start_B,7,bernoulli,-42.233360245111456,84.46672049022291,,bfgs,6,True,4.091660343874537e-11,True,1.3450173856717624,bernoulli,bernoulli,2,completed
rep01,start_B,7,poisson,-73.508043501414,147.016087002828,,bfgs,7,True,8.476588320149858e-11,True,0.21004852462172005,bernoulli,bernoulli,2,completed
rep01,start_B,8,bernoulli,-48.93735801493208,97.87471602986416,,bfgs,5,True,3.0201219303194196e-11,True,0.572499079471526,bernoulli,bernoulli,2,completed
rep01,start_B,8,poisson,-73.7141171515245,147.428234303049,,bfgs,6,True,6.237286243049312e-11,True,0.1814612202110079,bernoulli,bernoulli,2,completed
rep01,start_B,3,bernoulli,-46.472334537151895,92.94466907430379,,bfgs,7,True,1.0453327092818654e-11,True,0.9483288750669467,bernoulli,bernoulli,3,completed
rep01,start_B,3,poisson,-74.63939339262882,149.27878678525764,,bfgs,11,True,3.3906742413769565e-10,False,0.10851070102052926,bernoulli,bernoulli,3,completed
rep01,start_B,4,bernoulli,-36.01911827246506,72.03823654493011,,bfgs,7,True,5.852319517885007e-10,False,1.7829259444113803,bernoulli,bernoulli,3,completed
rep01,start_B,4,poisson,-70.88784101155697,141.77568202311394,,bfgs,14,True,8.090775105440428e-10,False,0.33486432485286244,bernoulli,bernoulli,3,completed
rep01,start_B,5,bernoulli,-46.295774531110396,92.59154906222079,,bfgs,6,True,2.3046564656681312e-12,True,0.8890022969595471,bernoulli,bernoulli,3,completed
rep01,start_B,5,poisson,-72.59631868747519,145.19263737495038,,bfgs,11,True,3.514962276796041e-09,False,0.27111798385810354,bernoulli,bernoulli,3,completed
rep01,start_B,6,bernoulli,-44.52542069264139,89.05084138528278,,bfgs,7,True,4.59163818078423e-11,True,0.9422999435825116,bernoulli,bernoulli,3,completed
rep01,start_B,6,poisson,-72.09718328528729,144.19436657057457,,bfgs,11,True,5.6741942700000435e-09,False,0.2736575882451568,bernoulli,bernoulli,3,completed
rep01,start_B,7,bernoulli,-43.62550403622775,87.2510080724555,,bfgs,7,True,7.205658292264161e-12,True,1.1850518242114072,bernoulli,bernoulli,3,completed
rep01,start_B,7,poisson,-73.58668821350331,147.17337642700662,,bfgs,12,True,9.670825251717475e-12,True,0.19750493404969466,bernoulli,bernoulli,3,completed
rep01,start_B,8,bernoulli,-46.12981405535601,92.25962811071201,,bfgs,8,True,4.884981308350689e-15,True,0.8887746748646965,bernoulli,bernoulli,3,completed
rep01,start_B,8,poisson,-72.16164312008141,144.32328624016282,,bfgs,10,True,8.499257964089679e-10,False,0.2930269188839941,bernoulli,bernoulli,3,completed
rep01,start_B,3,bernoulli,-46.178959659575106,92.35791931915021,,bfgs,8,True,1.5077716852829325e-12,True,0.9157860929834339,bernoulli,bernoulli,4,completed
rep01,start_B,3,poisson,-74.59306845534523,149.18613691069046,,bfgs,11,True,5.262357938295992e-09,False,0.1085098699965252,bernoulli,bernoulli,4,completed
rep01,start_B,4,bernoulli,-35.289419961250495,70.57883992250099,,bfgs,8,True,1.4258816349865811e-12,True,1.7372292249909573,bernoulli,bernoulli,4,completed
rep01,start_B,4,poisson,-70.95965111968731,141.91930223937462,,bfgs,14,False,4.5765940848152554e-08,False,0.31037986700698655,bernoulli,bernoulli,4,completed
rep01,start_B,5,bernoulli,-45.455589749543414,90.91117949908683,,bfgs,8,True,1.0491745250362783e-10,False,0.9870975610055623,bernoulli,bernoulli,4,completed
rep01,start_B,5,poisson,-72.3277563985472,144.6555127970944,,bfgs,13,True,5.991704021823807e-10,False,0.2701550635160046,bernoulli,bernoulli,4,completed
rep01,start_B,6,bernoulli,-44.59392822082517,89.18785644165034,,bfgs,8,True,3.071631837769928e-11,True,0.8680665134348906,bernoulli,bernoulli,4,completed
rep01,start_B,6,poisson,-72.27547918828638,144.55095837657277,,bfgs,13,True,3.462976594370559e-09,False,0.24294980190068444,bernoulli,bernoulli,4,completed
rep01,start_B,7,bernoulli,-43.57045164776058,87.14090329552116,,bfgs,7,True,4.805811748553879e-10,False,1.0738487416372493,bernoulli,bernoulli,4,completed
rep01,start_B,7,poisson,-73.83378058979645,147.6675611795929,,bfgs,10,True,3.8173166849730935e-10,False,0.15784294901131887,bernoulli,bernoulli,4,completed
rep01,start_B,8,bernoulli,-46.13524734209541,92.27049468419082,,bfgs,8,True,2.6547208875626893e-11,True,0.9723678865312679,bernoulli,bernoulli,4,completed
rep01,start_B,8,poisson,-72.29340309724641,144.58680619449282,,bfgs,13,True,3.7890135473617194e-12,True,0.28399028031573004,bernoulli,bernoulli,4,completed
rep01,start_B,3,bernoulli,-45.57122943713854,91.14245887427708,,bfgs,10,True,7.218945441422875e-11,True,0.9926395845804956,bernoulli,bernoulli,5,completed
rep01,start_B,3,poisson,-74.51483356710787,149.02966713421574,,bfgs,11,True,1.7309302657864124e-09,False,0.12507642156123672,bernoulli,bernoulli,5,completed
rep01,start_B,4,bernoulli,-34.341020455789064,68.68204091157813,,bfgs,9,True,9.826919722399908e-10,False,1.7807980886563304,bernoulli,bernoulli,5,completed
rep01,start_B,4,poisson,-70.72848320464693,141.45696640929387,,bfgs,17,False,1.897660648619848e-08,False,0.3091799991826301,bernoulli,bernoulli,5,completed
rep01,start_B,5,bernoulli,-45.43696443253761,90.87392886507521,,bfgs,10,True,5.78448400290199e-13,True,0.9537248942689707,bernoulli,bernoulli,5,completed
rep01,start_B,5,poisson,-72.44154502487632,144.88309004975264,,bfgs,14,False,1.862843066469111e-08,False,0.2543027498551722,bernoulli,bernoulli,5,completed
rep01,start_B,6,bernoulli,-40.72739170075527,81.45478340151054,,bfgs,10,True,6.709921507308536e-12,True,1.450247256449293,bernoulli,bernoulli,5,completed
rep01,start_B,6,poisson,-71.56361656476899,143.12723312953798,,bfgs,12,False,9.380673717807043e-08,False,0.3009632637952323,bernoulli,bernoulli,5,completed
rep01,start_B,7,bernoulli,-40.07614160399216,80.15228320798433,,bfgs,10,True,1.9684556207266723e-10,False,1.4126798072890434,bernoulli,bernoulli,5,completed
rep01,start_B,7,poisson,-73.0037997982441,146.0075995964882,,bfgs,16,False,5.157251883880498e-08,False,0.23016772435423405,bernoulli,bernoulli,5,completed
rep01,start_B,8,bernoulli,-46.263446449739945,92.52689289947989,,bfgs,10,True,1.4015360427777069e-09,False,0.8164716127735508,bernoulli,bernoulli,5,completed
rep01,start_B,8,poisson,-72.33395824108385,144.6679164821677,,bfgs,14,True,1.2281553551929391e-11,True,0.25600360144141543,bernoulli,bernoulli,5,completed
rep02,start_B,3,bernoulli,-51.202791771184444,102.40558354236889,,bfgs,5,True,1.379910852250532e-10,False,0.2934766542892645,bernoulli,bernoulli,1,completed
rep02,start_B,3,poisson,-74.99996225862998,149.99992451725996,,bfgs,5,True,9.465761507954085e-14,True,0.001003377661239754,bernoulli,bernoulli,1,completed
rep02,start_B,4,bernoulli,-51.7216563242891,103.4433126485782,,bfgs,3,True,5.854303708474618e-11,True,0.1687916145300459,bernoulli,bernoulli,1,completed
rep02,start_B,4,poisson,-74.49768736799889,148.99537473599779,,bfgs,4,True,1.3458900660623386e-12,True,0.11743504576375677,bernoulli,bernoulli,1,completed
rep02,start_B,5,bernoulli,-50.85419891601223,101.70839783202446,,bfgs,5,True,1.9984014443252818e-16,True,0.35521372970264414,bernoulli,bernoulli,1,completed
rep02,start_B,5,poisson,-74.99334828261632,149.98669656523265,,bfgs,5,True,3.3661962106634745e-14,True,0.013288632716254358,bernoulli,bernoulli,1,completed
rep02,start_B,6,bernoulli,-49.87636009241662,99.75272018483324,,bfgs,4,True,2.467193116473254e-13,True,0.49448156265296667,bernoulli,bernoulli,1,completed
rep02,start_B,6,poisson,-74.92766753999625,149.8553350799925,,bfgs,5,False,9.915827960949031e-08,False,0.04357887712927346,bernoulli,bernoulli,1,completed
rep02,start_B,7,bernoulli,-51.962389539361276,103.92477907872255,,bfgs,4,True,7.549516567451064e-15,True,0.0502480193001689,bernoulli,bernoulli,1,completed
rep02,start_B,7,poisson,-74.72271293072919,149.44542586145838,,bfgs,4,True,1.2638778912332783e-13,True,0.08700177676798411,bernoulli,bernoulli,1,completed
rep02,start_B,8,bernoulli,-46.39295939733732,92.78591879467464,,bfgs,5,True,9.638637665787542e-11,True,0.8655083725810976,bernoulli,bernoulli,1,completed
rep02,start_B,8,poisson,-74.52883380906943,149.05766761813885,,bfgs,7,True,2.842170943040401e-15,True,0.10965903320011253,bernoulli,bernoulli,1,completed
rep02,start_B,3,bernoulli,-50.349383291616185,100.69876658323237,,bfgs,5,True,4.440892098500626e-16,True,0.43310369957397665,bernoulli,bernoulli,2,completed
rep02,start_B,3,poisson,-74.955374755869,149.910749511738,,bfgs,6,True,4.301980727206001e-09,False,0.035486118250808024,bernoulli,bernoulli,2,completed
rep02,start_B,4,bernoulli,-51.79889751126641,103.59779502253282,,bfgs,4,False,1.9868066658546012e-08,False,0.13843939676702915,bernoulli,bernoulli,2,completed
rep02,start_B,4,poisson,-74.53469324886905,149.0693864977381,,bfgs,6,True,1.9538674012054003e-10,False,0.11156713498272648,bernoulli,bernoulli,2,completed
rep02,start_B,5,bernoulli,-48.99543714516521,97.99087429033042,,bfgs,5,True,1.2534417948018017e-13,True,0.600995426206862,bernoulli,bernoulli,2,completed
rep02,start_B,5,poisson,-74.83643747324977,149.67287494649955,,bfgs,9,True,1.282962180937375e-10,False,0.06612392139781947,bernoulli,bernoulli,2,completed
rep02,start_B,6,bernoulli,-49.47617484181133,98.95234968362266,,bfgs,4,True,1.1080025785759062e-14,True,0.5305943188245,bernoulli,bernoulli,2,completed
rep02,start_B,6,poisson,-74.89216487890786,149.78432975781573,,bfgs,6,True,7.224644493764032e-12,True,0.05123932353324035,bernoulli,bernoulli,2,completed
rep02,start_B,7,bernoulli,-51.954324423479946,103.90864884695989,,bfgs,5,True,6.411471353828802e-12,True,0.060555810161199645,bernoulli,bernoulli,2,completed
rep02,start_B,7,poisson,-74.74342730796833,149.48685461593666,,bfgs,5,False,1.6884691644292183e-07,False,0.08387817660731842,bernoulli,bernoulli,2,completed
rep02,start_B,8,bernoulli,-44.561836654084836,89.12367330816967,,bfgs,5,True,5.829046134664395e-10,False,1.011949660423259,bernoulli,bernoulli,2,completed
rep02,start_B,8,poisson,-74.0100979793788,148.0201959587576,,bfgs,9,True,1.567205476504796e-10,False,0.15403087421784795,bernoulli,bernoulli,2,completed
rep02,start_B,3,bernoulli,-49.60954104893603,99.21908209787206,,bfgs,7,True,1.596056620201125e-12,True,0.5319356932660892,bernoulli,bernoulli,3,completed
rep02,start_B,3,poisson,-74.79807322783721,149.59614645567441,,bfgs,7,True,8.343973600943854e-09,False,0.08216767998675914,bernoulli,bernoulli,3,completed
rep02,start_B,4,bernoulli,-49.96952313910244,99.93904627820488,,bfgs,7,True,5.2212414836105834e-09,False,0.5363211250509484,bernoulli,bernoulli,3,completed
rep02,start_B,4,poisson,-74.18248813521434,148.36497627042868,,bfgs,8,True,8.286749064723153e-11,True,0.1528496270249764,bernoulli,bernoulli,3,completed
rep02,start_B,5,bernoulli,-49.49235714679814,98.98471429359628,,bfgs,7,True,1.5852585910636207e-11,True,0.5184249106375725,bernoulli,bernoulli,3,completed
rep02,start_B,5,poisson,-74.83316336625292,149.66632673250584,,bfgs,10,True,2.9759007480478773e-10,False,0.06730950568908951,bernoulli,bernoulli,3,completed
rep02,start_B,6,bernoulli,-45.80440451535104,91.60880903070208,,bfgs,7,True,4.640658968213529e-10,False,0.954144766735706,bernoulli,bernoulli,3,completed
rep02,start_B,6,poisson,-74.13730936255897,148.27461872511793,,bfgs,10,True,1.4141346427187785e-11,True,0.16891362754274952,bernoulli,bernoulli,3,completed
rep02,start_B,7,bernoulli,-50.74842470766376,101.49684941532752,,bfgs,8,True,6.646781214314501e-09,False,0.4184407683619815,bernoulli,bernoulli,3,completed
rep02,start_B,7,poisson,-74.4049484022128,148.8098968044256,,bfgs,7,False,1.0118608973208598e-07,False,0.1315305941208176,bernoulli,bernoulli,3,completed
rep02,start_B,8,bernoulli,-44.67568469493375,89.3513693898675,,bfgs,7,True,6.901128557501579e-11,True,0.9881892905017113,bernoulli,bernoulli,3,completed
rep02,start_B,8,poisson,-74.02316325068664,148.04632650137327,,bfgs,11,True,7.504787014056547e-10,False,0.1616039100738656,bernoulli,bernoulli,3,completed
rep02,start_B,3,bernoulli,-49.41125474298033,98.82250948596067,,bfgs,9,True,5.642952771722775e-12,True,0.5340577667379358,bernoulli,bernoulli,4,completed
rep02,start_B,3,poisson,-74.81052955996556,149.62105911993112,,bfgs,13,True,3.879030430198327e-11,True,0.07084584442071888,bernoulli,bernoulli,4,completed
rep02,start_B,4,bernoulli,-49.038646263819295,98.07729252763859,,bfgs,8,True,2.1812367023699155e-09,False,0.7319196164935536,bernoulli,bernoulli,4,completed
rep02,start_B,4,poisson,-73.58242437671578,147.16484875343156,,bfgs,15,True,2.5775143408512945e-10,False,0.23137021399938412,bernoulli,bernoulli,4,completed
rep02,start_B,5,bernoulli,-48.3632675108597,96.7265350217194,,bfgs,8,True,1.7749703928870985e-10,False,0.6480803224699676,bernoulli,bernoulli,4,completed
rep02,start_B,5,poisson,-74.41375245740889,148.82750491481778,,bfgs,13,True,6.13004968452735e-09,False,0.15150097937898752,bernoulli,bernoulli,4,completed
rep02,start_B,6,bernoulli,-40.010155854620756,80.02031170924151,,bfgs,9,True,1.751798706095542e-12,True,1.7768801412974282,bernoulli,bernoulli,4,completed
rep02,start_B,6,poisson,-72.50374595791247,145.00749191582494,,bfgs,15,True,3.369747875181517e-09,False,0.3364984273931167,bernoulli,bernoulli,4,completed
rep02,start_B,7,bernoulli,-50.661420582431845,101.32284116486369,,bfgs,9,True,2.1474155786904704e-12,True,0.447697562621711,bernoulli,bernoulli,4,completed
rep02,start_B,7,poisson,-74.25752516760276,148.51505033520553,,bfgs,9,True,6.691035725481243e-10,False,0.1590259034959442,bernoulli,bernoulli,4,completed
rep02,start_B,8,bernoulli,-42.73903845665923,85.47807691331846,,bfgs,8,True,1.1145513401089602e-09,False,1.1859673646415483,bernoulli,bernoulli,4,completed
rep02,start_B,8,poisson,-73.86992125267936,147.73984250535872,,bfgs,11,True,9.705685855010416e-09,False,0.16875901998180973,bernoulli,bernoulli,4,completed
rep02,start_B,3,bernoulli,-48.46197057615706,96.92394115231411,,bfgs,9,True,1.2997683818127826e-09,False,0.7456558138862485,bernoulli,bernoulli,5,completed
rep02,start_B,3,poisson,-74.17030668850256,148.34061337700513,,bfgs,11,True,2.353646166852741e-10,False,0.20120768808778777,bernoulli,bernoulli,5,completed
rep02,start_B,4,bernoulli,-49.227319275111896,98.45463855022379,,bfgs,9,True,2.5817805671124463e-10,False,0.6078321010233295,bernoulli,bernoulli,5,completed
rep02,start_B,4,poisson,-73.77289354507981,147.54578709015962,,bfgs,12,True,6.418831133281344e-10,False,0.19595107868899092,bernoulli,bernoulli,5,completed
rep02,start_B,5,bernoulli,-48.00576177181169,96.01152354362338,,bfgs,11,True,6.20042517329722e-11,True,0.6845457985955049,bernoulli,bernoulli,5,completed
rep02,start_B,5,poisson,-74.51431872408857,149.02863744817714,,bfgs,15,True,4.278109444477707e-09,False,0.12836282241774338,bernoulli,bernoulli,5,completed
rep02,start_B,6,bernoulli,-39.40093648703891,78.80187297407782,,bfgs,9,True,4.233200456837949e-11,True,1.7637294034772124,bernoulli,bernoulli,5,completed
rep02,start_B,6,poisson,-72.38905531338092,144.77811062676184,,bfgs,13,True,4.2295753566179426e-10,False,0.32297936892004614,bernoulli,bernoulli,5,completed
rep02,start_B,7,bernoulli,-49.35620192769903,98.71240385539807,,bfgs,9,True,2.4395460318515915e-09,False,0.6902336960976743,bernoulli,bernoulli,5,completed
rep02,start_B,7,poisson,-73.91483279383533,147.82966558767066,,bfgs,14,True,2.6509011652464665e-10,False,0.19583939937871445,bernoulli,bernoulli,5,completed
rep02,start_B,8,bernoulli,-41.456197376805235,82.91239475361047,,bfgs,10,True,1.3524470432457748e-11,True,1.2590998988252433,bernoulli,bernoulli,5,completed
rep02,start_B,8,poisson,-73.63931185057818,147.27862370115636,,bfgs,13,True,2.2880941585867732e-11,True,0.17306438074916494,bernoulli,bernoulli,5,completed
rep03,start_B,3,bernoulli,-51.88640251508733,103.77280503017467,,bfgs,4,True,5.022648963404208e-14,True,0.10332431907992917,bernoulli,bernoulli,1,completed
rep03,start_B,3,poisson,-74.86055008012498,149.72110016024996,,bfgs,5,True,3.2770594238229477e-09,False,0.06196362043169251,bernoulli,bernoulli,1,completed
rep03,start_B,4,bernoulli,-51.91010551070449,103.82021102140898,,bfgs,4,True,8.659739592076221e-16,True,0.09015226851028674,bernoulli,bernoulli,1,completed
rep03,start_B,4,poisson,-74.54393193464111,149.08786386928222,,bfgs,4,True,1.9984014443252818e-15,True,0.11332359211736891,bernoulli,bernoulli,1,completed
rep03,start_B,5,bernoulli,-51.91497359011904,103.82994718023808,,bfgs,3,True,1.6119461321295604e-11,True,0.0872049530216762,bernoulli,bernoulli,1,completed
rep03,start_B,5,poisson,-74.84133675204491,149.68267350408982,,bfgs,5,True,2.2857271630982725e-13,True,0.06615979784640108,bernoulli,bernoulli,1,completed
rep03,start_B,6,bernoulli,-51.187386381881296,102.37477276376259,,bfgs,3,True,6.8389738316909644e-15,True,0.2971853328802009,bernoulli,bernoulli,1,completed
rep03,start_B,6,poisson,-74.01619893690852,148.03239787381705,,bfgs,5,True,1.021405182655144e-15,True,0.16810769450118787,bernoulli,bernoulli,1,completed
rep03,start_B,7,bernoulli,-51.98498627770614,103.96997255541228,,bfgs,4,True,1.1102230246251565e-15,True,0.010594662633239124,bernoulli,bernoulli,1,completed
rep03,start_B,7,poisson,-74.7320872646025,149.464174529205,,bfgs,4,False,1.120319306657791e-07,False,0.08636563973711128,bernoulli,bernoulli,1,completed
rep03,start_B,8,bernoulli,-51.19281469885355,102.3856293977071,,bfgs,5,True,5.329070518200751e-16,True,0.2961374390397156,bernoulli,bernoulli,1,completed
rep03,start_B,8,poisson,-74.99267278358889,149.98534556717777,,bfgs,5,True,3.070788068271213e-12,True,0.014032259610479839,bernoulli,bernoulli,1,completed
rep03,start_B,3,bernoulli,-50.23714951927457,100.47429903854913,,bfgs,5,True,5.961905324980421e-09,False,0.45341712152970864,bernoulli,bernoulli,2,completed
rep03,start_B,3,poisson,-73.77935271628107,147.55870543256214,,bfgs,6,True,1.5615446713468373e-09,False,0.1854315535248757,bernoulli,bernoulli,2,completed
rep03,start_B,4,bernoulli,-51.70826578594749,103.41653157189498,,bfgs,5,True,7.869260798543109e-14,True,0.1733323857418328,bernoulli,bernoulli,2,completed
rep03,start_B,4,poisson,-74.45683735880773,148.91367471761546,,bfgs,7,True,1.1934830901338955e-11,True,0.12260080661184151,bernoulli,bernoulli,2,completed
rep03,start_B,5,bernoulli,-50.83010427476448,101.66020854952896,,bfgs,6,True,1.056932319443149e-14,True,0.36526293220208217,bernoulli,bernoulli,2,completed
rep03,start_B,5,poisson,-73.8364425791193,147.6728851582386,,bfgs,7,True,3.6768366129535934e-12,True,0.1815029001602823,bernoulli,bernoulli,2,completed
rep03,start_B,6,bernoulli,-50.31746344170109,100.63492688340219,,bfgs,4,True,8.866711809218941e-11,True,0.4332407547268445,bernoulli,bernoulli,2,completed
rep03,start_B,6,poisson,-73.90682681496799,147.81365362993597,,bfgs,6,True,3.8460612472590585e-11,True,0.173936246106645,bernoulli,bernoulli,2,completed
rep03,start_B,7,bernoulli,-46.777341915722566,93.55468383144513,,bfgs,6,True,5.1159076974727215e-14,True,0.857787923647675,bernoulli,bernoulli,2,completed
rep03,start_B,7,poisson,-72.46796220735143,144.93592441470287,,bfgs,9,True,1.5073986503466585e-11,True,0.2661636026438883,bernoulli,bernoulli,2,completed
rep03,start_B,8,bernoulli,-50.550772441923264,101.10154488384653,,bfgs,6,True,6.077397163295473e-09,False,0.40528932694590797,bernoulli,bernoulli,2,completed
rep03,start_B,8,poisson,-74.98785246188399,149.97570492376798,,bfgs,10,True,8.687682517827255e-12,True,0.017899392558804787,bernoulli,bernoulli,2,completed
rep03,start_B,3,bernoulli,-45.5508942215357,91.1017884430714,,bfgs,7,True,8.157474695735801e-13,True,1.0297468821032818,bernoulli,bernoulli,3,completed
rep03,start_B,3,poisson,-72.06612352803441,144.13224705606882,,bfgs,11,True,1.4920331636858463e-11,True,0.29071045321732136,bernoulli,bernoulli,3,completed
rep03,start_B,4,bernoulli,-51.72273307711654,103.44546615423307,,bfgs,7,True,5.524469770534779e-14,True,0.1643736506091703,bernoulli,bernoulli,3,completed
rep03,start_B,4,poisson,-74.39951694586372,148.79903389172745,,bfgs,7,True,1.2308711050401656e-09,False,0.1232376999995453,bernoulli,bernoulli,3,completed
rep03,start_B,5,bernoulli,-50.394161691934414,100.78832338386883,,bfgs,6,True,6.125544516066839e-11,True,0.4095193891005868,bernoulli,bernoulli,3,completed
rep03,start_B,5,poisson,-73.69484525924463,147.38969051848926,,bfgs,8,True,2.6676319313245766e-11,True,0.17665186857041046,bernoulli,bernoulli,3,completed
rep03,start_B,6,bernoulli,-49.537673705036795,99.07534741007359,,bfgs,8,True,2.933264742210895e-13,True,0.5557168867969976,bernoulli,bernoulli,3,completed
rep03,start_B,6,poisson,-74.04048954913308,148.08097909826617,,bfgs,11,True,5.18581177999522e-11,True,0.15702249778915386,bernoulli,bernoulli,3,completed
rep03,start_B,7,bernoulli,-46.1678115440533,92.3356230881066,,bfgs,6,True,9.60653445680748e-11,True,0.8921000537513126,bernoulli,bernoulli,3,completed
rep03,start_B,7,poisson,-72.45971547057972,144.91943094115945,,bfgs,10,True,2.1015367224208604e-11,True,0.24966527715823766,bernoulli,bernoulli,3,completed
rep03,start_B,8,bernoulli,-44.31082545083409,88.62165090166818,,bfgs,8,False,1.0597688149260875e-08,False,1.1465527329705605,bernoulli,bernoulli,3,completed
rep03,start_B,8,poisson,-74.22244717989702,148.44489435979403,,bfgs,10,True,1.5253895924161043e-10,False,0.16248543266988283,bernoulli,bernoulli,3,completed
rep03,start_B,3,bernoulli,-43.83582712435751,87.67165424871502,,bfgs,7,True,9.993072258573933e-10,False,1.3234061719088994,bernoulli,bernoulli,4,completed
rep03,start_B,3,poisson,-72.19741470882441,144.39482941764882,,bfgs,13,True,7.237597188236577e-10,False,0.28888111689433615,bernoulli,bernoulli,4,completed
rep03,start_B,4,bernoulli,-51.47571860973419,102.95143721946837,,bfgs,8,True,1.1719514247943151e-13,True,0.21872542385408353,bernoulli,bernoulli,4,completed
rep03,start_B,4,poisson,-74.42187026699762,148.84374053399523,,bfgs,10,True,4.4577030955395004e-11,True,0.11349409821337278,bernoulli,bernoulli,4,completed
rep03,start_B,5,bernoulli,-50.34013706955558,100.68027413911116,,bfgs,9,True,4.564792988048794e-13,True,0.37943988113001226,bernoulli,bernoulli,4,completed
rep03,start_B,5,poisson,-73.97493806807456,147.94987613614913,,bfgs,10,True,5.419147353080689e-11,True,0.1427100110855273,bernoulli,bernoulli,4,completed
rep03,start_B,6,bernoulli,-47.20025567139985,94.4005113427997,,bfgs,8,True,1.6003642855366706e-12,True,0.9574931925713045,bernoulli,bernoulli,4,completed
rep03,start_B,6,poisson,-73.73362051764263,147.46724103528527,,bfgs,13,True,3.523503711022613e-11,True,0.20587465678421205,bernoulli,bernoulli,4,completed
rep03,start_B,7,bernoulli,-45.95555028374938,91.91110056749876,,bfgs,8,True,1.2362733059489984e-11,True,0.8760214502665444,bernoulli,bernoulli,4,completed
rep03,start_B,7,poisson,-72.68700289388478,145.37400578776956,,bfgs,13,True,2.4173055557241697e-09,False,0.2191869437542058,bernoulli,bernoulli,4,completed
rep03,start_B,8,bernoulli,-33.04173910761668,66.08347821523336,,bfgs,9,True,3.731196462908315e-11,True,2.8743055521982357,bernoulli,bernoulli,4,completed
rep03,start_B,8,poisson,-72.21421926037712,144.42843852075424,,bfgs,22,True,2.3404975735275002e-09,False,0.37413316414459435,bernoulli,bernoulli,4,completed
rep03,start_B,3,bernoulli,-37.65008278696921,75.30016557393841,,bfgs,9,False,3.8390602963289664e-08,False,2.271987932715668,bernoulli,bernoulli,5,completed
rep03,start_B,3,poisson,-71.19897465599769,142.39794931199538,,bfgs,25,False,7.012009906048888e-08,False,0.34509039623436005,bernoulli,bernoulli,5,completed
rep03,start_B,4,bernoulli,-48.649748566192486,97.29949713238497,,bfgs,9,True,8.574158272267596e-10,False,0.909073389726302,bernoulli,bernoulli,5,completed
rep03,start_B,4,poisson,-73.36181628540646,146.72363257081292,,bfgs,15,True,1.1222827639434385e-09,False,0.26176444721611825,bernoulli,bernoulli,5,completed
rep03,start_B,5,bernoulli,-48.97404402178438,97.94808804356876,,bfgs,9,False,7.986532208903441e-08,False,0.6903340117740425,bernoulli,bernoulli,5,completed
rep03,start_B,5,poisson,-73.04819800418906,146.09639600837812,,bfgs,12,True,7.095303178328294e-10,False,0.2466435856860813,bernoulli,bernoulli,5,completed
rep03,start_B,6,bernoulli,-46.813634611208805,93.62726922241761,,bfgs,9,True,5.231674471417591e-09,False,0.9352718709124918,bernoulli,bernoulli,5,completed
rep03,start_B,6,poisson,-73.67805639046473,147.35611278092946,,bfgs,14,True,4.42798491206986e-09,False,0.19103308456460194,bernoulli,bernoulli,5,completed
rep03,start_B,7,bernoulli,-45.83823822535744,91.67647645071489,,bfgs,10,True,3.4706459928202093e-12,True,0.8637007239568365,bernoulli,bernoulli,5,completed
rep03,start_B,7,poisson,-72.2602773405342,144.5205546810684,,bfgs,16,True,5.394454660745396e-10,False,0.24952522541037353,bernoulli,bernoulli,5,completed
rep03,start_B,8,bernoulli,-38.50010327314842,77.00020654629684,,bfgs,8,False,1.4167626116723397e-07,False,1.9559619124585532,bernoulli,bernoulli,5,completed
rep03,start_B,8,poisson,-72.78674098362994,145.57348196725988,,bfgs,22,False,3.4071565524484984e-08,False,0.30982519662076263,bernoulli,bernoulli,5,completed
rep04,start_B,3,bernoulli,-50.1454398115039,100.2908796230078,,bfgs,3,True,6.039480027197897e-11,True,0.4608774132537541,bernoulli,bernoulli,1,completed
rep04,start_B,3,poisson,-74.54621926376096,149.09243852752192,,bfgs,5,True,6.7501559897209515e-15,True,0.10977801901152252,bernoulli,bernoulli,1,completed
rep04,start_B,4,bernoulli,-51.393870680420505,102.78774136084101,,bfgs,3,True,7.24638076210482e-09,False,0.25450273930090284,bernoulli,bernoulli,1,completed
rep04,start_B,4,poisson,-74.84987493889437,149.69974987778875,,bfgs,5,True,1.942890293094024e-15,True,0.06327044261816782,bernoulli,bernoulli,1,completed
rep04,start_B,5,bernoulli,-50.91846594672858,101.83693189345716,,bfgs,4,True,1.0169642905566433e-14,True,0.34520560276345913,bernoulli,bernoulli,1,completed
rep04,start_B,5,poisson,-74.7327138173866,149.4654276347732,,bfgs,5,True,1.3322676295501878e-16,True,0.08436340418613276,bernoulli,bernoulli,1,completed
rep04,start_B,6,bernoulli,-42.75471508691083,85.50943017382166,,bfgs,4,True,4.242872719828483e-12,True,1.2220080545689578,bernoulli,bernoulli,1,completed
rep04,start_B,6,poisson,-72.98095592424892,145.96191184849783,,bfgs,6,True,3.552713678800501e-16,True,0.22860590902678743,bernoulli,bernoulli,1,completed
rep04,start_B,7,bernoulli,-50.83128353150569,101.66256706301138,,bfgs,4,True,3.552713678800501e-16,True,0.3596959080125982,bernoulli,bernoulli,1,completed
rep04,start_B,7,poisson,-74.7114392989545,149.422878597909,,bfgs,5,True,3.552713678800501e-16,True,0.08764412136667475,bernoulli,bernoulli,1,completed
rep04,start_B,8,bernoulli,-50.67623717673068,101.35247435346136,,bfgs,4,True,2.4868995751603505e-15,True,0.38436037052101957,bernoulli,bernoulli,1,completed
rep04,start_B,8,poisson,-74.68470087782985,149.3694017556597,,bfgs,5,True,2.007283228522283e-14,True,0.09118881433171673,bernoulli,bernoulli,1,completed
rep04,start_B,3,bernoulli,-50.04660445414292,100.09320890828585,,bfgs,6,True,2.541022947610827e-13,True,0.44500969491404235,bernoulli,bernoulli,2,completed
rep04,start_B,3,poisson,-74.59881458713362,149.19762917426723,,bfgs,6,True,2.845678193086343e-09,False,0.09257382899163727,bernoulli,bernoulli,2,completed
rep04,start_B,4,bernoulli,-50.12683375202747,100.25366750405495,,bfgs,5,False,1.2397294515964496e-08,False,0.48682338928884133,bernoulli,bernoulli,2,completed
rep04,start_B,4,poisson,-74.26683395397615,148.5336679079523,,bfgs,7,True,1.370648372578387e-09,False,0.15417456911263136,bernoulli,bernoulli,2,completed
rep04,start_B,5,bernoulli,-50.49129902837744,100.98259805675488,,bfgs,6,True,1.7241719163507697e-11,True,0.40711489848883314,bernoulli,bernoulli,2,completed
rep04,start_B,5,poisson,-74.42638244542468,148.85276489084936,,bfgs,7,True,3.1863707339319093e-09,False,0.13097837612805754,bernoulli,bernoulli,2,completed
rep04,start_B,6,bernoulli,-41.743339595454046,83.48667919090809,,bfgs,5,True,2.3702724283314326e-09,False,1.161876529842422,bernoulli,bernoulli,2,completed
rep04,start_B,6,poisson,-72.79836492336372,145.59672984672744,,bfgs,9,True,3.82188725112087e-13,True,0.2123447200288296,bernoulli,bernoulli,2,completed
rep04,start_B,7,bernoulli,-44.48864636333042,88.97729272666083,,bfgs,5,True,2.7559288184875187e-12,True,1.1942435954034318,bernoulli,bernoulli,2,completed
rep04,start_B,7,poisson,-72.7023681211477,145.4047362422954,,bfgs,8,True,2.70917177580543e-12,True,0.2829845645426913,bernoulli,bernoulli,2,completed
rep04,start_B,8,bernoulli,-50.922390914030885,101.84478182806177,,bfgs,4,True,9.476237283756462e-09,False,0.31759989485298984,bernoulli,bernoulli,2,completed
rep04,start_B,8,poisson,-74.76381200183638,149.52762400367277,,bfgs,6,True,8.485254165968569e-13,True,0.07098908271952571,bernoulli,bernoulli,2,completed
rep04,start_B,3,bernoulli,-49.79995905679236,99.59991811358472,,bfgs,7,True,1.8042189964262434e-10,False,0.44128295151770425,bernoulli,bernoulli,3,completed
rep04,start_B,3,poisson,-74.55010854623508,149.10021709247016,,bfgs,9,True,2.9379304544718822e-12,True,0.09234098679446963,bernoulli,bernoulli,3,completed
rep04,start_B,4,bernoulli,-50.49170447177818,100.98340894355636,,bfgs,7,True,4.7770765121413204e-11,True,0.44314070948087164,bernoulli,bernoulli,3,completed
rep04,start_B,4,poisson,-74.37139437900794,148.74278875801588,,bfgs,9,True,3.0056770405906263e-09,False,0.14397116791180986,bernoulli,bernoulli,3,completed
rep04,start_B,5,bernoulli,-47.76635724437606,95.53271448875212,,bfgs,5,False,1.0692110932186694e-07,False,0.7997117280504705,bernoulli,bernoulli,3,completed
rep04,start_B,5,poisson,-73.69871737575139,147.39743475150277,,bfgs,10,True,7.229601362013227e-11,True,0.20496487446652645,bernoulli,bernoulli,3,completed
rep04,start_B,6,bernoulli,-42.47056219611127,84.94112439222253,,bfgs,7,True,2.5361934774537077e-13,True,1.0598923294961633,bernoulli,bernoulli,3,completed
rep04,start_B,6,poisson,-72.97874620417522,145.95749240835045,,bfgs,10,True,7.720062722427201e-09,False,0.19655634216604706,bernoulli,bernoulli,3,completed
rep04,start_B,7,bernoulli,-44.57579944661486,89.15159889322972,,bfgs,6,True,7.420188907758529e-11,True,1.1265837497758122,bernoulli,bernoulli,3,completed
rep04,start_B,7,poisson,-72.6820716069559,145.3641432139118,,bfgs,11,True,1.036834951229082e-10,False,0.2702907858790472,bernoulli,bernoulli,3,completed
rep04,start_B,8,bernoulli,-46.377120032483454,92.75424006496691,,bfgs,6,True,6.183141998405972e-10,False,0.9430511532965312,bernoulli,bernoulli,3,completed
rep04,start_B,8,poisson,-73.71191615058588,147.42383230117176,,bfgs,10,True,1.1568190849686744e-12,True,0.19924405795646785,bernoulli,bernoulli,3,completed
rep04,start_B,3,bernoulli,-48.982790047698344,97.96558009539669,,bfgs,7,True,2.6675528452813067e-11,True,0.6267584587418573,bernoulli,bernoulli,4,completed
rep04,start_B,3,poisson,-74.29036603538457,148.58073207076913,,bfgs,9,True,6.082608028368241e-12,True,0.1461725899968673,bernoulli,bernoulli,4,completed
rep04,start_B,4,bernoulli,-48.91054747261898,97.82109494523796,,bfgs,8,True,5.95967719618784e-14,True,0.7412691022348596,bernoulli,bernoulli,4,completed
rep04,start_B,4,poisson,-73.95990865918876,147.9198173183775,,bfgs,11,False,4.1718833543313846e-08,False,0.188946820291518,bernoulli,bernoulli,4,completed
rep04,start_B,5,bernoulli,-46.64517487847509,93.29034975695018,,bfgs,8,True,5.144883052921045e-09,False,1.0042187665263587,bernoulli,bernoulli,4,completed
rep04,start_B,5,poisson,-73.39531276515481,146.79062553030963,,bfgs,15,True,7.704644922057469e-10,False,0.23298336953503984,bernoulli,bernoulli,4,completed
rep04,start_B,6,bernoulli,-40.076655507625894,80.15331101525179,,bfgs,8,True,5.668391533930617e-10,False,1.2367533618648134,bernoulli,bernoulli,4,completed
rep04,start_B,6,poisson,-72.31949018086414,144.63898036172827,,bfgs,10,False,3.7480354350694076e-08,False,0.2322940273018873,bernoulli,bernoulli,4,completed
rep04,start_B,7,bernoulli,-44.27675749912895,88.5535149982579,,bfgs,9,True,8.500755654949899e-13,True,1.0697206201271054,bernoulli,bernoulli,4,completed
rep04,start_B,7,poisson,-72.5202300917751,145.0404601835502,,bfgs,11,True,7.389854284056696e-11,True,0.26195357847579065,bernoulli,bernoulli,4,completed
rep04,start_B,8,bernoulli,-39.50522137360942,79.01044274721885,,bfgs,10,True,8.459899447643693e-14,True,1.8079638251510106,bernoulli,bernoulli,4,completed
rep04,start_B,8,poisson,-72.30406446976113,144.60812893952226,,bfgs,15,True,2.923252473419069e-11,True,0.32459413036685364,bernoulli,bernoulli,4,completed
rep04,start_B,3,bernoulli,-48.14679061547872,96.29358123095744,,bfgs,12,True,9.461708083691178e-11,True,0.7631236988473872,bernoulli,bernoulli,5,completed
rep04,start_B,3,poisson,-73.30991106223374,146.61982212446748,,bfgs,13,True,3.291962158424866e-09,False,0.2723949560265192,bernoulli,bernoulli,5,completed
rep04,start_B,4,bernoulli,-48.88111468240763,97.76222936481525,,bfgs,10,True,5.806615188674869e-11,True,0.7230186895980423,bernoulli,bernoulli,5,completed
rep04,start_B,4,poisson,-73.4271046646679,146.8542093293358,,bfgs,13,True,8.08925084694323e-09,False,0.25741306082980375,bernoulli,bernoulli,5,completed
rep04,start_B,5,bernoulli,-45.97847262080163,91.95694524160326,,bfgs,10,True,7.664896495285234e-13,True,1.0419835424440205,bernoulli,bernoulli,5,completed
rep04,start_B,5,poisson,-72.69191662460248,145.38383324920497,,bfgs,12,True,1.1840375346849896e-09,False,0.3003944673657841,bernoulli,bernoulli,5,completed
rep04,start_B,6,bernoulli,-37.937153734080184,75.87430746816037,,bfgs,10,True,4.771754102961268e-11,True,1.5636816717187663,bernoulli,bernoulli,5,completed
rep04,start_B,6,poisson,-70.05479763216935,140.1095952643387,,bfgs,14,False,2.5378718163104884e-08,False,0.4240617525098481,bernoulli,bernoulli,5,completed
rep04,start_B,7,bernoulli,-42.386794662631345,84.77358932526269,,bfgs,9,True,5.756202181572689e-10,False,1.2998023478886997,bernoulli,bernoulli,5,completed
rep04,start_B,7,poisson,-71.59524343064952,143.19048686129904,,bfgs,13,True,1.7150271064414468e-09,False,0.34348589966486265,bernoulli,bernoulli,5,completed
rep04,start_B,8,bernoulli,-41.06018980625457,82.12037961250914,,bfgs,9,True,2.123040943047272e-09,False,1.533356016125826,bernoulli,bernoulli,5,completed
rep04,start_B,8,poisson,-70.30126754387295,140.6025350877459,,bfgs,14,True,3.398841763591065e-10,False,0.472567134039423,bernoulli,bernoulli,5,completed
rep05,start_B,3,bernoulli,-51.898971871352686,103.79794374270537,,bfgs,3,True,1.9784174298820288e-14,True,0.09653026189360057,bernoulli,bernoulli,1,completed
rep05,start_B,3,poisson,-74.92024221545321,149.84048443090643,,bfgs,4,True,3.1597036098673924e-11,True,0.04642670801344411,bernoulli,bernoulli,1,completed
rep05,start_B,4,bernoulli,-46.08853919322108,92.17707838644216,,bfgs,4,True,8.881784197001252e-16,True,0.891543776644036,bernoulli,bernoulli,1,completed
rep05,start_B,4,poisson,-73.26025605022637,146.52051210045275,,bfgs,6,True,3.833511996731431e-09,False,0.21949401700593318,bernoulli,bernoulli,1,completed
rep05,start_B,5,bernoulli,-48.93103249293804,97.86206498587607,,bfgs,4,True,4.7073456244106636e-15,True,0.6058249351338176,bernoulli,bernoulli,1,completed
rep05,start_B,5,poisson,-74.48821961561055,148.9764392312211,,bfgs,7,True,2.1316282072803005e-15,True,0.1142227902567989,bernoulli,bernoulli,1,completed
rep05,start_B,6,bernoulli,-50.6825378929035,101.365075785807,,bfgs,4,True,2.603472992745992e-15,True,0.38236032413435866,bernoulli,bernoulli,1,completed
rep05,start_B,6,poisson,-74.50218551887197,149.00437103774394,,bfgs,4,True,7.833733661755105e-14,True,0.11684658817778318,bernoulli,bernoulli,1,completed
rep05,start_B,7,bernoulli,-46.371784804049604,92.74356960809921,,bfgs,4,True,7.549516567451064e-16,True,0.8648126069834533,bernoulli,bernoulli,1,completed
rep05,start_B,7,poisson,-73.33033259914312,146.66066519828624,,bfgs,6,True,1.5099033134902129e-15,True,0.2150139323257009,bernoulli,bernoulli,1,completed
rep05,start_B,8,bernoulli,-51.83932949013801,103.67865898027603,,bfgs,4,True,1.892930256985892e-15,True,0.12544742633317105,bernoulli,bernoulli,1,completed
rep05,start_B,8,poisson,-74.89332657184023,149.78665314368047,,bfgs,4,True,1.397673088376905e-11,True,0.053741392867196945,bernoulli,bernoulli,1,completed
rep05,start_B,3,bernoulli,-49.68200867963479,99.36401735926958,,bfgs,5,True,3.616294819153154e-10,False,0.539464947295276,bernoulli,bernoulli,2,completed
rep05,start_B,3,poisson,-74.74430795545805,149.4886159109161,,bfgs,6,True,6.807944430420321e-10,False,0.08575048693172838,bernoulli,bernoulli,2,completed
rep05,start_B,4,bernoulli,-40.8486120987398,81.6972241974796,,bfgs,6,True,2.5845103834853945e-12,True,1.4065583619201099,bernoulli,bernoulli,2,completed
rep05,start_B,4,poisson,-71.79653168939082,143.59306337878164,,bfgs,9,False,6.31095055325659e-08,False,0.2778946829250314,bernoulli,bernoulli,2,completed
rep05,start_B,5,bernoulli,-47.40220399584313,94.80440799168626,,bfgs,6,True,3.945288540307956e-12,True,0.7796118762312432,bernoulli,bernoulli,2,completed
rep05,start_B,5,poisson,-73.72867042502519,147.45734085005037,,bfgs,9,True,7.560174708487466e-13,True,0.18732753666920882,bernoulli,bernoulli,2,completed
rep05,start_B,6,bernoulli,-50.09051223061816,100.18102446123632,,bfgs,5,True,1.1740297622964135e-11,True,0.4673164675854385,bernoulli,bernoulli,2,completed
rep05,start_B,6,poisson,-74.44198256526401,148.88396513052803,,bfgs,6,True,1.0034725828056423e-11,True,0.11939633189471588,bernoulli,bernoulli,2,completed
rep05,start_B,7,bernoulli,-46.46894724913672,92.93789449827344,,bfgs,6,True,1.4871393005932987e-11,True,0.8391893692104772,bernoulli,bernoulli,2,completed
rep05,start_B,7,poisson,-73.26318494372435,146.5263698874487,,bfgs,8,True,5.495401378396992e-09,False,0.20651157776067083,bernoulli,bernoulli,2,completed
rep05,start_B,8,bernoulli,-50.34094628772664,100.68189257545328,,bfgs,4,True,4.4281297739701134e-09,False,0.43666187415738894,bernoulli,bernoulli,2,completed
rep05,start_B,8,poisson,-74.1391212365052,148.2782424730104,,bfgs,5,False,8.201029402243876e-08,False,0.1508866200850647,bernoulli,bernoulli,2,completed
rep05,start_B,3,bernoulli,-49.80273160877579,99.60546321755157,,bfgs,8,True,8.917311333789258e-14,True,0.4942532009998854,bernoulli,bernoulli,3,completed
rep05,start_B,3,poisson,-74.60312204326728,149.20624408653455,,bfgs,9,True,3.248690649826358e-10,False,0.10684144350927287,bernoulli,bernoulli,3,completed
rep05,start_B,4,bernoulli,-37.715635645741834,75.43127129148367,,bfgs,7,True,1.2177602259910713e-10,False,1.6553667662333544,bernoulli,bernoulli,3,completed
rep05,start_B,4,poisson,-70.41722785389769,140.83445570779537,,bfgs,13,True,2.5662473035481526e-09,False,0.34527558964413746,bernoulli,bernoulli,3,completed
rep05,start_B,5,bernoulli,-46.663727405716045,93.32745481143209,,bfgs,8,True,9.396927680427325e-14,True,0.8029500705455284,bernoulli,bernoulli,3,completed
rep05,start_B,5,poisson,-73.37534252575568,146.75068505151137,,bfgs,12,True,3.709317297762027e-11,True,0.20143377829301876,bernoulli,bernoulli,3,completed
rep05,start_B,6,bernoulli,-50.156405245590086,100.31281049118017,,bfgs,7,True,5.3641358022105126e-11,True,0.446223294705558,bernoulli,bernoulli,3,completed
rep05,start_B,6,poisson,-74.20907057137615,148.4181411427523,,bfgs,7,True,1.092156892701368e-10,False,0.14611284389536972,bernoulli,bernoulli,3,completed
rep05,start_B,7,bernoulli,-46.00421399267818,92.00842798535636,,bfgs,6,True,4.581224288813246e-13,True,0.8533502550554692,bernoulli,bernoulli,3,completed
rep05,start_B,7,poisson,-72.97069596498105,145.9413919299621,,bfgs,11,True,1.5805419195658034e-10,False,0.2210710781445807,bernoulli,bernoulli,3,completed
rep05,start_B,8,bernoulli,-50.48089396538753,100.96178793077506,,bfgs,7,True,4.318767565791859e-13,True,0.39446783634264276,bernoulli,bernoulli,3,completed
rep05,start_B,8,poisson,-74.02868236744297,148.05736473488594,,bfgs,7,True,1.6488854726048884e-11,True,0.15401817304281049,bernoulli,bernoulli,3,completed
rep05,start_B,3,bernoulli,-48.8848400370062,97.7696800740124,,bfgs,7,True,2.2499575536016892e-10,False,0.6084427267215853,bernoulli,bernoulli,4,completed
rep05,start_B,3,poisson,-74.16264472078231,148.32528944156462,,bfgs,10,True,7.299449933384494e-11,True,0.18963970605659575,bernoulli,bernoulli,4,completed
rep05,start_B,4,bernoulli,-36.15042564402806,72.30085128805612,,bfgs,8,True,2.006084187655688e-12,True,1.8407646162194087,bernoulli,bernoulli,4,completed
rep05,start_B,4,poisson,-70.61918179160482,141.23836358320963,,bfgs,15,True,2.671516452501521e-09,False,0.31243790191180665,bernoulli,bernoulli,4,completed
rep05,start_B,5,bernoulli,-47.13753262338874,94.27506524677749,,bfgs,8,True,6.158590304394806e-11,True,0.735622753208488,bernoulli,bernoulli,4,completed
rep05,start_B,5,poisson,-73.09005593842866,146.18011187685732,,bfgs,13,True,1.860346543480773e-10,False,0.23027125560761663,bernoulli,bernoulli,4,completed
rep05,start_B,6,bernoulli,-49.352300162798294,98.70460032559659,,bfgs,8,True,3.890503919024013e-09,False,0.5940925737738108,bernoulli,bernoulli,4,completed
rep05,start_B,6,poisson,-74.07524032355175,148.1504806471035,,bfgs,10,True,2.6214518139555664e-09,False,0.15053444288503984,bernoulli,bernoulli,4,completed
rep05,start_B,7,bernoulli,-45.36333639313858,90.72667278627716,,bfgs,8,True,9.50617362605044e-13,True,0.8966165658723596,bernoulli,bernoulli,4,completed
rep05,start_B,7,poisson,-72.73225479208702,145.46450958417404,,bfgs,13,True,6.55109158032019e-09,False,0.2627219845520535,bernoulli,bernoulli,4,completed
rep05,start_B,8,bernoulli,-45.34402505399711,90.68805010799421,,bfgs,8,True,1.006750238730092e-12,True,1.3180727738887674,bernoulli,bernoulli,4,completed
rep05,start_B,8,poisson,-71.99363577353691,143.98727154707382,,bfgs,11,False,4.0590995409317546e-08,False,0.38398864613243683,bernoulli,bernoulli,4,completed
rep05,start_B,3,bernoulli,-48.27045277069518,96.54090554139036,,bfgs,9,True,1.7548632769148752e-09,False,0.7360271596423057,bernoulli,bernoulli,5,completed
rep05,start_B,3,poisson,-74.34031241721445,148.6806248344289,,bfgs,10,True,2.205513827124861e-09,False,0.15419768006745238,bernoulli,bernoulli,5,completed
rep05,start_B,4,bernoulli,-32.607028905865,65.21405781173,,bfgs,9,True,4.0133260048591526e-10,False,2.2611879047234966,bernoulli,bernoulli,5,completed
rep05,start_B,4,poisson,-69.74178264660343,139.48356529320685,,bfgs,25,False,5.086165524303965e-08,False,0.33539199304867506,bernoulli,bernoulli,5,completed
rep05,start_B,5,bernoulli,-44.64250996699079,89.28501993398157,,bfgs,8,True,8.461166967066447e-09,False,1.089318715113897,bernoulli,bernoulli,5,completed
rep05,start_B,5,poisson,-72.3755575843409,144.7511151686818,,bfgs,15,True,3.309250473648717e-09,False,0.2611715414486143,bernoulli,bernoulli,5,completed
rep05,start_B,6,bernoulli,-48.534898748362174,97.06979749672435,,bfgs,10,True,4.53725945703809e-12,True,0.696713772872975,bernoulli,bernoulli,5,completed
rep05,start_B,6,poisson,-73.8696130887379,147.7392261774758,,bfgs,10,True,8.906669402009015e-10,False,0.18296311819535782,bernoulli,bernoulli,5,completed
rep05,start_B,7,bernoulli,-43.809154344129226,87.61830868825845,,bfgs,10,True,2.8446710764740145e-09,False,1.108035608849535,bernoulli,bernoulli,5,completed
rep05,start_B,7,poisson,-72.80633170212586,145.61266340425172,,bfgs,15,True,1.0124274751888152e-09,False,0.22449219622987948,bernoulli,bernoulli,5,completed
rep05,start_B,8,bernoulli,-45.611978708754116,91.22395741750823,,bfgs,10,False,4.0856778316111785e-08,False,1.154130408942967,bernoulli,bernoulli,5,completed
rep05,start_B,8,poisson,-72.69666356596977,145.39332713193954,,bfgs,14,True,4.614478577025238e-10,False,0.2838771741265837,bernoulli,bernoulli,5,completed
rep06,start_B,3,bernoulli,-51.95366490443538,103.90732980887076,,bfgs,3,True,9.384226729025614e-12,True,0.058800827387270146,bernoulli,bernoulli,1,completed
rep06,start_B,3,poisson,-74.6013933611251,149.2027867222502,,bfgs,5,True,2.3980817331903383e-15,True,0.10513900487448756,bernoulli,bernoulli,1,completed
rep06,start_B,4,bernoulli,-51.631606909411275,103.26321381882255,,bfgs,3,True,6.806125707470301e-09,False,0.1957842307220036,bernoulli,bernoulli,1,completed
rep06,start_B,4,poisson,-73.94369372085296,147.88738744170593,,bfgs,3,False,4.472049814907564e-08,False,0.17265991669638323,bernoulli,bernoulli,1,completed
rep06,start_B,5,bernoulli,-51.3142396809003,102.6284793618006,,bfgs,4,True,1.767475055203249e-14,True,0.27122127535960366,bernoulli,bernoulli,1,completed
rep06,start_B,5,poisson,-74.90488110444181,149.80976220888363,,bfgs,5,True,6.195932655828074e-13,True,0.05088882994807162,bernoulli,bernoulli,1,completed
rep06,start_B,6,bernoulli,-49.500582895823456,99.00116579164691,,bfgs,4,True,1.6189316554005017e-11,True,0.54071699172194,bernoulli,bernoulli,1,completed
rep06,start_B,6,poisson,-72.68337188349385,145.3667437669877,,bfgs,4,True,5.4701132512491314e-12,True,0.25740514110159174,bernoulli,bernoulli,1,completed
rep06,start_B,7,bernoulli,-50.40313539709858,100.80627079419716,,bfgs,4,True,4.053434921047483e-10,False,0.4238486128833778,bernoulli,bernoulli,1,completed
rep06,start_B,7,poisson,-73.14032387589452,146.28064775178905,,bfgs,4,True,3.6912695122737207e-13,True,0.23025629675342793,bernoulli,bernoulli,1,completed
rep06,start_B,8,bernoulli,-40.800685721972215,81.60137144394443,,bfgs,3,True,7.322844552959395e-11,True,1.3803084670973755,bernoulli,bernoulli,1,completed
rep06,start_B,8,poisson,-74.31801855125755,148.6360371025151,,bfgs,7,True,3.466382736405649e-12,True,0.1303553252592192,bernoulli,bernoulli,1,completed
rep06,start_B,3,bernoulli,-51.79255062072016,103.58510124144031,,bfgs,5,True,3.023865602358455e-11,True,0.14908187606340845,bernoulli,bernoulli,2,completed
rep06,start_B,3,poisson,-74.63904345401374,149.2780869080275,,bfgs,6,True,1.1502647723204973e-10,False,0.09690818165947182,bernoulli,bernoulli,2,completed
rep06,start_B,4,bernoulli,-51.68871645712627,103.37743291425254,,bfgs,6,True,9.769962616701378e-16,True,0.17444403260537825,bernoulli,bernoulli,2,completed
rep06,start_B,4,poisson,-74.10472708583323,148.20945417166647,,bfgs,6,True,1.2940759575030824e-13,True,0.1543274303409787,bernoulli,bernoulli,2,completed
rep06,start_B,5,bernoulli,-51.05576034881068,102.11152069762136,,bfgs,5,True,3.872457909892546e-14,True,0.31983686426695485,bernoulli,bernoulli,2,completed
rep06,start_B,5,poisson,-74.91663402310573,149.83326804621146,,bfgs,7,True,1.0760281554667017e-12,True,0.04592180193250949,bernoulli,bernoulli,2,completed
rep06,start_B,6,bernoulli,-44.20495586931803,88.40991173863605,,bfgs,6,True,2.035349666584807e-12,True,1.070207296144831,bernoulli,bernoulli,2,completed
rep06,start_B,6,poisson,-72.07492416548749,144.14984833097498,,bfgs,8,True,3.751914334770845e-11,True,0.27651136068993337,bernoulli,bernoulli,2,completed
rep06,start_B,7,bernoulli,-43.63804299627638,87.27608599255277,,bfgs,6,True,1.4408918502795131e-12,True,1.1391251942790943,bernoulli,bernoulli,2,completed
rep06,start_B,7,poisson,-72.36598468455266,144.73196936910531,,bfgs,7,False,9.985239644016985e-08,False,0.26323201614733227,bernoulli,bernoulli,2,completed
rep06,start_B,8,bernoulli,-38.54708464964061,77.09416929928122,,bfgs,5,True,1.7203416469158128e-10,False,1.5239594111918497,bernoulli,bernoulli,2,completed
rep06,start_B,8,poisson,-74.104642887104,148.209285774208,,bfgs,10,False,2.210454148610097e-08,False,0.14655387526953975,bernoulli,bernoulli,2,completed
rep06,start_B,3,bernoulli,-47.43258757136376,94.86517514272752,,bfgs,7,True,1.0032419339722765e-11,True,0.8629455601782676,bernoulli,bernoulli,3,completed
rep06,start_B,3,poisson,-74.09229042715687,148.18458085431374,,bfgs,11,True,5.889277510107149e-10,False,0.1598550023055567,bernoulli,bernoulli,3,completed
rep06,start_B,4,bernoulli,-47.68316676859759,95.36633353719517,,bfgs,7,True,4.147238108487272e-11,True,0.8237137392016936,bernoulli,bernoulli,3,completed
rep06,start_B,4,poisson,-72.24945782521532,144.49891565043063,,bfgs,11,True,7.56826088466056e-09,False,0.2840439723576931,bernoulli,bernoulli,3,completed
rep06,start_B,5,bernoulli,-49.36149908817273,98.72299817634546,,bfgs,7,True,7.556733017111128e-12,True,0.5930761830594804,bernoulli,bernoulli,3,completed
rep06,start_B,5,poisson,-74.8143269675077,149.6286539350154,,bfgs,11,False,2.2671449961819688e-08,False,0.07219660565922027,bernoulli,bernoulli,3,completed
rep06,start_B,6,bernoulli,-44.19263342755079,88.38526685510158,,bfgs,7,True,4.249773088993436e-10,False,1.024450499137422,bernoulli,bernoulli,3,completed
rep06,start_B,6,poisson,-71.74292756641907,143.48585513283814,,bfgs,9,True,9.252822330552136e-09,False,0.27718917428599493,bernoulli,bernoulli,3,completed
rep06,start_B,7,bernoulli,-43.15693531268511,86.31387062537021,,bfgs,7,True,5.967395466655034e-11,True,1.1299985449876517,bernoulli,bernoulli,3,completed
rep06,start_B,7,poisson,-71.77314133146861,143.54628266293722,,bfgs,9,True,9.246133636509057e-10,False,0.27547409894022795,bernoulli,bernoulli,3,completed
rep06,start_B,8,bernoulli,-39.32781468993002,78.65562937986004,,bfgs,7,True,3.2946214645335205e-10,False,1.41114447915932,bernoulli,bernoulli,3,completed
rep06,start_B,8,poisson,-73.72004244547043,147.44008489094085,,bfgs,12,False,2.922153188034127e-08,False,0.18490199686568518,bernoulli,bernoulli,3,completed
rep06,start_B,3,bernoulli,-41.680231582563174,83.36046316512635,,bfgs,10,True,4.501250483457397e-11,True,1.7493243499551048,bernoulli,bernoulli,4,completed
rep06,start_B,3,poisson,-72.81744003304718,145.63488006609435,,bfgs,17,True,6.5338886301447016e-09,False,0.3279877669912521,bernoulli,bernoulli,4,completed
rep06,start_B,4,bernoulli,-46.839301161814376,93.67860232362875,,bfgs,8,True,3.5121505703727965e-11,True,0.8455182978051381,bernoulli,bernoulli,4,completed
rep06,start_B,4,poisson,-71.6765227323356,143.3530454646712,,bfgs,12,True,5.915020828695106e-09,False,0.29820147674135417,bernoulli,bernoulli,4,completed
rep06,start_B,5,bernoulli,-48.475367283016965,96.95073456603393,,bfgs,7,False,3.420697289868713e-08,False,0.6978583646247143,bernoulli,bernoulli,4,completed
rep06,start_B,5,poisson,-74.72309116463546,149.44618232927093,,bfgs,12,True,4.189369740004167e-09,False,0.08772356357603545,bernoulli,bernoulli,4,completed
rep06,start_B,6,bernoulli,-42.50854781122833,85.01709562245667,,bfgs,8,True,1.5845103007450235e-13,True,1.2417040291901285,bernoulli,bernoulli,4,completed
rep06,start_B,6,poisson,-71.1914940848631,142.3829881697262,,bfgs,12,True,2.80417289388879e-10,False,0.3139837617278483,bernoulli,bernoulli,4,completed
rep06,start_B,7,bernoulli,-43.100752998880594,86.20150599776119,,bfgs,7,False,1.3969796697210769e-08,False,1.0519560906224257,bernoulli,bernoulli,4,completed
rep06,start_B,7,poisson,-72.08680838140178,144.17361676280356,,bfgs,11,True,7.044504979347721e-11,True,0.239306025641911,bernoulli,bernoulli,4,completed
rep06,start_B,8,bernoulli,-35.80927540584734,71.61855081169467,,bfgs,8,True,6.627698390104797e-13,True,1.7334705241561803,bernoulli,bernoulli,4,completed
rep06,start_B,8,poisson,-73.3645707825143,146.7291415650286,,bfgs,15,False,2.5117016591025274e-07,False,0.20501314886341968,bernoulli,bernoulli,4,completed
rep06,start_B,3,bernoulli,-35.78510488297983,71.57020976595966,,bfgs,10,True,5.289560611743127e-09,False,2.549291104638793,bernoulli,bernoulli,5,completed
rep06,start_B,3,poisson,-70.56703744365036,141.13407488730073,,bfgs,15,False,6.978289786019332e-08,False,0.48459721765954794,bernoulli,bernoulli,5,completed
rep06,start_B,4,bernoulli,-45.34609242771645,90.6921848554329,,bfgs,9,True,1.0750378365287361e-10,False,1.0597715619946764,bernoulli,bernoulli,5,completed
rep06,start_B,4,poisson,-71.72874377564303,143.45748755128605,,bfgs,13,False,5.23864176926736e-08,False,0.31461271392752926,bernoulli,bernoulli,5,completed
rep06,start_B,5,bernoulli,-46.70567354392546,93.41134708785091,,bfgs,10,True,8.184291022672596e-10,False,0.9561770061231778,bernoulli,bernoulli,5,completed
rep06,start_B,5,poisson,-74.28199472919694,148.56398945839388,,bfgs,15,True,8.422487374204479e-10,False,0.17392542913490217,bernoulli,bernoulli,5,completed
rep06,start_B,6,bernoulli,-36.17650363986236,72.35300727972472,,bfgs,10,True,7.828249160013457e-12,True,2.0884296525008796,bernoulli,bernoulli,5,completed
rep06,start_B,6,poisson,-69.10235687457984,138.20471374915968,,bfgs,16,False,1.5209787340708657e-08,False,0.4799275066911511,bernoulli,bernoulli,5,completed
rep06,start_B,7,bernoulli,-42.43810178814628,84.87620357629255,,bfgs,10,True,1.7796415452409066e-10,False,1.045693109476361,bernoulli,bernoulli,5,completed
rep06,start_B,7,poisson,-71.71862349495159,143.43724698990317,,bfgs,13,True,1.0701400654511418e-09,False,0.2755747293918252,bernoulli,bernoulli,5,completed
rep06,start_B,8,bernoulli,-35.37088064697153,70.74176129394306,,bfgs,9,True,5.834493999046231e-10,False,1.8792652648593893,bernoulli,bernoulli,5,completed
rep06,start_B,8,poisson,-73.78534661866426,147.57069323732853,,bfgs,20,False,8.86654913045959e-08,False,0.16744860109420537,bernoulli,bernoulli,5,completed
rep07,start_B,3,bernoulli,-51.31272746213811,102.62545492427623,,bfgs,2,False,2.0220281569116593e-07,False,0.2716248826745707,bernoulli,bernoulli,1,completed
rep07,start_B,3,poisson,-74.99714652010468,149.99429304020936,,bfgs,5,True,4.263256414560601e-15,True,0.008715932761455084,bernoulli,bernoulli,1,completed
rep07,start_B,4,bernoulli,-50.39226378504058,100.78452757008117,,bfgs,4,True,1.1546319456101628e-15,True,0.4257369433172419,bernoulli,bernoulli,1,completed
rep07,start_B,4,poisson,-74.92765884245755,149.8553176849151,,bfgs,5,True,1.6293633109398796e-13,True,0.043715991312118875,bernoulli,bernoulli,1,completed
rep07,start_B,5,bernoulli,-51.95185045092885,103.9037009018577,,bfgs,4,True,1.9539925233402757e-15,True,0.06042931241112943,bernoulli,bernoulli,1,completed
rep07,start_B,5,poisson,-74.93081263018357,149.86162526036713,,bfgs,4,True,3.1867841698840494e-13,True,0.04309355748360165,bernoulli,bernoulli,1,completed
rep07,start_B,6,bernoulli,-41.242842845952424,82.48568569190485,,bfgs,4,True,3.0724311983476582e-12,True,1.3477605007898066,bernoulli,bernoulli,1,completed
rep07,start_B,6,poisson,-73.66558890388384,147.3311778077677,,bfgs,6,True,1.7321610812359724e-11,True,0.18328246308058957,bernoulli,bernoulli,1,completed
rep07,start_B,7,bernoulli,-46.25587711119582,92.51175422239164,,bfgs,5,True,5.000864167215013e-11,True,0.879930149668179,bernoulli,bernoulli,1,completed
rep07,start_B,7,poisson,-72.71173804861469,145.42347609722938,,bfgs,7,True,2.9494636066829115e-09,False,0.24702740072428322,bernoulli,bernoulli,1,completed
rep07,start_B,8,bernoulli,-51.76206334292762,103.52412668585524,,bfgs,4,True,1.9551333885203803e-09,False,0.15525822479610593,bernoulli,bernoulli,1,completed
rep07,start_B,8,poisson,-74.98587982732492,149.97175965464984,,bfgs,5,True,1.9131514150672048e-10,False,0.01943639130007919,bernoulli,bernoulli,1,completed
rep07,start_B,3,bernoulli,-51.18055331072958,102.36110662145916,,bfgs,5,True,1.9118874483581293e-09,False,0.27970463975418797,bernoulli,bernoulli,2,completed
rep07,start_B,3,poisson,-74.95379626842146,149.9075925368429,,bfgs,7,False,1.6703982588239797e-07,False,0.03763982477041076,bernoulli,bernoulli,2,completed
rep07,start_B,4,bernoulli,-51.001653874404795,102.00330774880959,,bfgs,6,True,1.7230661342182428e-14,True,0.31415422547009125,bernoulli,bernoulli,2,completed
rep07,start_B,4,poisson,-74.89657517949797,149.79315035899594,,bfgs,6,True,6.118483497630223e-12,True,0.05622563986401269,bernoulli,bernoulli,2,completed
rep07,start_B,5,bernoulli,-49.92296886800686,99.84593773601372,,bfgs,4,True,4.9018389347565974e-11,True,0.5224226946594815,bernoulli,bernoulli,2,completed
rep07,start_B,5,poisson,-74.13516778081386,148.27033556162772,,bfgs,6,True,1.007247618645124e-11,True,0.1610555012652284,bernoulli,bernoulli,2,completed
rep07,start_B,6,bernoulli,-40.95792068347173,81.91584136694345,,bfgs,7,True,1.200888721797355e-10,False,1.278558156803692,bernoulli,bernoulli,2,completed
rep07,start_B,6,poisson,-73.75888009803084,147.5177601960617,,bfgs,10,True,1.8227748199706185e-10,False,0.16512918575713187,bernoulli,bernoulli,2,completed
rep07,start_B,7,bernoulli,-43.16916427372256,86.33832854744512,,bfgs,5,True,1.0204193046092768e-11,True,1.1987798274783958,bernoulli,bernoulli,2,completed
rep07,start_B,7,poisson,-71.69931130924488,143.39862261848975,,bfgs,7,False,4.409479674727379e-08,False,0.29209695889247217,bernoulli,bernoulli,2,completed
rep07,start_B,8,bernoulli,-49.12656213346309,98.25312426692618,,bfgs,4,True,1.4494647260221427e-09,False,0.6195218167803588,bernoulli,bernoulli,2,completed
rep07,start_B,8,poisson,-74.02686653360834,148.05373306721668,,bfgs,8,True,1.0468301780974799e-10,False,0.17225657830638536,bernoulli,bernoulli,2,completed
rep07,start_B,3,bernoulli,-50.88744698872457,101.77489397744914,,bfgs,7,True,1.1735057370287905e-13,True,0.33870941614514316,bernoulli,bernoulli,3,completed
rep07,start_B,3,poisson,-74.93299395392516,149.86598790785033,,bfgs,9,True,6.282796505274746e-12,True,0.04761899767287698,bernoulli,bernoulli,3,completed
rep07,start_B,4,bernoulli,-49.613575560597724,99.22715112119545,,bfgs,8,True,7.313261107810831e-13,True,0.5261679204761793,bernoulli,bernoulli,3,completed
rep07,start_B,4,poisson,-74.00918554760692,148.01837109521384,,bfgs,12,True,2.1932500260390952e-11,True,0.18545845928469418,bernoulli,bernoulli,3,completed
rep07,start_B,5,bernoulli,-46.22870674100552,92.45741348201103,,bfgs,6,True,7.240616994863558e-10,False,1.0009203859821123,bernoulli,bernoulli,3,completed
rep07,start_B,5,poisson,-72.32243452773915,144.6448690554783,,bfgs,11,False,6.367676128604671e-08,False,0.30766077685394716,bernoulli,bernoulli,3,completed
rep07,start_B,6,bernoulli,-40.3327531847447,80.6655063694894,,bfgs,7,True,1.2001707627717905e-09,False,1.2859594595953594,bernoulli,bernoulli,3,completed
rep07,start_B,6,poisson,-73.83818681851498,147.67637363702997,,bfgs,12,True,5.87458748313452e-11,True,0.1528149711819585,bernoulli,bernoulli,3,completed
rep07,start_B,7,bernoulli,-40.032221851008956,80.06444370201791,,bfgs,6,True,1.9187709199286473e-10,False,1.424624176908238,bernoulli,bernoulli,3,completed
rep07,start_B,7,poisson,-71.61114618142172,143.22229236284343,,bfgs,11,True,3.6496139443897846e-11,True,0.2781852346495311,bernoulli,bernoulli,3,completed
rep07,start_B,8,bernoulli,-48.65829373803697,97.31658747607393,,bfgs,7,True,1.2658798453912822e-10,False,0.6681024195355828,bernoulli,bernoulli,3,completed
rep07,start_B,8,poisson,-73.609827614708,147.219655229416,,bfgs,12,False,7.659277581062441e-08,False,0.21712076172202663,bernoulli,bernoulli,3,completed
rep07,start_B,3,bernoulli,-50.90928962009367,101.81857924018735,,bfgs,8,True,3.2419511519776735e-12,True,0.32068456373525744,bernoulli,bernoulli,4,completed
rep07,start_B,3,poisson,-74.85133897703759,149.70267795407517,,bfgs,9,True,3.6345517706593e-10,False,0.06916834184617957,bernoulli,bernoulli,4,completed
rep07,start_B,4,bernoulli,-46.697964526731454,93.39592905346291,,bfgs,9,False,3.915818398425586e-08,False,1.0023909625407252,bernoulli,bernoulli,4,completed
rep07,start_B,4,poisson,-73.38072731169426,146.76145462338852,,bfgs,13,True,4.740051906537701e-10,False,0.25089529504123564,bernoulli,bernoulli,4,completed
rep07,start_B,5,bernoulli,-40.449591700032016,80.89918340006403,,bfgs,7,False,2.145416497789654e-08,False,1.6964466630331396,bernoulli,bernoulli,4,completed
rep07,start_B,5,poisson,-71.02048809848432,142.04097619696864,,bfgs,12,True,3.956364125201617e-10,False,0.3809608816858719,bernoulli,bernoulli,4,completed
rep07,start_B,6,bernoulli,-36.21601631123171,72.43203262246342,,bfgs,8,True,2.0609406625737846e-09,False,1.7631926845044885,bernoulli,bernoulli,4,completed
rep07,start_B,6,poisson,-73.30637772045341,146.61275544090682,,bfgs,17,False,1.4215013943719157e-08,False,0.20783852971283914,bernoulli,bernoulli,4,completed
rep07,start_B,7,bernoulli,-37.47553972528128,74.95107945056256,,bfgs,8,False,1.0716604847971212e-08,False,1.7806886273995708,bernoulli,bernoulli,4,completed
rep07,start_B,7,poisson,-70.85675897275802,141.71351794551603,,bfgs,12,False,1.802668869732571e-08,False,0.347321568900248,bernoulli,bernoulli,4,completed
rep07,start_B,8,bernoulli,-47.28146086041563,94.56292172083126,,bfgs,7,True,3.988227081919149e-10,False,0.7876604796780228,bernoulli,bernoulli,4,completed
rep07,start_B,8,poisson,-73.21937608131034,146.4387521626207,,bfgs,9,False,1.6413504750900642e-07,False,0.22758935541458883,bernoulli,bernoulli,4,completed
rep07,start_B,3,bernoulli,-49.321918461628,98.643836923256,,bfgs,10,True,3.2664182469943626e-10,False,0.6783606748288431,bernoulli,bernoulli,5,completed
rep07,start_B,3,poisson,-73.5359866181191,147.0719732362382,,bfgs,11,True,6.302514066192089e-12,True,0.27420649192868596,bernoulli,bernoulli,5,completed
rep07,start_B,4,bernoulli,-47.9979414913102,95.9958829826204,,bfgs,9,True,2.39170816485057e-10,False,0.7746726228303491,bernoulli,bernoulli,5,completed
rep07,start_B,4,poisson,-72.19304498101208,144.38608996202416,,bfgs,14,True,1.4219079247368427e-10,False,0.3593194410884918,bernoulli,bernoulli,5,completed
rep07,start_B,5,bernoulli,-45.59392340198898,91.18784680397796,,bfgs,9,True,7.4329672195005966e-09,False,0.9307069902384104,bernoulli,bernoulli,5,completed
rep07,start_B,5,poisson,-70.98485288935638,141.96970577871275,,bfgs,13,False,1.8693515002610184e-08,False,0.3952059510785824,bernoulli,bernoulli,5,completed
rep07,start_B,6,bernoulli,-39.82077973505887,79.64155947011774,,bfgs,8,True,3.904735867976683e-09,False,1.2501706999088773,bernoulli,bernoulli,5,completed
rep07,start_B,6,poisson,-73.12736046231723,146.25472092463446,,bfgs,16,True,3.78169495718339e-11,True,0.22452612113598022,bernoulli,bernoulli,5,completed
rep07,start_B,7,bernoulli,-35.55775417047712,71.11550834095424,,bfgs,9,True,9.624836039279216e-10,False,1.943029784701181,bernoulli,bernoulli,5,completed
rep07,start_B,7,poisson,-71.38316992609235,142.7663398521847,,bfgs,19,True,4.846552148496386e-09,False,0.2880902413211015,bernoulli,bernoulli,5,completed
rep07,start_B,8,bernoulli,-47.17535199897968,94.35070399795936,,bfgs,10,True,6.997358248383989e-12,True,0.7537506593347751,bernoulli,bernoulli,5,completed
rep07,start_B,8,poisson,-72.02937098196878,144.05874196393756,,bfgs,15,True,4.68687417765068e-09,False,0.3481443399025145,bernoulli,bernoulli,5,completed
rep08,start_B,3,bernoulli,-48.79988866154035,97.5997773230807,,bfgs,4,True,1.563500440227017e-11,True,0.6166573865301235,bernoulli,bernoulli,1,completed
rep08,start_B,3,poisson,-73.3351991894331,146.6703983788662,,bfgs,4,True,1.3839614787514166e-09,False,0.21281677702313706,bernoulli,bernoulli,1,completed
rep08,start_B,4,bernoulli,-45.047049909236726,90.09409981847345,,bfgs,5,True,1.2986211217480558e-09,False,0.9765296507108279,bernoulli,bernoulli,1,completed
rep08,start_B,4,poisson,-74.2741793474205,148.548358694841,,bfgs,6,True,4.543920795185841e-13,True,0.1362152101109565,bernoulli,bernoulli,1,completed
rep08,start_B,5,bernoulli,-51.10924307241631,102.21848614483262,,bfgs,3,True,1.3015971411789452e-09,False,0.31048905669972454,bernoulli,bernoulli,1,completed
rep08,start_B,5,poisson,-74.99625195669019,149.99250391338038,,bfgs,5,True,3.321787289678468e-14,True,0.0099857557066542,bernoulli,bernoulli,1,completed
rep08,start_B,6,bernoulli,-49.448368094920305,98.89673618984061,,bfgs,3,True,5.822897719554021e-13,True,0.5439427763241962,bernoulli,bernoulli,1,completed
rep08,start_B,6,poisson,-74.85644258588641,149.71288517177283,,bfgs,5,True,2.4868995751603505e-15,True,0.06137175369927983,bernoulli,bernoulli,1,completed
rep08,start_B,7,bernoulli,-51.64028784797529,103.28057569595057,,bfgs,4,True,2.509104035652854e-15,True,0.19318815284193105,bernoulli,bernoulli,1,completed
rep08,start_B,7,poisson,-74.98761857754975,149.9752371550995,,bfgs,5,True,5.329070518200751e-16,True,0.0182063457185211,bernoulli,bernoulli,1,completed
rep08,start_B,8,bernoulli,-49.825756567198724,99.65151313439745,,bfgs,4,True,1.1546319456101628e-15,True,0.49849882793778943,bernoulli,bernoulli,1,completed
rep08,start_B,8,poisson,-74.8974736520035,149.794947304007,,bfgs,5,True,4.75175454539567e-14,True,0.05193749122011812,bernoulli,bernoulli,1,completed
rep08,start_B,3,bernoulli,-45.74283373006383,91.48566746012766,,bfgs,5,True,3.3777691754721673e-09,False,0.9241090013057605,bernoulli,bernoulli,2,completed
rep08,start_B,3,poisson,-71.34676153976903,142.69352307953807,,bfgs,9,False,1.0931226159804908e-07,False,0.32698612915369507,bernoulli,bernoulli,2,completed
rep08,start_B,4,bernoulli,-42.42017168301575,84.8403433660315,,bfgs,6,True,2.915134800218766e-12,True,1.1715767610884478,bernoulli,bernoulli,2,completed
rep08,start_B,4,poisson,-73.11468439048959,146.22936878097917,,bfgs,9,True,1.1668177535284486e-11,True,0.22468654803585655,bernoulli,bernoulli,2,completed
rep08,start_B,5,bernoulli,-51.004254994331276,102.00850998866255,,bfgs,6,True,1.552535877635819e-13,True,0.34065477178582165,bernoulli,bernoulli,2,completed
rep08,start_B,5,poisson,-74.96891628203907,149.93783256407815,,bfgs,6,True,3.953459781769197e-12,True,0.02910931387396065,bernoulli,bernoulli,2,completed
rep08,start_B,6,bernoulli,-47.666064412766545,95.33212882553309,,bfgs,6,True,7.296128146094816e-11,True,0.7554700488637103,bernoulli,bernoulli,2,completed
rep08,start_B,6,poisson,-74.8821601649112,149.7643203298224,,bfgs,10,False,1.3795906772529065e-08,False,0.05494138824782969,bernoulli,bernoulli,2,completed
rep08,start_B,7,bernoulli,-48.63305903312989,97.26611806625978,,bfgs,6,True,3.9376848448569037e-10,False,0.6985214294260356,bernoulli,bernoulli,2,completed
rep08,start_B,7,poisson,-74.84464494679165,149.6892898935833,,bfgs,8,True,2.9317949734597447e-10,False,0.06866742841707078,bernoulli,bernoulli,2,completed
rep08,start_B,8,bernoulli,-48.85519542012844,97.71039084025688,,bfgs,5,True,1.2221335055073723e-13,True,0.5997749003118726,bernoulli,bernoulli,2,completed
rep08,start_B,8,poisson,-74.03537273187246,148.0707454637449,,bfgs,6,True,5.308598005626663e-12,True,0.17065334716260394,bernoulli,bernoulli,2,completed
rep08,start_B,3,bernoulli,-45.6073311054751,91.2146622109502,,bfgs,8,True,6.63180621529591e-13,True,0.9246874305188965,bernoulli,bernoulli,3,completed
rep08,start_B,3,poisson,-71.14899313266713,142.29798626533426,,bfgs,11,True,3.6913599121835004e-10,False,0.33635238508144066,bernoulli,bernoulli,3,completed
rep08,start_B,4,bernoulli,-41.366907782019766,82.73381556403953,,bfgs,7,True,8.671063866927397e-13,True,1.2479622416453404,bernoulli,bernoulli,3,completed
rep08,start_B,4,poisson,-73.24950309235035,146.4990061847007,,bfgs,11,True,7.241489274889545e-09,False,0.20909652244446053,bernoulli,bernoulli,3,completed
rep08,start_B,5,bernoulli,-50.63766929518978,101.27533859037956,,bfgs,7,True,2.3536239623922484e-11,True,0.4117662051485395,bernoulli,bernoulli,3,completed
rep08,start_B,5,poisson,-74.33973523680325,148.6794704736065,,bfgs,8,True,6.623990245202549e-12,True,0.14749338947172919,bernoulli,bernoulli,3,completed
rep08,start_B,6,bernoulli,-47.24125623406305,94.4825124681261,,bfgs,7,True,9.412556511989577e-10,False,0.7618418630031352,bernoulli,bernoulli,3,completed
rep08,start_B,6,poisson,-74.7776165754353,149.5552331508706,,bfgs,12,True,2.1191555454880274e-14,True,0.07783946407430269,bernoulli,bernoulli,3,completed
rep08,start_B,7,bernoulli,-47.633980494704716,95.26796098940943,,bfgs,8,True,2.0221380125917675e-12,True,0.7991123755215622,bernoulli,bernoulli,3,completed
rep08,start_B,7,poisson,-74.25254454105786,148.50508908211572,,bfgs,10,True,1.5989244150915739e-09,False,0.15258605216733168,bernoulli,bernoulli,3,completed
rep08,start_B,8,bernoulli,-47.892048787425466,95.78409757485093,,bfgs,6,True,1.7224155435258125e-11,True,0.7135423035361834,bernoulli,bernoulli,3,completed
rep08,start_B,8,poisson,-73.28348130493734,146.56696260987468,,bfgs,11,True,6.558977694304247e-09,False,0.23490649012764925,bernoulli,bernoulli,3,completed
rep08,start_B,3,bernoulli,-45.24334965550163,90.48669931100326,,bfgs,8,True,8.1530338036373e-12,True,0.8767832387246765,bernoulli,bernoulli,4,completed
rep08,start_B,3,poisson,-71.02654981428736,142.05309962857473,,bfgs,7,False,5.25359771741396e-08,False,0.31187261610816963,bernoulli,bernoulli,4,completed
rep08,start_B,4,bernoulli,-37.46716212077755,74.9343242415551,,bfgs,9,True,1.0919553039556718e-10,False,1.69525380586988,bernoulli,bernoulli,4,completed
rep08,start_B,4,poisson,-71.66068881084223,143.32137762168446,,bfgs,15,True,4.5734783959971995e-09,False,0.33623448887763513,bernoulli,bernoulli,4,completed
rep08,start_B,5,bernoulli,-49.921977054038365,99.84395410807673,,bfgs,9,True,4.739919567953166e-12,True,0.5166172054124236,bernoulli,bernoulli,4,completed
rep08,start_B,5,poisson,-74.31421868717082,148.62843737434164,,bfgs,14,True,3.0410787665857695e-09,False,0.14016015041465224,bernoulli,bernoulli,4,completed
rep08,start_B,6,bernoulli,-46.39302439387575,92.7860487877515,,bfgs,9,True,3.412470306329851e-12,True,0.8438174507632064,bernoulli,bernoulli,4,completed
rep08,start_B,6,poisson,-74.77324531281478,149.54649062562956,,bfgs,13,False,1.2780545846635683e-08,False,0.07609092096229604,bernoulli,bernoulli,4,completed
rep08,start_B,7,bernoulli,-40.789010114469406,81.57802022893881,,bfgs,9,True,1.2257785897418216e-10,False,1.8377448222435515,bernoulli,bernoulli,4,completed
rep08,start_B,7,poisson,-72.14094584689121,144.28189169378243,,bfgs,12,True,1.8744030327866314e-09,False,0.38529871736592086,bernoulli,bernoulli,4,completed
rep08,start_B,8,bernoulli,-46.51701935938458,93.03403871876915,,bfgs,8,True,1.6290946369679203e-11,True,0.8284412212460509,bernoulli,bernoulli,4,completed
rep08,start_B,8,poisson,-72.52636733573432,145.05273467146864,,bfgs,10,True,4.4329802051379375e-10,False,0.2736964630327471,bernoulli,bernoulli,4,completed
rep08,start_B,3,bernoulli,-43.85420389092819,87.70840778185638,,bfgs,9,True,5.5422089140222396e-11,True,1.032008436534593,bernoulli,bernoulli,5,completed
rep08,start_B,3,poisson,-70.89383774878891,141.78767549757782,,bfgs,15,False,1.8033081211621394e-08,False,0.2905933532591567,bernoulli,bernoulli,5,completed
rep08,start_B,4,bernoulli,-35.3640344170003,70.7280688340006,,bfgs,9,True,3.517039104394826e-10,False,1.8966840307591157,bernoulli,bernoulli,5,completed
rep08,start_B,4,poisson,-71.7448044059837,143.4896088119674,,bfgs,18,True,3.058998898630705e-09,False,0.33208671752088526,bernoulli,bernoulli,5,completed
rep08,start_B,5,bernoulli,-49.57784971762008,99.15569943524017,,bfgs,10,True,5.164757510556228e-13,True,0.5679695680847557,bernoulli,bernoulli,5,completed
rep08,start_B,5,poisson,-74.1691798632336,148.3383597264672,,bfgs,14,False,1.4983644582855505e-07,False,0.15037826371572646,bernoulli,bernoulli,5,completed
rep08,start_B,6,bernoulli,-47.71170555400762,95.42341110801524,,bfgs,9,True,3.3239242469562667e-10,False,0.6220629845530369,bernoulli,bernoulli,5,completed
rep08,start_B,6,poisson,-74.81599253661395,149.6319850732279,,bfgs,15,True,2.442873420216429e-09,False,0.0706240115053884,bernoulli,bernoulli,5,completed
rep08,start_B,7,bernoulli,-39.113266330167505,78.22653266033501,,bfgs,9,True,7.901768128704134e-12,True,1.9069748373024968,bernoulli,bernoulli,5,completed
rep08,start_B,7,poisson,-71.92221370752964,143.84442741505927,,bfgs,18,True,6.1599557635294565e-09,False,0.3677406964011837,bernoulli,bernoulli,5,completed
rep08,start_B,8,bernoulli,-44.21220737312824,88.42441474625647,,bfgs,9,True,4.99098362638506e-10,False,1.2510722131654304,bernoulli,bernoulli,5,completed
rep08,start_B,8,poisson,-72.09785614436886,144.19571228873772,,bfgs,14,True,5.873936004263669e-10,False,0.3440950681398099,bernoulli,bernoulli,5,completed
rep09,start_B,3,bernoulli,-51.839748546499436,103.67949709299887,,bfgs,2,True,9.05147068408496e-12,True,0.12530146812266024,bernoulli,bernoulli,1,completed
rep09,start_B,3,poisson,-74.54341768705095,149.0868353741019,,bfgs,4,True,7.771561172376096e-15,True,0.11236513389547445,bernoulli,bernoulli,1,completed
rep09,start_B,4,bernoulli,-47.7505583761008,95.5011167522016,,bfgs,3,False,6.546526418738096e-08,False,0.7361393022900469,bernoulli,bernoulli,1,completed
rep09,start_B,4,poisson,-74.73367675229937,149.46735350459875,,bfgs,7,True,7.238654120556021e-15,True,0.08268146334399287,bernoulli,bernoulli,1,completed
rep09,start_B,5,bernoulli,-51.30464998190506,102.60929996381012,,bfgs,5,True,1.0417728901757073e-10,False,0.2734913631823896,bernoulli,bernoulli,1,completed
rep09,start_B,5,poisson,-74.99545730117693,149.99091460235385,,bfgs,5,True,6.784794948089256e-13,True,0.011030339825704366,bernoulli,bernoulli,1,completed
rep09,start_B,6,bernoulli,-50.48866456687223,100.97732913374446,,bfgs,3,True,2.985789393505911e-12,True,0.41250653011811156,bernoulli,bernoulli,1,completed
rep09,start_B,6,poisson,-74.9838474388636,149.9676948777272,,bfgs,5,True,1.027533613751075e-12,True,0.020664723490938054,bernoulli,bernoulli,1,completed
rep09,start_B,7,bernoulli,-51.73952846635753,103.47905693271505,,bfgs,5,True,6.867559854129013e-11,True,0.16299770162378793,bernoulli,bernoulli,1,completed
rep09,start_B,7,poisson,-74.46188934104467,148.92377868208933,,bfgs,4,True,6.406430941297003e-13,True,0.1221255672229713,bernoulli,bernoulli,1,completed
rep09,start_B,8,bernoulli,-51.08063994850367,102.16127989700735,,bfgs,4,True,2.4868995751603505e-15,True,0.316755426302557,bernoulli,bernoulli,1,completed
rep09,start_B,8,poisson,-74.07195785328949,148.14391570657898,,bfgs,4,True,9.495071395804188e-13,True,0.1610062606426171,bernoulli,bernoulli,1,completed
rep09,start_B,3,bernoulli,-51.623518519158985,103.24703703831797,,bfgs,5,True,6.1284310959308644e-15,True,0.19878709686186896,bernoulli,bernoulli,2,completed
rep09,start_B,3,poisson,-74.19142723102541,148.38285446205083,,bfgs,8,True,1.7408297026122456e-14,True,0.1486096523349292,bernoulli,bernoulli,2,completed
rep09,start_B,4,bernoulli,-47.55802790502027,95.11605581004054,,bfgs,6,True,1.7763568394002505e-15,True,0.7237607842432128,bernoulli,bernoulli,2,completed
rep09,start_B,4,poisson,-74.80778511047217,149.61557022094433,,bfgs,9,True,1.706651531208081e-09,False,0.06839790604953311,bernoulli,bernoulli,2,completed
rep09,start_B,5,bernoulli,-45.511704711658396,91.02340942331679,,bfgs,6,True,5.329070518200751e-16,True,0.9503435613716005,bernoulli,bernoulli,2,completed
rep09,start_B,5,poisson,-74.25269198206003,148.50538396412006,,bfgs,10,True,1.6388746360007645e-09,False,0.14466650972029474,bernoulli,bernoulli,2,completed
rep09,start_B,6,bernoulli,-45.33814905213667,90.67629810427334,,bfgs,5,True,5.0635362569551033e-11,True,0.9798643635441304,bernoulli,bernoulli,2,completed
rep09,start_B,6,poisson,-72.96439777898837,145.92879555797674,,bfgs,8,False,2.245065466865981e-08,False,0.23824777490850763,bernoulli,bernoulli,2,completed
rep09,start_B,7,bernoulli,-51.665124896704334,103.33024979340867,,bfgs,6,True,1.4210854715202005e-15,True,0.18219507087262457,bernoulli,bernoulli,2,completed
rep09,start_B,7,poisson,-74.29417879826885,148.5883575965377,,bfgs,6,False,2.0704028891316283e-08,False,0.13674355637693003,bernoulli,bernoulli,2,completed
rep09,start_B,8,bernoulli,-49.71446288411676,99.42892576823353,,bfgs,5,True,1.6756374066062562e-12,True,0.5195222023872555,bernoulli,bernoulli,2,completed
rep09,start_B,8,poisson,-73.86240175148313,147.72480350296627,,bfgs,6,True,2.3279156380340282e-12,True,0.173473348486322,bernoulli,bernoulli,2,completed
rep09,start_B,3,bernoulli,-47.65937334373946,95.31874668747892,,bfgs,6,True,3.086652045070082e-11,True,0.8562221856773106,bernoulli,bernoulli,3,completed
rep09,start_B,3,poisson,-73.80187514871106,147.60375029742212,,bfgs,11,True,1.1494597274008812e-09,False,0.18238461810740747,bernoulli,bernoulli,3,completed
rep09,start_B,4,bernoulli,-47.057266644618224,94.11453328923645,,bfgs,7,True,2.3643309532417333e-13,True,0.721008741048825,bernoulli,bernoulli,3,completed
rep09,start_B,4,poisson,-74.63852595122441,149.27705190244882,,bfgs,11,True,9.725929506210207e-11,True,0.09152773075531775,bernoulli,bernoulli,3,completed
rep09,start_B,5,bernoulli,-40.4396033112253,80.8792066224506,,bfgs,7,True,1.9426750874629308e-09,False,1.5111280984376014,bernoulli,bernoulli,3,completed
rep09,start_B,5,poisson,-72.67330137768568,145.34660275537135,,bfgs,12,False,7.5929495046978e-08,False,0.2759320969758121,bernoulli,bernoulli,3,completed
rep09,start_B,6,bernoulli,-44.55214391473429,89.10428782946857,,bfgs,6,True,5.4237148106039966e-11,True,1.0399337029909823,bernoulli,bernoulli,3,completed
rep09,start_B,6,poisson,-72.49412239559261,144.98824479118522,,bfgs,10,True,1.0268525585388488e-09,False,0.2742346607844221,bernoulli,bernoulli,3,completed
rep09,start_B,7,bernoulli,-50.98501876092962,101.97003752185924,,bfgs,7,True,4.297895372928906e-13,True,0.3727083178524339,bernoulli,bernoulli,3,completed
rep09,start_B,7,poisson,-73.94348159237487,147.88696318474973,,bfgs,8,True,1.0883063339406362e-10,False,0.17726604652477712,bernoulli,bernoulli,3,completed
rep09,start_B,8,bernoulli,-47.1766166229567,94.3532332459134,,bfgs,6,True,1.3929024600400907e-12,True,0.8641226097874706,bernoulli,bernoulli,3,completed
rep09,start_B,8,poisson,-72.94326763050017,145.88653526100035,,bfgs,11,True,4.355873439720881e-11,True,0.2530659776678207,bernoulli,bernoulli,3,completed
rep09,start_B,3,bernoulli,-44.51456909405527,89.02913818811054,,bfgs,7,False,5.588082609975231e-08,False,1.3466686045845522,bernoulli,bernoulli,4,completed
rep09,start_B,3,poisson,-73.68171356725833,147.36342713451666,,bfgs,12,False,2.2863682858087485e-08,False,0.18517137637835776,bernoulli,bernoulli,4,completed
rep09,start_B,4,bernoulli,-46.92471396279151,93.84942792558302,,bfgs,9,True,1.438197116954143e-10,False,0.7130130538652163,bernoulli,bernoulli,4,completed
rep09,start_B,4,poisson,-74.12796558688383,148.25593117376766,,bfgs,11,False,1.0206498401998942e-08,False,0.19907469110210813,bernoulli,bernoulli,4,completed
rep09,start_B,5,bernoulli,-38.884896770224216,77.76979354044843,,bfgs,8,True,1.0680436535182025e-10,False,1.4680268753553793,bernoulli,bernoulli,4,completed
rep09,start_B,5,poisson,-72.2647570161017,144.5295140322034,,bfgs,14,True,2.896517692363432e-10,False,0.29228206257021033,bernoulli,bernoulli,4,completed
rep09,start_B,6,bernoulli,-43.98290065810339,87.96580131620678,,bfgs,7,True,6.346454473060704e-11,True,0.998860819078443,bernoulli,bernoulli,4,completed
rep09,start_B,6,poisson,-71.8824431276201,143.7648862552402,,bfgs,13,False,1.9366583536850614e-08,False,0.3119051608357188,bernoulli,bernoulli,4,completed
rep09,start_B,7,bernoulli,-49.421626337788396,98.84325267557679,,bfgs,8,True,4.7967319005692845e-11,True,0.7289777605266858,bernoulli,bernoulli,4,completed
rep09,start_B,7,poisson,-73.91465040545795,147.8293008109159,,bfgs,12,True,6.870187974072906e-10,False,0.1638963289378093,bernoulli,bernoulli,4,completed
rep09,start_B,8,bernoulli,-43.00537564441457,86.01075128882914,,bfgs,9,True,3.7170106992334696e-10,False,1.4927114678255764,bernoulli,bernoulli,4,completed
rep09,start_B,8,poisson,-72.94223291753929,145.88446583507857,,bfgs,15,False,1.2643688576119417e-07,False,0.22957220519804084,bernoulli,bernoulli,4,completed
rep09,start_B,3,bernoulli,-41.538219889802406,83.07643977960481,,bfgs,9,True,1.316483810853697e-10,False,1.7100579879651738,bernoulli,bernoulli,5,completed
rep09,start_B,3,poisson,-73.34429212190567,146.68858424381133,,bfgs,16,True,6.12235844243969e-09,False,0.2075879020444804,bernoulli,bernoulli,5,completed
rep09,start_B,4,bernoulli,-46.08768512711663,92.17537025423326,,bfgs,9,True,6.616613923426939e-11,True,0.9381590697266716,bernoulli,bernoulli,5,completed
rep09,start_B,4,poisson,-74.11320447923708,148.22640895847417,,bfgs,13,False,1.7837396359965395e-08,False,0.20740269579293233,bernoulli,bernoulli,5,completed
rep09,start_B,5,bernoulli,-37.40778518103468,74.81557036206937,,bfgs,8,False,5.233800850490411e-08,False,1.6949638944867165,bernoulli,bernoulli,5,completed
rep09,start_B,5,poisson,-71.13046283557708,142.26092567115415,,bfgs,16,False,4.771972199613117e-08,False,0.42046630349431247,bernoulli,bernoulli,5,completed
rep09,start_B,6,bernoulli,-40.099579503353176,80.19915900670635,,bfgs,9,True,1.9052083910509056e-09,False,1.8013464769278649,bernoulli,bernoulli,5,completed
rep09,start_B,6,poisson,-71.93539043190881,143.87078086381763,,bfgs,15,False,1.496225099373305e-08,False,0.3103787994137274,bernoulli,bernoulli,5,completed
rep09,start_B,7,bernoulli,-48.303835671511514,96.60767134302303,,bfgs,11,True,1.6327383889347402e-12,True,0.9158784378591472,bernoulli,bernoulli,5,completed
rep09,start_B,7,poisson,-73.87572428984845,147.7514485796969,,bfgs,12,False,1.0883437084885373e-08,False,0.16538267531742895,bernoulli,bernoulli,5,completed
rep09,start_B,8,bernoulli,-41.415246591635686,82.83049318327137,,bfgs,10,True,1.0849694614956107e-09,False,1.6330240517826644,bernoulli,bernoulli,5,completed
rep09,start_B,8,poisson,-72.43249047236593,144.86498094473185,,bfgs,14,True,1.6862955476426577e-12,True,0.27239368156002336,bernoulli,bernoulli,5,completed
rep10,start_B,3,bernoulli,-51.80596788886071,103.61193577772141,,bfgs,3,True,1.2878587085651815e-15,True,0.139009110091036,bernoulli,bernoulli,1,completed
rep10,start_B,3,poisson,-74.87939503928328,149.75879007856656,,bfgs,4,True,9.668710276855562e-13,True,0.0569892008133861,bernoulli,bernoulli,1,completed
rep10,start_B,4,bernoulli,-48.587262605373255,97.17452521074651,,bfgs,4,True,7.283063041541026e-15,True,0.63816222828946,bernoulli,bernoulli,1,completed
rep10,start_B,4,poisson,-74.41642228877288,148.83284457754576,,bfgs,5,True,8.881784197001253e-17,True,0.12262376988239736,bernoulli,bernoulli,1,completed
rep10,start_B,5,bernoulli,-51.909892735425856,103.81978547085171,,bfgs,3,True,4.7119541601858825e-11,True,0.09023807819252894,bernoulli,bernoulli,1,completed
rep10,start_B,5,poisson,-74.92552315053906,149.85104630107813,,bfgs,4,True,8.828493491819245e-14,True,0.04474411998419766,bernoulli,bernoulli,1,completed
rep10,start_B,6,bernoulli,-50.032149579504235,100.06429915900847,,bfgs,3,True,2.2581847503033715e-11,True,0.4718763491706771,bernoulli,bernoulli,1,completed
rep10,start_B,6,poisson,-74.31109589318719,148.62219178637437,,bfgs,4,True,1.40059075448562e-12,True,0.13668778863892958,bernoulli,bernoulli,1,completed
rep10,start_B,7,bernoulli,-51.97619441685547,103.95238883371094,,bfgs,3,True,1.1546319456101628e-15,True,0.03240964824024855,bernoulli,bernoulli,1,completed
rep10,start_B,7,poisson,-74.9927970554086,149.9855941108172,,bfgs,4,True,3.7974068334278854e-12,True,0.0138782822851305,bernoulli,bernoulli,1,completed
rep10,start_B,8,bernoulli,-51.80500924781054,103.61001849562108,,bfgs,3,True,7.892353437455313e-13,True,0.13938087646524716,bernoulli,bernoulli,1,completed
rep10,start_B,8,poisson,-74.99390763210133,149.98781526420265,,bfgs,5,True,8.881784197001253e-17,True,0.01272875768938817,bernoulli,bernoulli,1,completed
rep10,start_B,3,bernoulli,-49.73609793450905,99.4721958690181,,bfgs,6,True,1.5868906189098197e-11,True,0.5779862497301883,bernoulli,bernoulli,2,completed
rep10,start_B,3,poisson,-73.72073808972979,147.44147617945958,,bfgs,6,True,2.212571015292042e-10,False,0.21135126459598838,bernoulli,bernoulli,2,completed
rep10,start_B,4,bernoulli,-48.55577568886571,97.11155137773142,,bfgs,4,True,4.7802808822439145e-09,False,0.606266312296115,bernoulli,bernoulli,2,completed
rep10,start_B,4,poisson,-74.52904895277462,149.05809790554923,,bfgs,10,True,3.303575679680648e-09,False,0.10028227887088538,bernoulli,bernoulli,2,completed
rep10,start_B,5,bernoulli,-48.823733344277045,97.64746668855409,,bfgs,5,True,1.8029311377176782e-10,False,0.6910446511587525,bernoulli,bernoulli,2,completed
rep10,start_B,5,poisson,-74.63390828128436,149.26781656256873,,bfgs,9,True,2.8093114057270442e-09,False,0.10137939274874522,bernoulli,bernoulli,2,completed
rep10,start_B,6,bernoulli,-45.041514161994584,90.08302832398917,,bfgs,6,True,5.829448035399309e-13,True,1.034961914777415,bernoulli,bernoulli,2,completed
rep10,start_B,6,poisson,-73.71576121352862,147.43152242705725,,bfgs,9,True,1.3455903058456898e-14,True,0.17429864310039214,bernoulli,bernoulli,2,completed
rep10,start_B,7,bernoulli,-50.959399227899745,101.91879845579949,,bfgs,5,True,7.202913820947288e-11,True,0.3810528923999803,bernoulli,bernoulli,2,completed
rep10,start_B,7,poisson,-74.96774217208794,149.93548434417588,,bfgs,8,True,2.7782248723795535e-12,True,0.030305098949165568,bernoulli,bernoulli,2,completed
rep10,start_B,8,bernoulli,-51.533527277015764,103.06705455403153,,bfgs,5,True,9.662315392233722e-12,True,0.23309743458637947,bernoulli,bernoulli,2,completed
rep10,start_B,8,poisson,-74.98727734378946,149.97455468757892,,bfgs,7,True,1.8231249843125852e-14,True,0.020201420880421848,bernoulli,bernoulli,2,completed
rep10,start_B,3,bernoulli,-46.74820376948644,93.49640753897287,,bfgs,8,True,4.131671005325188e-10,False,0.881984340498226,bernoulli,bernoulli,3,completed
rep10,start_B,3,poisson,-73.32595136404252,146.65190272808505,,bfgs,10,True,3.580480800735586e-10,False,0.23233045914200823,bernoulli,bernoulli,3,completed
rep10,start_B,4,bernoulli,-48.29822482106556,96.59644964213112,,bfgs,7,True,2.4131807663252403e-12,True,0.6328748611562774,bernoulli,bernoulli,3,completed
rep10,start_B,4,poisson,-74.14560116213264,148.29120232426527,,bfgs,12,False,6.803078049788524e-08,False,0.15481322844222034,bernoulli,bernoulli,3,completed
rep10,start_B,5,bernoulli,-46.297285628981584,92.59457125796317,,bfgs,7,True,1.8236123722203956e-11,True,0.9840554315291965,bernoulli,bernoulli,3,completed
rep10,start_B,5,poisson,-74.57954639056092,149.15909278112184,,bfgs,11,False,2.273922288242858e-08,False,0.09981669493214754,bernoulli,bernoulli,3,completed
rep10,start_B,6,bernoulli,-45.17456306360266,90.34912612720532,,bfgs,7,True,1.5690728716322155e-10,False,0.963670919755414,bernoulli,bernoulli,3,completed
rep10,start_B,6,poisson,-73.12753753933308,146.25507507866615,,bfgs,11,True,3.534489367851279e-12,True,0.2190648039464085,bernoulli,bernoulli,3,completed
rep10,start_B,7,bernoulli,-49.88713929588626,99.77427859177251,,bfgs,7,True,3.736566611678427e-13,True,0.5739741669681215,bernoulli,bernoulli,3,completed
rep10,start_B,7,poisson,-74.88916971893028,149.77833943786055,,bfgs,12,True,4.001332598591034e-11,True,0.0618292732707144,bernoulli,bernoulli,3,completed
rep10,start_B,8,bernoulli,-47.04190224058998,94.08380448117995,,bfgs,8,True,5.31494848132752e-12,True,0.9337681392949249,bernoulli,bernoulli,3,completed
rep10,start_B,8,poisson,-74.95184686131412,149.90369372262825,,bfgs,10,True,2.860001907523113e-09,False,0.03825490966293298,bernoulli,bernoulli,3,completed
rep10,start_B,3,bernoulli,-44.5227231544692,89.0454463089384,,bfgs,8,True,3.046519037042117e-09,False,1.1360121261335123,bernoulli,bernoulli,4,completed
rep10,start_B,3,poisson,-72.91128449123812,145.82256898247624,,bfgs,12,True,1.8647328126064623e-11,True,0.2435905939470122,bernoulli,bernoulli,4,completed
rep10,start_B,4,bernoulli,-48.63312129923201,97.26624259846402,,bfgs,7,True,9.037801618205777e-11,True,0.5493886466125187,bernoulli,bernoulli,4,completed
rep10,start_B,4,poisson,-74.0593050276824,148.1186100553648,,bfgs,14,True,1.520912285002396e-11,True,0.15220909674041166,bernoulli,bernoulli,4,completed
rep10,start_B,5,bernoulli,-46.59958532276099,93.19917064552197,,bfgs,8,True,1.378279268493543e-10,False,0.8561208858924707,bernoulli,bernoulli,4,completed
rep10,start_B,5,poisson,-74.48758009845221,148.97516019690443,,bfgs,12,True,8.218574709673021e-11,True,0.10200977087172035,bernoulli,bernoulli,4,completed
rep10,start_B,6,bernoulli,-43.36105152087471,86.72210304174942,,bfgs,7,True,1.349952372109442e-10,False,1.1762091606320302,bernoulli,bernoulli,4,completed
rep10,start_B,6,poisson,-72.92686458110157,145.85372916220314,,bfgs,13,True,7.445843941411567e-12,True,0.25028053297306996,bernoulli,bernoulli,4,completed
rep10,start_B,7,bernoulli,-49.28829623413939,98.57659246827878,,bfgs,8,True,4.4155390455102863e-11,True,0.6635127629296621,bernoulli,bernoulli,4,completed
rep10,start_B,7,poisson,-74.91294606143629,149.82589212287257,,bfgs,12,True,1.5315372747792822e-09,False,0.06556168970975401,bernoulli,bernoulli,4,completed
rep10,start_B,8,bernoulli,-48.17495922331351,96.34991844662702,,bfgs,8,True,1.7336110325061326e-11,True,0.7586133209168391,bernoulli,bernoulli,4,completed
rep10,start_B,8,poisson,-74.94900927705184,149.8980185541037,,bfgs,12,True,2.4529167585995993e-11,True,0.03655160281124378,bernoulli,bernoulli,4,completed
rep10,start_B,3,bernoulli,-45.80783657494786,91.61567314989573,,bfgs,11,True,9.049316851417188e-12,True,0.8878673552966632,bernoulli,bernoulli,5,completed
rep10,start_B,3,poisson,-73.4340899076473,146.8681798152946,,bfgs,12,False,5.466571003087672e-08,False,0.18943423002193557,bernoulli,bernoulli,5,completed
rep10,start_B,4,bernoulli,-48.534897580577606,97.06979516115521,,bfgs,10,True,8.079670266170069e-11,True,0.5423753497919525,bernoulli,bernoulli,5,completed
rep10,start_B,4,poisson,-74.18330512154026,148.36661024308052,,bfgs,15,False,1.0358930668807886e-08,False,0.12998927293958856,bernoulli,bernoulli,5,completed
rep10,start_B,5,bernoulli,-46.07616126588475,92.1523225317695,,bfgs,9,True,1.824505213576799e-10,False,0.9451394390865687,bernoulli,bernoulli,5,completed
rep10,start_B,5,poisson,-74.14394210939729,148.28788421879457,,bfgs,14,False,1.6145035686143672e-08,False,0.1690978890724201,bernoulli,bernoulli,5,completed
rep10,start_B,6,bernoulli,-38.36876485740351,76.73752971480702,,bfgs,11,True,1.1966783119987667e-11,True,1.8860177988703992,bernoulli,bernoulli,5,completed
rep10,start_B,6,poisson,-72.03641175129819,144.07282350259638,,bfgs,14,True,7.064850648941246e-11,True,0.3234323017249496,bernoulli,bernoulli,5,completed
rep10,start_B,7,bernoulli,-41.35167850886944,82.70335701773888,,bfgs,8,False,5.70703494018332e-08,False,1.8134873088508485,bernoulli,bernoulli,5,completed
rep10,start_B,7,poisson,-73.35998916446572,146.71997832893143,,bfgs,18,True,2.2947822288232889e-10,False,0.27257371033283734,bernoulli,bernoulli,5,completed
rep10,start_B,8,bernoulli,-46.50791628495783,93.01583256991566,,bfgs,10,True,1.0171352649024357e-10,False,0.9168267144344453,bernoulli,bernoulli,5,completed
rep10,start_B,8,poisson,-74.8543268980739,149.7086537961478,,bfgs,14,False,2.8788465533668985e-08,False,0.07335329006425981,bernoulli,bernoulli,5,completed
rep11,start_B,3,bernoulli,-49.50992571315772,99.01985142631544,,bfgs,4,True,5.027089855502709e-14,True,0.5428422130833006,bernoulli,bernoulli,1,completed
rep11,start_B,3,poisson,-73.70200579908547,147.40401159817094,,bfgs,5,True,8.455458555545192e-13,True,0.184705562722868,bernoulli,bernoulli,1,completed
rep11,start_B,4,bernoulli,-51.878594370198996,103.75718874039799,,bfgs,4,True,7.105427357601002e-16,True,0.10730580913723513,bernoulli,bernoulli,1,completed
rep11,start_B,4,poisson,-74.71690696846039,149.43381393692079,,bfgs,4,True,4.3938186422565194e-13,True,0.08690061357323324,bernoulli,bernoulli,1,completed
rep11,start_B,5,bernoulli,-51.95640633311143,103.91281266622286,,bfgs,3,True,1.7258083850890672e-12,True,0.056257037261383286,bernoulli,bernoulli,1,completed
rep11,start_B,5,poisson,-74.79359102510486,149.58718205020972,,bfgs,3,True,3.659295089164516e-13,True,0.07423036590661887,bernoulli,bernoulli,1,completed
rep11,start_B,6,bernoulli,-51.88994847759799,103.77989695519598,,bfgs,3,True,4.277369569649636e-11,True,0.10145266744078568,bernoulli,bernoulli,1,completed
rep11,start_B,6,poisson,-74.95454663262713,149.90909326525426,,bfgs,4,True,5.5067062021407764e-14,True,0.034843599845930474,bernoulli,bernoulli,1,completed
rep11,start_B,7,bernoulli,-51.83182023185284,103.66364046370568,,bfgs,4,True,6.249821549175749e-10,False,0.12868948897822605,bernoulli,bernoulli,1,completed
rep11,start_B,7,poisson,-74.68141294633463,149.36282589266926,,bfgs,4,True,1.07801767512683e-11,True,0.09216985852984325,bernoulli,bernoulli,1,completed
rep11,start_B,8,bernoulli,-49.598355514317554,99.19671102863511,,bfgs,4,True,7.308473826128648e-11,True,0.5320043985518942,bernoulli,bernoulli,1,completed
rep11,start_B,8,poisson,-73.73222419323402,147.46444838646804,,bfgs,5,True,3.6557423754857157e-13,True,0.18258789587347635,bernoulli,bernoulli,1,completed
rep11,start_B,3,bernoulli,-46.578218340377575,93.15643668075515,,bfgs,6,True,2.1431056929088753e-11,True,0.8456727562089317,bernoulli,bernoulli,2,completed
rep11,start_B,3,poisson,-71.99591817189312,143.99183634378625,,bfgs,11,True,4.3707615304811044e-11,True,0.2980205696317184,bernoulli,bernoulli,2,completed
rep11,start_B,4,bernoulli,-49.927768323307,99.855536646614,,bfgs,5,True,1.2832845897037259e-12,True,0.5369703910843774,bernoulli,bernoulli,2,completed
rep11,start_B,4,poisson,-73.32803049464282,146.65606098928563,,bfgs,5,True,5.846896300454318e-11,True,0.23398752785174934,bernoulli,bernoulli,2,completed
rep11,start_B,5,bernoulli,-51.8153687814535,103.630737562907,,bfgs,5,True,6.828293486194071e-12,True,0.1471208897081782,bernoulli,bernoulli,2,completed
rep11,start_B,5,poisson,-74.35605407448855,148.7121081489771,,bfgs,6,True,4.4937958215696126e-11,True,0.1420155172127325,bernoulli,bernoulli,2,completed
rep11,start_B,6,bernoulli,-50.57225933456465,101.1445186691293,,bfgs,6,True,1.693157836157866e-11,True,0.43986406411264595,bernoulli,bernoulli,2,completed
rep11,start_B,6,poisson,-73.78054186122924,147.56108372245848,,bfgs,6,True,9.49240686054509e-16,True,0.20210436844364849,bernoulli,bernoulli,2,completed
rep11,start_B,7,bernoulli,-48.99281662502846,97.98563325005692,,bfgs,4,False,7.233786381011242e-08,False,0.6486770153271346,bernoulli,bernoulli,2,completed
rep11,start_B,7,poisson,-74.48271400607025,148.9654280121405,,bfgs,10,True,1.4056955599528465e-10,False,0.10892519469315404,bernoulli,bernoulli,2,completed
rep11,start_B,8,bernoulli,-48.71050838290547,97.42101676581095,,bfgs,5,True,1.7259937923341796e-11,True,0.627629492301923,bernoulli,bernoulli,2,completed
rep11,start_B,8,poisson,-73.94050074478204,147.88100148956408,,bfgs,11,True,2.6850442758075133e-09,False,0.15250433267517433,bernoulli,bernoulli,2,completed
rep11,start_B,3,bernoulli,-45.739276570056475,91.47855314011295,,bfgs,6,False,9.518293992982763e-08,False,0.9167185082918085,bernoulli,bernoulli,3,completed
rep11,start_B,3,poisson,-71.72094409764202,143.44188819528404,,bfgs,12,True,1.7001333674215857e-11,True,0.30454199555492667,bernoulli,bernoulli,3,completed
rep11,start_B,4,bernoulli,-46.32254827295255,92.6450965459051,,bfgs,6,True,1.5650591933535906e-12,True,0.9199418641526567,bernoulli,bernoulli,3,completed
rep11,start_B,4,poisson,-71.87316666151573,143.74633332303145,,bfgs,10,False,1.511902823381206e-07,False,0.31659171737395225,bernoulli,bernoulli,3,completed
rep11,start_B,5,bernoulli,-50.63129743090353,101.26259486180706,,bfgs,8,True,1.2995571285756569e-10,False,0.42143242732671193,bernoulli,bernoulli,3,completed
rep11,start_B,5,poisson,-74.12084873895796,148.24169747791592,,bfgs,7,True,4.198293379609197e-11,True,0.16222497203052608,bernoulli,bernoulli,3,completed
rep11,start_B,6,bernoulli,-42.286605415828674,84.57321083165735,,bfgs,7,True,2.2824302448043453e-10,False,1.3126705028401862,bernoulli,bernoulli,3,completed
rep11,start_B,6,poisson,-72.56878198799674,145.1375639759935,,bfgs,11,True,6.997835644284578e-12,True,0.2806808547227297,bernoulli,bernoulli,3,completed
rep11,start_B,7,bernoulli,-49.19321533879791,98.38643067759583,,bfgs,7,True,1.6209256159527285e-15,True,0.6239329092763545,bernoulli,bernoulli,3,completed
rep11,start_B,7,poisson,-74.50021926065111,149.00043852130221,,bfgs,13,True,3.7485188286723315e-10,False,0.1117158027135005,bernoulli,bernoulli,3,completed
rep11,start_B,8,bernoulli,-46.58291185815821,93.16582371631642,,bfgs,6,False,1.1634559191620041e-07,False,0.8520824130275737,bernoulli,bernoulli,3,completed
rep11,start_B,8,poisson,-72.88532470506735,145.7706494101347,,bfgs,10,True,6.033484822864921e-12,True,0.22827740444233055,bernoulli,bernoulli,3,completed
rep11,start_B,3,bernoulli,-44.69117675613179,89.38235351226358,,bfgs,7,True,7.722307415747309e-09,False,1.0637438646370379,bernoulli,bernoulli,4,completed
rep11,start_B,3,poisson,-71.46239466227527,142.92478932455055,,bfgs,13,True,8.594289724328519e-11,True,0.31192698643769606,bernoulli,bernoulli,4,completed
rep11,start_B,4,bernoulli,-45.89490251179988,91.78980502359975,,bfgs,9,True,3.9420089414932136e-10,False,0.9762609087137186,bernoulli,bernoulli,4,completed
rep11,start_B,4,poisson,-71.87847729475536,143.7569545895107,,bfgs,12,False,1.7267179419633293e-08,False,0.3078503470285236,bernoulli,bernoulli,4,completed
rep11,start_B,5,bernoulli,-49.65790339821841,99.31580679643682,,bfgs,8,True,5.9160232268595795e-12,True,0.6488185604370708,bernoulli,bernoulli,4,completed
rep11,start_B,5,poisson,-73.8657929767956,147.7315859535912,,bfgs,8,False,1.1437244720746698e-07,False,0.18542994493246118,bernoulli,bernoulli,4,completed
rep11,start_B,6,bernoulli,-43.387416631918214,86.77483326383643,,bfgs,9,False,2.1381249348806364e-07,False,1.1473824831485488,bernoulli,bernoulli,4,completed
rep11,start_B,6,poisson,-72.60773695419978,145.21547390839956,,bfgs,12,True,3.6078566523212174e-10,False,0.2560691444170452,bernoulli,bernoulli,4,completed
rep11,start_B,7,bernoulli,-46.486716087834836,92.97343217566967,,bfgs,8,True,2.2823399170590618e-09,False,1.1266342301526713,bernoulli,bernoulli,4,completed
rep11,start_B,7,poisson,-74.05603938060463,148.11207876120926,,bfgs,14,True,1.2195493503952547e-10,False,0.2012330702664915,bernoulli,bernoulli,4,completed
rep11,start_B,8,bernoulli,-44.283816850747144,88.56763370149429,,bfgs,8,True,1.7905974480925125e-10,False,1.1738675482125227,bernoulli,bernoulli,4,completed
rep11,start_B,8,poisson,-72.50002260234274,145.00004520468548,,bfgs,11,True,9.735582828795942e-09,False,0.27132327628215064,bernoulli,bernoulli,4,completed
rep11,start_B,3,bernoulli,-41.97098645864379,83.94197291728759,,bfgs,11,True,9.068574780002336e-11,True,1.3978842024304092,bernoulli,bernoulli,5,completed
rep11,start_B,3,poisson,-70.64916254855346,141.29832509710693,,bfgs,13,True,5.31128536707115e-09,False,0.3647714159414824,bernoulli,bernoulli,5,completed
rep11,start_B,4,bernoulli,-43.81643751065394,87.63287502130788,,bfgs,8,True,1.705433794185751e-10,False,1.1834708040125985,bernoulli,bernoulli,5,completed
rep11,start_B,4,poisson,-71.03998906634959,142.07997813269918,,bfgs,12,False,2.2103668007034116e-08,False,0.3514493768230481,bernoulli,bernoulli,5,completed
rep11,start_B,5,bernoulli,-50.49293834496008,100.98587668992016,,bfgs,10,True,5.470646158300951e-12,True,0.4546262234787915,bernoulli,bernoulli,5,completed
rep11,start_B,5,poisson,-74.05299181530563,148.10598363061126,,bfgs,11,True,1.0708481323895569e-10,False,0.16034961976131373,bernoulli,bernoulli,5,completed
rep11,start_B,6,bernoulli,-43.13682848970655,86.2736569794131,,bfgs,8,True,1.9159547282043833e-10,False,1.078214113904162,bernoulli,bernoulli,5,completed
rep11,start_B,6,poisson,-72.56706322727139,145.13412645454278,,bfgs,15,True,8.172063026279374e-12,True,0.2461166104114336,bernoulli,bernoulli,5,completed
rep11,start_B,7,bernoulli,-40.73468214220354,81.46936428440708,,bfgs,10,True,3.062663456177006e-11,True,1.9406880435821254,bernoulli,bernoulli,5,completed
rep11,start_B,7,poisson,-72.89636027669034,145.7927205533807,,bfgs,20,True,2.1635006230980024e-09,False,0.3232558562594022,bernoulli,bernoulli,5,completed
rep11,start_B,8,bernoulli,-41.83628182107258,83.67256364214516,,bfgs,10,True,2.7183755246795727e-12,True,1.5075833523639506,bernoulli,bernoulli,5,completed
rep11,start_B,8,poisson,-71.69267513563861,143.38535027127722,,bfgs,20,True,3.7496001858983164e-10,False,0.34455191261616935,bernoulli,bernoulli,5,completed
rep12,start_B,3,bernoulli,-51.755438727601586,103.51087745520317,,bfgs,4,True,3.552713678800501e-16,True,0.1575529071990769,bernoulli,bernoulli,1,completed
rep12,start_B,3,poisson,-74.99035484166765,149.9807096833353,,bfgs,5,True,4.8627768478581856e-14,True,0.016082513369387836,bernoulli,bernoulli,1,completed
rep12,start_B,4,bernoulli,-50.93439589232969,101.86879178465938,,bfgs,4,True,1.142197447734361e-13,True,0.3420064396009015,bernoulli,bernoulli,1,completed
rep12,start_B,4,poisson,-74.26746594488722,148.53493188977444,,bfgs,4,False,1.2918353728963438e-07,False,0.14239736557711707,bernoulli,bernoulli,1,completed
rep12,start_B,5,bernoulli,-49.52802287063163,99.05604574126326,,bfgs,2,True,1.1960654688891736e-11,True,0.5379403509599489,bernoulli,bernoulli,1,completed
rep12,start_B,5,poisson,-73.73813238976736,147.47626477953472,,bfgs,4,True,2.3494983736327414e-12,True,0.1874624226190719,bernoulli,bernoulli,1,completed
rep12,start_B,6,bernoulli,-51.91477928314,103.82955856628,,bfgs,4,True,4.440892098500626e-16,True,0.08730660496576548,bernoulli,bernoulli,1,completed
rep12,start_B,6,poisson,-74.9579784156949,149.9159568313898,,bfgs,5,True,7.105427357601002e-16,True,0.03366483259449127,bernoulli,bernoulli,1,completed
rep12,start_B,7,bernoulli,-51.12420767398014,102.24841534796028,,bfgs,4,True,8.881784197001252e-16,True,0.30843434058348723,bernoulli,bernoulli,1,completed
rep12,start_B,7,poisson,-74.98474673328988,149.96949346657976,,bfgs,5,True,1.8697932091527035e-12,True,0.020092831634921784,bernoulli,bernoulli,1,completed
rep12,start_B,8,bernoulli,-47.006712916157724,94.01342583231545,,bfgs,4,True,5.312319473205207e-11,True,0.8068457443080607,bernoulli,bernoulli,1,completed
rep12,start_B,8,poisson,-72.93026693056751,145.86053386113502,,bfgs,6,True,5.342060482860234e-09,False,0.24052263994659834,bernoulli,bernoulli,1,completed
rep12,start_B,3,bernoulli,-51.50948681426071,103.01897362852142,,bfgs,6,True,2.069455717901292e-14,True,0.2333580951094956,bernoulli,bernoulli,2,completed
rep12,start_B,3,poisson,-74.91939162850336,149.83878325700672,,bfgs,5,False,5.409766643538205e-07,False,0.046930354878744,bernoulli,bernoulli,2,completed
rep12,start_B,4,bernoulli,-49.166373298286295,98.33274659657259,,bfgs,5,True,2.6428685351298498e-09,False,0.6020872039075207,bernoulli,bernoulli,2,completed
rep12,start_B,4,poisson,-72.8720195310281,145.7440390620562,,bfgs,8,True,2.228136231074984e-10,False,0.2476827514072082,bernoulli,bernoulli,2,completed
rep12,start_B,5,bernoulli,-47.91100335231715,95.8220067046343,,bfgs,6,True,1.1389609533285494e-10,False,0.7271651731632034,bernoulli,bernoulli,2,completed
rep12,start_B,5,poisson,-72.33206087827887,144.66412175655773,,bfgs,6,True,1.337062727202465e-09,False,0.27678939997899293,bernoulli,bernoulli,2,completed
rep12,start_B,6,bernoulli,-51.91123221276439,103.82246442552878,,bfgs,5,True,7.925834988320446e-11,True,0.08691994809164053,bernoulli,bernoulli,2,completed
rep12,start_B,6,poisson,-74.74522474568866,149.49044949137732,,bfgs,7,True,1.7633361437674466e-10,False,0.08536574181417954,bernoulli,bernoulli,2,completed
rep12,start_B,7,bernoulli,-47.899353480548186,95.79870696109637,,bfgs,6,True,6.411138286921414e-12,True,0.7576057725293716,bernoulli,bernoulli,2,completed
rep12,start_B,7,poisson,-74.76878046821854,149.53756093643707,,bfgs,8,True,1.9399948314458017e-11,True,0.08230017313913143,bernoulli,bernoulli,2,completed
rep12,start_B,8,bernoulli,-46.566284549804344,93.13256909960869,,bfgs,5,True,2.131971132968147e-09,False,0.8340573283799435,bernoulli,bernoulli,2,completed
rep12,start_B,8,poisson,-71.93932781996132,143.87865563992264,,bfgs,10,True,1.4149237337335308e-09,False,0.29462943105521044,bernoulli,bernoulli,2,completed
rep12,start_B,3,bernoulli,-51.14184137955616,102.28368275911232,,bfgs,7,True,1.1858678483633867e-10,False,0.3013857834108359,bernoulli,bernoulli,3,completed
rep12,start_B,3,poisson,-74.5457130007297,149.0914260014594,,bfgs,8,True,3.970965778421487e-11,True,0.1268136290725886,bernoulli,bernoulli,3,completed
rep12,start_B,4,bernoulli,-46.43478019883114,92.86956039766228,,bfgs,7,True,2.676068255880182e-10,False,0.8548549972382744,bernoulli,bernoulli,3,completed
rep12,start_B,4,poisson,-72.64450137849158,145.28900275698317,,bfgs,10,True,4.118324703483723e-09,False,0.24329456550945577,bernoulli,bernoulli,3,completed
rep12,start_B,5,bernoulli,-47.670035029110906,95.34007005822181,,bfgs,7,True,1.6719070572435158e-12,True,0.7014569722151824,bernoulli,bernoulli,3,completed
rep12,start_B,5,poisson,-72.33414867696868,144.66829735393736,,bfgs,12,True,2.103424101562723e-11,True,0.2661155973292359,bernoulli,bernoulli,3,completed
rep12,start_B,6,bernoulli,-47.30121182971082,94.60242365942165,,bfgs,8,True,1.101099211808787e-11,True,0.8748267347431408,bernoulli,bernoulli,3,completed
rep12,start_B,6,poisson,-74.29972814853075,148.5994562970615,,bfgs,8,True,7.266851831388976e-09,False,0.14286572421144375,bernoulli,bernoulli,3,completed
rep12,start_B,7,bernoulli,-47.79996255596296,95.59992511192593,,bfgs,6,True,6.3649086001760224e-12,True,0.7165465277910857,bernoulli,bernoulli,3,completed
rep12,start_B,7,poisson,-74.58370922003732,149.16741844007464,,bfgs,12,True,2.0667139111196774e-10,False,0.10902079418801977,bernoulli,bernoulli,3,completed
rep12,start_B,8,bernoulli,-45.331617854271215,90.66323570854243,,bfgs,7,True,8.145661922753789e-12,True,0.9502855257960228,bernoulli,bernoulli,3,completed
rep12,start_B,8,poisson,-71.0314701156506,142.0629402313012,,bfgs,11,True,1.5147999105069586e-10,False,0.3503344904118735,bernoulli,bernoulli,3,completed
rep12,start_B,3,bernoulli,-51.1402430754943,102.2804861509886,,bfgs,9,True,1.1315393066979596e-13,True,0.2973198720715078,bernoulli,bernoulli,4,completed
rep12,start_B,3,poisson,-74.14601588828766,148.29203177657533,,bfgs,9,True,2.383387709414819e-10,False,0.17325988579419394,bernoulli,bernoulli,4,completed
rep12,start_B,4,bernoulli,-46.48221964142017,92.96443928284035,,bfgs,8,True,9.534617539941337e-11,True,0.8415273228452785,bernoulli,bernoulli,4,completed
rep12,start_B,4,poisson,-72.23869442853751,144.47738885707503,,bfgs,13,True,5.091284727143374e-10,False,0.28293293941114256,bernoulli,bernoulli,4,completed
rep12,start_B,5,bernoulli,-47.681022407525504,95.36204481505101,,bfgs,8,True,6.291855925155687e-13,True,0.6563471743491,bernoulli,bernoulli,4,completed
rep12,start_B,5,poisson,-72.0966279404258,144.1932558808516,,bfgs,12,True,1.9346302337908126e-12,True,0.2684695132480446,bernoulli,bernoulli,4,completed
rep12,start_B,6,bernoulli,-45.68920786509269,91.37841573018538,,bfgs,8,True,3.2958484386114152e-09,False,1.0346561835234298,bernoulli,bernoulli,4,completed
rep12,start_B,6,poisson,-73.62075264789624,147.24150529579248,,bfgs,13,True,1.254703008157776e-11,True,0.23191403407070596,bernoulli,bernoulli,4,completed
rep12,start_B,7,bernoulli,-44.48878717684458,88.97757435368916,,bfgs,9,True,1.3420464739510863e-11,True,1.2637742120103406,bernoulli,bernoulli,4,completed
rep12,start_B,7,poisson,-74.32821629456346,148.65643258912692,,bfgs,12,True,1.9624699199027875e-09,False,0.15932822925201803,bernoulli,bernoulli,4,completed
rep12,start_B,8,bernoulli,-43.062075902172445,86.12415180434489,,bfgs,8,True,1.195940324549838e-09,False,1.228472006894609,bernoulli,bernoulli,4,completed
rep12,start_B,8,poisson,-69.84823751646668,139.69647503293336,,bfgs,13,True,1.480370270812159e-11,True,0.40168474851091773,bernoulli,bernoulli,4,completed
rep12,start_B,3,bernoulli,-51.07159402393152,102.14318804786303,,bfgs,9,True,2.694467426955782e-10,False,0.34546308725265407,bernoulli,bernoulli,5,completed
rep12,start_B,3,poisson,-73.8361083880225,147.672216776045,,bfgs,9,False,1.1516995712668177e-08,False,0.20982905932524729,bernoulli,bernoulli,5,completed
rep12,start_B,4,bernoulli,-44.82453176324083,89.64906352648165,,bfgs,10,True,5.53024293026283e-12,True,1.0388921471443642,bernoulli,bernoulli,5,completed
rep12,start_B,4,poisson,-70.89600136955329,141.79200273910658,,bfgs,15,False,2.9075640384235158e-08,False,0.38594882369646344,bernoulli,bernoulli,5,completed
rep12,start_B,5,bernoulli,-46.33199749660391,92.66399499320782,,bfgs,10,True,3.864755804272591e-09,False,0.8207184084616322,bernoulli,bernoulli,5,completed
rep12,start_B,5,poisson,-71.26437998612323,142.52875997224646,,bfgs,10,True,1.0228939473222453e-09,False,0.32281847331500485,bernoulli,bernoulli,5,completed
rep12,start_B,6,bernoulli,-45.35571793623008,90.71143587246016,,bfgs,10,True,3.609335053056384e-11,True,1.0921041065875814,bernoulli,bernoulli,5,completed
rep12,start_B,6,poisson,-72.80659996666492,145.61319993332984,,bfgs,12,True,9.754408036855011e-09,False,0.30677759789089293,bernoulli,bernoulli,5,completed
rep12,start_B,7,bernoulli,-45.10210775663186,90.20421551326372,,bfgs,10,True,7.930227141628165e-10,False,1.0405287969955432,bernoulli,bernoulli,5,completed
rep12,start_B,7,poisson,-74.31032681246293,148.62065362492586,,bfgs,14,True,9.80413261686408e-09,False,0.14676666349149003,bernoulli,bernoulli,5,completed
rep12,start_B,8,bernoulli,-43.99215210948852,87.98430421897704,,bfgs,9,True,1.752618850048293e-09,False,1.0555430964250725,bernoulli,bernoulli,5,completed
rep12,start_B,8,poisson,-69.48385705551843,138.96771411103686,,bfgs,13,False,1.2584454456288085e-08,False,0.42753734909938257,bernoulli,bernoulli,5,completed
rep13,start_B,3,bernoulli,-49.31913149011772,98.63826298023544,,bfgs,3,True,2.4424906541753444e-14,True,0.5647962221270303,bernoulli,bernoulli,1,completed
rep13,start_B,3,poisson,-73.35220224559563,146.70440449119127,,bfgs,4,True,4.247935336820774e-12,True,0.21692100260792496,bernoulli,bernoulli,1,completed
rep13,start_B,4,bernoulli,-50.88395927878842,101.76791855757683,,bfgs,4,True,1.3855583347321953e-14,True,0.3509465140019417,bernoulli,bernoulli,1,completed
rep13,start_B,4,poisson,-74.01181734947167,148.02363469894334,,bfgs,3,False,3.194003802720058e-07,False,0.16715446235084125,bernoulli,bernoulli,1,completed
rep13,start_B,5,bernoulli,-50.28462962871992,100.56925925743984,,bfgs,3,False,2.440083754162714e-07,False,0.4417076276464894,bernoulli,bernoulli,1,completed
rep13,start_B,5,poisson,-73.7422545031771,147.4845090063542,,bfgs,4,True,5.351274978693255e-13,True,0.18903151348082461,bernoulli,bernoulli,1,completed
rep13,start_B,6,bernoulli,-51.985952551568644,103.97190510313729,,bfgs,3,True,5.214162435152048e-13,True,0.0030285879946370816,bernoulli,bernoulli,1,completed
rep13,start_B,6,poisson,-74.7917133439182,149.5834266878364,,bfgs,5,True,1.5765166949677222e-15,True,0.07570307849585155,bernoulli,bernoulli,1,completed
rep13,start_B,7,bernoulli,-49.69749598697915,99.3949919739583,,bfgs,3,True,7.1372241450262665e-12,True,0.5188686618353576,bernoulli,bernoulli,1,completed
rep13,start_B,7,poisson,-73.50016932321391,147.00033864642782,,bfgs,4,True,2.6900592864365082e-12,True,0.20677295676413318,bernoulli,bernoulli,1,completed
rep13,start_B,8,bernoulli,-51.61760800771829,103.23521601543658,,bfgs,4,True,2.0176038617591985e-11,True,0.19977968725139839,bernoulli,bernoulli,1,completed
rep13,start_B,8,poisson,-74.97595324088465,149.9519064817693,,bfgs,5,True,3.3444358393808216e-12,True,0.02546769602233504,bernoulli,bernoulli,1,completed
rep13,start_B,3,bernoulli,-40.54668657759366,81.09337315518732,,bfgs,6,True,2.2885027206598352e-11,True,1.4744601385956533,bernoulli,bernoulli,2,completed
rep13,start_B,3,poisson,-71.55958251555117,143.11916503110234,,bfgs,9,True,4.274585130303876e-10,False,0.317308455963805,bernoulli,bernoulli,2,completed
rep13,start_B,4,bernoulli,-42.00941086548942,84.01882173097884,,bfgs,6,True,4.697309208268052e-12,True,1.360743177684015,bernoulli,bernoulli,2,completed
rep13,start_B,4,poisson,-72.06685136971446,144.1337027394289,,bfgs,8,True,4.169898648598291e-10,False,0.29828221705580676,bernoulli,bernoulli,2,completed
rep13,start_B,5,bernoulli,-49.952184896649136,99.90436979329827,,bfgs,4,True,3.135269821541442e-13,True,0.4572199843395088,bernoulli,bernoulli,2,completed
rep13,start_B,5,poisson,-73.69744418379344,147.39488836758687,,bfgs,6,True,8.149925179168349e-13,True,0.18012908633789598,bernoulli,bernoulli,2,completed
rep13,start_B,6,bernoulli,-47.43180398166787,94.86360796333574,,bfgs,6,True,1.483782874345252e-10,False,0.8264920318529788,bernoulli,bernoulli,2,completed
rep13,start_B,6,poisson,-73.8742898095024,147.7485796190048,,bfgs,9,True,5.346317832888303e-12,True,0.17824953808530486,bernoulli,bernoulli,2,completed
rep13,start_B,7,bernoulli,-50.01979921345706,100.03959842691413,,bfgs,5,True,2.616573624436569e-13,True,0.4478658196893206,bernoulli,bernoulli,2,completed
rep13,start_B,7,poisson,-73.73612981406424,147.47225962812848,,bfgs,5,True,3.985416441310008e-11,True,0.17706033931582008,bernoulli,bernoulli,2,completed
rep13,start_B,8,bernoulli,-50.30406330142262,100.60812660284525,,bfgs,5,True,5.481701315090958e-10,False,0.44642717448907776,bernoulli,bernoulli,2,completed
rep13,start_B,8,poisson,-74.70878219166754,149.41756438333508,,bfgs,7,True,1.0520573301420199e-11,True,0.09644769932732467,bernoulli,bernoulli,2,completed
rep13,start_B,3,bernoulli,-39.59568793008593,79.19137586017186,,bfgs,6,True,1.4473733322972749e-11,True,1.4561356685304598,bernoulli,bernoulli,3,completed
rep13,start_B,3,poisson,-71.25832283726575,142.5166456745315,,bfgs,10,True,4.024484834275199e-09,False,0.3130224260863524,bernoulli,bernoulli,3,completed
rep13,start_B,4,bernoulli,-41.76686050945084,83.53372101890167,,bfgs,7,True,8.670267059862624e-10,False,1.3034802645156216,bernoulli,bernoulli,3,completed
rep13,start_B,4,poisson,-71.91080859431472,143.82161718862943,,bfgs,10,True,5.928121327158919e-11,True,0.2911076810810406,bernoulli,bernoulli,3,completed
rep13,start_B,5,bernoulli,-47.51169556205155,95.0233911241031,,bfgs,6,True,4.42195613459262e-11,True,0.7791022219175182,bernoulli,bernoulli,3,completed
rep13,start_B,5,poisson,-72.17985118029313,144.35970236058625,,bfgs,11,True,1.3297807299750275e-12,True,0.292600679567868,bernoulli,bernoulli,3,completed
rep13,start_B,6,bernoulli,-45.256212989999455,90.51242597999891,,bfgs,7,True,2.1407604577916573e-10,False,1.016813580435677,bernoulli,bernoulli,3,completed
rep13,start_B,6,poisson,-72.71667580921283,145.43335161842566,,bfgs,11,True,3.5318870494904784e-09,False,0.26857112306364556,bernoulli,bernoulli,3,completed
rep13,start_B,7,bernoulli,-48.822957318056396,97.64591463611279,,bfgs,6,True,2.231639317784584e-11,True,0.602911972878091,bernoulli,bernoulli,3,completed
rep13,start_B,7,poisson,-73.67839365353157,147.35678730706314,,bfgs,8,False,2.9093219211517863e-08,False,0.16992945604614207,bernoulli,bernoulli,3,completed
rep13,start_B,8,bernoulli,-49.90631054942547,99.81262109885094,,bfgs,6,True,3.4787777547506947e-09,False,0.49174951249861176,bernoulli,bernoulli,3,completed
rep13,start_B,8,poisson,-74.050757210419,148.101514420838,,bfgs,8,True,5.735592834010817e-11,True,0.17712028475374583,bernoulli,bernoulli,3,completed
rep13,start_B,3,bernoulli,-39.94247882786978,79.88495765573956,,bfgs,9,True,1.2703349483444982e-11,True,1.352874350520409,bernoulli,bernoulli,4,completed
rep13,start_B,3,poisson,-71.672042894419,143.344085788838,,bfgs,12,False,1.4781070056812951e-08,False,0.27077935793734564,bernoulli,bernoulli,4,completed
rep13,start_B,4,bernoulli,-41.200091381915,82.40018276383,,bfgs,9,True,1.2752465750054398e-11,True,1.3417015211627465,bernoulli,bernoulli,4,completed
rep13,start_B,4,poisson,-72.07569012705817,144.15138025411633,,bfgs,13,True,7.495564824377966e-09,False,0.26429525294399936,bernoulli,bernoulli,4,completed
rep13,start_B,5,bernoulli,-43.984610352239116,87.96922070447823,,bfgs,8,True,4.593427860299926e-11,True,1.3093695305526427,bernoulli,bernoulli,4,completed
rep13,start_B,5,poisson,-71.36872385938325,142.7374477187665,,bfgs,13,True,9.091287722640118e-11,True,0.34193231443111144,bernoulli,bernoulli,4,completed
rep13,start_B,6,bernoulli,-46.56667243688485,93.1333448737697,,bfgs,9,True,2.3442581209565106e-12,True,0.8238138760045471,bernoulli,bernoulli,4,completed
rep13,start_B,6,poisson,-72.68535673758029,145.37071347516058,,bfgs,13,True,2.4618640126483625e-09,False,0.24465612911561194,bernoulli,bernoulli,4,completed
rep13,start_B,7,bernoulli,-49.56471510585389,99.12943021170778,,bfgs,7,False,1.8901419867045633e-07,False,0.478859892216676,bernoulli,bernoulli,4,completed
rep13,start_B,7,poisson,-73.7113916521575,147.422783304315,,bfgs,11,True,2.409992205798517e-10,False,0.15683150249637087,bernoulli,bernoulli,4,completed
rep13,start_B,8,bernoulli,-48.613431555094245,97.22686311018849,,bfgs,8,True,8.728407685509865e-09,False,0.7479453205349886,bernoulli,bernoulli,4,completed
rep13,start_B,8,poisson,-73.93046774418906,147.86093548837812,,bfgs,12,True,5.028131890363885e-09,False,0.18230778248793242,bernoulli,bernoulli,4,completed
rep13,start_B,3,bernoulli,-39.80959185662637,79.61918371325274,,bfgs,9,True,2.2257555798432803e-10,False,1.278536220657147,bernoulli,bernoulli,5,completed
rep13,start_B,3,poisson,-70.96731508406765,141.9346301681353,,bfgs,16,True,7.684151093201308e-11,True,0.32327460817310727,bernoulli,bernoulli,5,completed
rep13,start_B,4,bernoulli,-38.61025250999746,77.22050501999492,,bfgs,9,True,3.1642973574719236e-09,False,1.51178922722594,bernoulli,bernoulli,5,completed
rep13,start_B,4,poisson,-70.68166336900883,141.36332673801766,,bfgs,13,True,1.0700745178837679e-09,False,0.3695069674624661,bernoulli,bernoulli,5,completed
rep13,start_B,5,bernoulli,-43.69172117981692,87.38344235963385,,bfgs,9,True,3.102780254948811e-11,True,1.3356587740714356,bernoulli,bernoulli,5,completed
rep13,start_B,5,poisson,-69.95514610663572,139.91029221327145,,bfgs,13,True,1.6718715301067277e-10,False,0.451367417126679,bernoulli,bernoulli,5,completed
rep13,start_B,6,bernoulli,-44.23020069283889,88.46040138567778,,bfgs,10,True,4.600853031888619e-12,True,1.1404813145108834,bernoulli,bernoulli,5,completed
rep13,start_B,6,poisson,-72.46578995770658,144.93157991541315,,bfgs,13,True,3.88905743164969e-09,False,0.2557947607429156,bernoulli,bernoulli,5,completed
rep13,start_B,7,bernoulli,-47.66617875992897,95.33235751985794,,bfgs,10,True,6.946794250950461e-11,True,0.8299628001580379,bernoulli,bernoulli,5,completed
rep13,start_B,7,poisson,-73.31346157132222,146.62692314264444,,bfgs,14,False,4.3308146324694265e-08,False,0.19635912298162075,bernoulli,bernoulli,5,completed
rep13,start_B,8,bernoulli,-47.59296322248181,95.18592644496363,,bfgs,10,True,1.5425172250616016e-11,True,0.9077586162799897,bernoulli,bernoulli,5,completed
rep13,start_B,8,poisson,-72.56078308646244,145.12156617292487,,bfgs,13,False,2.2416004630265718e-07,False,0.3366736403435691,bernoulli,bernoulli,5,completed
rep14,start_B,3,bernoulli,-45.85589796011889,91.71179592023778,,bfgs,5,True,2.390244446814904e-10,False,0.9210765154437613,bernoulli,bernoulli,1,completed
rep14,start_B,3,poisson,-72.59101186104617,145.18202372209234,,bfgs,6,True,5.329070518200751e-16,True,0.25722083335120105,bernoulli,bernoulli,1,completed
rep14,start_B,4,bernoulli,-51.671657534500284,103.34331506900057,,bfgs,4,True,1.6475709685437324e-14,True,0.18429257165872714,bernoulli,bernoulli,1,completed
rep14,start_B,4,poisson,-74.60164884078884,149.20329768157768,,bfgs,4,True,3.092637257395836e-13,True,0.10427999021173702,bernoulli,bernoulli,1,completed
rep14,start_B,5,bernoulli,-46.067791407254674,92.13558281450935,,bfgs,4,True,7.078782005009998e-14,True,0.9007305015976602,bernoulli,bernoulli,1,completed
rep14,start_B,5,poisson,-72.65047991421872,145.30095982843744,,bfgs,6,True,6.394884621840902e-14,True,0.25405316445216003,bernoulli,bernoulli,1,completed
rep14,start_B,6,bernoulli,-50.73327098712827,101.46654197425654,,bfgs,4,True,3.4638958368304883e-15,True,0.37501004360482726,bernoulli,bernoulli,1,completed
rep14,start_B,6,poisson,-74.17195271756059,148.34390543512117,,bfgs,4,True,3.1956659540810507e-13,True,0.15075352257095273,bernoulli,bernoulli,1,completed
rep14,start_B,7,bernoulli,-50.674253732384365,101.34850746476873,,bfgs,4,True,4.174438572590589e-15,True,0.3842081646613197,bernoulli,bernoulli,1,completed
rep14,start_B,7,poisson,-74.14834817744295,148.2966963548859,,bfgs,4,True,2.2950530365051234e-13,True,0.1529004546997788,bernoulli,bernoulli,1,completed
rep14,start_B,8,bernoulli,-50.841656960555625,101.68331392111125,,bfgs,3,True,1.980917829769169e-09,False,0.3576228752272678,bernoulli,bernoulli,1,completed
rep14,start_B,8,poisson,-74.21595483707515,148.4319096741503,,bfgs,4,True,3.412381488487881e-13,True,0.14666769247588538,bernoulli,bernoulli,1,completed
rep14,start_B,3,bernoulli,-41.914979651859525,83.82995930371905,,bfgs,5,True,2.5886959242882313e-11,True,1.2160489655994087,bernoulli,bernoulli,2,completed
rep14,start_B,3,poisson,-71.03285099496195,142.0657019899239,,bfgs,8,True,2.11628758961524e-10,False,0.3124342311697657,bernoulli,bernoulli,2,completed
rep14,start_B,4,bernoulli,-51.7573543538006,103.5147087076012,,bfgs,5,True,2.965627743378718e-12,True,0.15768608956315136,bernoulli,bernoulli,2,completed
rep14,start_B,4,poisson,-74.58239985743833,149.16479971487666,,bfgs,6,True,5.309480854975846e-10,False,0.10261051375862111,bernoulli,bernoulli,2,completed
rep14,start_B,5,bernoulli,-46.8325808179214,93.6651616358428,,bfgs,6,True,9.989342686367308e-12,True,0.7917351660074081,bernoulli,bernoulli,2,completed
rep14,start_B,5,poisson,-72.5609154441031,145.1218308882062,,bfgs,10,True,6.426859044950106e-13,True,0.2462586316193987,bernoulli,bernoulli,2,completed
rep14,start_B,6,bernoulli,-50.988929850736135,101.97785970147227,,bfgs,4,False,3.929372396349606e-08,False,0.32141510454571126,bernoulli,bernoulli,2,completed
rep14,start_B,6,poisson,-74.01163095426907,148.02326190853813,,bfgs,6,True,4.085620730620576e-15,True,0.15822293912704508,bernoulli,bernoulli,2,completed
rep14,start_B,7,bernoulli,-48.863302663878315,97.72660532775663,,bfgs,5,True,5.860449903138943e-11,True,0.6051403244707435,bernoulli,bernoulli,2,completed
rep14,start_B,7,poisson,-73.08868134397554,146.17736268795107,,bfgs,6,True,5.4584958775194534e-11,True,0.2230792773953108,bernoulli,bernoulli,2,completed
rep14,start_B,8,bernoulli,-51.048629960658054,102.09725992131611,,bfgs,6,True,2.0659030042224912e-13,True,0.322735282150732,bernoulli,bernoulli,2,completed
rep14,start_B,8,poisson,-74.2908364037738,148.5816728075476,,bfgs,5,False,2.3492319733975366e-08,False,0.13427699042435265,bernoulli,bernoulli,2,completed
rep14,start_B,3,bernoulli,-41.128935425535865,82.25787085107173,,bfgs,7,True,3.56414942004335e-10,False,1.2351642857244378,bernoulli,bernoulli,3,completed
rep14,start_B,3,poisson,-70.74704468194962,141.49408936389923,,bfgs,10,True,1.9527377048689233e-09,False,0.31089881414494114,bernoulli,bernoulli,3,completed
rep14,start_B,4,bernoulli,-47.23456737275593,94.46913474551187,,bfgs,7,True,1.7797536777663937e-10,False,0.8870668922509118,bernoulli,bernoulli,3,completed
rep14,start_B,4,poisson,-73.53305587355554,147.06611174711108,,bfgs,11,True,2.994626591146243e-09,False,0.21283405140338874,bernoulli,bernoulli,3,completed
rep14,start_B,5,bernoulli,-45.75286379019059,91.50572758038118,,bfgs,6,True,2.5484441223966313e-10,False,0.8395446125963588,bernoulli,bernoulli,3,completed
rep14,start_B,5,poisson,-72.14208414822414,144.28416829644829,,bfgs,11,False,1.498550616929606e-08,False,0.25116207361042653,bernoulli,bernoulli,3,completed
rep14,start_B,6,bernoulli,-41.84113101337836,83.68226202675672,,bfgs,7,True,4.8197001945027296e-12,True,1.4502660718335896,bernoulli,bernoulli,3,completed
rep14,start_B,6,poisson,-72.2209150374346,144.4418300748692,,bfgs,10,True,1.3607749815847115e-09,False,0.29111599098152346,bernoulli,bernoulli,3,completed
rep14,start_B,7,bernoulli,-48.5729270719311,97.1458541438622,,bfgs,7,True,9.14894826564705e-12,True,0.6010807433328962,bernoulli,bernoulli,3,completed
rep14,start_B,7,poisson,-72.92491270160785,145.8498254032157,,bfgs,8,False,3.861837996055328e-08,False,0.22197156115745076,bernoulli,bernoulli,3,completed
rep14,start_B,8,bernoulli,-51.00568863296085,102.0113772659217,,bfgs,7,True,6.219025294740277e-13,True,0.3155884708997222,bernoulli,bernoulli,3,completed
rep14,start_B,8,poisson,-74.32799352331327,148.65598704662654,,bfgs,9,True,4.9846526906094366e-11,True,0.12330881140272688,bernoulli,bernoulli,3,completed
rep14,start_B,3,bernoulli,-38.50130926941445,77.0026185388289,,bfgs,8,True,4.807310105547913e-12,True,1.5992447364496944,bernoulli,bernoulli,4,completed
rep14,start_B,3,poisson,-69.97758956949427,139.95517913898854,,bfgs,12,False,4.013331618146765e-08,False,0.3626360037095446,bernoulli,bernoulli,4,completed
rep14,start_B,4,bernoulli,-46.6961574515492,93.3923149030984,,bfgs,8,True,5.162537064506978e-12,True,0.8614704756934441,bernoulli,bernoulli,4,completed
rep14,start_B,4,poisson,-73.53132549197394,147.0626509839479,,bfgs,12,False,1.2978845020938934e-08,False,0.1972760910837246,bernoulli,bernoulli,4,completed
rep14,start_B,5,bernoulli,-43.8532416624068,87.7064833248136,,bfgs,8,True,1.9108387760979896e-09,False,1.1662335837451292,bernoulli,bernoulli,4,completed
rep14,start_B,5,poisson,-72.07810088632498,144.15620177264995,,bfgs,14,True,2.6728486091087687e-11,True,0.26433862584790513,bernoulli,bernoulli,4,completed
rep14,start_B,6,bernoulli,-43.4110553084322,86.8221106168644,,bfgs,8,True,7.11819936327629e-11,True,1.182014824264035,bernoulli,bernoulli,4,completed
rep14,start_B,6,poisson,-72.64171008502771,145.28342017005542,,bfgs,11,True,4.054408364595474e-10,False,0.24557436332551394,bernoulli,bernoulli,4,completed
rep14,start_B,7,bernoulli,-48.57610779471374,97.15221558942748,,bfgs,9,True,6.387779194483301e-13,True,0.5602817526632433,bernoulli,bernoulli,4,completed
rep14,start_B,7,poisson,-72.7900774241509,145.5801548483018,,bfgs,9,True,2.001024768105708e-09,False,0.22015123219184604,bernoulli,bernoulli,4,completed
rep14,start_B,8,bernoulli,-50.73357599346048,101.46715198692095,,bfgs,8,True,6.622258297284134e-13,True,0.34205508602895923,bernoulli,bernoulli,4,completed
rep14,start_B,8,poisson,-74.22750127170195,148.4550025434039,,bfgs,9,True,1.8605494922496745e-11,True,0.13276852142851747,bernoulli,bernoulli,4,completed
rep14,start_B,3,bernoulli,-40.7039638881625,81.407927776325,,bfgs,9,True,7.610325702955833e-11,True,1.1890843775963906,bernoulli,bernoulli,5,completed
rep14,start_B,3,poisson,-69.83132310646776,139.66264621293553,,bfgs,12,False,1.2545354088899785e-08,False,0.38077678462066084,bernoulli,bernoulli,5,completed
rep14,start_B,4,bernoulli,-45.0890895393689,90.1781790787378,,bfgs,9,True,3.5562131017741196e-11,True,1.0085735225618198,bernoulli,bernoulli,5,completed
rep14,start_B,4,poisson,-72.8344088597693,145.6688177195386,,bfgs,13,True,9.96923716911624e-09,False,0.2521339151783225,bernoulli,bernoulli,5,completed
rep14,start_B,5,bernoulli,-41.423419676100956,82.84683935220191,,bfgs,10,True,8.043688382031178e-10,False,1.4881472425926643,bernoulli,bernoulli,5,completed
rep14,start_B,5,poisson,-72.28775385605887,144.57550771211774,,bfgs,15,True,2.2347421690938063e-10,False,0.21944496982144823,bernoulli,bernoulli,5,completed
rep14,start_B,6,bernoulli,-42.52172609300983,85.04345218601966,,bfgs,10,True,9.897416219928345e-13,True,1.2752595915804283,bernoulli,bernoulli,5,completed
rep14,start_B,6,poisson,-71.72914603880561,143.45829207761122,,bfgs,12,True,6.407346653247714e-09,False,0.3156611811695605,bernoulli,bernoulli,5,completed
rep14,start_B,7,bernoulli,-47.51615826592319,95.03231653184638,,bfgs,8,False,5.1152769842133236e-08,False,0.7882492479842401,bernoulli,bernoulli,5,completed
rep14,start_B,7,poisson,-73.03786700803572,146.07573401607144,,bfgs,13,False,8.172628351843514e-08,False,0.19142299757274037,bernoulli,bernoulli,5,completed
rep14,start_B,8,bernoulli,-49.398343986743214,98.79668797348643,,bfgs,10,True,5.574607442326851e-12,True,0.656707566007861,bernoulli,bernoulli,5,completed
rep14,start_B,8,poisson,-73.41360353116083,146.82720706232166,,bfgs,14,False,1.2926886494568635e-08,False,0.2535834173300745,bernoulli,bernoulli,5,completed
rep15,start_B,3,bernoulli,-49.94640110837288,99.89280221674576,,bfgs,3,True,1.4439027751222966e-11,True,0.48583119151648035,bernoulli,bernoulli,1,completed
rep15,start_B,3,poisson,-74.84131162421593,149.68262324843187,,bfgs,5,True,7.993605777301127e-16,True,0.06509581474416358,bernoulli,bernoulli,1,completed
rep15,start_B,4,bernoulli,-45.574665548874265,91.14933109774853,,bfgs,4,True,4.344347104279223e-12,True,0.9400561272143372,bernoulli,bernoulli,1,completed
rep15,start_B,4,poisson,-72.74135968744935,145.4827193748987,,bfgs,7,True,5.639932965095795e-15,True,0.23817914908745763,bernoulli,bernoulli,1,completed
rep15,start_B,5,bernoulli,-51.91918710977897,103.83837421955793,,bfgs,4,True,8.881784197001252e-15,True,0.08455742967885803,bernoulli,bernoulli,1,completed
rep15,start_B,5,poisson,-74.9686561224016,149.9373122448032,,bfgs,4,True,1.3358025796605943e-11,True,0.028872847065228933,bernoulli,bernoulli,1,completed
rep15,start_B,6,bernoulli,-33.70583529973661,67.41167059947323,,bfgs,3,True,5.2617021850664966e-12,True,2.0499978064993574,bernoulli,bernoulli,1,completed
rep15,start_B,6,poisson,-72.47754163119441,144.95508326238883,,bfgs,9,True,3.552713678800501e-15,True,0.2555414750394583,bernoulli,bernoulli,1,completed
rep15,start_B,7,bernoulli,-51.937105808022956,103.87421161604591,,bfgs,4,True,1.0902390101819037e-13,True,0.07231696032120956,bernoulli,bernoulli,1,completed
rep15,start_B,7,poisson,-74.96171371463558,149.92342742927116,,bfgs,4,True,2.8125057838224165e-12,True,0.031905021745272884,bernoulli,bernoulli,1,completed
rep15,start_B,8,bernoulli,-51.90273897100756,103.80547794201512,,bfgs,4,True,7.878142582740111e-14,True,0.09441934327916997,bernoulli,bernoulli,1,completed
rep15,start_B,8,poisson,-74.79774975884769,149.59549951769537,,bfgs,5,True,5.329070518200751e-16,True,0.07310570231620313,bernoulli,bernoulli,1,completed
rep15,start_B,3,bernoulli,-49.407255683414746,98.81451136682949,,bfgs,6,True,8.055778266680136e-13,True,0.5607360312931554,bernoulli,bernoulli,2,completed
rep15,start_B,3,poisson,-74.8347529243559,149.6695058487118,,bfgs,11,True,9.866649719469934e-11,True,0.06460801738286123,bernoulli,bernoulli,2,completed
rep15,start_B,4,bernoulli,-45.46045041196926,90.92090082393852,,bfgs,4,False,7.388907188321526e-08,False,0.9044683109694882,bernoulli,bernoulli,2,completed
rep15,start_B,4,poisson,-73.07343277284441,146.14686554568883,,bfgs,9,True,2.821472921965551e-09,False,0.21515957630971355,bernoulli,bernoulli,2,completed
rep15,start_B,5,bernoulli,-51.586578740963674,103.17315748192735,,bfgs,4,True,4.618527782440651e-15,True,0.21265685822611174,bernoulli,bernoulli,2,completed
rep15,start_B,5,poisson,-74.97576409515361,149.95152819030722,,bfgs,7,True,4.358050142982961e-10,False,0.026460995877958464,bernoulli,bernoulli,2,completed
rep15,start_B,6,bernoulli,-32.62073794096785,65.2414758819357,,bfgs,6,True,2.2280599587531923e-11,True,2.183181459207193,bernoulli,bernoulli,2,completed
rep15,start_B,6,poisson,-72.29642315777417,144.59284631554834,,bfgs,16,True,1.3169767498766304e-10,False,0.2562908496203452,bernoulli,bernoulli,2,completed
rep15,start_B,7,bernoulli,-51.446851773309376,102.89370354661875,,bfgs,6,True,1.6484591469634324e-13,True,0.2502874545135336,bernoulli,bernoulli,2,completed
rep15,start_B,7,poisson,-74.93918402451658,149.87836804903316,,bfgs,7,True,2.054736092382825e-09,False,0.03920041583185382,bernoulli,bernoulli,2,completed
rep15,start_B,8,bernoulli,-46.20594739832392,92.41189479664784,,bfgs,5,True,7.725500239530447e-11,True,0.9112618834779325,bernoulli,bernoulli,2,completed
rep15,start_B,8,poisson,-72.46994454021801,144.93988908043602,,bfgs,9,True,3.544316662384972e-09,False,0.2745335116146238,bernoulli,bernoulli,2,completed
rep15,start_B,3,bernoulli,-46.64337897495127,93.28675794990254,,bfgs,6,True,5.086953080990497e-12,True,0.8372856368632786,bernoulli,bernoulli,3,completed
rep15,start_B,3,poisson,-73.98105375635808,147.96210751271616,,bfgs,12,True,2.159935508228017e-10,False,0.17163798355798082,bernoulli,bernoulli,3,completed
rep15,start_B,4,bernoulli,-45.71678953212806,91.43357906425612,,bfgs,6,True,5.2865267718971154e-11,True,0.8587177657460612,bernoulli,bernoulli,3,completed
rep15,start_B,4,poisson,-73.21334134056141,146.42668268112283,,bfgs,11,True,2.8065993973314107e-11,True,0.20192090604530413,bernoulli,bernoulli,3,completed
rep15,start_B,5,bernoulli,-51.27889598342457,102.55779196684914,,bfgs,7,True,9.417284729806852e-11,True,0.29881770404191726,bernoulli,bernoulli,3,completed
rep15,start_B,5,poisson,-74.56196252124826,149.12392504249652,,bfgs,9,True,4.4334118598499116e-10,False,0.11906900151014634,bernoulli,bernoulli,3,completed
rep15,start_B,6,bernoulli,-31.312513285754232,62.625026571508464,,bfgs,7,True,1.6900241206485588e-10,False,2.1651920370306605,bernoulli,bernoulli,3,completed
rep15,start_B,6,poisson,-71.93198764815814,143.86397529631628,,bfgs,17,True,3.5025689015810714e-10,False,0.26871280034721823,bernoulli,bernoulli,3,completed
rep15,start_B,7,bernoulli,-51.42825909876958,102.85651819753916,,bfgs,7,True,4.405364961712621e-14,True,0.25137731172739425,bernoulli,bernoulli,3,completed
rep15,start_B,7,poisson,-74.97346288439228,149.94692576878455,,bfgs,8,True,5.081368881221238e-10,False,0.025852824037666672,bernoulli,bernoulli,3,completed
rep15,start_B,8,bernoulli,-45.241546586047875,90.48309317209575,,bfgs,5,True,2.1411983297525695e-12,True,0.942004006058374,bernoulli,bernoulli,3,completed
rep15,start_B,8,poisson,-72.51180781506922,145.02361563013844,,bfgs,11,True,1.20667920100459e-12,True,0.25508609538127364,bernoulli,bernoulli,3,completed
rep15,start_B,3,bernoulli,-45.704918034847815,91.40983606969563,,bfgs,9,True,2.30871766149221e-11,True,0.9088178565230515,bernoulli,bernoulli,4,completed
rep15,start_B,3,poisson,-73.58170987992548,147.16341975985097,,bfgs,14,False,1.6928108814706632e-08,False,0.1940289556703867,bernoulli,bernoulli,4,completed
rep15,start_B,4,bernoulli,-45.812249150630166,91.62449830126033,,bfgs,8,True,4.353127636136378e-10,False,0.7987575870700605,bernoulli,bernoulli,4,completed
rep15,start_B,4,poisson,-73.13304881048857,146.26609762097715,,bfgs,13,True,9.254376776013373e-09,False,0.19987158957503606,bernoulli,bernoulli,4,completed
rep15,start_B,5,bernoulli,-50.70942826772387,101.41885653544774,,bfgs,8,False,3.6826406102363765e-08,False,0.40362092550677814,bernoulli,bernoulli,4,completed
rep15,start_B,5,poisson,-74.4488692656903,148.8977385313806,,bfgs,10,True,3.272453696911981e-10,False,0.13164566114893106,bernoulli,bernoulli,4,completed
rep15,start_B,6,bernoulli,-31.71053994915523,63.42107989831046,,bfgs,9,True,2.4579449586781266e-12,True,2.0029931070974873,bernoulli,bernoulli,4,completed
rep15,start_B,6,poisson,-71.99873378531649,143.99746757063298,,bfgs,21,False,1.1982865721904546e-08,False,0.2512102834855323,bernoulli,bernoulli,4,completed
rep15,start_B,7,bernoulli,-50.134831912517754,100.26966382503551,,bfgs,9,True,4.276475173980998e-10,False,0.5535712185463587,bernoulli,bernoulli,4,completed
rep15,start_B,7,poisson,-74.67936553332716,149.35873106665431,,bfgs,11,True,2.0127542410541822e-10,False,0.12374926040318823,bernoulli,bernoulli,4,completed
rep15,start_B,8,bernoulli,-45.785638862141056,91.57127772428211,,bfgs,8,True,1.653345016450203e-10,False,0.8555874903949404,bernoulli,bernoulli,4,completed
rep15,start_B,8,poisson,-72.8649662729938,145.7299325459876,,bfgs,12,True,4.900017724907002e-10,False,0.22583444609186407,bernoulli,bernoulli,4,completed
rep15,start_B,3,bernoulli,-46.44494754716832,92.88989509433664,,bfgs,11,True,1.2374812285997904e-11,True,0.8047958841201683,bernoulli,bernoulli,5,completed
rep15,start_B,3,poisson,-73.7330264850727,147.4660529701454,,bfgs,14,True,7.216636010998201e-09,False,0.19379659530484888,bernoulli,bernoulli,5,completed
rep15,start_B,4,bernoulli,-44.724616213365266,89.44923242673053,,bfgs,9,True,6.437934629843766e-11,True,0.8448264800865795,bernoulli,bernoulli,5,completed
rep15,start_B,4,poisson,-72.4726522717479,144.9453045434958,,bfgs,13,False,2.0609502802138024e-07,False,0.23579282663662537,bernoulli,bernoulli,5,completed
rep15,start_B,5,bernoulli,-41.61888557383096,83.23777114766192,,bfgs,10,True,1.611830668934999e-11,True,1.7621102941906848,bernoulli,bernoulli,5,completed
rep15,start_B,5,poisson,-72.28156866716606,144.5631373343321,,bfgs,16,True,4.079945270518692e-11,True,0.3466792128946998,bernoulli,bernoulli,5,completed
rep15,start_B,6,bernoulli,-27.707649742070622,55.415299484141244,,bfgs,13,True,1.4991090813154528e-09,False,2.534030563339121,bernoulli,bernoulli,5,completed
rep15,start_B,6,poisson,-71.63683370062876,143.2736674012575,,bfgs,30,True,2.0868160532927504e-09,False,0.2725800218450778,bernoulli,bernoulli,5,completed
rep15,start_B,7,bernoulli,-48.137695385726246,96.27539077145249,,bfgs,7,False,1.0536715713271861e-07,False,0.8862115742958138,bernoulli,bernoulli,5,completed
rep15,start_B,7,poisson,-73.77917646960802,147.55835293921604,,bfgs,12,True,3.249601282506731e-11,True,0.23711988498312753,bernoulli,bernoulli,5,completed
rep15,start_B,8,bernoulli,-44.91336426084099,89.82672852168199,,bfgs,9,True,4.982430512612268e-09,False,0.9159073941681367,bernoulli,bernoulli,5,completed
rep15,start_B,8,poisson,-72.46252746123074,144.92505492246147,,bfgs,16,True,2.2564972113059413e-11,True,0.24687256789939,bernoulli,bernoulli,5,completed
rep16,start_B,3,bernoulli,-51.61265006664742,103.22530013329484,,bfgs,4,True,5.329070518200751e-16,True,0.20086775930130893,bernoulli,bernoulli,1,completed
rep16,start_B,3,poisson,-74.67062495863522,149.34124991727043,,bfgs,4,True,9.097576025851595e-11,True,0.09326057965064262,bernoulli,bernoulli,1,completed
rep16,start_B,4,bernoulli,-51.70124245109314,103.40248490218627,,bfgs,4,True,6.172409783289367e-09,False,0.1751572030114064,bernoulli,bernoulli,1,completed
rep16,start_B,4,poisson,-74.71311730827688,149.42623461655376,,bfgs,5,True,2.842170943040401e-15,True,0.08708106121136627,bernoulli,bernoulli,1,completed
rep16,start_B,5,bernoulli,-49.94198389077489,99.88396778154979,,bfgs,4,True,1.0160201568965021e-10,False,0.4839426048762268,bernoulli,bernoulli,1,completed
rep16,start_B,5,poisson,-74.80957605243876,149.61915210487751,,bfgs,4,True,4.348684523591828e-10,False,0.07125538423410996,bernoulli,bernoulli,1,completed
rep16,start_B,6,bernoulli,-49.38523250152315,98.7704650030463,,bfgs,4,False,1.800896125558893e-08,False,0.5513038898208006,bernoulli,bernoulli,1,completed
rep16,start_B,6,poisson,-74.72520166735588,149.45040333471175,,bfgs,4,True,4.157625355105665e-11,True,0.08556377236781329,bernoulli,bernoulli,1,completed
rep16,start_B,7,bernoulli,-50.954337321593414,101.90867464318683,,bfgs,3,True,6.058265000774554e-13,True,0.3377481395959106,bernoulli,bernoulli,1,completed
rep16,start_B,7,poisson,-74.40305886374509,148.80611772749018,,bfgs,4,False,1.7370105620528876e-08,False,0.12517320380828525,bernoulli,bernoulli,1,completed
rep16,start_B,8,bernoulli,-51.57550691724871,103.15101383449742,,bfgs,3,True,4.4408920985006264e-17,True,0.21075779035958433,bernoulli,bernoulli,1,completed
rep16,start_B,8,poisson,-74.99755695170907,149.99511390341814,,bfgs,4,True,1.3010925670187135e-12,True,0.008072691319129193,bernoulli,bernoulli,1,completed
rep16,start_B,3,bernoulli,-47.341943206502314,94.68388641300463,,bfgs,4,False,1.6090932106749278e-07,False,0.8351758401637269,bernoulli,bernoulli,2,completed
rep16,start_B,3,poisson,-72.7442976383829,145.4885952767658,,bfgs,6,True,3.375077994860476e-14,True,0.265501012767535,bernoulli,bernoulli,2,completed
rep16,start_B,4,bernoulli,-51.16074622852714,102.32149245705428,,bfgs,6,True,9.352518759442318e-14,True,0.29052500775966117,bernoulli,bernoulli,2,completed
rep16,start_B,4,poisson,-74.25550599135241,148.51101198270482,,bfgs,6,True,7.362999099314039e-14,True,0.14323907872155492,bernoulli,bernoulli,2,completed
rep16,start_B,5,bernoulli,-49.32395249780601,98.64790499561202,,bfgs,4,False,7.804439459135892e-08,False,0.5550228716787312,bernoulli,bernoulli,2,completed
rep16,start_B,5,poisson,-74.27088154025526,148.54176308051052,,bfgs,7,True,4.400646513857964e-12,True,0.14319995284751152,bernoulli,bernoulli,2,completed
rep16,start_B,6,bernoulli,-49.97448051699755,99.9489610339951,,bfgs,6,True,9.702461056804169e-13,True,0.47246981364961427,bernoulli,bernoulli,2,completed
rep16,start_B,6,poisson,-74.4624784346028,148.9249568692056,,bfgs,6,True,9.931155897646703e-12,True,0.12313371313490289,bernoulli,bernoulli,2,completed
rep16,start_B,7,bernoulli,-49.9396148608934,99.8792297217868,,bfgs,6,True,7.815970093361103e-15,True,0.4783016496499441,bernoulli,bernoulli,2,completed
rep16,start_B,7,poisson,-73.67972419099326,147.3594483819865,,bfgs,6,True,1.3280043731356273e-12,True,0.19378295004833201,bernoulli,bernoulli,2,completed
rep16,start_B,8,bernoulli,-47.562140208473735,95.12428041694747,,bfgs,5,False,2.5009981330370577e-08,False,0.8026324081003956,bernoulli,bernoulli,2,completed
rep16,start_B,8,poisson,-74.69303051666165,149.3860610333233,,bfgs,9,True,4.1137093731435927e-13,True,0.08920216310207363,bernoulli,bernoulli,2,completed
rep16,start_B,3,bernoulli,-46.15668717363824,92.31337434727648,,bfgs,8,True,6.394564877609809e-11,True,0.9315660538913063,bernoulli,bernoulli,3,completed
rep16,start_B,3,poisson,-72.13505412404263,144.27010824808525,,bfgs,10,True,1.8963823844586614e-09,False,0.2870330945441749,bernoulli,bernoulli,3,completed
rep16,start_B,4,bernoulli,-50.54651413517412,101.09302827034824,,bfgs,7,True,1.1874945471390674e-12,True,0.39404314282343095,bernoulli,bernoulli,3,completed
rep16,start_B,4,poisson,-73.9735432223475,147.947086444695,,bfgs,7,True,1.6140866421210375e-12,True,0.16607496794463192,bernoulli,bernoulli,3,completed
rep16,start_B,5,bernoulli,-50.14126305577982,100.28252611155963,,bfgs,7,True,1.2684076011737488e-12,True,0.44649715712295013,bernoulli,bernoulli,3,completed
rep16,start_B,5,poisson,-74.372408255947,148.744816511894,,bfgs,7,False,1.613557892188311e-07,False,0.13216804631317036,bernoulli,bernoulli,3,completed
rep16,start_B,6,bernoulli,-41.90346324094031,83.80692648188062,,bfgs,7,True,2.803370868775801e-11,True,1.3145223853966517,bernoulli,bernoulli,3,completed
rep16,start_B,6,poisson,-73.24782981979513,146.49565963959026,,bfgs,12,True,4.835821743043311e-11,True,0.21810528389996808,bernoulli,bernoulli,3,completed
rep16,start_B,7,bernoulli,-43.36128174563278,86.72256349126556,,bfgs,6,True,1.4667798087231176e-09,False,1.1616495913774607,bernoulli,bernoulli,3,completed
rep16,start_B,7,poisson,-72.54403392239381,145.08806784478762,,bfgs,11,False,1.3670913023844378e-07,False,0.25663297005646935,bernoulli,bernoulli,3,completed
rep16,start_B,8,bernoulli,-46.275007449035954,92.55001489807191,,bfgs,7,True,7.178755367931445e-11,True,0.9027331385829425,bernoulli,bernoulli,3,completed
rep16,start_B,8,poisson,-74.06240614610347,148.12481229220694,,bfgs,13,True,1.3300693879614301e-12,True,0.1654134398809072,bernoulli,bernoulli,3,completed
rep16,start_B,3,bernoulli,-45.97897044902391,91.95794089804782,,bfgs,9,True,1.4918271062924758e-10,False,0.8814312658339105,bernoulli,bernoulli,4,completed
rep16,start_B,3,poisson,-71.62977680671938,143.25955361343875,,bfgs,13,True,3.898699141302586e-11,True,0.3128077095170475,bernoulli,bernoulli,4,completed
rep16,start_B,4,bernoulli,-49.303133755822465,98.60626751164493,,bfgs,9,True,5.4457061082757716e-11,True,0.6667691241931202,bernoulli,bernoulli,4,completed
rep16,start_B,4,poisson,-73.8655684191431,147.7311368382862,,bfgs,9,False,7.08467549515035e-08,False,0.16529763181464785,bernoulli,bernoulli,4,completed
rep16,start_B,5,bernoulli,-42.157744416604295,84.31548883320859,,bfgs,8,True,1.2380966252223403e-10,False,1.7287907076275717,bernoulli,bernoulli,4,completed
rep16,start_B,5,poisson,-73.28953602808949,146.57907205617897,,bfgs,13,True,3.055307074006919e-09,False,0.27328820842412854,bernoulli,bernoulli,4,completed
rep16,start_B,6,bernoulli,-41.183706195268186,82.36741239053637,,bfgs,6,True,8.764899916968716e-12,True,1.4645690161156064,bernoulli,bernoulli,4,completed
rep16,start_B,6,poisson,-72.32491236331411,144.64982472662822,,bfgs,13,False,8.924359242712399e-08,False,0.31115882347904605,bernoulli,bernoulli,4,completed
rep16,start_B,7,bernoulli,-43.25434183015591,86.50868366031182,,bfgs,9,True,4.172427958692993e-11,True,1.1919974715280097,bernoulli,bernoulli,4,completed
rep16,start_B,7,poisson,-72.09020723333043,144.18041446666086,,bfgs,13,True,1.3940111287524816e-10,False,0.3082700081678808,bernoulli,bernoulli,4,completed
rep16,start_B,8,bernoulli,-37.159948527723074,74.31989705544615,,bfgs,8,True,7.749620223318487e-10,False,2.2775689833894623,bernoulli,bernoulli,4,completed
rep16,start_B,8,poisson,-73.30403658208198,146.60807316416395,,bfgs,19,False,1.684993968353865e-07,False,0.26305904732656243,bernoulli,bernoulli,4,completed
rep16,start_B,3,bernoulli,-42.06356766741193,84.12713533482386,,bfgs,10,True,4.126734509668495e-11,True,1.4065244054797892,bernoulli,bernoulli,5,completed
rep16,start_B,3,poisson,-68.89277267408424,137.78554534816848,,bfgs,13,True,8.836929965561069e-10,False,0.5073555322335039,bernoulli,bernoulli,5,completed
rep16,start_B,4,bernoulli,-48.38452827501767,96.76905655003534,,bfgs,10,True,3.54800633317609e-12,True,0.846207273160036,bernoulli,bernoulli,5,completed
rep16,start_B,4,poisson,-73.81879931187898,147.63759862375795,,bfgs,15,False,5.034864127506644e-07,False,0.16162907646115746,bernoulli,bernoulli,5,completed
rep16,start_B,5,bernoulli,-41.90463701907003,83.80927403814006,,bfgs,8,False,1.0454213610344709e-07,False,1.6947087332626707,bernoulli,bernoulli,5,completed
rep16,start_B,5,poisson,-73.31371986428762,146.62743972857524,,bfgs,14,True,1.8610542273922448e-10,False,0.25922715212952946,bernoulli,bernoulli,5,completed
rep16,start_B,6,bernoulli,-35.53756270909107,71.07512541818214,,bfgs,10,True,4.378146734040911e-11,True,2.2415004174836244,bernoulli,bernoulli,5,completed
rep16,start_B,6,poisson,-69.90056573640783,139.80113147281565,,bfgs,20,False,2.638906039242883e-08,False,0.497627129374769,bernoulli,bernoulli,5,completed
rep16,start_B,7,bernoulli,-44.07707164163497,88.15414328326995,,bfgs,10,True,4.3976711161519685e-12,True,0.9990478707197512,bernoulli,bernoulli,5,completed
rep16,start_B,7,poisson,-71.2386111069573,142.4772222139146,,bfgs,13,False,1.0488593149560189e-08,False,0.3764039349491113,bernoulli,bernoulli,5,completed
rep16,start_B,8,bernoulli,-41.347183075607084,82.69436615121417,,bfgs,10,True,7.460887463395238e-12,True,1.5792038910479735,bernoulli,bernoulli,5,completed
rep16,start_B,8,poisson,-74.30004454143958,148.60008908287915,,bfgs,13,False,2.1106106840029783e-08,False,0.13067196293922953,bernoulli,bernoulli,5,completed
rep17,start_B,3,bernoulli,-50.812653088506806,101.62530617701361,,bfgs,3,True,2.091429252004673e-11,True,0.3632905530184037,bernoulli,bernoulli,1,completed
rep17,start_B,3,poisson,-74.9660309269894,149.9320618539788,,bfgs,5,True,1.9370505199844958e-12,True,0.029956161212730474,bernoulli,bernoulli,1,completed
rep17,start_B,4,bernoulli,-44.29834940999222,88.59669881998444,,bfgs,5,True,2.7089441800853818e-15,True,1.0786148754166067,bernoulli,bernoulli,1,completed
rep17,start_B,4,poisson,-72.18356313613546,144.36712627227092,,bfgs,6,True,1.4370726830748027e-13,True,0.2765538428673376,bernoulli,bernoulli,1,completed
rep17,start_B,5,bernoulli,-51.93334217911165,103.8666843582233,,bfgs,4,True,1.2989609388114332e-13,True,0.0750623921421747,bernoulli,bernoulli,1,completed
rep17,start_B,5,poisson,-74.77994573069641,149.55989146139282,,bfgs,4,True,1.369162561104531e-11,True,0.0772785099277662,bernoulli,bernoulli,1,completed
rep17,start_B,6,bernoulli,-51.392864578799525,102.78572915759905,,bfgs,3,True,2.2246648967438887e-11,True,0.2549356873103232,bernoulli,bernoulli,1,completed
rep17,start_B,6,poisson,-74.4516080917019,148.9032161834038,,bfgs,4,True,8.293365993949919e-13,True,0.12234623515182137,bernoulli,bernoulli,1,completed
rep17,start_B,7,bernoulli,-50.54619527627923,101.09239055255846,,bfgs,3,True,4.379834961376617e-09,False,0.4048608061687117,bernoulli,bernoulli,1,completed
rep17,start_B,7,poisson,-74.9420851334498,149.8841702668996,,bfgs,5,True,1.1855405546157271e-12,True,0.03905330467149677,bernoulli,bernoulli,1,completed
rep17,start_B,8,bernoulli,-48.05189389531259,96.10378779062518,,bfgs,3,True,8.752287783408974e-11,True,0.7080682423824228,bernoulli,bernoulli,1,completed
rep17,start_B,8,poisson,-74.632911307915,149.26582261583,,bfgs,7,True,1.0658141036401502e-15,True,0.09718833167297618,bernoulli,bernoulli,1,completed
rep17,start_B,3,bernoulli,-48.460775730929186,96.92155146185837,,bfgs,5,True,3.5288216793105676e-11,True,0.6818282958975858,bernoulli,bernoulli,2,completed
rep17,start_B,3,poisson,-74.71759511746305,149.4351902349261,,bfgs,10,True,1.1234167762719238e-10,False,0.08849078892316432,bernoulli,bernoulli,2,completed
rep17,start_B,4,bernoulli,-38.26719142212031,76.53438284424062,,bfgs,6,True,2.0338222772586788e-11,True,1.7174328942717685,bernoulli,bernoulli,2,completed
rep17,start_B,4,poisson,-70.57384697914624,141.14769395829248,,bfgs,10,True,1.319786058218142e-09,False,0.347727866057075,bernoulli,bernoulli,2,completed
rep17,start_B,5,bernoulli,-51.19747880334167,102.39495760668333,,bfgs,5,True,2.433608869978343e-13,True,0.30734153395260305,bernoulli,bernoulli,2,completed
rep17,start_B,5,poisson,-74.33544782286566,148.67089564573132,,bfgs,6,True,6.288303211476886e-14,True,0.13883425894599727,bernoulli,bernoulli,2,completed
rep17,start_B,6,bernoulli,-51.52134459952047,103.04268919904094,,bfgs,5,False,3.886193002955451e-08,False,0.2202382781489289,bernoulli,bernoulli,2,completed
rep17,start_B,6,poisson,-74.43537829162398,148.87075658324795,,bfgs,5,True,7.80568232827683e-09,False,0.12269241181367518,bernoulli,bernoulli,2,completed
rep17,start_B,7,bernoulli,-50.47549953225793,100.95099906451586,,bfgs,6,True,5.629774424420475e-12,True,0.4036528095985828,bernoulli,bernoulli,2,completed
rep17,start_B,7,poisson,-74.75562072148833,149.51124144297665,,bfgs,7,True,2.1674158995343973e-11,True,0.08291324368987261,bernoulli,bernoulli,2,completed
rep17,start_B,8,bernoulli,-42.92043070940069,85.84086141880138,,bfgs,5,True,2.3915558422515916e-11,True,1.2169045281123747,bernoulli,bernoulli,2,completed
rep17,start_B,8,poisson,-73.00936737995684,146.01873475991368,,bfgs,8,False,2.2779097080816157e-08,False,0.23941408540121176,bernoulli,bernoulli,2,completed
rep17,start_B,3,bernoulli,-47.99421598874643,95.98843197749287,,bfgs,7,True,1.7312817846004692e-13,True,0.7145962207817803,bernoulli,bernoulli,3,completed
rep17,start_B,3,poisson,-74.81404258218042,149.62808516436084,,bfgs,10,True,7.092921583407019e-10,False,0.06845569552022139,bernoulli,bernoulli,3,completed
rep17,start_B,4,bernoulli,-36.41013607032319,72.82027214064638,,bfgs,7,True,1.6553125536944435e-10,False,1.8252336612534286,bernoulli,bernoulli,3,completed
rep17,start_B,4,poisson,-69.63628335079977,139.27256670159954,,bfgs,12,False,2.289496832119653e-08,False,0.3722543097535348,bernoulli,bernoulli,3,completed
rep17,start_B,5,bernoulli,-51.055705564794735,102.11141112958947,,bfgs,7,True,6.378773065307542e-11,True,0.3159088068606255,bernoulli,bernoulli,3,completed
rep17,start_B,5,poisson,-74.04334282179312,148.08668564358624,,bfgs,8,True,1.627129542214334e-10,False,0.16178035438353788,bernoulli,bernoulli,3,completed
rep17,start_B,6,bernoulli,-51.11614351643804,102.23228703287609,,bfgs,7,True,1.794209225636223e-12,True,0.294993360224723,bernoulli,bernoulli,3,completed
rep17,start_B,6,poisson,-73.99565642009098,147.99131284018196,,bfgs,7,True,3.1796787425264483e-13,True,0.16223957178087733,bernoulli,bernoulli,3,completed
rep17,start_B,7,bernoulli,-48.662500907892834,97.32500181578567,,bfgs,7,True,1.8004842061714045e-11,True,0.6580293614911848,bernoulli,bernoulli,3,completed
rep17,start_B,7,poisson,-73.67214857056958,147.34429714113915,,bfgs,8,True,2.3950086358581758e-11,True,0.201936480970321,bernoulli,bernoulli,3,completed
rep17,start_B,8,bernoulli,-41.802309525069376,83.60461905013875,,bfgs,6,True,9.31593691078092e-12,True,1.2454515403130662,bernoulli,bernoulli,3,completed
rep17,start_B,8,poisson,-72.91739306816578,145.83478613633156,,bfgs,9,True,6.435162624995883e-10,False,0.22886450567342834,bernoulli,bernoulli,3,completed
rep17,start_B,3,bernoulli,-44.0557355201392,88.1114710402784,,bfgs,8,True,1.978488484155605e-11,True,1.3631958828725994,bernoulli,bernoulli,4,completed
rep17,start_B,3,poisson,-73.2564377202855,146.512875440571,,bfgs,11,True,6.3670528849257835e-09,False,0.3177753626223779,bernoulli,bernoulli,4,completed
rep17,start_B,4,bernoulli,-37.1829537946639,74.3659075893278,,bfgs,8,True,5.857203611014938e-13,True,1.5908178024181756,bernoulli,bernoulli,4,completed
rep17,start_B,4,poisson,-69.92719416950683,139.85438833901367,,bfgs,12,True,2.559172962435241e-09,False,0.33770291843996364,bernoulli,bernoulli,4,completed
rep17,start_B,5,bernoulli,-43.794321398130485,87.58864279626097,,bfgs,10,True,8.72280025987493e-13,True,1.707805880596485,bernoulli,bernoulli,4,completed
rep17,start_B,5,poisson,-73.21247387258737,146.42494774517473,,bfgs,13,True,2.373048690884616e-09,False,0.2747997487396379,bernoulli,bernoulli,4,completed
rep17,start_B,6,bernoulli,-48.93616093860394,97.87232187720788,,bfgs,10,True,4.587601409866693e-10,False,0.8711681078242393,bernoulli,bernoulli,4,completed
rep17,start_B,6,poisson,-73.09113864531784,146.18227729063568,,bfgs,10,True,3.85417031623092e-11,True,0.29803225239884584,bernoulli,bernoulli,4,completed
rep17,start_B,7,bernoulli,-40.443061503243804,80.88612300648761,,bfgs,8,True,4.3307988306651166e-10,False,1.9823695166647683,bernoulli,bernoulli,4,completed
rep17,start_B,7,poisson,-70.98666145611901,141.97332291223802,,bfgs,14,True,5.198573371778537e-09,False,0.4607802379805108,bernoulli,bernoulli,4,completed
rep17,start_B,8,bernoulli,-41.34005859281955,82.6801171856391,,bfgs,6,False,9.276947823266824e-08,False,1.2602831042653981,bernoulli,bernoulli,4,completed
rep17,start_B,8,poisson,-72.89594277962831,145.79188555925663,,bfgs,11,True,1.225380685809796e-10,False,0.2521147675522107,bernoulli,bernoulli,4,completed
rep17,start_B,3,bernoulli,-43.9400946556604,87.8801893113208,,bfgs,9,True,1.3624602002160203e-10,False,1.277284070987071,bernoulli,bernoulli,5,completed
rep17,start_B,3,poisson,-73.52671671875548,147.05343343751096,,bfgs,14,False,1.5518441642825564e-08,False,0.2569948807266775,bernoulli,bernoulli,5,completed
rep17,start_B,4,bernoulli,-34.822776287371866,69.64555257474373,,bfgs,10,True,8.360524827999427e-10,False,1.9256322258490917,bernoulli,bernoulli,5,completed
rep17,start_B,4,poisson,-70.107602021057,140.215204042114,,bfgs,19,True,2.4659304820318083e-09,False,0.3029324991974833,bernoulli,bernoulli,5,completed
rep17,start_B,5,bernoulli,-42.52612989906355,85.0522597981271,,bfgs,9,True,5.916541923056684e-10,False,1.6602230152173785,bernoulli,bernoulli,5,completed
rep17,start_B,5,poisson,-72.85189649597373,145.70379299194747,,bfgs,13,False,1.1842153391228294e-08,False,0.29888419746593514,bernoulli,bernoulli,5,completed
rep17,start_B,6,bernoulli,-36.81680476781399,73.63360953562798,,bfgs,13,True,5.987660145478912e-10,False,2.713127669912437,bernoulli,bernoulli,5,completed
rep17,start_B,6,poisson,-72.15931978695076,144.31863957390152,,bfgs,17,True,2.033250012800636e-10,False,0.36226923880916234,bernoulli,bernoulli,5,completed
rep17,start_B,7,bernoulli,-40.69413779137865,81.3882755827573,,bfgs,9,True,5.5693449851901274e-12,True,1.8176924957356058,bernoulli,bernoulli,5,completed
rep17,start_B,7,poisson,-71.74279391627653,143.48558783255305,,bfgs,13,True,3.101184883891328e-09,False,0.37879285857080747,bernoulli,bernoulli,5,completed
rep17,start_B,8,bernoulli,-40.01399833417535,80.0279966683507,,bfgs,9,True,8.379775345845885e-12,True,1.3406376195029346,bernoulli,bernoulli,5,completed
rep17,start_B,8,poisson,-72.58918492701034,145.17836985402067,,bfgs,11,True,4.9903977838994255e-09,False,0.2506390450832578,bernoulli,bernoulli,5,completed
rep18,start_B,3,bernoulli,-51.678920972516906,103.35784194503381,,bfgs,4,True,3.3750779948604757e-15,True,0.1822004900948691,bernoulli,bernoulli,1,completed
rep18,start_B,3,poisson,-74.90130315805237,149.80260631610474,,bfgs,3,False,4.5284906491360744e-07,False,0.051409746969952964,bernoulli,bernoulli,1,completed
rep18,start_B,4,bernoulli,-51.9860349942763,103.9720699885526,,bfgs,2,False,8.284366259658782e-08,False,0.0006151657639253883,bernoulli,bernoulli,1,completed
rep18,start_B,4,poisson,-74.99867776961005,149.9973555392201,,bfgs,3,True,3.572075968349964e-12,True,0.0059400485421437,bernoulli,bernoulli,1,completed
rep18,start_B,5,bernoulli,-50.34210667169821,100.68421334339642,,bfgs,4,True,1.7273617203272806e-09,False,0.43386165472770266,bernoulli,bernoulli,1,completed
rep18,start_B,5,poisson,-74.64743072443423,149.29486144886846,,bfgs,5,True,1.077626876622162e-12,True,0.09603567528683404,bernoulli,bernoulli,1,completed
rep18,start_B,6,bernoulli,-51.07391485850395,102.1478297170079,,bfgs,4,True,2.3314683517128287e-13,True,0.3181213869495264,bernoulli,bernoulli,1,completed
rep18,start_B,6,poisson,-74.73730096439247,149.47460192878495,,bfgs,5,True,2.0872192862952944e-15,True,0.08389312264263321,bernoulli,bernoulli,1,completed
rep18,start_B,7,bernoulli,-49.11877170982617,98.23754341965234,,bfgs,4,True,8.367080361892931e-11,True,0.5882574126361069,bernoulli,bernoulli,1,completed
rep18,start_B,7,poisson,-74.3799943303695,148.759988660739,,bfgs,7,True,8.606448886894214e-14,True,0.12676157738352695,bernoulli,bernoulli,1,completed
rep18,start_B,8,bernoulli,-51.852568377670494,103.70513675534099,,bfgs,4,True,4.04565270173407e-14,True,0.11966297625147186,bernoulli,bernoulli,1,completed
rep18,start_B,8,poisson,-74.95160241328388,149.90320482656776,,bfgs,4,True,1.3271161947159272e-12,True,0.03598563834372342,bernoulli,bernoulli,1,completed
rep18,start_B,3,bernoulli,-49.56031642260382,99.12063284520764,,bfgs,6,True,5.208393716316095e-10,False,0.5363230632074848,bernoulli,bernoulli,2,completed
rep18,start_B,3,poisson,-73.93898638690969,147.87797277381938,,bfgs,6,True,7.400764445719687e-11,True,0.1699347679040675,bernoulli,bernoulli,2,completed
rep18,start_B,4,bernoulli,-51.34128491380385,102.6825698276077,,bfgs,6,True,4.016342813883966e-12,True,0.27108220796834337,bernoulli,bernoulli,2,completed
rep18,start_B,4,poisson,-74.56326833069579,149.12653666139158,,bfgs,6,True,7.583689232149027e-11,True,0.10991076611665343,bernoulli,bernoulli,2,completed
rep18,start_B,5,bernoulli,-50.10846171713363,100.21692343426726,,bfgs,5,True,8.01107002956769e-09,False,0.4553662239311963,bernoulli,bernoulli,2,completed
rep18,start_B,5,poisson,-74.49186763643677,148.98373527287353,,bfgs,7,True,2.766338269566404e-11,True,0.11501381331631955,bernoulli,bernoulli,2,completed
rep18,start_B,6,bernoulli,-50.768158679622395,101.53631735924479,,bfgs,5,True,7.842615445952106e-13,True,0.36501263585554394,bernoulli,bernoulli,2,completed
rep18,start_B,6,poisson,-74.42680214631632,148.85360429263264,,bfgs,6,True,3.2880365097298635e-13,True,0.12361450856492942,bernoulli,bernoulli,2,completed
rep18,start_B,7,bernoulli,-46.06812330597251,92.13624661194503,,bfgs,6,True,4.710365431037644e-12,True,0.8787074288911431,bernoulli,bernoulli,2,completed
rep18,start_B,7,poisson,-73.38506383092265,146.7701276618453,,bfgs,9,True,3.026946515660711e-09,False,0.2041078655769531,bernoulli,bernoulli,2,completed
rep18,start_B,8,bernoulli,-51.85730478789255,103.7146095757851,,bfgs,7,True,1.3145040611561854e-14,True,0.11567813338649863,bernoulli,bernoulli,2,completed
rep18,start_B,8,poisson,-74.83261985175439,149.66523970350877,,bfgs,6,True,4.1051606558539787e-13,True,0.06732655542636753,bernoulli,bernoulli,2,completed
rep18,start_B,3,bernoulli,-48.91605273754929,97.83210547509859,,bfgs,6,True,8.79296635503124e-15,True,0.5844527070292096,bernoulli,bernoulli,3,completed
rep18,start_B,3,poisson,-73.85869208073552,147.71738416147105,,bfgs,9,True,1.1235457009206584e-12,True,0.16729914763163994,bernoulli,bernoulli,3,completed
rep18,start_B,4,bernoulli,-51.33417162978857,102.66834325957714,,bfgs,8,True,1.1599610161283635e-13,True,0.2633078942346532,bernoulli,bernoulli,3,completed
rep18,start_B,4,poisson,-74.61227305065707,149.22454610131413,,bfgs,8,True,3.37177841203129e-11,True,0.09912172916994681,bernoulli,bernoulli,3,completed
rep18,start_B,5,bernoulli,-50.432333984752894,100.86466796950579,,bfgs,7,True,2.788880237858393e-13,True,0.390343118716023,bernoulli,bernoulli,3,completed
rep18,start_B,5,poisson,-74.63723450855703,149.27446901711406,,bfgs,9,True,3.1268099220937984e-11,True,0.09124339124089234,bernoulli,bernoulli,3,completed
rep18,start_B,6,bernoulli,-50.62122578683643,101.24245157367287,,bfgs,5,False,4.1598347748639243e-07,False,0.38041751459572704,bernoulli,bernoulli,3,completed
rep18,start_B,6,poisson,-74.50092534814772,149.00185069629543,,bfgs,7,True,9.811138568238676e-11,True,0.11080028851646169,bernoulli,bernoulli,3,completed
rep18,start_B,7,bernoulli,-46.09898860457058,92.19797720914116,,bfgs,7,True,8.013465446765622e-11,True,0.8650490370128505,bernoulli,bernoulli,3,completed
rep18,start_B,7,poisson,-73.439323468049,146.878646936098,,bfgs,10,True,2.8573627020023195e-09,False,0.1914005502164212,bernoulli,bernoulli,3,completed
rep18,start_B,8,bernoulli,-51.764521540352725,103.52904308070545,,bfgs,6,True,3.48356330448496e-09,False,0.14792755284935066,bernoulli,bernoulli,3,completed
rep18,start_B,8,poisson,-74.81942633894478,149.63885267788956,,bfgs,9,True,1.4196643860486803e-12,True,0.06659848694525923,bernoulli,bernoulli,3,completed
rep18,start_B,3,bernoulli,-46.675752144005735,93.35150428801147,,bfgs,9,True,1.7644401495431338e-10,False,0.9557254772264685,bernoulli,bernoulli,4,completed
rep18,start_B,3,poisson,-73.29134330662374,146.5826866132475,,bfgs,10,True,4.6434855960342247e-10,False,0.22877774494165462,bernoulli,bernoulli,4,completed
rep18,start_B,4,bernoulli,-50.81230086347195,101.6246017269439,,bfgs,9,True,2.3458213149751826e-11,True,0.432617549990574,bernoulli,bernoulli,4,completed
rep18,start_B,4,poisson,-74.48395580506246,148.96791161012493,,bfgs,9,True,1.922195735915011e-12,True,0.12577249843600152,bernoulli,bernoulli,4,completed
rep18,start_B,5,bernoulli,-47.2719645683153,94.5439291366306,,bfgs,8,True,2.493139472647954e-10,False,1.0560943900948658,bernoulli,bernoulli,4,completed
rep18,start_B,5,poisson,-73.96979107427153,147.93958214854305,,bfgs,11,True,1.5298318167822345e-10,False,0.2241998540549249,bernoulli,bernoulli,4,completed
rep18,start_B,6,bernoulli,-49.9382592974207,99.8765185948414,,bfgs,9,True,8.343177781977574e-09,False,0.5650680763268153,bernoulli,bernoulli,4,completed
rep18,start_B,6,poisson,-74.29645686835696,148.5929137367139,,bfgs,9,True,8.098455239746727e-11,True,0.15035471397973132,bernoulli,bernoulli,4,completed
rep18,start_B,7,bernoulli,-44.13341050947365,88.2668210189473,,bfgs,8,True,6.28604190922033e-10,False,1.1387885083051874,bernoulli,bernoulli,4,completed
rep18,start_B,7,poisson,-73.086512392986,146.173024785972,,bfgs,12,True,1.4031007466996926e-10,False,0.22747092288790036,bernoulli,bernoulli,4,completed
rep18,start_B,8,bernoulli,-51.71395351372748,103.42790702745496,,bfgs,9,True,5.655813595240033e-10,False,0.16534928718666134,bernoulli,bernoulli,4,completed
rep18,start_B,8,poisson,-74.81163162140959,149.62326324281918,,bfgs,7,False,7.556360483440549e-08,False,0.06610170183020837,bernoulli,bernoulli,4,completed
rep18,start_B,3,bernoulli,-49.16823884989686,98.33647769979372,,bfgs,10,True,3.2955278506108244e-10,False,0.504264421244808,bernoulli,bernoulli,5,completed
rep18,start_B,3,poisson,-73.61890315188575,147.2378063037715,,bfgs,10,True,2.29062102619082e-11,True,0.19688344250801004,bernoulli,bernoulli,5,completed
rep18,start_B,4,bernoulli,-48.896469077856494,97.79293815571299,,bfgs,10,True,2.625684203394485e-09,False,0.7710052481653905,bernoulli,bernoulli,5,completed
rep18,start_B,4,poisson,-74.00709451278209,148.01418902556418,,bfgs,15,True,6.880694902733353e-11,True,0.19757268875962786,bernoulli,bernoulli,5,completed
rep18,start_B,5,bernoulli,-49.77093630402237,99.54187260804474,,bfgs,9,True,2.2688162459871818e-11,True,0.5145626520924546,bernoulli,bernoulli,5,completed
rep18,start_B,5,poisson,-74.52401115859853,149.04802231719705,,bfgs,10,True,5.745325326600437e-10,False,0.09921185958872959,bernoulli,bernoulli,5,completed
rep18,start_B,6,bernoulli,-47.94029850304485,95.8805970060897,,bfgs,10,True,4.5345949217789895e-13,True,0.8869183431686424,bernoulli,bernoulli,5,completed
rep18,start_B,6,poisson,-73.64390755197368,147.28781510394737,,bfgs,11,True,2.9550451863258332e-09,False,0.23913699436439062,bernoulli,bernoulli,5,completed
rep18,start_B,7,bernoulli,-44.19032795675851,88.38065591351702,,bfgs,9,False,6.586378118456082e-08,False,1.0479771652614893,bernoulli,bernoulli,5,completed
rep18,start_B,7,poisson,-72.81631901132621,145.63263802265243,,bfgs,13,True,1.7126442486414817e-10,False,0.23557352555408365,bernoulli,bernoulli,5,completed
rep18,start_B,8,bernoulli,-50.12994338380119,100.25988676760238,,bfgs,9,True,9.136769563156122e-10,False,0.6714964264594885,bernoulli,bernoulli,5,completed
rep18,start_B,8,poisson,-74.6264637943594,149.2529275887188,,bfgs,11,True,6.63605996820138e-09,False,0.11373639710341114,bernoulli,bernoulli,5,completed
rep19,start_B,3,bernoulli,-49.80754804408746,99.61509608817492,,bfgs,4,True,8.881784197001253e-17,True,0.50438297346771,bernoulli,bernoulli,1,completed
rep19,start_B,3,poisson,-74.65223365177371,149.30446730354743,,bfgs,5,True,4.41537917339474e-10,False,0.0965558830072037,bernoulli,bernoulli,1,completed
rep19,start_B,4,bernoulli,-47.54742596291723,95.09485192583446,,bfgs,5,True,3.042011087472929e-14,True,0.7546088817873796,bernoulli,bernoulli,1,completed
rep19,start_B,4,poisson,-74.21636363160425,148.4327272632085,,bfgs,6,True,1.0091927293842674e-14,True,0.144749094581989,bernoulli,bernoulli,1,completed
rep19,start_B,5,bernoulli,-51.149883602994656,102.29976720598931,,bfgs,4,True,9.769962616701378e-16,True,0.30389074949128,bernoulli,bernoulli,1,completed
rep19,start_B,5,poisson,-74.89977185897105,149.7995437179421,,bfgs,4,True,5.736744412843109e-12,True,0.051818176492931196,bernoulli,bernoulli,1,completed
rep19,start_B,6,bernoulli,-50.25607637314042,100.51215274628083,,bfgs,4,True,5.329070518200751e-16,True,0.4453041332483623,bernoulli,bernoulli,1,completed
rep19,start_B,6,poisson,-74.73749127521089,149.47498255042177,,bfgs,4,True,1.0928555838063403e-10,False,0.08389423410079173,bernoulli,bernoulli,1,completed
rep19,start_B,7,bernoulli,-51.81723270367685,103.6344654073537,,bfgs,4,True,9.681144774731365e-15,True,0.13465919108707813,bernoulli,bernoulli,1,completed
rep19,start_B,7,poisson,-74.99553595645962,149.99107191291924,,bfgs,4,True,8.212275304231299e-12,True,0.01091778641790025,bernoulli,bernoulli,1,completed
rep19,start_B,8,bernoulli,-51.979171042527675,103.95834208505535,,bfgs,3,True,9.33649157985883e-11,True,0.027069227268714625,bernoulli,bernoulli,1,completed
rep19,start_B,8,poisson,-74.99060797850584,149.98121595701167,,bfgs,4,True,6.882032721478027e-11,True,0.01580806807684186,bernoulli,bernoulli,1,completed
rep19,start_B,3,bernoulli,-49.78584198673694,99.57168397347388,,bfgs,5,True,3.04159364361567e-11,True,0.49630750057333833,bernoulli,bernoulli,2,completed
rep19,start_B,3,poisson,-73.8817105953996,147.7634211907992,,bfgs,7,True,2.6889939164220776e-10,False,0.1830282922354879,bernoulli,bernoulli,2,completed
rep19,start_B,4,bernoulli,-43.8856291276624,87.7712582553248,,bfgs,6,True,1.270095140171179e-13,True,1.1115008690047015,bernoulli,bernoulli,2,completed
rep19,start_B,4,poisson,-74.25823888217792,148.51647776435584,,bfgs,7,True,4.20393497790883e-10,False,0.13328739774915543,bernoulli,bernoulli,2,completed
rep19,start_B,5,bernoulli,-51.17129588316253,102.34259176632506,,bfgs,5,True,2.9298981019110216e-10,False,0.29148182497346103,bernoulli,bernoulli,2,completed
rep19,start_B,5,poisson,-74.3086100799242,148.6172201598484,,bfgs,6,True,7.254041811677325e-12,True,0.14570582647046418,bernoulli,bernoulli,2,completed
rep19,start_B,6,bernoulli,-49.00250936121298,98.00501872242596,,bfgs,5,True,1.410871419693649e-12,True,0.6071929550520262,bernoulli,bernoulli,2,completed
rep19,start_B,6,poisson,-74.85201129656085,149.7040225931217,,bfgs,11,True,2.699528417471342e-09,False,0.05997040188802228,bernoulli,bernoulli,2,completed
rep19,start_B,7,bernoulli,-42.10094776380981,84.20189552761963,,bfgs,6,True,1.3071499438410684e-11,True,1.30424474125099,bernoulli,bernoulli,2,completed
rep19,start_B,7,poisson,-70.50323018654312,141.00646037308624,,bfgs,6,False,2.258573865709934e-07,False,0.38231426369081695,bernoulli,bernoulli,2,completed
rep19,start_B,8,bernoulli,-43.63887965280536,87.27775930561072,,bfgs,5,False,1.5376260042998524e-08,False,1.1843309389103305,bernoulli,bernoulli,2,completed
rep19,start_B,8,poisson,-74.40774564235667,148.81549128471335,,bfgs,10,True,4.2503653929770733e-10,False,0.1278232518210061,bernoulli,bernoulli,2,completed
rep19,start_B,3,bernoulli,-47.8660905755222,95.7321811510444,,bfgs,7,False,1.0262305942046467e-07,False,0.7407783158965742,bernoulli,bernoulli,3,completed
rep19,start_B,3,poisson,-73.68913249691639,147.37826499383277,,bfgs,11,True,1.989386544387628e-09,False,0.18007196243737872,bernoulli,bernoulli,3,completed
rep19,start_B,4,bernoulli,-36.553301875083356,73.10660375016671,,bfgs,7,True,1.1867774957208254e-10,False,2.0180071344276476,bernoulli,bernoulli,3,completed
rep19,start_B,4,poisson,-73.35485367566454,146.7097073513291,,bfgs,18,False,6.734779418593462e-08,False,0.20382375639608583,bernoulli,bernoulli,3,completed
rep19,start_B,5,bernoulli,-50.98873221719687,101.97746443439374,,bfgs,7,True,2.028421874911146e-12,True,0.3086984161488684,bernoulli,bernoulli,3,completed
rep19,start_B,5,poisson,-74.19739801823866,148.39479603647732,,bfgs,8,True,1.5444090450955627e-12,True,0.14132711755983768,bernoulli,bernoulli,3,completed
rep19,start_B,6,bernoulli,-49.303651814782974,98.60730362956595,,bfgs,7,True,4.596323321948148e-12,True,0.553778732297113,bernoulli,bernoulli,3,completed
rep19,start_B,6,poisson,-74.56525105334636,149.13050210669272,,bfgs,10,False,2.0582115700662483e-08,False,0.11497221499553772,bernoulli,bernoulli,3,completed
rep19,start_B,7,bernoulli,-41.59991266930244,83.19982533860488,,bfgs,7,True,3.669864412358947e-12,True,1.243923574057954,bernoulli,bernoulli,3,completed
rep19,start_B,7,poisson,-70.441519478792,140.883038957584,,bfgs,9,False,2.0300599118394658e-08,False,0.34333354084167744,bernoulli,bernoulli,3,completed
rep19,start_B,8,bernoulli,-43.07623699572272,86.15247399144543,,bfgs,7,True,3.3854806513744507e-09,False,1.1303896073896507,bernoulli,bernoulli,3,completed
rep19,start_B,8,poisson,-74.34057031854934,148.68114063709868,,bfgs,10,True,6.411656983118519e-10,False,0.12489209939961986,bernoulli,bernoulli,3,completed
rep19,start_B,3,bernoulli,-48.18436969564472,96.36873939128944,,bfgs,10,True,5.5567639378750754e-11,True,0.6616959374992094,bernoulli,bernoulli,4,completed
rep19,start_B,3,poisson,-73.99058367878469,147.98116735756938,,bfgs,11,False,2.2969623578172893e-08,False,0.14808088469304273,bernoulli,bernoulli,4,completed
rep19,start_B,4,bernoulli,-31.653992132642816,63.30798426528563,,bfgs,10,True,1.6347175835207395e-09,False,2.513399446891842,bernoulli,bernoulli,4,completed
rep19,start_B,4,poisson,-72.84301683917764,145.68603367835527,,bfgs,20,False,1.2042184849292426e-08,False,0.246060274360027,bernoulli,bernoulli,4,completed
rep19,start_B,5,bernoulli,-50.29672874355758,100.59345748711516,,bfgs,10,True,3.9683156760617064e-11,True,0.49338883086669244,bernoulli,bernoulli,4,completed
rep19,start_B,5,poisson,-74.14147685976772,148.28295371953544,,bfgs,9,False,3.694529940215241e-07,False,0.16809531921286783,bernoulli,bernoulli,4,completed
rep19,start_B,6,bernoulli,-49.06349401505573,98.12698803011146,,bfgs,8,True,1.6186341156299023e-11,True,0.5434979145605969,bernoulli,bernoulli,4,completed
rep19,start_B,6,poisson,-74.51803585094392,149.03607170188783,,bfgs,10,True,8.858903655095674e-09,False,0.11555478482989195,bernoulli,bernoulli,4,completed
rep19,start_B,7,bernoulli,-40.10382183173097,80.20764366346194,,bfgs,9,True,1.0398082395113307e-11,True,1.4406661027857879,bernoulli,bernoulli,4,completed
rep19,start_B,7,poisson,-70.24543201326728,140.49086402653455,,bfgs,9,True,5.140546477377938e-09,False,0.3454082616669121,bernoulli,bernoulli,4,completed
rep19,start_B,8,bernoulli,-41.02528844122934,82.05057688245869,,bfgs,9,True,5.786877643743082e-11,True,1.4420244351060123,bernoulli,bernoulli,4,completed
rep19,start_B,8,poisson,-74.0300608358881,148.0601216717762,,bfgs,12,False,1.234117288362313e-08,False,0.17503079116355777,bernoulli,bernoulli,4,completed
rep19,start_B,3,bernoulli,-45.96559139157275,91.9311827831455,,bfgs,9,True,5.581582307456756e-09,False,0.9705654323288115,bernoulli,bernoulli,5,completed
rep19,start_B,3,poisson,-73.18912562565336,146.37825125130672,,bfgs,13,True,2.371798119016333e-09,False,0.23385004873448503,bernoulli,bernoulli,5,completed
rep19,start_B,4,bernoulli,-31.74332923434439,63.48665846868878,,bfgs,9,True,4.657941032881751e-10,False,2.4233130851835365,bernoulli,bernoulli,5,completed
rep19,start_B,4,poisson,-72.78580049804052,145.57160099608103,,bfgs,28,True,9.324181071690418e-09,False,0.24237000205812673,bernoulli,bernoulli,5,completed
rep19,start_B,5,bernoulli,-49.332298712931085,98.66459742586217,,bfgs,10,True,9.139355938714289e-13,True,0.7153258499356999,bernoulli,bernoulli,5,completed
rep19,start_B,5,poisson,-73.93423464913965,147.8684692982793,,bfgs,13,True,1.0455805610209978e-09,False,0.18446980439057745,bernoulli,bernoulli,5,completed
rep19,start_B,6,bernoulli,-48.14957804625264,96.29915609250529,,bfgs,10,True,2.0319568250215524e-11,True,0.6794255074415734,bernoulli,bernoulli,5,completed
rep19,start_B,6,poisson,-74.2654808195083,148.5309616390166,,bfgs,14,True,6.111713357626058e-10,False,0.15881262688792153,bernoulli,bernoulli,5,completed
rep19,start_B,7,bernoulli,-33.46134160494895,66.9226832098979,,bfgs,9,True,1.086556622453827e-10,False,2.4799226588347802,bernoulli,bernoulli,5,completed
rep19,start_B,7,poisson,-69.80467821604913,139.60935643209825,,bfgs,20,False,3.858150094515622e-07,False,0.35128231941139615,bernoulli,bernoulli,5,completed
rep19,start_B,8,bernoulli,-34.63861047372531,69.27722094745062,,bfgs,9,True,1.8257952927314136e-10,False,2.3144438680063577,bernoulli,bernoulli,5,completed
rep19,start_B,8,poisson,-72.76135622652322,145.52271245304644,,bfgs,19,False,3.70637465607615e-08,False,0.30251167407530943,bernoulli,bernoulli,5,completed
rep20,start_B,3,bernoulli,-50.59774762807378,101.19549525614757,,bfgs,5,True,4.440892098500626e-16,True,0.39524414484814957,bernoulli,bernoulli,1,completed
rep20,start_B,3,poisson,-74.98612267671254,149.97224535342508,,bfgs,4,True,5.229594535194337e-13,True,0.019239461320153056,bernoulli,bernoulli,1,completed
rep20,start_B,4,bernoulli,-46.63158903561326,93.26317807122652,,bfgs,3,True,8.437694987151189e-16,True,0.8394545699643835,bernoulli,bernoulli,1,completed
rep20,start_B,4,poisson,-74.5754321002473,149.1508642004946,,bfgs,6,True,4.929390229335695e-15,True,0.10613402328051116,bernoulli,bernoulli,1,completed
rep20,start_B,5,bernoulli,-50.539099451138256,101.07819890227651,,bfgs,3,True,6.279954334331706e-12,True,0.4039644506858798,bernoulli,bernoulli,1,completed
rep20,start_B,5,poisson,-74.98315532410993,149.96631064821986,,bfgs,4,True,3.1024516289335226e-12,True,0.021196815161396,bernoulli,bernoulli,1,completed
rep20,start_B,6,bernoulli,-51.983251341047094,103.96650268209419,,bfgs,3,True,1.1709033742590692e-11,True,0.017243353290146923,bernoulli,bernoulli,1,completed
rep20,start_B,6,poisson,-74.80705521151472,149.61411042302944,,bfgs,4,True,5.895479660011915e-11,True,0.07152739479789942,bernoulli,bernoulli,1,completed
rep20,start_B,7,bernoulli,-45.8834375392925,91.766875078585,,bfgs,4,True,8.536993334473663e-12,True,0.9099524128149381,bernoulli,bernoulli,1,completed
rep20,start_B,7,poisson,-72.31963983603399,144.63927967206797,,bfgs,7,True,2.4868995751603505e-15,True,0.25981991637878515,bernoulli,bernoulli,1,completed
rep20,start_B,8,bernoulli,-49.232421664743924,98.46484332948785,,bfgs,3,True,1.1264322807846839e-13,True,0.5716295132250511,bernoulli,bernoulli,1,completed
rep20,start_B,8,poisson,-73.37950581215577,146.75901162431154,,bfgs,5,True,2.62323496258432e-12,True,0.20413898025317578,bernoulli,bernoulli,1,completed
rep20,start_B,3,bernoulli,-48.18332528221591,96.36665056443182,,bfgs,7,True,2.1800339311539573e-13,True,0.7308036698293262,bernoulli,bernoulli,2,completed
rep20,start_B,3,poisson,-74.68490002584845,149.3698000516969,,bfgs,10,True,2.8477042945951325e-11,True,0.09719371540028683,bernoulli,bernoulli,2,completed
rep20,start_B,4,bernoulli,-45.46307571549038,90.92615143098077,,bfgs,4,True,8.846414711882744e-11,True,0.8929795584342536,bernoulli,bernoulli,2,completed
rep20,start_B,4,poisson,-74.08810060568749,148.17620121137497,,bfgs,10,True,4.2420222889916206e-11,True,0.16146285374087588,bernoulli,bernoulli,2,completed
rep20,start_B,5,bernoulli,-50.13758897304896,100.27517794609793,,bfgs,4,True,9.174838666581309e-11,True,0.4294705507204238,bernoulli,bernoulli,2,completed
rep20,start_B,5,poisson,-74.9686005133692,149.9372010267384,,bfgs,6,True,2.600220394555208e-09,False,0.026495089793995744,bernoulli,bernoulli,2,completed
rep20,start_B,6,bernoulli,-47.15424257032346,94.30848514064692,,bfgs,5,True,4.249577106874014e-10,False,0.9496173717202722,bernoulli,bernoulli,2,completed
rep20,start_B,6,poisson,-74.15711658119706,148.31423316239412,,bfgs,10,True,3.0173347154160976e-11,True,0.15587209677823657,bernoulli,bernoulli,2,completed
rep20,start_B,7,bernoulli,-46.236000677465164,92.47200135493033,,bfgs,5,True,5.6411875171136217e-11,True,0.8142913281031942,bernoulli,bernoulli,2,completed
rep20,start_B,7,poisson,-72.26662430088093,144.53324860176187,,bfgs,9,False,3.031291853083928e-08,False,0.25100282937319524,bernoulli,bernoulli,2,completed
rep20,start_B,8,bernoulli,-48.37872057206331,96.75744114412662,,bfgs,5,True,4.136463394033285e-12,True,0.6498006094623416,bernoulli,bernoulli,2,completed
rep20,start_B,8,poisson,-72.93561135896104,145.87122271792208,,bfgs,7,True,6.670597407776313e-12,True,0.23161384672636592,bernoulli,bernoulli,2,completed
rep20,start_B,3,bernoulli,-44.55145602143595,89.1029120428719,,bfgs,6,True,1.958958784076259e-09,False,1.1442492595337452,bernoulli,bernoulli,3,completed
rep20,start_B,3,poisson,-74.10153728433735,148.2030745686747,,bfgs,12,True,3.26293193020355e-09,False,0.17270720239711157,bernoulli,bernoulli,3,completed
rep20,start_B,4,bernoulli,-46.31019448293631,92.62038896587262,,bfgs,6,False,1.8280514013646608e-08,False,0.7407972106248766,bernoulli,bernoulli,3,completed
rep20,start_B,4,poisson,-74.38462579796938,148.76925159593875,,bfgs,11,True,5.570492123130322e-11,True,0.11939979627133207,bernoulli,bernoulli,3,completed
rep20,start_B,5,bernoulli,-46.41451894779361,92.82903789558722,,bfgs,7,True,1.579922859207272e-11,True,0.9799417916296301,bernoulli,bernoulli,3,completed
rep20,start_B,5,poisson,-74.26346298885161,148.52692597770323,,bfgs,12,True,1.1571810176747022e-11,True,0.16973405821118925,bernoulli,bernoulli,3,completed
rep20,start_B,6,bernoulli,-46.83498360820479,93.66996721640957,,bfgs,7,True,5.023958804528661e-09,False,0.8927666325176394,bernoulli,bernoulli,3,completed
rep20,start_B,6,poisson,-74.05701774524348,148.11403549048697,,bfgs,10,True,4.8799504603902475e-09,False,0.15602041628870802,bernoulli,bernoulli,3,completed
rep20,start_B,7,bernoulli,-46.42006726339471,92.84013452678941,,bfgs,6,True,1.9926215122367806e-10,False,0.7481087379156991,bernoulli,bernoulli,3,completed
rep20,start_B,7,poisson,-72.29380397153483,144.58760794306966,,bfgs,13,True,7.708759230951046e-09,False,0.22704109207427106,bernoulli,bernoulli,3,completed
rep20,start_B,8,bernoulli,-45.35541600007863,90.71083200015725,,bfgs,7,True,6.414393732834256e-09,False,1.0490138733542393,bernoulli,bernoulli,3,completed
rep20,start_B,8,poisson,-72.42750342494358,144.85500684988716,,bfgs,10,True,9.26450538507595e-09,False,0.25223566617932613,bernoulli,bernoulli,3,completed
rep20,start_B,3,bernoulli,-44.29370896739816,88.58741793479632,,bfgs,8,True,3.940847648209456e-12,True,1.1505021879462898,bernoulli,bernoulli,4,completed
rep20,start_B,3,poisson,-73.4698435040224,146.9396870080448,,bfgs,14,True,2.5453601892877485e-09,False,0.24749931362570263,bernoulli,bernoulli,4,completed
rep20,start_B,4,bernoulli,-45.94712857351805,91.8942571470361,,bfgs,7,True,2.6113875506439397e-10,False,0.7492010379837619,bernoulli,bernoulli,4,completed
rep20,start_B,4,poisson,-74.34223772111767,148.68447544223534,,bfgs,14,True,4.2541352385239153e-13,True,0.1228978505305619,bernoulli,bernoulli,4,completed
rep20,start_B,5,bernoulli,-46.03906412909875,92.0781282581975,,bfgs,8,True,2.4173885115885696e-10,False,0.9490549310122554,bernoulli,bernoulli,4,completed
rep20,start_B,5,poisson,-73.84793106340118,147.69586212680235,,bfgs,12,False,5.733159085252737e-08,False,0.2052685440219253,bernoulli,bernoulli,4,completed
rep20,start_B,6,bernoulli,-45.97783260332964,91.95566520665928,,bfgs,8,True,1.4563914518817e-10,False,1.016208066782427,bernoulli,bernoulli,4,completed
rep20,start_B,6,poisson,-73.25981542029987,146.51963084059975,,bfgs,13,True,4.452254342979245e-10,False,0.2550715454951277,bernoulli,bernoulli,4,completed
rep20,start_B,7,bernoulli,-44.67516369414595,89.3503273882919,,bfgs,6,False,1.0246935722157957e-07,False,0.9592897274166365,bernoulli,bernoulli,4,completed
rep20,start_B,7,poisson,-71.31910300336561,142.63820600673122,,bfgs,13,False,4.0725584293799244e-07,False,0.30577819066233747,bernoulli,bernoulli,4,completed
rep20,start_B,8,bernoulli,-43.272071735989286,86.54414347197857,,bfgs,7,True,3.388301195172971e-10,False,1.1822865735986878,bernoulli,bernoulli,4,completed
rep20,start_B,8,poisson,-71.71485941898523,143.42971883797046,,bfgs,12,True,1.7460392243151545e-09,False,0.2781532276502197,bernoulli,bernoulli,4,completed
rep20,start_B,3,bernoulli,-44.26362656246041,88.52725312492082,,bfgs,9,True,1.893818435405592e-12,True,1.0323654605796502,bernoulli,bernoulli,5,completed
rep20,start_B,3,poisson,-74.37207283708354,148.74414567416707,,bfgs,13,True,6.108217487366119e-10,False,0.1246512714038576,bernoulli,bernoulli,5,completed
rep20,start_B,4,bernoulli,-45.73177603496718,91.46355206993437,,bfgs,10,True,6.506706284881147e-12,True,0.6920952377638467,bernoulli,bernoulli,5,completed
rep20,start_B,4,poisson,-74.18798733161911,148.37597466323822,,bfgs,15,False,2.1692178514554072e-07,False,0.1311436686067015,bernoulli,bernoulli,5,completed
rep20,start_B,5,bernoulli,-45.91781038782181,91.83562077564362,,bfgs,8,True,7.174211558158561e-10,False,0.9525131742746159,bernoulli,bernoulli,5,completed
rep20,start_B,5,poisson,-74.39693070319535,148.7938614063907,,bfgs,15,True,5.407397196677266e-10,False,0.14685784070658728,bernoulli,bernoulli,5,completed
rep20,start_B,6,bernoulli,-44.9519669285349,89.9039338570698,,bfgs,8,False,3.7218086390566896e-08,False,1.063683855793259,bernoulli,bernoulli,5,completed
rep20,start_B,6,poisson,-73.72620454840558,147.45240909681115,,bfgs,14,False,1.2066057752946336e-08,False,0.16910567948315167,bernoulli,bernoulli,5,completed
rep20,start_B,7,bernoulli,-45.31532591846198,90.63065183692396,,bfgs,10,False,1.3805562293356389e-08,False,0.7792313166080737,bernoulli,bernoulli,5,completed
rep20,start_B,7,poisson,-72.00171070570829,144.00342141141658,,bfgs,15,False,1.1146235845416186e-08,False,0.2081077166959667,bernoulli,bernoulli,5,completed
rep20,start_B,8,bernoulli,-41.41606914453244,82.83213828906489,,bfgs,9,True,6.362337323650991e-11,True,1.361678547266948,bernoulli,bernoulli,5,completed
rep20,start_B,8,poisson,-71.89445038856269,143.78890077712538,,bfgs,14,True,2.4197410297688295e-09,False,0.2564357902906357,bernoulli,bernoulli,5,completed
