replicate,start_label,column,candidate_family,score,neg2_score,sigma_sq,optimizer,optimiser_iterations,optimiser_converged,optimiser_gradient_inf,scipy_success,loading_norm,family_x_true,selected_family,k,dataset_status
rep01,start_B,3,bernoulli,-51.71185394828266,103.42370789656532,,bfgs,3,True,2.3965807116610448e-11,True,0.1720536968244637,bernoulli,bernoulli,1,completed
rep01,start_B,3,poisson,-74.99889718004029,149.99779436008058,,bfgs,5,True,2.6645352591003757e-15,True,0.0054201111652786346,bernoulli,bernoulli,1,completed
rep01,start_B,4,bernoulli,-46.4365273744465,92.873054748893,,bfgs,5,True,5.773159728050814e-16,True,0.8729877980796686,bernoulli,bernoulli,1,completed
rep01,start_B,4,poisson,-73.13919592756733,146.27839185513466,,bfgs,8,True,3.552713678800501e-16,True,0.2230203888375489,bernoulli,bernoulli,1,completed
rep01,start_B,5,bernoulli,-51.01642094606462,102.03284189212924,,bfgs,3,True,1.6187939877454482e-12,True,0.3285797859223936,bernoulli,bernoulli,1,completed
rep01,start_B,5,poisson,-74.48218670242366,148.96437340484732,,bfgs,5,True,2.6645352591003756e-16,True,0.11816591271766659,bernoulli,bernoulli,1,completed
rep01,start_B,6,bernoulli,-45.87695209180966,91.75390418361933,,bfgs,4,True,1.6310286454768174e-13,True,0.9281924303958027,bernoulli,bernoulli,1,completed
rep01,start_B,6,poisson,-72.99805771002646,145.99611542005292,,bfgs,6,True,2.575717417130363e-15,True,0.23116101697887342,bernoulli,bernoulli,1,completed
rep01,start_B,7,bernoulli,-50.70729902666702,101.41459805333405,,bfgs,4,True,1.2434497875801752e-15,True,0.3799484006806238,bernoulli,bernoulli,1,completed
rep01,start_B,7,poisson,-74.37391050489256,148.74782100978513,,bfgs,4,True,5.0750237345909e-10,False,0.12992659100344905,bernoulli,bernoulli,1,completed
rep01,start_B,8,bernoulli,-48.77315406176761,97.54630812353523,,bfgs,3,True,3.8765435306231666e-11,True,0.6291475420094751,bernoulli,bernoulli,1,completed
rep01,start_B,8,poisson,-73.77233885890807,147.54467771781614,,bfgs,5,True,1.0769163338864018e-14,True,0.18165112608331838,bernoulli,bernoulli,1,completed
rep01,start_B,3,bernoulli,-50.04125214231435,100.0825042846287,,bfgs,5,True,7.346840646960118e-09,False,0.5123515878171494,bernoulli,bernoulli,2,completed
rep01,start_B,3,poisson,-74.913531995757,149.827063991514,,bfgs,7,True,3.653594649044578e-11,True,0.052554457783718964,bernoulli,bernoulli,2,completed
rep01,start_B,4,bernoulli,-42.33063301447923,84.66126602895847,,bfgs,6,True,1.1193121984831578e-10,False,1.242181812708278,bernoulli,bernoulli,2,completed
rep01,start_B,4,poisson,-72.94802565035333,145.89605130070666,,bfgs,9,True,3.2844491570926946e-10,False,0.22090264961579506,bernoulli,bernoulli,2,completed
rep01,start_B,5,bernoulli,-45.695952802302756,91.39190560460551,,bfgs,5,False,1.5170198475189523e-08,False,1.0184080532757191,bernoulli,bernoulli,2,completed
rep01,start_B,5,poisson,-72.42020821337971,144.84041642675942,,bfgs,11,True,3.5371705564557487e-13,True,0.2843338371205627,bernoulli,bernoulli,2,completed
rep01,start_B,6,bernoulli,-46.938893605728424,93.87778721145685,,bfgs,6,True,5.5144777633131525e-12,True,0.7393521243393524,bernoulli,bernoulli,2,completed
rep01,start_B,6,poisson,-73.22186802703291,146.44373605406582,,bfgs,9,True,1.1234249086555792e-10,False,0.19960425875692236,bernoulli,bernoulli,2,completed
rep01,start_B,7,bernoulli,-39.22476018915571,78.44952037831142,,bfgs,6,True,3.3916693453761583e-09,False,1.6443702537394356,bernoulli,bernoulli,2,completed
rep01,start_B,7,poisson,-73.00382939943752,146.00765879887504,,bfgs,11,True,5.517199097582193e-09,False,0.23809549823616297,bernoulli,bernoulli,2,completed
rep01,start_B,8,bernoulli,-48.460406527020176,96.92081305404035,,bfgs,5,True,4.183755564213243e-11,True,0.6227744548329999,bernoulli,bernoulli,2,completed
rep01,start_B,8,poisson,-73.35881898508062,146.71763797016123,,bfgs,6,True,1.6117851941999107e-09,False,0.20513036292972564,bernoulli,bernoulli,2,completed
rep01,start_B,3,bernoulli,-46.46747449956318,92.93494899912636,,bfgs,7,True,7.836764570612331e-11,True,0.933063871173583,bernoulli,bernoulli,3,completed
rep01,start_B,3,poisson,-74.56039772185207,149.12079544370414,,bfgs,10,True,7.087455483612004e-09,False,0.11854990387333962,bernoulli,bernoulli,3,completed
rep01,start_B,4,bernoulli,-36.92244726297584,73.84489452595167,,bfgs,7,True,2.616786787257297e-10,False,1.7336300349831903,bernoulli,bernoulli,3,completed
rep01,start_B,4,poisson,-70.5613271969595,141.122654393919,,bfgs,14,True,9.043578286238584e-09,False,0.34811374171268944,bernoulli,bernoulli,3,completed
rep01,start_B,5,bernoulli,-46.618315588064014,93.23663117612803,,bfgs,8,True,8.839018406092692e-12,True,0.8679244400490927,bernoulli,bernoulli,3,completed
rep01,start_B,5,poisson,-72.88192331514286,145.7638466302857,,bfgs,10,True,2.467697157726434e-11,True,0.2369882074685883,bernoulli,bernoulli,3,completed
rep01,start_B,6,bernoulli,-44.263210118461544,88.52642023692309,,bfgs,7,True,2.8127722373483267e-12,True,0.9869657429113985,bernoulli,bernoulli,3,completed
rep01,start_B,6,poisson,-71.70095192869636,143.4019038573927,,bfgs,11,False,1.5882423021196247e-08,False,0.2897980011192621,bernoulli,bernoulli,3,completed
rep01,start_B,7,bernoulli,-38.374881014331876,76.74976202866375,,bfgs,7,True,3.141931159689193e-12,True,1.6545237434948057,bernoulli,bernoulli,3,completed
rep01,start_B,7,poisson,-72.07991184727497,144.15982369454994,,bfgs,12,True,3.4629933809426914e-09,False,0.28050184912180165,bernoulli,bernoulli,3,completed
rep01,start_B,8,bernoulli,-46.93344723498351,93.86689446996702,,bfgs,7,False,1.6417512527233668e-08,False,0.761087854928425,bernoulli,bernoulli,3,completed
rep01,start_B,8,poisson,-72.41708766092124,144.83417532184248,,bfgs,9,True,4.073068105014954e-09,False,0.25537462664794675,bernoulli,bernoulli,3,completed
rep01,start_B,3,bernoulli,-45.78390860839168,91.56781721678335,,bfgs,8,False,4.235665311824732e-08,False,1.0281261800403674,bernoulli,bernoulli,4,completed
rep01,start_B,3,poisson,-74.00336583000396,148.00673166000792,,bfgs,11,True,2.469989596187716e-09,False,0.18890260826995897,bernoulli,bernoulli,4,completed
rep01,start_B,4,bernoulli,-33.49868619798515,66.9973723959703,,bfgs,10,True,2.7515425493618297e-10,False,1.8614064337530423,bernoulli,bernoulli,4,completed
rep01,start_B,4,poisson,-70.92885786900335,141.8577157380067,,bfgs,16,False,7.219265243385565e-08,False,0.30112209033386644,bernoulli,bernoulli,4,completed
rep01,start_B,5,bernoulli,-41.78129560704372,83.56259121408743,,bfgs,9,True,1.7315127109895911e-10,False,1.546827852671344,bernoulli,bernoulli,4,completed
rep01,start_B,5,poisson,-72.43558764688332,144.87117529376664,,bfgs,11,True,4.1269041517466574e-10,False,0.2794395292922721,bernoulli,bernoulli,4,completed
rep01,start_B,6,bernoulli,-40.76577870921777,81.53155741843554,,bfgs,7,True,6.057465640196824e-11,True,1.3591039610373938,bernoulli,bernoulli,4,completed
rep01,start_B,6,poisson,-71.99386607659008,143.98773215318016,,bfgs,10,False,2.6389975449347956e-08,False,0.2665911947999861,bernoulli,bernoulli,4,completed
rep01,start_B,7,bernoulli,-37.564144072498145,75.12828814499629,,bfgs,8,True,2.383870878475136e-13,True,1.7290292892002155,bernoulli,bernoulli,4,completed
rep01,start_B,7,poisson,-72.30844649185899,144.61689298371797,,bfgs,14,False,2.6092705784908076e-08,False,0.2694630274512184,bernoulli,bernoulli,4,completed
rep01,start_B,8,bernoulli,-47.17523551975417,94.35047103950834,,bfgs,8,True,2.4692532463177487e-10,False,0.7297782908104186,bernoulli,bernoulli,4,completed
rep01,start_B,8,poisson,-73.17694875976358,146.35389751952715,,bfgs,9,False,8.529384827316022e-08,False,0.20259124712012527,bernoulli,bernoulli,4,completed
rep01,start_B,3,bernoulli,-37.15937053172123,74.31874106344246,,bfgs,9,True,5.341991293761339e-11,True,2.131142546507387,bernoulli,bernoulli,5,completed
rep01,start_B,3,poisson,-72.58948345333697,145.17896690667394,,bfgs,20,False,1.1832176727288868e-08,False,0.3283479942772138,bernoulli,bernoulli,5,completed
rep01,start_B,4,bernoulli,-33.88017646711292,67.76035293422584,,bfgs,10,True,1.4224477151714154e-11,True,1.8085386753840733,bernoulli,bernoulli,5,completed
rep01,start_B,4,poisson,-70.39376845011297,140.78753690022594,,bfgs,19,False,1.8361166587155253e-08,False,0.3233871948323302,bernoulli,bernoulli,5,completed
rep01,start_B,5,bernoulli,-42.398648913306154,84.79729782661231,,bfgs,9,True,1.2944290972427553e-09,False,1.3383691193719303,bernoulli,bernoulli,5,completed
rep01,start_B,5,poisson,-72.09944989003665,144.1988997800733,,bfgs,15,True,1.4731957875824265e-10,False,0.26621016977127543,bernoulli,bernoulli,5,completed
rep01,start_B,6,bernoulli,-39.077652195377254,78.15530439075451,,bfgs,9,False,1.4011262550184255e-08,False,1.5869943041900412,bernoulli,bernoulli,5,completed
rep01,start_B,6,poisson,-71.17162402429179,142.34324804858358,,bfgs,15,True,1.6612951014849387e-10,False,0.3008200528649901,bernoulli,bernoulli,5,completed
rep01,start_B,7,bernoulli,-38.37770091019365,76.7554018203873,,bfgs,9,True,1.0156338881017747e-09,False,1.5837150013182584,bernoulli,bernoulli,5,completed
rep01,start_B,7,poisson,-72.32452984125621,144.64905968251242,,bfgs,14,False,4.671271848943892e-07,False,0.2584021336265815,bernoulli,bernoulli,5,completed
rep01,start_B,8,bernoulli,-46.531503603771526,93.06300720754305,,bfgs,10,True,2.9762681208467257e-10,False,0.8877993726783001,bernoulli,bernoulli,5,completed
rep01,start_B,8,poisson,-72.62805234009451,145.25610468018903,,bfgs,14,True,4.808743611639521e-09,False,0.24324420712820574,bernoulli,bernoulli,5,completed
rep02,start_B,3,bernoulli,-51.94309470138827,103.88618940277654,,bfgs,4,True,3.4061642395499804e-14,True,0.06773986342653872,bernoulli,bernoulli,1,completed
rep02,start_B,3,poisson,-74.99707573951937,149.99415147903875,,bfgs,4,True,1.800183335731731e-11,True,0.008838587775341541,bernoulli,bernoulli,1,completed
rep02,start_B,4,bernoulli,-51.76244171515344,103.52488343030689,,bfgs,3,True,6.032152555235371e-12,True,0.1551404285730572,bernoulli,bernoulli,1,completed
rep02,start_B,4,poisson,-74.84409929645798,149.68819859291597,,bfgs,4,True,4.215738869106644e-13,True,0.06481652946090435,bernoulli,bernoulli,1,completed
rep02,start_B,5,bernoulli,-51.73935882599551,103.47871765199102,,bfgs,4,True,1.5450973833708304e-12,True,0.16302841979107793,bernoulli,bernoulli,1,completed
rep02,start_B,5,poisson,-74.99186199881218,149.98372399762437,,bfgs,4,True,1.4878986931421422e-12,True,0.014707463522706384,bernoulli,bernoulli,1,completed
rep02,start_B,6,bernoulli,-51.844811316764186,103.68962263352837,,bfgs,4,True,1.0871858968641845e-13,True,0.12308985894906824,bernoulli,bernoulli,1,completed
rep02,start_B,6,poisson,-74.99909536517944,149.99819073035889,,bfgs,5,True,7.993605777301127e-16,True,0.004909002784599143,bernoulli,bernoulli,1,completed
rep02,start_B,7,bernoulli,-51.778203604446766,103.55640720889353,,bfgs,4,False,1.5239477768602684e-08,False,0.1495243362666801,bernoulli,bernoulli,1,completed
rep02,start_B,7,poisson,-74.99510779666035,149.9902155933207,,bfgs,5,True,1.7763568394002506e-16,True,0.011407631428390833,bernoulli,bernoulli,1,completed
rep02,start_B,8,bernoulli,-46.432884310105194,92.86576862021039,,bfgs,3,True,8.659739592076221e-16,True,0.8647738833175759,bernoulli,bernoulli,1,completed
rep02,start_B,8,poisson,-74.06653999646801,148.13307999293602,,bfgs,7,True,1.933121662744952e-09,False,0.15390429987952325,bernoulli,bernoulli,1,completed
rep02,start_B,3,bernoulli,-50.618960364137735,101.23792072827547,,bfgs,5,True,9.012568469302096e-13,True,0.4027167576615666,bernoulli,bernoulli,2,completed
rep02,start_B,3,poisson,-74.83808083752895,149.6761616750579,,bfgs,6,True,8.757341518617067e-11,True,0.0652894718212615,bernoulli,bernoulli,2,completed
rep02,start_B,4,bernoulli,-51.23335250084748,102.46670500169496,,bfgs,6,True,3.40394379350073e-14,True,0.2815720187927034,bernoulli,bernoulli,2,completed
rep02,start_B,4,poisson,-74.20341457412019,148.40682914824038,,bfgs,5,True,2.3127694204205796e-12,True,0.14684442806496703,bernoulli,bernoulli,2,completed
rep02,start_B,5,bernoulli,-48.88838387016276,97.77676774032552,,bfgs,5,True,5.3975099501002434e-09,False,0.6160287129313171,bernoulli,bernoulli,2,completed
rep02,start_B,5,poisson,-74.84394370079869,149.68788740159738,,bfgs,8,True,3.359457434459756e-10,False,0.06503681694896915,bernoulli,bernoulli,2,completed
rep02,start_B,6,bernoulli,-49.042195933648394,98.08439186729679,,bfgs,5,True,5.010925008264167e-12,True,0.5957306631679772,bernoulli,bernoulli,2,completed
rep02,start_B,6,poisson,-74.8711921719565,149.742384343913,,bfgs,8,True,2.6000716579765993e-10,False,0.058754821588181384,bernoulli,bernoulli,2,completed
rep02,start_B,7,bernoulli,-51.94319625740498,103.88639251480996,,bfgs,6,True,3.872457909892546e-14,True,0.06816946074773825,bernoulli,bernoulli,2,completed
rep02,start_B,7,poisson,-74.72756502179672,149.45513004359344,,bfgs,7,True,4.1488201762973633e-13,True,0.08771438812631864,bernoulli,bernoulli,2,completed
rep02,start_B,8,bernoulli,-42.579182872941985,85.15836574588397,,bfgs,6,True,1.5904211281281277e-11,True,1.1892374265144654,bernoulli,bernoulli,2,completed
rep02,start_B,8,poisson,-73.78645782441951,147.57291564883903,,bfgs,9,True,3.993085151421383e-09,False,0.17107475200302885,bernoulli,bernoulli,2,completed
rep02,start_B,3,bernoulli,-48.882208283880935,97.76441656776187,,bfgs,6,False,2.3837426743611446e-08,False,0.6106089648422299,bernoulli,bernoulli,3,completed
rep02,start_B,3,poisson,-74.54625084748227,149.09250169496454,,bfgs,8,True,5.8125593227487114e-11,True,0.11327915338990255,bernoulli,bernoulli,3,completed
rep02,start_B,4,bernoulli,-49.58119811570471,99.16239623140942,,bfgs,6,True,6.544276232034463e-11,True,0.564962517938228,bernoulli,bernoulli,3,completed
rep02,start_B,4,poisson,-73.86284185304126,147.72568370608252,,bfgs,8,True,1.4990148011762016e-12,True,0.18126461097251423,bernoulli,bernoulli,3,completed
rep02,start_B,5,bernoulli,-49.22855468669615,98.4571093733923,,bfgs,6,False,4.483250488629409e-08,False,0.5604272844909326,bernoulli,bernoulli,3,completed
rep02,start_B,5,poisson,-74.80087267598606,149.6017453519721,,bfgs,12,True,8.870615353373523e-12,True,0.07513922878410227,bernoulli,bernoulli,3,completed
rep02,start_B,6,bernoulli,-43.59729869812984,87.19459739625968,,bfgs,7,True,4.259232966319359e-11,True,1.1570273985266306,bernoulli,bernoulli,3,completed
rep02,start_B,6,poisson,-73.73795517330885,147.4759103466177,,bfgs,10,True,4.341181664146987e-09,False,0.19409111224252232,bernoulli,bernoulli,3,completed
rep02,start_B,7,bernoulli,-51.71298183190915,103.4259636638183,,bfgs,7,True,3.724576203012475e-12,True,0.1631152617456824,bernoulli,bernoulli,3,completed
rep02,start_B,7,poisson,-74.60019390186199,149.20038780372397,,bfgs,8,True,3.805789017263805e-13,True,0.10174290041200222,bernoulli,bernoulli,3,completed
rep02,start_B,8,bernoulli,-42.12786019188899,84.25572038377798,,bfgs,7,True,1.2171330610044607e-11,True,1.219208095265291,bernoulli,bernoulli,3,completed
rep02,start_B,8,poisson,-73.51072644040491,147.02145288080982,,bfgs,11,True,3.494596256814475e-09,False,0.1867323934852051,bernoulli,bernoulli,3,completed
rep02,start_B,3,bernoulli,-49.11963024581053,98.23926049162105,,bfgs,10,True,8.4563245295044e-11,True,0.5662961556920908,bernoulli,bernoulli,4,completed
rep02,start_B,3,poisson,-74.54396352676909,149.08792705353818,,bfgs,13,True,1.1531827048827381e-09,False,0.10798600135477762,bernoulli,bernoulli,4,completed
rep02,start_B,4,bernoulli,-49.174005811946074,98.34801162389215,,bfgs,9,True,2.2232971019775504e-11,True,0.5977464352726658,bernoulli,bernoulli,4,completed
rep02,start_B,4,poisson,-73.88579953926467,147.77159907852933,,bfgs,9,True,1.6460810492446852e-11,True,0.17351139145465647,bernoulli,bernoulli,4,completed
rep02,start_B,5,bernoulli,-49.09980674272216,98.19961348544432,,bfgs,9,True,4.7250914292362725e-11,True,0.5507708325175307,bernoulli,bernoulli,4,completed
rep02,start_B,5,poisson,-74.44810351047859,148.89620702095718,,bfgs,12,False,1.2345126110258065e-08,False,0.1320190068513818,bernoulli,bernoulli,4,completed
rep02,start_B,6,bernoulli,-43.77430406319638,87.54860812639276,,bfgs,8,True,6.682129072288489e-10,False,1.1161067119676233,bernoulli,bernoulli,4,completed
rep02,start_B,6,poisson,-73.27603556662694,146.5520711332539,,bfgs,12,True,1.3298704359954173e-10,False,0.23471426272765838,bernoulli,bernoulli,4,completed
rep02,start_B,7,bernoulli,-48.06867641764218,96.13735283528436,,bfgs,8,True,6.95328239430637e-12,True,0.9111499202493257,bernoulli,bernoulli,4,completed
rep02,start_B,7,poisson,-73.33427363951714,146.66854727903427,,bfgs,12,True,2.234402662892876e-11,True,0.2776980308638098,bernoulli,bernoulli,4,completed
rep02,start_B,8,bernoulli,-39.22760598980598,78.45521197961196,,bfgs,8,True,7.926115319634164e-11,True,1.5424355242905046,bernoulli,bernoulli,4,completed
rep02,start_B,8,poisson,-73.41155873897196,146.82311747794392,,bfgs,14,False,1.3204585602721863e-08,False,0.19320280269272597,bernoulli,bernoulli,4,completed
rep02,start_B,3,bernoulli,-49.20637622162859,98.41275244325718,,bfgs,9,True,6.530931351278468e-11,True,0.5442374439817339,bernoulli,bernoulli,5,completed
rep02,start_B,3,poisson,-74.17085878397299,148.34171756794598,,bfgs,16,True,4.921816731950912e-10,False,0.170666385243506,bernoulli,bernoulli,5,completed
rep02,start_B,4,bernoulli,-46.25158203534874,92.50316407069748,,bfgs,9,True,2.7761429599593158e-09,False,0.9438629239964552,bernoulli,bernoulli,5,completed
rep02,start_B,4,poisson,-72.4580807490352,144.9161614980704,,bfgs,13,False,2.2978946923046805e-08,False,0.2876087978543625,bernoulli,bernoulli,5,completed
rep02,start_B,5,bernoulli,-43.92771374262802,87.85542748525604,,bfgs,10,True,3.623590316692571e-12,True,1.2044522425765136,bernoulli,bernoulli,5,completed
rep02,start_B,5,poisson,-74.12537387958324,148.25074775916647,,bfgs,14,False,1.2150896638862819e-08,False,0.1860466609067462,bernoulli,bernoulli,5,completed
rep02,start_B,6,bernoulli,-42.21958289260817,84.43916578521635,,bfgs,10,True,1.2748749278479465e-10,False,1.233466627133455,bernoulli,bernoulli,5,completed
rep02,start_B,6,poisson,-72.65196739806713,145.30393479613426,,bfgs,13,True,2.1327828392259107e-10,False,0.2836908850106898,bernoulli,bernoulli,5,completed
rep02,start_B,7,bernoulli,-43.883709539051424,87.76741907810285,,bfgs,10,True,2.922758923773472e-10,False,1.3362302333748153,bernoulli,bernoulli,5,completed
rep02,start_B,7,poisson,-70.78252993072742,141.56505986145484,,bfgs,11,False,2.206670636439867e-07,False,0.4124216724348004,bernoulli,bernoulli,5,completed
rep02,start_B,8,bernoulli,-38.48370034878964,76.96740069757928,,bfgs,8,True,6.980602762496347e-11,True,1.50809931615478,bernoulli,bernoulli,5,completed
rep02,start_B,8,poisson,-73.27363052191757,146.54726104383514,,bfgs,14,False,2.2081044415145358e-08,False,0.19272163805729411,bernoulli,bernoulli,5,completed
rep03,start_B,3,bernoulli,-51.94095797326238,103.88191594652476,,bfgs,4,True,1.9491075420319247e-13,True,0.0694203741756355,bernoulli,bernoulli,1,completed
rep03,start_B,3,poisson,-74.4898310725796,148.9796621451592,,bfgs,4,True,8.37623304050794e-12,True,0.11930755313758486,bernoulli,bernoulli,1,completed
rep03,start_B,4,bernoulli,-51.83937172833432,103.67874345666864,,bfgs,4,True,3.2847502495769733e-12,True,0.12552626419539578,bernoulli,bernoulli,1,completed
rep03,start_B,4,poisson,-74.35770452821353,148.71540905642706,,bfgs,5,True,1.4210854715202005e-15,True,0.13413757421531844,bernoulli,bernoulli,1,completed
rep03,start_B,5,bernoulli,-51.9343813113875,103.868762622775,,bfgs,3,True,3.918123603341428e-11,True,0.07432373463757187,bernoulli,bernoulli,1,completed
rep03,start_B,5,poisson,-74.7597390605108,149.5194781210216,,bfgs,5,True,1.0802470029602773e-14,True,0.08138999304136003,bernoulli,bernoulli,1,completed
rep03,start_B,6,bernoulli,-51.73032092128453,103.46064184256906,,bfgs,3,True,5.5433291290540866e-11,True,0.16618958063791497,bernoulli,bernoulli,1,completed
rep03,start_B,6,poisson,-74.25340209436146,148.50680418872292,,bfgs,4,True,2.3944668470221586e-11,True,0.14481256642062754,bernoulli,bernoulli,1,completed
rep03,start_B,7,bernoulli,-51.9755205386454,103.9510410772908,,bfgs,4,True,4.910294393312143e-13,True,0.03350368114273779,bernoulli,bernoulli,1,completed
rep03,start_B,7,poisson,-74.69353921161627,149.38707842323254,,bfgs,5,True,5.861977570020827e-14,True,0.09208657533124857,bernoulli,bernoulli,1,completed
rep03,start_B,8,bernoulli,-49.8902737669236,99.7805475338472,,bfgs,5,True,1.2434497875801752e-15,True,0.4975102535788346,bernoulli,bernoulli,1,completed
rep03,start_B,8,poisson,-74.98746194880444,149.97492389760887,,bfgs,7,True,1.4210854715202005e-15,True,0.018203806794052327,bernoulli,bernoulli,1,completed
rep03,start_B,3,bernoulli,-48.581649672947364,97.16329934589473,,bfgs,6,True,1.624966827762364e-11,True,0.6806620069291508,bernoulli,bernoulli,2,completed
rep03,start_B,3,poisson,-73.25837121008354,146.51674242016708,,bfgs,6,True,1.2617089595323704e-10,False,0.2230767665089222,bernoulli,bernoulli,2,completed
rep03,start_B,4,bernoulli,-51.37639506121339,102.75279012242677,,bfgs,5,True,4.987121826616203e-14,True,0.26002339270801395,bernoulli,bernoulli,2,completed
rep03,start_B,4,poisson,-74.18241510676246,148.36483021352493,,bfgs,6,True,3.7332803515255366e-12,True,0.14450722603438337,bernoulli,bernoulli,2,completed
rep03,start_B,5,bernoulli,-51.29420009445331,102.58840018890662,,bfgs,6,True,7.592593220806521e-13,True,0.2886329775293949,bernoulli,bernoulli,2,completed
rep03,start_B,5,poisson,-74.38023571258543,148.76047142517086,,bfgs,6,True,1.0214539214459251e-10,False,0.1317228874935049,bernoulli,bernoulli,2,completed
rep03,start_B,6,bernoulli,-50.147373863967026,100.29474772793405,,bfgs,6,True,1.9607337975457996e-11,True,0.47626402174862525,bernoulli,bernoulli,2,completed
rep03,start_B,6,poisson,-73.97426556503095,147.9485311300619,,bfgs,6,True,3.1026292646174624e-13,True,0.16434712995450235,bernoulli,bernoulli,2,completed
rep03,start_B,7,bernoulli,-45.87624096553882,91.75248193107764,,bfgs,5,True,9.184046412258339e-10,False,0.9657480825188332,bernoulli,bernoulli,2,completed
rep03,start_B,7,poisson,-72.86180715737429,145.72361431474857,,bfgs,11,True,7.829346060361786e-11,True,0.25072593273851873,bernoulli,bernoulli,2,completed
rep03,start_B,8,bernoulli,-48.10127458306453,96.20254916612906,,bfgs,6,False,2.4548820132253014e-08,False,0.690025142326266,bernoulli,bernoulli,2,completed
rep03,start_B,8,poisson,-74.83254608042671,149.66509216085342,,bfgs,10,True,2.693483214244452e-10,False,0.06911214103445452,bernoulli,bernoulli,2,completed
rep03,start_B,3,bernoulli,-46.44097286900406,92.88194573800811,,bfgs,7,True,6.2464700079090104e-12,True,0.8934052123327112,bernoulli,bernoulli,3,completed
rep03,start_B,3,poisson,-72.36827315713943,144.73654631427885,,bfgs,9,True,7.763595544219015e-10,False,0.26642354534891177,bernoulli,bernoulli,3,completed
rep03,start_B,4,bernoulli,-51.81152812168623,103.62305624337246,,bfgs,7,True,3.3243074959443676e-12,True,0.13523890440754868,bernoulli,bernoulli,3,completed
rep03,start_B,4,poisson,-74.44162862370757,148.88325724741514,,bfgs,6,False,2.8125289591451884e-07,False,0.11566992467804772,bernoulli,bernoulli,3,completed
rep03,start_B,5,bernoulli,-50.89619187011292,101.79238374022584,,bfgs,7,True,1.640976243777459e-12,True,0.35218832680428885,bernoulli,bernoulli,3,completed
rep03,start_B,5,poisson,-74.29564416110904,148.59128832221808,,bfgs,8,True,3.0841681292193e-11,True,0.1365578200530561,bernoulli,bernoulli,3,completed
rep03,start_B,6,bernoulli,-48.65671075192129,97.31342150384258,,bfgs,7,True,7.018645331591245e-10,False,0.641166007003714,bernoulli,bernoulli,3,completed
rep03,start_B,6,poisson,-73.84991853562428,147.69983707124857,,bfgs,12,True,5.060352137320478e-12,True,0.16907212038781,bernoulli,bernoulli,3,completed
rep03,start_B,7,bernoulli,-45.318502911348595,90.63700582269719,,bfgs,7,True,3.597655506837327e-12,True,1.007527141895151,bernoulli,bernoulli,3,completed
rep03,start_B,7,poisson,-72.61380267953564,145.22760535907128,,bfgs,10,True,2.0692099811370214e-09,False,0.25632191666708026,bernoulli,bernoulli,3,completed
rep03,start_B,8,bernoulli,-43.71059593097329,87.42119186194658,,bfgs,8,True,1.8195080997429613e-10,False,1.1228316655895447,bernoulli,bernoulli,3,completed
rep03,start_B,8,poisson,-74.27213842178165,148.5442768435633,,bfgs,10,True,8.598290690553512e-11,True,0.14468293332250057,bernoulli,bernoulli,3,completed
rep03,start_B,3,bernoulli,-45.17383014080063,90.34766028160126,,bfgs,8,True,5.281020065694974e-12,True,0.978074984813196,bernoulli,bernoulli,4,completed
rep03,start_B,3,poisson,-72.4593866385201,144.9187732770402,,bfgs,14,True,3.9104541826873174e-10,False,0.24809322504660528,bernoulli,bernoulli,4,completed
rep03,start_B,4,bernoulli,-46.729605640937564,93.45921128187513,,bfgs,9,True,1.0911405112778993e-11,True,1.053792845961312,bernoulli,bernoulli,4,completed
rep03,start_B,4,poisson,-73.49937395142183,146.99874790284366,,bfgs,11,False,1.237879123650032e-08,False,0.2224177238213561,bernoulli,bernoulli,4,completed
rep03,start_B,5,bernoulli,-51.113863259896334,102.22772651979267,,bfgs,8,True,1.836752971939859e-11,True,0.29670163774839003,bernoulli,bernoulli,4,completed
rep03,start_B,5,poisson,-74.50752256754485,149.0150451350897,,bfgs,10,True,7.195538609394703e-12,True,0.1113727159253123,bernoulli,bernoulli,4,completed
rep03,start_B,6,bernoulli,-46.41917958941515,92.8383591788303,,bfgs,7,True,2.14368478523852e-10,False,0.9197392874731386,bernoulli,bernoulli,4,completed
rep03,start_B,6,poisson,-73.43902794417492,146.87805588834985,,bfgs,14,True,1.0716625364892707e-10,False,0.21566061709071707,bernoulli,bernoulli,4,completed
rep03,start_B,7,bernoulli,-43.829974425483286,87.65994885096657,,bfgs,9,True,4.4349413030886355e-12,True,1.1001663170938865,bernoulli,bernoulli,4,completed
rep03,start_B,7,poisson,-72.92153602232554,145.84307204465108,,bfgs,13,True,3.8610094676982955e-09,False,0.22580065086279755,bernoulli,bernoulli,4,completed
rep03,start_B,8,bernoulli,-38.357348674449774,76.71469734889955,,bfgs,9,True,2.722710945590734e-13,True,1.7937886208640064,bernoulli,bernoulli,4,completed
rep03,start_B,8,poisson,-73.03689327633694,146.07378655267388,,bfgs,16,False,1.0504993104287763e-07,False,0.266415831341296,bernoulli,bernoulli,4,completed
rep03,start_B,3,bernoulli,-41.37789173546901,82.75578347093801,,bfgs,9,True,6.053206824674362e-11,True,1.5291747941412275,bernoulli,bernoulli,5,completed
rep03,start_B,3,poisson,-71.73774730470966,143.47549460941931,,bfgs,13,False,1.6724736324746913e-07,False,0.28443081183967744,bernoulli,bernoulli,5,completed
rep03,start_B,4,bernoulli,-46.852930002290044,93.70586000458009,,bfgs,10,True,2.6328939028985587e-10,False,0.977880070161974,bernoulli,bernoulli,5,completed
rep03,start_B,4,poisson,-73.05916962709682,146.11833925419364,,bfgs,15,True,2.1184779930294438e-09,False,0.24831883861557916,bernoulli,bernoulli,5,completed
rep03,start_B,5,bernoulli,-49.70617462776727,99.41234925553454,,bfgs,9,True,7.522515943492181e-12,True,0.588460761405192,bernoulli,bernoulli,5,completed
rep03,start_B,5,poisson,-73.33391647217879,146.66783294435757,,bfgs,11,True,5.898765920164805e-11,True,0.2359023703338416,bernoulli,bernoulli,5,completed
rep03,start_B,6,bernoulli,-44.804436192871734,89.60887238574347,,bfgs,9,True,1.8438921944863296e-09,False,1.1344671146874474,bernoulli,bernoulli,5,completed
rep03,start_B,6,poisson,-73.30115209162196,146.60230418324392,,bfgs,11,True,1.0796826988013208e-09,False,0.22916597532603977,bernoulli,bernoulli,5,completed
rep03,start_B,7,bernoulli,-44.64150089479119,89.28300178958239,,bfgs,10,True,2.473284688164767e-10,False,1.0056053454438623,bernoulli,bernoulli,5,completed
rep03,start_B,7,poisson,-72.30868712906707,144.61737425813413,,bfgs,14,True,3.991391395175015e-09,False,0.2566925269171725,bernoulli,bernoulli,5,completed
rep03,start_B,8,bernoulli,-37.36156171917021,74.72312343834042,,bfgs,11,True,1.2825924766701746e-09,False,2.1075848775054298,bernoulli,bernoulli,5,completed
rep03,start_B,8,poisson,-72.22254051214523,144.44508102429046,,bfgs,19,False,1.8246026578516705e-08,False,0.3516940326431037,bernoulli,bernoulli,5,completed
rep04,start_B,3,bernoulli,-49.22868620080035,98.4573724016007,,bfgs,4,True,4.1859848920466903e-13,True,0.5769244745651537,bernoulli,bernoulli,1,completed
rep04,start_B,3,poisson,-74.41456859449292,148.82913718898584,,bfgs,5,True,5.046112416806636e-10,False,0.12416090569780937,bernoulli,bernoulli,1,completed
rep04,start_B,4,bernoulli,-51.597167747099796,103.19433549419959,,bfgs,4,True,3.774758283725532e-16,True,0.2054187812753091,bernoulli,bernoulli,1,completed
rep04,start_B,4,poisson,-74.93030882572117,149.86061765144234,,bfgs,4,True,9.869514094873467e-11,True,0.04307783072542907,bernoulli,bernoulli,1,completed
rep04,start_B,5,bernoulli,-50.992371919159446,101.98474383831889,,bfgs,4,True,2.575717417130363e-15,True,0.33280449815805324,bernoulli,bernoulli,1,completed
rep04,start_B,5,poisson,-74.7996357955756,149.5992715911512,,bfgs,5,True,7.854827899222983e-16,True,0.0729392296237455,bernoulli,bernoulli,1,completed
rep04,start_B,6,bernoulli,-42.795570459909605,85.59114091981921,,bfgs,5,True,9.769962616701378e-16,True,1.2305468592914754,bernoulli,bernoulli,1,completed
rep04,start_B,6,poisson,-73.15060592089142,146.30121184178284,,bfgs,6,True,8.688605390716475e-12,True,0.2177760413204404,bernoulli,bernoulli,1,completed
rep04,start_B,7,bernoulli,-51.57661960854428,103.15323921708855,,bfgs,4,True,1.4166445794216997e-12,True,0.2108719161582753,bernoulli,bernoulli,1,completed
rep04,start_B,7,poisson,-74.92599138468553,149.85198276937106,,bfgs,5,True,2.6645352591003756e-16,True,0.04439007326777355,bernoulli,bernoulli,1,completed
rep04,start_B,8,bernoulli,-51.6747085229194,103.3494170458388,,bfgs,4,True,4.440892098500626e-16,True,0.18348643773169365,bernoulli,bernoulli,1,completed
rep04,start_B,8,poisson,-74.894327781372,149.788655562744,,bfgs,5,True,3.722838926023542e-10,False,0.05302084568036288,bernoulli,bernoulli,1,completed
rep04,start_B,3,bernoulli,-50.054362284095575,100.10872456819115,,bfgs,6,True,2.9944213775223714e-12,True,0.4145685870509176,bernoulli,bernoulli,2,completed
rep04,start_B,3,poisson,-74.55461280815351,149.10922561630701,,bfgs,7,True,6.241949526697433e-11,True,0.10562290002533349,bernoulli,bernoulli,2,completed
rep04,start_B,4,bernoulli,-51.10172629642439,102.20345259284878,,bfgs,5,True,2.111293362361266e-11,True,0.32129849459906445,bernoulli,bernoulli,2,completed
rep04,start_B,4,poisson,-74.55600970225508,149.11201940451016,,bfgs,7,True,8.714673427334674e-12,True,0.1276669043208159,bernoulli,bernoulli,2,completed
rep04,start_B,5,bernoulli,-50.34328500071675,100.6865700014335,,bfgs,6,True,1.3637979634495424e-13,True,0.4454650442698419,bernoulli,bernoulli,2,completed
rep04,start_B,5,poisson,-74.3218950826819,148.6437901653638,,bfgs,8,True,6.000782093451562e-11,True,0.15568750245402685,bernoulli,bernoulli,2,completed
rep04,start_B,6,bernoulli,-42.73735727739263,85.47471455478527,,bfgs,5,True,3.6325331631559266e-10,False,1.065397236307113,bernoulli,bernoulli,2,completed
rep04,start_B,6,poisson,-73.20044955325184,146.4008991065037,,bfgs,9,True,1.7142806063574766e-10,False,0.1916475096074143,bernoulli,bernoulli,2,completed
rep04,start_B,7,bernoulli,-44.21328571442971,88.42657142885942,,bfgs,5,True,1.0280373552440381e-09,False,1.2295998787636409,bernoulli,bernoulli,2,completed
rep04,start_B,7,poisson,-72.39078359185821,144.78156718371642,,bfgs,8,True,8.076743718277158e-11,True,0.31588863132164585,bernoulli,bernoulli,2,completed
rep04,start_B,8,bernoulli,-51.11069546135245,102.2213909227049,,bfgs,4,False,2.318071556928203e-08,False,0.2843397745497071,bernoulli,bernoulli,2,completed
rep04,start_B,8,poisson,-74.50577461009404,149.01154922018807,,bfgs,7,True,1.1813254541248597e-10,False,0.11352749623732923,bernoulli,bernoulli,2,completed
rep04,start_B,3,bernoulli,-48.58335622656443,97.16671245312887,,bfgs,7,True,1.1947220990293772e-12,True,0.622324011350527,bernoulli,bernoulli,3,completed
rep04,start_B,3,poisson,-74.47411627604272,148.94823255208544,,bfgs,8,True,2.5825485472363853e-09,False,0.10575632077437723,bernoulli,bernoulli,3,completed
rep04,start_B,4,bernoulli,-51.005590747096804,102.01118149419361,,bfgs,6,True,3.212708765687466e-10,False,0.37227259889141423,bernoulli,bernoulli,3,completed
rep04,start_B,4,poisson,-74.80050999120586,149.6010199824117,,bfgs,8,True,1.9159962505455042e-11,True,0.08249441141221088,bernoulli,bernoulli,3,completed
rep04,start_B,5,bernoulli,-48.60191392081977,97.20382784163954,,bfgs,6,True,6.873791313921629e-10,False,0.6723812430813588,bernoulli,bernoulli,3,completed
rep04,start_B,5,poisson,-74.30676733229367,148.61353466458735,,bfgs,11,True,3.3103875196616173e-10,False,0.14151749695171634,bernoulli,bernoulli,3,completed
rep04,start_B,6,bernoulli,-41.617797145231314,83.23559429046263,,bfgs,6,True,4.822471089127589e-10,False,1.1300053801346295,bernoulli,bernoulli,3,completed
rep04,start_B,6,poisson,-72.59818924396707,145.19637848793414,,bfgs,10,True,3.4353378808305025e-09,False,0.21950497735714625,bernoulli,bernoulli,3,completed
rep04,start_B,7,bernoulli,-43.84810241659759,87.69620483319518,,bfgs,7,True,5.1554893687466575e-11,True,1.2423211230647575,bernoulli,bernoulli,3,completed
rep04,start_B,7,poisson,-72.80572469352003,145.61144938704007,,bfgs,10,True,6.223911386271652e-11,True,0.27020920297756135,bernoulli,bernoulli,3,completed
rep04,start_B,8,bernoulli,-48.00990434046214,96.01980868092429,,bfgs,8,True,3.703259920939672e-13,True,0.7483855302727928,bernoulli,bernoulli,3,completed
rep04,start_B,8,poisson,-74.42361804436985,148.8472360887397,,bfgs,11,True,3.5156715316730923e-10,False,0.12637673589423604,bernoulli,bernoulli,3,completed
rep04,start_B,3,bernoulli,-47.43767202115838,94.87534404231675,,bfgs,9,False,1.0551537787950593e-08,False,0.696176039526034,bernoulli,bernoulli,4,completed
rep04,start_B,3,poisson,-74.28050647193378,148.56101294386755,,bfgs,8,True,7.541301139113443e-10,False,0.12286411384673208,bernoulli,bernoulli,4,completed
rep04,start_B,4,bernoulli,-47.52656150686572,95.05312301373144,,bfgs,9,True,5.953744164344243e-11,True,0.8612796656095496,bernoulli,bernoulli,4,completed
rep04,start_B,4,poisson,-73.91658357699643,147.83316715399286,,bfgs,12,True,6.274619712698382e-10,False,0.19314212772084918,bernoulli,bernoulli,4,completed
rep04,start_B,5,bernoulli,-47.71288765680193,95.42577531360386,,bfgs,8,True,7.442077787356283e-11,True,0.7845999483041382,bernoulli,bernoulli,4,completed
rep04,start_B,5,poisson,-73.9241126919894,147.8482253839788,,bfgs,13,False,1.2817948391585788e-08,False,0.18465908632222694,bernoulli,bernoulli,4,completed
rep04,start_B,6,bernoulli,-40.62330938779663,81.24661877559326,,bfgs,8,True,9.720206028962508e-11,True,1.2012494116133117,bernoulli,bernoulli,4,completed
rep04,start_B,6,poisson,-72.7824862391476,145.5649724782952,,bfgs,13,True,7.641284632819989e-10,False,0.21544427143027794,bernoulli,bernoulli,4,completed
rep04,start_B,7,bernoulli,-38.55835520078918,77.11671040157836,,bfgs,8,True,3.818380100995e-09,False,1.703941812914815,bernoulli,bernoulli,4,completed
rep04,start_B,7,poisson,-71.5210352802128,143.0420705604256,,bfgs,14,True,2.290872325172444e-09,False,0.33578968360045774,bernoulli,bernoulli,4,completed
rep04,start_B,8,bernoulli,-44.566541991733246,89.13308398346649,,bfgs,8,True,3.3720937153702836e-11,True,1.120710786806088,bernoulli,bernoulli,4,completed
rep04,start_B,8,poisson,-73.30673805007591,146.61347610015181,,bfgs,12,True,1.8326502537746592e-09,False,0.22236726658091396,bernoulli,bernoulli,4,completed
rep04,start_B,3,bernoulli,-39.90898498060232,79.81796996120464,,bfgs,10,True,1.6916959388879605e-09,False,1.704079876718168,bernoulli,bernoulli,5,completed
rep04,start_B,3,poisson,-72.10531735397802,144.21063470795605,,bfgs,17,False,1.2325608533814147e-08,False,0.32003069132353945,bernoulli,bernoulli,5,completed
rep04,start_B,4,bernoulli,-48.10265829542864,96.20531659085728,,bfgs,9,True,2.195957193862341e-10,False,0.782188667311918,bernoulli,bernoulli,5,completed
rep04,start_B,4,poisson,-74.03934025151015,148.0786805030203,,bfgs,13,False,2.244175367760448e-08,False,0.17399249006266013,bernoulli,bernoulli,5,completed
rep04,start_B,5,bernoulli,-47.38446361606608,94.76892723213216,,bfgs,9,True,8.864988743084722e-11,True,0.8414824926545871,bernoulli,bernoulli,5,completed
rep04,start_B,5,poisson,-73.79804543014791,147.59609086029582,,bfgs,12,True,1.1599265548056791e-09,False,0.1948242619042531,bernoulli,bernoulli,5,completed
rep04,start_B,6,bernoulli,-37.104490617541515,74.20898123508303,,bfgs,10,True,3.5230485195825167e-12,True,1.753599403722811,bernoulli,bernoulli,5,completed
rep04,start_B,6,poisson,-71.27742591424229,142.55485182848457,,bfgs,14,True,4.979194567766854e-09,False,0.32608468052736866,bernoulli,bernoulli,5,completed
rep04,start_B,7,bernoulli,-40.26779910863065,80.5355982172613,,bfgs,10,True,2.3165123153034984e-10,False,1.4960386983704792,bernoulli,bernoulli,5,completed
rep04,start_B,7,poisson,-70.48290322018717,140.96580644037434,,bfgs,15,True,4.9551827530081026e-09,False,0.37970856611348225,bernoulli,bernoulli,5,completed
rep04,start_B,8,bernoulli,-47.72347934346985,95.4469586869397,,bfgs,10,True,1.3244516594568267e-11,True,0.7370214794285745,bernoulli,bernoulli,5,completed
rep04,start_B,8,poisson,-74.08229561135265,148.1645912227053,,bfgs,15,True,2.6133761821256486e-12,True,0.15456416596169334,bernoulli,bernoulli,5,completed
rep05,start_B,3,bernoulli,-51.86454674454094,103.72909348908188,,bfgs,4,True,2.503552920529728e-14,True,0.11413640819633672,bernoulli,bernoulli,1,completed
rep05,start_B,3,poisson,-74.82569918962216,149.6513983792443,,bfgs,4,True,3.321787289678468e-14,True,0.06892837337488024,bernoulli,bernoulli,1,completed
rep05,start_B,4,bernoulli,-43.87041892208985,87.7408378441797,,bfgs,4,True,1.8030021919912543e-14,True,1.1153529663383501,bernoulli,bernoulli,1,completed
rep05,start_B,4,poisson,-72.4072186391059,144.8144372782118,,bfgs,6,True,2.3092638912203257e-15,True,0.26894115504735056,bernoulli,bernoulli,1,completed
rep05,start_B,5,bernoulli,-47.15889415459789,94.31778830919578,,bfgs,5,True,3.4638958368304883e-15,True,0.7978192677196658,bernoulli,bernoulli,1,completed
rep05,start_B,5,poisson,-74.34581048282118,148.69162096564236,,bfgs,7,True,1.2079226507921703e-14,True,0.12821630112775717,bernoulli,bernoulli,1,completed
rep05,start_B,6,bernoulli,-50.96587701662229,101.93175403324457,,bfgs,4,True,4.1275316498001755e-14,True,0.33722713347913874,bernoulli,bernoulli,1,completed
rep05,start_B,6,poisson,-74.43838683671146,148.87677367342292,,bfgs,4,True,6.387423923115421e-12,True,0.1245037586430684,bernoulli,bernoulli,1,completed
rep05,start_B,7,bernoulli,-45.94138384100957,91.88276768201914,,bfgs,5,True,3.9968028886505636e-16,True,0.9177065289315882,bernoulli,bernoulli,1,completed
rep05,start_B,7,poisson,-72.9276404861262,145.8552809722524,,bfgs,6,True,7.904787935331115e-15,True,0.2404889245998181,bernoulli,bernoulli,1,completed
rep05,start_B,8,bernoulli,-51.939459020518576,103.87891804103715,,bfgs,4,True,5.329070518200751e-16,True,0.07055819032649947,bernoulli,bernoulli,1,completed
rep05,start_B,8,poisson,-74.87710597591075,149.7542119518215,,bfgs,4,True,9.414691248821327e-15,True,0.05778939394960279,bernoulli,bernoulli,1,completed
rep05,start_B,3,bernoulli,-50.47795608589597,100.95591217179194,,bfgs,5,True,4.060457747812052e-10,False,0.43076317092898986,bernoulli,bernoulli,2,completed
rep05,start_B,3,poisson,-74.71978750855635,149.4395750171127,,bfgs,6,True,5.845024464434801e-12,True,0.09047886487580976,bernoulli,bernoulli,2,completed
rep05,start_B,4,bernoulli,-41.37391696689817,82.74783393379634,,bfgs,5,True,4.915565288143852e-10,False,1.3202183810728818,bernoulli,bernoulli,2,completed
rep05,start_B,4,poisson,-71.77322595757202,143.54645191514405,,bfgs,8,True,8.516992000551227e-10,False,0.27847307464400833,bernoulli,bernoulli,2,completed
rep05,start_B,5,bernoulli,-43.816400742277416,87.63280148455483,,bfgs,6,True,3.186961805567989e-12,True,1.1441541644003836,bernoulli,bernoulli,2,completed
rep05,start_B,5,poisson,-73.33634289510526,146.67268579021052,,bfgs,7,False,1.3602677739754654e-08,False,0.21435065675987303,bernoulli,bernoulli,2,completed
rep05,start_B,6,bernoulli,-50.31793059847797,100.63586119695594,,bfgs,6,True,2.1227464230832993e-13,True,0.4295226453578676,bernoulli,bernoulli,2,completed
rep05,start_B,6,poisson,-74.23100225712139,148.46200451424278,,bfgs,6,True,7.863842910182938e-12,True,0.13891650359045632,bernoulli,bernoulli,2,completed
rep05,start_B,7,bernoulli,-47.81698766806534,95.63397533613067,,bfgs,6,False,6.23036238600605e-08,False,0.7041266939253298,bernoulli,bernoulli,2,completed
rep05,start_B,7,poisson,-73.41957917287121,146.83915834574242,,bfgs,10,True,2.6441824729772632e-09,False,0.19716325685557276,bernoulli,bernoulli,2,completed
rep05,start_B,8,bernoulli,-50.916389613133504,101.83277922626701,,bfgs,4,True,4.493596605925632e-11,True,0.3506383896533071,bernoulli,bernoulli,2,completed
rep05,start_B,8,poisson,-74.40428532802598,148.80857065605196,,bfgs,5,True,4.104935413806743e-09,False,0.12538119944987702,bernoulli,bernoulli,2,completed
rep05,start_B,3,bernoulli,-48.97154860350442,97.94309720700883,,bfgs,5,False,3.2958819540240826e-08,False,0.6427421652677684,bernoulli,bernoulli,3,completed
rep05,start_B,3,poisson,-73.93524488459923,147.87048976919846,,bfgs,7,True,1.2782410241385378e-09,False,0.18763116821765372,bernoulli,bernoulli,3,completed
rep05,start_B,4,bernoulli,-41.24981206696713,82.49962413393426,,bfgs,8,True,1.3546419541654587e-11,True,1.2427161023729634,bernoulli,bernoulli,3,completed
rep05,start_B,4,poisson,-70.70904838804802,141.41809677609604,,bfgs,10,True,1.289592876929646e-11,True,0.33300446567176445,bernoulli,bernoulli,3,completed
rep05,start_B,5,bernoulli,-44.17811562608627,88.35623125217253,,bfgs,7,True,1.4230394640435407e-12,True,1.034246488504615,bernoulli,bernoulli,3,completed
rep05,start_B,5,poisson,-72.63219666509765,145.2643933301953,,bfgs,9,True,4.65369713875674e-09,False,0.24667518441465966,bernoulli,bernoulli,3,completed
rep05,start_B,6,bernoulli,-49.76387042973228,99.52774085946456,,bfgs,6,True,1.2355005907238592e-12,True,0.49398221131345,bernoulli,bernoulli,3,completed
rep05,start_B,6,poisson,-73.84322958146474,147.68645916292948,,bfgs,8,True,9.422462809993704e-14,True,0.17563255441402018,bernoulli,bernoulli,3,completed
rep05,start_B,7,bernoulli,-47.764216227678425,95.52843245535685,,bfgs,8,False,2.048946652344341e-08,False,0.6726065010659449,bernoulli,bernoulli,3,completed
rep05,start_B,7,poisson,-73.0598310380091,146.1196620760182,,bfgs,11,True,8.605220980228978e-10,False,0.2185028875465709,bernoulli,bernoulli,3,completed
rep05,start_B,8,bernoulli,-50.310599262940734,100.62119852588147,,bfgs,6,False,1.3518843946513926e-07,False,0.45364809465264655,bernoulli,bernoulli,3,completed
rep05,start_B,8,poisson,-74.0485291492183,148.0970582984366,,bfgs,7,False,1.125679780500377e-08,False,0.15738166659476507,bernoulli,bernoulli,3,completed
rep05,start_B,3,bernoulli,-49.171587736112656,98.34317547222531,,bfgs,8,True,1.5562218180775745e-12,True,0.583655793778992,bernoulli,bernoulli,4,completed
rep05,start_B,3,poisson,-74.1329619327701,148.2659238655402,,bfgs,8,True,6.560585408266206e-11,True,0.1564334445219014,bernoulli,bernoulli,4,completed
rep05,start_B,4,bernoulli,-40.79418163753533,81.58836327507066,,bfgs,8,True,2.9181983496329166e-10,False,1.2132655948380286,bernoulli,bernoulli,4,completed
rep05,start_B,4,poisson,-70.75889263300783,141.51778526601566,,bfgs,11,True,3.885476940190813e-11,True,0.30200235097334704,bernoulli,bernoulli,4,completed
rep05,start_B,5,bernoulli,-41.18510045544224,82.37020091088448,,bfgs,8,True,4.71046490702065e-10,False,1.3490421983739165,bernoulli,bernoulli,4,completed
rep05,start_B,5,poisson,-72.62959395660351,145.25918791320703,,bfgs,12,True,5.904423616698296e-10,False,0.23532628323290367,bernoulli,bernoulli,4,completed
rep05,start_B,6,bernoulli,-47.37051213416596,94.74102426833193,,bfgs,9,True,1.4642953516386115e-12,True,0.8507915744958044,bernoulli,bernoulli,4,completed
rep05,start_B,6,poisson,-73.2428137225323,146.4856274450646,,bfgs,14,True,1.541886562872463e-10,False,0.216178847996317,bernoulli,bernoulli,4,completed
rep05,start_B,7,bernoulli,-42.12272647035599,84.24545294071198,,bfgs,8,True,5.114753065527111e-12,True,1.358995088762485,bernoulli,bernoulli,4,completed
rep05,start_B,7,poisson,-71.40131105021723,142.80262210043446,,bfgs,12,True,1.7432607801737276e-09,False,0.32989370416541464,bernoulli,bernoulli,4,completed
rep05,start_B,8,bernoulli,-48.896906637761035,97.79381327552207,,bfgs,10,True,1.2020340278695586e-11,True,0.6605864648102281,bernoulli,bernoulli,4,completed
rep05,start_B,8,poisson,-73.54639253813407,147.09278507626814,,bfgs,7,False,1.1795414316395636e-07,False,0.20269412565250047,bernoulli,bernoulli,4,completed
rep05,start_B,3,bernoulli,-48.32225714229045,96.6445142845809,,bfgs,9,True,8.284434471761415e-10,False,0.747373364576252,bernoulli,bernoulli,5,completed
rep05,start_B,3,poisson,-74.14266346526314,148.28532693052628,,bfgs,14,True,5.618343568158934e-10,False,0.16425319510833533,bernoulli,bernoulli,5,completed
rep05,start_B,4,bernoulli,-36.83048043444255,73.6609608688851,,bfgs,9,True,5.255480495236497e-11,True,1.719163479243783,bernoulli,bernoulli,5,completed
rep05,start_B,4,poisson,-70.46512015159942,140.93024030319884,,bfgs,16,True,1.3106403295992663e-09,False,0.31983540088760143,bernoulli,bernoulli,5,completed
rep05,start_B,5,bernoulli,-40.60465321131027,81.20930642262054,,bfgs,10,True,5.006404180107893e-11,True,1.2902533327668624,bernoulli,bernoulli,5,completed
rep05,start_B,5,poisson,-72.07725187732949,144.15450375465898,,bfgs,13,True,8.809658780251084e-10,False,0.24924837107379558,bernoulli,bernoulli,5,completed
rep05,start_B,6,bernoulli,-49.80152627826236,99.60305255652472,,bfgs,10,True,3.659716263371138e-09,False,0.5010018361174952,bernoulli,bernoulli,5,completed
rep05,start_B,6,poisson,-74.0648889217103,148.1297778434206,,bfgs,14,False,2.7755518809784164e-07,False,0.15178842669891185,bernoulli,bernoulli,5,completed
rep05,start_B,7,bernoulli,-41.221098220031266,82.44219644006253,,bfgs,9,True,3.515254753949648e-12,True,1.3304769321966563,bernoulli,bernoulli,5,completed
rep05,start_B,7,poisson,-71.72660306432208,143.45320612864415,,bfgs,11,True,4.324967051161366e-11,True,0.2869771785745399,bernoulli,bernoulli,5,completed
rep05,start_B,8,bernoulli,-48.218505373094835,96.43701074618967,,bfgs,9,True,8.792716332806094e-10,False,0.7041689672726154,bernoulli,bernoulli,5,completed
rep05,start_B,8,poisson,-73.71893992204807,147.43787984409613,,bfgs,14,True,1.7689458786662726e-09,False,0.17808513861678163,bernoulli,bernoulli,5,completed
rep06,start_B,3,bernoulli,-51.98579008602833,103.97158017205666,,bfgs,3,True,2.3891999489933367e-14,True,0.00514803177046645,bernoulli,bernoulli,1,completed
rep06,start_B,3,poisson,-74.37219545713151,148.74439091426302,,bfgs,5,True,4.440892098500626e-16,True,0.13213673234660095,bernoulli,bernoulli,1,completed
rep06,start_B,4,bernoulli,-51.643171930515486,103.28634386103097,,bfgs,4,True,1.5987211554602254e-14,True,0.19254718765172307,bernoulli,bernoulli,1,completed
rep06,start_B,4,poisson,-73.82639285638146,147.65278571276292,,bfgs,4,False,3.239833721302432e-08,False,0.1815145405129589,bernoulli,bernoulli,1,completed
rep06,start_B,5,bernoulli,-50.946547825203005,101.89309565040601,,bfgs,5,True,1.554312234475219e-16,True,0.3399695170108324,bernoulli,bernoulli,1,completed
rep06,start_B,5,poisson,-74.92691784892126,149.85383569784253,,bfgs,5,True,3.3306690738754696e-15,True,0.04451909680642196,bernoulli,bernoulli,1,completed
rep06,start_B,6,bernoulli,-50.69602052144564,101.39204104289128,,bfgs,3,True,9.65311164335958e-11,True,0.3806439203103604,bernoulli,bernoulli,1,completed
rep06,start_B,6,poisson,-73.1455775280516,146.2911550561032,,bfgs,4,True,2.9531932455029164e-13,True,0.22881189287217046,bernoulli,bernoulli,1,completed
rep06,start_B,7,bernoulli,-51.25342385131758,102.50684770263516,,bfgs,3,True,1.891180057000952e-09,False,0.2836568455793544,bernoulli,bernoulli,1,completed
rep06,start_B,7,poisson,-73.50985753995151,147.01971507990302,,bfgs,4,False,4.509518785056343e-08,False,0.20486054327118677,bernoulli,bernoulli,1,completed
rep06,start_B,8,bernoulli,-39.80133970122345,79.6026794024469,,bfgs,1,True,2.466595816486006e-11,True,1.4882189087653588,bernoulli,bernoulli,1,completed
rep06,start_B,8,poisson,-74.32822506983386,148.65645013966773,,bfgs,8,True,1.304512053934559e-15,True,0.1296500167342947,bernoulli,bernoulli,1,completed
rep06,start_B,3,bernoulli,-51.89242423942984,103.78484847885969,,bfgs,5,True,4.099574013594065e-11,True,0.09904659537223627,bernoulli,bernoulli,2,completed
rep06,start_B,3,poisson,-74.65703378529508,149.31406757059017,,bfgs,6,True,1.110588954134073e-10,False,0.09614512544669718,bernoulli,bernoulli,2,completed
rep06,start_B,4,bernoulli,-51.371979076614856,102.74395815322971,,bfgs,6,True,4.569121081487992e-10,False,0.25561969606117124,bernoulli,bernoulli,2,completed
rep06,start_B,4,poisson,-73.88160472915384,147.76320945830767,,bfgs,6,True,1.3337952964320721e-11,True,0.17313972180414602,bernoulli,bernoulli,2,completed
rep06,start_B,5,bernoulli,-51.14827885311426,102.29655770622853,,bfgs,5,True,5.538769443091951e-12,True,0.3018362597755065,bernoulli,bernoulli,2,completed
rep06,start_B,5,poisson,-74.91540531764454,149.83081063528908,,bfgs,8,True,1.0544987105731707e-11,True,0.04713292348944436,bernoulli,bernoulli,2,completed
rep06,start_B,6,bernoulli,-45.72530865014542,91.45061730029084,,bfgs,6,True,4.469713488219895e-12,True,0.920391233562506,bernoulli,bernoulli,2,completed
rep06,start_B,6,poisson,-72.41769488686064,144.8353897737213,,bfgs,9,True,4.286224708494046e-11,True,0.2598003442098484,bernoulli,bernoulli,2,completed
rep06,start_B,7,bernoulli,-43.27141358561467,86.54282717122933,,bfgs,4,True,1.4094325706537347e-11,True,1.1478072973824582,bernoulli,bernoulli,2,completed
rep06,start_B,7,poisson,-72.09541333519275,144.1908266703855,,bfgs,9,True,3.656235314508649e-11,True,0.27464471094864795,bernoulli,bernoulli,2,completed
rep06,start_B,8,bernoulli,-38.169444362406864,76.33888872481373,,bfgs,7,True,6.092015780723159e-13,True,1.6179420141335203,bernoulli,bernoulli,2,completed
rep06,start_B,8,poisson,-74.04865194620382,148.09730389240764,,bfgs,12,True,2.85619816686733e-10,False,0.15315866443096096,bernoulli,bernoulli,2,completed
rep06,start_B,3,bernoulli,-45.391217209200974,90.78243441840195,,bfgs,7,True,1.2671286242493807e-11,True,1.1118980796493423,bernoulli,bernoulli,3,completed
rep06,start_B,3,poisson,-73.78558641171385,147.5711728234277,,bfgs,11,True,2.513235397572089e-10,False,0.1928465025481887,bernoulli,bernoulli,3,completed
rep06,start_B,4,bernoulli,-44.977012823048156,89.95402564609631,,bfgs,7,True,8.963607633916126e-12,True,1.1359662169798472,bernoulli,bernoulli,3,completed
rep06,start_B,4,poisson,-71.04484056359867,142.08968112719734,,bfgs,10,True,2.905535367858647e-10,False,0.3553376656450269,bernoulli,bernoulli,3,completed
rep06,start_B,5,bernoulli,-50.11135957422875,100.2227191484575,,bfgs,6,True,4.118883012438346e-12,True,0.5079213829439135,bernoulli,bernoulli,3,completed
rep06,start_B,5,poisson,-74.79113795623758,149.58227591247515,,bfgs,7,True,5.437739147851062e-11,True,0.07146906509943725,bernoulli,bernoulli,3,completed
rep06,start_B,6,bernoulli,-45.0496541543899,90.0993083087798,,bfgs,8,True,4.0392578171122295e-11,True,1.015973637439849,bernoulli,bernoulli,3,completed
rep06,start_B,6,poisson,-72.42971525011255,144.8594305002251,,bfgs,11,True,1.4811893933597276e-10,False,0.2492148103071986,bernoulli,bernoulli,3,completed
rep06,start_B,7,bernoulli,-43.17684236144542,86.35368472289085,,bfgs,8,True,5.6111382207291174e-11,True,1.1053172017398745,bernoulli,bernoulli,3,completed
rep06,start_B,7,poisson,-71.79721208566993,143.59442417133985,,bfgs,11,True,1.0807998940265406e-10,False,0.27542109143137344,bernoulli,bernoulli,3,completed
rep06,start_B,8,bernoulli,-36.298916559503326,72.59783311900665,,bfgs,8,True,1.5744578973908575e-10,False,1.752753864614951,bernoulli,bernoulli,3,completed
rep06,start_B,8,poisson,-73.16094326767231,146.32188653534462,,bfgs,18,True,9.774716647203975e-10,False,0.22910087187359934,bernoulli,bernoulli,3,completed
rep06,start_B,3,bernoulli,-40.85552934686681,81.71105869373362,,bfgs,10,True,3.6321123886295934e-11,True,1.596895328483709,bernoulli,bernoulli,4,completed
rep06,start_B,3,poisson,-72.86430324118967,145.72860648237935,,bfgs,18,True,1.4207549803302299e-09,False,0.2588878257460203,bernoulli,bernoulli,4,completed
rep06,start_B,4,bernoulli,-43.07141832005725,86.1428366401145,,bfgs,8,True,5.089955124049084e-11,True,1.2921343067924995,bernoulli,bernoulli,4,completed
rep06,start_B,4,poisson,-70.68194509750383,141.36389019500766,,bfgs,12,True,1.2116014858065683e-10,False,0.34834162844736494,bernoulli,bernoulli,4,completed
rep06,start_B,5,bernoulli,-48.30956067447338,96.61912134894676,,bfgs,9,True,4.424220989562855e-11,True,0.7487711626123899,bernoulli,bernoulli,4,completed
rep06,start_B,5,poisson,-74.7543595065055,149.508719013011,,bfgs,10,True,1.390532133882516e-12,True,0.08712987689532516,bernoulli,bernoulli,4,completed
rep06,start_B,6,bernoulli,-39.53357383757158,79.06714767514316,,bfgs,9,True,1.816635730733651e-12,True,1.6083897592829834,bernoulli,bernoulli,4,completed
rep06,start_B,6,poisson,-71.82838599030073,143.65677198060146,,bfgs,12,True,6.291820398018899e-09,False,0.274521401015891,bernoulli,bernoulli,4,completed
rep06,start_B,7,bernoulli,-43.0978314934515,86.195662986903,,bfgs,8,True,9.413092527665868e-12,True,1.0979347676707112,bernoulli,bernoulli,4,completed
rep06,start_B,7,poisson,-71.98060080978772,143.96120161957543,,bfgs,10,False,1.865341143769683e-08,False,0.2608045677818747,bernoulli,bernoulli,4,completed
rep06,start_B,8,bernoulli,-32.89189343842351,65.78378687684702,,bfgs,8,True,7.122914036372662e-10,False,2.029136226518971,bernoulli,bernoulli,4,completed
rep06,start_B,8,poisson,-72.57608043494068,145.15216086988136,,bfgs,18,False,1.9763759960544913e-07,False,0.251130514831763,bernoulli,bernoulli,4,completed
rep06,start_B,3,bernoulli,-37.83811290532835,75.6762258106567,,bfgs,10,True,8.545613194854695e-09,False,2.037093792444723,bernoulli,bernoulli,5,completed
rep06,start_B,3,poisson,-71.5677348785043,143.1354697570086,,bfgs,16,True,8.425702180403505e-09,False,0.38476182448452195,bernoulli,bernoulli,5,completed
rep06,start_B,4,bernoulli,-44.639798350508755,89.27959670101751,,bfgs,9,True,2.5151791760436028e-11,True,1.0592345634314768,bernoulli,bernoulli,5,completed
rep06,start_B,4,poisson,-70.77417334370418,141.54834668740835,,bfgs,13,False,1.4772401257800993e-08,False,0.32431734189387423,bernoulli,bernoulli,5,completed
rep06,start_B,5,bernoulli,-48.99592141537176,97.99184283074352,,bfgs,10,True,7.101963461764172e-12,True,0.6447212610775667,bernoulli,bernoulli,5,completed
rep06,start_B,5,poisson,-74.7750002230986,149.5500004461972,,bfgs,14,True,4.4535468646245134e-10,False,0.07263649260872403,bernoulli,bernoulli,5,completed
rep06,start_B,6,bernoulli,-35.67334896259369,71.34669792518739,,bfgs,10,True,1.276882677370139e-09,False,2.0845292453324307,bernoulli,bernoulli,5,completed
rep06,start_B,6,poisson,-70.6474326738755,141.294865347751,,bfgs,15,True,1.9463182177048566e-09,False,0.3535751853655221,bernoulli,bernoulli,5,completed
rep06,start_B,7,bernoulli,-41.099402528344115,82.19880505668823,,bfgs,10,True,7.586389294544915e-11,True,1.2990431506945366,bernoulli,bernoulli,5,completed
rep06,start_B,7,poisson,-71.37344893995031,142.74689787990062,,bfgs,13,True,9.942301204546312e-10,False,0.27133127904263277,bernoulli,bernoulli,5,completed
rep06,start_B,8,bernoulli,-28.3701886896125,56.740377379225,,bfgs,10,True,2.3304613239183427e-10,False,2.6152364225719453,bernoulli,bernoulli,5,completed
rep06,start_B,8,poisson,-71.64260743601463,143.28521487202926,,bfgs,32,False,5.193896655542041e-07,False,0.30246710174199165,bernoulli,bernoulli,5,completed
rep07,start_B,3,bernoulli,-51.34655984920248,102.69311969840496,,bfgs,3,True,7.161389259380257e-11,True,0.263959461611028,bernoulli,bernoulli,1,completed
rep07,start_B,3,poisson,-74.99797365026761,149.99594730053522,,bfgs,5,True,2.220446049250313e-16,True,0.007347785396806377,bernoulli,bernoulli,1,completed
rep07,start_B,4,bernoulli,-50.91321288521267,101.82642577042535,,bfgs,4,True,1.8740564655672644e-14,True,0.34438240319457003,bernoulli,bernoulli,1,completed
rep07,start_B,4,poisson,-74.97398441279161,149.94796882558322,,bfgs,5,True,1.865174681370263e-15,True,0.02629496452138225,bernoulli,bernoulli,1,completed
rep07,start_B,5,bernoulli,-51.78421649958618,103.56843299917236,,bfgs,4,True,1.8289192382781038e-11,True,0.1472137107114526,bernoulli,bernoulli,1,completed
rep07,start_B,5,poisson,-74.66502106804425,149.3300421360885,,bfgs,4,True,6.877209912659055e-12,True,0.09475171579065511,bernoulli,bernoulli,1,completed
rep07,start_B,6,bernoulli,-41.23312683330422,82.46625366660844,,bfgs,4,True,7.2668537853815e-11,True,1.3042533249095436,bernoulli,bernoulli,1,completed
rep07,start_B,6,poisson,-73.61174418500507,147.22348837001013,,bfgs,5,True,2.454036973631446e-12,True,0.18836708944845024,bernoulli,bernoulli,1,completed
rep07,start_B,7,bernoulli,-47.78126398069779,95.56252796139557,,bfgs,4,True,3.0551250418398014e-11,True,0.719729268504188,bernoulli,bernoulli,1,completed
rep07,start_B,7,poisson,-73.15996051597378,146.31992103194756,,bfgs,5,True,4.463096558993129e-14,True,0.22090422710872426,bernoulli,bernoulli,1,completed
rep07,start_B,8,bernoulli,-51.980296733715264,103.96059346743053,,bfgs,3,True,6.639822025533704e-11,True,0.024750266513138587,bernoulli,bernoulli,1,completed
rep07,start_B,8,poisson,-74.9002150481878,149.8004300963756,,bfgs,4,True,2.930988785010413e-15,True,0.05169064390769573,bernoulli,bernoulli,1,completed
rep07,start_B,3,bernoulli,-51.38787412977912,102.77574825955824,,bfgs,5,True,1.6286527682041196e-11,True,0.23555162727977558,bernoulli,bernoulli,2,completed
rep07,start_B,3,poisson,-74.81380563838744,149.62761127677487,,bfgs,6,True,5.913016964953499e-10,False,0.07808779551787576,bernoulli,bernoulli,2,completed
rep07,start_B,4,bernoulli,-49.89883760087402,99.79767520174804,,bfgs,6,True,3.946032389734455e-12,True,0.4963287765454286,bernoulli,bernoulli,2,completed
rep07,start_B,4,poisson,-74.0609917451732,148.1219834903464,,bfgs,6,True,3.865938147384896e-09,False,0.17602692882725782,bernoulli,bernoulli,2,completed
rep07,start_B,5,bernoulli,-46.19917284452501,92.39834568905002,,bfgs,5,True,1.6388227441765935e-10,False,0.9827197358654787,bernoulli,bernoulli,2,completed
rep07,start_B,5,poisson,-72.20212253315454,144.40424506630907,,bfgs,10,True,6.994405055138486e-16,True,0.31239777142098196,bernoulli,bernoulli,2,completed
rep07,start_B,6,bernoulli,-40.407983894410506,80.81596778882101,,bfgs,6,True,1.1251366505149463e-11,True,1.2949763240500134,bernoulli,bernoulli,2,completed
rep07,start_B,6,poisson,-73.56433095890057,147.12866191780114,,bfgs,10,True,5.796956603631998e-09,False,0.17645557795499145,bernoulli,bernoulli,2,completed
rep07,start_B,7,bernoulli,-46.88334803749436,93.76669607498872,,bfgs,6,True,1.8930412792883543e-13,True,0.770603850490725,bernoulli,bernoulli,2,completed
rep07,start_B,7,poisson,-73.17288892562476,146.34577785124952,,bfgs,9,True,1.2397638471384197e-12,True,0.20355136614031924,bernoulli,bernoulli,2,completed
rep07,start_B,8,bernoulli,-51.25934635103666,102.51869270207332,,bfgs,6,True,6.201794633398095e-12,True,0.3095147935238767,bernoulli,bernoulli,2,completed
rep07,start_B,8,poisson,-74.16939852158353,148.33879704316706,,bfgs,6,True,1.2126335491302598e-09,False,0.16747068151609415,bernoulli,bernoulli,2,completed
rep07,start_B,3,bernoulli,-50.99759528589085,101.9951905717817,,bfgs,7,True,2.8192115308911526e-12,True,0.31231817228776276,bernoulli,bernoulli,3,completed
rep07,start_B,3,poisson,-74.63640519156134,149.27281038312267,,bfgs,9,True,2.830802259268239e-12,True,0.10750815827017514,bernoulli,bernoulli,3,completed
rep07,start_B,4,bernoulli,-49.83219021869827,99.66438043739655,,bfgs,6,True,1.2390088954816747e-13,True,0.5007245655804468,bernoulli,bernoulli,3,completed
rep07,start_B,4,poisson,-73.92482131992291,147.84964263984583,,bfgs,9,True,6.820144449193322e-12,True,0.1865114303239947,bernoulli,bernoulli,3,completed
rep07,start_B,5,bernoulli,-45.520057793931564,91.04011558786313,,bfgs,7,True,1.3584156022261595e-11,True,1.0146487797670936,bernoulli,bernoulli,3,completed
rep07,start_B,5,poisson,-71.70806311839085,143.4161262367817,,bfgs,11,True,7.767453347184983e-11,True,0.3356167030177145,bernoulli,bernoulli,3,completed
rep07,start_B,6,bernoulli,-39.77566717439461,79.55133434878923,,bfgs,6,False,1.6181538287085572e-08,False,1.3436792024181166,bernoulli,bernoulli,3,completed
rep07,start_B,6,poisson,-73.53768145828069,147.07536291656137,,bfgs,12,True,5.645313549962339e-10,False,0.17830153190430362,bernoulli,bernoulli,3,completed
rep07,start_B,7,bernoulli,-41.601864068926446,83.20372813785289,,bfgs,7,True,7.398304191497118e-12,True,1.2411498247991097,bernoulli,bernoulli,3,completed
rep07,start_B,7,poisson,-72.57635006274243,145.15270012548487,,bfgs,9,True,5.6664055225752465e-09,False,0.23911747629100316,bernoulli,bernoulli,3,completed
rep07,start_B,8,bernoulli,-49.353212173493475,98.70642434698695,,bfgs,8,True,5.993834761852668e-10,False,0.5806493959058403,bernoulli,bernoulli,3,completed
rep07,start_B,8,poisson,-73.86641159129255,147.7328231825851,,bfgs,10,False,1.7299507844015237e-07,False,0.19207005474297448,bernoulli,bernoulli,3,completed
rep07,start_B,3,bernoulli,-46.79245205737217,93.58490411474433,,bfgs,9,True,2.1239956460306075e-10,False,0.921126844236233,bernoulli,bernoulli,4,completed
rep07,start_B,3,poisson,-74.45031444026844,148.90062888053689,,bfgs,11,True,4.630062644395138e-09,False,0.14185723208454426,bernoulli,bernoulli,4,completed
rep07,start_B,4,bernoulli,-43.85791871172135,87.7158374234427,,bfgs,8,True,1.6334285035668473e-10,False,1.2656422052603735,bernoulli,bernoulli,4,completed
rep07,start_B,4,poisson,-72.17741988310009,144.35483976620017,,bfgs,10,True,8.73591723404843e-09,False,0.32100162429490453,bernoulli,bernoulli,4,completed
rep07,start_B,5,bernoulli,-40.30027253122929,80.60054506245858,,bfgs,9,True,8.059553024963861e-12,True,1.5866036671995254,bernoulli,bernoulli,4,completed
rep07,start_B,5,poisson,-71.6917147637531,143.3834295275062,,bfgs,13,True,8.909983861826731e-11,True,0.3263902727893258,bernoulli,bernoulli,4,completed
rep07,start_B,6,bernoulli,-36.52303880421887,73.04607760843774,,bfgs,8,True,2.7274627001361296e-11,True,1.6233761063036034,bernoulli,bernoulli,4,completed
rep07,start_B,6,poisson,-72.77619615471647,145.55239230943295,,bfgs,13,True,5.314033479919544e-09,False,0.24590588001947067,bernoulli,bernoulli,4,completed
rep07,start_B,7,bernoulli,-38.07765569888777,76.15531139777553,,bfgs,8,True,4.800604358479177e-13,True,1.62306095544262,bernoulli,bernoulli,4,completed
rep07,start_B,7,poisson,-71.89103221377623,143.78206442755246,,bfgs,14,True,6.551920050945625e-09,False,0.2587684442976989,bernoulli,bernoulli,4,completed
rep07,start_B,8,bernoulli,-48.23190696107379,96.46381392214758,,bfgs,9,True,1.4801493364302588e-13,True,0.7205422550051175,bernoulli,bernoulli,4,completed
rep07,start_B,8,poisson,-74.12721844802984,148.25443689605967,,bfgs,13,True,1.0966749286467347e-09,False,0.15692138162099642,bernoulli,bernoulli,4,completed
rep07,start_B,3,bernoulli,-40.86450759974648,81.72901519949296,,bfgs,10,True,2.1496158186806725e-10,False,1.6343969093582764,bernoulli,bernoulli,5,completed
rep07,start_B,3,poisson,-73.2178022865942,146.4356045731884,,bfgs,14,True,4.648625218095504e-09,False,0.2500737707104486,bernoulli,bernoulli,5,completed
rep07,start_B,4,bernoulli,-44.76322252439253,89.52644504878506,,bfgs,10,True,2.5198030328965613e-10,False,1.054168582381119,bernoulli,bernoulli,5,completed
rep07,start_B,4,poisson,-72.9548118468149,145.9096236936298,,bfgs,14,True,1.5349883142334874e-09,False,0.24375971145335884,bernoulli,bernoulli,5,completed
rep07,start_B,5,bernoulli,-44.064573102920995,88.12914620584199,,bfgs,9,True,2.755075056981582e-11,True,1.1469946970865894,bernoulli,bernoulli,5,completed
rep07,start_B,5,poisson,-71.7514116531864,143.5028233063728,,bfgs,14,True,2.7323334705897653e-10,False,0.3214313936528598,bernoulli,bernoulli,5,completed
rep07,start_B,6,bernoulli,-37.338931479599545,74.67786295919909,,bfgs,9,True,2.7346311992637597e-09,False,1.5153282925432139,bernoulli,bernoulli,5,completed
rep07,start_B,6,poisson,-73.12250066134061,146.24500132268122,,bfgs,14,True,5.925845414367359e-09,False,0.19303344726381103,bernoulli,bernoulli,5,completed
rep07,start_B,7,bernoulli,-36.498679299927076,72.99735859985415,,bfgs,10,True,6.899974480667481e-11,True,1.7157943860231692,bernoulli,bernoulli,5,completed
rep07,start_B,7,poisson,-72.17819619119595,144.3563923823919,,bfgs,14,True,4.350613758141719e-10,False,0.24107037683795082,bernoulli,bernoulli,5,completed
rep07,start_B,8,bernoulli,-48.60207085533763,97.20414171067526,,bfgs,10,True,9.825501523508251e-12,True,0.6359502607047219,bernoulli,bernoulli,5,completed
rep07,start_B,8,poisson,-74.09132891394715,148.1826578278943,,bfgs,14,True,1.1373524344548969e-10,False,0.16261548897415765,bernoulli,bernoulli,5,completed
rep08,start_B,3,bernoulli,-48.73351716555522,97.46703433111044,,bfgs,5,True,1.2434497875801752e-15,True,0.6238677260572886,bernoulli,bernoulli,1,completed
rep08,start_B,3,poisson,-73.30425942868824,146.60851885737648,,bfgs,4,True,9.698659653167851e-11,True,0.21478387969268706,bernoulli,bernoulli,1,completed
rep08,start_B,4,bernoulli,-41.36070575963885,82.7214115192777,,bfgs,5,True,5.1514348342607263e-14,True,1.303658793496111,bernoulli,bernoulli,1,completed
rep08,start_B,4,poisson,-73.7724016703711,147.5448033407422,,bfgs,7,True,2.105338126057177e-12,True,0.1756998756051143,bernoulli,bernoulli,1,completed
rep08,start_B,5,bernoulli,-51.661629202037304,103.32325840407461,,bfgs,4,True,3.819167204710538e-15,True,0.1870607888791914,bernoulli,bernoulli,1,completed
rep08,start_B,5,poisson,-74.98474900591631,149.96949801183263,,bfgs,5,True,3.0198066269804257e-15,True,0.020210657511395193,bernoulli,bernoulli,1,completed
rep08,start_B,6,bernoulli,-49.9008968697971,99.8017937395942,,bfgs,4,True,2.343131910720331e-10,False,0.4891133783292109,bernoulli,bernoulli,1,completed
rep08,start_B,6,poisson,-74.90707405197963,149.81414810395927,,bfgs,5,True,4.0323300254385684e-14,True,0.049462444477407226,bernoulli,bernoulli,1,completed
rep08,start_B,7,bernoulli,-51.722998787852546,103.44599757570509,,bfgs,3,True,4.125465324911204e-09,False,0.1682625735489168,bernoulli,bernoulli,1,completed
rep08,start_B,7,poisson,-74.97696637253645,149.9539327450729,,bfgs,5,True,8.881784197001252e-16,True,0.024849312076909668,bernoulli,bernoulli,1,completed
rep08,start_B,8,bernoulli,-50.21023908999052,100.42047817998105,,bfgs,3,True,8.669382989268115e-11,True,0.4489012833786882,bernoulli,bernoulli,1,completed
rep08,start_B,8,poisson,-74.93685528384749,149.87371056769499,,bfgs,5,True,7.149836278586008e-14,True,0.040823227406772564,bernoulli,bernoulli,1,completed
rep08,start_B,3,bernoulli,-45.214040395810706,90.42808079162141,,bfgs,6,True,1.154987216978043e-12,True,0.9804868330900712,bernoulli,bernoulli,2,completed
rep08,start_B,3,poisson,-71.85518197757625,143.7103639551525,,bfgs,10,True,4.540694820143187e-10,False,0.2917383697105692,bernoulli,bernoulli,2,completed
rep08,start_B,4,bernoulli,-38.02161208427564,76.04322416855128,,bfgs,6,True,3.7281289166912757e-13,True,1.4792470536941924,bernoulli,bernoulli,2,completed
rep08,start_B,4,poisson,-73.17925171862818,146.35850343725636,,bfgs,11,True,7.437484361716429e-09,False,0.20675086459461772,bernoulli,bernoulli,2,completed
rep08,start_B,5,bernoulli,-50.156292321023884,100.31258464204777,,bfgs,7,True,1.4210854715202005e-15,True,0.5208614289488481,bernoulli,bernoulli,2,completed
rep08,start_B,5,poisson,-74.71821666987876,149.4364333397575,,bfgs,7,True,3.534821324535642e-11,True,0.09430099582291739,bernoulli,bernoulli,2,completed
rep08,start_B,6,bernoulli,-46.332883026602225,92.66576605320445,,bfgs,6,True,1.348201550399608e-11,True,0.9628362866932948,bernoulli,bernoulli,2,completed
rep08,start_B,6,poisson,-74.34886960427426,148.6977392085485,,bfgs,9,True,2.536405530051411e-10,False,0.15155586036959845,bernoulli,bernoulli,2,completed
rep08,start_B,7,bernoulli,-49.19829459723736,98.39658919447471,,bfgs,6,True,3.14996380090804e-09,False,0.6587146704126962,bernoulli,bernoulli,2,completed
rep08,start_B,7,poisson,-74.5727800739626,149.1455601479252,,bfgs,8,True,3.250523183950804e-09,False,0.11959736581503104,bernoulli,bernoulli,2,completed
rep08,start_B,8,bernoulli,-49.29945170668852,98.59890341337704,,bfgs,5,True,1.9702579012736976e-10,False,0.530270132492259,bernoulli,bernoulli,2,completed
rep08,start_B,8,poisson,-74.65498520767608,149.30997041535215,,bfgs,8,True,1.9912047566350566e-10,False,0.10387098108365934,bernoulli,bernoulli,2,completed
rep08,start_B,3,bernoulli,-44.817515156306435,89.63503031261287,,bfgs,7,True,2.8376936356266926e-10,False,0.9725234338527994,bernoulli,bernoulli,3,completed
rep08,start_B,3,poisson,-71.86454822482426,143.72909644964852,,bfgs,11,True,7.631914988870392e-10,False,0.277998080428391,bernoulli,bernoulli,3,completed
rep08,start_B,4,bernoulli,-37.802903442868285,75.60580688573657,,bfgs,7,True,2.4451551894344448e-12,True,1.4318596032921203,bernoulli,bernoulli,3,completed
rep08,start_B,4,poisson,-73.25834727825998,146.51669455651995,,bfgs,13,True,6.197534840879371e-09,False,0.1916604647901743,bernoulli,bernoulli,3,completed
rep08,start_B,5,bernoulli,-49.485585210218325,98.97117042043665,,bfgs,7,True,3.5704861289787e-11,True,0.6139027228705127,bernoulli,bernoulli,3,completed
rep08,start_B,5,poisson,-74.07860505345293,148.15721010690586,,bfgs,7,True,7.345057895236096e-11,True,0.17406763354824933,bernoulli,bernoulli,3,completed
rep08,start_B,6,bernoulli,-45.415728829900296,90.83145765980059,,bfgs,7,True,4.741589343382202e-11,True,0.9785436119059185,bernoulli,bernoulli,3,completed
rep08,start_B,6,poisson,-74.26263108950687,148.52526217901374,,bfgs,11,True,1.2268238314128154e-09,False,0.1494954822701664,bernoulli,bernoulli,3,completed
rep08,start_B,7,bernoulli,-48.90558979982172,97.81117959964344,,bfgs,7,True,1.914219893706104e-11,True,0.6637191304311425,bernoulli,bernoulli,3,completed
rep08,start_B,7,poisson,-74.23433370853313,148.46866741706626,,bfgs,10,False,4.51413180169169e-08,False,0.15725576603682317,bernoulli,bernoulli,3,completed
rep08,start_B,8,bernoulli,-48.072019237525936,96.14403847505187,,bfgs,7,True,7.587361849914487e-11,True,0.7068836687672996,bernoulli,bernoulli,3,completed
rep08,start_B,8,poisson,-74.01409261586238,148.02818523172476,,bfgs,8,True,4.45497860823707e-10,False,0.18087029238818034,bernoulli,bernoulli,3,completed
rep08,start_B,3,bernoulli,-45.9455567075404,91.8911134150808,,bfgs,9,True,2.41202613437963e-12,True,0.8642253333345281,bernoulli,bernoulli,4,completed
rep08,start_B,3,poisson,-71.26210641766731,142.52421283533462,,bfgs,12,True,1.8210103036597758e-09,False,0.3278702179001115,bernoulli,bernoulli,4,completed
rep08,start_B,4,bernoulli,-38.087389327627264,76.17477865525453,,bfgs,9,True,1.9711232646102416e-12,True,1.340206766161281,bernoulli,bernoulli,4,completed
rep08,start_B,4,poisson,-72.83478839009432,145.66957678018863,,bfgs,12,False,6.154165104632625e-07,False,0.23102646184612932,bernoulli,bernoulli,4,completed
rep08,start_B,5,bernoulli,-49.646200478842616,99.29240095768523,,bfgs,8,False,1.6221889653778022e-08,False,0.5768233386327,bernoulli,bernoulli,4,completed
rep08,start_B,5,poisson,-74.2530513233613,148.5061026467226,,bfgs,11,True,5.817986092893079e-11,True,0.15227077607047848,bernoulli,bernoulli,4,completed
rep08,start_B,6,bernoulli,-41.73401168530545,83.4680233706109,,bfgs,8,True,9.239621512335816e-10,False,1.3338517225575057,bernoulli,bernoulli,4,completed
rep08,start_B,6,poisson,-73.0452061395869,146.0904122791738,,bfgs,14,True,1.2947363181581296e-10,False,0.2636127898132854,bernoulli,bernoulli,4,completed
rep08,start_B,7,bernoulli,-47.897924230395354,95.79584846079071,,bfgs,9,True,9.007972145980148e-12,True,0.7541070326749769,bernoulli,bernoulli,4,completed
rep08,start_B,7,poisson,-74.06268538569293,148.12537077138586,,bfgs,13,True,1.1805071142845237e-09,False,0.1727041378055668,bernoulli,bernoulli,4,completed
rep08,start_B,8,bernoulli,-48.01224784004396,96.02449568008792,,bfgs,9,True,5.172235084671684e-10,False,0.7120687358521121,bernoulli,bernoulli,4,completed
rep08,start_B,8,poisson,-74.09654796082415,148.1930959216483,,bfgs,13,True,3.917376378836934e-09,False,0.15943941262813946,bernoulli,bernoulli,4,completed
rep08,start_B,3,bernoulli,-44.83125485050092,89.66250970100184,,bfgs,10,True,1.7207880453895542e-09,False,0.9707836431110904,bernoulli,bernoulli,5,completed
rep08,start_B,3,poisson,-71.69210452351041,143.38420904702082,,bfgs,13,True,1.2375322988589233e-12,True,0.2786091665208617,bernoulli,bernoulli,5,completed
rep08,start_B,4,bernoulli,-34.81297570483781,69.62595140967562,,bfgs,12,True,1.3910964380414726e-09,False,1.7118541829594256,bernoulli,bernoulli,5,completed
rep08,start_B,4,poisson,-72.77154949467631,145.54309898935261,,bfgs,14,True,1.9081285884681163e-09,False,0.23093164471045693,bernoulli,bernoulli,5,completed
rep08,start_B,5,bernoulli,-47.73511180973486,95.47022361946972,,bfgs,9,True,1.3083156780169248e-11,True,0.8132955037682645,bernoulli,bernoulli,5,completed
rep08,start_B,5,poisson,-73.35985333254216,146.71970666508432,,bfgs,12,True,1.372136182453687e-10,False,0.23567792579477867,bernoulli,bernoulli,5,completed
rep08,start_B,6,bernoulli,-43.59477239169585,87.1895447833917,,bfgs,9,True,4.770787098706819e-10,False,1.154085825509416,bernoulli,bernoulli,5,completed
rep08,start_B,6,poisson,-73.79905578135006,147.59811156270013,,bfgs,13,True,5.405948577674735e-10,False,0.1878300910881187,bernoulli,bernoulli,5,completed
rep08,start_B,7,bernoulli,-49.00507975598773,98.01015951197546,,bfgs,9,True,9.159508262968075e-09,False,0.6179640819646681,bernoulli,bernoulli,5,completed
rep08,start_B,7,poisson,-74.00758150936394,148.0151630187279,,bfgs,14,False,2.7380461009585133e-08,False,0.17396605764966558,bernoulli,bernoulli,5,completed
rep08,start_B,8,bernoulli,-47.620603317646804,95.24120663529361,,bfgs,10,True,1.6395498292354204e-10,False,0.7389174264330809,bernoulli,bernoulli,5,completed
rep08,start_B,8,poisson,-73.89915092693312,147.79830185386623,,bfgs,13,True,4.115998919473895e-09,False,0.19065580952398975,bernoulli,bernoulli,5,completed
rep09,start_B,3,bernoulli,-51.971968658431464,103.94393731686293,,bfgs,3,True,4.146794019277422e-12,True,0.03875035449822745,bernoulli,bernoulli,1,completed
rep09,start_B,3,poisson,-74.82409099841504,149.6481819968301,,bfgs,4,True,6.707967514785196e-13,True,0.06891736340877098,bernoulli,bernoulli,1,completed
rep09,start_B,4,bernoulli,-46.87824082853708,93.75648165707416,,bfgs,4,True,3.47579742765447e-12,True,0.8166527070839152,bernoulli,bernoulli,1,completed
rep09,start_B,4,poisson,-74.46867557438614,148.93735114877228,,bfgs,7,True,8.881784197001253e-17,True,0.11691201335959568,bernoulli,bernoulli,1,completed
rep09,start_B,5,bernoulli,-51.933368087243345,103.86673617448669,,bfgs,4,True,3.065059317464147e-12,True,0.07502957936103266,bernoulli,bernoulli,1,completed
rep09,start_B,5,poisson,-74.94022011039644,149.88044022079288,,bfgs,5,True,3.641531520770513e-15,True,0.040087203635297254,bernoulli,bernoulli,1,completed
rep09,start_B,6,bernoulli,-48.89561826412756,97.79123652825513,,bfgs,4,True,1.1546319456101628e-15,True,0.6097273535256154,bernoulli,bernoulli,1,completed
rep09,start_B,6,poisson,-74.74955192351895,149.4991038470379,,bfgs,6,True,1.1540712829827271e-11,True,0.08079371990081317,bernoulli,bernoulli,1,completed
rep09,start_B,7,bernoulli,-51.292469449522784,102.58493889904557,,bfgs,4,True,5.10702591327572e-16,True,0.27561927761127386,bernoulli,bernoulli,1,completed
rep09,start_B,7,poisson,-74.39555101809708,148.79110203619416,,bfgs,4,True,2.0117241206207835e-14,True,0.12809847835536098,bernoulli,bernoulli,1,completed
rep09,start_B,8,bernoulli,-50.857817990549634,101.71563598109927,,bfgs,3,True,5.288490534383072e-09,False,0.3544837878394247,bernoulli,bernoulli,1,completed
rep09,start_B,8,poisson,-74.20572583823835,148.4114516764767,,bfgs,4,True,4.757350069439781e-12,True,0.14689367223292907,bernoulli,bernoulli,1,completed
rep09,start_B,3,bernoulli,-51.95601714091183,103.91203428182367,,bfgs,6,True,5.408686831742671e-11,True,0.05890836047823913,bernoulli,bernoulli,2,completed
rep09,start_B,3,poisson,-74.71031969114759,149.42063938229518,,bfgs,6,True,2.9775293342027e-12,True,0.0867845158123733,bernoulli,bernoulli,2,completed
rep09,start_B,4,bernoulli,-45.56204979910206,91.12409959820413,,bfgs,5,False,4.1559731300822024e-08,False,0.8843914485138893,bernoulli,bernoulli,2,completed
rep09,start_B,4,poisson,-74.45873711743539,148.91747423487078,,bfgs,8,True,2.546940436332079e-12,True,0.11237104362701324,bernoulli,bernoulli,2,completed
rep09,start_B,5,bernoulli,-47.89074606471738,95.78149212943477,,bfgs,6,True,7.198508455985575e-12,True,0.7407951708247019,bernoulli,bernoulli,2,completed
rep09,start_B,5,poisson,-74.7149566670112,149.4299133340224,,bfgs,8,False,6.980731370731519e-08,False,0.09137438776958054,bernoulli,bernoulli,2,completed
rep09,start_B,6,bernoulli,-44.245873552659724,88.49174710531945,,bfgs,5,True,1.377667424584672e-11,True,1.0917961967381455,bernoulli,bernoulli,2,completed
rep09,start_B,6,poisson,-72.5259394459067,145.0518788918134,,bfgs,8,True,1.5330478664310476e-09,False,0.2745163887134342,bernoulli,bernoulli,2,completed
rep09,start_B,7,bernoulli,-51.479398736395716,102.95879747279143,,bfgs,5,True,8.880736146466006e-11,True,0.22273536700691107,bernoulli,bernoulli,2,completed
rep09,start_B,7,poisson,-74.23694590542185,148.4738918108437,,bfgs,5,False,1.0477933543029394e-08,False,0.1400991308851891,bernoulli,bernoulli,2,completed
rep09,start_B,8,bernoulli,-50.36797711580631,100.73595423161262,,bfgs,6,True,1.1901590823981678e-12,True,0.43708546343769156,bernoulli,bernoulli,2,completed
rep09,start_B,8,poisson,-74.32677830207467,148.65355660414934,,bfgs,7,True,2.900257811688789e-12,True,0.12794775726037041,bernoulli,bernoulli,2,completed
rep09,start_B,3,bernoulli,-46.9978427980018,93.9956855960036,,bfgs,7,True,4.422302524176302e-11,True,0.9235953988021868,bernoulli,bernoulli,3,completed
rep09,start_B,3,poisson,-74.21704621204098,148.43409242408197,,bfgs,11,False,1.4818686331352637e-07,False,0.15646352569716065,bernoulli,bernoulli,3,completed
rep09,start_B,4,bernoulli,-45.88377605836025,91.7675521167205,,bfgs,9,True,1.9701573705788176e-12,True,0.8178158410028192,bernoulli,bernoulli,3,completed
rep09,start_B,4,poisson,-74.47434689066301,148.94869378132603,,bfgs,10,True,1.568167817822541e-12,True,0.10652915847057232,bernoulli,bernoulli,3,completed
rep09,start_B,5,bernoulli,-41.902064389795804,83.80412877959161,,bfgs,9,True,9.340528350776368e-13,True,1.3771630315830912,bernoulli,bernoulli,3,completed
rep09,start_B,5,poisson,-72.53630972761566,145.07261945523132,,bfgs,8,True,2.689723999083071e-11,True,0.28945720619340337,bernoulli,bernoulli,3,completed
rep09,start_B,6,bernoulli,-44.98711466327215,89.9742293265443,,bfgs,7,True,4.589156166190378e-10,False,0.9732516071091245,bernoulli,bernoulli,3,completed
rep09,start_B,6,poisson,-72.9564101240599,145.9128202481198,,bfgs,11,True,1.4412133708674447e-10,False,0.23791694733748645,bernoulli,bernoulli,3,completed
rep09,start_B,7,bernoulli,-51.38786744480935,102.7757348896187,,bfgs,7,True,2.956124234287927e-12,True,0.23161711023275697,bernoulli,bernoulli,3,completed
rep09,start_B,7,poisson,-74.16389511276199,148.32779022552398,,bfgs,8,True,5.638636224603033e-11,True,0.14162494739726408,bernoulli,bernoulli,3,completed
rep09,start_B,8,bernoulli,-48.01191561981709,96.02383123963418,,bfgs,7,True,5.31903410205814e-12,True,0.7670923323390064,bernoulli,bernoulli,3,completed
rep09,start_B,8,poisson,-73.14246760485142,146.28493520970284,,bfgs,10,False,1.4941546826463538e-07,False,0.24018269127758365,bernoulli,bernoulli,3,completed
rep09,start_B,3,bernoulli,-47.22344310864344,94.44688621728687,,bfgs,7,True,5.240078593260478e-10,False,0.8683208865049085,bernoulli,bernoulli,4,completed
rep09,start_B,3,poisson,-73.99937282695687,147.99874565391374,,bfgs,14,True,3.169020601490047e-13,True,0.16844114807314733,bernoulli,bernoulli,4,completed
rep09,start_B,4,bernoulli,-45.13057161637997,90.26114323275993,,bfgs,8,True,1.2885248423799566e-13,True,0.8238470850029043,bernoulli,bernoulli,4,completed
rep09,start_B,4,poisson,-73.9741507278766,147.9483014557532,,bfgs,11,False,1.3882366411976933e-08,False,0.1644821664700889,bernoulli,bernoulli,4,completed
rep09,start_B,5,bernoulli,-42.77350365097416,85.54700730194833,,bfgs,11,True,3.4611150057095585e-10,False,1.204133003421401,bernoulli,bernoulli,4,completed
rep09,start_B,5,poisson,-72.96077626266201,145.92155252532402,,bfgs,12,False,2.0709370796012648e-08,False,0.2609872510139662,bernoulli,bernoulli,4,completed
rep09,start_B,6,bernoulli,-45.117043280133814,90.23408656026763,,bfgs,8,True,2.2006563238363696e-13,True,0.92836051173333,bernoulli,bernoulli,4,completed
rep09,start_B,6,poisson,-72.66040657084181,145.32081314168363,,bfgs,12,True,7.877314800452951e-10,False,0.2567224107721444,bernoulli,bernoulli,4,completed
rep09,start_B,7,bernoulli,-48.13276501002968,96.26553002005936,,bfgs,7,False,1.81721133607482e-07,False,0.7918428728936412,bernoulli,bernoulli,4,completed
rep09,start_B,7,poisson,-73.9759536998745,147.951907399749,,bfgs,11,True,5.3903566055168994e-09,False,0.15230693729757389,bernoulli,bernoulli,4,completed
rep09,start_B,8,bernoulli,-45.88727075428962,91.77454150857923,,bfgs,8,True,2.5019781801916e-10,False,0.9656182390461536,bernoulli,bernoulli,4,completed
rep09,start_B,8,poisson,-73.42953974223231,146.85907948446462,,bfgs,12,True,9.032437020550787e-11,True,0.20386320934012656,bernoulli,bernoulli,4,completed
rep09,start_B,3,bernoulli,-45.801539338981605,91.60307867796321,,bfgs,9,True,5.776641387456038e-11,True,0.9927161008382873,bernoulli,bernoulli,5,completed
rep09,start_B,3,poisson,-73.9143917118759,147.8287834237518,,bfgs,11,False,9.287334599150653e-08,False,0.16728779235334693,bernoulli,bernoulli,5,completed
rep09,start_B,4,bernoulli,-45.024670649402175,90.04934129880435,,bfgs,9,True,9.49915524017797e-09,False,0.8023794475872063,bernoulli,bernoulli,5,completed
rep09,start_B,4,poisson,-74.23568222898848,148.47136445797696,,bfgs,13,False,1.5030665156956502e-08,False,0.14648122737009941,bernoulli,bernoulli,5,completed
rep09,start_B,5,bernoulli,-40.97047959593465,81.9409591918693,,bfgs,10,True,2.0531009781166178e-09,False,1.391459090002024,bernoulli,bernoulli,5,completed
rep09,start_B,5,poisson,-71.33240815184317,142.66481630368634,,bfgs,14,True,8.095202197466734e-09,False,0.3679988312393148,bernoulli,bernoulli,5,completed
rep09,start_B,6,bernoulli,-41.24689408092879,82.49378816185758,,bfgs,10,True,2.737353943516041e-09,False,1.3979530480241418,bernoulli,bernoulli,5,completed
rep09,start_B,6,poisson,-71.50858723096653,143.01717446193305,,bfgs,13,True,3.2613868050646034e-09,False,0.32083303264325125,bernoulli,bernoulli,5,completed
rep09,start_B,7,bernoulli,-44.48773728852821,88.97547457705642,,bfgs,9,True,4.2199710392765156e-11,True,1.217264585554988,bernoulli,bernoulli,5,completed
rep09,start_B,7,poisson,-72.77309018207421,145.54618036414843,,bfgs,12,True,3.455564723253701e-11,True,0.2566350577475279,bernoulli,bernoulli,5,completed
rep09,start_B,8,bernoulli,-45.51717411747508,91.03434823495016,,bfgs,10,True,2.006306232260613e-12,True,0.9919858588544761,bernoulli,bernoulli,5,completed
rep09,start_B,8,poisson,-72.88736823806401,145.77473647612803,,bfgs,12,False,2.261179723461737e-08,False,0.23981946433785659,bernoulli,bernoulli,5,completed
rep10,start_B,3,bernoulli,-50.29272075496338,100.58544150992677,,bfgs,3,False,4.580417218846833e-08,False,0.43909148994439157,bernoulli,bernoulli,1,completed
rep10,start_B,3,poisson,-74.27933265573577,148.55866531147154,,bfgs,4,True,8.799663220315778e-11,True,0.13972261770754169,bernoulli,bernoulli,1,completed
rep10,start_B,4,bernoulli,-46.87434489714489,93.74868979428977,,bfgs,4,True,7.649851863078539e-11,True,0.8161505733941044,bernoulli,bernoulli,1,completed
rep10,start_B,4,poisson,-74.2177400840527,148.4354801681054,,bfgs,7,True,4.0702325954100617e-10,False,0.14132323180096282,bernoulli,bernoulli,1,completed
rep10,start_B,5,bernoulli,-51.79141800694335,103.5828360138867,,bfgs,4,True,1.616484723854228e-14,True,0.14462010093046782,bernoulli,bernoulli,1,completed
rep10,start_B,5,poisson,-74.99962698650324,149.9992539730065,,bfgs,5,True,6.661338147750939e-16,True,0.0031528347485427453,bernoulli,bernoulli,1,completed
rep10,start_B,6,bernoulli,-51.91981549270154,103.83963098540308,,bfgs,3,True,5.875877562289133e-12,True,0.08415306567433847,bernoulli,bernoulli,1,completed
rep10,start_B,6,poisson,-74.89081639941861,149.78163279883722,,bfgs,4,True,1.9473311851925246e-14,True,0.05421165346833279,bernoulli,bernoulli,1,completed
rep10,start_B,7,bernoulli,-51.71640162838979,103.43280325677958,,bfgs,3,True,7.771450150073633e-12,True,0.17047039698992758,bernoulli,bernoulli,1,completed
rep10,start_B,7,poisson,-74.99661644851837,149.99323289703673,,bfgs,5,True,1.865174681370263e-15,True,0.009489077062498697,bernoulli,bernoulli,1,completed
rep10,start_B,8,bernoulli,-51.171165044757245,102.34233008951449,,bfgs,3,True,3.1080693574381257e-13,True,0.29947228679641347,bernoulli,bernoulli,1,completed
rep10,start_B,8,poisson,-74.93876802731602,149.87753605463203,,bfgs,5,True,5.657696533489798e-14,True,0.04021551295146653,bernoulli,bernoulli,1,completed
rep10,start_B,3,bernoulli,-50.31048115732764,100.62096231465527,,bfgs,6,True,1.988164022304062e-10,False,0.46666684183513585,bernoulli,bernoulli,2,completed
rep10,start_B,3,poisson,-73.68791307584327,147.37582615168654,,bfgs,5,True,4.535367637004128e-11,True,0.20637136368737183,bernoulli,bernoulli,2,completed
rep10,start_B,4,bernoulli,-47.88255737383698,95.76511474767396,,bfgs,4,True,4.7364112631953503e-11,True,0.6816420191488674,bernoulli,bernoulli,2,completed
rep10,start_B,4,poisson,-74.02435678222194,148.0487135644439,,bfgs,10,True,1.3110919155900902e-10,False,0.15377520145183723,bernoulli,bernoulli,2,completed
rep10,start_B,5,bernoulli,-47.77115427638993,95.54230855277986,,bfgs,6,True,1.1746298378412235e-13,True,0.7766200454603757,bernoulli,bernoulli,2,completed
rep10,start_B,5,poisson,-74.71715923547345,149.4343184709469,,bfgs,9,True,7.062794793455396e-13,True,0.08754723759698557,bernoulli,bernoulli,2,completed
rep10,start_B,6,bernoulli,-47.30356016605076,94.60712033210152,,bfgs,7,True,1.414915407060846e-12,True,0.7780041507977635,bernoulli,bernoulli,2,completed
rep10,start_B,6,poisson,-74.39138010070197,148.78276020140393,,bfgs,9,True,1.879385536085465e-13,True,0.11936618310571023,bernoulli,bernoulli,2,completed
rep10,start_B,7,bernoulli,-50.344708373233935,100.68941674646787,,bfgs,5,True,6.765149329623909e-10,False,0.4619716639761519,bernoulli,bernoulli,2,completed
rep10,start_B,7,poisson,-74.97985317168819,149.95970634337638,,bfgs,5,False,4.725423253360006e-07,False,0.024480537524367435,bernoulli,bernoulli,2,completed
rep10,start_B,8,bernoulli,-50.51420397784072,101.02840795568144,,bfgs,6,True,1.1191048088221578e-14,True,0.4349666394999989,bernoulli,bernoulli,2,completed
rep10,start_B,8,poisson,-74.96957932286105,149.9391586457221,,bfgs,6,True,2.395688480927305e-10,False,0.02793350057982334,bernoulli,bernoulli,2,completed
rep10,start_B,3,bernoulli,-43.627214489520114,87.25442897904023,,bfgs,7,True,4.1930725558358975e-11,True,1.3205330786015215,bernoulli,bernoulli,3,completed
rep10,start_B,3,poisson,-73.2791230481894,146.5582460963788,,bfgs,9,True,1.7336652113897344e-10,False,0.226117047976753,bernoulli,bernoulli,3,completed
rep10,start_B,4,bernoulli,-46.821167509106004,93.64233501821201,,bfgs,7,True,5.756106702392572e-12,True,0.7571752775858532,bernoulli,bernoulli,3,completed
rep10,start_B,4,poisson,-73.7329719056949,147.4659438113898,,bfgs,11,True,1.1713208625252492e-09,False,0.17667166141646792,bernoulli,bernoulli,3,completed
rep10,start_B,5,bernoulli,-44.337726819741405,88.67545363948281,,bfgs,7,True,6.134022179082876e-11,True,1.1009584614905472,bernoulli,bernoulli,3,completed
rep10,start_B,5,poisson,-74.49975809787577,148.99951619575154,,bfgs,11,True,8.875548296316538e-10,False,0.11145341901630272,bernoulli,bernoulli,3,completed
rep10,start_B,6,bernoulli,-44.620925919319326,89.24185183863865,,bfgs,8,True,7.908820265356553e-11,True,1.100593321090311,bernoulli,bernoulli,3,completed
rep10,start_B,6,poisson,-71.66052738816794,143.32105477633587,,bfgs,11,True,3.7616937342832557e-10,False,0.35670799622326166,bernoulli,bernoulli,3,completed
rep10,start_B,7,bernoulli,-49.13367448369963,98.26734896739926,,bfgs,6,True,3.025373729315106e-09,False,0.6130122334797373,bernoulli,bernoulli,3,completed
rep10,start_B,7,poisson,-74.82458169639219,149.64916339278437,,bfgs,11,False,2.5661438307622575e-08,False,0.07925325151342923,bernoulli,bernoulli,3,completed
rep10,start_B,8,bernoulli,-49.254226073282226,98.50845214656445,,bfgs,7,True,6.970655164195705e-11,True,0.6357037745477158,bernoulli,bernoulli,3,completed
rep10,start_B,8,poisson,-74.95666665725791,149.91333331451582,,bfgs,9,False,3.141142236096073e-07,False,0.03943327280784151,bernoulli,bernoulli,3,completed
rep10,start_B,3,bernoulli,-44.86743291203497,89.73486582406994,,bfgs,9,True,1.4535705972207325e-12,True,1.061731672681711,bernoulli,bernoulli,4,completed
rep10,start_B,3,poisson,-73.43917616545659,146.87835233091317,,bfgs,12,True,8.370744097874194e-10,False,0.19895086935815579,bernoulli,bernoulli,4,completed
rep10,start_B,4,bernoulli,-46.65891314876817,93.31782629753634,,bfgs,9,True,1.8744117369351444e-12,True,0.7746235104386284,bernoulli,bernoulli,4,completed
rep10,start_B,4,poisson,-73.55638268291406,147.11276536582812,,bfgs,13,True,8.646911187071282e-09,False,0.18450473544070564,bernoulli,bernoulli,4,completed
rep10,start_B,5,bernoulli,-42.405114173546444,84.81022834709289,,bfgs,8,True,2.9865461215194956e-10,False,1.2880544719096225,bernoulli,bernoulli,4,completed
rep10,start_B,5,poisson,-74.29184785023976,148.58369570047952,,bfgs,13,False,1.8595306006119473e-08,False,0.13334463471865568,bernoulli,bernoulli,4,completed
rep10,start_B,6,bernoulli,-42.56238745894287,85.12477491788574,,bfgs,9,True,3.152389460581162e-12,True,1.2495258783195582,bernoulli,bernoulli,4,completed
rep10,start_B,6,poisson,-71.90153389485546,143.80306778971092,,bfgs,14,True,1.733023058392291e-10,False,0.320178193442627,bernoulli,bernoulli,4,completed
rep10,start_B,7,bernoulli,-49.119724037636466,98.23944807527293,,bfgs,7,False,4.1741615586232685e-08,False,0.6232068734850403,bernoulli,bernoulli,4,completed
rep10,start_B,7,poisson,-74.77161134891517,149.54322269783034,,bfgs,12,True,9.124731570331335e-09,False,0.09943823861806778,bernoulli,bernoulli,4,completed
rep10,start_B,8,bernoulli,-48.7671829308211,97.5343658616422,,bfgs,9,True,9.145812995825508e-11,True,0.7217726192698475,bernoulli,bernoulli,4,completed
rep10,start_B,8,poisson,-74.64576258936701,149.29152517873402,,bfgs,11,True,8.925900840672796e-09,False,0.11210031397791596,bernoulli,bernoulli,4,completed
rep10,start_B,3,bernoulli,-43.36696777758765,86.7339355551753,,bfgs,9,True,4.6234494011088144e-11,True,1.1156256086646523,bernoulli,bernoulli,5,completed
rep10,start_B,3,poisson,-73.41555491103604,146.83110982207208,,bfgs,14,True,2.973995716359923e-09,False,0.19417040526204007,bernoulli,bernoulli,5,completed
rep10,start_B,4,bernoulli,-43.63530845629964,87.27061691259928,,bfgs,10,True,1.758184708933186e-11,True,1.150434354704032,bernoulli,bernoulli,5,completed
rep10,start_B,4,poisson,-73.29247879773827,146.58495759547654,,bfgs,14,True,5.663713054104847e-10,False,0.2064367704274648,bernoulli,bernoulli,5,completed
rep10,start_B,5,bernoulli,-43.47532084074879,86.95064168149759,,bfgs,9,True,4.536480080474803e-11,True,1.1202339973660593,bernoulli,bernoulli,5,completed
rep10,start_B,5,poisson,-74.20210679744682,148.40421359489363,,bfgs,12,False,1.2193194143250708e-08,False,0.13511243429269965,bernoulli,bernoulli,5,completed
rep10,start_B,6,bernoulli,-29.57183822190974,59.14367644381948,,bfgs,14,True,1.2385243941537284e-10,False,3.1737944960431035,bernoulli,bernoulli,5,completed
rep10,start_B,6,poisson,-70.9030140243329,141.8060280486658,,bfgs,27,False,1.4121813496359437e-08,False,0.3774082397628722,bernoulli,bernoulli,5,completed
rep10,start_B,7,bernoulli,-49.42130134123577,98.84260268247154,,bfgs,10,True,1.7505552563079618e-11,True,0.6262151375451651,bernoulli,bernoulli,5,completed
rep10,start_B,7,poisson,-74.78675196135221,149.57350392270442,,bfgs,14,False,7.400268864365955e-08,False,0.08272677679499447,bernoulli,bernoulli,5,completed
rep10,start_B,8,bernoulli,-48.594898328738665,97.18979665747733,,bfgs,9,True,5.224887189569927e-11,True,0.6930982852586263,bernoulli,bernoulli,5,completed
rep10,start_B,8,poisson,-74.82983260081353,149.65966520162706,,bfgs,13,True,4.1398201089393185e-09,False,0.06757472126862807,bernoulli,bernoulli,5,completed
rep11,start_B,3,bernoulli,-49.16903189456008,98.33806378912016,,bfgs,4,True,4.3520742565306136e-14,True,0.5810978756037908,bernoulli,bernoulli,1,completed
rep11,start_B,3,poisson,-73.6212489532593,147.2424979065186,,bfgs,5,True,3.735678433258727e-13,True,0.18904239393943137,bernoulli,bernoulli,1,completed
rep11,start_B,4,bernoulli,-51.96964639041263,103.93929278082526,,bfgs,4,True,2.220446049250313e-16,True,0.04182906623619951,bernoulli,bernoulli,1,completed
rep11,start_B,4,poisson,-74.8232874943651,149.6465749887302,,bfgs,4,True,4.4194692350174594e-11,True,0.06851677870373395,bernoulli,bernoulli,1,completed
rep11,start_B,5,bernoulli,-51.82276779521751,103.64553559043502,,bfgs,2,True,9.547918011776346e-16,True,0.13241030966465248,bernoulli,bernoulli,1,completed
rep11,start_B,5,poisson,-74.6888375098202,149.3776750196404,,bfgs,4,True,6.035882904598111e-12,True,0.09079176217553987,bernoulli,bernoulli,1,completed
rep11,start_B,6,bernoulli,-51.96778600293874,103.93557200587748,,bfgs,4,True,1.6068444352868028e-10,False,0.04414061538573344,bernoulli,bernoulli,1,completed
rep11,start_B,6,poisson,-74.82030968647322,149.64061937294645,,bfgs,4,True,2.9256241873554244e-11,True,0.06908950121044675,bernoulli,bernoulli,1,completed
rep11,start_B,7,bernoulli,-51.78781466944954,103.57562933889908,,bfgs,4,True,8.881784197001253e-17,True,0.14600136825525403,bernoulli,bernoulli,1,completed
rep11,start_B,7,poisson,-74.66562539661247,149.33125079322494,,bfgs,4,True,9.793499344823431e-11,True,0.09409455021173921,bernoulli,bernoulli,1,completed
rep11,start_B,8,bernoulli,-48.87140363313204,97.74280726626408,,bfgs,5,True,1.7763568394002506e-16,True,0.6148558035808599,bernoulli,bernoulli,1,completed
rep11,start_B,8,poisson,-73.52558783245925,147.0511756649185,,bfgs,7,True,6.219025294740277e-12,True,0.1953035387994666,bernoulli,bernoulli,1,completed
rep11,start_B,3,bernoulli,-44.84473756347444,89.68947512694888,,bfgs,5,True,4.871822945062831e-11,True,1.0379858936972286,bernoulli,bernoulli,2,completed
rep11,start_B,3,poisson,-71.59582007199512,143.19164014399024,,bfgs,9,True,6.883780656607997e-10,False,0.32013670123545673,bernoulli,bernoulli,2,completed
rep11,start_B,4,bernoulli,-49.95417528787938,99.90835057575876,,bfgs,5,True,7.784897171347893e-11,True,0.5394816143376907,bernoulli,bernoulli,2,completed
rep11,start_B,4,poisson,-73.52438159292822,147.04876318585644,,bfgs,6,True,9.769962616701378e-15,True,0.22141558538302325,bernoulli,bernoulli,2,completed
rep11,start_B,5,bernoulli,-51.650470490362,103.300940980724,,bfgs,5,True,3.5454494451414577e-09,False,0.20732056473111574,bernoulli,bernoulli,2,completed
rep11,start_B,5,poisson,-74.29797987395152,148.59595974790304,,bfgs,7,True,4.382050278195493e-14,True,0.1487551501899204,bernoulli,bernoulli,2,completed
rep11,start_B,6,bernoulli,-50.389547935243215,100.77909587048643,,bfgs,6,True,1.4758860800156981e-12,True,0.4735122349121921,bernoulli,bernoulli,2,completed
rep11,start_B,6,poisson,-73.68811364802772,147.37622729605545,,bfgs,6,True,2.0564538960599065e-11,True,0.20814124125210234,bernoulli,bernoulli,2,completed
rep11,start_B,7,bernoulli,-48.891505660669985,97.78301132133997,,bfgs,5,True,1.8868684392714385e-11,True,0.6564944336781727,bernoulli,bernoulli,2,completed
rep11,start_B,7,poisson,-74.4492479447774,148.8984958895548,,bfgs,10,True,6.292634857629764e-10,False,0.1123337857726794,bernoulli,bernoulli,2,completed
rep11,start_B,8,bernoulli,-48.88314838964238,97.76629677928476,,bfgs,5,True,2.1949553286049196e-12,True,0.5658106636135866,bernoulli,bernoulli,2,completed
rep11,start_B,8,poisson,-73.60588720359299,147.21177440718597,,bfgs,6,False,1.4206772913638589e-08,False,0.17892037609497674,bernoulli,bernoulli,2,completed
rep11,start_B,3,bernoulli,-42.77102859778104,85.54205719556208,,bfgs,7,True,9.984457705058959e-13,True,1.252733828534885,bernoulli,bernoulli,3,completed
rep11,start_B,3,poisson,-70.99228346243818,141.98456692487636,,bfgs,10,True,5.887430098994173e-10,False,0.3451935531385215,bernoulli,bernoulli,3,completed
rep11,start_B,4,bernoulli,-46.80383832510991,93.60767665021982,,bfgs,7,True,3.719957675230035e-12,True,0.8814614639519718,bernoulli,bernoulli,3,completed
rep11,start_B,4,poisson,-72.61605489432426,145.23210978864853,,bfgs,7,True,1.8790759170883574e-09,False,0.2661166866541926,bernoulli,bernoulli,3,completed
rep11,start_B,5,bernoulli,-50.56466904154678,101.12933808309356,,bfgs,7,False,1.1839819080705637e-08,False,0.4480901219685354,bernoulli,bernoulli,3,completed
rep11,start_B,5,poisson,-73.9658877537691,147.9317755075382,,bfgs,11,False,3.143624589061617e-08,False,0.18000894439251555,bernoulli,bernoulli,3,completed
rep11,start_B,6,bernoulli,-42.77018390277983,85.54036780555965,,bfgs,7,False,1.3694384319862253e-07,False,1.3115609985740162,bernoulli,bernoulli,3,completed
rep11,start_B,6,poisson,-72.07212149723914,144.14424299447828,,bfgs,12,True,3.01691112369884e-09,False,0.31510304780983295,bernoulli,bernoulli,3,completed
rep11,start_B,7,bernoulli,-49.5622090078824,99.1244180157648,,bfgs,8,True,1.0804568351119315e-10,False,0.5645632465678375,bernoulli,bernoulli,3,completed
rep11,start_B,7,poisson,-74.48696037942287,148.97392075884574,,bfgs,11,True,5.9141498809367475e-09,False,0.10585981176575211,bernoulli,bernoulli,3,completed
rep11,start_B,8,bernoulli,-47.471884420662306,94.94376884132461,,bfgs,7,True,2.5926460978098474e-11,True,0.7000906251395077,bernoulli,bernoulli,3,completed
rep11,start_B,8,poisson,-73.15461545566629,146.30923091133258,,bfgs,11,False,1.1056596216363346e-08,False,0.19627345449488443,bernoulli,bernoulli,3,completed
rep11,start_B,3,bernoulli,-43.00198841003302,86.00397682006604,,bfgs,10,True,1.5150991572454585e-12,True,1.106787352541967,bernoulli,bernoulli,4,completed
rep11,start_B,3,poisson,-69.73497613846148,139.46995227692295,,bfgs,10,True,6.411159603203487e-10,False,0.40747536863587336,bernoulli,bernoulli,4,completed
rep11,start_B,4,bernoulli,-47.79180475433907,95.58360950867814,,bfgs,8,True,1.1228440399690954e-11,True,0.7406953244360152,bernoulli,bernoulli,4,completed
rep11,start_B,4,poisson,-72.15200321747955,144.3040064349591,,bfgs,9,True,8.550875563173577e-11,True,0.2929560106168937,bernoulli,bernoulli,4,completed
rep11,start_B,5,bernoulli,-49.17725748816961,98.35451497633922,,bfgs,9,True,1.7217714365358461e-09,False,0.6432740492271553,bernoulli,bernoulli,4,completed
rep11,start_B,5,poisson,-72.34506413723803,144.69012827447605,,bfgs,8,False,4.339009882503575e-08,False,0.31393905019294144,bernoulli,bernoulli,4,completed
rep11,start_B,6,bernoulli,-43.253536183703645,86.50707236740729,,bfgs,9,True,1.716271569307537e-12,True,1.1593999946440983,bernoulli,bernoulli,4,completed
rep11,start_B,6,poisson,-72.10163361050016,144.20326722100032,,bfgs,12,True,4.2271841582675054e-11,True,0.2824310198789048,bernoulli,bernoulli,4,completed
rep11,start_B,7,bernoulli,-41.45295577649192,82.90591155298384,,bfgs,9,True,2.1756090262670113e-10,False,1.6025693684341142,bernoulli,bernoulli,4,completed
rep11,start_B,7,poisson,-71.11868247194667,142.23736494389334,,bfgs,13,True,9.555423119422812e-11,True,0.40812077108803957,bernoulli,bernoulli,4,completed
rep11,start_B,8,bernoulli,-46.5711997080428,93.1423994160856,,bfgs,8,True,3.4660718739587536e-12,True,0.8327840787086817,bernoulli,bernoulli,4,completed
rep11,start_B,8,poisson,-71.47623158736621,142.95246317473243,,bfgs,11,True,1.3590586434020224e-10,False,0.34770398291538895,bernoulli,bernoulli,4,completed
rep11,start_B,3,bernoulli,-39.888716966060905,79.77743393212181,,bfgs,10,True,2.8589404399426143e-09,False,1.3969734365758126,bernoulli,bernoulli,5,completed
rep11,start_B,3,poisson,-69.55423730162165,139.1084746032433,,bfgs,14,True,7.257235923319172e-10,False,0.39061153333460685,bernoulli,bernoulli,5,completed
rep11,start_B,4,bernoulli,-46.34578602177961,92.69157204355922,,bfgs,9,True,2.1967028640546003e-09,False,0.8849210451000137,bernoulli,bernoulli,5,completed
rep11,start_B,4,poisson,-72.44263422350467,144.88526844700934,,bfgs,14,True,1.2068845034463037e-09,False,0.26198162795970076,bernoulli,bernoulli,5,completed
rep11,start_B,5,bernoulli,-50.328685006768005,100.65737001353601,,bfgs,11,False,2.2411066780136935e-08,False,0.46032340677902656,bernoulli,bernoulli,5,completed
rep11,start_B,5,poisson,-73.55790639679121,147.11581279358242,,bfgs,9,True,1.1584768200290086e-09,False,0.20823922721366908,bernoulli,bernoulli,5,completed
rep11,start_B,6,bernoulli,-41.98235462852576,83.96470925705152,,bfgs,9,False,4.217158662278564e-08,False,1.2788914342056663,bernoulli,bernoulli,5,completed
rep11,start_B,6,poisson,-72.24216000189145,144.4843200037829,,bfgs,12,True,2.06454386364463e-09,False,0.27065224770716545,bernoulli,bernoulli,5,completed
rep11,start_B,7,bernoulli,-35.58259888168394,71.16519776336789,,bfgs,11,True,4.28800932539275e-09,False,2.4407081978880525,bernoulli,bernoulli,5,completed
rep11,start_B,7,poisson,-70.54851161887778,141.09702323775556,,bfgs,16,False,7.033187645610895e-08,False,0.4217994443387068,bernoulli,bernoulli,5,completed
rep11,start_B,8,bernoulli,-44.692401876898494,89.38480375379699,,bfgs,9,True,9.125387112618455e-11,True,1.0990121402783963,bernoulli,bernoulli,5,completed
rep11,start_B,8,poisson,-71.44673193340253,142.89346386680506,,bfgs,13,True,6.458456880409358e-10,False,0.3419878066347011,bernoulli,bernoulli,5,completed
rep12,start_B,3,bernoulli,-51.81243739292396,103.62487478584792,,bfgs,3,True,5.431921579202026e-11,True,0.13652203364471807,bernoulli,bernoulli,1,completed
rep12,start_B,3,poisson,-74.99518221883363,149.99036443766727,,bfgs,5,True,3.552713678800501e-16,True,0.011350789665817684,bernoulli,bernoulli,1,completed
rep12,start_B,4,bernoulli,-51.31927394768572,102.63854789537145,,bfgs,4,True,3.552713678800501e-16,True,0.27004854829134206,bernoulli,bernoulli,1,completed
rep12,start_B,4,poisson,-74.52655040594011,149.05310081188023,,bfgs,4,True,6.142641950646066e-13,True,0.11353175307243923,bernoulli,bernoulli,1,completed
rep12,start_B,5,bernoulli,-48.96238250893172,97.92476501786344,,bfgs,3,True,1.815436689867056e-13,True,0.6016762766437684,bernoulli,bernoulli,1,completed
rep12,start_B,5,poisson,-73.70067934046288,147.40135868092577,,bfgs,5,True,8.770761894538737e-16,True,0.18847536792317668,bernoulli,bernoulli,1,completed
rep12,start_B,6,bernoulli,-51.83654356133174,103.67308712266347,,bfgs,4,True,9.769962616701378e-16,True,0.1266320049839397,bernoulli,bernoulli,1,completed
rep12,start_B,6,poisson,-74.9928778318604,149.9857556637208,,bfgs,5,True,1.7763568394002505e-15,True,0.013805031228947988,bernoulli,bernoulli,1,completed
rep12,start_B,7,bernoulli,-50.979671260962,101.959342521924,,bfgs,3,True,1.1512568676153023e-11,True,0.3339057732776855,bernoulli,bernoulli,1,completed
rep12,start_B,7,poisson,-74.95140572271292,149.90281144542584,,bfgs,5,True,4.282796339794004e-13,True,0.035816359271991886,bernoulli,bernoulli,1,completed
rep12,start_B,8,bernoulli,-46.531250079069515,93.06250015813903,,bfgs,5,True,1.1657341758564144e-15,True,0.8481797384138674,bernoulli,bernoulli,1,completed
rep12,start_B,8,poisson,-72.98771546404218,145.97543092808436,,bfgs,6,True,1.900701818158268e-14,True,0.23442384775479758,bernoulli,bernoulli,1,completed
rep12,start_B,3,bernoulli,-51.736483932372735,103.47296786474547,,bfgs,6,True,5.652456280813567e-12,True,0.16623753985705103,bernoulli,bernoulli,2,completed
rep12,start_B,3,poisson,-74.8713556077206,149.7427112154412,,bfgs,7,True,9.364953257318121e-13,True,0.06006107757123382,bernoulli,bernoulli,2,completed
rep12,start_B,4,bernoulli,-50.45028234367311,100.90056468734622,,bfgs,5,False,2.0990808380361158e-08,False,0.42667068534814806,bernoulli,bernoulli,2,completed
rep12,start_B,4,poisson,-73.52611162220772,147.05222324441544,,bfgs,6,True,3.1104008257898385e-13,True,0.20501901942517042,bernoulli,bernoulli,2,completed
rep12,start_B,5,bernoulli,-48.610506849159904,97.22101369831981,,bfgs,6,True,8.608846968627404e-12,True,0.6542791588092635,bernoulli,bernoulli,2,completed
rep12,start_B,5,poisson,-72.87182837295289,145.74365674590578,,bfgs,6,True,6.352500747652812e-11,True,0.24722198742891416,bernoulli,bernoulli,2,completed
rep12,start_B,6,bernoulli,-51.57329495775157,103.14658991550314,,bfgs,5,True,2.846567426217916e-12,True,0.21531144650451517,bernoulli,bernoulli,2,completed
rep12,start_B,6,poisson,-74.92287741680852,149.84575483361704,,bfgs,7,True,9.694467451026867e-13,True,0.04646972460790917,bernoulli,bernoulli,2,completed
rep12,start_B,7,bernoulli,-46.690043442465694,93.38008688493139,,bfgs,5,True,4.001085240901148e-10,False,0.8603900857019932,bernoulli,bernoulli,2,completed
rep12,start_B,7,poisson,-74.70463544378033,149.40927088756067,,bfgs,10,True,5.081624010472296e-12,True,0.08934717294268997,bernoulli,bernoulli,2,completed
rep12,start_B,8,bernoulli,-46.473459079478694,92.94691815895739,,bfgs,5,True,2.162359180601925e-12,True,0.8758203989844567,bernoulli,bernoulli,2,completed
rep12,start_B,8,poisson,-72.22546505055554,144.45093010111108,,bfgs,10,True,1.4879208976026348e-13,True,0.2820182601794336,bernoulli,bernoulli,2,completed
rep12,start_B,3,bernoulli,-50.98216488429797,101.96432976859595,,bfgs,6,True,5.2102500092132684e-11,True,0.3373509924372054,bernoulli,bernoulli,3,completed
rep12,start_B,3,poisson,-74.04022433469581,148.08044866939161,,bfgs,7,True,2.0284321777808146e-09,False,0.18477352709516445,bernoulli,bernoulli,3,completed
rep12,start_B,4,bernoulli,-47.09812682144234,94.19625364288468,,bfgs,6,True,7.088675779698406e-09,False,0.786642650141844,bernoulli,bernoulli,3,completed
rep12,start_B,4,poisson,-72.60812312324354,145.2162462464871,,bfgs,9,True,2.0074306661399533e-10,False,0.25547523043873177,bernoulli,bernoulli,3,completed
rep12,start_B,5,bernoulli,-48.83801876946844,97.67603753893688,,bfgs,7,True,4.7066461839051496e-12,True,0.5830068401031833,bernoulli,bernoulli,3,completed
rep12,start_B,5,poisson,-72.73734599230472,145.47469198460945,,bfgs,8,True,1.096931967481396e-09,False,0.26560230834680837,bernoulli,bernoulli,3,completed
rep12,start_B,6,bernoulli,-49.18299084537953,98.36598169075906,,bfgs,7,True,4.587619173435087e-12,True,0.6509296427835325,bernoulli,bernoulli,3,completed
rep12,start_B,6,poisson,-74.68216549047897,149.36433098095793,,bfgs,11,True,3.591502206745645e-10,False,0.09093866956515392,bernoulli,bernoulli,3,completed
rep12,start_B,7,bernoulli,-47.912718909378285,95.82543781875657,,bfgs,7,True,2.977703417172961e-10,False,0.7068811682144154,bernoulli,bernoulli,3,completed
rep12,start_B,7,poisson,-74.39927418168213,148.79854836336426,,bfgs,10,True,5.473934194810681e-10,False,0.13638674571652373,bernoulli,bernoulli,3,completed
rep12,start_B,8,bernoulli,-41.0334250552937,82.0668501105874,,bfgs,7,True,6.970356514202081e-11,True,1.4411514414788933,bernoulli,bernoulli,3,completed
rep12,start_B,8,poisson,-68.89093661727456,137.78187323454912,,bfgs,10,True,1.4118621827208243e-10,False,0.47724552211960247,bernoulli,bernoulli,3,completed
rep12,start_B,3,bernoulli,-51.292311818547844,102.58462363709569,,bfgs,8,True,4.3787196091216174e-13,True,0.2855892290910538,bernoulli,bernoulli,4,completed
rep12,start_B,3,poisson,-74.17395754467765,148.3479150893553,,bfgs,9,True,4.4842352053819924e-12,True,0.15503071038383906,bernoulli,bernoulli,4,completed
rep12,start_B,4,bernoulli,-43.91755587549419,87.83511175098837,,bfgs,9,True,3.5598818337589935e-11,True,1.0665465699721266,bernoulli,bernoulli,4,completed
rep12,start_B,4,poisson,-72.74207390913298,145.48414781826597,,bfgs,11,True,4.754969307185774e-10,False,0.22977686243470552,bernoulli,bernoulli,4,completed
rep12,start_B,5,bernoulli,-47.504514846156454,95.00902969231291,,bfgs,9,True,2.702726931147481e-13,True,0.6893151892634071,bernoulli,bernoulli,4,completed
rep12,start_B,5,poisson,-72.56416186926394,145.12832373852788,,bfgs,10,True,3.725553199274146e-12,True,0.24531077059520906,bernoulli,bernoulli,4,completed
rep12,start_B,6,bernoulli,-46.7462308871337,93.4924617742674,,bfgs,7,True,1.4458185315646687e-09,False,0.8619838963308282,bernoulli,bernoulli,4,completed
rep12,start_B,6,poisson,-74.38696704987926,148.77393409975852,,bfgs,11,False,1.1293593349392949e-08,False,0.13167075563006284,bernoulli,bernoulli,4,completed
rep12,start_B,7,bernoulli,-45.14635561476448,90.29271122952896,,bfgs,8,True,5.330307528694789e-10,False,1.0119085730432689,bernoulli,bernoulli,4,completed
rep12,start_B,7,poisson,-73.95653897931183,147.91307795862366,,bfgs,11,True,3.630873779414401e-09,False,0.1820586230307742,bernoulli,bernoulli,4,completed
rep12,start_B,8,bernoulli,-44.215495983160096,88.43099196632019,,bfgs,8,True,7.976264981834902e-10,False,1.048348542070673,bernoulli,bernoulli,4,completed
rep12,start_B,8,poisson,-70.84561600120233,141.69123200240466,,bfgs,12,True,3.1482375817404317e-09,False,0.3410829339027743,bernoulli,bernoulli,4,completed
rep12,start_B,3,bernoulli,-51.18471883303589,102.36943766607178,,bfgs,10,True,1.0701950436953212e-11,True,0.3096515261826176,bernoulli,bernoulli,5,completed
rep12,start_B,3,poisson,-73.55547037035684,147.1109407407137,,bfgs,12,True,9.033772840894017e-10,False,0.2269200303883188,bernoulli,bernoulli,5,completed
rep12,start_B,4,bernoulli,-40.021013776626816,80.04202755325363,,bfgs,10,True,6.055365098234234e-11,True,1.5867273527570127,bernoulli,bernoulli,5,completed
rep12,start_B,4,poisson,-72.20601472877543,144.41202945755086,,bfgs,15,True,7.558753623015945e-12,True,0.2538243252824884,bernoulli,bernoulli,5,completed
rep12,start_B,5,bernoulli,-48.202484972735434,96.40496994547087,,bfgs,10,True,2.0973267567114817e-11,True,0.627898161678429,bernoulli,bernoulli,5,completed
rep12,start_B,5,poisson,-72.38399174888207,144.76798349776413,,bfgs,12,True,4.472866521609831e-12,True,0.2678999821052341,bernoulli,bernoulli,5,completed
rep12,start_B,6,bernoulli,-47.11438544455115,94.2287708891023,,bfgs,10,True,8.305408316644502e-09,False,0.895142859779346,bernoulli,bernoulli,5,completed
rep12,start_B,6,poisson,-74.04325313069933,148.08650626139865,,bfgs,11,True,8.79752040106041e-09,False,0.1740115966732745,bernoulli,bernoulli,5,completed
rep12,start_B,7,bernoulli,-44.93149406725112,89.86298813450225,,bfgs,9,True,2.3103607915686553e-10,False,1.0365515719208294,bernoulli,bernoulli,5,completed
rep12,start_B,7,poisson,-72.71402665358461,145.42805330716922,,bfgs,12,False,2.9215924914893774e-07,False,0.2956684144493039,bernoulli,bernoulli,5,completed
rep12,start_B,8,bernoulli,-41.6591796458538,83.3183592917076,,bfgs,10,True,5.60117097148094e-10,False,1.331828344190692,bernoulli,bernoulli,5,completed
rep12,start_B,8,poisson,-69.73692938720248,139.47385877440496,,bfgs,14,True,7.498428544749914e-11,True,0.4165381850109634,bernoulli,bernoulli,5,completed
rep13,start_B,3,bernoulli,-47.566110854281554,95.13222170856311,,bfgs,3,True,2.1134871630579253e-12,True,0.7537332134665822,bernoulli,bernoulli,1,completed
rep13,start_B,3,poisson,-73.3021151789068,146.6042303578136,,bfgs,7,True,2.6423307986078726e-15,True,0.2120619348527753,bernoulli,bernoulli,1,completed
rep13,start_B,4,bernoulli,-50.69565205952754,101.39130411905508,,bfgs,4,True,1.7915224859166301e-12,True,0.3809903975099237,bernoulli,bernoulli,1,completed
rep13,start_B,4,poisson,-74.28354899225846,148.56709798451692,,bfgs,5,True,5.972999872483342e-15,True,0.13845781067062685,bernoulli,bernoulli,1,completed
rep13,start_B,5,bernoulli,-50.006815994440785,100.01363198888157,,bfgs,5,True,1.27675647831893e-15,True,0.4786891867062692,bernoulli,bernoulli,1,completed
rep13,start_B,5,poisson,-74.0443378153401,148.0886756306802,,bfgs,5,True,1.3855583347321953e-14,True,0.15974318994444497,bernoulli,bernoulli,1,completed
rep13,start_B,6,bernoulli,-51.883043331401765,103.76608666280353,,bfgs,4,True,3.819167204710538e-15,True,0.10503545750542623,bernoulli,bernoulli,1,completed
rep13,start_B,6,poisson,-74.9852630863508,149.9705261727016,,bfgs,4,True,1.1861212012576061e-11,True,0.019846522202392178,bernoulli,bernoulli,1,completed
rep13,start_B,7,bernoulli,-49.05655451355891,98.11310902711782,,bfgs,3,True,6.925127138401877e-13,True,0.5942055298240467,bernoulli,bernoulli,1,completed
rep13,start_B,7,poisson,-73.74020796280338,147.48041592560676,,bfgs,5,True,3.326228181776969e-14,True,0.18312419644286076,bernoulli,bernoulli,1,completed
rep13,start_B,8,bernoulli,-51.41647676554855,102.8329535310971,,bfgs,5,True,8.881784197001252e-16,True,0.249374008691854,bernoulli,bernoulli,1,completed
rep13,start_B,8,poisson,-74.99113360222898,149.98226720445797,,bfgs,5,True,2.042810365310288e-15,True,0.015359767794104692,bernoulli,bernoulli,1,completed
rep13,start_B,3,bernoulli,-37.32510607494968,74.65021214989936,,bfgs,6,True,5.0345838609189286e-11,True,1.7248091342657095,bernoulli,bernoulli,2,completed
rep13,start_B,3,poisson,-71.9607936390908,143.9215872781816,,bfgs,15,True,4.361098149274767e-11,True,0.2759748940450578,bernoulli,bernoulli,2,completed
rep13,start_B,4,bernoulli,-41.456915808172695,82.91383161634539,,bfgs,6,True,3.091567002400097e-11,True,1.3495519958368793,bernoulli,bernoulli,2,completed
rep13,start_B,4,poisson,-72.83669736632632,145.67339473265264,,bfgs,9,True,1.9099710257819426e-09,False,0.2407852236135804,bernoulli,bernoulli,2,completed
rep13,start_B,5,bernoulli,-49.260933682843685,98.52186736568737,,bfgs,5,True,2.135180920959101e-13,True,0.5614833986309911,bernoulli,bernoulli,2,completed
rep13,start_B,5,poisson,-73.80515598674388,147.61031197348777,,bfgs,7,True,2.5628033029079234e-10,False,0.17575256544377113,bernoulli,bernoulli,2,completed
rep13,start_B,6,bernoulli,-46.4035803254741,92.8071606509482,,bfgs,5,True,8.951639429710667e-11,True,0.8974533922772183,bernoulli,bernoulli,2,completed
rep13,start_B,6,poisson,-73.44006929048757,146.88013858097514,,bfgs,9,True,1.3041323576601372e-11,True,0.2092909038442378,bernoulli,bernoulli,2,completed
rep13,start_B,7,bernoulli,-48.82129801558919,97.64259603117839,,bfgs,5,True,3.181089613946142e-09,False,0.5946599279709412,bernoulli,bernoulli,2,completed
rep13,start_B,7,poisson,-73.70469997698231,147.40939995396462,,bfgs,8,True,9.140886936265247e-11,True,0.1797505722196685,bernoulli,bernoulli,2,completed
rep13,start_B,8,bernoulli,-51.037913630567544,102.07582726113509,,bfgs,5,True,3.2899965418664577e-09,False,0.3139847776023819,bernoulli,bernoulli,2,completed
rep13,start_B,8,poisson,-74.94948123844543,149.89896247689086,,bfgs,6,True,9.006492773799834e-12,True,0.03482494066425493,bernoulli,bernoulli,2,completed
rep13,start_B,3,bernoulli,-37.8936884845576,75.7873769691152,,bfgs,7,True,1.5835364131078223e-10,False,1.5452398559903515,bernoulli,bernoulli,3,completed
rep13,start_B,3,poisson,-71.41160587083543,142.82321174167086,,bfgs,11,False,3.3665052992515323e-08,False,0.29166130479823654,bernoulli,bernoulli,3,completed
rep13,start_B,4,bernoulli,-40.1969008949705,80.393801789941,,bfgs,7,True,4.0129822798107285e-10,False,1.3716274958463897,bernoulli,bernoulli,3,completed
rep13,start_B,4,poisson,-72.2879305478225,144.575861095645,,bfgs,11,False,2.121427652990171e-08,False,0.2617408284862727,bernoulli,bernoulli,3,completed
rep13,start_B,5,bernoulli,-46.7237514642983,93.4475029285966,,bfgs,7,True,7.586171690832088e-11,True,0.8434267268554171,bernoulli,bernoulli,3,completed
rep13,start_B,5,poisson,-72.54004030156082,145.08008060312164,,bfgs,10,True,1.9678303431192034e-11,True,0.25963483609730315,bernoulli,bernoulli,3,completed
rep13,start_B,6,bernoulli,-46.322800127412236,92.64560025482447,,bfgs,6,True,1.6013601555897595e-11,True,0.868857671502581,bernoulli,bernoulli,3,completed
rep13,start_B,6,poisson,-73.11510650018008,146.23021300036015,,bfgs,10,True,1.7171516736302906e-09,False,0.22704931946392345,bernoulli,bernoulli,3,completed
rep13,start_B,7,bernoulli,-48.76365249898116,97.52730499796232,,bfgs,7,True,5.740766750861326e-11,True,0.5999701236088315,bernoulli,bernoulli,3,completed
rep13,start_B,7,poisson,-73.61011454697645,147.2202290939529,,bfgs,8,True,1.6862555796137712e-11,True,0.17684593405772925,bernoulli,bernoulli,3,completed
rep13,start_B,8,bernoulli,-50.41468504506118,100.82937009012235,,bfgs,7,True,3.143874049982287e-14,True,0.4185238695933581,bernoulli,bernoulli,3,completed
rep13,start_B,8,poisson,-74.63977905370409,149.27955810740818,,bfgs,8,True,1.5365930750022016e-12,True,0.11059528791910427,bernoulli,bernoulli,3,completed
rep13,start_B,3,bernoulli,-36.510523226972715,73.02104645394543,,bfgs,10,True,1.1539103006441565e-12,True,1.6153528383863551,bernoulli,bernoulli,4,completed
rep13,start_B,3,poisson,-70.99086348433669,141.98172696867337,,bfgs,13,False,8.436986215887288e-07,False,0.30812017705600786,bernoulli,bernoulli,4,completed
rep13,start_B,4,bernoulli,-39.14803508757744,78.29607017515488,,bfgs,9,True,3.1709431469462144e-10,False,1.464992906896266,bernoulli,bernoulli,4,completed
rep13,start_B,4,poisson,-72.48044246405075,144.9608849281015,,bfgs,15,True,8.624276670587961e-09,False,0.23832835098545602,bernoulli,bernoulli,4,completed
rep13,start_B,5,bernoulli,-42.65443494975987,85.30886989951973,,bfgs,8,True,2.289741729555317e-11,True,1.3170829890351279,bernoulli,bernoulli,4,completed
rep13,start_B,5,poisson,-71.48197234586522,142.96394469173043,,bfgs,14,True,5.48545742162787e-10,False,0.3249567879398598,bernoulli,bernoulli,4,completed
rep13,start_B,6,bernoulli,-46.02187152789843,92.04374305579687,,bfgs,8,True,8.188738576109245e-12,True,0.8642653659245244,bernoulli,bernoulli,4,completed
rep13,start_B,6,poisson,-72.78934401589665,145.5786880317933,,bfgs,13,True,1.3900515183351558e-09,False,0.2446720844420135,bernoulli,bernoulli,4,completed
rep13,start_B,7,bernoulli,-47.774334015461385,95.54866803092277,,bfgs,9,True,1.3706759061093977e-10,False,0.6589095161342216,bernoulli,bernoulli,4,completed
rep13,start_B,7,poisson,-73.39673913679583,146.79347827359166,,bfgs,12,False,5.96651038797802e-08,False,0.1940445868352636,bernoulli,bernoulli,4,completed
rep13,start_B,8,bernoulli,-49.42129392690325,98.8425878538065,,bfgs,9,False,1.6523214441122037e-08,False,0.5706162024402893,bernoulli,bernoulli,4,completed
rep13,start_B,8,poisson,-74.19489027902475,148.3897805580495,,bfgs,12,True,8.934948336758452e-11,True,0.15773215389607922,bernoulli,bernoulli,4,completed
rep13,start_B,3,bernoulli,-38.36890244049342,76.73780488098684,,bfgs,9,True,5.190675000932288e-10,False,1.3693094862519741,bernoulli,bernoulli,5,completed
rep13,start_B,3,poisson,-71.65410460125347,143.30820920250693,,bfgs,14,True,3.5710359780338765e-09,False,0.25990302858478437,bernoulli,bernoulli,5,completed
rep13,start_B,4,bernoulli,-39.26630073261554,78.53260146523108,,bfgs,10,True,9.136318368518914e-10,False,1.3930267703130417,bernoulli,bernoulli,5,completed
rep13,start_B,4,poisson,-72.15307852640896,144.30615705281792,,bfgs,13,False,4.0112819432724935e-08,False,0.24696512914011562,bernoulli,bernoulli,5,completed
rep13,start_B,5,bernoulli,-41.17579695662361,82.35159391324721,,bfgs,9,False,1.8708374893705582e-08,False,1.5823888202670104,bernoulli,bernoulli,5,completed
rep13,start_B,5,poisson,-71.77691952717393,143.55383905434786,,bfgs,16,True,2.5413249282735252e-11,True,0.3132205408450468,bernoulli,bernoulli,5,completed
rep13,start_B,6,bernoulli,-47.50532026161121,95.01064052322242,,bfgs,12,True,2.3139712368447364e-12,True,0.6983439711269186,bernoulli,bernoulli,5,completed
rep13,start_B,6,poisson,-73.06964588710676,146.13929177421352,,bfgs,14,True,2.8447129540865033e-09,False,0.2352353854457981,bernoulli,bernoulli,5,completed
rep13,start_B,7,bernoulli,-48.68459549874833,97.36919099749666,,bfgs,12,True,7.948495195364558e-11,True,0.5593289997147388,bernoulli,bernoulli,5,completed
rep13,start_B,7,poisson,-73.75970016248976,147.51940032497953,,bfgs,16,True,4.766817052193062e-10,False,0.17523243316955078,bernoulli,bernoulli,5,completed
rep13,start_B,8,bernoulli,-46.04080541964464,92.08161083928928,,bfgs,10,True,1.8247625632739072e-13,True,0.9377892375670551,bernoulli,bernoulli,5,completed
rep13,start_B,8,poisson,-73.2613882037914,146.5227764075828,,bfgs,12,False,1.4341168685927386e-08,False,0.22774304398267614,bernoulli,bernoulli,5,completed
rep14,start_B,3,bernoulli,-45.28650985243222,90.57301970486444,,bfgs,4,True,1.5729639812889217e-13,True,0.9884957935719542,bernoulli,bernoulli,1,completed
rep14,start_B,3,poisson,-72.43089580274825,144.8617916054965,,bfgs,7,True,6.286606790695259e-10,False,0.25782544914605227,bernoulli,bernoulli,1,completed
rep14,start_B,4,bernoulli,-51.560058299312004,103.12011659862401,,bfgs,4,True,2.0663915023533265e-12,True,0.2152743707137768,bernoulli,bernoulli,1,completed
rep14,start_B,4,poisson,-74.50553198951476,149.01106397902953,,bfgs,4,True,2.196380854968538e-11,True,0.11491155159063604,bernoulli,bernoulli,1,completed
rep14,start_B,5,bernoulli,-46.70643869504737,93.41287739009474,,bfgs,4,True,2.2026824808563106e-14,True,0.8485202570186309,bernoulli,bernoulli,1,completed
rep14,start_B,5,poisson,-72.81518759218537,145.63037518437073,,bfgs,6,True,5.307665418285978e-12,True,0.23853234866123305,bernoulli,bernoulli,1,completed
rep14,start_B,6,bernoulli,-50.04259798665903,100.08519597331806,,bfgs,4,False,2.992462179607358e-07,False,0.4762641535210396,bernoulli,bernoulli,1,completed
rep14,start_B,6,poisson,-73.8674038136968,147.7348076273936,,bfgs,5,True,5.32018873400375e-14,True,0.17318952050656497,bernoulli,bernoulli,1,completed
rep14,start_B,7,bernoulli,-49.31194425246751,98.62388850493502,,bfgs,3,True,1.1923262377422361e-11,True,0.5682172560308746,bernoulli,bernoulli,1,completed
rep14,start_B,7,poisson,-73.61213732618839,147.22427465237678,,bfgs,5,True,2.5012658610990003e-12,True,0.19134496448018232,bernoulli,bernoulli,1,completed
rep14,start_B,8,bernoulli,-51.80205400979828,103.60410801959657,,bfgs,4,True,1.0357492641333011e-12,True,0.1406873536686772,bernoulli,bernoulli,1,completed
rep14,start_B,8,poisson,-74.64958121376623,149.29916242753245,,bfgs,4,True,4.3015901951548584e-11,True,0.09680059626343121,bernoulli,bernoulli,1,completed
rep14,start_B,3,bernoulli,-42.8638369321568,85.7276738643136,,bfgs,5,True,3.9962788633829403e-11,True,1.174885453618403,bernoulli,bernoulli,2,completed
rep14,start_B,3,poisson,-71.84743682269045,143.6948736453809,,bfgs,8,True,1.4051398267156401e-09,False,0.2709299267811457,bernoulli,bernoulli,2,completed
rep14,start_B,4,bernoulli,-51.71579998167158,103.43159996334316,,bfgs,5,True,1.3074847871052954e-10,False,0.1727348878802181,bernoulli,bernoulli,2,completed
rep14,start_B,4,poisson,-74.62253679748164,149.2450735949633,,bfgs,5,True,2.3614373567681924e-09,False,0.0972025075175307,bernoulli,bernoulli,2,completed
rep14,start_B,5,bernoulli,-47.05750443395359,94.11500886790718,,bfgs,6,True,2.586777014812469e-10,False,0.7939777968048929,bernoulli,bernoulli,2,completed
rep14,start_B,5,poisson,-72.95757987796385,145.9151597559277,,bfgs,10,True,7.250826072890959e-09,False,0.22375144102233865,bernoulli,bernoulli,2,completed
rep14,start_B,6,bernoulli,-50.429434464597946,100.85886892919589,,bfgs,5,True,1.1427436774624766e-11,True,0.40362624163424166,bernoulli,bernoulli,2,completed
rep14,start_B,6,poisson,-73.9986498578916,147.9972997157832,,bfgs,7,True,2.617799310655755e-10,False,0.15375769090687524,bernoulli,bernoulli,2,completed
rep14,start_B,7,bernoulli,-47.992524712954456,95.98504942590891,,bfgs,5,True,2.8891555814425374e-12,True,0.6861337592810499,bernoulli,bernoulli,2,completed
rep14,start_B,7,poisson,-73.19350341203923,146.38700682407847,,bfgs,7,True,3.5367264672458986e-13,True,0.20443525217975417,bernoulli,bernoulli,2,completed
rep14,start_B,8,bernoulli,-51.72684014255234,103.45368028510468,,bfgs,6,True,1.7275070263167436e-13,True,0.1753176231825144,bernoulli,bernoulli,2,completed
rep14,start_B,8,poisson,-74.70757784358817,149.41515568717634,,bfgs,7,True,7.285561043346434e-13,True,0.08721297207671881,bernoulli,bernoulli,2,completed
rep14,start_B,3,bernoulli,-42.452664524640966,84.90532904928193,,bfgs,7,True,1.8208368146588327e-11,True,1.109114776555732,bernoulli,bernoulli,3,completed
rep14,start_B,3,poisson,-71.75299926416945,143.5059985283389,,bfgs,10,True,9.420428881412591e-11,True,0.26060225920190366,bernoulli,bernoulli,3,completed
rep14,start_B,4,bernoulli,-50.34049863266538,100.68099726533076,,bfgs,7,True,3.690754368790294e-11,True,0.49119393903969744,bernoulli,bernoulli,3,completed
rep14,start_B,4,poisson,-74.58363257707086,149.16726515414172,,bfgs,9,True,1.1318945780658397e-12,True,0.11174836419843444,bernoulli,bernoulli,3,completed
rep14,start_B,5,bernoulli,-44.87820610381609,89.75641220763218,,bfgs,7,True,4.482636484226532e-12,True,0.9576225973304556,bernoulli,bernoulli,3,completed
rep14,start_B,5,poisson,-72.45446475082869,144.90892950165738,,bfgs,12,True,3.747331334125192e-11,True,0.24224216736199392,bernoulli,bernoulli,3,completed
rep14,start_B,6,bernoulli,-45.94503900054907,91.89007800109815,,bfgs,8,True,2.1583868026198162e-11,True,1.0803208703844234,bernoulli,bernoulli,3,completed
rep14,start_B,6,poisson,-73.21200516673744,146.42401033347488,,bfgs,10,True,1.3447021274259897e-13,True,0.23882276274250544,bernoulli,bernoulli,3,completed
rep14,start_B,7,bernoulli,-47.133193394054615,94.26638678810923,,bfgs,8,True,4.586411250784295e-11,True,0.7879113432597645,bernoulli,bernoulli,3,completed
rep14,start_B,7,poisson,-72.80589586420292,145.61179172840585,,bfgs,11,True,3.048370444957982e-11,True,0.23769437418158412,bernoulli,bernoulli,3,completed
rep14,start_B,8,bernoulli,-51.20258647434721,102.40517294869441,,bfgs,7,True,1.7635639615320997e-10,False,0.2922395472387485,bernoulli,bernoulli,3,completed
rep14,start_B,8,poisson,-74.61975938243395,149.2395187648679,,bfgs,8,True,3.0103136650083685e-11,True,0.097964355086541,bernoulli,bernoulli,3,completed
rep14,start_B,3,bernoulli,-41.875545209914875,83.75109041982975,,bfgs,9,True,2.0347239448881281e-10,False,1.1710274009911743,bernoulli,bernoulli,4,completed
rep14,start_B,3,poisson,-71.50231738502004,143.00463477004007,,bfgs,12,True,2.757402151054578e-09,False,0.26843283345583263,bernoulli,bernoulli,4,completed
rep14,start_B,4,bernoulli,-48.40745654009173,96.81491308018346,,bfgs,8,True,1.6133760993852775e-13,True,0.6713987245123897,bernoulli,bernoulli,4,completed
rep14,start_B,4,poisson,-73.90756943335509,147.81513886671019,,bfgs,13,True,3.1731950400626374e-11,True,0.169066298989971,bernoulli,bernoulli,4,completed
rep14,start_B,5,bernoulli,-45.48255666735368,90.96511333470735,,bfgs,8,True,1.6952736103803544e-09,False,0.8841010710857131,bernoulli,bernoulli,4,completed
rep14,start_B,5,poisson,-72.41650503317535,144.8330100663507,,bfgs,13,True,2.1841053410298628e-09,False,0.24673073598557424,bernoulli,bernoulli,4,completed
rep14,start_B,6,bernoulli,-43.476487383465425,86.95297476693085,,bfgs,9,True,2.779998453661392e-13,True,1.1129681941551068,bernoulli,bernoulli,4,completed
rep14,start_B,6,poisson,-72.46622626283451,144.93245252566902,,bfgs,11,True,2.165660117903201e-09,False,0.25101799057138907,bernoulli,bernoulli,4,completed
rep14,start_B,7,bernoulli,-46.51411898482341,93.02823796964682,,bfgs,7,False,1.5650506668407616e-08,False,0.8544362475709925,bernoulli,bernoulli,4,completed
rep14,start_B,7,poisson,-72.57612138453922,145.15224276907844,,bfgs,12,True,5.038787875832895e-09,False,0.2519450864503368,bernoulli,bernoulli,4,completed
rep14,start_B,8,bernoulli,-51.26989397631661,102.53978795263322,,bfgs,9,True,1.5780265982812125e-12,True,0.2634987985736347,bernoulli,bernoulli,4,completed
rep14,start_B,8,poisson,-74.63295992347398,149.26591984694795,,bfgs,9,True,5.934146996011691e-09,False,0.0886852284566034,bernoulli,bernoulli,4,completed
rep14,start_B,3,bernoulli,-39.34390412582845,78.6878082516569,,bfgs,9,True,3.3123825904368687e-10,False,1.4398848646251863,bernoulli,bernoulli,5,completed
rep14,start_B,3,poisson,-71.29990719053296,142.59981438106593,,bfgs,15,True,7.914378485907037e-10,False,0.27080303317770105,bernoulli,bernoulli,5,completed
rep14,start_B,4,bernoulli,-39.579120570151524,79.15824114030305,,bfgs,9,True,3.267088821701236e-11,True,1.858541397995654,bernoulli,bernoulli,5,completed
rep14,start_B,4,poisson,-72.04884714330231,144.09769428660462,,bfgs,16,True,4.92321881040425e-09,False,0.3445320672650037,bernoulli,bernoulli,5,completed
rep14,start_B,5,bernoulli,-45.53927514985733,91.07855029971466,,bfgs,9,True,1.3871925830244436e-11,True,0.8401683330463686,bernoulli,bernoulli,5,completed
rep14,start_B,5,poisson,-72.65215971941134,145.3043194388227,,bfgs,14,False,3.170783688943857e-08,False,0.20795481442881913,bernoulli,bernoulli,5,completed
rep14,start_B,6,bernoulli,-43.87409490889417,87.74818981778834,,bfgs,11,True,7.621942454960618e-09,False,1.1482294315519848,bernoulli,bernoulli,5,completed
rep14,start_B,6,poisson,-72.53711775343115,145.0742355068623,,bfgs,12,False,1.3160286845836922e-07,False,0.25326070568944403,bernoulli,bernoulli,5,completed
rep14,start_B,7,bernoulli,-45.04716563312861,90.09433126625721,,bfgs,10,True,4.431122135883925e-12,True,0.9901878672820957,bernoulli,bernoulli,5,completed
rep14,start_B,7,poisson,-72.28207175073811,144.56414350147622,,bfgs,15,False,1.0547508821900919e-08,False,0.26013231004849663,bernoulli,bernoulli,5,completed
rep14,start_B,8,bernoulli,-49.69899558674312,99.39799117348625,,bfgs,9,True,3.8275249636399165e-11,True,0.5771063624015537,bernoulli,bernoulli,5,completed
rep14,start_B,8,poisson,-74.3678781171375,148.735756234275,,bfgs,11,True,2.0377505904889405e-09,False,0.13262920876582807,bernoulli,bernoulli,5,completed
rep15,start_B,3,bernoulli,-49.33884114838768,98.67768229677536,,bfgs,3,True,2.4424906541753446e-16,True,0.5603822016352586,bernoulli,bernoulli,1,completed
rep15,start_B,3,poisson,-74.99684001940349,149.99368003880699,,bfgs,7,True,9.769962616701378e-16,True,0.009160638383729287,bernoulli,bernoulli,1,completed
rep15,start_B,4,bernoulli,-47.686798345783856,95.37359669156771,,bfgs,3,True,8.459455358433843e-13,True,0.7385496996119021,bernoulli,bernoulli,1,completed
rep15,start_B,4,poisson,-71.7874630224787,143.5749260449574,,bfgs,5,True,1.0658141036401502e-15,True,0.3036953881597305,bernoulli,bernoulli,1,completed
rep15,start_B,5,bernoulli,-51.95867188949609,103.91734377899218,,bfgs,4,True,3.552713678800501e-15,True,0.054058303004056264,bernoulli,bernoulli,1,completed
rep15,start_B,5,poisson,-74.55417912429702,149.10835824859404,,bfgs,5,True,2.4868995751603505e-15,True,0.11132644919722849,bernoulli,bernoulli,1,completed
rep15,start_B,6,bernoulli,-31.026513166181182,62.053026332362364,,bfgs,3,True,2.805135679295745e-10,False,2.4046185678043432,bernoulli,bernoulli,1,completed
rep15,start_B,6,poisson,-73.5177658679215,147.035531735843,,bfgs,11,True,1.8953727476400673e-13,True,0.18848721218315892,bernoulli,bernoulli,1,completed
rep15,start_B,7,bernoulli,-51.93252983268817,103.86505966537634,,bfgs,4,True,6.905587213168474e-15,True,0.07562935906436681,bernoulli,bernoulli,1,completed
rep15,start_B,7,poisson,-74.59791539511022,149.19583079022044,,bfgs,5,True,9.846235027310967e-09,False,0.10563355925765558,bernoulli,bernoulli,1,completed
rep15,start_B,8,bernoulli,-51.610886552665264,103.22177310533053,,bfgs,4,True,6.6006755616854205e-12,True,0.20154481464313706,bernoulli,bernoulli,1,completed
rep15,start_B,8,poisson,-73.86396208276938,147.72792416553875,,bfgs,4,True,3.960032302074979e-12,True,0.17924664398118104,bernoulli,bernoulli,1,completed
rep15,start_B,3,bernoulli,-48.90325701081072,97.80651402162144,,bfgs,5,True,4.0720626870438537e-10,False,0.5816122502939521,bernoulli,bernoulli,2,completed
rep15,start_B,3,poisson,-74.77161366235768,149.54322732471536,,bfgs,9,True,1.933351090332991e-10,False,0.08195367749750981,bernoulli,bernoulli,2,completed
rep15,start_B,4,bernoulli,-49.01806135135997,98.03612270271994,,bfgs,6,True,1.650492631455336e-10,False,0.5693637263055803,bernoulli,bernoulli,2,completed
rep15,start_B,4,poisson,-72.5348400096409,145.0696800192818,,bfgs,5,True,1.0279022966130925e-09,False,0.2536395416829859,bernoulli,bernoulli,2,completed
rep15,start_B,5,bernoulli,-50.895321315802406,101.79064263160481,,bfgs,5,True,1.7195119939028558e-09,False,0.3625331269468256,bernoulli,bernoulli,2,completed
rep15,start_B,5,poisson,-74.38226647030683,148.76453294061366,,bfgs,7,True,4.766764760688602e-12,True,0.13621418149571057,bernoulli,bernoulli,2,completed
rep15,start_B,6,bernoulli,-30.35721816973494,60.71443633946988,,bfgs,6,True,2.9091522302238105e-09,False,2.369406220457022,bernoulli,bernoulli,2,completed
rep15,start_B,6,poisson,-73.28883516401706,146.57767032803412,,bfgs,16,True,5.465760288814181e-10,False,0.19173198755041107,bernoulli,bernoulli,2,completed
rep15,start_B,7,bernoulli,-51.84224131695871,103.68448263391743,,bfgs,5,True,3.772282486380618e-11,True,0.1248974459111508,bernoulli,bernoulli,2,completed
rep15,start_B,7,poisson,-74.34095039650413,148.68190079300825,,bfgs,6,True,1.1933076748960048e-10,False,0.1283399412743418,bernoulli,bernoulli,2,completed
rep15,start_B,8,bernoulli,-51.05167094934599,102.10334189869198,,bfgs,5,False,1.807135047715569e-08,False,0.33231797656638834,bernoulli,bernoulli,2,completed
rep15,start_B,8,poisson,-74.0886428631741,148.1772857263482,,bfgs,6,True,1.964917117902587e-11,True,0.15126888062906893,bernoulli,bernoulli,2,completed
rep15,start_B,3,bernoulli,-46.730202488716266,93.46040497743253,,bfgs,7,True,2.338831350812143e-11,True,0.821270913306961,bernoulli,bernoulli,3,completed
rep15,start_B,3,poisson,-74.53696867434897,149.07393734869794,,bfgs,12,True,2.2416986183992905e-10,False,0.11507154522045616,bernoulli,bernoulli,3,completed
rep15,start_B,4,bernoulli,-46.57554054779242,93.15108109558484,,bfgs,9,True,5.183409257369931e-13,True,0.7909733448250301,bernoulli,bernoulli,3,completed
rep15,start_B,4,poisson,-72.19263470355993,144.38526940711986,,bfgs,12,True,2.0390746868770293e-10,False,0.2635654248444248,bernoulli,bernoulli,3,completed
rep15,start_B,5,bernoulli,-50.79638845437241,101.59277690874482,,bfgs,8,True,1.7639472105202002e-10,False,0.3805457189949044,bernoulli,bernoulli,3,completed
rep15,start_B,5,poisson,-73.56788217037167,147.13576434074335,,bfgs,8,True,8.608802559706419e-10,False,0.21459772192860016,bernoulli,bernoulli,3,completed
rep15,start_B,6,bernoulli,-32.484813955075744,64.96962791015149,,bfgs,8,True,5.108693132416242e-09,False,2.059708107363565,bernoulli,bernoulli,3,completed
rep15,start_B,6,poisson,-73.4302848174406,146.8605696348812,,bfgs,22,True,4.045604917735091e-09,False,0.18374071394711367,bernoulli,bernoulli,3,completed
rep15,start_B,7,bernoulli,-50.81768697270593,101.63537394541186,,bfgs,7,True,3.3071323457534165e-13,True,0.3793591158653768,bernoulli,bernoulli,3,completed
rep15,start_B,7,poisson,-74.51511724129256,149.03023448258512,,bfgs,8,True,3.6430453098645896e-11,True,0.10864621422279794,bernoulli,bernoulli,3,completed
rep15,start_B,8,bernoulli,-45.20547580426366,90.41095160852733,,bfgs,7,True,1.0409895168095317e-12,True,1.0267343644388685,bernoulli,bernoulli,3,completed
rep15,start_B,8,poisson,-70.95959127807403,141.91918255614806,,bfgs,11,True,8.422968988952561e-11,True,0.36813829675540977,bernoulli,bernoulli,3,completed
rep15,start_B,3,bernoulli,-46.36532212388979,92.73064424777958,,bfgs,7,True,8.0114581635371e-12,True,0.8502295305139607,bernoulli,bernoulli,4,completed
rep15,start_B,3,poisson,-74.42765975555332,148.85531951110664,,bfgs,13,False,7.26202605036419e-08,False,0.13716263609116486,bernoulli,bernoulli,4,completed
rep15,start_B,4,bernoulli,-47.54584935615766,95.09169871231532,,bfgs,9,True,2.8787860983925383e-12,True,0.6592433031692675,bernoulli,bernoulli,4,completed
rep15,start_B,4,poisson,-72.12180680038901,144.24361360077802,,bfgs,11,True,1.2145881633784938e-09,False,0.2535066019639884,bernoulli,bernoulli,4,completed
rep15,start_B,5,bernoulli,-50.03118941935232,100.06237883870465,,bfgs,10,True,1.3773526763571908e-11,True,0.5143030809304339,bernoulli,bernoulli,4,completed
rep15,start_B,5,poisson,-73.60147693036113,147.20295386072226,,bfgs,13,True,2.1942751782244584e-11,True,0.20743813119728025,bernoulli,bernoulli,4,completed
rep15,start_B,6,bernoulli,-30.454185340530454,60.90837068106091,,bfgs,9,True,1.324181164719107e-09,False,2.1823369111493847,bernoulli,bernoulli,4,completed
rep15,start_B,6,poisson,-73.53913647329193,147.07827294658387,,bfgs,28,False,2.9658528433174068e-08,False,0.16532721557360644,bernoulli,bernoulli,4,completed
rep15,start_B,7,bernoulli,-50.38465817402992,100.76931634805985,,bfgs,8,True,7.500733367749036e-12,True,0.45009309395969893,bernoulli,bernoulli,4,completed
rep15,start_B,7,poisson,-74.31633878138373,148.63267756276747,,bfgs,9,True,5.619680831792095e-10,False,0.13343813985280525,bernoulli,bernoulli,4,completed
rep15,start_B,8,bernoulli,-44.24027666853296,88.48055333706591,,bfgs,8,True,4.268937425777608e-11,True,1.05840863111209,bernoulli,bernoulli,4,completed
rep15,start_B,8,poisson,-71.14940018279576,142.29880036559152,,bfgs,14,True,4.43747261158478e-12,True,0.3404186243996021,bernoulli,bernoulli,4,completed
rep15,start_B,3,bernoulli,-45.30302153362477,90.60604306724954,,bfgs,9,True,1.2905609914071192e-11,True,0.9528219308534447,bernoulli,bernoulli,5,completed
rep15,start_B,3,poisson,-73.77121427427133,147.54242854854266,,bfgs,14,True,1.7505591198840876e-09,False,0.20980314149057908,bernoulli,bernoulli,5,completed
rep15,start_B,4,bernoulli,-44.07779943513139,88.15559887026278,,bfgs,11,True,1.373217761724277e-10,False,1.0320551638411082,bernoulli,bernoulli,5,completed
rep15,start_B,4,poisson,-71.14204171261161,142.28408342522323,,bfgs,13,False,2.6963706512006523e-08,False,0.3200120474862849,bernoulli,bernoulli,5,completed
rep15,start_B,5,bernoulli,-48.53843138823332,97.07686277646664,,bfgs,9,True,5.668716629436688e-09,False,0.6877126506792347,bernoulli,bernoulli,5,completed
rep15,start_B,5,poisson,-72.68573924995962,145.37147849991925,,bfgs,14,True,2.1454354959260513e-10,False,0.27370898581772907,bernoulli,bernoulli,5,completed
rep15,start_B,6,bernoulli,-29.45845494480732,58.91690988961464,,bfgs,10,True,2.881250793507206e-13,True,2.29443453581406,bernoulli,bernoulli,5,completed
rep15,start_B,6,poisson,-73.14485856699046,146.28971713398093,,bfgs,27,False,6.695687755353674e-08,False,0.18345192508366806,bernoulli,bernoulli,5,completed
rep15,start_B,7,bernoulli,-48.3520830511001,96.7041661022002,,bfgs,9,True,6.17825919313475e-09,False,0.7616312199960982,bernoulli,bernoulli,5,completed
rep15,start_B,7,poisson,-73.91557471627166,147.83114943254333,,bfgs,16,True,1.7154377918160435e-10,False,0.19435867477054466,bernoulli,bernoulli,5,completed
rep15,start_B,8,bernoulli,-42.738519169665565,85.47703833933113,,bfgs,9,True,2.976140667243499e-10,False,1.256000689190017,bernoulli,bernoulli,5,completed
rep15,start_B,8,poisson,-71.13277669997078,142.26555339994155,,bfgs,13,True,2.395570408708636e-09,False,0.33296254478993115,bernoulli,bernoulli,5,completed
rep16,start_B,3,bernoulli,-51.00132993755728,102.00265987511456,,bfgs,2,False,8.943727669574741e-08,False,0.32955855265108774,bernoulli,bernoulli,1,completed
rep16,start_B,3,poisson,-74.04669232733322,148.09338465466644,,bfgs,4,True,5.320330842550902e-11,True,0.1604407012917715,bernoulli,bernoulli,1,completed
rep16,start_B,4,bernoulli,-51.681528136732894,103.36305627346579,,bfgs,4,True,8.249401162174763e-13,True,0.18115463997802855,bernoulli,bernoulli,1,completed
rep16,start_B,4,poisson,-74.42693454026846,148.85386908053692,,bfgs,4,False,9.818534270067403e-08,False,0.12439858136723737,bernoulli,bernoulli,1,completed
rep16,start_B,5,bernoulli,-50.0416595681355,100.083319136271,,bfgs,4,True,2.6978419498391305e-15,True,0.4708306496749216,bernoulli,bernoulli,1,completed
rep16,start_B,5,poisson,-74.95562254887793,149.91124509775585,,bfgs,5,True,3.730349362740526e-14,True,0.034282753683223754,bernoulli,bernoulli,1,completed
rep16,start_B,6,bernoulli,-49.16598862643875,98.3319772528775,,bfgs,4,True,6.0396132539608514e-15,True,0.5758038468048949,bernoulli,bernoulli,1,completed
rep16,start_B,6,poisson,-74.87974251139782,149.75948502279564,,bfgs,7,True,9.769962616701378e-16,True,0.056289987835136404,bernoulli,bernoulli,1,completed
rep16,start_B,7,bernoulli,-51.20157292702656,102.40314585405312,,bfgs,3,True,1.7763568394002505e-15,True,0.2931426118254987,bernoulli,bernoulli,1,completed
rep16,start_B,7,poisson,-74.147103960241,148.294207920482,,bfgs,4,True,1.3584244840103565e-11,True,0.15176911972441903,bernoulli,bernoulli,1,completed
rep16,start_B,8,bernoulli,-51.399524831144916,102.79904966228983,,bfgs,2,True,3.510267632123032e-11,True,0.2526191059964345,bernoulli,bernoulli,1,completed
rep16,start_B,8,poisson,-74.99059278171053,149.98118556342106,,bfgs,4,True,3.61370089407842e-09,False,0.015859817634817995,bernoulli,bernoulli,1,completed
rep16,start_B,3,bernoulli,-47.91634242729901,95.83268485459801,,bfgs,4,True,5.965546723274429e-09,False,0.7747832882662378,bernoulli,bernoulli,2,completed
rep16,start_B,3,poisson,-73.04642538870488,146.09285077740975,,bfgs,5,False,6.814466253501905e-08,False,0.24511487003137716,bernoulli,bernoulli,2,completed
rep16,start_B,4,bernoulli,-50.961074825997215,101.92214965199443,,bfgs,7,True,8.80184813922824e-14,True,0.32862953645300125,bernoulli,bernoulli,2,completed
rep16,start_B,4,poisson,-74.1061954260223,148.2123908520446,,bfgs,6,True,1.7830181775480013e-14,True,0.15565033210794393,bernoulli,bernoulli,2,completed
rep16,start_B,5,bernoulli,-48.68560373729717,97.37120747459434,,bfgs,6,True,1.2514433933574765e-13,True,0.6151562140144202,bernoulli,bernoulli,2,completed
rep16,start_B,5,poisson,-74.37596147145503,148.75192294291006,,bfgs,7,True,5.146785220233596e-11,True,0.13139143974317863,bernoulli,bernoulli,2,completed
rep16,start_B,6,bernoulli,-49.98243685733435,99.9648737146687,,bfgs,6,True,1.963709195251795e-11,True,0.4615493782832288,bernoulli,bernoulli,2,completed
rep16,start_B,6,poisson,-74.65532354257472,149.31064708514944,,bfgs,5,False,2.991206665192703e-07,False,0.09847455766185934,bernoulli,bernoulli,2,completed
rep16,start_B,7,bernoulli,-50.435932161591,100.871864323182,,bfgs,6,True,7.292544346171326e-11,True,0.41972111423328745,bernoulli,bernoulli,2,completed
rep16,start_B,7,poisson,-73.86038059635412,147.72076119270824,,bfgs,6,True,2.937206033948314e-13,True,0.17878203964434966,bernoulli,bernoulli,2,completed
rep16,start_B,8,bernoulli,-45.840439912094176,91.68087982418835,,bfgs,5,True,1.3236669538230216e-10,False,0.9971852295309226,bernoulli,bernoulli,2,completed
rep16,start_B,8,poisson,-74.38289460693166,148.76578921386331,,bfgs,8,False,6.146792079775309e-08,False,0.12999537723309232,bernoulli,bernoulli,2,completed
rep16,start_B,3,bernoulli,-46.47925090655285,92.9585018131057,,bfgs,7,True,2.1551205264813687e-12,True,0.9010852656419164,bernoulli,bernoulli,3,completed
rep16,start_B,3,poisson,-72.02930076347734,144.05860152695467,,bfgs,12,True,7.7937656328686e-15,True,0.2864553847796572,bernoulli,bernoulli,3,completed
rep16,start_B,4,bernoulli,-50.45668502046319,100.91337004092638,,bfgs,6,True,2.509636942704674e-11,True,0.402386281631271,bernoulli,bernoulli,3,completed
rep16,start_B,4,poisson,-73.6958006522168,147.3916013044336,,bfgs,8,True,6.072431446568771e-12,True,0.18414200319171728,bernoulli,bernoulli,3,completed
rep16,start_B,5,bernoulli,-49.47477021169513,98.94954042339026,,bfgs,7,True,6.844707023390129e-11,True,0.532468581503188,bernoulli,bernoulli,3,completed
rep16,start_B,5,poisson,-73.95678952529872,147.91357905059743,,bfgs,13,True,3.31680682919e-11,True,0.17296241366633516,bernoulli,bernoulli,3,completed
rep16,start_B,6,bernoulli,-44.26139557752644,88.52279115505289,,bfgs,7,True,1.9719381683103165e-10,False,1.0693143651294572,bernoulli,bernoulli,3,completed
rep16,start_B,6,poisson,-74.06068547377285,148.1213709475457,,bfgs,9,True,4.083997640069725e-09,False,0.16040680070077584,bernoulli,bernoulli,3,completed
rep16,start_B,7,bernoulli,-41.6922016901428,83.3844033802856,,bfgs,8,True,3.938338544173803e-12,True,1.3170001700643765,bernoulli,bernoulli,3,completed
rep16,start_B,7,poisson,-72.95934954088476,145.91869908176952,,bfgs,10,True,9.459171401715593e-09,False,0.23269451308646896,bernoulli,bernoulli,3,completed
rep16,start_B,8,bernoulli,-43.826627613128,87.653255226256,,bfgs,6,True,5.351392662333865e-10,False,1.1683252236744366,bernoulli,bernoulli,3,completed
rep16,start_B,8,poisson,-73.29420648109684,146.58841296219367,,bfgs,12,True,4.3129304572175896e-10,False,0.22492933980944224,bernoulli,bernoulli,3,completed
rep16,start_B,3,bernoulli,-43.884953173040046,87.76990634608009,,bfgs,8,False,3.50237435498002e-08,False,1.1579565878551523,bernoulli,bernoulli,4,completed
rep16,start_B,3,poisson,-71.04155273371346,142.08310546742692,,bfgs,14,True,1.0495004865163082e-10,False,0.33506476521096423,bernoulli,bernoulli,4,completed
rep16,start_B,4,bernoulli,-50.56594522164585,101.1318904432917,,bfgs,9,True,1.0709111375462044e-11,True,0.36851395639433143,bernoulli,bernoulli,4,completed
rep16,start_B,4,poisson,-73.72922682668221,147.45845365336442,,bfgs,9,True,1.4783128055029238e-10,False,0.1711830169342214,bernoulli,bernoulli,4,completed
rep16,start_B,5,bernoulli,-48.25943270873534,96.51886541747068,,bfgs,9,True,1.8194246886871212e-09,False,0.705436072610671,bernoulli,bernoulli,4,completed
rep16,start_B,5,poisson,-73.82734041573025,147.6546808314605,,bfgs,14,True,1.378472780366735e-10,False,0.17940869811124224,bernoulli,bernoulli,4,completed
rep16,start_B,6,bernoulli,-39.70650000874899,79.41300001749798,,bfgs,9,True,5.485052412268487e-11,True,1.5688568138510088,bernoulli,bernoulli,4,completed
rep16,start_B,6,poisson,-73.22700641747583,146.45401283495167,,bfgs,15,False,1.394179496294612e-08,False,0.24468365258967562,bernoulli,bernoulli,4,completed
rep16,start_B,7,bernoulli,-38.60313025120978,77.20626050241955,,bfgs,8,True,1.088248657854507e-11,True,1.5634543294915917,bernoulli,bernoulli,4,completed
rep16,start_B,7,poisson,-72.46621141762375,144.9324228352475,,bfgs,17,True,6.936862195772164e-12,True,0.2567408933103539,bernoulli,bernoulli,4,completed
rep16,start_B,8,bernoulli,-41.64022807429125,83.2804561485825,,bfgs,7,False,1.9738616230391415e-08,False,1.3776832890985697,bernoulli,bernoulli,4,completed
rep16,start_B,8,poisson,-72.85331907518378,145.70663815036755,,bfgs,13,True,5.5979068047662395e-09,False,0.2453761998087422,bernoulli,bernoulli,4,completed
rep16,start_B,3,bernoulli,-42.91721825399643,85.83443650799286,,bfgs,9,True,8.826885888879587e-11,True,1.2720166505732935,bernoulli,bernoulli,5,completed
rep16,start_B,3,poisson,-70.00872563392576,140.01745126785153,,bfgs,14,True,1.3667558917962453e-09,False,0.3961402820963391,bernoulli,bernoulli,5,completed
rep16,start_B,4,bernoulli,-49.026194315692706,98.05238863138541,,bfgs,9,True,2.0620996465936512e-09,False,0.631353052709679,bernoulli,bernoulli,5,completed
rep16,start_B,4,poisson,-73.35860774819191,146.71721549638383,,bfgs,13,True,2.982140723251092e-09,False,0.19744826801768264,bernoulli,bernoulli,5,completed
rep16,start_B,5,bernoulli,-44.88320617734781,89.76641235469562,,bfgs,8,False,2.8911550681298692e-08,False,1.0800834279673959,bernoulli,bernoulli,5,completed
rep16,start_B,5,poisson,-73.17868784130127,146.35737568260254,,bfgs,15,True,3.483663135739334e-10,False,0.24214566007949626,bernoulli,bernoulli,5,completed
rep16,start_B,6,bernoulli,-42.00387045454096,84.00774090908192,,bfgs,10,True,8.497091918968636e-13,True,1.2400637858562642,bernoulli,bernoulli,5,completed
rep16,start_B,6,poisson,-72.79149588653941,145.58299177307882,,bfgs,11,True,5.914135736695414e-10,False,0.25845283608400016,bernoulli,bernoulli,5,completed
rep16,start_B,7,bernoulli,-42.096763729620065,84.19352745924013,,bfgs,10,True,3.1049038895503143e-10,False,1.2059067509877481,bernoulli,bernoulli,5,completed
rep16,start_B,7,poisson,-72.19169801273026,144.3833960254605,,bfgs,13,True,6.968708987642458e-09,False,0.26635232398554987,bernoulli,bernoulli,5,completed
rep16,start_B,8,bernoulli,-41.331283332433195,82.66256666486639,,bfgs,9,True,3.013937988072257e-10,False,1.367478897529684,bernoulli,bernoulli,5,completed
rep16,start_B,8,poisson,-73.35941250355783,146.71882500711567,,bfgs,17,True,9.330873296242714e-09,False,0.20501843348886592,bernoulli,bernoulli,5,completed
rep17,start_B,3,bernoulli,-50.35224492425872,100.70448984851744,,bfgs,4,True,9.325873406851315e-16,True,0.4321997620738588,bernoulli,bernoulli,1,completed
rep17,start_B,3,poisson,-74.89336378284172,149.78672756568344,,bfgs,5,True,2.5002222514558525e-13,True,0.05302941240839006,bernoulli,bernoulli,1,completed
rep17,start_B,4,bernoulli,-44.23734861907466,88.47469723814932,,bfgs,5,True,1.474376176702208e-14,True,1.0772479658241185,bernoulli,bernoulli,1,completed
rep17,start_B,4,poisson,-72.35661147081001,144.71322294162002,,bfgs,5,False,1.1037178797579372e-07,False,0.26420086234942053,bernoulli,bernoulli,1,completed
rep17,start_B,5,bernoulli,-51.777607479311236,103.55521495862247,,bfgs,4,True,9.49560430285601e-12,True,0.14976379898089098,bernoulli,bernoulli,1,completed
rep17,start_B,5,poisson,-74.7150845855535,149.430169171107,,bfgs,4,True,3.723688024592775e-13,True,0.08755063645581844,bernoulli,bernoulli,1,completed
rep17,start_B,6,bernoulli,-51.55977393575513,103.11954787151026,,bfgs,3,True,1.0787459814309841e-11,True,0.2151623287814781,bernoulli,bernoulli,1,completed
rep17,start_B,6,poisson,-74.60089640830196,149.20179281660393,,bfgs,4,True,3.549405214187118e-12,True,0.10363666090358808,bernoulli,bernoulli,1,completed
rep17,start_B,7,bernoulli,-49.507667228234546,99.01533445646909,,bfgs,3,True,2.919664510159237e-13,True,0.5420578631892949,bernoulli,bernoulli,1,completed
rep17,start_B,7,poisson,-74.78162601544457,149.56325203088915,,bfgs,5,True,1.1368683772161604e-14,True,0.07565642108302939,bernoulli,bernoulli,1,completed
rep17,start_B,8,bernoulli,-48.998892843506084,97.99778568701217,,bfgs,4,True,4.733990977001667e-14,True,0.6016800659349442,bernoulli,bernoulli,1,completed
rep17,start_B,8,poisson,-74.70916689616462,149.41833379232924,,bfgs,5,True,7.743808616567094e-09,False,0.08716279292465756,bernoulli,bernoulli,1,completed
rep17,start_B,3,bernoulli,-47.77949473228275,95.5589894645655,,bfgs,6,True,1.1618968009941e-10,False,0.7600738539474386,bernoulli,bernoulli,2,completed
rep17,start_B,3,poisson,-74.48318121509257,148.96636243018514,,bfgs,10,True,5.564437799421285e-13,True,0.12052183901589655,bernoulli,bernoulli,2,completed
rep17,start_B,4,bernoulli,-37.96708999729353,75.93417999458705,,bfgs,6,True,5.280909043392512e-12,True,1.6774616973754157,bernoulli,bernoulli,2,completed
rep17,start_B,4,poisson,-70.81298854213674,141.62597708427347,,bfgs,11,True,1.2314126607293473e-09,False,0.3308647607591101,bernoulli,bernoulli,2,completed
rep17,start_B,5,bernoulli,-50.81200036359148,101.62400072718296,,bfgs,7,True,2.5953328375294403e-11,True,0.3789055448866054,bernoulli,bernoulli,2,completed
rep17,start_B,5,poisson,-74.28818350937628,148.57636701875256,,bfgs,7,True,1.474376176702208e-14,True,0.1417018635856389,bernoulli,bernoulli,2,completed
rep17,start_B,6,bernoulli,-51.486927031808406,102.97385406361681,,bfgs,6,True,2.8889994396763543e-09,False,0.23814070887451064,bernoulli,bernoulli,2,completed
rep17,start_B,6,poisson,-74.49236465092017,148.98472930184033,,bfgs,6,True,7.185485539906722e-11,True,0.11686586374685096,bernoulli,bernoulli,2,completed
rep17,start_B,7,bernoulli,-50.26581087852827,100.53162175705654,,bfgs,7,True,2.0911645748356024e-10,False,0.43143979339378735,bernoulli,bernoulli,2,completed
rep17,start_B,7,poisson,-74.77717100615878,149.55434201231756,,bfgs,7,True,5.955199111618015e-11,True,0.07763541378554353,bernoulli,bernoulli,2,completed
rep17,start_B,8,bernoulli,-45.65986060320223,91.31972120640447,,bfgs,5,True,4.144848908538279e-11,True,0.9347742647572562,bernoulli,bernoulli,2,completed
rep17,start_B,8,poisson,-73.89045057863206,147.7809011572641,,bfgs,10,True,1.3796941367161253e-11,True,0.1720022866246452,bernoulli,bernoulli,2,completed
rep17,start_B,3,bernoulli,-46.187078058267346,92.37415611653469,,bfgs,6,True,3.9097525217357544e-11,True,0.8862210844808294,bernoulli,bernoulli,3,completed
rep17,start_B,3,poisson,-74.23004225778534,148.46008451557068,,bfgs,12,True,2.4072632776039883e-12,True,0.14158846048872342,bernoulli,bernoulli,3,completed
rep17,start_B,4,bernoulli,-37.46507317565682,74.93014635131364,,bfgs,8,True,2.2784321096480653e-10,False,1.6766298429960411,bernoulli,bernoulli,3,completed
rep17,start_B,4,poisson,-70.48797753327452,140.97595506654903,,bfgs,10,True,1.299977725466306e-09,False,0.3341068239437506,bernoulli,bernoulli,3,completed
rep17,start_B,5,bernoulli,-50.97181334236179,101.94362668472358,,bfgs,8,True,2.7488678000509024e-12,True,0.3337786300844006,bernoulli,bernoulli,3,completed
rep17,start_B,5,poisson,-74.36801209410467,148.73602418820934,,bfgs,7,True,9.11068198661269e-10,False,0.1293346645456105,bernoulli,bernoulli,3,completed
rep17,start_B,6,bernoulli,-50.579657807712906,101.15931561542581,,bfgs,7,True,5.095657229503558e-12,True,0.42581728828645476,bernoulli,bernoulli,3,completed
rep17,start_B,6,poisson,-74.14960608839515,148.2992121767903,,bfgs,8,True,1.736254917616975e-10,False,0.15206861178294798,bernoulli,bernoulli,3,completed
rep17,start_B,7,bernoulli,-47.162896359169885,94.32579271833977,,bfgs,6,False,6.20975544762814e-08,False,0.8255056673526682,bernoulli,bernoulli,3,completed
rep17,start_B,7,poisson,-74.08684564550863,148.17369129101726,,bfgs,12,True,1.0489658031076488e-10,False,0.16453043140453089,bernoulli,bernoulli,3,completed
rep17,start_B,8,bernoulli,-43.98144066189007,87.96288132378014,,bfgs,7,True,1.3565250256419858e-09,False,1.059819396603233,bernoulli,bernoulli,3,completed
rep17,start_B,8,poisson,-73.76109183105979,147.52218366211957,,bfgs,9,True,5.88713421345588e-09,False,0.17855083859756518,bernoulli,bernoulli,3,completed
rep17,start_B,3,bernoulli,-48.551500724704525,97.10300144940905,,bfgs,8,True,3.609823551187219e-12,True,0.6101217082726909,bernoulli,bernoulli,4,completed
rep17,start_B,3,poisson,-74.6095844466115,149.219168893223,,bfgs,13,True,5.31048960361602e-10,False,0.10159653880677684,bernoulli,bernoulli,4,completed
rep17,start_B,4,bernoulli,-37.87735441918209,75.75470883836418,,bfgs,8,True,4.672962017338023e-12,True,1.5584669579253845,bernoulli,bernoulli,4,completed
rep17,start_B,4,poisson,-70.56390791127959,141.12781582255917,,bfgs,13,True,9.199618844490942e-11,True,0.31565018255365995,bernoulli,bernoulli,4,completed
rep17,start_B,5,bernoulli,-44.968320654279445,89.93664130855889,,bfgs,7,False,2.1045258193908012e-07,False,1.2560335641181668,bernoulli,bernoulli,4,completed
rep17,start_B,5,poisson,-73.17094995973177,146.34189991946354,,bfgs,12,True,8.031413756270922e-10,False,0.2510787412532326,bernoulli,bernoulli,4,completed
rep17,start_B,6,bernoulli,-47.603320625872904,95.20664125174581,,bfgs,8,True,1.3903953544058823e-10,False,0.9262189281130511,bernoulli,bernoulli,4,completed
rep17,start_B,6,poisson,-73.2918076835361,146.5836153670722,,bfgs,12,True,2.274103128030447e-10,False,0.2511698813567989,bernoulli,bernoulli,4,completed
rep17,start_B,7,bernoulli,-40.2963925035073,80.5927850070146,,bfgs,8,True,3.727720354618214e-11,True,1.661117307151922,bernoulli,bernoulli,4,completed
rep17,start_B,7,poisson,-72.62321727659689,145.24643455319378,,bfgs,14,True,2.9101165921474603e-12,True,0.29310827390564237,bernoulli,bernoulli,4,completed
rep17,start_B,8,bernoulli,-40.798697772921116,81.59739554584223,,bfgs,9,True,7.003030577656943e-09,False,1.3777900595687027,bernoulli,bernoulli,4,completed
rep17,start_B,8,poisson,-72.62344841711017,145.24689683422034,,bfgs,12,True,1.1822232082181472e-11,True,0.2652436295966848,bernoulli,bernoulli,4,completed
rep17,start_B,3,bernoulli,-47.17026744227587,94.34053488455174,,bfgs,11,True,3.68851615917265e-12,True,0.7515808704418496,bernoulli,bernoulli,5,completed
rep17,start_B,3,poisson,-73.89104315364423,147.78208630728847,,bfgs,14,False,2.6654926199576324e-08,False,0.17667654414052103,bernoulli,bernoulli,5,completed
rep17,start_B,4,bernoulli,-37.12939956529464,74.25879913058928,,bfgs,9,True,1.7133405805225266e-11,True,1.675402031587037,bernoulli,bernoulli,5,completed
rep17,start_B,4,poisson,-70.95697943973695,141.9139588794739,,bfgs,18,True,3.346061672182543e-09,False,0.2941034901682154,bernoulli,bernoulli,5,completed
rep17,start_B,5,bernoulli,-43.10912235300128,86.21824470600257,,bfgs,11,True,3.873508180873841e-11,True,1.3727883267720478,bernoulli,bernoulli,5,completed
rep17,start_B,5,poisson,-73.28132017684646,146.56264035369293,,bfgs,12,False,1.2314163555515733e-08,False,0.23502739460950858,bernoulli,bernoulli,5,completed
rep17,start_B,6,bernoulli,-45.051011928868455,90.10202385773691,,bfgs,10,True,4.1807979300756414e-11,True,1.2148563524013856,bernoulli,bernoulli,5,completed
rep17,start_B,6,poisson,-73.53407027737784,147.06814055475567,,bfgs,13,True,1.4380671764513408e-09,False,0.2199234374132222,bernoulli,bernoulli,5,completed
rep17,start_B,7,bernoulli,-39.29518263784786,78.59036527569572,,bfgs,9,True,8.269651630143925e-12,True,1.7909133100585684,bernoulli,bernoulli,5,completed
rep17,start_B,7,poisson,-72.36720214662225,144.7344042932445,,bfgs,17,False,5.9042924260843674e-08,False,0.3045751430545938,bernoulli,bernoulli,5,completed
rep17,start_B,8,bernoulli,-38.723417927712205,77.44683585542441,,bfgs,9,True,4.847764412119204e-11,True,1.5472619205670768,bernoulli,bernoulli,5,completed
rep17,start_B,8,poisson,-71.89382732179314,143.78765464358628,,bfgs,12,True,6.133375263228658e-09,False,0.29937730317289435,bernoulli,bernoulli,5,completed
rep18,start_B,3,bernoulli,-51.3615552953432,102.7231105906864,,bfgs,4,True,7.283063041541026e-15,True,0.26153134970393754,bernoulli,bernoulli,1,completed
rep18,start_B,3,poisson,-74.90257934548364,149.8051586909673,,bfgs,4,True,2.3812063432160357e-12,True,0.0510806901397733,bernoulli,bernoulli,1,completed
rep18,start_B,4,bernoulli,-51.98597346108363,103.97194692216726,,bfgs,3,True,3.086153554932025e-12,True,0.0026347643395605116,bernoulli,bernoulli,1,completed
rep18,start_B,4,poisson,-74.99266430873334,149.98532861746668,,bfgs,4,True,3.0229063696651794e-11,True,0.013973052122230812,bernoulli,bernoulli,1,completed
rep18,start_B,5,bernoulli,-50.331914545047105,100.66382909009421,,bfgs,4,True,7.105427357601002e-16,True,0.4350527247908019,bernoulli,bernoulli,1,completed
rep18,start_B,5,poisson,-74.4910329971641,148.9820659943282,,bfgs,5,True,2.1809221095736575e-12,True,0.11505608175617249,bernoulli,bernoulli,1,completed
rep18,start_B,6,bernoulli,-50.96096204638552,101.92192409277104,,bfgs,3,False,2.2810266209205567e-08,False,0.33793434832841,bernoulli,bernoulli,1,completed
rep18,start_B,6,poisson,-74.82226901557017,149.64453803114034,,bfgs,4,True,6.448175327022909e-12,True,0.06901397266268398,bernoulli,bernoulli,1,completed
rep18,start_B,7,bernoulli,-49.1725872104559,98.3451744209118,,bfgs,4,True,4.477769266486575e-11,True,0.5815833912936725,bernoulli,bernoulli,1,completed
rep18,start_B,7,poisson,-74.1948245178038,148.3896490356076,,bfgs,7,True,2.8599345114344035e-14,True,0.14401766181503134,bernoulli,bernoulli,1,completed
rep18,start_B,8,bernoulli,-51.76927300437153,103.53854600874305,,bfgs,4,True,2.930988785010413e-15,True,0.15275822935436767,bernoulli,bernoulli,1,completed
rep18,start_B,8,poisson,-74.97723394768032,149.95446789536064,,bfgs,4,True,2.175504221213487e-12,True,0.024671515742390734,bernoulli,bernoulli,1,completed
rep18,start_B,3,bernoulli,-49.33779740099496,98.67559480198992,,bfgs,4,False,1.1862280100416455e-07,False,0.5660756198219727,bernoulli,bernoulli,2,completed
rep18,start_B,3,poisson,-74.40721222882296,148.8144244576459,,bfgs,9,True,5.6710192097853e-13,True,0.12691796723475982,bernoulli,bernoulli,2,completed
rep18,start_B,4,bernoulli,-51.44232062906123,102.88464125812246,,bfgs,6,True,1.1023812973576241e-09,False,0.25746070826131534,bernoulli,bernoulli,2,completed
rep18,start_B,4,poisson,-74.83432654523124,149.66865309046247,,bfgs,7,True,1.015487693933892e-12,True,0.0706071846481224,bernoulli,bernoulli,2,completed
rep18,start_B,5,bernoulli,-50.03852756160239,100.07705512320479,,bfgs,6,True,1.6551648940321684e-11,True,0.44771951783063996,bernoulli,bernoulli,2,completed
rep18,start_B,5,poisson,-74.3737939760407,148.7475879520814,,bfgs,7,True,9.274891965560528e-12,True,0.12045017088782446,bernoulli,bernoulli,2,completed
rep18,start_B,6,bernoulli,-50.776808780245524,101.55361756049105,,bfgs,4,True,2.628273243487911e-09,False,0.35765804548190666,bernoulli,bernoulli,2,completed
rep18,start_B,6,poisson,-74.76061457355813,149.52122914711626,,bfgs,7,True,5.3788440368407465e-11,True,0.07883022665482883,bernoulli,bernoulli,2,completed
rep18,start_B,7,bernoulli,-46.744796912249804,93.48959382449961,,bfgs,6,True,8.1278583863309e-10,False,0.8144311319110796,bernoulli,bernoulli,2,completed
rep18,start_B,7,poisson,-73.53831781302341,147.07663562604682,,bfgs,10,True,2.5924151714207255e-11,True,0.18925007141872144,bernoulli,bernoulli,2,completed
rep18,start_B,8,bernoulli,-51.639927869256596,103.27985573851319,,bfgs,6,True,1.2390088954816746e-14,True,0.1826589419719834,bernoulli,bernoulli,2,completed
rep18,start_B,8,poisson,-74.95739506320724,149.9147901264145,,bfgs,6,False,4.616723749961693e-08,False,0.032381699792293446,bernoulli,bernoulli,2,completed
rep18,start_B,3,bernoulli,-47.9500128683412,95.9000257366824,,bfgs,8,True,4.510170015237236e-13,True,0.7194627847291472,bernoulli,bernoulli,3,completed
rep18,start_B,3,poisson,-74.31336820895926,148.62673641791852,,bfgs,11,True,3.715335594733915e-10,False,0.13158548967617714,bernoulli,bernoulli,3,completed
rep18,start_B,4,bernoulli,-51.12998059054497,102.25996118108993,,bfgs,7,True,3.6354130816818045e-11,True,0.31200665082601203,bernoulli,bernoulli,3,completed
rep18,start_B,4,poisson,-74.78674926656113,149.57349853312226,,bfgs,9,False,2.579956489133506e-07,False,0.07610302792265798,bernoulli,bernoulli,3,completed
rep18,start_B,5,bernoulli,-49.04159880792472,98.08319761584944,,bfgs,7,True,2.2411239530839566e-12,True,0.5512642812525059,bernoulli,bernoulli,3,completed
rep18,start_B,5,poisson,-73.89214381345005,147.7842876269001,,bfgs,9,True,6.920312323188682e-10,False,0.16288396608080644,bernoulli,bernoulli,3,completed
rep18,start_B,6,bernoulli,-50.72795872233492,101.45591744466984,,bfgs,7,True,1.0408895967373155e-12,True,0.3520166882356534,bernoulli,bernoulli,3,completed
rep18,start_B,6,poisson,-74.69701891935158,149.39403783870316,,bfgs,8,True,5.2092397062608595e-11,True,0.09132275295066881,bernoulli,bernoulli,3,completed
rep18,start_B,7,bernoulli,-46.619545146324626,93.23909029264925,,bfgs,7,True,8.01536614858378e-12,True,0.8072216578485643,bernoulli,bernoulli,3,completed
rep18,start_B,7,poisson,-73.20594824258909,146.41189648517818,,bfgs,11,True,5.4949955696770304e-11,True,0.20765655768853902,bernoulli,bernoulli,3,completed
rep18,start_B,8,bernoulli,-51.68252644428551,103.36505288857101,,bfgs,7,True,3.368860745922575e-13,True,0.1729717043328941,bernoulli,bernoulli,3,completed
rep18,start_B,8,poisson,-74.96111131615218,149.92222263230437,,bfgs,9,True,2.9501712184298866e-11,True,0.033694338184418186,bernoulli,bernoulli,3,completed
rep18,start_B,3,bernoulli,-47.97504450306163,95.95008900612326,,bfgs,7,False,4.1603740097428955e-08,False,0.7021828240201043,bernoulli,bernoulli,4,completed
rep18,start_B,3,poisson,-74.28565716506057,148.57131433012114,,bfgs,12,False,8.441377650214576e-08,False,0.13533679426604017,bernoulli,bernoulli,4,completed
rep18,start_B,4,bernoulli,-49.58444941911914,99.16889883823828,,bfgs,8,True,2.929478881696923e-11,True,0.6225212720662859,bernoulli,bernoulli,4,completed
rep18,start_B,4,poisson,-74.23839821679624,148.47679643359248,,bfgs,10,True,5.996784113726505e-09,False,0.1649738185408285,bernoulli,bernoulli,4,completed
rep18,start_B,5,bernoulli,-43.90253217354298,87.80506434708596,,bfgs,8,True,6.306324351612602e-10,False,1.3283041447719182,bernoulli,bernoulli,4,completed
rep18,start_B,5,poisson,-72.67518821890505,145.3503764378101,,bfgs,11,True,5.486535670229387e-10,False,0.2879275079012341,bernoulli,bernoulli,4,completed
rep18,start_B,6,bernoulli,-50.12694816225161,100.25389632450322,,bfgs,8,True,2.6219826310125428e-11,True,0.4494809545408259,bernoulli,bernoulli,4,completed
rep18,start_B,6,poisson,-74.60049776983419,149.20099553966838,,bfgs,9,True,1.1868699800743343e-09,False,0.10758371860782734,bernoulli,bernoulli,4,completed
rep18,start_B,7,bernoulli,-43.574795405682686,87.14959081136537,,bfgs,8,True,1.0093970104207983e-10,False,1.1305455244552822,bernoulli,bernoulli,4,completed
rep18,start_B,7,poisson,-72.22109980331166,144.44219960662332,,bfgs,13,True,3.0427851349656976e-09,False,0.2765100079387543,bernoulli,bernoulli,4,completed
rep18,start_B,8,bernoulli,-51.359403997686606,102.71880799537321,,bfgs,8,True,2.2572166358258983e-12,True,0.2703315014354795,bernoulli,bernoulli,4,completed
rep18,start_B,8,poisson,-74.95359027179975,149.9071805435995,,bfgs,8,True,6.698977372820991e-09,False,0.03880666342900381,bernoulli,bernoulli,4,completed
rep18,start_B,3,bernoulli,-44.733826106442955,89.46765221288591,,bfgs,9,True,7.375271060539034e-10,False,1.0809571104669247,bernoulli,bernoulli,5,completed
rep18,start_B,3,poisson,-73.61707200922608,147.23414401845216,,bfgs,15,False,2.080495118406134e-08,False,0.18918592364261183,bernoulli,bernoulli,5,completed
rep18,start_B,4,bernoulli,-50.07244409919559,100.14488819839119,,bfgs,8,False,7.713417691235235e-08,False,0.5151674231739451,bernoulli,bernoulli,5,completed
rep18,start_B,4,poisson,-74.07318420054366,148.14636840108733,,bfgs,13,False,2.2753471751180145e-08,False,0.17398687389742207,bernoulli,bernoulli,5,completed
rep18,start_B,5,bernoulli,-34.92325978576879,69.84651957153758,,bfgs,12,True,1.0703153918711905e-10,False,2.4219061166909737,bernoulli,bernoulli,5,completed
rep18,start_B,5,poisson,-70.61393424233589,141.22786848467177,,bfgs,19,False,1.8012333069528097e-08,False,0.39261557290001,bernoulli,bernoulli,5,completed
rep18,start_B,6,bernoulli,-49.28604348217114,98.57208696434228,,bfgs,9,True,3.5425884448159194e-12,True,0.5540804531805716,bernoulli,bernoulli,5,completed
rep18,start_B,6,poisson,-73.92793979394308,147.85587958788616,,bfgs,13,True,5.070084796443553e-10,False,0.17137557109982063,bernoulli,bernoulli,5,completed
rep18,start_B,7,bernoulli,-45.0189383051828,90.0378766103656,,bfgs,8,True,5.2942095152275215e-11,True,0.8703954718986817,bernoulli,bernoulli,5,completed
rep18,start_B,7,poisson,-72.23347194662472,144.46694389324944,,bfgs,15,True,4.005929454820034e-09,False,0.25370439211043205,bernoulli,bernoulli,5,completed
rep18,start_B,8,bernoulli,-50.9462278209693,101.8924556419386,,bfgs,9,True,1.104564928411378e-09,False,0.44092894674997957,bernoulli,bernoulli,5,completed
rep18,start_B,8,poisson,-74.57475568890268,149.14951137780537,,bfgs,11,True,4.6395491892781137e-10,False,0.12031724625568922,bernoulli,bernoulli,5,completed
rep19,start_B,3,bernoulli,-50.47003475350665,100.9400695070133,,bfgs,4,True,3.0198066269804257e-15,True,0.4144620874140484,bernoulli,bernoulli,1,completed
rep19,start_B,3,poisson,-74.92078163531286,149.84156327062573,,bfgs,5,True,1.4656720281891467e-12,True,0.04563263457699429,bernoulli,bernoulli,1,completed
rep19,start_B,4,bernoulli,-45.32766452884439,90.65532905768877,,bfgs,4,False,8.368262731650588e-08,False,0.9666912325334086,bernoulli,bernoulli,1,completed
rep19,start_B,4,poisson,-74.19701780238448,148.39403560476896,,bfgs,5,True,4.884981308350689e-16,True,0.14240360088793919,bernoulli,bernoulli,1,completed
rep19,start_B,5,bernoulli,-51.61329283821654,103.22658567643307,,bfgs,3,True,4.2917047693435964e-11,True,0.2008759153203704,bernoulli,bernoulli,1,completed
rep19,start_B,5,poisson,-74.9994911967612,149.9989823935224,,bfgs,5,False,1.1109121977881387e-08,False,0.003685393015159008,bernoulli,bernoulli,1,completed
rep19,start_B,6,bernoulli,-48.820746687880764,97.64149337576153,,bfgs,4,True,9.769962616701378e-16,True,0.6192684495749596,bernoulli,bernoulli,1,completed
rep19,start_B,6,poisson,-74.70811611624092,149.41623223248183,,bfgs,7,True,3.200053555474369e-10,False,0.08691625316465017,bernoulli,bernoulli,1,completed
rep19,start_B,7,bernoulli,-51.206365893385055,102.41273178677011,,bfgs,4,True,1.3322676295501878e-15,True,0.29288178178863405,bernoulli,bernoulli,1,completed
rep19,start_B,7,poisson,-74.40439756367985,148.8087951273597,,bfgs,4,True,1.6279422254683596e-12,True,0.12758965540730324,bernoulli,bernoulli,1,completed
rep19,start_B,8,bernoulli,-50.945470570497704,101.89094114099541,,bfgs,3,True,7.809841662265172e-12,True,0.3401203528624067,bernoulli,bernoulli,1,completed
rep19,start_B,8,poisson,-74.96792339562961,149.93584679125922,,bfgs,5,True,6.834977028802313e-13,True,0.029117866660425887,bernoulli,bernoulli,1,completed
rep19,start_B,3,bernoulli,-50.00640358298631,100.01280716597262,,bfgs,5,True,4.320988011841109e-14,True,0.4803311526822816,bernoulli,bernoulli,2,completed
rep19,start_B,3,poisson,-74.3253189588624,148.6506379177248,,bfgs,7,True,2.4047386304459906e-11,True,0.1459034681337031,bernoulli,bernoulli,2,completed
rep19,start_B,4,bernoulli,-42.589597874872574,85.17919574974515,,bfgs,6,True,2.4708235457637785e-12,True,1.1968411561039,bernoulli,bernoulli,2,completed
rep19,start_B,4,poisson,-74.166508934419,148.333017868838,,bfgs,9,True,1.1436419811161612e-09,False,0.13814399737097166,bernoulli,bernoulli,2,completed
rep19,start_B,5,bernoulli,-51.35993438493648,102.71986876987296,,bfgs,5,True,4.635225536731014e-12,True,0.262959764971568,bernoulli,bernoulli,2,completed
rep19,start_B,5,poisson,-74.57287450268669,149.14574900537337,,bfgs,8,True,4.002975728667479e-12,True,0.11493174862998463,bernoulli,bernoulli,2,completed
rep19,start_B,6,bernoulli,-48.49392848204114,96.98785696408228,,bfgs,4,False,1.3732061132643025e-08,False,0.6385395622364095,bernoulli,bernoulli,2,completed
rep19,start_B,6,poisson,-74.87593645888887,149.75187291777775,,bfgs,9,False,1.1993259905751507e-07,False,0.053933743678871195,bernoulli,bernoulli,2,completed
rep19,start_B,7,bernoulli,-39.14609670372172,78.29219340744343,,bfgs,6,True,4.208729365018371e-10,False,1.6040403969377477,bernoulli,bernoulli,2,completed
rep19,start_B,7,poisson,-69.95745913150029,139.91491826300057,,bfgs,10,True,4.53983517445522e-12,True,0.4026639436388104,bernoulli,bernoulli,2,completed
rep19,start_B,8,bernoulli,-42.05718824900792,84.11437649801584,,bfgs,6,True,8.522939021204934e-10,False,1.3249641356872905,bernoulli,bernoulli,2,completed
rep19,start_B,8,poisson,-74.07620949957698,148.15241899915395,,bfgs,10,True,2.429938916748142e-10,False,0.16069015186840466,bernoulli,bernoulli,2,completed
rep19,start_B,3,bernoulli,-48.79538868658269,97.59077737316538,,bfgs,7,True,2.8327105106029647e-10,False,0.619526581099405,bernoulli,bernoulli,3,completed
rep19,start_B,3,poisson,-74.27018970883736,148.54037941767473,,bfgs,11,True,5.992983886926595e-14,True,0.14019627026762282,bernoulli,bernoulli,3,completed
rep19,start_B,4,bernoulli,-28.101090640903003,56.202181281806006,,bfgs,6,True,1.9444401644364007e-11,True,2.9660480036960024,bernoulli,bernoulli,3,completed
rep19,start_B,4,poisson,-72.46898850543934,144.93797701087868,,bfgs,25,False,1.0998170498766058e-07,False,0.2509144388532912,bernoulli,bernoulli,3,completed
rep19,start_B,5,bernoulli,-51.13279747364908,102.26559494729815,,bfgs,7,True,1.1990408665951691e-15,True,0.2948864649724387,bernoulli,bernoulli,3,completed
rep19,start_B,5,poisson,-74.51979311841231,149.03958623682462,,bfgs,9,True,8.242295734817162e-14,True,0.11514593631365728,bernoulli,bernoulli,3,completed
rep19,start_B,6,bernoulli,-46.33819383040279,92.67638766080557,,bfgs,7,True,5.929936541804181e-11,True,0.8704662899162577,bernoulli,bernoulli,3,completed
rep19,start_B,6,poisson,-73.92560266167592,147.85120532335185,,bfgs,10,True,2.3480007271814428e-09,False,0.17957099315767144,bernoulli,bernoulli,3,completed
rep19,start_B,7,bernoulli,-39.52412770337435,79.0482554067487,,bfgs,7,True,1.1429879265278941e-11,True,1.4961111294718925,bernoulli,bernoulli,3,completed
rep19,start_B,7,poisson,-70.42504508811797,140.85009017623594,,bfgs,11,True,8.58966409111872e-10,False,0.35610878845221583,bernoulli,bernoulli,3,completed
rep19,start_B,8,bernoulli,-41.32409267638914,82.64818535277828,,bfgs,7,True,1.436215590899792e-11,True,1.328698866915974,bernoulli,bernoulli,3,completed
rep19,start_B,8,poisson,-73.84299784996998,147.68599569993995,,bfgs,11,True,4.779373075081139e-09,False,0.17125627731946041,bernoulli,bernoulli,3,completed
rep19,start_B,3,bernoulli,-41.88116441466478,83.76232882932956,,bfgs,10,True,4.9649173661237e-12,True,1.5492881730255434,bernoulli,bernoulli,4,completed
rep19,start_B,3,poisson,-72.45723983158958,144.91447966317915,,bfgs,12,False,2.229798544695072e-07,False,0.322178002439514,bernoulli,bernoulli,4,completed
rep19,start_B,4,bernoulli,-28.478188708855917,56.956377417711835,,bfgs,8,True,6.028795851431567e-10,False,3.025329805288858,bernoulli,bernoulli,4,completed
rep19,start_B,4,poisson,-72.72215998102044,145.44431996204088,,bfgs,29,False,1.367358759551962e-07,False,0.21940966492873484,bernoulli,bernoulli,4,completed
rep19,start_B,5,bernoulli,-48.75323763073601,97.50647526147202,,bfgs,9,True,5.1163517866825714e-11,True,0.7641957670776122,bernoulli,bernoulli,4,completed
rep19,start_B,5,poisson,-73.55564515691131,147.11129031382262,,bfgs,12,True,1.075197975097808e-09,False,0.24060130969514532,bernoulli,bernoulli,4,completed
rep19,start_B,6,bernoulli,-45.563876784890624,91.12775356978125,,bfgs,8,True,2.921574093761592e-12,True,0.8909251043963734,bernoulli,bernoulli,4,completed
rep19,start_B,6,poisson,-73.6232943003158,147.2465886006316,,bfgs,12,False,6.619106129868157e-08,False,0.19802790103385887,bernoulli,bernoulli,4,completed
rep19,start_B,7,bernoulli,-34.225600833985666,68.45120166797133,,bfgs,7,False,7.934560928291034e-08,False,2.142787344241598,bernoulli,bernoulli,4,completed
rep19,start_B,7,poisson,-69.19027664262478,138.38055328524956,,bfgs,14,True,6.0333340989870974e-09,False,0.41788971964701815,bernoulli,bernoulli,4,completed
rep19,start_B,8,bernoulli,-40.37335019152601,80.74670038305202,,bfgs,8,False,1.1804967503525887e-08,False,1.4803375454994525,bernoulli,bernoulli,4,completed
rep19,start_B,8,poisson,-73.79146339300539,147.58292678601077,,bfgs,15,True,3.4895947464974596e-09,False,0.1785364963932638,bernoulli,bernoulli,4,completed
rep19,start_B,3,bernoulli,-47.71318649325476,95.42637298650952,,bfgs,11,True,5.848654893725324e-14,True,0.7084811128950588,bernoulli,bernoulli,5,completed
rep19,start_B,3,poisson,-73.22623037448243,146.45246074896485,,bfgs,13,False,1.386541155667942e-07,False,0.2284910491125583,bernoulli,bernoulli,5,completed
rep19,start_B,4,bernoulli,-23.837905024807235,47.67581004961447,,bfgs,9,False,2.7074998365517188e-08,False,3.690904592678032,bernoulli,bernoulli,5,completed
rep19,start_B,4,poisson,-72.12549001442866,144.25098002885733,,bfgs,47,False,3.052817518778284e-08,False,0.2605405010774305,bernoulli,bernoulli,5,completed
rep19,start_B,5,bernoulli,-48.45663585780691,96.91327171561382,,bfgs,9,False,7.258939684895438e-08,False,0.8376196593282739,bernoulli,bernoulli,5,completed
rep19,start_B,5,poisson,-73.36872373247556,146.73744746495112,,bfgs,14,True,2.634946039137276e-10,False,0.256190951474433,bernoulli,bernoulli,5,completed
rep19,start_B,6,bernoulli,-43.78291755207234,87.56583510414468,,bfgs,10,True,4.6444732504369314e-10,False,1.1532784942950804,bernoulli,bernoulli,5,completed
rep19,start_B,6,poisson,-72.99367472296119,145.98734944592238,,bfgs,13,False,1.0645039560941428e-08,False,0.27145321004514006,bernoulli,bernoulli,5,completed
rep19,start_B,7,bernoulli,-32.940608504714405,65.88121700942881,,bfgs,10,True,5.330575980622143e-11,True,2.374491778251505,bernoulli,bernoulli,5,completed
rep19,start_B,7,poisson,-69.15649085557577,138.31298171115154,,bfgs,21,False,5.3464822968862793e-08,False,0.38973345358973255,bernoulli,bernoulli,5,completed
rep19,start_B,8,bernoulli,-34.3603395787167,68.7206791574334,,bfgs,9,True,1.5981926893005038e-11,True,2.285665737865232,bernoulli,bernoulli,5,completed
rep19,start_B,8,poisson,-72.49978749113828,144.99957498227656,,bfgs,21,False,1.6789746783985038e-07,False,0.30178261656536404,bernoulli,bernoulli,5,completed
rep20,start_B,3,bernoulli,-50.881613819669354,101.76322763933871,,bfgs,4,True,5.913483036579236e-11,True,0.34989705737680926,bernoulli,bernoulli,1,completed
rep20,start_B,3,poisson,-74.98148866187951,149.96297732375902,,bfgs,5,True,4.728283542476675e-10,False,0.022201125941616533,bernoulli,bernoulli,1,completed
rep20,start_B,4,bernoulli,-44.78072673149361,89.56145346298722,,bfgs,3,True,3.846891694081478e-11,True,0.999944209908664,bernoulli,bernoulli,1,completed
rep20,start_B,4,poisson,-74.19541763755782,148.39083527511565,,bfgs,6,True,4.964029187704e-13,True,0.14493432287036587,bernoulli,bernoulli,1,completed
rep20,start_B,5,bernoulli,-50.413909975939774,100.82781995187955,,bfgs,4,True,1.0658141036401502e-15,True,0.4209140360192534,bernoulli,bernoulli,1,completed
rep20,start_B,5,poisson,-74.94473732942616,149.88947465885232,,bfgs,4,True,2.699682843942952e-09,False,0.03833073447109741,bernoulli,bernoulli,1,completed
rep20,start_B,6,bernoulli,-51.92396891846189,103.84793783692378,,bfgs,4,True,4.440892098500626e-16,True,0.08145550648405281,bernoulli,bernoulli,1,completed
rep20,start_B,6,poisson,-74.93157255439489,149.86314510878978,,bfgs,3,False,5.3072074206184096e-08,False,0.04274060648037762,bernoulli,bernoulli,1,completed
rep20,start_B,7,bernoulli,-47.01918304567922,94.03836609135844,,bfgs,4,True,1.1768364061026659e-15,True,0.7956426238742835,bernoulli,bernoulli,1,completed
rep20,start_B,7,poisson,-72.85602618912753,145.71205237825507,,bfgs,7,True,4.440892098500626e-16,True,0.23625627749351866,bernoulli,bernoulli,1,completed
rep20,start_B,8,bernoulli,-48.18227560949377,96.36455121898754,,bfgs,2,True,1.1550871814591801e-09,False,0.6814991208225532,bernoulli,bernoulli,1,completed
rep20,start_B,8,poisson,-73.21272433360514,146.42544866721028,,bfgs,5,True,1.9984014443252818e-15,True,0.21623909292144822,bernoulli,bernoulli,1,completed
rep20,start_B,3,bernoulli,-49.335749020677916,98.67149804135583,,bfgs,7,True,6.895928272854235e-13,True,0.5899279164239999,bernoulli,bernoulli,2,completed
rep20,start_B,3,poisson,-74.8922742354187,149.7845484708374,,bfgs,9,True,3.058538533551314e-10,False,0.056029093455991594,bernoulli,bernoulli,2,completed
rep20,start_B,4,bernoulli,-42.51375300139689,85.02750600279379,,bfgs,4,True,1.324773624133968e-12,True,1.1724136949019803,bernoulli,bernoulli,2,completed
rep20,start_B,4,poisson,-73.11508511812865,146.2301702362573,,bfgs,7,False,1.5855636215089673e-08,False,0.22876298830422648,bernoulli,bernoulli,2,completed
rep20,start_B,5,bernoulli,-49.627850529569564,99.25570105913913,,bfgs,5,True,1.0504708214398305e-12,True,0.510556834595134,bernoulli,bernoulli,2,completed
rep20,start_B,5,poisson,-74.91527593574617,149.83055187149233,,bfgs,6,True,4.5039163509841276e-10,False,0.04465204948284431,bernoulli,bernoulli,2,completed
rep20,start_B,6,bernoulli,-47.04000566365521,94.08001132731042,,bfgs,5,True,1.1247247577728103e-11,True,0.9186279512489245,bernoulli,bernoulli,2,completed
rep20,start_B,6,poisson,-74.41426084846898,148.82852169693797,,bfgs,9,True,2.055206327344905e-09,False,0.127080065122838,bernoulli,bernoulli,2,completed
rep20,start_B,7,bernoulli,-47.356873328666474,94.71374665733295,,bfgs,5,True,5.8484328491204e-13,True,0.7311016882453394,bernoulli,bernoulli,2,completed
rep20,start_B,7,poisson,-72.6491758310746,145.2983516621492,,bfgs,6,False,2.2650871955853802e-08,False,0.24766763156481386,bernoulli,bernoulli,2,completed
rep20,start_B,8,bernoulli,-47.03506035356355,94.0701207071271,,bfgs,6,True,8.57713899904411e-13,True,0.7745502296218469,bernoulli,bernoulli,2,completed
rep20,start_B,8,poisson,-72.4478384094082,144.8956768188164,,bfgs,6,True,9.619269825122956e-11,True,0.2648441903583714,bernoulli,bernoulli,2,completed
rep20,start_B,3,bernoulli,-50.254280749667736,100.50856149933547,,bfgs,6,False,2.7864059232163286e-08,False,0.4236330280438678,bernoulli,bernoulli,3,completed
rep20,start_B,3,poisson,-74.91096577571707,149.82193155143415,,bfgs,11,True,4.716412149718963e-10,False,0.04947597346130657,bernoulli,bernoulli,3,completed
rep20,start_B,4,bernoulli,-41.213953276349244,82.42790655269849,,bfgs,7,True,5.7018523236251896e-11,True,1.2990490329763256,bernoulli,bernoulli,3,completed
rep20,start_B,4,poisson,-72.94341827958279,145.88683655916557,,bfgs,10,True,1.348382294708017e-10,False,0.23924671613153983,bernoulli,bernoulli,3,completed
rep20,start_B,5,bernoulli,-49.95027499089878,99.90054998179755,,bfgs,8,True,1.421320838801421e-10,False,0.44152696755895354,bernoulli,bernoulli,3,completed
rep20,start_B,5,poisson,-74.87721625260522,149.75443250521045,,bfgs,7,True,3.927159042405037e-10,False,0.064808964880353,bernoulli,bernoulli,3,completed
rep20,start_B,6,bernoulli,-44.37151325479114,88.74302650958228,,bfgs,7,True,5.1216031415890484e-11,True,1.1296625790553252,bernoulli,bernoulli,3,completed
rep20,start_B,6,poisson,-73.85476085785477,147.70952171570954,,bfgs,11,True,2.204405324945924e-09,False,0.17594052950103445,bernoulli,bernoulli,3,completed
rep20,start_B,7,bernoulli,-46.89242282671629,93.78484565343258,,bfgs,7,True,6.105005390111273e-13,True,0.7191500863471781,bernoulli,bernoulli,3,completed
rep20,start_B,7,poisson,-72.48791760943462,144.97583521886924,,bfgs,12,True,1.8449739513926034e-10,False,0.23233460388318836,bernoulli,bernoulli,3,completed
rep20,start_B,8,bernoulli,-44.48785176164091,88.97570352328182,,bfgs,6,True,1.2104095503673306e-12,True,1.0513812131096154,bernoulli,bernoulli,3,completed
rep20,start_B,8,poisson,-71.59595251500438,143.19190503000877,,bfgs,12,True,5.180311823949068e-09,False,0.3058726156958349,bernoulli,bernoulli,3,completed
rep20,start_B,3,bernoulli,-47.507011968317855,95.01402393663571,,bfgs,9,True,8.178460131347264e-11,True,0.7377122085499896,bernoulli,bernoulli,4,completed
rep20,start_B,3,poisson,-74.59163452856083,149.18326905712166,,bfgs,13,True,4.937650288638906e-10,False,0.109112786047427,bernoulli,bernoulli,4,completed
rep20,start_B,4,bernoulli,-42.72063921993218,85.44127843986436,,bfgs,8,True,4.6894488292537065e-12,True,1.004670104177177,bernoulli,bernoulli,4,completed
rep20,start_B,4,poisson,-73.30212507110723,146.60425014221445,,bfgs,11,False,2.6799534635912892e-08,False,0.19379061898222563,bernoulli,bernoulli,4,completed
rep20,start_B,5,bernoulli,-49.13133605719861,98.26267211439722,,bfgs,9,True,3.7556624477019797e-13,True,0.5665669986608084,bernoulli,bernoulli,4,completed
rep20,start_B,5,poisson,-74.836884854891,149.673769709782,,bfgs,14,True,2.6714923606618867e-10,False,0.0699684356060097,bernoulli,bernoulli,4,completed
rep20,start_B,6,bernoulli,-40.50119543216054,81.00239086432109,,bfgs,9,True,9.01749956927489e-09,False,1.5910070834765921,bernoulli,bernoulli,4,completed
rep20,start_B,6,poisson,-72.79701432074788,145.59402864149575,,bfgs,13,True,1.8349602282086153e-09,False,0.2735542898386901,bernoulli,bernoulli,4,completed
rep20,start_B,7,bernoulli,-45.2474591770934,90.4949183541868,,bfgs,9,True,7.254641332110622e-13,True,0.8589923093954509,bernoulli,bernoulli,4,completed
rep20,start_B,7,poisson,-72.16801844548596,144.3360368909719,,bfgs,12,False,1.1174791791912497e-08,False,0.239705400442918,bernoulli,bernoulli,4,completed
rep20,start_B,8,bernoulli,-45.05412749174799,90.10825498349598,,bfgs,8,True,4.525935182186913e-13,True,0.9610208288628534,bernoulli,bernoulli,4,completed
rep20,start_B,8,poisson,-72.21323371777824,144.42646743555648,,bfgs,14,True,7.638212506932973e-09,False,0.2553671305949678,bernoulli,bernoulli,4,completed
rep20,start_B,3,bernoulli,-44.44475159725133,88.88950319450267,,bfgs,9,True,2.2689903289574432e-10,False,1.1179240661906216,bernoulli,bernoulli,5,completed
rep20,start_B,3,poisson,-74.03250139988589,148.06500279977178,,bfgs,13,True,2.8951081532113677e-10,False,0.18237963742004806,bernoulli,bernoulli,5,completed
rep20,start_B,4,bernoulli,-42.53381975295727,85.06763950591454,,bfgs,11,True,7.179062483375631e-10,False,0.9858765264270213,bernoulli,bernoulli,5,completed
rep20,start_B,4,poisson,-72.90987394917629,145.81974789835257,,bfgs,12,False,2.141805015565268e-08,False,0.23240289043752893,bernoulli,bernoulli,5,completed
rep20,start_B,5,bernoulli,-48.8976461407603,97.7952922815206,,bfgs,10,True,6.371263516768977e-11,True,0.5435445656742482,bernoulli,bernoulli,5,completed
rep20,start_B,5,poisson,-74.40299011029678,148.80598022059357,,bfgs,13,False,3.3795135534475665e-08,False,0.13731981418867856,bernoulli,bernoulli,5,completed
rep20,start_B,6,bernoulli,-43.210160191502645,86.42032038300529,,bfgs,10,True,6.001279473366594e-11,True,1.256151772811085,bernoulli,bernoulli,5,completed
rep20,start_B,6,poisson,-72.63095897136961,145.26191794273922,,bfgs,12,False,2.5242397461155974e-07,False,0.2726012954582016,bernoulli,bernoulli,5,completed
rep20,start_B,7,bernoulli,-42.937936402549134,85.87587280509827,,bfgs,11,True,2.1090238888632483e-09,False,1.1430306616665558,bernoulli,bernoulli,5,completed
rep20,start_B,7,poisson,-70.96847739819955,141.9369547963991,,bfgs,16,True,1.086207657152727e-09,False,0.30974640696733796,bernoulli,bernoulli,5,completed
rep20,start_B,8,bernoulli,-44.19478363201017,88.38956726402034,,bfgs,10,True,2.673216314974525e-10,False,1.1118119258513854,bernoulli,bernoulli,5,completed
rep20,start_B,8,poisson,-72.50467396972128,145.00934793944256,,bfgs,15,True,1.8168334392498765e-09,False,0.24178023305803248,bernoulli,bernoulli,5,completed
