replicate,start_label,column,candidate_family,score,neg2_score,sigma_sq,optimizer,optimiser_iterations,optimiser_converged,optimiser_gradient_inf,scipy_success,loading_norm,family_x_true,selected_family,k,dataset_status
rep01,start_B,3,bernoulli,-51.77716675747557,103.55433351495114,,bfgs,3,True,1.5454126867098238e-11,True,0.14989599680519136,bernoulli,bernoulli,1,completed
rep01,start_B,3,poisson,-74.9947691687297,149.9895383374594,,bfgs,5,True,7.105427357601002e-16,True,0.011802901758253694,bernoulli,bernoulli,1,completed
rep01,start_B,4,bernoulli,-46.40074720794234,92.80149441588468,,bfgs,4,True,4.4165240353777337e-10,False,0.8681901906535257,bernoulli,bernoulli,1,completed
rep01,start_B,4,poisson,-73.32753739849457,146.65507479698914,,bfgs,7,True,1.7763568394002505e-14,True,0.20995036991818747,bernoulli,bernoulli,1,completed
rep01,start_B,5,bernoulli,-51.1388970567734,102.2777941135468,,bfgs,3,True,2.2797763676862816e-12,True,0.30582149045429025,bernoulli,bernoulli,1,completed
rep01,start_B,5,poisson,-74.62275720432592,149.24551440865184,,bfgs,6,True,1.520041648106485e-10,False,0.10042637411268733,bernoulli,bernoulli,1,completed
rep01,start_B,6,bernoulli,-45.55251005493568,91.10502010987136,,bfgs,3,True,4.056671132346424e-09,False,0.9495382729939144,bernoulli,bernoulli,1,completed
rep01,start_B,6,poisson,-73.12587740197216,146.25175480394432,,bfgs,6,True,4.287814547865309e-12,True,0.22195620720836706,bernoulli,bernoulli,1,completed
rep01,start_B,7,bernoulli,-51.408559460265494,102.81711892053099,,bfgs,4,True,3.552713678800501e-16,True,0.2511132935564647,bernoulli,bernoulli,1,completed
rep01,start_B,7,poisson,-74.7137825514253,149.4275651028506,,bfgs,4,True,4.912057427475247e-11,True,0.08749794104464736,bernoulli,bernoulli,1,completed
rep01,start_B,8,bernoulli,-48.94542292976166,97.89084585952332,,bfgs,3,True,2.7762592225144546e-11,True,0.6063734406891943,bernoulli,bernoulli,1,completed
rep01,start_B,8,poisson,-73.978423158981,147.956846317962,,bfgs,5,True,1.434408147815702e-14,True,0.16474604137615537,bernoulli,bernoulli,1,completed
rep01,start_B,3,bernoulli,-50.255038881672746,100.51007776334549,,bfgs,5,True,3.914175650265861e-10,False,0.4762264428165389,bernoulli,bernoulli,2,completed
rep01,start_B,3,poisson,-74.92645835158665,149.8529167031733,,bfgs,6,False,1.3355850780882861e-08,False,0.04734336250846539,bernoulli,bernoulli,2,completed
rep01,start_B,4,bernoulli,-39.66486776029625,79.3297355205925,,bfgs,5,True,7.48531459038304e-11,True,1.5062684668715607,bernoulli,bernoulli,2,completed
rep01,start_B,4,poisson,-72.81409153525078,145.62818307050156,,bfgs,10,True,2.074511229466225e-09,False,0.23144308249833795,bernoulli,bernoulli,2,completed
rep01,start_B,5,bernoulli,-46.11294451146771,92.22588902293542,,bfgs,5,True,1.4588508179258498e-11,True,0.9559348730430772,bernoulli,bernoulli,2,completed
rep01,start_B,5,poisson,-72.58381722484938,145.16763444969877,,bfgs,9,True,4.11075617989809e-12,True,0.2732953625287551,bernoulli,bernoulli,2,completed
rep01,start_B,6,bernoulli,-46.56185955896199,93.12371911792398,,bfgs,6,True,1.078050093639149e-10,False,0.7802147433099059,bernoulli,bernoulli,2,completed
rep01,start_B,6,poisson,-73.25119551300554,146.50239102601108,,bfgs,9,True,4.160685129761532e-10,False,0.20139557061342084,bernoulli,bernoulli,2,completed
rep01,start_B,7,bernoulli,-42.28301347081421,84.56602694162842,,bfgs,6,True,2.0438051251403522e-11,True,1.3511588630187759,bernoulli,bernoulli,2,completed
rep01,start_B,7,poisson,-73.65087396657717,147.30174793315433,,bfgs,6,True,4.8629689164414457e-11,True,0.19927753014024455,bernoulli,bernoulli,2,completed
rep01,start_B,8,bernoulli,-48.73619992691131,97.47239985382262,,bfgs,5,True,9.010125978647921e-13,True,0.6003994201422377,bernoulli,bernoulli,2,completed
rep01,start_B,8,poisson,-73.53868742550637,147.07737485101273,,bfgs,5,False,2.729901775744281e-07,False,0.19744300324295477,bernoulli,bernoulli,2,completed
rep01,start_B,3,bernoulli,-45.29942796087206,90.59885592174412,,bfgs,6,True,7.987566164047166e-11,True,1.1033774396287248,bernoulli,bernoulli,3,completed
rep01,start_B,3,poisson,-74.30529650094402,148.61059300188805,,bfgs,12,True,1.7209754454849957e-10,False,0.15841682967555476,bernoulli,bernoulli,3,completed
rep01,start_B,4,bernoulli,-36.82271286460212,73.64542572920423,,bfgs,7,True,7.123430734168323e-11,True,1.7248518937704194,bernoulli,bernoulli,3,completed
rep01,start_B,4,poisson,-71.39455503098483,142.78911006196967,,bfgs,14,True,1.2496667478600898e-09,False,0.3165540672093125,bernoulli,bernoulli,3,completed
rep01,start_B,5,bernoulli,-46.573894694262826,93.14778938852565,,bfgs,6,True,2.528977027793644e-11,True,0.8583627802644762,bernoulli,bernoulli,3,completed
rep01,start_B,5,poisson,-72.75238347488342,145.50476694976683,,bfgs,11,True,6.628946280784476e-10,False,0.25428896745784085,bernoulli,bernoulli,3,completed
rep01,start_B,6,bernoulli,-44.33911190959267,88.67822381918533,,bfgs,6,False,5.820382238397315e-08,False,0.9627572845781889,bernoulli,bernoulli,3,completed
rep01,start_B,6,poisson,-72.33130345426746,144.6626069085349,,bfgs,12,True,6.670709318257195e-10,False,0.2536772325610279,bernoulli,bernoulli,3,completed
rep01,start_B,7,bernoulli,-42.74817700053296,85.49635400106592,,bfgs,7,True,8.43769498715119e-14,True,1.254217773820416,bernoulli,bernoulli,3,completed
rep01,start_B,7,poisson,-73.51316070314624,147.02632140629248,,bfgs,10,True,1.7249360828586192e-10,False,0.2022353188702326,bernoulli,bernoulli,3,completed
rep01,start_B,8,bernoulli,-46.62982489955552,93.25964979911105,,bfgs,6,True,4.2216008466766656e-12,True,0.8478633820802342,bernoulli,bernoulli,3,completed
rep01,start_B,8,poisson,-72.64940205835101,145.29880411670203,,bfgs,11,False,5.658243993345025e-08,False,0.25981934436281484,bernoulli,bernoulli,3,completed
rep01,start_B,3,bernoulli,-44.887845632380404,89.77569126476081,,bfgs,8,True,4.173905665538768e-12,True,1.0475937790231367,bernoulli,bernoulli,4,completed
rep01,start_B,3,poisson,-74.07880457694236,148.15760915388472,,bfgs,11,True,1.2533660775915224e-10,False,0.1812268648504984,bernoulli,bernoulli,4,completed
rep01,start_B,4,bernoulli,-32.84659110603643,65.69318221207286,,bfgs,9,True,6.464277113593653e-10,False,2.3589579669528087,bernoulli,bernoulli,4,completed
rep01,start_B,4,poisson,-71.3874177817112,142.7748355634224,,bfgs,19,True,7.931373247060947e-09,False,0.2931009047393548,bernoulli,bernoulli,4,completed
rep01,start_B,5,bernoulli,-44.43282224294599,88.86564448589198,,bfgs,8,True,3.1840865499788153e-10,False,1.1785332342976145,bernoulli,bernoulli,4,completed
rep01,start_B,5,poisson,-72.53488845810475,145.0697769162095,,bfgs,13,True,4.987628843267089e-09,False,0.24597424429128756,bernoulli,bernoulli,4,completed
rep01,start_B,6,bernoulli,-44.74293707274233,89.48587414548466,,bfgs,8,True,1.1050897974484997e-10,False,1.0248946686685199,bernoulli,bernoulli,4,completed
rep01,start_B,6,poisson,-72.73705581462215,145.4741116292443,,bfgs,12,True,1.3847643032249835e-10,False,0.22473962202534195,bernoulli,bernoulli,4,completed
rep01,start_B,7,bernoulli,-42.872926707287796,85.74585341457559,,bfgs,9,True,1.9193535649719706e-13,True,1.1548627562717555,bernoulli,bernoulli,4,completed
rep01,start_B,7,poisson,-73.5354434732711,147.0708869465422,,bfgs,11,True,5.8686717652189916e-09,False,0.20250786093629247,bernoulli,bernoulli,4,completed
rep01,start_B,8,bernoulli,-44.48296330376054,88.96592660752108,,bfgs,9,True,1.1479084349730328e-11,True,1.2567224925859821,bernoulli,bernoulli,4,completed
rep01,start_B,8,poisson,-72.57357574505765,145.1471514901153,,bfgs,11,True,1.952876782507218e-09,False,0.2593451660034278,bernoulli,bernoulli,4,completed
rep01,start_B,3,bernoulli,-43.47730951314033,86.95461902628065,,bfgs,9,True,6.331942969950433e-10,False,1.234063645774567,bernoulli,bernoulli,5,completed
rep01,start_B,3,poisson,-73.62325083525255,147.2465016705051,,bfgs,12,True,4.0341185947312397e-10,False,0.23294348686103572,bernoulli,bernoulli,5,completed
rep01,start_B,4,bernoulli,-33.88433977641057,67.76867955282114,,bfgs,11,True,4.5059955766646455e-12,True,2.1048169666487566,bernoulli,bernoulli,5,completed
rep01,start_B,4,poisson,-70.59945497246594,141.19890994493187,,bfgs,19,False,1.2529675164629772e-07,False,0.37543773860450896,bernoulli,bernoulli,5,completed
rep01,start_B,5,bernoulli,-45.28501054671786,90.57002109343571,,bfgs,9,True,1.1069425376319941e-10,False,0.9327639490125758,bernoulli,bernoulli,5,completed
rep01,start_B,5,poisson,-71.87869589703978,143.75739179407955,,bfgs,15,True,4.115615404032269e-10,False,0.3086140331070041,bernoulli,bernoulli,5,completed
rep01,start_B,6,bernoulli,-44.55636631942919,89.11273263885838,,bfgs,10,True,3.2864377885744032e-12,True,0.9201785443749358,bernoulli,bernoulli,5,completed
rep01,start_B,6,poisson,-72.13075061798449,144.26150123596898,,bfgs,15,False,4.4109979357997985e-08,False,0.2859441715814935,bernoulli,bernoulli,5,completed
rep01,start_B,7,bernoulli,-42.569648126820894,85.13929625364179,,bfgs,9,True,1.1431300350750462e-11,True,1.1010820558919523,bernoulli,bernoulli,5,completed
rep01,start_B,7,poisson,-73.56467949023445,147.1293589804689,,bfgs,14,True,2.4202630455327777e-10,False,0.18368458513542665,bernoulli,bernoulli,5,completed
rep01,start_B,8,bernoulli,-43.429572773513485,86.85914554702697,,bfgs,8,True,3.916953872362683e-10,False,1.3136035888094424,bernoulli,bernoulli,5,completed
rep01,start_B,8,poisson,-71.62282027029042,143.24564054058084,,bfgs,13,True,6.235973470936074e-09,False,0.34325625927494396,bernoulli,bernoulli,5,completed
rep02,start_B,3,bernoulli,-51.56220030996862,103.12440061993723,,bfgs,4,True,2.9731528350396273e-11,True,0.21435883987815954,bernoulli,bernoulli,1,completed
rep02,start_B,3,poisson,-74.99844458069438,149.99688916138876,,bfgs,5,True,1.7501555760190969e-13,True,0.006446476023977551,bernoulli,bernoulli,1,completed
rep02,start_B,4,bernoulli,-51.74952751878303,103.49905503756607,,bfgs,4,True,7.549516567451064e-16,True,0.15955280164847996,bernoulli,bernoulli,1,completed
rep02,start_B,4,poisson,-74.62698233690928,149.25396467381856,,bfgs,4,True,1.8875234708559673e-12,True,0.10090982125123307,bernoulli,bernoulli,1,completed
rep02,start_B,5,bernoulli,-51.18276907103482,102.36553814206964,,bfgs,4,True,5.609654962768218e-11,True,0.29727295949526383,bernoulli,bernoulli,1,completed
rep02,start_B,5,poisson,-74.99332566957675,149.9866513391535,,bfgs,5,True,3.3590907833058735e-13,True,0.01331356590016545,bernoulli,bernoulli,1,completed
rep02,start_B,6,bernoulli,-50.44383231696911,100.88766463393821,,bfgs,4,True,1.1768364061026659e-15,True,0.41789566613202533,bernoulli,bernoulli,1,completed
rep02,start_B,6,poisson,-74.93751613585918,149.87503227171837,,bfgs,5,True,1.0982381670743279e-12,True,0.040549552906649876,bernoulli,bernoulli,1,completed
rep02,start_B,7,bernoulli,-51.98188029450493,103.96376058900987,,bfgs,4,True,5.452953644180525e-11,True,0.021062212236183105,bernoulli,bernoulli,1,completed
rep02,start_B,7,poisson,-74.88906630877591,149.77813261755182,,bfgs,4,True,2.113864638886298e-14,True,0.054783398294095405,bernoulli,bernoulli,1,completed
rep02,start_B,8,bernoulli,-45.32515044671568,90.65030089343136,,bfgs,4,True,3.953504190690183e-14,True,0.9662525267988924,bernoulli,bernoulli,1,completed
rep02,start_B,8,poisson,-74.2591219003601,148.5182438007202,,bfgs,7,True,1.6486811915683574e-15,True,0.13685179084607035,bernoulli,bernoulli,1,completed
rep02,start_B,3,bernoulli,-50.869878203310215,101.73975640662043,,bfgs,5,True,3.0642155479654322e-15,True,0.34715786873711607,bernoulli,bernoulli,2,completed
rep02,start_B,3,poisson,-74.97722292355948,149.95444584711896,,bfgs,7,True,2.682281063925984e-11,True,0.025319434453768948,bernoulli,bernoulli,2,completed
rep02,start_B,4,bernoulli,-51.673453396030574,103.34690679206115,,bfgs,4,True,2.2008515010440988e-10,False,0.1814159661938314,bernoulli,bernoulli,2,completed
rep02,start_B,4,poisson,-74.5238257687981,149.0476515375962,,bfgs,6,True,2.912303731505972e-11,True,0.11230162656634263,bernoulli,bernoulli,2,completed
rep02,start_B,5,bernoulli,-49.49135811750695,98.9827162350139,,bfgs,5,True,7.113643007983228e-13,True,0.541851330261511,bernoulli,bernoulli,2,completed
rep02,start_B,5,poisson,-74.83071531616694,149.6614306323339,,bfgs,9,True,2.700404663769085e-09,False,0.06756412625510992,bernoulli,bernoulli,2,completed
rep02,start_B,6,bernoulli,-49.793099296106455,99.58619859221291,,bfgs,5,True,6.55586696041155e-11,True,0.4922469968547402,bernoulli,bernoulli,2,completed
rep02,start_B,6,poisson,-74.89836786204084,149.79673572408169,,bfgs,6,True,6.785399797593072e-10,False,0.05004810862003099,bernoulli,bernoulli,2,completed
rep02,start_B,7,bernoulli,-51.93245370629175,103.8649074125835,,bfgs,5,True,7.032152637975742e-13,True,0.07856588136190594,bernoulli,bernoulli,2,completed
rep02,start_B,7,poisson,-74.82000392474926,149.64000784949852,,bfgs,7,True,3.251714175700471e-12,True,0.06949271068181408,bernoulli,bernoulli,2,completed
rep02,start_B,8,bernoulli,-44.15266378586896,88.30532757173792,,bfgs,5,False,4.539305595852028e-08,False,1.0486003520935232,bernoulli,bernoulli,2,completed
rep02,start_B,8,poisson,-73.98160962093871,147.96321924187743,,bfgs,9,True,3.439244444791711e-11,True,0.15584475047009377,bernoulli,bernoulli,2,completed
rep02,start_B,3,bernoulli,-49.9751014180999,99.9502028361998,,bfgs,7,True,6.549427666868723e-13,True,0.4916132495328162,bernoulli,bernoulli,3,completed
rep02,start_B,3,poisson,-74.80471428239586,149.60942856479173,,bfgs,8,True,9.881523599375441e-09,False,0.07913482271264838,bernoulli,bernoulli,3,completed
rep02,start_B,4,bernoulli,-50.21867609348842,100.43735218697684,,bfgs,7,True,2.19151807812068e-11,True,0.4784787456523243,bernoulli,bernoulli,3,completed
rep02,start_B,4,poisson,-74.33069646730958,148.66139293461916,,bfgs,8,True,7.467029772278976e-12,True,0.13392915439697098,bernoulli,bernoulli,3,completed
rep02,start_B,5,bernoulli,-49.116825584121706,98.23365116824341,,bfgs,6,True,5.6253934843653044e-11,True,0.5841147412074318,bernoulli,bernoulli,3,completed
rep02,start_B,5,poisson,-74.65844769196897,149.31689538393795,,bfgs,9,True,8.534407347493555e-11,True,0.09943192619543106,bernoulli,bernoulli,3,completed
rep02,start_B,6,bernoulli,-45.91300766934597,91.82601533869195,,bfgs,6,True,9.808509560116363e-12,True,0.9678054735401752,bernoulli,bernoulli,3,completed
rep02,start_B,6,poisson,-74.04001370301671,148.08002740603342,,bfgs,10,True,1.0612192388737006e-09,False,0.175531171192137,bernoulli,bernoulli,3,completed
rep02,start_B,7,bernoulli,-50.80470482666955,101.6094096533391,,bfgs,7,True,5.576783479455116e-12,True,0.40098232758454805,bernoulli,bernoulli,3,completed
rep02,start_B,7,poisson,-74.57214403170128,149.14428806340257,,bfgs,7,True,1.9413878699081622e-10,False,0.11511412532910681,bernoulli,bernoulli,3,completed
rep02,start_B,8,bernoulli,-44.25098109446034,88.50196218892069,,bfgs,7,True,2.1488726353879882e-10,False,1.0078664824078434,bernoulli,bernoulli,3,completed
rep02,start_B,8,poisson,-73.93570605419873,147.87141210839746,,bfgs,10,True,1.8968815851394537e-09,False,0.1610616427097993,bernoulli,bernoulli,3,completed
rep02,start_B,3,bernoulli,-49.33038491869212,98.66076983738424,,bfgs,9,True,2.377298358169355e-12,True,0.5882985899521319,bernoulli,bernoulli,4,completed
rep02,start_B,3,poisson,-74.24489293992276,148.48978587984553,,bfgs,10,True,1.5188650337449873e-11,True,0.18692220476172156,bernoulli,bernoulli,4,completed
rep02,start_B,4,bernoulli,-49.52289439062704,99.04578878125407,,bfgs,9,True,1.1092549101476834e-11,True,0.6054873694450489,bernoulli,bernoulli,4,completed
rep02,start_B,4,poisson,-74.38221417875639,148.76442835751277,,bfgs,13,True,3.90898610702628e-09,False,0.11939382468737496,bernoulli,bernoulli,4,completed
rep02,start_B,5,bernoulli,-48.46060731787814,96.92121463575629,,bfgs,9,True,1.3888890038060708e-14,True,0.6054573647994069,bernoulli,bernoulli,4,completed
rep02,start_B,5,poisson,-74.59086873875587,149.18173747751175,,bfgs,9,False,3.154111148026551e-08,False,0.09967967392606007,bernoulli,bernoulli,4,completed
rep02,start_B,6,bernoulli,-44.33254784519863,88.66509569039727,,bfgs,7,True,3.3605607185904773e-10,False,1.1467675162814626,bernoulli,bernoulli,4,completed
rep02,start_B,6,poisson,-74.19829714176106,148.39659428352212,,bfgs,12,True,1.5322936336437109e-09,False,0.15063036927520473,bernoulli,bernoulli,4,completed
rep02,start_B,7,bernoulli,-47.81514299905321,95.63028599810642,,bfgs,8,True,6.7446082052669e-10,False,0.9478366857152869,bernoulli,bernoulli,4,completed
rep02,start_B,7,poisson,-74.31648869367174,148.6329773873435,,bfgs,11,False,1.7924294942739395e-08,False,0.15324479791940934,bernoulli,bernoulli,4,completed
rep02,start_B,8,bernoulli,-43.11428058817715,86.2285611763543,,bfgs,9,True,1.7648704719874785e-11,True,1.1444109208904107,bernoulli,bernoulli,4,completed
rep02,start_B,8,poisson,-73.14850600617774,146.29701201235548,,bfgs,14,False,4.41933960759755e-08,False,0.24060862223090287,bernoulli,bernoulli,4,completed
rep02,start_B,3,bernoulli,-48.15493914057324,96.30987828114648,,bfgs,11,True,1.2727596754302796e-13,True,0.8179470775329901,bernoulli,bernoulli,5,completed
rep02,start_B,3,poisson,-74.55719760434224,149.11439520868447,,bfgs,14,False,2.7249352818614626e-08,False,0.1276910286361123,bernoulli,bernoulli,5,completed
rep02,start_B,4,bernoulli,-49.64726240554749,99.29452481109497,,bfgs,9,True,5.070917907801231e-10,False,0.544929028098723,bernoulli,bernoulli,5,completed
rep02,start_B,4,poisson,-74.27442327727101,148.54884655454202,,bfgs,14,True,6.662670415380489e-13,True,0.14679640407087985,bernoulli,bernoulli,5,completed
rep02,start_B,5,bernoulli,-45.883275125638654,91.76655025127731,,bfgs,10,True,2.112493513450886e-12,True,1.0758029721761073,bernoulli,bernoulli,5,completed
rep02,start_B,5,poisson,-73.01943077520278,146.03886155040556,,bfgs,13,True,2.377406271847349e-10,False,0.304033715578333,bernoulli,bernoulli,5,completed
rep02,start_B,6,bernoulli,-41.09560517521584,82.19121035043167,,bfgs,10,True,4.658939900537007e-12,True,1.5319640838833435,bernoulli,bernoulli,5,completed
rep02,start_B,6,poisson,-72.73013274511683,145.46026549023367,,bfgs,18,False,3.414157920822447e-08,False,0.2983974249758535,bernoulli,bernoulli,5,completed
rep02,start_B,7,bernoulli,-48.370962943723235,96.74192588744647,,bfgs,10,True,1.8668992129988737e-09,False,0.8208202373391992,bernoulli,bernoulli,5,completed
rep02,start_B,7,poisson,-73.98243226081811,147.96486452163623,,bfgs,12,False,2.5394985536664195e-08,False,0.20696870219460053,bernoulli,bernoulli,5,completed
rep02,start_B,8,bernoulli,-41.263409069472274,82.52681813894455,,bfgs,10,True,2.9862059491847506e-10,False,1.287881937628554,bernoulli,bernoulli,5,completed
rep02,start_B,8,poisson,-72.51957938191052,145.03915876382104,,bfgs,16,False,1.2669290816447187e-07,False,0.28097631251853084,bernoulli,bernoulli,5,completed
rep03,start_B,3,bernoulli,-51.90099431443139,103.80198862886277,,bfgs,4,True,3.7214675785435246e-14,True,0.09542251270255828,bernoulli,bernoulli,1,completed
rep03,start_B,3,poisson,-74.91821400879452,149.83642801758904,,bfgs,5,True,3.552713678800501e-16,True,0.04718793580690507,bernoulli,bernoulli,1,completed
rep03,start_B,4,bernoulli,-51.935963975543174,103.87192795108635,,bfgs,4,True,1.3877787807814457e-16,True,0.07316482677959014,bernoulli,bernoulli,1,completed
rep03,start_B,4,poisson,-74.70042526820569,149.40085053641138,,bfgs,4,True,6.905587213168474e-14,True,0.09105715190115489,bernoulli,bernoulli,1,completed
rep03,start_B,5,bernoulli,-51.89312648125124,103.78625296250247,,bfgs,3,True,4.334577141662521e-12,True,0.09975616893150248,bernoulli,bernoulli,1,completed
rep03,start_B,5,poisson,-74.92197373712315,149.8439474742463,,bfgs,5,True,4.296563105299356e-14,True,0.046080166611096755,bernoulli,bernoulli,1,completed
rep03,start_B,6,bernoulli,-50.95387540129915,101.9077508025983,,bfgs,3,True,3.065037113003655e-12,True,0.33942152590193964,bernoulli,bernoulli,1,completed
rep03,start_B,6,poisson,-74.09914045089026,148.19828090178052,,bfgs,4,True,2.3597213072434896e-11,True,0.15950304266952972,bernoulli,bernoulli,1,completed
rep03,start_B,7,bernoulli,-51.94745337351922,103.89490674703843,,bfgs,4,True,3.1832314562052486e-13,True,0.06420871406282969,bernoulli,bernoulli,1,completed
rep03,start_B,7,poisson,-74.88841055936824,149.77682111873648,,bfgs,4,False,1.2007623020338088e-07,False,0.05520778770022773,bernoulli,bernoulli,1,completed
rep03,start_B,8,bernoulli,-51.318952222664734,102.63790444532947,,bfgs,4,True,4.6786308161017584e-11,True,0.27069397305738,bernoulli,bernoulli,1,completed
rep03,start_B,8,poisson,-74.9994327883749,149.9988655767498,,bfgs,5,True,4.216715865368315e-12,True,0.0038927356132302613,bernoulli,bernoulli,1,completed
rep03,start_B,3,bernoulli,-49.75066683466729,99.50133366933458,,bfgs,6,True,1.567634910770721e-14,True,0.5173031276071088,bernoulli,bernoulli,2,completed
rep03,start_B,3,poisson,-73.53681211331363,147.07362422662726,,bfgs,8,True,3.027539108302335e-10,False,0.20196145293574252,bernoulli,bernoulli,2,completed
rep03,start_B,4,bernoulli,-51.73266786368076,103.46533572736152,,bfgs,4,True,1.271561744786709e-11,True,0.16504105442296105,bernoulli,bernoulli,2,completed
rep03,start_B,4,poisson,-74.52211011810104,149.04422023620208,,bfgs,7,True,2.477751337437439e-12,True,0.1149767951485432,bernoulli,bernoulli,2,completed
rep03,start_B,5,bernoulli,-50.93005603755218,101.86011207510435,,bfgs,6,True,1.613393307842159e-11,True,0.34696398433433207,bernoulli,bernoulli,2,completed
rep03,start_B,5,poisson,-73.91926796662224,147.8385359332445,,bfgs,6,True,2.609004678966187e-11,True,0.17414260357457453,bernoulli,bernoulli,2,completed
rep03,start_B,6,bernoulli,-49.98943790743196,99.97887581486393,,bfgs,6,True,1.7266188478970435e-13,True,0.47757464466530697,bernoulli,bernoulli,2,completed
rep03,start_B,6,poisson,-74.020092724904,148.040185449808,,bfgs,7,True,4.241111906111428e-11,True,0.16352557458936592,bernoulli,bernoulli,2,completed
rep03,start_B,7,bernoulli,-48.099357633927355,96.19871526785471,,bfgs,7,True,1.2832845897037259e-12,True,0.7094452005330767,bernoulli,bernoulli,2,completed
rep03,start_B,7,poisson,-72.95917963646187,145.91835927292374,,bfgs,8,True,3.212763388660278e-12,True,0.23781164465703095,bernoulli,bernoulli,2,completed
rep03,start_B,8,bernoulli,-49.82306108843871,99.64612217687743,,bfgs,6,True,1.060445065093063e-11,True,0.5082089082916231,bernoulli,bernoulli,2,completed
rep03,start_B,8,poisson,-74.97817125578338,149.95634251156676,,bfgs,9,False,5.3372735860784946e-08,False,0.02424824493768938,bernoulli,bernoulli,2,completed
rep03,start_B,3,bernoulli,-45.754471112206296,91.50894222441259,,bfgs,8,True,8.729905687232531e-13,True,0.9795515365673291,bernoulli,bernoulli,3,completed
rep03,start_B,3,poisson,-72.46816245850688,144.93632491701376,,bfgs,11,True,8.222045266848e-12,True,0.26682614647975433,bernoulli,bernoulli,3,completed
rep03,start_B,4,bernoulli,-51.848127715172666,103.69625543034533,,bfgs,8,False,4.223512986567535e-08,False,0.11753672207618732,bernoulli,bernoulli,3,completed
rep03,start_B,4,poisson,-74.63807355055755,149.2761471011151,,bfgs,7,True,2.0735248129621907e-09,False,0.09429072758805497,bernoulli,bernoulli,3,completed
rep03,start_B,5,bernoulli,-50.34024274070858,100.68048548141716,,bfgs,7,True,1.2230216839270723e-13,True,0.4175709546961691,bernoulli,bernoulli,3,completed
rep03,start_B,5,poisson,-73.92375530422638,147.84751060845275,,bfgs,7,True,1.306135605227965e-09,False,0.1613973015615313,bernoulli,bernoulli,3,completed
rep03,start_B,6,bernoulli,-49.15834983792048,98.31669967584097,,bfgs,7,True,1.949239103460343e-11,True,0.6000965313354071,bernoulli,bernoulli,3,completed
rep03,start_B,6,poisson,-74.15641939008826,148.31283878017652,,bfgs,11,True,7.121002010279654e-10,False,0.15197647948686285,bernoulli,bernoulli,3,completed
rep03,start_B,7,bernoulli,-46.59041073089679,93.18082146179358,,bfgs,6,True,3.348269572711615e-09,False,0.85565949986595,bernoulli,bernoulli,3,completed
rep03,start_B,7,poisson,-72.8089662568573,145.6179325137146,,bfgs,10,True,1.6517294199047684e-10,False,0.23834824815360045,bernoulli,bernoulli,3,completed
rep03,start_B,8,bernoulli,-45.463638960428966,90.92727792085793,,bfgs,8,True,1.1498264562703752e-10,False,1.005648487849758,bernoulli,bernoulli,3,completed
rep03,start_B,8,poisson,-74.20687823515995,148.4137564703199,,bfgs,15,True,1.9093425063232415e-09,False,0.15974093191342786,bernoulli,bernoulli,3,completed
rep03,start_B,3,bernoulli,-45.817548611968505,91.63509722393701,,bfgs,8,True,1.2964016526950673e-10,False,0.9249731125760806,bernoulli,bernoulli,4,completed
rep03,start_B,3,poisson,-72.13590285805142,144.27180571610285,,bfgs,13,True,8.674616580606198e-13,True,0.27471640445778184,bernoulli,bernoulli,4,completed
rep03,start_B,4,bernoulli,-50.64166488503401,101.28332977006802,,bfgs,11,True,1.2960299500264228e-12,True,0.5249393514467495,bernoulli,bernoulli,4,completed
rep03,start_B,4,poisson,-74.35182584635272,148.70365169270545,,bfgs,12,True,3.63671404102206e-09,False,0.13180337444533788,bernoulli,bernoulli,4,completed
rep03,start_B,5,bernoulli,-49.97505644299955,99.9501128859991,,bfgs,7,True,1.2181722297555097e-11,True,0.490006918551239,bernoulli,bernoulli,4,completed
rep03,start_B,5,poisson,-73.69774619484797,147.39549238969593,,bfgs,9,True,9.429421687912055e-11,True,0.166946647062554,bernoulli,bernoulli,4,completed
rep03,start_B,6,bernoulli,-47.738934363196734,95.47786872639347,,bfgs,8,True,5.3706328273506185e-11,True,0.846872319522079,bernoulli,bernoulli,4,completed
rep03,start_B,6,poisson,-73.55511232510152,147.11022465020304,,bfgs,14,True,3.33813829911378e-09,False,0.22906063870611126,bernoulli,bernoulli,4,completed
rep03,start_B,7,bernoulli,-45.675764907666725,91.35152981533345,,bfgs,9,True,3.1795899246844784e-12,True,0.9897112161553875,bernoulli,bernoulli,4,completed
rep03,start_B,7,poisson,-72.72218157365376,145.4443631473075,,bfgs,13,True,1.8848909988378183e-09,False,0.2247062117006935,bernoulli,bernoulli,4,completed
rep03,start_B,8,bernoulli,-42.870404526658525,85.74080905331705,,bfgs,9,True,7.903313115065202e-10,False,1.3751659580736573,bernoulli,bernoulli,4,completed
rep03,start_B,8,poisson,-73.65393463164946,147.30786926329893,,bfgs,12,True,1.0515039949865468e-09,False,0.25319020691957417,bernoulli,bernoulli,4,completed
rep03,start_B,3,bernoulli,-44.267674742258194,88.53534948451639,,bfgs,10,True,6.410922903654636e-11,True,1.2077937290956744,bernoulli,bernoulli,5,completed
rep03,start_B,3,poisson,-71.54072938765324,143.0814587753065,,bfgs,14,True,6.820314979449904e-10,False,0.3309486274170205,bernoulli,bernoulli,5,completed
rep03,start_B,4,bernoulli,-50.41908759163799,100.83817518327598,,bfgs,10,True,1.8176384841694925e-10,False,0.5967635425297488,bernoulli,bernoulli,5,completed
rep03,start_B,4,poisson,-73.52419120829532,147.04838241659064,,bfgs,14,False,2.776873403789737e-08,False,0.25611579143328034,bernoulli,bernoulli,5,completed
rep03,start_B,5,bernoulli,-48.823376659091934,97.64675331818387,,bfgs,8,False,7.80489708862575e-08,False,0.7102209887064586,bernoulli,bernoulli,5,completed
rep03,start_B,5,poisson,-72.95530810432453,145.91061620864906,,bfgs,10,True,6.833741128531301e-10,False,0.2696998100685794,bernoulli,bernoulli,5,completed
rep03,start_B,6,bernoulli,-46.24005738793648,92.48011477587296,,bfgs,8,True,1.3309245927572988e-10,False,1.0102851478186032,bernoulli,bernoulli,5,completed
rep03,start_B,6,poisson,-73.72037856884172,147.44075713768345,,bfgs,14,True,1.5601197667081123e-09,False,0.18385856035369438,bernoulli,bernoulli,5,completed
rep03,start_B,7,bernoulli,-44.647308787792454,89.29461757558491,,bfgs,10,True,1.351296852192263e-11,True,1.1778229920689116,bernoulli,bernoulli,5,completed
rep03,start_B,7,poisson,-72.51138389186421,145.02276778372843,,bfgs,13,True,2.1699868568703095e-10,False,0.2633096183954685,bernoulli,bernoulli,5,completed
rep03,start_B,8,bernoulli,-39.21089745952587,78.42179491905173,,bfgs,10,True,7.903868670666724e-11,True,1.8541380858931307,bernoulli,bernoulli,5,completed
rep03,start_B,8,poisson,-73.65086714731645,147.3017342946329,,bfgs,17,True,4.314084223189241e-09,False,0.23130906941133123,bernoulli,bernoulli,5,completed
rep04,start_B,3,bernoulli,-50.32685436964011,100.65370873928022,,bfgs,3,True,1.1477219175048959e-11,True,0.4369910957911269,bernoulli,bernoulli,1,completed
rep04,start_B,3,poisson,-74.54033034535605,149.0806606907121,,bfgs,5,True,2.4868995751603505e-15,True,0.11064925461838128,bernoulli,bernoulli,1,completed
rep04,start_B,4,bernoulli,-51.49484132314355,102.9896826462871,,bfgs,4,True,1.3855583347321953e-14,True,0.23146872548693173,bernoulli,bernoulli,1,completed
rep04,start_B,4,poisson,-74.84710708236034,149.69421416472068,,bfgs,5,True,4.130029651605583e-15,True,0.0639113053400255,bernoulli,bernoulli,1,completed
rep04,start_B,5,bernoulli,-50.818234842580175,101.63646968516035,,bfgs,4,True,6.725731083179198e-14,True,0.3624784153569463,bernoulli,bernoulli,1,completed
rep04,start_B,5,poisson,-74.66641078254267,149.33282156508534,,bfgs,5,True,5.995204332975846e-16,True,0.09433059565914044,bernoulli,bernoulli,1,completed
rep04,start_B,6,bernoulli,-42.066400698401914,84.13280139680383,,bfgs,4,True,1.1755485473941008e-11,True,1.3092463096921927,bernoulli,bernoulli,1,completed
rep04,start_B,6,poisson,-72.75962279845095,145.5192455969019,,bfgs,7,True,8.881784197001252e-16,True,0.24090737979483778,bernoulli,bernoulli,1,completed
rep04,start_B,7,bernoulli,-50.60899823404655,101.2179964680931,,bfgs,4,True,7.878142582740111e-14,True,0.3955168717259895,bernoulli,bernoulli,1,completed
rep04,start_B,7,poisson,-74.61230094378901,149.22460188757802,,bfgs,5,True,1.5987211554602255e-15,True,0.10166273692376453,bernoulli,bernoulli,1,completed
rep04,start_B,8,bernoulli,-50.86228580328915,101.7245716065783,,bfgs,4,True,4.440892098500626e-16,True,0.35521590751864784,bernoulli,bernoulli,1,completed
rep04,start_B,8,poisson,-74.76695275556563,149.53390551113125,,bfgs,5,True,2.580158309228864e-14,True,0.07837343176752572,bernoulli,bernoulli,1,completed
rep04,start_B,3,bernoulli,-49.96022101808084,99.92044203616167,,bfgs,6,True,5.551115123125783e-16,True,0.4551262753676428,bernoulli,bernoulli,2,completed
rep04,start_B,3,poisson,-74.50940209295771,149.01880418591543,,bfgs,7,True,7.319700401353657e-14,True,0.10399887473366201,bernoulli,bernoulli,2,completed
rep04,start_B,4,bernoulli,-51.06803347329459,102.13606694658918,,bfgs,6,True,3.127720304973991e-13,True,0.3135727310843079,bernoulli,bernoulli,2,completed
rep04,start_B,4,poisson,-74.56323134554637,149.12646269109274,,bfgs,6,True,1.1229523977362987e-10,False,0.11242593529618519,bernoulli,bernoulli,2,completed
rep04,start_B,5,bernoulli,-50.854915178797064,101.70983035759413,,bfgs,6,True,1.2997553477944735e-09,False,0.325554824301677,bernoulli,bernoulli,2,completed
rep04,start_B,5,poisson,-74.59071424974242,149.18142849948484,,bfgs,6,True,9.700773517806738e-12,True,0.10046811281283514,bernoulli,bernoulli,2,completed
rep04,start_B,6,bernoulli,-40.768623028683194,81.53724605736639,,bfgs,5,True,7.695466486268288e-12,True,1.2762268252152726,bernoulli,bernoulli,2,completed
rep04,start_B,6,poisson,-72.4684263060167,144.9368526120334,,bfgs,10,False,3.492911383184971e-08,False,0.23242335643025971,bernoulli,bernoulli,2,completed
rep04,start_B,7,bernoulli,-44.158976226219224,88.31795245243845,,bfgs,5,True,2.5461008856808574e-10,False,1.1982178815512112,bernoulli,bernoulli,2,completed
rep04,start_B,7,poisson,-72.59325656205155,145.1865131241031,,bfgs,9,True,2.223664030687189e-10,False,0.2777142149158304,bernoulli,bernoulli,2,completed
rep04,start_B,8,bernoulli,-50.611473712263646,101.22294742452729,,bfgs,5,True,1.099120794378905e-14,True,0.39743323458491453,bernoulli,bernoulli,2,completed
rep04,start_B,8,poisson,-74.82312972296157,149.64625944592314,,bfgs,6,True,5.264349706157745e-10,False,0.06510033505896945,bernoulli,bernoulli,2,completed
rep04,start_B,3,bernoulli,-49.876246696596844,99.75249339319369,,bfgs,7,True,8.819611707622243e-14,True,0.4347494018114308,bernoulli,bernoulli,3,completed
rep04,start_B,3,poisson,-74.4265426168112,148.8530852336224,,bfgs,10,True,6.95221658020273e-13,True,0.10648564729433566,bernoulli,bernoulli,3,completed
rep04,start_B,4,bernoulli,-50.59829262668575,101.1965852533715,,bfgs,8,True,1.3087309014281345e-12,True,0.437144524599904,bernoulli,bernoulli,3,completed
rep04,start_B,4,poisson,-74.3836800195774,148.7673600391548,,bfgs,9,True,9.043832349675541e-12,True,0.1405765549803007,bernoulli,bernoulli,3,completed
rep04,start_B,5,bernoulli,-48.905947784264704,97.81189556852941,,bfgs,5,True,5.4022653017682386e-11,True,0.6742339238592014,bernoulli,bernoulli,3,completed
rep04,start_B,5,poisson,-73.98950188608792,147.97900377217584,,bfgs,10,False,3.1879191930705986e-07,False,0.17660202774406955,bernoulli,bernoulli,3,completed
rep04,start_B,6,bernoulli,-41.15143087313267,82.30286174626534,,bfgs,7,True,6.585708867135054e-10,False,1.1606247565944423,bernoulli,bernoulli,3,completed
rep04,start_B,6,poisson,-72.46401264442004,144.92802528884008,,bfgs,10,True,4.89239689871468e-09,False,0.2175716379629963,bernoulli,bernoulli,3,completed
rep04,start_B,7,bernoulli,-44.771670455006316,89.54334091001263,,bfgs,6,True,5.973133987424717e-10,False,1.0779913822846237,bernoulli,bernoulli,3,completed
rep04,start_B,7,poisson,-72.52722547100296,145.05445094200593,,bfgs,10,True,6.98525526310334e-10,False,0.27190470839504266,bernoulli,bernoulli,3,completed
rep04,start_B,8,bernoulli,-48.813088185465105,97.62617637093021,,bfgs,8,True,4.363505512472443e-09,False,0.6698483433524696,bernoulli,bernoulli,3,completed
rep04,start_B,8,poisson,-74.37387581349273,148.74775162698546,,bfgs,10,True,9.087007757369037e-10,False,0.14290092127595586,bernoulli,bernoulli,3,completed
rep04,start_B,3,bernoulli,-47.86464344885036,95.72928689770072,,bfgs,8,True,5.732213137488173e-09,False,0.861598775431042,bernoulli,bernoulli,4,completed
rep04,start_B,3,poisson,-74.38132764985495,148.7626552997099,,bfgs,13,True,4.575797379891e-11,True,0.12056169436823148,bernoulli,bernoulli,4,completed
rep04,start_B,4,bernoulli,-49.95953947917498,99.91907895834996,,bfgs,7,False,2.8804090748679733e-08,False,0.595444648282484,bernoulli,bernoulli,4,completed
rep04,start_B,4,poisson,-73.64426815923068,147.28853631846135,,bfgs,9,True,2.6871815883566795e-11,True,0.25251785575759295,bernoulli,bernoulli,4,completed
rep04,start_B,5,bernoulli,-48.368973298944546,96.73794659788909,,bfgs,7,False,6.370657252841028e-08,False,0.7557309087244269,bernoulli,bernoulli,4,completed
rep04,start_B,5,poisson,-73.21435744823316,146.42871489646632,,bfgs,11,True,6.923653955714926e-09,False,0.27239242087526844,bernoulli,bernoulli,4,completed
rep04,start_B,6,bernoulli,-40.80208026096708,81.60416052193416,,bfgs,8,True,2.2201334104465785e-10,False,1.074279276715654,bernoulli,bernoulli,4,completed
rep04,start_B,6,poisson,-72.51017218365728,145.02034436731455,,bfgs,12,True,2.8116882710982337e-10,False,0.20039599790180476,bernoulli,bernoulli,4,completed
rep04,start_B,7,bernoulli,-43.21275714448659,86.42551428897318,,bfgs,8,True,2.0639310538417277e-09,False,1.1285005636024783,bernoulli,bernoulli,4,completed
rep04,start_B,7,poisson,-72.10699830625158,144.21399661250317,,bfgs,12,True,3.6070678305355487e-09,False,0.2954472880787541,bernoulli,bernoulli,4,completed
rep04,start_B,8,bernoulli,-46.00591315645685,92.0118263129137,,bfgs,9,True,9.10712616430942e-11,True,1.0392605169061193,bernoulli,bernoulli,4,completed
rep04,start_B,8,poisson,-72.7576127796777,145.5152255593554,,bfgs,14,True,1.4929923075612805e-09,False,0.30950289773014966,bernoulli,bernoulli,4,completed
rep04,start_B,3,bernoulli,-46.810787790891254,93.62157558178251,,bfgs,9,True,3.5822559141251987e-09,False,0.932519452397637,bernoulli,bernoulli,5,completed
rep04,start_B,3,poisson,-74.06608569714453,148.13217139428906,,bfgs,14,True,4.225485411568641e-09,False,0.15445520272402713,bernoulli,bernoulli,5,completed
rep04,start_B,4,bernoulli,-49.89279679590225,99.7855935918045,,bfgs,9,True,1.0353202517521255e-09,False,0.556195767941463,bernoulli,bernoulli,5,completed
rep04,start_B,4,poisson,-74.17352183115602,148.34704366231205,,bfgs,11,True,5.637718702988792e-09,False,0.15977537254283267,bernoulli,bernoulli,5,completed
rep04,start_B,5,bernoulli,-48.37809058181106,96.75618116362212,,bfgs,12,True,1.5393242236427795e-12,True,0.6925545601782359,bernoulli,bernoulli,5,completed
rep04,start_B,5,poisson,-73.53829885231303,147.07659770462607,,bfgs,10,False,2.0346351936595397e-07,False,0.20876951955897824,bernoulli,bernoulli,5,completed
rep04,start_B,6,bernoulli,-38.953414303342825,77.90682860668565,,bfgs,9,True,3.650324487125544e-12,True,1.2874998041394068,bernoulli,bernoulli,5,completed
rep04,start_B,6,poisson,-72.03173576185422,144.06347152370844,,bfgs,14,False,1.3154834216239086e-07,False,0.22657566534092596,bernoulli,bernoulli,5,completed
rep04,start_B,7,bernoulli,-43.36352719611458,86.72705439222916,,bfgs,9,True,5.795075530556915e-12,True,1.0822845591953714,bernoulli,bernoulli,5,completed
rep04,start_B,7,poisson,-71.91468425871605,143.8293685174321,,bfgs,13,True,5.583769002726058e-11,True,0.28262904495305446,bernoulli,bernoulli,5,completed
rep04,start_B,8,bernoulli,-46.759038296435804,93.51807659287161,,bfgs,9,True,6.494653259636606e-10,False,0.840856618420959,bernoulli,bernoulli,5,completed
rep04,start_B,8,poisson,-73.67975069969995,147.3595013993999,,bfgs,15,True,1.4365834022367351e-09,False,0.2064451719647746,bernoulli,bernoulli,5,completed
rep05,start_B,3,bernoulli,-51.985927513834575,103.97185502766915,,bfgs,2,True,5.415392578811407e-11,True,0.0034413748891817353,bernoulli,bernoulli,1,completed
rep05,start_B,3,poisson,-74.9593416399858,149.9186832799716,,bfgs,4,True,2.2811086353158316e-11,True,0.03311005116506438,bernoulli,bernoulli,1,completed
rep05,start_B,4,bernoulli,-44.53466571075097,89.06933142150194,,bfgs,3,True,7.400231538667867e-11,True,1.057997738313096,bernoulli,bernoulli,1,completed
rep05,start_B,4,poisson,-72.68768447290662,145.37536894581325,,bfgs,6,True,3.552713678800501e-16,True,0.2535775357233418,bernoulli,bernoulli,1,completed
rep05,start_B,5,bernoulli,-49.80298584011603,99.60597168023206,,bfgs,4,True,3.6963694327596387e-10,False,0.5064257638479913,bernoulli,bernoulli,1,completed
rep05,start_B,5,poisson,-74.73329308432366,149.46658616864732,,bfgs,5,True,4.332534331297211e-13,True,0.0828762827598311,bernoulli,bernoulli,1,completed
rep05,start_B,6,bernoulli,-51.309742966548676,102.61948593309735,,bfgs,4,True,1.6947554470903015e-14,True,0.27258993461589925,bernoulli,bernoulli,1,completed
rep05,start_B,6,poisson,-74.61515442099343,149.23030884198687,,bfgs,4,True,1.936690807724517e-11,True,0.10277739611996611,bernoulli,bernoulli,1,completed
rep05,start_B,7,bernoulli,-45.94778997510085,91.8955799502017,,bfgs,3,False,1.3396113751618088e-08,False,0.9206596007259926,bernoulli,bernoulli,1,completed
rep05,start_B,7,poisson,-73.03621462424483,146.07242924848967,,bfgs,5,False,9.800048994534905e-08,False,0.23371989100989973,bernoulli,bernoulli,1,completed
rep05,start_B,8,bernoulli,-51.582334888473255,103.16466977694651,,bfgs,4,True,1.3836154444391014e-15,True,0.2093509420979283,bernoulli,bernoulli,1,completed
rep05,start_B,8,poisson,-74.7226076166417,149.4452152332834,,bfgs,4,True,6.316565048791744e-11,True,0.08711076543798245,bernoulli,bernoulli,1,completed
rep05,start_B,3,bernoulli,-49.879405367829904,99.75881073565981,,bfgs,5,True,2.1731452193307632e-10,False,0.5201095976041042,bernoulli,bernoulli,2,completed
rep05,start_B,3,poisson,-74.82483966787501,149.64967933575002,,bfgs,6,True,6.302175448169578e-12,True,0.07192797665482907,bernoulli,bernoulli,2,completed
rep05,start_B,4,bernoulli,-39.394238529202674,78.78847705840535,,bfgs,5,True,1.8279422420164337e-11,True,1.5808171637326651,bernoulli,bernoulli,2,completed
rep05,start_B,4,poisson,-71.19243467537078,142.38486935074155,,bfgs,10,True,1.868607801824851e-09,False,0.30469530909409215,bernoulli,bernoulli,2,completed
rep05,start_B,5,bernoulli,-47.328798295562855,94.65759659112571,,bfgs,5,True,1.2096412760342901e-11,True,0.7978070213965572,bernoulli,bernoulli,2,completed
rep05,start_B,5,poisson,-73.59849018465624,147.19698036931248,,bfgs,8,True,3.381288582460229e-09,False,0.2000031762976726,bernoulli,bernoulli,2,completed
rep05,start_B,6,bernoulli,-50.59282096315274,101.18564192630548,,bfgs,5,True,2.5537905123940163e-11,True,0.39973553008535795,bernoulli,bernoulli,2,completed
rep05,start_B,6,poisson,-74.5283907358773,149.0567814717546,,bfgs,6,True,1.2443213126545061e-12,True,0.10779475368283455,bernoulli,bernoulli,2,completed
rep05,start_B,7,bernoulli,-46.576529382875755,93.15305876575151,,bfgs,6,True,1.9677859341982184e-11,True,0.8244946468740242,bernoulli,bernoulli,2,completed
rep05,start_B,7,poisson,-73.20352834846646,146.40705669693293,,bfgs,8,True,1.3041479007824819e-11,True,0.20766695901464963,bernoulli,bernoulli,2,completed
rep05,start_B,8,bernoulli,-50.243225877468966,100.48645175493793,,bfgs,5,True,3.153921568355145e-13,True,0.45225687340254667,bernoulli,bernoulli,2,completed
rep05,start_B,8,poisson,-73.93581926590518,147.87163853181036,,bfgs,6,True,2.8003821483935097e-12,True,0.1693998501153928,bernoulli,bernoulli,2,completed
rep05,start_B,3,bernoulli,-49.41382425940303,98.82764851880606,,bfgs,6,True,2.922195818655382e-12,True,0.5595695048382283,bernoulli,bernoulli,3,completed
rep05,start_B,3,poisson,-74.65789609158574,149.31579218317148,,bfgs,7,True,1.654665293671087e-12,True,0.10013364626466535,bernoulli,bernoulli,3,completed
rep05,start_B,4,bernoulli,-37.76084474925152,75.52168949850304,,bfgs,8,True,7.847573557651089e-09,False,1.6144100393291243,bernoulli,bernoulli,3,completed
rep05,start_B,4,poisson,-70.34842989355418,140.69685978710837,,bfgs,13,True,5.888582521595964e-09,False,0.3416045703222472,bernoulli,bernoulli,3,completed
rep05,start_B,5,bernoulli,-47.43055360881643,94.86110721763286,,bfgs,7,True,7.55506768257419e-14,True,0.7329324558886192,bernoulli,bernoulli,3,completed
rep05,start_B,5,poisson,-73.41211412555685,146.8242282511137,,bfgs,11,True,8.03657140835412e-12,True,0.20055638646427987,bernoulli,bernoulli,3,completed
rep05,start_B,6,bernoulli,-50.27351587042696,100.54703174085392,,bfgs,7,True,6.08679273650381e-11,True,0.44098956015911933,bernoulli,bernoulli,3,completed
rep05,start_B,6,poisson,-74.293273503343,148.586547006686,,bfgs,7,True,9.359420460874901e-11,True,0.13666361220025522,bernoulli,bernoulli,3,completed
rep05,start_B,7,bernoulli,-46.495358449776724,92.99071689955345,,bfgs,8,True,2.3785062808201472e-11,True,0.7966153266851201,bernoulli,bernoulli,3,completed
rep05,start_B,7,poisson,-73.0745379089611,146.1490758179222,,bfgs,10,True,1.8281038904888192e-09,False,0.21479429365175653,bernoulli,bernoulli,3,completed
rep05,start_B,8,bernoulli,-50.110983753917004,100.22196750783401,,bfgs,8,True,1.1235901098416434e-12,True,0.45786971117057496,bernoulli,bernoulli,3,completed
rep05,start_B,8,poisson,-73.78080677733087,147.56161355466173,,bfgs,7,True,1.4757493005390643e-10,False,0.17754491601644623,bernoulli,bernoulli,3,completed
rep05,start_B,3,bernoulli,-49.80804261512388,99.61608523024776,,bfgs,9,True,1.949818084767685e-12,True,0.4785248787850998,bernoulli,bernoulli,4,completed
rep05,start_B,3,poisson,-74.59957493954767,149.19914987909533,,bfgs,7,False,1.6729576260976486e-07,False,0.10642411928178318,bernoulli,bernoulli,4,completed
rep05,start_B,4,bernoulli,-34.72203935890919,69.44407871781839,,bfgs,9,True,1.0174220632652719e-10,False,1.9400060471729266,bernoulli,bernoulli,4,completed
rep05,start_B,4,poisson,-69.76429816795834,139.5285963359167,,bfgs,17,True,2.4592223368813395e-09,False,0.33894042399172364,bernoulli,bernoulli,4,completed
rep05,start_B,5,bernoulli,-47.08233610703086,94.16467221406172,,bfgs,7,False,1.2417479222648353e-08,False,0.7256705830984995,bernoulli,bernoulli,4,completed
rep05,start_B,5,poisson,-73.09707795651484,146.19415591302968,,bfgs,12,True,2.8449491651372226e-10,False,0.20717028723351483,bernoulli,bernoulli,4,completed
rep05,start_B,6,bernoulli,-48.01591893145995,96.0318378629199,,bfgs,9,True,1.0094717062258952e-09,False,0.8043889447554737,bernoulli,bernoulli,4,completed
rep05,start_B,6,poisson,-73.6845970276819,147.3691940553638,,bfgs,12,True,1.4782415957981243e-09,False,0.19513058079440462,bernoulli,bernoulli,4,completed
rep05,start_B,7,bernoulli,-44.506800888065456,89.01360177613091,,bfgs,8,True,1.865174681370263e-14,True,0.9778055743164994,bernoulli,bernoulli,4,completed
rep05,start_B,7,poisson,-72.67414141854401,145.34828283708802,,bfgs,13,True,1.8335857276952083e-10,False,0.22868528269695754,bernoulli,bernoulli,4,completed
rep05,start_B,8,bernoulli,-47.2153971015679,94.4307942031358,,bfgs,9,True,1.0739684697114172e-10,False,1.0578495565998112,bernoulli,bernoulli,4,completed
rep05,start_B,8,poisson,-73.00806483725151,146.01612967450302,,bfgs,13,True,7.61442464636275e-11,True,0.27591940245777885,bernoulli,bernoulli,4,completed
rep05,start_B,3,bernoulli,-49.122455597237305,98.24491119447461,,bfgs,9,True,1.837152652228724e-11,True,0.575195969358106,bernoulli,bernoulli,5,completed
rep05,start_B,3,poisson,-74.4547922785531,148.9095845571062,,bfgs,10,True,5.245381906604507e-12,True,0.11954677648037901,bernoulli,bernoulli,5,completed
rep05,start_B,4,bernoulli,-33.689960084489,67.379920168978,,bfgs,8,False,7.647912534380907e-08,False,1.9725812062050971,bernoulli,bernoulli,5,completed
rep05,start_B,4,poisson,-69.18694099570179,138.37388199140358,,bfgs,16,False,1.0582059634112184e-07,False,0.3567187552306148,bernoulli,bernoulli,5,completed
rep05,start_B,5,bernoulli,-44.66549271222583,89.33098542445165,,bfgs,8,True,2.2560378898361933e-09,False,1.049185179521106,bernoulli,bernoulli,5,completed
rep05,start_B,5,poisson,-72.97947872538647,145.95895745077294,,bfgs,14,True,3.3920910524898318e-09,False,0.21035680963671535,bernoulli,bernoulli,5,completed
rep05,start_B,6,bernoulli,-49.605094776903705,99.21018955380741,,bfgs,8,True,7.615635899682616e-10,False,0.5046143948459134,bernoulli,bernoulli,5,completed
rep05,start_B,6,poisson,-73.8016544418265,147.603308883653,,bfgs,12,True,3.4791820535673424e-10,False,0.17221580088924968,bernoulli,bernoulli,5,completed
rep05,start_B,7,bernoulli,-45.21958956108066,90.43917912216132,,bfgs,9,True,5.660908097837592e-09,False,0.8809464760611717,bernoulli,bernoulli,5,completed
rep05,start_B,7,poisson,-72.63771852412629,145.27543704825257,,bfgs,16,True,1.981298591857694e-09,False,0.2248329649774339,bernoulli,bernoulli,5,completed
rep05,start_B,8,bernoulli,-43.70302596957437,87.40605193914874,,bfgs,9,True,3.6430414240840035e-12,True,1.5505322470894323,bernoulli,bernoulli,5,completed
rep05,start_B,8,poisson,-72.6975013965606,145.3950027931212,,bfgs,13,True,1.7611140989970408e-09,False,0.2955034040705994,bernoulli,bernoulli,5,completed
rep06,start_B,3,bernoulli,-51.93218646048389,103.86437292096778,,bfgs,3,True,3.078870491890484e-13,True,0.07585653333514424,bernoulli,bernoulli,1,completed
rep06,start_B,3,poisson,-74.38202602832797,148.76405205665594,,bfgs,4,False,3.1184263349359756e-08,False,0.13180679981518936,bernoulli,bernoulli,1,completed
rep06,start_B,4,bernoulli,-51.56291723658601,103.12583447317202,,bfgs,4,True,1.616484723854228e-14,True,0.21390511998339495,bernoulli,bernoulli,1,completed
rep06,start_B,4,poisson,-73.45970158268733,146.91940316537466,,bfgs,4,True,1.9628743075372768e-13,True,0.21046455491560634,bernoulli,bernoulli,1,completed
rep06,start_B,5,bernoulli,-51.016325560743965,102.03265112148793,,bfgs,4,True,2.9678481894279683e-13,True,0.3267266787052566,bernoulli,bernoulli,1,completed
rep06,start_B,5,poisson,-74.83636998367726,149.67273996735452,,bfgs,5,True,1.589839371263224e-14,True,0.06702491522976153,bernoulli,bernoulli,1,completed
rep06,start_B,6,bernoulli,-50.408968382227286,100.81793676445457,,bfgs,4,True,1.021405182655144e-15,True,0.4208594433269433,bernoulli,bernoulli,1,completed
rep06,start_B,6,poisson,-72.59261360275204,145.18522720550408,,bfgs,4,True,7.460698725481052e-15,True,0.2646443780416237,bernoulli,bernoulli,1,completed
rep06,start_B,7,bernoulli,-51.21857971678408,102.43715943356816,,bfgs,4,True,4.793943020331426e-14,True,0.28970279684429573,bernoulli,bernoulli,1,completed
rep06,start_B,7,poisson,-73.1578968278174,146.3157936556348,,bfgs,4,True,3.68771679859492e-13,True,0.2307053666076452,bernoulli,bernoulli,1,completed
rep06,start_B,8,bernoulli,-40.87543200765806,81.75086401531613,,bfgs,4,True,2.589155556620426e-11,True,1.3295896500944282,bernoulli,bernoulli,1,completed
rep06,start_B,8,poisson,-74.55621151185339,149.11242302370678,,bfgs,7,True,1.3961320988187253e-11,True,0.10583821405750157,bernoulli,bernoulli,1,completed
rep06,start_B,3,bernoulli,-51.71042380068633,103.42084760137266,,bfgs,5,True,9.69996527544481e-11,True,0.17691290024063008,bernoulli,bernoulli,2,completed
rep06,start_B,3,poisson,-74.49149885507109,148.98299771014217,,bfgs,7,True,9.090062036420932e-12,True,0.11486961254932804,bernoulli,bernoulli,2,completed
rep06,start_B,4,bernoulli,-51.38702910550899,102.77405821101797,,bfgs,5,True,6.483027448211942e-11,True,0.25096281419858074,bernoulli,bernoulli,2,completed
rep06,start_B,4,poisson,-73.61234366585359,147.22468733170717,,bfgs,6,True,1.2034817586936698e-14,True,0.19192206321838504,bernoulli,bernoulli,2,completed
rep06,start_B,5,bernoulli,-51.05010660368995,102.1002132073799,,bfgs,5,True,2.806643806252396e-14,True,0.31687126586837855,bernoulli,bernoulli,2,completed
rep06,start_B,5,poisson,-74.8343994098694,149.6687988197388,,bfgs,6,True,8.369920756479133e-10,False,0.0649932434442007,bernoulli,bernoulli,2,completed
rep06,start_B,6,bernoulli,-44.6369487201265,89.273897440253,,bfgs,6,True,8.988312316660085e-10,False,1.0511420789200472,bernoulli,bernoulli,2,completed
rep06,start_B,6,poisson,-71.81091865656248,143.62183731312496,,bfgs,9,True,1.7677801444904163e-10,False,0.2922714598004707,bernoulli,bernoulli,2,completed
rep06,start_B,7,bernoulli,-42.63797735114447,85.27595470228894,,bfgs,6,True,4.483347026962292e-12,True,1.252405496342764,bernoulli,bernoulli,2,completed
rep06,start_B,7,poisson,-71.73939827803551,143.47879655607102,,bfgs,9,True,8.437694987151189e-16,True,0.29670920221804553,bernoulli,bernoulli,2,completed
rep06,start_B,8,bernoulli,-38.85695957216453,77.71391914432905,,bfgs,6,True,7.338574192772285e-14,True,1.4927884020355273,bernoulli,bernoulli,2,completed
rep06,start_B,8,poisson,-74.3132924755366,148.6265849510732,,bfgs,11,True,1.1312768499749382e-09,False,0.12866746778788288,bernoulli,bernoulli,2,completed
rep06,start_B,3,bernoulli,-47.86888676429049,95.73777352858097,,bfgs,6,True,3.91009002953524e-11,True,0.7938657027878359,bernoulli,bernoulli,3,completed
rep06,start_B,3,poisson,-74.12383979260792,148.24767958521585,,bfgs,11,False,3.196144255923628e-08,False,0.15126976156542288,bernoulli,bernoulli,3,completed
rep06,start_B,4,bernoulli,-48.29994742656042,96.59989485312084,,bfgs,9,True,1.432187701766452e-13,True,0.727800727640368,bernoulli,bernoulli,3,completed
rep06,start_B,4,poisson,-71.89866251745119,143.79732503490237,,bfgs,11,False,2.976953030753293e-08,False,0.2969738579220653,bernoulli,bernoulli,3,completed
rep06,start_B,5,bernoulli,-49.57153965642559,99.14307931285119,,bfgs,7,True,5.350448972762933e-11,True,0.5654607006311231,bernoulli,bernoulli,3,completed
rep06,start_B,5,poisson,-74.7662345696975,149.532469139395,,bfgs,11,True,4.594687208481219e-09,False,0.07666778872092997,bernoulli,bernoulli,3,completed
rep06,start_B,6,bernoulli,-43.670699122895556,87.34139824579111,,bfgs,7,True,1.1007195155343652e-11,True,1.096305209061308,bernoulli,bernoulli,3,completed
rep06,start_B,6,poisson,-71.2655239099465,142.531047819893,,bfgs,8,True,7.553307312946345e-10,False,0.30625602917940153,bernoulli,bernoulli,3,completed
rep06,start_B,7,bernoulli,-40.890925714474314,81.78185142894863,,bfgs,7,True,8.934053497000605e-12,True,1.3899252536013027,bernoulli,bernoulli,3,completed
rep06,start_B,7,poisson,-71.22363561651521,142.44727123303042,,bfgs,11,True,7.366436349798277e-11,True,0.30826413047890844,bernoulli,bernoulli,3,completed
rep06,start_B,8,bernoulli,-39.14953382190667,78.29906764381334,,bfgs,7,True,6.716021572206188e-10,False,1.4198221736277492,bernoulli,bernoulli,3,completed
rep06,start_B,8,poisson,-73.67967391596092,147.35934783192184,,bfgs,13,True,2.1258188986905678e-09,False,0.18883598673125968,bernoulli,bernoulli,3,completed
rep06,start_B,3,bernoulli,-40.48993273954007,80.97986547908015,,bfgs,9,True,2.5117852242573237e-12,True,1.9990992778601275,bernoulli,bernoulli,4,completed
rep06,start_B,3,poisson,-71.35425214713487,142.70850429426974,,bfgs,18,True,2.1781401571274726e-09,False,0.45719343927896994,bernoulli,bernoulli,4,completed
rep06,start_B,4,bernoulli,-45.245462071456906,90.49092414291381,,bfgs,7,False,6.372257925768565e-08,False,1.1791370022981993,bernoulli,bernoulli,4,completed
rep06,start_B,4,poisson,-71.66661756810312,143.33323513620624,,bfgs,13,True,7.001399460193625e-12,True,0.2883666417600217,bernoulli,bernoulli,4,completed
rep06,start_B,5,bernoulli,-49.84235467285593,99.68470934571187,,bfgs,9,True,1.2409939742497045e-11,True,0.5194677748734615,bernoulli,bernoulli,4,completed
rep06,start_B,5,poisson,-74.71929837757065,149.4385967551413,,bfgs,13,True,2.5704740558296637e-10,False,0.08915987369029042,bernoulli,bernoulli,4,completed
rep06,start_B,6,bernoulli,-41.391902071396984,82.78380414279397,,bfgs,8,True,1.867014098877462e-10,False,1.3871126058815308,bernoulli,bernoulli,4,completed
rep06,start_B,6,poisson,-69.949274857561,139.898549715122,,bfgs,12,True,1.5795823316011593e-09,False,0.44007280059547055,bernoulli,bernoulli,4,completed
rep06,start_B,7,bernoulli,-40.5183896468312,81.0367792936624,,bfgs,8,True,1.5653506268975548e-11,True,1.3485098878851527,bernoulli,bernoulli,4,completed
rep06,start_B,7,poisson,-71.3937465494695,142.787493098939,,bfgs,10,True,1.4755089594586933e-09,False,0.29286563228976376,bernoulli,bernoulli,4,completed
rep06,start_B,8,bernoulli,-38.32859168214086,76.65718336428172,,bfgs,7,False,7.096881259049947e-08,False,1.4589321226351146,bernoulli,bernoulli,4,completed
rep06,start_B,8,poisson,-73.59444947627148,147.18889895254296,,bfgs,18,True,7.76306577354724e-10,False,0.18668974815806286,bernoulli,bernoulli,4,completed
rep06,start_B,3,bernoulli,-40.76747135267333,81.53494270534667,,bfgs,9,True,2.4162887690692967e-09,False,1.8068783494047864,bernoulli,bernoulli,5,completed
rep06,start_B,3,poisson,-72.01270199623336,144.02540399246672,,bfgs,13,True,1.098109358999011e-09,False,0.4000438535876865,bernoulli,bernoulli,5,completed
rep06,start_B,4,bernoulli,-47.68363708417703,95.36727416835406,,bfgs,9,True,2.40953923480447e-12,True,0.7182858965548955,bernoulli,bernoulli,5,completed
rep06,start_B,4,poisson,-71.80141476685353,143.60282953370705,,bfgs,14,False,1.1422430468144285e-08,False,0.287198127242573,bernoulli,bernoulli,5,completed
rep06,start_B,5,bernoulli,-47.98455911376944,95.96911822753889,,bfgs,10,True,1.386906944844668e-09,False,0.7901259338966136,bernoulli,bernoulli,5,completed
rep06,start_B,5,poisson,-74.1528691941163,148.3057383882326,,bfgs,14,True,1.6235631505878701e-09,False,0.19481508724896987,bernoulli,bernoulli,5,completed
rep06,start_B,6,bernoulli,-34.3990479414785,68.798095882957,,bfgs,11,True,1.4952127980194518e-09,False,2.5379451478323216,bernoulli,bernoulli,5,completed
rep06,start_B,6,poisson,-69.27876876294144,138.55753752588288,,bfgs,16,False,1.3814088273278457e-08,False,0.4719955410647949,bernoulli,bernoulli,5,completed
rep06,start_B,7,bernoulli,-43.015600313361965,86.03120062672393,,bfgs,9,True,4.4657755271515497e-11,True,1.0320135483534099,bernoulli,bernoulli,5,completed
rep06,start_B,7,poisson,-71.89471248743068,143.78942497486136,,bfgs,12,False,8.230028489819574e-08,False,0.25884874455722795,bernoulli,bernoulli,5,completed
rep06,start_B,8,bernoulli,-34.87749776499747,69.75499552999494,,bfgs,10,True,9.046714322114013e-10,False,1.89675645432878,bernoulli,bernoulli,5,completed
rep06,start_B,8,poisson,-73.46619289086632,146.93238578173265,,bfgs,24,False,4.937818633976576e-08,False,0.1953081476489178,bernoulli,bernoulli,5,completed
rep07,start_B,3,bernoulli,-51.705439817097066,103.41087963419413,,bfgs,3,True,2.719251490646002e-11,True,0.17389563817726816,bernoulli,bernoulli,1,completed
rep07,start_B,3,poisson,-74.99185876200656,149.98371752401312,,bfgs,5,True,1.5987211554602255e-15,True,0.014755127055855482,bernoulli,bernoulli,1,completed
rep07,start_B,4,bernoulli,-50.5766703264554,101.1533406529108,,bfgs,3,True,8.300711229480839e-11,True,0.3979502485660777,bernoulli,bernoulli,1,completed
rep07,start_B,4,poisson,-74.94550468991395,149.8910093798279,,bfgs,5,True,1.1954881529163685e-13,True,0.03795750146663215,bernoulli,bernoulli,1,completed
rep07,start_B,5,bernoulli,-51.886423403645644,103.77284680729129,,bfgs,4,True,3.2152058793144536e-14,True,0.10326857570510431,bernoulli,bernoulli,1,completed
rep07,start_B,5,poisson,-74.96113081846082,149.92226163692163,,bfgs,4,True,8.00657318222875e-12,True,0.032288455553089374,bernoulli,bernoulli,1,completed
rep07,start_B,6,bernoulli,-42.050319832683385,84.10063966536677,,bfgs,4,True,5.273115277759644e-13,True,1.2539699171421281,bernoulli,bernoulli,1,completed
rep07,start_B,6,poisson,-73.76129838810802,147.52259677621603,,bfgs,5,True,1.908428970409659e-12,True,0.1767273890586909,bernoulli,bernoulli,1,completed
rep07,start_B,7,bernoulli,-45.722181641529474,91.44436328305895,,bfgs,4,True,7.71143704447752e-11,True,0.9218755987391031,bernoulli,bernoulli,1,completed
rep07,start_B,7,poisson,-72.54398741499001,145.08797482998003,,bfgs,6,True,1.1755041384731157e-13,True,0.2568617607462267,bernoulli,bernoulli,1,completed
rep07,start_B,8,bernoulli,-51.937887773994476,103.87577554798895,,bfgs,4,True,2.264854970235319e-15,True,0.07172957324364972,bernoulli,bernoulli,1,completed
rep07,start_B,8,poisson,-74.9398100793813,149.8796201587626,,bfgs,4,True,1.3844081436786836e-11,True,0.04020399713138366,bernoulli,bernoulli,1,completed
rep07,start_B,3,bernoulli,-51.562196562922296,103.12439312584459,,bfgs,5,True,2.3003821070233242e-14,True,0.20204044604076432,bernoulli,bernoulli,2,completed
rep07,start_B,3,poisson,-74.93146376156396,149.86292752312792,,bfgs,7,True,3.7477185799161814e-10,False,0.045716274384349845,bernoulli,bernoulli,2,completed
rep07,start_B,4,bernoulli,-51.17301003308515,102.3460200661703,,bfgs,6,True,1.6342482922482303e-14,True,0.2829756282837306,bernoulli,bernoulli,2,completed
rep07,start_B,4,poisson,-74.91798898053057,149.83597796106113,,bfgs,6,True,1.6051160400820664e-12,True,0.05119136705687144,bernoulli,bernoulli,2,completed
rep07,start_B,5,bernoulli,-50.635846906056244,101.27169381211249,,bfgs,5,True,9.103295894874463e-12,True,0.4193135183689826,bernoulli,bernoulli,2,completed
rep07,start_B,5,poisson,-74.46340567405466,148.9268113481093,,bfgs,6,True,1.0558665053395088e-12,True,0.12911014873306725,bernoulli,bernoulli,2,completed
rep07,start_B,6,bernoulli,-41.27918441823091,82.55836883646182,,bfgs,5,True,4.198425007650997e-09,False,1.2217922567681652,bernoulli,bernoulli,2,completed
rep07,start_B,6,poisson,-73.81977159597501,147.63954319195003,,bfgs,8,False,1.2585834596734458e-08,False,0.15792189534685785,bernoulli,bernoulli,2,completed
rep07,start_B,7,bernoulli,-42.237403851848356,84.47480770369671,,bfgs,5,True,6.067843116852601e-10,False,1.2944010104981454,bernoulli,bernoulli,2,completed
rep07,start_B,7,poisson,-71.48501151531802,142.97002303063604,,bfgs,7,True,3.837956619179295e-11,True,0.3041206449330289,bernoulli,bernoulli,2,completed
rep07,start_B,8,bernoulli,-49.5297273962618,99.0594547925236,,bfgs,4,True,3.3495428652940973e-12,True,0.5806282345909851,bernoulli,bernoulli,2,completed
rep07,start_B,8,poisson,-74.13612703042341,148.27225406084682,,bfgs,6,True,5.1107562626384605e-12,True,0.1644013149524552,bernoulli,bernoulli,2,completed
rep07,start_B,3,bernoulli,-51.37186252803038,102.74372505606075,,bfgs,6,True,1.4844125928448193e-11,True,0.24424752169529165,bernoulli,bernoulli,3,completed
rep07,start_B,3,poisson,-74.81541586695906,149.63083173391811,,bfgs,9,True,8.090061953680561e-12,True,0.07871838941288076,bernoulli,bernoulli,3,completed
rep07,start_B,4,bernoulli,-49.451524292500814,98.90304858500163,,bfgs,8,True,2.909752971902435e-09,False,0.557447449402884,bernoulli,bernoulli,3,completed
rep07,start_B,4,poisson,-73.91606222950213,147.83212445900426,,bfgs,10,True,1.3855011360419668e-09,False,0.1919785052369031,bernoulli,bernoulli,3,completed
rep07,start_B,5,bernoulli,-46.11174392032971,92.22348784065942,,bfgs,7,True,1.7053025658242404e-14,True,1.0182362795375564,bernoulli,bernoulli,3,completed
rep07,start_B,5,poisson,-72.2063975952431,144.4127951904862,,bfgs,10,True,3.421670413672473e-09,False,0.3112679158228524,bernoulli,bernoulli,3,completed
rep07,start_B,6,bernoulli,-39.87470177316374,79.74940354632749,,bfgs,6,True,1.744320243801667e-11,True,1.3061954801143525,bernoulli,bernoulli,3,completed
rep07,start_B,6,poisson,-73.85028114849709,147.70056229699418,,bfgs,11,False,7.224354671819811e-07,False,0.15286169748066453,bernoulli,bernoulli,3,completed
rep07,start_B,7,bernoulli,-41.10284293382932,82.20568586765864,,bfgs,7,True,2.028821466382169e-09,False,1.3154690877471589,bernoulli,bernoulli,3,completed
rep07,start_B,7,poisson,-71.50935478708956,143.01870957417913,,bfgs,11,True,7.783584798914945e-09,False,0.28872756920193887,bernoulli,bernoulli,3,completed
rep07,start_B,8,bernoulli,-49.637968982403486,99.27593796480697,,bfgs,7,True,1.209010669356303e-11,True,0.5646630436312282,bernoulli,bernoulli,3,completed
rep07,start_B,8,poisson,-73.70315706063202,147.40631412126405,,bfgs,7,True,2.5776751400030664e-09,False,0.20846782617606216,bernoulli,bernoulli,3,completed
rep07,start_B,3,bernoulli,-50.96591606078924,101.93183212157848,,bfgs,8,True,2.6864732660669688e-11,True,0.37516328053848097,bernoulli,bernoulli,4,completed
rep07,start_B,3,poisson,-74.97297890071108,149.94595780142217,,bfgs,10,False,1.384872980736418e-08,False,0.025431214287761527,bernoulli,bernoulli,4,completed
rep07,start_B,4,bernoulli,-47.79039618728811,95.58079237457622,,bfgs,7,False,1.109909244956242e-07,False,0.8525496271557154,bernoulli,bernoulli,4,completed
rep07,start_B,4,poisson,-74.38058778489935,148.7611755697987,,bfgs,13,True,6.486331471933227e-11,True,0.1429787841292913,bernoulli,bernoulli,4,completed
rep07,start_B,5,bernoulli,-40.56613800612022,81.13227601224044,,bfgs,8,True,1.696021101338374e-12,True,1.6474861653348891,bernoulli,bernoulli,4,completed
rep07,start_B,5,poisson,-71.13703237741034,142.27406475482067,,bfgs,11,False,3.18992276149288e-08,False,0.40149071204321973,bernoulli,bernoulli,4,completed
rep07,start_B,6,bernoulli,-38.36147372824966,76.72294745649933,,bfgs,8,True,6.582479006311814e-11,True,1.4413951590893688,bernoulli,bernoulli,4,completed
rep07,start_B,6,poisson,-73.53005034741763,147.06010069483526,,bfgs,14,False,1.0099769509608337e-08,False,0.1660092534943636,bernoulli,bernoulli,4,completed
rep07,start_B,7,bernoulli,-38.47690914731552,76.95381829463103,,bfgs,7,True,4.947842024982663e-10,False,1.5731323193562172,bernoulli,bernoulli,4,completed
rep07,start_B,7,poisson,-71.95609830769209,143.91219661538418,,bfgs,13,True,9.801004274834214e-09,False,0.2500618699135503,bernoulli,bernoulli,4,completed
rep07,start_B,8,bernoulli,-49.01530400853927,98.03060801707853,,bfgs,7,False,1.1143453031436934e-07,False,0.6250941557214547,bernoulli,bernoulli,4,completed
rep07,start_B,8,poisson,-73.91222168968326,147.82444337936653,,bfgs,12,True,1.2670593463326442e-10,False,0.1937854708220253,bernoulli,bernoulli,4,completed
rep07,start_B,3,bernoulli,-51.23653260474706,102.47306520949412,,bfgs,10,True,8.920726379813004e-11,True,0.27979252752500594,bernoulli,bernoulli,5,completed
rep07,start_B,3,poisson,-74.24077572410714,148.48155144821428,,bfgs,10,True,1.5099965722242814e-10,False,0.18992108066712673,bernoulli,bernoulli,5,completed
rep07,start_B,4,bernoulli,-42.76057982298385,85.5211596459677,,bfgs,10,True,3.478248800092842e-11,True,1.5402105930063406,bernoulli,bernoulli,5,completed
rep07,start_B,4,poisson,-71.89343504908284,143.78687009816568,,bfgs,12,True,4.391074170939646e-11,True,0.37362602665045447,bernoulli,bernoulli,5,completed
rep07,start_B,5,bernoulli,-33.004048941615565,66.00809788323113,,bfgs,10,True,5.087716914431439e-11,True,2.8177654302417134,bernoulli,bernoulli,5,completed
rep07,start_B,5,poisson,-68.80894247939271,137.61788495878542,,bfgs,17,False,7.024027546265187e-08,False,0.5387549910513245,bernoulli,bernoulli,5,completed
rep07,start_B,6,bernoulli,-34.976737085339906,69.95347417067981,,bfgs,8,True,8.174226540091923e-09,False,1.996339725670877,bernoulli,bernoulli,5,completed
rep07,start_B,6,poisson,-73.26169630651835,146.5233926130367,,bfgs,21,False,4.294156283890516e-08,False,0.22034826264283058,bernoulli,bernoulli,5,completed
rep07,start_B,7,bernoulli,-40.846652488635,81.69330497727,,bfgs,9,True,2.3778240709759756e-09,False,1.2232446982696843,bernoulli,bernoulli,5,completed
rep07,start_B,7,poisson,-70.75868626769423,141.51737253538846,,bfgs,14,True,5.1356119357137685e-11,True,0.3142414733724138,bernoulli,bernoulli,5,completed
rep07,start_B,8,bernoulli,-48.05180002441179,96.10360004882358,,bfgs,10,True,5.542153402871008e-11,True,0.7553042592329106,bernoulli,bernoulli,5,completed
rep07,start_B,8,poisson,-73.07941699991841,146.15883399983682,,bfgs,12,True,4.618982263338012e-09,False,0.267532162929764,bernoulli,bernoulli,5,completed
rep08,start_B,3,bernoulli,-48.621047096834694,97.24209419366939,,bfgs,4,True,3.560192141094376e-11,True,0.6355736884487497,bernoulli,bernoulli,1,completed
rep08,start_B,3,poisson,-73.34846951389129,146.69693902778258,,bfgs,5,True,4.174438572590589e-15,True,0.21183762883539167,bernoulli,bernoulli,1,completed
rep08,start_B,4,bernoulli,-45.15285769089702,90.30571538179404,,bfgs,5,True,4.973799150320701e-15,True,0.9665651550214611,bernoulli,bernoulli,1,completed
rep08,start_B,4,poisson,-74.24095105727196,148.4819021145439,,bfgs,6,True,7.789324740770098e-13,True,0.1392847351902411,bernoulli,bernoulli,1,completed
rep08,start_B,5,bernoulli,-51.05174949574449,102.10349899148898,,bfgs,3,True,2.2989147474561377e-09,False,0.32079176832161715,bernoulli,bernoulli,1,completed
rep08,start_B,5,poisson,-74.98915218706937,149.97830437413873,,bfgs,5,True,4.2099657093785935e-14,True,0.01697483349905662,bernoulli,bernoulli,1,completed
rep08,start_B,6,bernoulli,-49.3371585402497,98.6743170804994,,bfgs,3,True,1.9521273486589053e-12,True,0.5566858693982937,bernoulli,bernoulli,1,completed
rep08,start_B,6,poisson,-74.82086766142007,149.64173532284013,,bfgs,5,True,7.105427357601002e-16,True,0.06849739136345608,bernoulli,bernoulli,1,completed
rep08,start_B,7,bernoulli,-51.482754221543416,102.96550844308683,,bfgs,4,True,1.0658141036401502e-15,True,0.23370096626971731,bernoulli,bernoulli,1,completed
rep08,start_B,7,poisson,-74.999481006633,149.998962013266,,bfgs,5,True,1.4210854715202005e-15,True,0.0037216998812233354,bernoulli,bernoulli,1,completed
rep08,start_B,8,bernoulli,-49.77246265765964,99.54492531531928,,bfgs,4,True,5.773159728050814e-16,True,0.5049659107490083,bernoulli,bernoulli,1,completed
rep08,start_B,8,poisson,-74.87268498505684,149.74536997011367,,bfgs,5,True,3.907985046680551e-14,True,0.05783819355468787,bernoulli,bernoulli,1,completed
rep08,start_B,3,bernoulli,-45.51110819574801,91.02221639149602,,bfgs,6,True,2.8349655956105833e-12,True,0.9402171930625156,bernoulli,bernoulli,2,completed
rep08,start_B,3,poisson,-71.2103270565628,142.4206541131256,,bfgs,9,True,6.488143355909415e-13,True,0.33555195307884583,bernoulli,bernoulli,2,completed
rep08,start_B,4,bernoulli,-42.255228199443216,84.51045639888643,,bfgs,6,True,3.3833380541636872e-12,True,1.1850182033512742,bernoulli,bernoulli,2,completed
rep08,start_B,4,poisson,-72.89421474726677,145.78842949453355,,bfgs,9,True,4.151274879404809e-11,True,0.2381511611220652,bernoulli,bernoulli,2,completed
rep08,start_B,5,bernoulli,-51.17747904510005,102.3549580902001,,bfgs,6,True,3.903197542953762e-10,False,0.30426806953812596,bernoulli,bernoulli,2,completed
rep08,start_B,5,poisson,-74.93792832373637,149.87585664747274,,bfgs,6,True,4.997708913379029e-10,False,0.043565151121485485,bernoulli,bernoulli,2,completed
rep08,start_B,6,bernoulli,-47.2721027078162,94.5442054156324,,bfgs,6,True,9.726690564093588e-11,True,0.7967001790638364,bernoulli,bernoulli,2,completed
rep08,start_B,6,poisson,-74.85838080236311,149.71676160472623,,bfgs,9,True,6.680978097139967e-10,False,0.059217096834043303,bernoulli,bernoulli,2,completed
rep08,start_B,7,bernoulli,-48.538169515263476,97.07633903052695,,bfgs,7,True,3.3750779948604757e-15,True,0.7019115889978969,bernoulli,bernoulli,2,completed
rep08,start_B,7,poisson,-74.90111383408647,149.80222766817295,,bfgs,9,True,2.0159413027798224e-11,True,0.055229220868380405,bernoulli,bernoulli,2,completed
rep08,start_B,8,bernoulli,-49.12218975775993,98.24437951551985,,bfgs,5,True,2.9967139880682223e-13,True,0.5587759039731701,bernoulli,bernoulli,2,completed
rep08,start_B,8,poisson,-74.09142802933029,148.18285605866058,,bfgs,7,True,9.833804881509423e-11,True,0.1648662121559622,bernoulli,bernoulli,2,completed
rep08,start_B,3,bernoulli,-45.73279202240259,91.46558404480518,,bfgs,6,True,1.4519851987415677e-11,True,0.9084832738716033,bernoulli,bernoulli,3,completed
rep08,start_B,3,poisson,-70.83906193107758,141.67812386215516,,bfgs,9,True,2.088671358091432e-09,False,0.3500210093320033,bernoulli,bernoulli,3,completed
rep08,start_B,4,bernoulli,-40.96585527339259,81.93171054678518,,bfgs,6,True,1.6664896129725547e-10,False,1.3420297424719185,bernoulli,bernoulli,3,completed
rep08,start_B,4,poisson,-72.82032880834652,145.64065761669303,,bfgs,10,False,2.5180834253291093e-07,False,0.24300252634191155,bernoulli,bernoulli,3,completed
rep08,start_B,5,bernoulli,-50.51486123890636,101.02972247781273,,bfgs,8,True,7.068539087384806e-10,False,0.4291725596357262,bernoulli,bernoulli,3,completed
rep08,start_B,5,poisson,-74.23027211701911,148.46054423403822,,bfgs,8,True,5.056460139485353e-10,False,0.1552909581110075,bernoulli,bernoulli,3,completed
rep08,start_B,6,bernoulli,-46.900998742284564,93.80199748456913,,bfgs,6,True,1.4148504590139054e-11,True,0.7908202816173324,bernoulli,bernoulli,3,completed
rep08,start_B,6,poisson,-74.72033700826255,149.4406740165251,,bfgs,10,False,1.8514828348248357e-08,False,0.0868271200115359,bernoulli,bernoulli,3,completed
rep08,start_B,7,bernoulli,-47.6629675241395,95.325935048279,,bfgs,7,True,5.179479067862758e-11,True,0.7910016059208912,bernoulli,bernoulli,3,completed
rep08,start_B,7,poisson,-74.4898215933795,148.979643186759,,bfgs,10,True,1.0171768982658591e-10,False,0.12811682409074543,bernoulli,bernoulli,3,completed
rep08,start_B,8,bernoulli,-48.21736681234772,96.43473362469544,,bfgs,7,False,1.1487763940110085e-07,False,0.6742312826493853,bernoulli,bernoulli,3,completed
rep08,start_B,8,poisson,-73.19906492377875,146.3981298475575,,bfgs,12,True,7.1199934836840836e-12,True,0.23705359176140597,bernoulli,bernoulli,3,completed
rep08,start_B,3,bernoulli,-45.422720854508626,90.84544170901725,,bfgs,7,True,8.741499968323297e-10,False,0.8702213219539955,bernoulli,bernoulli,4,completed
rep08,start_B,3,poisson,-70.90913208726347,141.81826417452694,,bfgs,11,True,5.180557371975425e-11,True,0.3266164961812752,bernoulli,bernoulli,4,completed
rep08,start_B,4,bernoulli,-41.052127152977846,82.10425430595569,,bfgs,7,False,1.0854595833276193e-08,False,1.2149448341487703,bernoulli,bernoulli,4,completed
rep08,start_B,4,poisson,-72.86414794744498,145.72829589488995,,bfgs,11,True,2.141525357046703e-09,False,0.23771124353695056,bernoulli,bernoulli,4,completed
rep08,start_B,5,bernoulli,-50.083850844144614,100.16770168828923,,bfgs,9,True,2.467270832084978e-10,False,0.5581873532684077,bernoulli,bernoulli,4,completed
rep08,start_B,5,poisson,-73.9746130908552,147.9492261817104,,bfgs,9,True,8.31260820177704e-09,False,0.19187907215635222,bernoulli,bernoulli,4,completed
rep08,start_B,6,bernoulli,-46.741140447909586,93.48228089581917,,bfgs,8,True,4.1798033922901825e-10,False,0.7541674898652381,bernoulli,bernoulli,4,completed
rep08,start_B,6,poisson,-74.69941194071353,149.39882388142706,,bfgs,12,False,4.973917093753499e-08,False,0.08337151962780444,bernoulli,bernoulli,4,completed
rep08,start_B,7,bernoulli,-38.45908746842646,76.91817493685292,,bfgs,9,True,6.139990182951749e-11,True,2.0981016317195005,bernoulli,bernoulli,4,completed
rep08,start_B,7,poisson,-72.44807856967375,144.8961571393475,,bfgs,16,False,1.6998331475726047e-08,False,0.35198497521695626,bernoulli,bernoulli,4,completed
rep08,start_B,8,bernoulli,-47.69825347727783,95.39650695455566,,bfgs,7,True,2.3908031110408955e-11,True,0.6644502555365088,bernoulli,bernoulli,4,completed
rep08,start_B,8,poisson,-73.35673574375184,146.71347148750368,,bfgs,9,True,1.3043041979798887e-09,False,0.20622246167257288,bernoulli,bernoulli,4,completed
rep08,start_B,3,bernoulli,-42.3233350639566,84.6466701279132,,bfgs,9,True,1.2671406146580466e-09,False,1.3046160157161322,bernoulli,bernoulli,5,completed
rep08,start_B,3,poisson,-69.50250722976213,139.00501445952426,,bfgs,15,False,1.154741289255412e-08,False,0.39548862235709814,bernoulli,bernoulli,5,completed
rep08,start_B,4,bernoulli,-38.25725912477221,76.51451824954442,,bfgs,9,True,2.7973645622125788e-11,True,1.4942293523730141,bernoulli,bernoulli,5,completed
rep08,start_B,4,poisson,-72.3557352763432,144.7114705526864,,bfgs,12,True,3.5616478655242647e-10,False,0.2593383295186332,bernoulli,bernoulli,5,completed
rep08,start_B,5,bernoulli,-50.56646352892656,101.13292705785312,,bfgs,10,True,6.988631895410436e-13,True,0.4058390469120863,bernoulli,bernoulli,5,completed
rep08,start_B,5,poisson,-73.82709460191907,147.65418920383814,,bfgs,13,True,1.0198313304954354e-10,False,0.19802309962643547,bernoulli,bernoulli,5,completed
rep08,start_B,6,bernoulli,-45.57745716611131,91.15491433222262,,bfgs,9,True,2.383426789265286e-12,True,0.8383608250772759,bernoulli,bernoulli,5,completed
rep08,start_B,6,poisson,-74.69361616144104,149.38723232288208,,bfgs,14,False,2.2518713771943478e-07,False,0.08215701548984047,bernoulli,bernoulli,5,completed
rep08,start_B,7,bernoulli,-31.745809979661704,63.49161995932341,,bfgs,13,True,2.0480950269075038e-09,False,2.9497816644178707,bernoulli,bernoulli,5,completed
rep08,start_B,7,poisson,-70.88793685652013,141.77587371304026,,bfgs,22,False,3.843478408871448e-08,False,0.4204354869677316,bernoulli,bernoulli,5,completed
rep08,start_B,8,bernoulli,-43.54374414362381,87.08748828724762,,bfgs,9,True,3.412106153177774e-11,True,1.4318414762204468,bernoulli,bernoulli,5,completed
rep08,start_B,8,poisson,-71.8291833978988,143.6583667957976,,bfgs,13,True,3.2259304560966482e-09,False,0.3445340246418722,bernoulli,bernoulli,5,completed
rep09,start_B,3,bernoulli,-51.59761844629536,103.19523689259071,,bfgs,2,False,1.1116144662537409e-07,False,0.20510563753869382,bernoulli,bernoulli,1,completed
rep09,start_B,3,poisson,-74.25021668505653,148.50043337011306,,bfgs,4,True,4.510702922289056e-12,True,0.14472348987231862,bernoulli,bernoulli,1,completed
rep09,start_B,4,bernoulli,-47.098714106049236,94.19742821209847,,bfgs,4,True,8.790124184088199e-12,True,0.7971398792406779,bernoulli,bernoulli,1,completed
rep09,start_B,4,poisson,-74.72826667599989,149.45653335199978,,bfgs,7,True,1.1324274851176597e-14,True,0.08347139688723194,bernoulli,bernoulli,1,completed
rep09,start_B,5,bernoulli,-50.43717595011051,100.87435190022101,,bfgs,5,True,1.7763568394002506e-16,True,0.4191098369191001,bernoulli,bernoulli,1,completed
rep09,start_B,5,poisson,-74.99485350155284,149.98970700310568,,bfgs,7,True,3.1707969583294473e-14,True,0.011685950665154016,bernoulli,bernoulli,1,completed
rep09,start_B,6,bernoulli,-51.53626655630303,103.07253311260607,,bfgs,4,True,1.1146639167236572e-14,True,0.22097728666254304,bernoulli,bernoulli,1,completed
rep09,start_B,6,poisson,-74.95566723379486,149.9113344675897,,bfgs,5,True,9.139577983319214e-13,True,0.034618544029893665,bernoulli,bernoulli,1,completed
rep09,start_B,7,bernoulli,-51.78789039120157,103.57578078240314,,bfgs,4,True,6.217248937900876e-16,True,0.1459476700784931,bernoulli,bernoulli,1,completed
rep09,start_B,7,poisson,-74.39882583714072,148.79765167428144,,bfgs,3,True,8.305640619710175e-11,True,0.12935700256489052,bernoulli,bernoulli,1,completed
rep09,start_B,8,bernoulli,-51.35456890208351,102.70913780416701,,bfgs,4,True,1.9961809982760316e-14,True,0.2627749195337829,bernoulli,bernoulli,1,completed
rep09,start_B,8,poisson,-74.09212237734354,148.18424475468709,,bfgs,4,True,1.7394086171407253e-12,True,0.15950352861827183,bernoulli,bernoulli,1,completed
rep09,start_B,3,bernoulli,-51.38285192983826,102.76570385967652,,bfgs,5,True,8.881784197001252e-16,True,0.25240958391408547,bernoulli,bernoulli,2,completed
rep09,start_B,3,poisson,-73.9934681852612,147.9869363705224,,bfgs,6,True,2.4868995751603507e-14,True,0.16476982562554301,bernoulli,bernoulli,2,completed
rep09,start_B,4,bernoulli,-47.453913916829535,94.90782783365907,,bfgs,5,True,1.7061907442439406e-12,True,0.7280120918772951,bernoulli,bernoulli,2,completed
rep09,start_B,4,poisson,-74.77065827026871,149.54131654053742,,bfgs,8,False,1.923173904572195e-08,False,0.07517879483874061,bernoulli,bernoulli,2,completed
rep09,start_B,5,bernoulli,-45.09622883131233,90.19245766262466,,bfgs,6,True,2.566835632933362e-13,True,0.9836695157535271,bernoulli,bernoulli,2,completed
rep09,start_B,5,poisson,-74.24593700042091,148.49187400084182,,bfgs,9,True,1.3680418575745534e-09,False,0.14516419898201757,bernoulli,bernoulli,2,completed
rep09,start_B,6,bernoulli,-45.12672885829658,90.25345771659316,,bfgs,6,True,6.202127700305482e-12,True,1.0050557420855308,bernoulli,bernoulli,2,completed
rep09,start_B,6,poisson,-72.8081693223073,145.6163386446146,,bfgs,8,True,2.6961588517337987e-09,False,0.24667924879090808,bernoulli,bernoulli,2,completed
rep09,start_B,7,bernoulli,-51.71474740299398,103.42949480598796,,bfgs,5,True,3.1889157980913297e-12,True,0.17069536128779017,bernoulli,bernoulli,2,completed
rep09,start_B,7,poisson,-74.39140030798924,148.7828006159785,,bfgs,6,True,4.674127751513879e-12,True,0.12628392734205166,bernoulli,bernoulli,2,completed
rep09,start_B,8,bernoulli,-49.93850702657532,99.87701405315065,,bfgs,5,True,3.1803004674202383e-12,True,0.49616157261403215,bernoulli,bernoulli,2,completed
rep09,start_B,8,poisson,-73.99151948873399,147.98303897746797,,bfgs,6,True,2.772377882820365e-11,True,0.1639220136557153,bernoulli,bernoulli,2,completed
rep09,start_B,3,bernoulli,-46.6540800946363,93.3081601892726,,bfgs,6,True,1.120937520582288e-09,False,0.9690986370915929,bernoulli,bernoulli,3,completed
rep09,start_B,3,poisson,-73.69538158494925,147.3907631698985,,bfgs,11,False,3.697012758152596e-08,False,0.19033515387297079,bernoulli,bernoulli,3,completed
rep09,start_B,4,bernoulli,-47.1930743264782,94.3861486529564,,bfgs,6,True,5.9451110701047586e-12,True,0.7100192418251233,bernoulli,bernoulli,3,completed
rep09,start_B,4,poisson,-74.55379025696818,149.10758051393637,,bfgs,12,True,1.7490009440734866e-10,False,0.1052724747186861,bernoulli,bernoulli,3,completed
rep09,start_B,5,bernoulli,-39.23400261624592,78.46800523249183,,bfgs,6,True,1.3363515086184385e-09,False,1.648872861026067,bernoulli,bernoulli,3,completed
rep09,start_B,5,poisson,-72.3467916904902,144.6935833809804,,bfgs,12,True,2.8509301586154834e-09,False,0.29052259402249014,bernoulli,bernoulli,3,completed
rep09,start_B,6,bernoulli,-44.06887113090107,88.13774226180215,,bfgs,6,True,1.8420953651343554e-11,True,1.0686110875178076,bernoulli,bernoulli,3,completed
rep09,start_B,6,poisson,-72.36218583772659,144.72437167545317,,bfgs,9,False,6.501482161525018e-08,False,0.27432182618749623,bernoulli,bernoulli,3,completed
rep09,start_B,7,bernoulli,-50.88129736200773,101.76259472401546,,bfgs,7,True,6.047451406310244e-09,False,0.3911700020931392,bernoulli,bernoulli,3,completed
rep09,start_B,7,poisson,-73.94227909507114,147.8845581901423,,bfgs,9,True,1.8702963622274637e-10,False,0.17771919407822137,bernoulli,bernoulli,3,completed
rep09,start_B,8,bernoulli,-46.669557893085575,93.33911578617115,,bfgs,5,True,7.131671173055132e-09,False,0.9234188348222675,bernoulli,bernoulli,3,completed
rep09,start_B,8,poisson,-72.76958640336191,145.53917280672383,,bfgs,11,True,1.84430248850731e-13,True,0.2626541545964546,bernoulli,bernoulli,3,completed
rep09,start_B,3,bernoulli,-43.74660328747025,87.4932065749405,,bfgs,8,True,6.348207293171981e-10,False,1.3953153190505154,bernoulli,bernoulli,4,completed
rep09,start_B,3,poisson,-73.33563450451808,146.67126900903617,,bfgs,12,False,2.490825039558331e-08,False,0.22144096206041775,bernoulli,bernoulli,4,completed
rep09,start_B,4,bernoulli,-46.23450866593906,92.46901733187812,,bfgs,9,True,1.812383132460127e-10,False,0.8583771337019772,bernoulli,bernoulli,4,completed
rep09,start_B,4,poisson,-73.98448449311704,147.96896898623407,,bfgs,13,True,6.956817344416777e-11,True,0.20942897633069288,bernoulli,bernoulli,4,completed
rep09,start_B,5,bernoulli,-37.99496109546061,75.98992219092122,,bfgs,8,True,1.064233146053084e-10,False,1.6377922586677562,bernoulli,bernoulli,4,completed
rep09,start_B,5,poisson,-72.36909840297699,144.73819680595398,,bfgs,16,True,4.484524929182499e-09,False,0.2643692077125314,bernoulli,bernoulli,4,completed
rep09,start_B,6,bernoulli,-44.94985843468133,89.89971686936266,,bfgs,7,True,2.636613150031053e-11,True,0.9510689396004038,bernoulli,bernoulli,4,completed
rep09,start_B,6,poisson,-72.22867933265962,144.45735866531925,,bfgs,12,False,1.2456425757534361e-08,False,0.28440225041663003,bernoulli,bernoulli,4,completed
rep09,start_B,7,bernoulli,-50.688910724418236,101.37782144883647,,bfgs,8,True,5.876958630857132e-09,False,0.43212769808167223,bernoulli,bernoulli,4,completed
rep09,start_B,7,poisson,-73.96630713545474,147.93261427090948,,bfgs,11,True,2.45726567982274e-09,False,0.1601616169474382,bernoulli,bernoulli,4,completed
rep09,start_B,8,bernoulli,-44.048666887086675,88.09733377417335,,bfgs,10,True,8.497252768080443e-09,False,1.2661980890823392,bernoulli,bernoulli,4,completed
rep09,start_B,8,poisson,-72.6731486271189,145.3462972542378,,bfgs,14,True,2.821316602563684e-09,False,0.2487340161062327,bernoulli,bernoulli,4,completed
rep09,start_B,3,bernoulli,-40.584034600569034,81.16806920113807,,bfgs,11,True,8.213348223762296e-10,False,1.7407188897457615,bernoulli,bernoulli,5,completed
rep09,start_B,3,poisson,-73.11415148382231,146.22830296764462,,bfgs,13,False,1.6984453754531613e-08,False,0.22069002114221156,bernoulli,bernoulli,5,completed
rep09,start_B,4,bernoulli,-47.411021513342675,94.82204302668535,,bfgs,10,True,2.788347330806573e-10,False,0.7569965525178377,bernoulli,bernoulli,5,completed
rep09,start_B,4,poisson,-74.02719734679886,148.05439469359771,,bfgs,13,False,2.493036905804047e-08,False,0.21533287505261128,bernoulli,bernoulli,5,completed
rep09,start_B,5,bernoulli,-35.96951287016307,71.93902574032614,,bfgs,8,True,3.03303249182818e-10,False,1.786981165417644,bernoulli,bernoulli,5,completed
rep09,start_B,5,poisson,-72.13933224001782,144.27866448003564,,bfgs,18,False,2.1346067313743333e-08,False,0.2900566384138827,bernoulli,bernoulli,5,completed
rep09,start_B,6,bernoulli,-43.36365415967017,86.72730831934034,,bfgs,10,True,2.523509179397365e-12,True,1.3201660988545276,bernoulli,bernoulli,5,completed
rep09,start_B,6,poisson,-71.72311845613626,143.44623691227252,,bfgs,15,True,6.384550665927691e-09,False,0.3282925412667772,bernoulli,bernoulli,5,completed
rep09,start_B,7,bernoulli,-50.06843095154902,100.13686190309804,,bfgs,10,True,1.4582113294636656e-12,True,0.622228004048292,bernoulli,bernoulli,5,completed
rep09,start_B,7,poisson,-73.98550280576296,147.97100561152592,,bfgs,12,True,5.5021676770294904e-09,False,0.14908906565309907,bernoulli,bernoulli,5,completed
rep09,start_B,8,bernoulli,-44.440089353663815,88.88017870732763,,bfgs,9,True,1.7727298518011026e-10,False,1.133868496808271,bernoulli,bernoulli,5,completed
rep09,start_B,8,poisson,-72.90934209885843,145.81868419771686,,bfgs,14,True,5.646128897751623e-10,False,0.21178139357611042,bernoulli,bernoulli,5,completed
rep10,start_B,3,bernoulli,-51.89117728669646,103.78235457339292,,bfgs,3,True,3.750130073143509e-09,False,0.10075457403821864,bernoulli,bernoulli,1,completed
rep10,start_B,3,poisson,-74.91914239460448,149.83828478920896,,bfgs,4,True,8.837375276016246e-13,True,0.04662126290883019,bernoulli,bernoulli,1,completed
rep10,start_B,4,bernoulli,-49.52755917501285,99.0551183500257,,bfgs,4,True,1.5344916004522701e-09,False,0.5344367572720455,bernoulli,bernoulli,1,completed
rep10,start_B,4,poisson,-74.59150625264208,149.18301250528415,,bfgs,5,True,2.5051072327642033e-13,True,0.1029574436733315,bernoulli,bernoulli,1,completed
rep10,start_B,5,bernoulli,-51.89890511012449,103.79781022024898,,bfgs,3,True,5.404785508034138e-11,True,0.0965506515143381,bernoulli,bernoulli,1,completed
rep10,start_B,5,poisson,-74.92275304520851,149.84550609041702,,bfgs,4,True,2.1405099914773018e-13,True,0.04556499991083322,bernoulli,bernoulli,1,completed
rep10,start_B,6,bernoulli,-49.51094034845868,99.02188069691736,,bfgs,3,True,3.4700953221999955e-11,True,0.5363972307940817,bernoulli,bernoulli,1,completed
rep10,start_B,6,poisson,-74.17171117813973,148.34342235627946,,bfgs,4,True,6.178181299887342e-11,True,0.14982428686280344,bernoulli,bernoulli,1,completed
rep10,start_B,7,bernoulli,-51.96183350400209,103.92366700800417,,bfgs,3,True,1.6875389974302379e-15,True,0.05083318422493013,bernoulli,bernoulli,1,completed
rep10,start_B,7,poisson,-74.99728734013041,149.99457468026083,,bfgs,4,True,1.519679937445062e-11,True,0.008512231075176525,bernoulli,bernoulli,1,completed
rep10,start_B,8,bernoulli,-51.72855329105727,103.45710658211453,,bfgs,3,False,2.551174622666963e-08,False,0.16645947287561605,bernoulli,bernoulli,1,completed
rep10,start_B,8,poisson,-74.98477936699446,149.96955873398892,,bfgs,5,True,5.329070518200751e-16,True,0.02010340258928628,bernoulli,bernoulli,1,completed
rep10,start_B,3,bernoulli,-49.66471150281696,99.32942300563391,,bfgs,6,True,9.186752691903166e-10,False,0.5652219700492955,bernoulli,bernoulli,2,completed
rep10,start_B,3,poisson,-73.71154591874931,147.42309183749862,,bfgs,6,True,1.1181899850498667e-11,True,0.20474102805022837,bernoulli,bernoulli,2,completed
rep10,start_B,4,bernoulli,-49.4664661824146,98.9329323648292,,bfgs,5,True,1.9641759330113472e-10,False,0.5244893514355033,bernoulli,bernoulli,2,completed
rep10,start_B,4,poisson,-74.65404549982304,149.30809099964608,,bfgs,6,True,5.086113752383881e-11,True,0.0886350722148709,bernoulli,bernoulli,2,completed
rep10,start_B,5,bernoulli,-48.81654979910472,97.63309959820944,,bfgs,5,False,3.2987429143815915e-08,False,0.6637152636953898,bernoulli,bernoulli,2,completed
rep10,start_B,5,poisson,-74.65135833705607,149.30271667411213,,bfgs,9,True,6.880203073933444e-11,True,0.09631245191181298,bernoulli,bernoulli,2,completed
rep10,start_B,6,bernoulli,-45.47390116551414,90.94780233102829,,bfgs,6,True,3.970645678919027e-09,False,0.949585000838077,bernoulli,bernoulli,2,completed
rep10,start_B,6,poisson,-73.77395861722599,147.54791723445197,,bfgs,9,True,2.3527135795120558e-11,True,0.16851239618109476,bernoulli,bernoulli,2,completed
rep10,start_B,7,bernoulli,-50.6716332713351,101.3432665426702,,bfgs,5,True,5.192744012560979e-11,True,0.41848466857039873,bernoulli,bernoulli,2,completed
rep10,start_B,7,poisson,-74.96142328486292,149.92284656972583,,bfgs,7,True,6.969091970177032e-13,True,0.034045130543680885,bernoulli,bernoulli,2,completed
rep10,start_B,8,bernoulli,-51.42784210369526,102.85568420739052,,bfgs,6,True,2.9043434324194095e-13,True,0.2590988938785027,bernoulli,bernoulli,2,completed
rep10,start_B,8,poisson,-74.98741857348865,149.9748371469773,,bfgs,7,True,3.516212210286085e-10,False,0.018149576716139728,bernoulli,bernoulli,2,completed
rep10,start_B,3,bernoulli,-46.7461347401488,93.4922694802976,,bfgs,7,True,1.2041862174072548e-09,False,0.8882589037012039,bernoulli,bernoulli,3,completed
rep10,start_B,3,poisson,-73.17092575043638,146.34185150087276,,bfgs,10,True,1.1094145602186246e-10,False,0.23378897547387642,bernoulli,bernoulli,3,completed
rep10,start_B,4,bernoulli,-49.03873351145423,98.07746702290846,,bfgs,6,True,6.632916438320535e-13,True,0.5651461413624345,bernoulli,bernoulli,3,completed
rep10,start_B,4,poisson,-74.2501866798825,148.500373359765,,bfgs,9,True,5.028345739788165e-10,False,0.1517629934898049,bernoulli,bernoulli,3,completed
rep10,start_B,5,bernoulli,-47.14547263310864,94.29094526621728,,bfgs,7,True,1.6253665080512292e-14,True,0.8381691558364041,bernoulli,bernoulli,3,completed
rep10,start_B,5,poisson,-74.47288220897227,148.94576441794453,,bfgs,11,False,1.1410876066264564e-08,False,0.1189668982186679,bernoulli,bernoulli,3,completed
rep10,start_B,6,bernoulli,-45.52602118420897,91.05204236841794,,bfgs,7,True,5.855544382704637e-11,True,0.874435616252737,bernoulli,bernoulli,3,completed
rep10,start_B,6,poisson,-73.15970711755004,146.31941423510008,,bfgs,11,True,1.1038203684421433e-11,True,0.22623593516663537,bernoulli,bernoulli,3,completed
rep10,start_B,7,bernoulli,-48.58595864060561,97.17191728121122,,bfgs,6,True,6.729645729564026e-11,True,0.7499561168297793,bernoulli,bernoulli,3,completed
rep10,start_B,7,poisson,-74.95463582756864,149.90927165513727,,bfgs,11,True,3.616454358201793e-11,True,0.038088361169732396,bernoulli,bernoulli,3,completed
rep10,start_B,8,bernoulli,-45.20638955465031,90.41277910930062,,bfgs,7,True,2.0493964858481206e-09,False,1.1630335535982501,bernoulli,bernoulli,3,completed
rep10,start_B,8,poisson,-74.84651225592452,149.69302451184905,,bfgs,12,True,6.764735022146695e-10,False,0.07155318889863084,bernoulli,bernoulli,3,completed
rep10,start_B,3,bernoulli,-44.94959659284108,89.89919318568217,,bfgs,7,False,2.5445869822338095e-08,False,1.0614581203757165,bernoulli,bernoulli,4,completed
rep10,start_B,3,poisson,-72.84814223658637,145.69628447317274,,bfgs,13,True,2.7223996112990536e-10,False,0.2512413117084407,bernoulli,bernoulli,4,completed
rep10,start_B,4,bernoulli,-49.21796413945416,98.43592827890832,,bfgs,9,True,3.1956162160895476e-10,False,0.508663557816446,bernoulli,bernoulli,4,completed
rep10,start_B,4,poisson,-74.28729019697072,148.57458039394143,,bfgs,13,True,5.641498823649727e-10,False,0.13516461214773623,bernoulli,bernoulli,4,completed
rep10,start_B,5,bernoulli,-47.19350789180989,94.38701578361977,,bfgs,9,True,4.5166261841700363e-10,False,0.7918842935598295,bernoulli,bernoulli,4,completed
rep10,start_B,5,poisson,-74.49486184336817,148.98972368673634,,bfgs,13,True,1.981000487261131e-09,False,0.11506683543892698,bernoulli,bernoulli,4,completed
rep10,start_B,6,bernoulli,-44.76316341101903,89.52632682203806,,bfgs,9,True,6.95131618932976e-11,True,0.8853552226435453,bernoulli,bernoulli,4,completed
rep10,start_B,6,poisson,-73.05421183667163,146.10842367334325,,bfgs,12,True,9.287401847579702e-10,False,0.20943013655315765,bernoulli,bernoulli,4,completed
rep10,start_B,7,bernoulli,-47.231019841467074,94.46203968293415,,bfgs,8,True,2.2446160485856125e-10,False,0.982000629365914,bernoulli,bernoulli,4,completed
rep10,start_B,7,poisson,-74.26278221061243,148.52556442122486,,bfgs,12,True,5.69579538395315e-10,False,0.19525829933326697,bernoulli,bernoulli,4,completed
rep10,start_B,8,bernoulli,-45.60750275007607,91.21500550015215,,bfgs,9,True,6.315339362572558e-11,True,0.9999793499714318,bernoulli,bernoulli,4,completed
rep10,start_B,8,poisson,-74.84788106423629,149.69576212847258,,bfgs,12,True,6.603574631558473e-12,True,0.06684783273678105,bernoulli,bernoulli,4,completed
rep10,start_B,3,bernoulli,-45.17720395728382,90.35440791456764,,bfgs,11,True,1.7703172261462897e-12,True,1.0208510975351839,bernoulli,bernoulli,5,completed
rep10,start_B,3,poisson,-73.092660805718,146.185321611436,,bfgs,13,False,1.2380228193720199e-07,False,0.2224971274894144,bernoulli,bernoulli,5,completed
rep10,start_B,4,bernoulli,-47.85670772692917,95.71341545385835,,bfgs,8,True,7.062173068561606e-10,False,0.6767294621747744,bernoulli,bernoulli,5,completed
rep10,start_B,4,poisson,-73.23144116938552,146.46288233877104,,bfgs,15,True,3.586383856557518e-09,False,0.2602541938965283,bernoulli,bernoulli,5,completed
rep10,start_B,5,bernoulli,-44.743560081499034,89.48712016299807,,bfgs,9,True,3.681126514720745e-11,True,1.0929907312918457,bernoulli,bernoulli,5,completed
rep10,start_B,5,poisson,-72.62238813499484,145.24477626998967,,bfgs,15,True,4.291752842000562e-10,False,0.32914685496630275,bernoulli,bernoulli,5,completed
rep10,start_B,6,bernoulli,-40.976338149464326,81.95267629892865,,bfgs,10,True,6.3384841153535375e-09,False,1.3949271864976671,bernoulli,bernoulli,5,completed
rep10,start_B,6,poisson,-72.87990651451248,145.75981302902497,,bfgs,14,True,8.336766776917415e-10,False,0.2106165379715162,bernoulli,bernoulli,5,completed
rep10,start_B,7,bernoulli,-42.50589392819789,85.01178785639578,,bfgs,9,True,3.4552385397290666e-10,False,1.535495959063244,bernoulli,bernoulli,5,completed
rep10,start_B,7,poisson,-74.44425093132527,148.88850186265054,,bfgs,17,True,3.119660613171149e-09,False,0.16144406997681918,bernoulli,bernoulli,5,completed
rep10,start_B,8,bernoulli,-45.77029514587522,91.54059029175043,,bfgs,9,True,1.184776721174785e-11,True,0.9524731566033698,bernoulli,bernoulli,5,completed
rep10,start_B,8,poisson,-74.62955453278923,149.25910906557846,,bfgs,13,True,3.378727098796164e-09,False,0.1270748473908466,bernoulli,bernoulli,5,completed
rep11,start_B,3,bernoulli,-49.328614656847094,98.65722931369419,,bfgs,3,True,4.1985609655625925e-09,False,0.5661860626647647,bernoulli,bernoulli,1,completed
rep11,start_B,3,poisson,-73.6167608206667,147.2335216413334,,bfgs,5,True,5.289990667733946e-13,True,0.19155408431737198,bernoulli,bernoulli,1,completed
rep11,start_B,4,bernoulli,-51.89729503029605,103.7945900605921,,bfgs,4,True,3.730349362740526e-15,True,0.0974903403240282,bernoulli,bernoulli,1,completed
rep11,start_B,4,poisson,-74.72373562150236,149.4474712430047,,bfgs,4,True,2.0623502905436907e-13,True,0.0860712550637053,bernoulli,bernoulli,1,completed
rep11,start_B,5,bernoulli,-51.948915963831666,103.89783192766333,,bfgs,3,True,4.98810770466207e-11,True,0.06297975778414677,bernoulli,bernoulli,1,completed
rep11,start_B,5,poisson,-74.77634535637988,149.55269071275976,,bfgs,3,True,1.4921397450962105e-14,True,0.07744415092353779,bernoulli,bernoulli,1,completed
rep11,start_B,6,bernoulli,-51.95334765696081,103.90669531392162,,bfgs,4,True,1.7763568394002506e-16,True,0.05909508653145729,bernoulli,bernoulli,1,completed
rep11,start_B,6,poisson,-74.91835154877137,149.83670309754274,,bfgs,4,True,7.080913633217278e-12,True,0.046769227324632616,bernoulli,bernoulli,1,completed
rep11,start_B,7,bernoulli,-51.93722860945768,103.87445721891535,,bfgs,4,True,2.220446049250313e-16,True,0.07223568155348484,bernoulli,bernoulli,1,completed
rep11,start_B,7,poisson,-74.76275703166179,149.52551406332358,,bfgs,4,True,3.3750779948604757e-15,True,0.0797623683896165,bernoulli,bernoulli,1,completed
rep11,start_B,8,bernoulli,-49.740288685505064,99.48057737101013,,bfgs,4,True,2.1939339234222643e-11,True,0.5154836948735071,bernoulli,bernoulli,1,completed
rep11,start_B,8,poisson,-73.75883152734232,147.51766305468465,,bfgs,5,True,4.725109192804666e-13,True,0.18161969450595017,bernoulli,bernoulli,1,completed
rep11,start_B,3,bernoulli,-45.48249531292932,90.96499062585865,,bfgs,6,True,5.769718036674476e-13,True,0.9589462832604828,bernoulli,bernoulli,2,completed
rep11,start_B,3,poisson,-71.75387014157532,143.50774028315064,,bfgs,9,True,3.2018902418329274e-09,False,0.30811461249629135,bernoulli,bernoulli,2,completed
rep11,start_B,4,bernoulli,-50.212648002596765,100.42529600519353,,bfgs,5,True,3.2231994850917543e-13,True,0.4916051073673634,bernoulli,bernoulli,2,completed
rep11,start_B,4,poisson,-73.57174089286146,147.1434817857229,,bfgs,6,True,8.631644288215057e-11,True,0.21226832651070426,bernoulli,bernoulli,2,completed
rep11,start_B,5,bernoulli,-51.81600186061017,103.63200372122034,,bfgs,5,True,3.757557598405015e-11,True,0.14256644729831947,bernoulli,bernoulli,2,completed
rep11,start_B,5,poisson,-74.41456356391822,148.82912712783644,,bfgs,7,True,3.928996017421582e-12,True,0.13256349716781696,bernoulli,bernoulli,2,completed
rep11,start_B,6,bernoulli,-49.32567282788748,98.65134565577496,,bfgs,6,True,1.1063494564922394e-11,True,0.6161052180951906,bernoulli,bernoulli,2,completed
rep11,start_B,6,poisson,-73.33635049364584,146.67270098729168,,bfgs,6,True,1.0146340712058333e-11,True,0.23142004783075884,bernoulli,bernoulli,2,completed
rep11,start_B,7,bernoulli,-49.576754068235594,99.15350813647119,,bfgs,6,True,5.814517090030336e-10,False,0.5762396762600831,bernoulli,bernoulli,2,completed
rep11,start_B,7,poisson,-74.62529571949263,149.25059143898525,,bfgs,8,True,4.1278853668558214e-10,False,0.09445259441824887,bernoulli,bernoulli,2,completed
rep11,start_B,8,bernoulli,-49.08535988763761,98.17071977527522,,bfgs,6,True,1.155076034820013e-13,True,0.5865474893379764,bernoulli,bernoulli,2,completed
rep11,start_B,8,poisson,-74.05223747143116,148.1044749428623,,bfgs,10,True,2.1227464230832992e-14,True,0.14509980402545636,bernoulli,bernoulli,2,completed
rep11,start_B,3,bernoulli,-44.93843703177558,89.87687406355116,,bfgs,6,True,3.3778135843931525e-11,True,0.9873509127996483,bernoulli,bernoulli,3,completed
rep11,start_B,3,poisson,-71.57345463511115,143.1469092702223,,bfgs,11,True,2.8518953865130924e-11,True,0.3081217003047488,bernoulli,bernoulli,3,completed
rep11,start_B,4,bernoulli,-46.94327968862176,93.88655937724351,,bfgs,7,True,2.632443152350561e-11,True,0.8740639618887335,bernoulli,bernoulli,3,completed
rep11,start_B,4,poisson,-72.16231325984131,144.32462651968262,,bfgs,12,True,2.8667157536688136e-11,True,0.3047965166611201,bernoulli,bernoulli,3,completed
rep11,start_B,5,bernoulli,-50.247603716197965,100.49520743239593,,bfgs,6,True,2.9909604792877076e-09,False,0.4775319605268993,bernoulli,bernoulli,3,completed
rep11,start_B,5,poisson,-74.21263092397149,148.42526184794298,,bfgs,7,True,3.702310291675559e-10,False,0.14989522042118103,bernoulli,bernoulli,3,completed
rep11,start_B,6,bernoulli,-42.34121778895316,84.68243557790632,,bfgs,7,True,1.3359180428551554e-11,True,1.3301176644772004,bernoulli,bernoulli,3,completed
rep11,start_B,6,poisson,-72.5521835512239,145.1043671024478,,bfgs,9,True,2.000033472171481e-12,True,0.2729445029833968,bernoulli,bernoulli,3,completed
rep11,start_B,7,bernoulli,-49.994608688542016,99.98921737708403,,bfgs,8,True,1.3763168382752156e-11,True,0.5038665231976607,bernoulli,bernoulli,3,completed
rep11,start_B,7,poisson,-74.6611005083382,149.3222010166764,,bfgs,11,True,2.3001116566945256e-10,False,0.09198409806939103,bernoulli,bernoulli,3,completed
rep11,start_B,8,bernoulli,-47.30763507000908,94.61527014001815,,bfgs,7,True,1.3169243473498682e-11,True,0.7728582030920461,bernoulli,bernoulli,3,completed
rep11,start_B,8,poisson,-73.15801443760122,146.31602887520245,,bfgs,11,False,1.2199405599044866e-07,False,0.218222789135786,bernoulli,bernoulli,3,completed
rep11,start_B,3,bernoulli,-44.5818960740804,89.1637921481608,,bfgs,8,True,3.025024675196164e-13,True,0.9226156340566743,bernoulli,bernoulli,4,completed
rep11,start_B,3,poisson,-71.10192746050659,142.20385492101317,,bfgs,13,False,1.2285234296527392e-08,False,0.30169062943733366,bernoulli,bernoulli,4,completed
rep11,start_B,4,bernoulli,-46.02506631166575,92.0501326233315,,bfgs,8,True,6.024082899180883e-11,True,0.9220835210632083,bernoulli,bernoulli,4,completed
rep11,start_B,4,poisson,-71.77225827524677,143.54451655049354,,bfgs,13,True,2.7077984299239687e-11,True,0.30089549935168647,bernoulli,bernoulli,4,completed
rep11,start_B,5,bernoulli,-49.906273759500195,99.81254751900039,,bfgs,9,True,1.7076606795285442e-11,True,0.5040948996020134,bernoulli,bernoulli,4,completed
rep11,start_B,5,poisson,-74.08464360266046,148.16928720532093,,bfgs,10,True,2.2079497952187664e-12,True,0.150862442270777,bernoulli,bernoulli,4,completed
rep11,start_B,6,bernoulli,-42.34490217527495,84.6898043505499,,bfgs,8,True,9.266181155709319e-11,True,1.206900043826804,bernoulli,bernoulli,4,completed
rep11,start_B,6,poisson,-72.05321137213775,144.1064227442755,,bfgs,9,False,5.843905941660399e-08,False,0.28325785159966144,bernoulli,bernoulli,4,completed
rep11,start_B,7,bernoulli,-48.967722936687366,97.93544587337473,,bfgs,8,True,1.6679131131791536e-09,False,0.6358830691353594,bernoulli,bernoulli,4,completed
rep11,start_B,7,poisson,-74.31813195202146,148.63626390404292,,bfgs,13,True,9.44372058331311e-10,False,0.1607294180317649,bernoulli,bernoulli,4,completed
rep11,start_B,8,bernoulli,-46.52520484703561,93.05040969407122,,bfgs,9,True,4.80349626741372e-10,False,0.856380516619586,bernoulli,bernoulli,4,completed
rep11,start_B,8,poisson,-72.96277891768769,145.92555783537537,,bfgs,13,False,1.0021532326209837e-08,False,0.21469194108153938,bernoulli,bernoulli,4,completed
rep11,start_B,3,bernoulli,-44.82459556289457,89.64919112578914,,bfgs,11,True,2.607406512922239e-11,True,0.9476960464994844,bernoulli,bernoulli,5,completed
rep11,start_B,3,poisson,-71.02086959532005,142.0417391906401,,bfgs,16,True,2.4915069340991634e-09,False,0.32901244387392886,bernoulli,bernoulli,5,completed
rep11,start_B,4,bernoulli,-46.459929419147365,92.91985883829473,,bfgs,10,True,5.217848375593803e-12,True,0.8405927865653176,bernoulli,bernoulli,5,completed
rep11,start_B,4,poisson,-71.62129591963661,143.24259183927322,,bfgs,12,False,4.802949185478411e-07,False,0.3104058177277532,bernoulli,bernoulli,5,completed
rep11,start_B,5,bernoulli,-49.8352447315834,99.6704894631668,,bfgs,8,False,7.268028296980589e-08,False,0.5773523265193014,bernoulli,bernoulli,5,completed
rep11,start_B,5,poisson,-73.7133087142121,147.4266174284242,,bfgs,11,True,8.599251893892657e-10,False,0.22365007428059205,bernoulli,bernoulli,5,completed
rep11,start_B,6,bernoulli,-43.54179083263758,87.08358166527516,,bfgs,9,True,2.4574231538565527e-12,True,1.0539605269540337,bernoulli,bernoulli,5,completed
rep11,start_B,6,poisson,-72.52635340222913,145.05270680445827,,bfgs,15,True,7.091725984231801e-10,False,0.24885691315348024,bernoulli,bernoulli,5,completed
rep11,start_B,7,bernoulli,-42.764675373399825,85.52935074679965,,bfgs,9,True,2.0467716410621505e-11,True,1.6219541871370131,bernoulli,bernoulli,5,completed
rep11,start_B,7,poisson,-72.99917323320133,145.99834646640267,,bfgs,15,True,1.9925013861055163e-10,False,0.32690271181848013,bernoulli,bernoulli,5,completed
rep11,start_B,8,bernoulli,-41.246640019732936,82.49328003946587,,bfgs,10,True,4.616782578459322e-09,False,1.6435145924471315,bernoulli,bernoulli,5,completed
rep11,start_B,8,poisson,-70.88696695500181,141.77393391000362,,bfgs,14,True,4.687382038071064e-10,False,0.4198981033354316,bernoulli,bernoulli,5,completed
rep12,start_B,3,bernoulli,-51.80372927032359,103.60745854064719,,bfgs,4,True,3.3750779948604757e-15,True,0.13994517095147915,bernoulli,bernoulli,1,completed
rep12,start_B,3,poisson,-74.98229130883082,149.96458261766165,,bfgs,5,True,7.438494264988549e-15,True,0.021803701052900658,bernoulli,bernoulli,1,completed
rep12,start_B,4,bernoulli,-51.151140965301806,102.30228193060361,,bfgs,4,True,1.3287149158713873e-13,True,0.3033300911282659,bernoulli,bernoulli,1,completed
rep12,start_B,4,poisson,-74.34799494186477,148.69598988372954,,bfgs,4,True,9.71134284100117e-13,True,0.13390765352779596,bernoulli,bernoulli,1,completed
rep12,start_B,5,bernoulli,-49.36365170759312,98.72730341518624,,bfgs,3,True,3.3650771058546526e-11,True,0.5571093700916656,bernoulli,bernoulli,1,completed
rep12,start_B,5,poisson,-73.66613122821103,147.33226245642206,,bfgs,4,True,2.5849455909110476e-11,True,0.19207820408875823,bernoulli,bernoulli,1,completed
rep12,start_B,6,bernoulli,-51.81332424294029,103.62664848588058,,bfgs,4,True,5.329070518200751e-16,True,0.13618728808603295,bernoulli,bernoulli,1,completed
rep12,start_B,6,poisson,-74.98074352712425,149.9614870542485,,bfgs,5,True,1.7319479184152442e-15,True,0.022739692114696484,bernoulli,bernoulli,1,completed
rep12,start_B,7,bernoulli,-51.40163946922003,102.80327893844006,,bfgs,4,True,2.9753977059954196e-15,True,0.25253312171378967,bernoulli,bernoulli,1,completed
rep12,start_B,7,poisson,-74.99879697543807,149.99759395087614,,bfgs,5,True,2.7924329515371935e-13,True,0.005658766349481484,bernoulli,bernoulli,1,completed
rep12,start_B,8,bernoulli,-46.69818974501447,93.39637949002893,,bfgs,4,True,2.2209745154100347e-11,True,0.8361081651490304,bernoulli,bernoulli,1,completed
rep12,start_B,8,poisson,-72.82279992023487,145.64559984046974,,bfgs,6,True,3.765876499528531e-14,True,0.2455383422578181,bernoulli,bernoulli,1,completed
rep12,start_B,3,bernoulli,-51.70248401144122,103.40496802288244,,bfgs,5,True,3.5519143182227707e-12,True,0.1787641492987589,bernoulli,bernoulli,2,completed
rep12,start_B,3,poisson,-74.85090745068558,149.70181490137116,,bfgs,6,True,1.555174655720748e-10,False,0.06542687051542813,bernoulli,bernoulli,2,completed
rep12,start_B,4,bernoulli,-49.46432397263734,98.92864794527468,,bfgs,6,True,1.137778493642827e-09,False,0.5767736280308053,bernoulli,bernoulli,2,completed
rep12,start_B,4,poisson,-72.9290533710766,145.8581067421532,,bfgs,6,True,5.1008974821797895e-12,True,0.24750169675773512,bernoulli,bernoulli,2,completed
rep12,start_B,5,bernoulli,-47.39942738465951,94.79885476931902,,bfgs,6,True,9.984235660454033e-12,True,0.7877341244276985,bernoulli,bernoulli,2,completed
rep12,start_B,5,poisson,-72.03440415476193,144.06880830952386,,bfgs,6,True,2.1485128343101677e-09,False,0.2954208413592579,bernoulli,bernoulli,2,completed
rep12,start_B,6,bernoulli,-51.73196733647605,103.4639346729521,,bfgs,5,True,9.471383677350787e-11,True,0.16914147604668128,bernoulli,bernoulli,2,completed
rep12,start_B,6,poisson,-74.83967661303402,149.67935322606803,,bfgs,5,False,1.1179316068421485e-06,False,0.0678488318010759,bernoulli,bernoulli,2,completed
rep12,start_B,7,bernoulli,-48.018520995290906,96.03704199058181,,bfgs,6,True,3.119213776159313e-10,False,0.7634618991224712,bernoulli,bernoulli,2,completed
rep12,start_B,7,poisson,-74.77023522600905,149.5404704520181,,bfgs,9,True,1.5697665389780014e-12,True,0.08255548908109639,bernoulli,bernoulli,2,completed
rep12,start_B,8,bernoulli,-46.12452934806281,92.24905869612562,,bfgs,5,True,7.587530603814229e-12,True,0.8789425536154014,bernoulli,bernoulli,2,completed
rep12,start_B,8,poisson,-71.63104963209477,143.26209926418954,,bfgs,7,True,1.458156262401644e-10,False,0.312483146369411,bernoulli,bernoulli,2,completed
rep12,start_B,3,bernoulli,-50.784757277140415,101.56951455428083,,bfgs,5,False,1.6398351831981018e-08,False,0.3666068062043418,bernoulli,bernoulli,3,completed
rep12,start_B,3,poisson,-74.40997028074523,148.81994056149045,,bfgs,8,True,2.644506835736138e-11,True,0.13963222002432793,bernoulli,bernoulli,3,completed
rep12,start_B,4,bernoulli,-46.56088089823077,93.12176179646154,,bfgs,6,True,2.821857414403439e-09,False,0.8405359415101643,bernoulli,bernoulli,3,completed
rep12,start_B,4,poisson,-72.7009788348072,145.4019576696144,,bfgs,12,True,3.2152058793144536e-14,True,0.24414175977392266,bernoulli,bernoulli,3,completed
rep12,start_B,5,bernoulli,-47.4618285605665,94.923657121133,,bfgs,7,True,1.621505152371583e-11,True,0.7288786106823251,bernoulli,bernoulli,3,completed
rep12,start_B,5,poisson,-72.33580262195736,144.6716052439147,,bfgs,11,True,4.868091707521671e-10,False,0.26762239561336604,bernoulli,bernoulli,3,completed
rep12,start_B,6,bernoulli,-46.8680108876333,93.7360217752666,,bfgs,7,True,9.090950214840631e-13,True,0.8910438377910519,bernoulli,bernoulli,3,completed
rep12,start_B,6,poisson,-74.4169596231216,148.8339192462432,,bfgs,9,True,2.9284912272942164e-10,False,0.131180693070538,bernoulli,bernoulli,3,completed
rep12,start_B,7,bernoulli,-47.38536418621409,94.77072837242818,,bfgs,6,True,5.6604779086200095e-09,False,0.7872283465607013,bernoulli,bernoulli,3,completed
rep12,start_B,7,poisson,-74.55814634745389,149.11629269490777,,bfgs,10,True,6.586831524657555e-10,False,0.10975302348749347,bernoulli,bernoulli,3,completed
rep12,start_B,8,bernoulli,-44.9290786714938,89.8581573429876,,bfgs,7,True,3.637445900039893e-12,True,0.969346758939885,bernoulli,bernoulli,3,completed
rep12,start_B,8,poisson,-71.0922863571794,142.1845727143588,,bfgs,11,False,3.784612651047681e-08,False,0.34005952811040996,bernoulli,bernoulli,3,completed
rep12,start_B,3,bernoulli,-50.742710255730046,101.48542051146009,,bfgs,7,True,2.9225022402101786e-10,False,0.4223866034393564,bernoulli,bernoulli,4,completed
rep12,start_B,3,poisson,-74.23223987444727,148.46447974889455,,bfgs,9,True,1.0484750845307645e-10,False,0.17240944427457108,bernoulli,bernoulli,4,completed
rep12,start_B,4,bernoulli,-46.92679811607959,93.85359623215918,,bfgs,10,True,4.1445069598466945e-12,True,0.7549578231366881,bernoulli,bernoulli,4,completed
rep12,start_B,4,poisson,-72.77116537676417,145.54233075352835,,bfgs,13,True,6.686100562092179e-10,False,0.2265456703786904,bernoulli,bernoulli,4,completed
rep12,start_B,5,bernoulli,-47.14990654798034,94.29981309596069,,bfgs,8,True,3.6277203463441765e-11,True,0.7068806781137041,bernoulli,bernoulli,4,completed
rep12,start_B,5,poisson,-72.31007721399925,144.6201544279985,,bfgs,9,True,6.181011258377112e-11,True,0.25390448076596794,bernoulli,bernoulli,4,completed
rep12,start_B,6,bernoulli,-45.78168685219862,91.56337370439724,,bfgs,7,True,1.7014648356905583e-09,False,0.9960304254767366,bernoulli,bernoulli,4,completed
rep12,start_B,6,poisson,-73.80298118590046,147.60596237180093,,bfgs,12,True,8.70493899185476e-10,False,0.2094040455724708,bernoulli,bernoulli,4,completed
rep12,start_B,7,bernoulli,-43.72291986698908,87.44583973397816,,bfgs,8,True,1.1096189744819184e-09,False,1.3105102077145045,bernoulli,bernoulli,4,completed
rep12,start_B,7,poisson,-74.09837055823394,148.19674111646788,,bfgs,11,False,2.2455715154023893e-08,False,0.18144860242916533,bernoulli,bernoulli,4,completed
rep12,start_B,8,bernoulli,-43.150551022075724,86.30110204415145,,bfgs,9,True,2.7259083879016543e-12,True,1.2613746389591025,bernoulli,bernoulli,4,completed
rep12,start_B,8,poisson,-70.55893748641745,141.1178749728349,,bfgs,11,True,2.2247519049223285e-09,False,0.374634711102847,bernoulli,bernoulli,4,completed
rep12,start_B,3,bernoulli,-51.0342068344453,102.0684136688906,,bfgs,10,True,3.7828939980499854e-10,False,0.30158290983780583,bernoulli,bernoulli,5,completed
rep12,start_B,3,poisson,-74.41188816787593,148.82377633575186,,bfgs,11,True,8.652314420487527e-11,True,0.13035733840934607,bernoulli,bernoulli,5,completed
rep12,start_B,4,bernoulli,-45.780404788711344,91.56080957742269,,bfgs,10,True,3.1915075027200145e-10,False,0.8357319154895445,bernoulli,bernoulli,5,completed
rep12,start_B,4,poisson,-71.94073870369705,143.8814774073941,,bfgs,15,False,3.5449952662247596e-08,False,0.2786814629575783,bernoulli,bernoulli,5,completed
rep12,start_B,5,bernoulli,-46.1623876695377,92.3247753390754,,bfgs,10,True,8.247744709422023e-11,True,0.8309080716290378,bernoulli,bernoulli,5,completed
rep12,start_B,5,poisson,-72.20986910112188,144.41973820224376,,bfgs,16,False,1.661247281958822e-08,False,0.24109751323441922,bernoulli,bernoulli,5,completed
rep12,start_B,6,bernoulli,-42.63472502416747,85.26945004833495,,bfgs,10,True,4.807576559073823e-12,True,1.4315532788896395,bernoulli,bernoulli,5,completed
rep12,start_B,6,poisson,-72.7235950907736,145.4471901815472,,bfgs,13,False,2.0875956252552896e-08,False,0.3000106070283129,bernoulli,bernoulli,5,completed
rep12,start_B,7,bernoulli,-45.97247468730544,91.94494937461089,,bfgs,9,True,1.1215206541237422e-11,True,0.9382920221191631,bernoulli,bernoulli,5,completed
rep12,start_B,7,poisson,-74.4118087985957,148.8236175971914,,bfgs,13,False,3.5183864177668055e-08,False,0.13225747774469038,bernoulli,bernoulli,5,completed
rep12,start_B,8,bernoulli,-41.85010018901259,83.70020037802519,,bfgs,9,True,2.5980328999253288e-11,True,1.3084836384052858,bernoulli,bernoulli,5,completed
rep12,start_B,8,poisson,-70.08300352522392,140.16600705044783,,bfgs,14,True,1.9259299155471865e-10,False,0.3668356525844234,bernoulli,bernoulli,5,completed
rep13,start_B,3,bernoulli,-49.301141715400504,98.60228343080101,,bfgs,3,True,6.49739817504269e-11,True,0.5659828079703159,bernoulli,bernoulli,1,completed
rep13,start_B,3,poisson,-73.28343247445164,146.5668649489033,,bfgs,4,True,4.1461944988441244e-12,True,0.2211577187960346,bernoulli,bernoulli,1,completed
rep13,start_B,4,bernoulli,-50.88469352084908,101.76938704169817,,bfgs,3,True,9.297659753215726e-09,False,0.3505944607015058,bernoulli,bernoulli,1,completed
rep13,start_B,4,poisson,-73.96434002149772,147.92868004299544,,bfgs,4,True,1.6273093983443232e-13,True,0.17099684182809297,bernoulli,bernoulli,1,completed
rep13,start_B,5,bernoulli,-50.24389003530165,100.4877800706033,,bfgs,4,True,1.3598899784028617e-12,True,0.44688814838217544,bernoulli,bernoulli,1,completed
rep13,start_B,5,poisson,-73.67060342576755,147.3412068515351,,bfgs,4,True,1.077582467701177e-12,True,0.19418748229923996,bernoulli,bernoulli,1,completed
rep13,start_B,6,bernoulli,-51.98176266891257,103.96352533782515,,bfgs,3,True,1.3348167016147273e-11,True,0.02135819468894884,bernoulli,bernoulli,1,completed
rep13,start_B,6,poisson,-74.73150745120418,149.46301490240836,,bfgs,4,True,3.919300439747531e-11,True,0.08605247303195496,bernoulli,bernoulli,1,completed
rep13,start_B,7,bernoulli,-49.51298460978474,99.02596921956948,,bfgs,3,True,3.659161862401561e-12,True,0.5407432911825705,bernoulli,bernoulli,1,completed
rep13,start_B,7,poisson,-73.36704212974182,146.73408425948364,,bfgs,4,True,3.7307656963747604e-12,True,0.21561348443259315,bernoulli,bernoulli,1,completed
rep13,start_B,8,bernoulli,-51.56382072309911,103.12764144619823,,bfgs,4,True,1.9880008750305934e-11,True,0.21405585099285357,bernoulli,bernoulli,1,completed
rep13,start_B,8,poisson,-74.9752182503612,149.9504365007224,,bfgs,5,True,2.1615598200241946e-12,True,0.025850770114272243,bernoulli,bernoulli,1,completed
rep13,start_B,3,bernoulli,-40.96555497148647,81.93110994297294,,bfgs,7,True,6.353347181686786e-10,False,1.4378190834280253,bernoulli,bernoulli,2,completed
rep13,start_B,3,poisson,-71.35275946367437,142.70551892734875,,bfgs,9,True,6.340647340508099e-10,False,0.32622842102679867,bernoulli,bernoulli,2,completed
rep13,start_B,4,bernoulli,-43.74214971823195,87.4842994364639,,bfgs,6,True,9.894356445272479e-11,True,1.1901846084236438,bernoulli,bernoulli,2,completed
rep13,start_B,4,poisson,-72.16229088070088,144.32458176140176,,bfgs,10,True,3.6447866946787145e-11,True,0.29132330229911846,bernoulli,bernoulli,2,completed
rep13,start_B,5,bernoulli,-49.66892533577895,99.3378506715579,,bfgs,4,True,8.484413172027416e-11,True,0.49796378623491533,bernoulli,bernoulli,2,completed
rep13,start_B,5,poisson,-73.47326809174218,146.94653618348437,,bfgs,5,True,8.458425071466991e-10,False,0.196368543396853,bernoulli,bernoulli,2,completed
rep13,start_B,6,bernoulli,-48.997384739290204,97.99476947858041,,bfgs,6,True,7.53140660947338e-11,True,0.6504339726824429,bernoulli,bernoulli,2,completed
rep13,start_B,6,poisson,-74.20928663377848,148.41857326755695,,bfgs,10,True,1.6306176599950594e-10,False,0.15054546689937248,bernoulli,bernoulli,2,completed
rep13,start_B,7,bernoulli,-49.64248233867782,99.28496467735565,,bfgs,4,False,1.3255821129654067e-08,False,0.500845489266837,bernoulli,bernoulli,2,completed
rep13,start_B,7,poisson,-73.57575977079048,147.15151954158097,,bfgs,6,True,2.846823887736605e-11,True,0.18876724279320345,bernoulli,bernoulli,2,completed
rep13,start_B,8,bernoulli,-50.04533804591241,100.09067609182482,,bfgs,5,True,4.4924064468432335e-13,True,0.48228776599764267,bernoulli,bernoulli,2,completed
rep13,start_B,8,poisson,-74.59612225005428,149.19224450010856,,bfgs,6,True,3.6930004804203166e-09,False,0.11391749913131867,bernoulli,bernoulli,2,completed
rep13,start_B,3,bernoulli,-37.424627551185644,74.84925510237129,,bfgs,7,True,8.903466852672182e-12,True,1.641719537731398,bernoulli,bernoulli,3,completed
rep13,start_B,3,poisson,-70.98723687430001,141.97447374860002,,bfgs,12,False,1.467819843448126e-08,False,0.31996576648197955,bernoulli,bernoulli,3,completed
rep13,start_B,4,bernoulli,-40.7078873963391,81.4157747926782,,bfgs,7,True,2.407536392468046e-11,True,1.3908780142834984,bernoulli,bernoulli,3,completed
rep13,start_B,4,poisson,-71.89654704022053,143.79309408044105,,bfgs,10,True,3.268908699283202e-10,False,0.28623121727772394,bernoulli,bernoulli,3,completed
rep13,start_B,5,bernoulli,-47.60838641157487,95.21677282314974,,bfgs,6,True,5.979527983868138e-11,True,0.7707615220370364,bernoulli,bernoulli,3,completed
rep13,start_B,5,poisson,-72.38888401194296,144.77776802388593,,bfgs,10,True,6.585954359650259e-09,False,0.2749857731663943,bernoulli,bernoulli,3,completed
rep13,start_B,6,bernoulli,-45.90810422736935,91.8162084547387,,bfgs,7,True,4.675371201301459e-12,True,0.9800587229855761,bernoulli,bernoulli,3,completed
rep13,start_B,6,poisson,-72.73911734620334,145.4782346924067,,bfgs,11,True,8.057217426582497e-09,False,0.2740932513122688,bernoulli,bernoulli,3,completed
rep13,start_B,7,bernoulli,-48.63492273866077,97.26984547732154,,bfgs,5,True,8.529387507394403e-09,False,0.6280608921479239,bernoulli,bernoulli,3,completed
rep13,start_B,7,poisson,-73.56490750015428,147.12981500030855,,bfgs,7,True,9.229572661695329e-10,False,0.17774294744882824,bernoulli,bernoulli,3,completed
rep13,start_B,8,bernoulli,-49.54303274144968,99.08606548289936,,bfgs,6,True,1.227873802633894e-10,False,0.5370655473267424,bernoulli,bernoulli,3,completed
rep13,start_B,8,poisson,-74.14736331101771,148.29472662203543,,bfgs,8,True,4.666056430124854e-12,True,0.16453694845212968,bernoulli,bernoulli,3,completed
rep13,start_B,3,bernoulli,-36.79611946076336,73.59223892152671,,bfgs,8,True,2.262863507684898e-12,True,1.6259868018562365,bernoulli,bernoulli,4,completed
rep13,start_B,3,poisson,-70.94512311417182,141.89024622834364,,bfgs,14,False,6.539134371763566e-08,False,0.2985546760128995,bernoulli,bernoulli,4,completed
rep13,start_B,4,bernoulli,-42.11371747874303,84.22743495748605,,bfgs,9,True,2.1861404631007274e-10,False,1.1860830614852007,bernoulli,bernoulli,4,completed
rep13,start_B,4,poisson,-72.11957811961945,144.2391562392389,,bfgs,10,True,1.6200824015655256e-11,True,0.25794032156714247,bernoulli,bernoulli,4,completed
rep13,start_B,5,bernoulli,-46.33439378280641,92.66878756561282,,bfgs,7,True,1.6307066807996762e-11,True,0.8725490657075341,bernoulli,bernoulli,4,completed
rep13,start_B,5,poisson,-71.88810334360886,143.77620668721772,,bfgs,12,True,2.8528810425143545e-10,False,0.290299432015902,bernoulli,bernoulli,4,completed
rep13,start_B,6,bernoulli,-45.59354103986642,91.18708207973285,,bfgs,8,True,4.688804899899424e-12,True,0.9227972451739179,bernoulli,bernoulli,4,completed
rep13,start_B,6,poisson,-72.54990121467445,145.0998024293489,,bfgs,11,False,4.9684194136645485e-08,False,0.2595406415660603,bernoulli,bernoulli,4,completed
rep13,start_B,7,bernoulli,-49.51797697555287,99.03595395110574,,bfgs,9,True,6.573985800173432e-12,True,0.47613843197517125,bernoulli,bernoulli,4,completed
rep13,start_B,7,poisson,-73.58346454787818,147.16692909575636,,bfgs,9,True,1.104736302437459e-11,True,0.1677663213469396,bernoulli,bernoulli,4,completed
rep13,start_B,8,bernoulli,-48.21019288706255,96.4203857741251,,bfgs,9,True,1.0103631264968271e-10,False,0.8076606993903496,bernoulli,bernoulli,4,completed
rep13,start_B,8,poisson,-73.74605171445725,147.4921034289145,,bfgs,12,True,5.311602435664753e-10,False,0.21195677610704172,bernoulli,bernoulli,4,completed
rep13,start_B,3,bernoulli,-35.37587160388258,70.75174320776516,,bfgs,9,True,2.418638789247751e-10,False,1.7800871987131568,bernoulli,bernoulli,5,completed
rep13,start_B,3,poisson,-70.65333282943925,141.3066656588785,,bfgs,17,True,7.9613454051497e-09,False,0.3032984653708199,bernoulli,bernoulli,5,completed
rep13,start_B,4,bernoulli,-40.85371562843822,81.70743125687645,,bfgs,9,True,6.935385599149413e-12,True,1.200887389880222,bernoulli,bernoulli,5,completed
rep13,start_B,4,poisson,-71.77932220354873,143.55864440709746,,bfgs,12,True,1.5968897315588037e-10,False,0.2597843610021703,bernoulli,bernoulli,5,completed
rep13,start_B,5,bernoulli,-45.698580126539184,91.39716025307837,,bfgs,9,True,1.648685632460456e-11,True,0.9699930691207685,bernoulli,bernoulli,5,completed
rep13,start_B,5,poisson,-71.39030101071955,142.7806020214391,,bfgs,15,False,2.4273153087506217e-08,False,0.3162885203980688,bernoulli,bernoulli,5,completed
rep13,start_B,6,bernoulli,-45.15429174405913,90.30858348811826,,bfgs,9,True,1.3252288155740644e-11,True,0.9839008709838974,bernoulli,bernoulli,5,completed
rep13,start_B,6,poisson,-72.43347659807941,144.86695319615882,,bfgs,13,True,5.605407404907225e-09,False,0.2566161098438837,bernoulli,bernoulli,5,completed
rep13,start_B,7,bernoulli,-45.50160227352818,91.00320454705636,,bfgs,9,True,2.2100528074275872e-10,False,1.1223202063433675,bernoulli,bernoulli,5,completed
rep13,start_B,7,poisson,-72.73516272094494,145.47032544188988,,bfgs,15,True,8.426292996688289e-10,False,0.2667692392824727,bernoulli,bernoulli,5,completed
rep13,start_B,8,bernoulli,-47.67836158743948,95.35672317487897,,bfgs,8,False,7.207932308794796e-08,False,0.8772463537064256,bernoulli,bernoulli,5,completed
rep13,start_B,8,poisson,-73.0805841235591,146.1611682471182,,bfgs,15,True,3.4294282968971855e-10,False,0.27227867274311685,bernoulli,bernoulli,5,completed
rep14,start_B,3,bernoulli,-46.31262676443028,92.62525352886055,,bfgs,5,True,1.5099033134902129e-15,True,0.883171130056866,bernoulli,bernoulli,1,completed
rep14,start_B,3,poisson,-72.62027906788714,145.24055813577428,,bfgs,6,True,6.696865284538945e-14,True,0.25697451753482164,bernoulli,bernoulli,1,completed
rep14,start_B,4,bernoulli,-51.75584143651438,103.51168287302876,,bfgs,4,True,1.4566126083082053e-14,True,0.15747036939201187,bernoulli,bernoulli,1,completed
rep14,start_B,4,poisson,-74.613167024313,149.226334048626,,bfgs,3,True,2.4166979528672526e-11,True,0.10299022203226439,bernoulli,bernoulli,1,completed
rep14,start_B,5,bernoulli,-46.792604962034275,93.58520992406855,,bfgs,4,True,4.3750780776008466e-12,True,0.8355255541627781,bernoulli,bernoulli,1,completed
rep14,start_B,5,poisson,-72.76168124973748,145.52336249947496,,bfgs,6,True,1.4992451724538115e-13,True,0.24925407453772128,bernoulli,bernoulli,1,completed
rep14,start_B,6,bernoulli,-51.000384968979446,102.00076993795889,,bfgs,4,True,5.329070518200751e-15,True,0.3311836310870527,bernoulli,bernoulli,1,completed
rep14,start_B,6,poisson,-74.226622452259,148.453244904518,,bfgs,4,True,7.300826609935029e-13,True,0.14612953395611103,bernoulli,bernoulli,1,completed
rep14,start_B,7,bernoulli,-50.77723779253841,101.55447558507682,,bfgs,4,True,2.930988785010413e-15,True,0.3685401874354315,bernoulli,bernoulli,1,completed
rep14,start_B,7,poisson,-74.13056670337099,148.26113340674198,,bfgs,4,True,2.1404655825563166e-12,True,0.15502279274943237,bernoulli,bernoulli,1,completed
rep14,start_B,8,bernoulli,-50.6753119714826,101.3506239429652,,bfgs,4,True,1.329017695894663e-09,False,0.38461447114976166,bernoulli,bernoulli,1,completed
rep14,start_B,8,poisson,-74.08809549595769,148.17619099191538,,bfgs,4,True,1.0976108910654147e-12,True,0.1587976658382812,bernoulli,bernoulli,1,completed
rep14,start_B,3,bernoulli,-42.24488031909972,84.48976063819944,,bfgs,6,True,1.3433698597964394e-13,True,1.1961543538383794,bernoulli,bernoulli,2,completed
rep14,start_B,3,poisson,-71.17217672666797,142.34435345333594,,bfgs,9,True,2.539213284080688e-11,True,0.3038043254685918,bernoulli,bernoulli,2,completed
rep14,start_B,4,bernoulli,-51.84849985583821,103.69699971167643,,bfgs,5,True,1.6209256159527285e-13,True,0.11757627347420423,bernoulli,bernoulli,2,completed
rep14,start_B,4,poisson,-74.56194493727362,149.12388987454725,,bfgs,6,True,4.547082710359973e-11,True,0.1045121045656274,bernoulli,bernoulli,2,completed
rep14,start_B,5,bernoulli,-47.41939017844056,94.83878035688112,,bfgs,6,True,7.794653811288299e-13,True,0.732844124968301,bernoulli,bernoulli,2,completed
rep14,start_B,5,poisson,-72.71826556086171,145.43653112172342,,bfgs,9,True,4.785505325344274e-13,True,0.2363609316517482,bernoulli,bernoulli,2,completed
rep14,start_B,6,bernoulli,-50.8578134649747,101.7156269299494,,bfgs,5,True,1.7257306694773434e-13,True,0.34582982656792793,bernoulli,bernoulli,2,completed
rep14,start_B,6,poisson,-73.9440526073051,147.8881052146102,,bfgs,6,True,8.943623619472874e-11,True,0.16368759089082074,bernoulli,bernoulli,2,completed
rep14,start_B,7,bernoulli,-48.79698668740785,97.5939733748157,,bfgs,4,True,4.702813871659828e-09,False,0.613855046108317,bernoulli,bernoulli,2,completed
rep14,start_B,7,poisson,-73.123759938626,146.247519877252,,bfgs,5,False,1.8464703597231846e-07,False,0.21899930654884855,bernoulli,bernoulli,2,completed
rep14,start_B,8,bernoulli,-50.77403914605647,101.54807829211293,,bfgs,6,True,2.318412128943237e-12,True,0.3730313777743696,bernoulli,bernoulli,2,completed
rep14,start_B,8,poisson,-74.26712875378271,148.53425750756543,,bfgs,7,True,1.0680318851541415e-10,False,0.13695214545700013,bernoulli,bernoulli,2,completed
rep14,start_B,3,bernoulli,-41.64690158808678,83.29380317617355,,bfgs,7,True,1.5598526470483875e-09,False,1.1976220077490678,bernoulli,bernoulli,3,completed
rep14,start_B,3,poisson,-70.53505540819185,141.0701108163837,,bfgs,11,False,1.821260969592231e-07,False,0.3281021586565263,bernoulli,bernoulli,3,completed
rep14,start_B,4,bernoulli,-47.78379327307805,95.5675865461561,,bfgs,7,True,1.7463768209324825e-10,False,0.8179694418658523,bernoulli,bernoulli,3,completed
rep14,start_B,4,poisson,-73.76127391447541,147.52254782895082,,bfgs,10,True,7.439293625566279e-11,True,0.1890294521469262,bernoulli,bernoulli,3,completed
rep14,start_B,5,bernoulli,-46.40760454961422,92.81520909922844,,bfgs,6,True,5.546318959659402e-12,True,0.7831864910012869,bernoulli,bernoulli,3,completed
rep14,start_B,5,poisson,-72.04964680111941,144.09929360223882,,bfgs,9,True,4.227729277772596e-14,True,0.2614883975788059,bernoulli,bernoulli,3,completed
rep14,start_B,6,bernoulli,-44.076999365024605,88.15399873004921,,bfgs,7,True,1.51177736995578e-11,True,1.1963463031204713,bernoulli,bernoulli,3,completed
rep14,start_B,6,poisson,-72.80126501560555,145.6025300312111,,bfgs,11,True,1.4664797154395615e-12,True,0.25064683796343484,bernoulli,bernoulli,3,completed
rep14,start_B,7,bernoulli,-48.539631030518606,97.07926206103721,,bfgs,6,True,3.801758907684416e-11,True,0.6203878894240473,bernoulli,bernoulli,3,completed
rep14,start_B,7,poisson,-72.77965664655979,145.55931329311957,,bfgs,9,True,2.0683521562148145e-11,True,0.23602704494853582,bernoulli,bernoulli,3,completed
rep14,start_B,8,bernoulli,-50.49096836973265,100.9819367394653,,bfgs,7,True,1.7878480917943306e-10,False,0.3963615274230383,bernoulli,bernoulli,3,completed
rep14,start_B,8,poisson,-74.15595294195774,148.31190588391547,,bfgs,9,True,1.819894235310926e-12,True,0.13764873339352685,bernoulli,bernoulli,3,completed
rep14,start_B,3,bernoulli,-39.943001769741215,79.88600353948243,,bfgs,9,True,3.41522810032302e-11,True,1.4902965234462355,bernoulli,bernoulli,4,completed
rep14,start_B,3,poisson,-70.39451181452515,140.7890236290503,,bfgs,12,False,8.650475882276965e-08,False,0.3262403037546757,bernoulli,bernoulli,4,completed
rep14,start_B,4,bernoulli,-47.35432765249334,94.70865530498668,,bfgs,9,True,7.119933975729964e-10,False,0.8515899826654048,bernoulli,bernoulli,4,completed
rep14,start_B,4,poisson,-73.47681972545146,146.95363945090293,,bfgs,11,False,1.3726681764580916e-07,False,0.21680952475701024,bernoulli,bernoulli,4,completed
rep14,start_B,5,bernoulli,-44.436716336833896,88.87343267366779,,bfgs,7,True,5.782653822450357e-09,False,1.1146902779339454,bernoulli,bernoulli,4,completed
rep14,start_B,5,poisson,-71.51171236332168,143.02342472664336,,bfgs,13,False,3.2389638704444226e-08,False,0.30322027121209383,bernoulli,bernoulli,4,completed
rep14,start_B,6,bernoulli,-44.9032914536149,89.8065829072298,,bfgs,7,False,1.7009599888595518e-07,False,1.0022274145664327,bernoulli,bernoulli,4,completed
rep14,start_B,6,poisson,-72.82539208442726,145.65078416885453,,bfgs,11,True,4.4138874777388536e-10,False,0.22229278150295528,bernoulli,bernoulli,4,completed
rep14,start_B,7,bernoulli,-48.58224128027951,97.16448256055902,,bfgs,8,True,7.533529355896462e-12,True,0.5806149232593958,bernoulli,bernoulli,4,completed
rep14,start_B,7,poisson,-72.57991404187472,145.15982808374943,,bfgs,10,True,5.847589079621685e-11,True,0.23461099700512875,bernoulli,bernoulli,4,completed
rep14,start_B,8,bernoulli,-50.10748319557011,100.21496639114022,,bfgs,7,True,6.865686241752655e-09,False,0.40528953309972343,bernoulli,bernoulli,4,completed
rep14,start_B,8,poisson,-74.15529570044983,148.31059140089965,,bfgs,8,True,6.784886430466486e-10,False,0.1298016029461008,bernoulli,bernoulli,4,completed
rep14,start_B,3,bernoulli,-41.07343982793198,82.14687965586396,,bfgs,11,True,4.414704157795768e-11,True,1.1986168641645996,bernoulli,bernoulli,5,completed
rep14,start_B,3,poisson,-69.91440263870362,139.82880527740724,,bfgs,14,True,3.600819642457509e-11,True,0.3505762819337549,bernoulli,bernoulli,5,completed
rep14,start_B,4,bernoulli,-40.92566226432746,81.85132452865491,,bfgs,9,True,2.592295711423276e-10,False,1.7170203492795626,bernoulli,bernoulli,5,completed
rep14,start_B,4,poisson,-71.9919413002236,143.9838826004472,,bfgs,16,False,2.3027201834224796e-08,False,0.356641063734902,bernoulli,bernoulli,5,completed
rep14,start_B,5,bernoulli,-42.58702440279742,85.17404880559484,,bfgs,9,True,1.6043905093354738e-10,False,1.4805221217947002,bernoulli,bernoulli,5,completed
rep14,start_B,5,poisson,-71.47387201950637,142.94774403901275,,bfgs,12,True,6.983977840491207e-10,False,0.3228199262181027,bernoulli,bernoulli,5,completed
rep14,start_B,6,bernoulli,-44.64720547855451,89.29441095710902,,bfgs,9,True,5.7443849676985793e-11,True,0.988572287480576,bernoulli,bernoulli,5,completed
rep14,start_B,6,poisson,-72.8446296355668,145.6892592711336,,bfgs,14,True,4.8708190369950445e-09,False,0.2142004012904228,bernoulli,bernoulli,5,completed
rep14,start_B,7,bernoulli,-45.220042762275135,90.44008552455027,,bfgs,10,True,7.075584562699077e-12,True,1.2107521242981276,bernoulli,bernoulli,5,completed
rep14,start_B,7,poisson,-72.21853125683063,144.43706251366126,,bfgs,15,False,5.1250125565616146e-08,False,0.2830661556229249,bernoulli,bernoulli,5,completed
rep14,start_B,8,bernoulli,-49.22218122267234,98.44436244534468,,bfgs,9,True,8.146239238726594e-11,True,0.5801718667472681,bernoulli,bernoulli,5,completed
rep14,start_B,8,poisson,-74.00514802649688,148.01029605299377,,bfgs,13,True,5.907997524534636e-09,False,0.13232399471058834,bernoulli,bernoulli,5,completed
rep15,start_B,3,bernoulli,-49.39082393036854,98.78164786073708,,bfgs,3,True,4.508216022713896e-12,True,0.5541029203571823,bernoulli,bernoulli,1,completed
rep15,start_B,3,poisson,-74.77301710591628,149.54603421183256,,bfgs,5,True,3.9523939676655574e-15,True,0.07761609540944875,bernoulli,bernoulli,1,completed
rep15,start_B,4,bernoulli,-46.1362643880977,92.2725287761954,,bfgs,4,True,1.3831380485385126e-12,True,0.888799741823593,bernoulli,bernoulli,1,completed
rep15,start_B,4,poisson,-72.84291287058582,145.68582574117164,,bfgs,7,True,4.2188474935755947e-16,True,0.23500886951176997,bernoulli,bernoulli,1,completed
rep15,start_B,5,bernoulli,-51.91445413860011,103.82890827720021,,bfgs,4,True,6.217248937900877e-15,True,0.08750643929131342,bernoulli,bernoulli,1,completed
rep15,start_B,5,poisson,-74.96713556930767,149.93427113861534,,bfgs,4,True,7.318590178329032e-14,True,0.02959577633041051,bernoulli,bernoulli,1,completed
rep15,start_B,6,bernoulli,-32.7540147460728,65.5080294921456,,bfgs,3,True,9.232614672782802e-14,True,2.176670226991709,bernoulli,bernoulli,1,completed
rep15,start_B,6,poisson,-72.42449904968252,144.84899809936505,,bfgs,9,True,2.8567193055550887e-11,True,0.2558099427926348,bernoulli,bernoulli,1,completed
rep15,start_B,7,bernoulli,-51.95050735730864,103.90101471461728,,bfgs,4,True,9.736655925962623e-14,True,0.061606304286843376,bernoulli,bernoulli,1,completed
rep15,start_B,7,poisson,-74.95126563668767,149.90253127337533,,bfgs,4,True,2.1320278875691655e-12,True,0.03603471479061605,bernoulli,bernoulli,1,completed
rep15,start_B,8,bernoulli,-51.85528126900929,103.71056253801858,,bfgs,4,True,1.5934809027839946e-12,True,0.11840592828547622,bernoulli,bernoulli,1,completed
rep15,start_B,8,poisson,-74.75468382668657,149.50936765337315,,bfgs,5,True,1.5987211554602255e-15,True,0.08069671674540022,bernoulli,bernoulli,1,completed
rep15,start_B,3,bernoulli,-49.314340859655935,98.62868171931187,,bfgs,5,True,1.1535785660043984e-10,False,0.5736090157239943,bernoulli,bernoulli,2,completed
rep15,start_B,3,poisson,-74.79199925399016,149.5839985079803,,bfgs,9,True,4.436460598888914e-09,False,0.07343826079269705,bernoulli,bernoulli,2,completed
rep15,start_B,4,bernoulli,-44.92757678775075,89.8551535755015,,bfgs,5,True,8.943734641775336e-13,True,0.9591930141271174,bernoulli,bernoulli,2,completed
rep15,start_B,4,poisson,-73.1276069835438,146.2552139670876,,bfgs,9,True,2.382627428687556e-12,True,0.2146766266421739,bernoulli,bernoulli,2,completed
rep15,start_B,5,bernoulli,-51.76687124595652,103.53374249191305,,bfgs,5,True,5.572076133830706e-12,True,0.1546497990766662,bernoulli,bernoulli,2,completed
rep15,start_B,5,poisson,-74.91604363277035,149.8320872655407,,bfgs,7,True,9.2237328885858e-13,True,0.04832555110503976,bernoulli,bernoulli,2,completed
rep15,start_B,6,bernoulli,-31.657797404648154,63.31559480929631,,bfgs,6,True,3.3566927015726835e-12,True,2.3256922821089545,bernoulli,bernoulli,2,completed
rep15,start_B,6,poisson,-72.18320244217861,144.36640488435722,,bfgs,15,True,4.764650896049716e-10,False,0.26463382239627764,bernoulli,bernoulli,2,completed
rep15,start_B,7,bernoulli,-51.41296568720706,102.82593137441413,,bfgs,4,True,7.422595871275917e-12,True,0.2540736364834445,bernoulli,bernoulli,2,completed
rep15,start_B,7,poisson,-74.95539274947896,149.91078549895792,,bfgs,7,True,5.722866402990689e-10,False,0.03414480444365303,bernoulli,bernoulli,2,completed
rep15,start_B,8,bernoulli,-46.33841559191311,92.67683118382622,,bfgs,5,True,7.465823514962721e-11,True,0.8851320687969865,bernoulli,bernoulli,2,completed
rep15,start_B,8,poisson,-72.53573961521185,145.0714792304237,,bfgs,9,True,2.5605046971577395e-10,False,0.2647732040772503,bernoulli,bernoulli,2,completed
rep15,start_B,3,bernoulli,-46.30801191109212,92.61602382218425,,bfgs,7,True,2.9185542871346117e-13,True,0.8854512309535827,bernoulli,bernoulli,3,completed
rep15,start_B,3,poisson,-74.13869258225841,148.27738516451683,,bfgs,10,True,1.6382623035937626e-11,True,0.15999849379177894,bernoulli,bernoulli,3,completed
rep15,start_B,4,bernoulli,-45.34709729908525,90.6941945981705,,bfgs,7,True,3.05323322180584e-11,True,0.8864282449061608,bernoulli,bernoulli,3,completed
rep15,start_B,4,poisson,-73.04534786869968,146.09069573739936,,bfgs,11,True,9.017657731646978e-11,True,0.2129089530514447,bernoulli,bernoulli,3,completed
rep15,start_B,5,bernoulli,-50.50587307533389,101.01174615066778,,bfgs,7,True,8.477528012917901e-10,False,0.4521866734930469,bernoulli,bernoulli,3,completed
rep15,start_B,5,poisson,-74.41870490039973,148.83740980079946,,bfgs,8,True,1.497917900827872e-11,True,0.13694640375309367,bernoulli,bernoulli,3,completed
rep15,start_B,6,bernoulli,-33.136418662798974,66.27283732559795,,bfgs,8,True,1.9948487306464812e-13,True,2.0013014680013765,bernoulli,bernoulli,3,completed
rep15,start_B,6,poisson,-72.42255510010769,144.84511020021537,,bfgs,17,True,5.237468059249295e-09,False,0.24940346305927322,bernoulli,bernoulli,3,completed
rep15,start_B,7,bernoulli,-51.58196759038498,103.16393518076995,,bfgs,6,True,5.200773145475068e-11,True,0.2104952949534557,bernoulli,bernoulli,3,completed
rep15,start_B,7,poisson,-74.92385521509246,149.84771043018492,,bfgs,8,True,3.938673720504937e-10,False,0.04400591018567188,bernoulli,bernoulli,3,completed
rep15,start_B,8,bernoulli,-45.08524286432716,90.17048572865431,,bfgs,6,True,2.261586473650823e-11,True,0.9494261061853495,bernoulli,bernoulli,3,completed
rep15,start_B,8,poisson,-72.45191026639941,144.90382053279882,,bfgs,12,True,5.163705907307303e-10,False,0.25434644982444504,bernoulli,bernoulli,3,completed
rep15,start_B,3,bernoulli,-46.8633796416259,93.7267592832518,,bfgs,8,True,6.070237645872112e-11,True,0.8160631364947516,bernoulli,bernoulli,4,completed
rep15,start_B,3,poisson,-73.84598173759036,147.69196347518073,,bfgs,12,False,1.8410692903536586e-08,False,0.1988370160671262,bernoulli,bernoulli,4,completed
rep15,start_B,4,bernoulli,-45.36909656855828,90.73819313711655,,bfgs,8,True,1.0492259949756999e-09,False,0.827041331498134,bernoulli,bernoulli,4,completed
rep15,start_B,4,poisson,-72.80184486779908,145.60368973559815,,bfgs,12,True,3.083766841882607e-09,False,0.22505594241177704,bernoulli,bernoulli,4,completed
rep15,start_B,5,bernoulli,-49.74178693889733,99.48357387779465,,bfgs,9,True,8.868371814685361e-10,False,0.6281218911032361,bernoulli,bernoulli,4,completed
rep15,start_B,5,poisson,-73.85040614060117,147.70081228120233,,bfgs,10,True,9.160405767261182e-12,True,0.22210988438958942,bernoulli,bernoulli,4,completed
rep15,start_B,6,bernoulli,-31.005460947031747,62.01092189406349,,bfgs,9,True,2.509882524037721e-10,False,2.072677157743618,bernoulli,bernoulli,4,completed
rep15,start_B,6,poisson,-72.00488238098731,144.00976476197462,,bfgs,24,True,3.1226060848155156e-09,False,0.2646755824833342,bernoulli,bernoulli,4,completed
rep15,start_B,7,bernoulli,-49.992443909660686,99.98488781932137,,bfgs,10,True,2.0957457991244154e-12,True,0.6130081349726563,bernoulli,bernoulli,4,completed
rep15,start_B,7,poisson,-74.33438214399231,148.66876428798463,,bfgs,11,True,9.344272688949217e-10,False,0.1919059643039944,bernoulli,bernoulli,4,completed
rep15,start_B,8,bernoulli,-45.43653716684787,90.87307433369574,,bfgs,8,True,9.467981954003334e-14,True,0.8651883277300935,bernoulli,bernoulli,4,completed
rep15,start_B,8,poisson,-72.47396534259124,144.94793068518248,,bfgs,12,True,3.6322520102771706e-09,False,0.24087356658217024,bernoulli,bernoulli,4,completed
rep15,start_B,3,bernoulli,-46.31583754948407,92.63167509896815,,bfgs,9,True,3.184172303605237e-09,False,0.8445196714245516,bernoulli,bernoulli,5,completed
rep15,start_B,3,poisson,-73.90952528165614,147.8190505633123,,bfgs,12,True,5.475364450724385e-09,False,0.18899014430863623,bernoulli,bernoulli,5,completed
rep15,start_B,4,bernoulli,-45.28300669529968,90.56601339059937,,bfgs,9,True,3.022657679707663e-11,True,0.7915461001636634,bernoulli,bernoulli,5,completed
rep15,start_B,4,poisson,-72.63845126333538,145.27690252667077,,bfgs,14,True,8.370889115205671e-09,False,0.225931912973192,bernoulli,bernoulli,5,completed
rep15,start_B,5,bernoulli,-38.147958018807074,76.29591603761415,,bfgs,11,True,1.096538193579022e-10,False,2.2687200149388067,bernoulli,bernoulli,5,completed
rep15,start_B,5,poisson,-71.48789233195757,142.97578466391514,,bfgs,15,False,2.2425531343017723e-08,False,0.3699071252518639,bernoulli,bernoulli,5,completed
rep15,start_B,6,bernoulli,-28.521350565417283,57.042701130834566,,bfgs,9,True,1.2746115839873396e-09,False,2.486070392637599,bernoulli,bernoulli,5,completed
rep15,start_B,6,poisson,-71.95176301998765,143.9035260399753,,bfgs,24,False,1.9914552806810093e-07,False,0.2651769583346803,bernoulli,bernoulli,5,completed
rep15,start_B,7,bernoulli,-48.39261435455651,96.78522870911301,,bfgs,9,True,7.674238133859035e-10,False,0.8878521889747226,bernoulli,bernoulli,5,completed
rep15,start_B,7,poisson,-73.89944789027312,147.79889578054625,,bfgs,14,True,2.188071834829941e-09,False,0.23689072399438293,bernoulli,bernoulli,5,completed
rep15,start_B,8,bernoulli,-43.76470428338445,87.5294085667689,,bfgs,10,True,8.193978828785476e-12,True,1.055195247055731,bernoulli,bernoulli,5,completed
rep15,start_B,8,poisson,-72.21058726078049,144.42117452156097,,bfgs,15,True,8.587495159417813e-11,True,0.24246658887522923,bernoulli,bernoulli,5,completed
rep16,start_B,3,bernoulli,-51.631240785922515,103.26248157184503,,bfgs,4,True,9.769962616701378e-16,True,0.19569160431263555,bernoulli,bernoulli,1,completed
rep16,start_B,3,poisson,-74.51504349242637,149.03008698485274,,bfgs,4,True,1.9208634682854607e-12,True,0.11368708634785654,bernoulli,bernoulli,1,completed
rep16,start_B,4,bernoulli,-51.74614404404322,103.49228808808644,,bfgs,4,True,3.375077994860476e-14,True,0.16060490507841577,bernoulli,bernoulli,1,completed
rep16,start_B,4,poisson,-74.5856176003294,149.1712352006588,,bfgs,4,True,9.819878243888525e-12,True,0.10512219305606386,bernoulli,bernoulli,1,completed
rep16,start_B,5,bernoulli,-49.51251059763176,99.02502119526352,,bfgs,4,True,1.7763568394002506e-16,True,0.5356720268948701,bernoulli,bernoulli,1,completed
rep16,start_B,5,poisson,-74.85840002570464,149.71680005140928,,bfgs,5,True,5.329070518200751e-16,True,0.061253288885676625,bernoulli,bernoulli,1,completed
rep16,start_B,6,bernoulli,-49.29128377524569,98.58256755049138,,bfgs,4,False,1.9069982597486047e-07,False,0.5612670709980838,bernoulli,bernoulli,1,completed
rep16,start_B,6,poisson,-74.83261916587189,149.66523833174378,,bfgs,6,True,8.191083367137252e-11,True,0.06657076132450306,bernoulli,bernoulli,1,completed
rep16,start_B,7,bernoulli,-51.043422831949144,102.08684566389829,,bfgs,3,True,6.661338147750939e-15,True,0.3221336253265937,bernoulli,bernoulli,1,completed
rep16,start_B,7,poisson,-74.22229255828931,148.44458511657862,,bfgs,5,True,4.085620730620576e-15,True,0.14375874017266224,bernoulli,bernoulli,1,completed
rep16,start_B,8,bernoulli,-51.61736630460159,103.23473260920318,,bfgs,2,True,2.900322204624217e-11,True,0.19952746355374879,bernoulli,bernoulli,1,completed
rep16,start_B,8,poisson,-74.9908177733322,149.9816355466644,,bfgs,4,True,1.2009149230607364e-11,True,0.01565494441526912,bernoulli,bernoulli,1,completed
rep16,start_B,3,bernoulli,-47.478000906539535,94.95600181307907,,bfgs,6,True,1.3742784688020037e-12,True,0.8138487460897106,bernoulli,bernoulli,2,completed
rep16,start_B,3,poisson,-72.72005545697633,145.44011091395265,,bfgs,6,True,4.4346748495627254e-13,True,0.26796465398002867,bernoulli,bernoulli,2,completed
rep16,start_B,4,bernoulli,-51.145360341949605,102.29072068389921,,bfgs,6,True,3.271338755439501e-12,True,0.2979117632974288,bernoulli,bernoulli,2,completed
rep16,start_B,4,poisson,-74.05018612526328,148.10037225052656,,bfgs,7,True,8.550737895518523e-12,True,0.1633527645057715,bernoulli,bernoulli,2,completed
rep16,start_B,5,bernoulli,-48.686590595074165,97.37318119014833,,bfgs,4,False,3.204274241497274e-08,False,0.6264803681376345,bernoulli,bernoulli,2,completed
rep16,start_B,5,poisson,-74.30295735348273,148.60591470696545,,bfgs,6,True,3.0342761636603653e-11,True,0.14117951946475274,bernoulli,bernoulli,2,completed
rep16,start_B,6,bernoulli,-49.8032330415754,99.6064660831508,,bfgs,6,True,2.6505464489900987e-12,True,0.48829085747533374,bernoulli,bernoulli,2,completed
rep16,start_B,6,poisson,-74.62450576191043,149.24901152382085,,bfgs,10,True,4.8294590770936455e-09,False,0.10346813767832425,bernoulli,bernoulli,2,completed
rep16,start_B,7,bernoulli,-50.43900429461634,100.87800858923268,,bfgs,5,True,4.875857495534319e-10,False,0.40842480401138387,bernoulli,bernoulli,2,completed
rep16,start_B,7,poisson,-73.70648984054549,147.41297968109097,,bfgs,6,True,1.652011860642233e-14,True,0.190777054823592,bernoulli,bernoulli,2,completed
rep16,start_B,8,bernoulli,-48.435200882952095,96.87040176590419,,bfgs,5,True,2.433608869978343e-14,True,0.6987438196831421,bernoulli,bernoulli,2,completed
rep16,start_B,8,poisson,-74.7558638959791,149.5117277919582,,bfgs,10,True,2.934592568948346e-11,True,0.08276282455711746,bernoulli,bernoulli,2,completed
rep16,start_B,3,bernoulli,-46.90323537861152,93.80647075722304,,bfgs,8,True,1.0842082787121399e-11,True,0.868219426467171,bernoulli,bernoulli,3,completed
rep16,start_B,3,poisson,-72.37207429521686,144.74414859043372,,bfgs,10,True,4.0053015348817666e-10,False,0.2811698008899731,bernoulli,bernoulli,3,completed
rep16,start_B,4,bernoulli,-50.08119631688485,100.1623926337697,,bfgs,7,True,1.4377832258105627e-12,True,0.4692991587335668,bernoulli,bernoulli,3,completed
rep16,start_B,4,poisson,-73.88163650785046,147.76327301570092,,bfgs,7,True,2.5549366178267973e-09,False,0.17366003559290036,bernoulli,bernoulli,3,completed
rep16,start_B,5,bernoulli,-49.06432652841348,98.12865305682696,,bfgs,7,True,1.2276082372864038e-10,False,0.5667798748454902,bernoulli,bernoulli,3,completed
rep16,start_B,5,poisson,-74.25062582475388,148.50125164950776,,bfgs,8,True,7.933996037934321e-09,False,0.1475498203192094,bernoulli,bernoulli,3,completed
rep16,start_B,6,bernoulli,-42.6689022156906,85.3378044313812,,bfgs,8,True,7.502443111206958e-13,True,1.243583676394406,bernoulli,bernoulli,3,completed
rep16,start_B,6,poisson,-73.63315976617845,147.2663195323569,,bfgs,12,True,6.301798194385811e-10,False,0.19202569186926702,bernoulli,bernoulli,3,completed
rep16,start_B,7,bernoulli,-45.29858699947901,90.59717399895801,,bfgs,6,True,1.0940892636313038e-11,True,0.9800016491635124,bernoulli,bernoulli,3,completed
rep16,start_B,7,poisson,-72.96081914836222,145.92163829672444,,bfgs,12,True,9.077972151771974e-10,False,0.23266752786076744,bernoulli,bernoulli,3,completed
rep16,start_B,8,bernoulli,-47.02832600824903,94.05665201649806,,bfgs,7,True,1.1869283333965086e-11,True,0.8199197566848391,bernoulli,bernoulli,3,completed
rep16,start_B,8,poisson,-73.98589054394834,147.9717810878967,,bfgs,13,True,1.5360608784931174e-09,False,0.17381956176532415,bernoulli,bernoulli,3,completed
rep16,start_B,3,bernoulli,-44.98717031573754,89.97434063147509,,bfgs,8,True,4.572678236058891e-10,False,1.04292654270271,bernoulli,bernoulli,4,completed
rep16,start_B,3,poisson,-70.68708256236702,141.37416512473405,,bfgs,10,False,1.6421994767368275e-07,False,0.39652077283358544,bernoulli,bernoulli,4,completed
rep16,start_B,4,bernoulli,-48.20202774114949,96.40405548229899,,bfgs,9,True,4.249258722666127e-11,True,0.8968835085153483,bernoulli,bernoulli,4,completed
rep16,start_B,4,poisson,-73.94133194738745,147.8826638947749,,bfgs,13,True,6.82583678468518e-10,False,0.15905276040393904,bernoulli,bernoulli,4,completed
rep16,start_B,5,bernoulli,-47.14351546863322,94.28703093726644,,bfgs,7,True,4.077443183092555e-09,False,0.9776096803673733,bernoulli,bernoulli,4,completed
rep16,start_B,5,poisson,-74.20549585687819,148.41099171375637,,bfgs,13,True,2.824840805715212e-10,False,0.14432068863098976,bernoulli,bernoulli,4,completed
rep16,start_B,6,bernoulli,-40.779526594988525,81.55905318997705,,bfgs,8,True,7.67531815881739e-11,True,1.484828647052647,bernoulli,bernoulli,4,completed
rep16,start_B,6,poisson,-72.30754028438159,144.61508056876318,,bfgs,14,True,5.086882026716921e-11,True,0.35242885527919926,bernoulli,bernoulli,4,completed
rep16,start_B,7,bernoulli,-45.20977101861779,90.41954203723559,,bfgs,9,True,2.3542476856874826e-10,False,1.0090805323637504,bernoulli,bernoulli,4,completed
rep16,start_B,7,poisson,-72.05165603385933,144.10331206771866,,bfgs,13,True,5.820980586435098e-09,False,0.3420117540536579,bernoulli,bernoulli,4,completed
rep16,start_B,8,bernoulli,-38.95226783634199,77.90453567268398,,bfgs,8,True,2.1486489254485263e-10,False,2.061336901425497,bernoulli,bernoulli,4,completed
rep16,start_B,8,poisson,-73.39032299219305,146.7806459843861,,bfgs,20,False,7.860513093760346e-08,False,0.23504600636050477,bernoulli,bernoulli,4,completed
rep16,start_B,3,bernoulli,-42.24283118801938,84.48566237603876,,bfgs,9,True,5.798417301861036e-11,True,1.4266474233342452,bernoulli,bernoulli,5,completed
rep16,start_B,3,poisson,-69.81558525638532,139.63117051277064,,bfgs,14,True,3.094340339515611e-11,True,0.46386109482140736,bernoulli,bernoulli,5,completed
rep16,start_B,4,bernoulli,-43.11356518783284,86.22713037566568,,bfgs,9,True,1.2660450465773465e-10,False,1.6102576439139964,bernoulli,bernoulli,5,completed
rep16,start_B,4,poisson,-73.43362345404535,146.8672469080907,,bfgs,13,True,7.2030026609937184e-09,False,0.2114657912470183,bernoulli,bernoulli,5,completed
rep16,start_B,5,bernoulli,-47.55408842803506,95.10817685607012,,bfgs,10,True,2.8479441027684514e-13,True,0.7839443758374415,bernoulli,bernoulli,5,completed
rep16,start_B,5,poisson,-74.04883731407821,148.09767462815643,,bfgs,15,False,3.220976108053719e-08,False,0.1580417821532591,bernoulli,bernoulli,5,completed
rep16,start_B,6,bernoulli,-33.64065739709467,67.28131479418934,,bfgs,8,True,1.1000755861800826e-10,False,2.4785822939624738,bernoulli,bernoulli,5,completed
rep16,start_B,6,poisson,-71.04769478395232,142.09538956790465,,bfgs,23,False,1.222968020520021e-07,False,0.3972217154669543,bernoulli,bernoulli,5,completed
rep16,start_B,7,bernoulli,-45.615694699743734,91.23138939948747,,bfgs,9,True,4.556959254387039e-11,True,0.8670765351819599,bernoulli,bernoulli,5,completed
rep16,start_B,7,poisson,-72.26888981026161,144.53777962052322,,bfgs,14,True,3.1214959506087326e-10,False,0.3063994177418412,bernoulli,bernoulli,5,completed
rep16,start_B,8,bernoulli,-43.671679551889554,87.34335910377911,,bfgs,9,True,8.419048413976781e-09,False,1.273227038222196,bernoulli,bernoulli,5,completed
rep16,start_B,8,poisson,-73.74839532235266,147.49679064470533,,bfgs,15,True,2.2980900515889857e-09,False,0.18477339056082637,bernoulli,bernoulli,5,completed
rep17,start_B,3,bernoulli,-51.26434254876399,102.52868509752798,,bfgs,3,True,3.4283687000424835e-14,True,0.2819633680872568,bernoulli,bernoulli,1,completed
rep17,start_B,3,poisson,-74.98872671467375,149.9774534293475,,bfgs,5,True,7.167599846980011e-14,True,0.017302070124905373,bernoulli,bernoulli,1,completed
rep17,start_B,4,bernoulli,-46.18486280093113,92.36972560186226,,bfgs,5,True,9.08162434143378e-14,True,0.8958370521176988,bernoulli,bernoulli,1,completed
rep17,start_B,4,poisson,-72.81287716206414,145.62575432412828,,bfgs,6,True,1.524824710941175e-12,True,0.24232268992280806,bernoulli,bernoulli,1,completed
rep17,start_B,5,bernoulli,-51.964695458296944,103.92939091659389,,bfgs,4,True,7.063238882665246e-14,True,0.04773643801892954,bernoulli,bernoulli,1,completed
rep17,start_B,5,poisson,-74.84754883861429,149.69509767722857,,bfgs,4,True,1.2007284055925994e-12,True,0.06412148502118663,bernoulli,bernoulli,1,completed
rep17,start_B,6,bernoulli,-51.59894035748331,103.19788071496662,,bfgs,3,True,1.1546319456101628e-15,True,0.20496526220214745,bernoulli,bernoulli,1,completed
rep17,start_B,6,poisson,-74.60412011713197,149.20824023426394,,bfgs,4,True,2.020605904817785e-15,True,0.1035136282144541,bernoulli,bernoulli,1,completed
rep17,start_B,7,bernoulli,-50.04447435535525,100.0889487107105,,bfgs,3,True,2.1210422307404997e-11,True,0.4752556866734602,bernoulli,bernoulli,1,completed
rep17,start_B,7,poisson,-74.86376225387762,149.72752450775525,,bfgs,5,True,2.469136006766348e-13,True,0.05977781616621029,bernoulli,bernoulli,1,completed
rep17,start_B,8,bernoulli,-46.52735225175054,93.05470450350109,,bfgs,4,True,7.771561172376096e-13,True,0.8622964416551455,bernoulli,bernoulli,1,completed
rep17,start_B,8,poisson,-74.36245453162687,148.72490906325373,,bfgs,7,True,4.973799150320701e-15,True,0.1276651199172576,bernoulli,bernoulli,1,completed
rep17,start_B,3,bernoulli,-48.94451585148297,97.88903170296594,,bfgs,4,False,3.3689553419202765e-08,False,0.6295666717931921,bernoulli,bernoulli,2,completed
rep17,start_B,3,poisson,-74.70548879822135,149.4109775964427,,bfgs,9,False,1.0357001910266117e-08,False,0.09129031361950242,bernoulli,bernoulli,2,completed
rep17,start_B,4,bernoulli,-38.62715320202068,77.25430640404136,,bfgs,5,True,2.9940894208380084e-11,True,1.66122602267841,bernoulli,bernoulli,2,completed
rep17,start_B,4,poisson,-70.91316113866625,141.8263222773325,,bfgs,9,True,1.0148231033291211e-09,False,0.3327463126507513,bernoulli,bernoulli,2,completed
rep17,start_B,5,bernoulli,-51.107630273851655,102.21526054770331,,bfgs,4,True,7.131628620982156e-13,True,0.3260478637923887,bernoulli,bernoulli,2,completed
rep17,start_B,5,poisson,-74.40298701911203,148.80597403822406,,bfgs,6,True,3.099964729358362e-13,True,0.1314286231866671,bernoulli,bernoulli,2,completed
rep17,start_B,6,bernoulli,-51.6742701278712,103.3485402557424,,bfgs,6,True,4.330646952155348e-13,True,0.18231398643324748,bernoulli,bernoulli,2,completed
rep17,start_B,6,poisson,-74.58824961092684,149.17649922185367,,bfgs,5,True,4.487792398810697e-09,False,0.10509550661284994,bernoulli,bernoulli,2,completed
rep17,start_B,7,bernoulli,-50.18309327860049,100.36618655720098,,bfgs,6,True,1.081255085466637e-11,True,0.44175753260394585,bernoulli,bernoulli,2,completed
rep17,start_B,7,poisson,-74.81639836546557,149.63279673093115,,bfgs,6,True,8.070372314872288e-10,False,0.06874675371238632,bernoulli,bernoulli,2,completed
rep17,start_B,8,bernoulli,-41.62080075254467,83.24160150508933,,bfgs,6,True,6.111111616746711e-13,True,1.3171326876699712,bernoulli,bernoulli,2,completed
rep17,start_B,8,poisson,-72.82253479938083,145.64506959876167,,bfgs,10,True,1.8644230603825916e-11,True,0.2502637854101604,bernoulli,bernoulli,2,completed
rep17,start_B,3,bernoulli,-47.008339240421584,94.01667848084317,,bfgs,5,False,9.561575855521199e-08,False,0.8271190906951251,bernoulli,bernoulli,3,completed
rep17,start_B,3,poisson,-74.63069701244527,149.26139402489054,,bfgs,9,True,1.117196102295992e-09,False,0.0997648721101091,bernoulli,bernoulli,3,completed
rep17,start_B,4,bernoulli,-38.57526304879025,77.1505260975805,,bfgs,9,True,5.133956593184053e-10,False,1.6037979783432164,bernoulli,bernoulli,3,completed
rep17,start_B,4,poisson,-70.43438487857847,140.86876975715694,,bfgs,12,False,1.734957106869217e-08,False,0.3371774766765942,bernoulli,bernoulli,3,completed
rep17,start_B,5,bernoulli,-50.97121656702664,101.94243313405327,,bfgs,6,True,1.0680345496894006e-12,True,0.33127092262678526,bernoulli,bernoulli,3,completed
rep17,start_B,5,poisson,-74.1438502245019,148.2877004490038,,bfgs,7,True,1.2483400979590443e-10,False,0.15170834096926972,bernoulli,bernoulli,3,completed
rep17,start_B,6,bernoulli,-51.59420644061422,103.18841288122844,,bfgs,6,True,1.1221649387493925e-09,False,0.19446501698138008,bernoulli,bernoulli,3,completed
rep17,start_B,6,poisson,-74.32733624419832,148.65467248839664,,bfgs,8,True,2.4583890478879767e-12,True,0.1310810651093725,bernoulli,bernoulli,3,completed
rep17,start_B,7,bernoulli,-48.32777269194882,96.65554538389765,,bfgs,6,False,1.983365987001662e-08,False,0.7005177480365435,bernoulli,bernoulli,3,completed
rep17,start_B,7,poisson,-73.82086349915026,147.64172699830053,,bfgs,11,True,1.9154533514864626e-11,True,0.19223270822824548,bernoulli,bernoulli,3,completed
rep17,start_B,8,bernoulli,-42.19610016222617,84.39220032445235,,bfgs,6,True,2.115152497594863e-12,True,1.1916814925384505,bernoulli,bernoulli,3,completed
rep17,start_B,8,poisson,-73.13734397643466,146.27468795286933,,bfgs,8,True,2.9003572210584137e-09,False,0.2150966340452659,bernoulli,bernoulli,3,completed
rep17,start_B,3,bernoulli,-47.31932618289289,94.63865236578577,,bfgs,9,True,7.965139658949739e-12,True,0.7267242237181014,bernoulli,bernoulli,4,completed
rep17,start_B,3,poisson,-74.64479519817135,149.2895903963427,,bfgs,11,True,2.4442963209025946e-10,False,0.08919740688992328,bernoulli,bernoulli,4,completed
rep17,start_B,4,bernoulli,-38.19300253660754,76.38600507321507,,bfgs,8,True,2.3154533845826106e-13,True,1.4697656566188861,bernoulli,bernoulli,4,completed
rep17,start_B,4,poisson,-70.15604053793962,140.31208107587923,,bfgs,15,True,2.4058444125785174e-11,True,0.3175365695295068,bernoulli,bernoulli,4,completed
rep17,start_B,5,bernoulli,-48.78074148031347,97.56148296062695,,bfgs,8,True,1.2398970739013748e-13,True,0.8803894533009388,bernoulli,bernoulli,4,completed
rep17,start_B,5,poisson,-73.65901194192892,147.31802388385785,,bfgs,11,True,1.6308208117266077e-10,False,0.21520251254110037,bernoulli,bernoulli,4,completed
rep17,start_B,6,bernoulli,-50.081494376422434,100.16298875284487,,bfgs,9,True,2.9090507780438202e-11,True,0.6960031989965182,bernoulli,bernoulli,4,completed
rep17,start_B,6,poisson,-73.90100732187966,147.80201464375932,,bfgs,10,True,2.8643598604105592e-11,True,0.207036166670616,bernoulli,bernoulli,4,completed
rep17,start_B,7,bernoulli,-44.76780471944935,89.5356094388987,,bfgs,8,False,3.7067149138980684e-08,False,1.339687016342468,bernoulli,bernoulli,4,completed
rep17,start_B,7,poisson,-73.16050076635456,146.32100153270912,,bfgs,14,True,4.7141587966592626e-09,False,0.2909982092886969,bernoulli,bernoulli,4,completed
rep17,start_B,8,bernoulli,-42.159750075861055,84.31950015172211,,bfgs,9,True,1.5611245629543192e-11,True,1.1518952301313456,bernoulli,bernoulli,4,completed
rep17,start_B,8,poisson,-73.17781594911789,146.35563189823577,,bfgs,12,True,3.7086556048393504e-11,True,0.21446000407392082,bernoulli,bernoulli,4,completed
rep17,start_B,3,bernoulli,-41.76575231301939,83.53150462603878,,bfgs,10,True,1.6567591742955302e-11,True,1.6360078150651398,bernoulli,bernoulli,5,completed
rep17,start_B,3,poisson,-73.73551343755801,147.47102687511602,,bfgs,14,True,8.415090069213704e-10,False,0.23983599278597942,bernoulli,bernoulli,5,completed
rep17,start_B,4,bernoulli,-37.492002989201,74.984005978402,,bfgs,9,True,1.2862706455507579e-10,False,1.4575707912695228,bernoulli,bernoulli,5,completed
rep17,start_B,4,poisson,-69.72977235910734,139.4595447182147,,bfgs,15,False,7.106897532693779e-08,False,0.33859343295065525,bernoulli,bernoulli,5,completed
rep17,start_B,5,bernoulli,-50.85648465532536,101.71296931065072,,bfgs,9,True,1.5090151350705128e-13,True,0.3732324262068099,bernoulli,bernoulli,5,completed
rep17,start_B,5,poisson,-73.68664634136572,147.37329268273143,,bfgs,12,True,1.7305161748026875e-10,False,0.22502678571243173,bernoulli,bernoulli,5,completed
rep17,start_B,6,bernoulli,-43.40923078306467,86.81846156612934,,bfgs,10,True,5.379138690031482e-10,False,1.7331743509998139,bernoulli,bernoulli,5,completed
rep17,start_B,6,poisson,-73.37957680696027,146.75915361392055,,bfgs,13,False,3.967690056505546e-08,False,0.26645851629593903,bernoulli,bernoulli,5,completed
rep17,start_B,7,bernoulli,-45.31727068780047,90.63454137560095,,bfgs,9,True,1.0258194294010537e-11,True,1.258567352396606,bernoulli,bernoulli,5,completed
rep17,start_B,7,poisson,-73.72674091759049,147.45348183518098,,bfgs,16,True,1.5079049120458876e-12,True,0.20388749872269862,bernoulli,bernoulli,5,completed
rep17,start_B,8,bernoulli,-41.90990433047227,83.81980866094455,,bfgs,8,False,4.3010812644794785e-08,False,1.056399021082421,bernoulli,bernoulli,5,completed
rep17,start_B,8,poisson,-73.13245674235706,146.26491348471413,,bfgs,14,True,7.598662254970634e-10,False,0.18778954959104444,bernoulli,bernoulli,5,completed
rep18,start_B,3,bernoulli,-51.48193745752328,102.96387491504656,,bfgs,4,True,1.6378145062390103e-09,False,0.2344573088849828,bernoulli,bernoulli,1,completed
rep18,start_B,3,poisson,-74.85116307442914,149.70232614885828,,bfgs,4,True,4.700240197053063e-13,True,0.06318580046404303,bernoulli,bernoulli,1,completed
rep18,start_B,4,bernoulli,-51.985739941326855,103.97147988265371,,bfgs,3,True,9.769962616701378e-15,True,0.00564368267888674,bernoulli,bernoulli,1,completed
rep18,start_B,4,poisson,-74.99948076716205,149.9989615343241,,bfgs,3,True,5.100786459877327e-12,True,0.0037220278743687416,bernoulli,bernoulli,1,completed
rep18,start_B,5,bernoulli,-50.156277161121864,100.31255432224373,,bfgs,4,True,1.2739504562375714e-09,False,0.45985202506256156,bernoulli,bernoulli,1,completed
rep18,start_B,5,poisson,-74.5996359737504,149.1992719475008,,bfgs,5,True,1.3079315408504043e-12,True,0.10213409469285874,bernoulli,bernoulli,1,completed
rep18,start_B,6,bernoulli,-51.21493300878203,102.42986601756407,,bfgs,4,True,3.2462921240039575e-14,True,0.29167576093308273,bernoulli,bernoulli,1,completed
rep18,start_B,6,poisson,-74.78008111148544,149.5601622229709,,bfgs,4,True,7.478195840349145e-12,True,0.07682256767909922,bernoulli,bernoulli,1,completed
rep18,start_B,7,bernoulli,-49.263762381099795,98.52752476219959,,bfgs,4,True,1.4520296076625527e-11,True,0.5720136929428743,bernoulli,bernoulli,1,completed
rep18,start_B,7,poisson,-74.40355157900701,148.80710315801403,,bfgs,8,True,1.0363265801061061e-11,True,0.12420953238591084,bernoulli,bernoulli,1,completed
rep18,start_B,8,bernoulli,-51.80733053456318,103.61466106912636,,bfgs,4,True,1.929345572193597e-13,True,0.13860677161071816,bernoulli,bernoulli,1,completed
rep18,start_B,8,poisson,-74.94104143721216,149.88208287442433,,bfgs,4,True,2.433164780768493e-12,True,0.03973980050139644,bernoulli,bernoulli,1,completed
rep18,start_B,3,bernoulli,-49.132529995851385,98.26505999170277,,bfgs,6,True,1.1732126381502895e-11,True,0.5915517319166814,bernoulli,bernoulli,2,completed
rep18,start_B,3,poisson,-73.88007783351733,147.76015566703467,,bfgs,6,True,3.879208065882267e-12,True,0.17542491266841,bernoulli,bernoulli,2,completed
rep18,start_B,4,bernoulli,-51.239652372638716,102.47930474527743,,bfgs,6,True,9.102052445086883e-13,True,0.29492604553642787,bernoulli,bernoulli,2,completed
rep18,start_B,4,poisson,-74.5566049661428,149.1132099322856,,bfgs,7,True,1.7226220450083928e-13,True,0.1115970698987084,bernoulli,bernoulli,2,completed
rep18,start_B,5,bernoulli,-49.84062374799981,99.68124749599961,,bfgs,6,True,2.991829006759872e-12,True,0.48596570578723886,bernoulli,bernoulli,2,completed
rep18,start_B,5,poisson,-74.41524494915033,148.83048989830067,,bfgs,7,True,5.660014679165215e-11,True,0.12212375927837493,bernoulli,bernoulli,2,completed
rep18,start_B,6,bernoulli,-50.89942385992096,101.79884771984192,,bfgs,5,True,1.5049295143398923e-12,True,0.34418341610417624,bernoulli,bernoulli,2,completed
rep18,start_B,6,poisson,-74.50732496119682,149.01464992239363,,bfgs,6,True,1.3859136061000755e-12,True,0.1151802745407759,bernoulli,bernoulli,2,completed
rep18,start_B,7,bernoulli,-47.00382404462845,94.0076480892569,,bfgs,5,True,5.6420240923671375e-09,False,0.7850209510627428,bernoulli,bernoulli,2,completed
rep18,start_B,7,poisson,-73.6823154267784,147.3646308535568,,bfgs,9,True,2.1514566128644217e-09,False,0.18247209947246232,bernoulli,bernoulli,2,completed
rep18,start_B,8,bernoulli,-51.690482750544355,103.38096550108871,,bfgs,7,True,1.474376176702208e-14,True,0.17878171304997573,bernoulli,bernoulli,2,completed
rep18,start_B,8,poisson,-74.7606860765359,149.5213721530718,,bfgs,7,True,1.5962342558850651e-12,True,0.08130649463166612,bernoulli,bernoulli,2,completed
rep18,start_B,3,bernoulli,-48.20028209938348,96.40056419876696,,bfgs,6,True,1.3563548062478503e-09,False,0.671881537578012,bernoulli,bernoulli,3,completed
rep18,start_B,3,poisson,-73.65179663108094,147.30359326216188,,bfgs,9,True,3.6479745446627023e-09,False,0.18470030066113155,bernoulli,bernoulli,3,completed
rep18,start_B,4,bernoulli,-51.453671532685334,102.90734306537067,,bfgs,7,True,2.6272317654729705e-13,True,0.24488939308637048,bernoulli,bernoulli,3,completed
rep18,start_B,4,poisson,-74.66371420073588,149.32742840147176,,bfgs,7,True,1.0194483035519397e-10,False,0.09489306920113266,bernoulli,bernoulli,3,completed
rep18,start_B,5,bernoulli,-50.42591986451288,100.85183972902576,,bfgs,6,True,1.9252155425419914e-12,True,0.38026983722924507,bernoulli,bernoulli,3,completed
rep18,start_B,5,poisson,-74.67698462775506,149.35396925551012,,bfgs,9,True,9.354370611447394e-11,True,0.08511437511981813,bernoulli,bernoulli,3,completed
rep18,start_B,6,bernoulli,-50.76398404578597,101.52796809157194,,bfgs,7,True,2.5757174171303632e-14,True,0.3452758454041433,bernoulli,bernoulli,3,completed
rep18,start_B,6,poisson,-74.37128227182919,148.74256454365837,,bfgs,8,True,1.6266099578388094e-12,True,0.1271629106488313,bernoulli,bernoulli,3,completed
rep18,start_B,7,bernoulli,-46.02847832173912,92.05695664347824,,bfgs,6,True,4.0327918782168124e-11,True,0.8876624741496955,bernoulli,bernoulli,3,completed
rep18,start_B,7,poisson,-73.40582130839095,146.8116426167819,,bfgs,9,False,6.498292925982696e-08,False,0.19972678117495785,bernoulli,bernoulli,3,completed
rep18,start_B,8,bernoulli,-51.493279691508725,102.98655938301745,,bfgs,7,True,8.162434639302774e-09,False,0.23324068200401826,bernoulli,bernoulli,3,completed
rep18,start_B,8,poisson,-74.57974357861319,149.15948715722638,,bfgs,7,True,1.2216716527291283e-09,False,0.10930244795550476,bernoulli,bernoulli,3,completed
rep18,start_B,3,bernoulli,-46.08150603518046,92.16301207036092,,bfgs,8,True,8.222578173899819e-12,True,1.019354736099439,bernoulli,bernoulli,4,completed
rep18,start_B,3,poisson,-73.21544147594966,146.43088295189932,,bfgs,13,True,1.8080488217719904e-10,False,0.2306720256272,bernoulli,bernoulli,4,completed
rep18,start_B,4,bernoulli,-50.734452880728135,101.46890576145627,,bfgs,7,True,1.8700063719734318e-11,True,0.41265189033863264,bernoulli,bernoulli,4,completed
rep18,start_B,4,poisson,-74.21788676039996,148.43577352079993,,bfgs,9,True,1.9195911526992403e-11,True,0.15101694854118644,bernoulli,bernoulli,4,completed
rep18,start_B,5,bernoulli,-50.47541144776004,100.95082289552008,,bfgs,8,True,5.947597969679918e-12,True,0.35842184253544346,bernoulli,bernoulli,4,completed
rep18,start_B,5,poisson,-74.61916417545888,149.23832835091775,,bfgs,11,True,1.063027443848341e-12,True,0.09619597780761106,bernoulli,bernoulli,4,completed
rep18,start_B,6,bernoulli,-48.452293654059346,96.90458730811869,,bfgs,8,True,1.339506283670744e-12,True,0.8144347450298661,bernoulli,bernoulli,4,completed
rep18,start_B,6,poisson,-73.52940225958483,147.05880451916966,,bfgs,11,True,1.1268710409240156e-10,False,0.2334465516151114,bernoulli,bernoulli,4,completed
rep18,start_B,7,bernoulli,-44.52143667369565,89.0428733473913,,bfgs,8,True,1.91694193851788e-09,False,1.086664548309965,bernoulli,bernoulli,4,completed
rep18,start_B,7,poisson,-73.1300195530834,146.2600391061668,,bfgs,12,True,2.098031615105356e-09,False,0.21051380303614223,bernoulli,bernoulli,4,completed
rep18,start_B,8,bernoulli,-51.41168831758838,102.82337663517676,,bfgs,8,True,3.0152591534715614e-11,True,0.2342295137815968,bernoulli,bernoulli,4,completed
rep18,start_B,8,poisson,-74.43017237357647,148.86034474715294,,bfgs,9,True,4.468926917411409e-09,False,0.12083363470001184,bernoulli,bernoulli,4,completed
rep18,start_B,3,bernoulli,-40.517379981882925,81.03475996376585,,bfgs,10,False,1.474213515706424e-08,False,1.7558505498636596,bernoulli,bernoulli,5,completed
rep18,start_B,3,poisson,-72.35483330957814,144.70966661915628,,bfgs,14,False,2.6596604474349306e-08,False,0.3192632039626625,bernoulli,bernoulli,5,completed
rep18,start_B,4,bernoulli,-51.04987510385125,102.0997502077025,,bfgs,9,True,1.006821293003668e-10,False,0.3431624008869234,bernoulli,bernoulli,5,completed
rep18,start_B,4,poisson,-74.21463439873432,148.42926879746864,,bfgs,10,True,9.700591718786456e-12,True,0.1785077068295451,bernoulli,bernoulli,5,completed
rep18,start_B,5,bernoulli,-46.67260144324307,93.34520288648613,,bfgs,9,True,3.4546070448726595e-10,False,1.031923773766168,bernoulli,bernoulli,5,completed
rep18,start_B,5,poisson,-73.36893321268478,146.73786642536956,,bfgs,13,True,4.0835259618177135e-10,False,0.27048833795482097,bernoulli,bernoulli,5,completed
rep18,start_B,6,bernoulli,-50.07730962138733,100.15461924277466,,bfgs,9,True,8.354206215699378e-13,True,0.5671454265272861,bernoulli,bernoulli,5,completed
rep18,start_B,6,poisson,-73.79443095821978,147.58886191643955,,bfgs,9,True,6.457625545408519e-10,False,0.23838722166210052,bernoulli,bernoulli,5,completed
rep18,start_B,7,bernoulli,-42.62934694122946,85.25869388245891,,bfgs,10,True,6.924594231350056e-12,True,1.3338636368394474,bernoulli,bernoulli,5,completed
rep18,start_B,7,poisson,-72.8446180120469,145.6892360240938,,bfgs,12,True,2.6996097801657014e-09,False,0.2063274657696668,bernoulli,bernoulli,5,completed
rep18,start_B,8,bernoulli,-47.382023377907714,94.76404675581543,,bfgs,10,True,6.823164255820302e-12,True,1.130201743237155,bernoulli,bernoulli,5,completed
rep18,start_B,8,poisson,-74.22415557272264,148.44831114544527,,bfgs,13,False,2.9196537809639266e-08,False,0.17249980721977162,bernoulli,bernoulli,5,completed
rep19,start_B,3,bernoulli,-50.214717713173286,100.42943542634657,,bfgs,3,True,6.28547880410224e-11,True,0.4510414636235149,bernoulli,bernoulli,1,completed
rep19,start_B,3,poisson,-74.61932801935825,149.2386560387165,,bfgs,4,True,1.3144951793719883e-11,True,0.10129649598101179,bernoulli,bernoulli,1,completed
rep19,start_B,4,bernoulli,-48.454936170686096,96.90987234137219,,bfgs,5,True,2.7977620220553944e-15,True,0.6606524118129534,bernoulli,bernoulli,1,completed
rep19,start_B,4,poisson,-74.22903019780276,148.45806039560551,,bfgs,6,True,3.12194714524594e-14,True,0.14414873994910232,bernoulli,bernoulli,1,completed
rep19,start_B,5,bernoulli,-51.22413443485202,102.44826886970404,,bfgs,4,True,8.748557434046233e-15,True,0.28965203791896926,bernoulli,bernoulli,1,completed
rep19,start_B,5,poisson,-74.84580842039335,149.6916168407867,,bfgs,4,True,9.667244782463058e-12,True,0.0644008229882769,bernoulli,bernoulli,1,completed
rep19,start_B,6,bernoulli,-50.179587823137226,100.35917564627445,,bfgs,1,False,7.757096112115392e-08,False,0.4558258385544959,bernoulli,bernoulli,1,completed
rep19,start_B,6,poisson,-74.61143951906406,149.22287903812813,,bfgs,4,True,1.899760349033386e-11,True,0.10234220044543402,bernoulli,bernoulli,1,completed
rep19,start_B,7,bernoulli,-51.48362942035065,102.9672588407013,,bfgs,4,True,5.329070518200751e-16,True,0.23393906656784172,bernoulli,bernoulli,1,completed
rep19,start_B,7,poisson,-74.90304009602173,149.80608019204345,,bfgs,4,True,7.822187342299003e-13,True,0.0510364829409239,bernoulli,bernoulli,1,completed
rep19,start_B,8,bernoulli,-51.97466025693493,103.94932051386986,,bfgs,3,True,2.2087220941102716e-12,True,0.03484625568463578,bernoulli,bernoulli,1,completed
rep19,start_B,8,poisson,-74.99084797585684,149.98169595171368,,bfgs,3,True,5.660636404059005e-11,True,0.01559843075184067,bernoulli,bernoulli,1,completed
rep19,start_B,3,bernoulli,-50.660810543962086,101.32162108792417,,bfgs,5,True,3.6272762571343264e-11,True,0.3699291269245493,bernoulli,bernoulli,2,completed
rep19,start_B,3,poisson,-74.34627807180546,148.69255614361091,,bfgs,7,False,1.7844899247165812e-08,False,0.13969605279793476,bernoulli,bernoulli,2,completed
rep19,start_B,4,bernoulli,-44.77386661990992,89.54773323981983,,bfgs,6,True,9.43245481721533e-13,True,1.0196520489969225,bernoulli,bernoulli,2,completed
rep19,start_B,4,poisson,-74.13823202457255,148.2764640491451,,bfgs,9,True,3.411138038700301e-12,True,0.14249471655350915,bernoulli,bernoulli,2,completed
rep19,start_B,5,bernoulli,-51.16882282582619,102.33764565165238,,bfgs,5,True,2.581989289041076e-10,False,0.2948597592719737,bernoulli,bernoulli,2,completed
rep19,start_B,5,poisson,-74.32680249775427,148.65360499550854,,bfgs,7,False,1.0878961829163813e-07,False,0.1446762036268082,bernoulli,bernoulli,2,completed
rep19,start_B,6,bernoulli,-49.00960105280648,98.01920210561296,,bfgs,4,True,2.4641177986950424e-11,True,0.598368320502567,bernoulli,bernoulli,2,completed
rep19,start_B,6,poisson,-74.73604508900144,149.47209017800287,,bfgs,10,True,2.246869357236392e-12,True,0.07950472402363017,bernoulli,bernoulli,2,completed
rep19,start_B,7,bernoulli,-41.55761120506666,83.11522241013331,,bfgs,6,True,5.922817791770285e-12,True,1.372537617671606,bernoulli,bernoulli,2,completed
rep19,start_B,7,poisson,-70.6596521127704,141.3193042255408,,bfgs,9,True,7.960565540088282e-10,False,0.37464710232471443,bernoulli,bernoulli,2,completed
rep19,start_B,8,bernoulli,-42.979504612626286,85.95900922525257,,bfgs,5,True,4.254281371629531e-11,True,1.2620899448503562,bernoulli,bernoulli,2,completed
rep19,start_B,8,poisson,-74.26806365565317,148.53612731130633,,bfgs,11,True,5.574953831910534e-10,False,0.1445311069433351,bernoulli,bernoulli,2,completed
rep19,start_B,3,bernoulli,-48.92889275243257,97.85778550486513,,bfgs,8,True,8.081535440851439e-13,True,0.6363609204137103,bernoulli,bernoulli,3,completed
rep19,start_B,3,poisson,-74.31340831295208,148.62681662590415,,bfgs,11,True,1.797017201710105e-10,False,0.12960828446371744,bernoulli,bernoulli,3,completed
rep19,start_B,4,bernoulli,-36.29247030736735,72.5849406147347,,bfgs,6,True,1.939907123826856e-11,True,2.017877773541787,bernoulli,bernoulli,3,completed
rep19,start_B,4,poisson,-73.38009251711631,146.76018503423262,,bfgs,17,False,1.696551477081698e-08,False,0.20083296948927454,bernoulli,bernoulli,3,completed
rep19,start_B,5,bernoulli,-50.834943072264025,101.66988614452805,,bfgs,6,True,1.2812383376470392e-10,False,0.3367135057187474,bernoulli,bernoulli,3,completed
rep19,start_B,5,poisson,-74.12757165116929,148.25514330233858,,bfgs,8,True,1.7842616273355817e-12,True,0.1537892427874581,bernoulli,bernoulli,3,completed
rep19,start_B,6,bernoulli,-49.47223870528943,98.94447741057886,,bfgs,8,True,2.743757443468553e-11,True,0.5163189149363311,bernoulli,bernoulli,3,completed
rep19,start_B,6,poisson,-74.47908551864138,148.95817103728277,,bfgs,11,False,1.379616163504904e-07,False,0.12677389457691118,bernoulli,bernoulli,3,completed
rep19,start_B,7,bernoulli,-41.19661428109864,82.39322856219728,,bfgs,7,True,1.1252154763496946e-11,True,1.3097751670115143,bernoulli,bernoulli,3,completed
rep19,start_B,7,poisson,-70.3730987182395,140.746197436479,,bfgs,8,True,8.048246513681079e-11,True,0.3586601414446226,bernoulli,bernoulli,3,completed
rep19,start_B,8,bernoulli,-42.7250103598696,85.4500207197392,,bfgs,7,True,2.050901670713756e-11,True,1.1842839921777903,bernoulli,bernoulli,3,completed
rep19,start_B,8,poisson,-74.16460803061292,148.32921606122585,,bfgs,11,True,2.793776143761306e-09,False,0.14349182307329755,bernoulli,bernoulli,3,completed
rep19,start_B,3,bernoulli,-48.7884029891095,97.576805978219,,bfgs,9,True,8.616121149884747e-11,True,0.6120154733960889,bernoulli,bernoulli,4,completed
rep19,start_B,3,poisson,-74.17508396642654,148.35016793285308,,bfgs,11,False,1.522851751367682e-08,False,0.1361289054425626,bernoulli,bernoulli,4,completed
rep19,start_B,4,bernoulli,-34.17964493166172,68.35928986332344,,bfgs,9,True,1.5933032671000547e-12,True,2.1421441315598813,bernoulli,bernoulli,4,completed
rep19,start_B,4,poisson,-73.23300825556166,146.4660165111233,,bfgs,20,True,2.7923004353169743e-09,False,0.21167941147979008,bernoulli,bernoulli,4,completed
rep19,start_B,5,bernoulli,-48.042542262473795,96.08508452494759,,bfgs,9,True,2.2884805161993426e-12,True,0.9197558742462495,bernoulli,bernoulli,4,completed
rep19,start_B,5,poisson,-73.94735870930272,147.89471741860544,,bfgs,12,True,1.570618990420769e-09,False,0.18658170895485685,bernoulli,bernoulli,4,completed
rep19,start_B,6,bernoulli,-48.19423635118535,96.3884727023707,,bfgs,9,True,8.312384114361749e-12,True,0.7583849545787753,bernoulli,bernoulli,4,completed
rep19,start_B,6,poisson,-73.87242348352792,147.74484696705585,,bfgs,13,True,5.828480853509177e-09,False,0.21680809631785805,bernoulli,bernoulli,4,completed
rep19,start_B,7,bernoulli,-37.100842045486694,74.20168409097339,,bfgs,8,True,1.5104085981931802e-09,False,1.7819885577539205,bernoulli,bernoulli,4,completed
rep19,start_B,7,poisson,-69.95609926656381,139.91219853312762,,bfgs,13,True,2.3856221886831007e-09,False,0.34223139189690177,bernoulli,bernoulli,4,completed
rep19,start_B,8,bernoulli,-37.378825213682376,74.75765042736475,,bfgs,9,True,4.343290171959779e-11,True,1.9041194847211214,bernoulli,bernoulli,4,completed
rep19,start_B,8,poisson,-72.88730048627312,145.77460097254624,,bfgs,14,False,2.9475083973551364e-08,False,0.2982567470688428,bernoulli,bernoulli,4,completed
rep19,start_B,3,bernoulli,-48.65540124536996,97.31080249073992,,bfgs,9,False,1.690798825393358e-08,False,0.61410911687146,bernoulli,bernoulli,5,completed
rep19,start_B,3,poisson,-73.99482439617388,147.98964879234777,,bfgs,13,True,5.056817187210072e-09,False,0.142967854040682,bernoulli,bernoulli,5,completed
rep19,start_B,4,bernoulli,-30.9645614395752,61.9291228791504,,bfgs,9,True,5.638156608256395e-13,True,2.589239634341383,bernoulli,bernoulli,5,completed
rep19,start_B,4,poisson,-72.53060049174658,145.06120098349317,,bfgs,30,False,1.2589877673718774e-08,False,0.27065118982583214,bernoulli,bernoulli,5,completed
rep19,start_B,5,bernoulli,-48.77134327025217,97.54268654050433,,bfgs,9,True,1.7683632336229493e-13,True,0.7621460329102084,bernoulli,bernoulli,5,completed
rep19,start_B,5,poisson,-73.59614611362717,147.19229222725434,,bfgs,12,True,2.252293851423559e-10,False,0.21226334193696889,bernoulli,bernoulli,5,completed
rep19,start_B,6,bernoulli,-48.626172521539615,97.25234504307923,,bfgs,10,True,1.092583801209912e-11,True,0.642923823944577,bernoulli,bernoulli,5,completed
rep19,start_B,6,poisson,-74.27186743933734,148.54373487867468,,bfgs,11,True,5.251448609300269e-10,False,0.13963831708620156,bernoulli,bernoulli,5,completed
rep19,start_B,7,bernoulli,-34.44152769400533,68.88305538801066,,bfgs,10,True,1.1040235392556497e-11,True,2.0822292857529865,bernoulli,bernoulli,5,completed
rep19,start_B,7,poisson,-68.31916213773198,136.63832427546396,,bfgs,16,True,1.5681614229379193e-09,False,0.42710462278022177,bernoulli,bernoulli,5,completed
rep19,start_B,8,bernoulli,-36.62145964666722,73.24291929333444,,bfgs,10,True,7.468958784784262e-12,True,1.8707119163277157,bernoulli,bernoulli,5,completed
rep19,start_B,8,poisson,-73.47369622980266,146.9473924596053,,bfgs,20,False,3.2014233397603674e-08,False,0.23032728655075957,bernoulli,bernoulli,5,completed
rep20,start_B,3,bernoulli,-51.08112825410579,102.16225650821158,,bfgs,4,True,6.596483359544436e-11,True,0.3160365954767962,bernoulli,bernoulli,1,completed
rep20,start_B,3,poisson,-74.99867300515473,149.99734601030946,,bfgs,4,True,4.145306320424424e-12,True,0.00594928894840778,bernoulli,bernoulli,1,completed
rep20,start_B,4,bernoulli,-46.29292339763767,92.58584679527534,,bfgs,3,True,1.765254609153999e-15,True,0.8690060401099053,bernoulli,bernoulli,1,completed
rep20,start_B,4,poisson,-74.48939215012851,148.97878430025702,,bfgs,6,True,1.3322676295501878e-16,True,0.11641172037358404,bernoulli,bernoulli,1,completed
rep20,start_B,5,bernoulli,-50.89343885614062,101.78687771228124,,bfgs,3,True,1.283861905676531e-13,True,0.3485024253715945,bernoulli,bernoulli,1,completed
rep20,start_B,5,poisson,-74.99318351232678,149.98636702465356,,bfgs,4,True,2.584543690176133e-12,True,0.013485081826083432,bernoulli,bernoulli,1,completed
rep20,start_B,6,bernoulli,-51.96077302709905,103.9215460541981,,bfgs,4,True,6.217248937900876e-16,True,0.05193803717848142,bernoulli,bernoulli,1,completed
rep20,start_B,6,poisson,-74.7346582376399,149.4693164752798,,bfgs,3,True,1.539701699471152e-11,True,0.083766641382364,bernoulli,bernoulli,1,completed
rep20,start_B,7,bernoulli,-45.87276534670157,91.74553069340314,,bfgs,4,True,4.057740810026189e-11,True,0.9079924986967348,bernoulli,bernoulli,1,completed
rep20,start_B,7,poisson,-72.41033019652563,144.82066039305127,,bfgs,7,True,3.552713678800501e-15,True,0.25530075686615616,bernoulli,bernoulli,1,completed
rep20,start_B,8,bernoulli,-49.39990295966463,98.79980591932926,,bfgs,3,True,3.964806261080867e-12,True,0.5515745169223518,bernoulli,bernoulli,1,completed
rep20,start_B,8,poisson,-73.51270783939724,147.02541567879447,,bfgs,5,True,3.1166180747277394e-12,True,0.19563791431739436,bernoulli,bernoulli,1,completed
rep20,start_B,3,bernoulli,-48.27243559298349,96.54487118596698,,bfgs,5,True,8.658718186893566e-12,True,0.731216012827763,bernoulli,bernoulli,2,completed
rep20,start_B,3,poisson,-74.71175529318813,149.42351058637627,,bfgs,10,True,9.501511577525435e-10,False,0.09224982403250746,bernoulli,bernoulli,2,completed
rep20,start_B,4,bernoulli,-45.91044546679549,91.82089093359097,,bfgs,4,True,2.473576898864849e-14,True,0.8339873940873911,bernoulli,bernoulli,2,completed
rep20,start_B,4,poisson,-74.23577545102398,148.47155090204797,,bfgs,8,True,9.280410606660183e-11,True,0.13931587188586114,bernoulli,bernoulli,2,completed
rep20,start_B,5,bernoulli,-50.25842958949592,100.51685917899184,,bfgs,4,True,4.3089531942541726e-11,True,0.430465417688137,bernoulli,bernoulli,2,completed
rep20,start_B,5,poisson,-74.9781627650838,149.9563255301676,,bfgs,7,True,4.271161202495932e-12,True,0.023203663937588548,bernoulli,bernoulli,2,completed
rep20,start_B,6,bernoulli,-46.84854253982981,93.69708507965962,,bfgs,6,True,1.3635315099236323e-12,True,0.982465397957573,bernoulli,bernoulli,2,completed
rep20,start_B,6,poisson,-74.13841374737503,148.27682749475005,,bfgs,10,True,4.333196024219887e-11,True,0.1528675100115894,bernoulli,bernoulli,2,completed
rep20,start_B,7,bernoulli,-45.810714752907366,91.62142950581473,,bfgs,5,True,2.59921417722353e-10,False,0.8626242687558151,bernoulli,bernoulli,2,completed
rep20,start_B,7,poisson,-72.15581140986504,144.31162281973008,,bfgs,10,True,8.281125118969613e-10,False,0.26069142609126633,bernoulli,bernoulli,2,completed
rep20,start_B,8,bernoulli,-48.52632858608926,97.05265717217851,,bfgs,7,True,6.095612903322945e-12,True,0.6447429637933333,bernoulli,bernoulli,2,completed
rep20,start_B,8,poisson,-72.9605186386095,145.921037277219,,bfgs,6,True,5.471535269307992e-09,False,0.23656311033649463,bernoulli,bernoulli,2,completed
rep20,start_B,3,bernoulli,-46.14268700218736,92.28537400437472,,bfgs,7,True,1.0841105790859728e-12,True,0.9612097964640756,bernoulli,bernoulli,3,completed
rep20,start_B,3,poisson,-74.3245839318372,148.6491678636744,,bfgs,10,False,7.372703748842468e-07,False,0.14945884750512722,bernoulli,bernoulli,3,completed
rep20,start_B,4,bernoulli,-46.053284544257586,92.10656908851517,,bfgs,7,True,2.2331492210980743e-11,True,0.7555069718989107,bernoulli,bernoulli,3,completed
rep20,start_B,4,poisson,-74.31764967498522,148.63529934997044,,bfgs,12,True,5.588285389990233e-12,True,0.12355815441225161,bernoulli,bernoulli,3,completed
rep20,start_B,5,bernoulli,-46.35037515320873,92.70075030641746,,bfgs,8,True,1.2834178164666809e-14,True,1.0063165307885247,bernoulli,bernoulli,3,completed
rep20,start_B,5,poisson,-74.1466643048038,148.2933286096076,,bfgs,11,True,7.758797160306585e-10,False,0.17998799446787087,bernoulli,bernoulli,3,completed
rep20,start_B,6,bernoulli,-46.65216141452975,93.3043228290595,,bfgs,7,True,3.2891156465097994e-11,True,0.8987365147394294,bernoulli,bernoulli,3,completed
rep20,start_B,6,poisson,-74.02486267752377,148.04972535504754,,bfgs,12,True,2.2220891793267582e-12,True,0.15404912185773964,bernoulli,bernoulli,3,completed
rep20,start_B,7,bernoulli,-45.76441935044698,91.52883870089396,,bfgs,6,True,8.705409282327992e-09,False,0.8503529053909653,bernoulli,bernoulli,3,completed
rep20,start_B,7,poisson,-72.06477698337406,144.12955396674812,,bfgs,11,True,2.072253835194715e-09,False,0.24748074576917292,bernoulli,bernoulli,3,completed
rep20,start_B,8,bernoulli,-44.708092022596524,89.41618404519305,,bfgs,8,True,4.620526183884977e-13,True,1.119964255644086,bernoulli,bernoulli,3,completed
rep20,start_B,8,poisson,-72.03945124211779,144.07890248423558,,bfgs,10,True,8.528518780082095e-09,False,0.2791322058697083,bernoulli,bernoulli,3,completed
rep20,start_B,3,bernoulli,-45.8608295896004,91.7216591792008,,bfgs,8,True,9.62076640576015e-11,True,0.8846843158797237,bernoulli,bernoulli,4,completed
rep20,start_B,3,poisson,-74.34531510551267,148.69063021102534,,bfgs,12,True,9.496734509895078e-11,True,0.1270321056540119,bernoulli,bernoulli,4,completed
rep20,start_B,4,bernoulli,-45.325596995796005,90.65119399159201,,bfgs,8,True,2.0368817743587895e-12,True,0.8549192604720353,bernoulli,bernoulli,4,completed
rep20,start_B,4,poisson,-74.30043238240137,148.60086476480274,,bfgs,13,True,3.1455766880128523e-10,False,0.1257617713631292,bernoulli,bernoulli,4,completed
rep20,start_B,5,bernoulli,-44.65092167804433,89.30184335608865,,bfgs,8,True,1.1709353486821784e-10,False,1.0989232161782867,bernoulli,bernoulli,4,completed
rep20,start_B,5,poisson,-73.7943271051985,147.588654210397,,bfgs,12,True,4.656603991293195e-11,True,0.198916367400216,bernoulli,bernoulli,4,completed
rep20,start_B,6,bernoulli,-46.750312539481875,93.50062507896375,,bfgs,8,True,1.8585249783598102e-09,False,0.8325212034799775,bernoulli,bernoulli,4,completed
rep20,start_B,6,poisson,-73.87489491496436,147.74978982992872,,bfgs,14,True,8.693587849606388e-10,False,0.1595173478661337,bernoulli,bernoulli,4,completed
rep20,start_B,7,bernoulli,-44.64284118390351,89.28568236780703,,bfgs,9,True,9.31009935811744e-11,True,0.9156769582914551,bernoulli,bernoulli,4,completed
rep20,start_B,7,poisson,-71.83372615557508,143.66745231115016,,bfgs,13,True,6.355065806928906e-10,False,0.24522604632849965,bernoulli,bernoulli,4,completed
rep20,start_B,8,bernoulli,-41.37345038564093,82.74690077128186,,bfgs,9,True,7.208456054286217e-13,True,1.5132167857216878,bernoulli,bernoulli,4,completed
rep20,start_B,8,poisson,-71.8612649508606,143.7225299017212,,bfgs,16,True,5.224459975750051e-10,False,0.2748878748081161,bernoulli,bernoulli,4,completed
rep20,start_B,3,bernoulli,-45.35937733398811,90.71875466797621,,bfgs,9,True,9.471090578472285e-13,True,0.8959540450516136,bernoulli,bernoulli,5,completed
rep20,start_B,3,poisson,-74.25974107044387,148.51948214088773,,bfgs,14,False,1.176817030046351e-07,False,0.1353732666215511,bernoulli,bernoulli,5,completed
rep20,start_B,4,bernoulli,-44.28063353274481,88.56126706548962,,bfgs,10,False,2.357047108603183e-08,False,0.9570659678753125,bernoulli,bernoulli,5,completed
rep20,start_B,4,poisson,-73.62335349571902,147.24670699143803,,bfgs,14,False,8.12978650843732e-08,False,0.2023548499947029,bernoulli,bernoulli,5,completed
rep20,start_B,5,bernoulli,-45.96914106658812,91.93828213317624,,bfgs,10,True,7.858957928874588e-12,True,0.9311432014348743,bernoulli,bernoulli,5,completed
rep20,start_B,5,poisson,-73.85579967170193,147.71159934340386,,bfgs,15,True,4.1289784924458674e-10,False,0.1971919732822726,bernoulli,bernoulli,5,completed
rep20,start_B,6,bernoulli,-45.276229333218645,90.55245866643729,,bfgs,10,True,2.932671883115745e-11,True,1.10283375683029,bernoulli,bernoulli,5,completed
rep20,start_B,6,poisson,-73.80455380235358,147.60910760470716,,bfgs,13,True,4.331923915412705e-09,False,0.19522689682790567,bernoulli,bernoulli,5,completed
rep20,start_B,7,bernoulli,-44.57135817308086,89.14271634616172,,bfgs,8,True,3.62095686767816e-11,True,0.8809174255039173,bernoulli,bernoulli,5,completed
rep20,start_B,7,poisson,-71.61768221678219,143.23536443356437,,bfgs,15,False,6.166682811059588e-08,False,0.2468408608801399,bernoulli,bernoulli,5,completed
rep20,start_B,8,bernoulli,-41.971602203579174,83.94320440715835,,bfgs,9,True,9.39063005134244e-10,False,1.3357947593964647,bernoulli,bernoulli,5,completed
rep20,start_B,8,poisson,-71.29077319815448,142.58154639630897,,bfgs,12,False,1.0304849240583281e-08,False,0.3005662348585858,bernoulli,bernoulli,5,completed
