split,model_seed,condition,n_cols_used,family_note,k,L,num_iter,family_y,numerics_mode,test_y_ll,test_y_rmse,test_spearman,test_pearson,test_n_pairs,train_y_ll,train_y_rmse,train_spearman,w0,w,nan_occurred,nan_count,internal_retry,q_bic_failed,n_warnings,validate_support_passed,runtime_s,movie_set_hash,x_input_hash,y_train_hash,y_test_hash
0,131000,y_only,0,"X unused (fix_x=True, F fixed at 0); genre19 array passed",3,5,8,poisson,consistent,-3.2530579068685297,6.128099785633383,0.8513289477669597,0.8587162523035238,4950,-2.7901055237388883,3.8103431331161017,0.932615385756978,2.6946453709987392,0.28710531688657276,False,0,0,False,0,True,9.18,bf947f06a2e239a8333f53587498fe7ddd86e7dce3d2ee249df50faa3b5dc6ed,6947d5925d0af410f1f3f6cbce862ad8e1a2f6eabd8c5c8f3d8cca17590c77ed,07434749c73728f48b4fd8617f3f6c135b067a0dd1e065f7df7993bdc8cb6fae,fc2137f4b2bfcc5615b2aa08b9c47d57c686ffb1142280ff668d82cefce32f35
0,131000,genre_only,19,bernoulli*19,3,5,8,poisson,consistent,-3.2190559916456603,5.992913539101106,0.859699274082807,0.8659159500525837,4950,-2.777275345861923,3.7557902826756573,0.9342351541967407,2.663688065994637,0.2934416103917381,False,0,0,False,0,True,10.63,bf947f06a2e239a8333f53587498fe7ddd86e7dce3d2ee249df50faa3b5dc6ed,6947d5925d0af410f1f3f6cbce862ad8e1a2f6eabd8c5c8f3d8cca17590c77ed,07434749c73728f48b4fd8617f3f6c135b067a0dd1e065f7df7993bdc8cb6fae,fc2137f4b2bfcc5615b2aa08b9c47d57c686ffb1142280ff668d82cefce32f35
0,131000,genre_year,20,bernoulli*19 + gaussian(year_z),3,5,8,poisson,consistent,-3.2202132235871317,6.005674491390186,0.8574908121895605,0.8655593666232205,4950,-2.780049628084811,3.773167271354767,0.9337963080101123,2.6629792234521665,0.293552520998393,False,0,0,False,0,True,12.71,bf947f06a2e239a8333f53587498fe7ddd86e7dce3d2ee249df50faa3b5dc6ed,66e2251c65ca1d5d0cc966316fdc20aca9d51dcf31bd4b39f763511f7e19b5aa,07434749c73728f48b4fd8617f3f6c135b067a0dd1e065f7df7993bdc8cb6fae,fc2137f4b2bfcc5615b2aa08b9c47d57c686ffb1142280ff668d82cefce32f35
0,131000,genre_logcount_train,20,bernoulli*19 + gaussian(log_count_train_z),3,5,8,poisson,consistent,-3.231824805605245,6.04399460664914,0.8557122838971758,0.8636490436341379,4950,-2.780003188485466,3.784046141798426,0.9336505548929614,2.665372987079255,0.29324077543225585,False,0,0,False,0,True,11.68,bf947f06a2e239a8333f53587498fe7ddd86e7dce3d2ee249df50faa3b5dc6ed,668ca664d7866d8d010fba62d088bf4dc107c00681d5052273ef0a7a87e08e1d,07434749c73728f48b4fd8617f3f6c135b067a0dd1e065f7df7993bdc8cb6fae,fc2137f4b2bfcc5615b2aa08b9c47d57c686ffb1142280ff668d82cefce32f35
0,131000,mixed_train_log,22,"bernoulli*19 + gaussian(mean_rating_train_z, year_z, log_count_train_z)",3,5,8,poisson,consistent,-3.2359006125410925,6.063501821975129,0.855194150035013,0.862760709666659,4950,-2.7833291320653357,3.7871860339119325,0.9339776369385702,2.679773307432792,0.28972393953964015,False,0,0,False,0,True,11.36,bf947f06a2e239a8333f53587498fe7ddd86e7dce3d2ee249df50faa3b5dc6ed,9ad392171ae43f13bc2ddc60b585226630e5a6714cb19f00cc7878bb5ac7f1f3,07434749c73728f48b4fd8617f3f6c135b067a0dd1e065f7df7993bdc8cb6fae,fc2137f4b2bfcc5615b2aa08b9c47d57c686ffb1142280ff668d82cefce32f35
0,131000,mixed_train_raw_poisson,22,"bernoulli*19 + gaussian(mean_rating_train_z, year_z) + poisson(count_train_raw)",3,5,8,poisson,consistent,-3.2805166457561334,6.177182314591715,0.847089819237681,0.860151500825986,4950,-2.950845555336193,4.640534718686046,0.8984240833404563,2.4489153554478813,0.33742954029886196,False,0,0,False,0,True,13.25,bf947f06a2e239a8333f53587498fe7ddd86e7dce3d2ee249df50faa3b5dc6ed,d6b4e2e9bbec195848c0611e8cfcc31d84cad0388a696d5ae6fbd5311195f39f,07434749c73728f48b4fd8617f3f6c135b067a0dd1e065f7df7993bdc8cb6fae,fc2137f4b2bfcc5615b2aa08b9c47d57c686ffb1142280ff668d82cefce32f35
0,131001,y_only,0,"X unused (fix_x=True, F fixed at 0); genre19 array passed",3,5,8,poisson,consistent,-3.25524820326896,6.1720423040474435,0.8503739452827666,0.8569777129336849,4950,-2.7883446484642045,3.833044926914704,0.9327604733872086,2.6937598306212216,0.287444831662807,False,0,0,False,0,True,7.98,bf947f06a2e239a8333f53587498fe7ddd86e7dce3d2ee249df50faa3b5dc6ed,6947d5925d0af410f1f3f6cbce862ad8e1a2f6eabd8c5c8f3d8cca17590c77ed,07434749c73728f48b4fd8617f3f6c135b067a0dd1e065f7df7993bdc8cb6fae,fc2137f4b2bfcc5615b2aa08b9c47d57c686ffb1142280ff668d82cefce32f35
0,131001,genre_only,19,bernoulli*19,3,5,8,poisson,consistent,-3.2357695108071867,6.118248651383034,0.855806800501858,0.860221782039521,4950,-2.7772844423637677,3.78481203733992,0.9350497402769511,2.661349678432735,0.2940008631929897,False,0,0,False,0,True,9.36,bf947f06a2e239a8333f53587498fe7ddd86e7dce3d2ee249df50faa3b5dc6ed,6947d5925d0af410f1f3f6cbce862ad8e1a2f6eabd8c5c8f3d8cca17590c77ed,07434749c73728f48b4fd8617f3f6c135b067a0dd1e065f7df7993bdc8cb6fae,fc2137f4b2bfcc5615b2aa08b9c47d57c686ffb1142280ff668d82cefce32f35
0,131001,genre_year,20,bernoulli*19 + gaussian(year_z),3,5,8,poisson,consistent,-3.238001748258455,6.133853257885476,0.8558596536785156,0.8593582730519144,4950,-2.7767658901876513,3.783147550987287,0.9350886663870644,2.6606942513628247,0.2941986055145463,False,0,0,False,0,True,11.44,bf947f06a2e239a8333f53587498fe7ddd86e7dce3d2ee249df50faa3b5dc6ed,66e2251c65ca1d5d0cc966316fdc20aca9d51dcf31bd4b39f763511f7e19b5aa,07434749c73728f48b4fd8617f3f6c135b067a0dd1e065f7df7993bdc8cb6fae,fc2137f4b2bfcc5615b2aa08b9c47d57c686ffb1142280ff668d82cefce32f35
0,131001,genre_logcount_train,20,bernoulli*19 + gaussian(log_count_train_z),3,5,8,poisson,consistent,-3.231508484359836,6.096608416210437,0.8569418151596302,0.8615147194798679,4950,-2.776872488612136,3.7840615998328326,0.9352304212378142,2.662421625077488,0.2938037630027061,False,0,0,False,0,True,11.27,bf947f06a2e239a8333f53587498fe7ddd86e7dce3d2ee249df50faa3b5dc6ed,668ca664d7866d8d010fba62d088bf4dc107c00681d5052273ef0a7a87e08e1d,07434749c73728f48b4fd8617f3f6c135b067a0dd1e065f7df7993bdc8cb6fae,fc2137f4b2bfcc5615b2aa08b9c47d57c686ffb1142280ff668d82cefce32f35
0,131001,mixed_train_log,22,"bernoulli*19 + gaussian(mean_rating_train_z, year_z, log_count_train_z)",3,5,8,poisson,consistent,-3.222426606907857,6.053592885858038,0.8577590096783808,0.8636094309127492,4950,-2.777432933014456,3.78338537316548,0.9349571874125462,2.664635362896976,0.29331545892264954,False,0,0,False,0,True,11.42,bf947f06a2e239a8333f53587498fe7ddd86e7dce3d2ee249df50faa3b5dc6ed,9ad392171ae43f13bc2ddc60b585226630e5a6714cb19f00cc7878bb5ac7f1f3,07434749c73728f48b4fd8617f3f6c135b067a0dd1e065f7df7993bdc8cb6fae,fc2137f4b2bfcc5615b2aa08b9c47d57c686ffb1142280ff668d82cefce32f35
0,131001,mixed_train_raw_poisson,22,"bernoulli*19 + gaussian(mean_rating_train_z, year_z) + poisson(count_train_raw)",3,5,8,poisson,consistent,-3.2831568197040504,6.229875891239374,0.849640428654506,0.857762376262138,4950,-2.931324222681346,4.5513021493637424,0.9037795974730999,2.4366734988228376,0.34212083221317025,False,0,0,False,0,True,13.3,bf947f06a2e239a8333f53587498fe7ddd86e7dce3d2ee249df50faa3b5dc6ed,d6b4e2e9bbec195848c0611e8cfcc31d84cad0388a696d5ae6fbd5311195f39f,07434749c73728f48b4fd8617f3f6c135b067a0dd1e065f7df7993bdc8cb6fae,fc2137f4b2bfcc5615b2aa08b9c47d57c686ffb1142280ff668d82cefce32f35
1,131010,y_only,0,"X unused (fix_x=True, F fixed at 0); genre19 array passed",3,5,8,poisson,consistent,-3.228833640589437,6.038801053666954,0.8507336532020093,0.8351879028920538,4950,-2.8129566489382984,4.018682475051382,0.9231422915099894,2.7563846514005235,0.2639781161714418,False,0,0,False,0,True,8.01,04346f68e3f92251c6e7b79eaa3280db4f642084213d865b01115ba92c282524,818fb9cbfd471166036f456d3b1c4fab5e4450d7ebb3e5c70699d83a927ca9df,82dac169a303585940acbc8662ab7cf09eb791767232aba7fb363d244e838031,11e80f6848b57e47014d39158912b18afb974c36874610fb8e1584e067ef6167
1,131010,genre_only,19,bernoulli*19,3,5,8,poisson,consistent,-3.209964421081945,5.984675917627559,0.8531449049231931,0.8372729384154066,4950,-2.805701736577851,3.9912869877180124,0.9249287559759487,2.7255389619081147,0.2701815260478126,False,0,0,False,0,True,9.33,04346f68e3f92251c6e7b79eaa3280db4f642084213d865b01115ba92c282524,818fb9cbfd471166036f456d3b1c4fab5e4450d7ebb3e5c70699d83a927ca9df,82dac169a303585940acbc8662ab7cf09eb791767232aba7fb363d244e838031,11e80f6848b57e47014d39158912b18afb974c36874610fb8e1584e067ef6167
1,131010,genre_year,20,bernoulli*19 + gaussian(year_z),3,5,8,poisson,consistent,-3.1984913460841873,5.924710776310676,0.8552820001756001,0.8408696802766595,4950,-2.8066011476387387,3.988986401700548,0.9248212301840838,2.724835552823394,0.2700241850613902,False,0,0,False,0,True,11.32,04346f68e3f92251c6e7b79eaa3280db4f642084213d865b01115ba92c282524,ee0145a13cda7c1141ae28a03f44054a56afc7da35003d22f17ddc5a915efc8c,82dac169a303585940acbc8662ab7cf09eb791767232aba7fb363d244e838031,11e80f6848b57e47014d39158912b18afb974c36874610fb8e1584e067ef6167
1,131010,genre_logcount_train,20,bernoulli*19 + gaussian(log_count_train_z),3,5,8,poisson,consistent,-3.1933490226122005,5.8735296828374635,0.8554196302113,0.8431059632021028,4950,-2.8047156051164532,3.9836405003207633,0.9246609110012325,2.726144557852201,0.2701341955999593,False,0,0,False,0,True,11.34,04346f68e3f92251c6e7b79eaa3280db4f642084213d865b01115ba92c282524,a8541c457ec6ae1c1b0bcc7fd52770b33039a212145ff179b9d90698ef6a0d46,82dac169a303585940acbc8662ab7cf09eb791767232aba7fb363d244e838031,11e80f6848b57e47014d39158912b18afb974c36874610fb8e1584e067ef6167
1,131010,mixed_train_log,22,"bernoulli*19 + gaussian(mean_rating_train_z, year_z, log_count_train_z)",3,5,8,poisson,consistent,-3.1918173383116075,5.884024319445944,0.8561491019444147,0.8424973479555857,4950,-2.805643374870548,3.984820596141077,0.9246846135523766,2.7279324958168565,0.269497072036125,False,0,0,False,0,True,11.52,04346f68e3f92251c6e7b79eaa3280db4f642084213d865b01115ba92c282524,5bc536c43bcb1baeb9ce668bc50b742b9475182e6ad870c564ce8789b10a5657,82dac169a303585940acbc8662ab7cf09eb791767232aba7fb363d244e838031,11e80f6848b57e47014d39158912b18afb974c36874610fb8e1584e067ef6167
1,131010,mixed_train_raw_poisson,22,"bernoulli*19 + gaussian(mean_rating_train_z, year_z) + poisson(count_train_raw)",3,5,8,poisson,consistent,-3.3568816910220063,6.409271192940555,0.8123065907768549,0.8060664784175736,4950,-2.9639437127525654,4.76699204401661,0.88952978863949,2.500588280226947,0.3201846618591201,False,0,0,False,0,True,13.29,04346f68e3f92251c6e7b79eaa3280db4f642084213d865b01115ba92c282524,6e1ba1a4c4cf850dedb4a0cf219ed993311f695fb9ab7adc74340c40dfbc1b6c,82dac169a303585940acbc8662ab7cf09eb791767232aba7fb363d244e838031,11e80f6848b57e47014d39158912b18afb974c36874610fb8e1584e067ef6167
1,131011,y_only,0,"X unused (fix_x=True, F fixed at 0); genre19 array passed",3,5,8,poisson,consistent,-3.226421087651453,5.9533739525124005,0.8528602281025937,0.8408579520166984,4950,-2.814002964335533,4.004766127472442,0.9228906327815031,2.7590260680259107,0.26300186099880235,False,0,0,False,0,True,7.92,04346f68e3f92251c6e7b79eaa3280db4f642084213d865b01115ba92c282524,818fb9cbfd471166036f456d3b1c4fab5e4450d7ebb3e5c70699d83a927ca9df,82dac169a303585940acbc8662ab7cf09eb791767232aba7fb363d244e838031,11e80f6848b57e47014d39158912b18afb974c36874610fb8e1584e067ef6167
1,131011,genre_only,19,bernoulli*19,3,5,8,poisson,consistent,-3.2125183144602927,5.9463315617813235,0.8542090195063301,0.8403938339375485,4950,-2.804186782545157,3.981252232532378,0.9251552659257953,2.72687773483625,0.2701652909033945,False,0,0,False,0,True,9.27,04346f68e3f92251c6e7b79eaa3280db4f642084213d865b01115ba92c282524,818fb9cbfd471166036f456d3b1c4fab5e4450d7ebb3e5c70699d83a927ca9df,82dac169a303585940acbc8662ab7cf09eb791767232aba7fb363d244e838031,11e80f6848b57e47014d39158912b18afb974c36874610fb8e1584e067ef6167
1,131011,genre_year,20,bernoulli*19 + gaussian(year_z),3,5,8,poisson,consistent,-3.2147174532069394,5.973689391899496,0.8555457066162905,0.8398359824181184,4950,-2.803481000612315,3.9666192999884853,0.9251424181974003,2.7275299765753935,0.269765740150728,False,0,0,False,0,True,11.31,04346f68e3f92251c6e7b79eaa3280db4f642084213d865b01115ba92c282524,ee0145a13cda7c1141ae28a03f44054a56afc7da35003d22f17ddc5a915efc8c,82dac169a303585940acbc8662ab7cf09eb791767232aba7fb363d244e838031,11e80f6848b57e47014d39158912b18afb974c36874610fb8e1584e067ef6167
1,131011,genre_logcount_train,20,bernoulli*19 + gaussian(log_count_train_z),3,5,8,poisson,consistent,-3.1964163084390154,5.861426201619017,0.8574658869420099,0.8454026187881561,4950,-2.8039125610586932,3.9749088657324836,0.9249442953741404,2.728728768549347,0.2695820780487482,False,0,0,False,0,True,12.02,04346f68e3f92251c6e7b79eaa3280db4f642084213d865b01115ba92c282524,a8541c457ec6ae1c1b0bcc7fd52770b33039a212145ff179b9d90698ef6a0d46,82dac169a303585940acbc8662ab7cf09eb791767232aba7fb363d244e838031,11e80f6848b57e47014d39158912b18afb974c36874610fb8e1584e067ef6167
1,131011,mixed_train_log,22,"bernoulli*19 + gaussian(mean_rating_train_z, year_z, log_count_train_z)",3,5,8,poisson,consistent,-3.1961432159754564,5.885706448418868,0.8577130469646433,0.8434585692693125,4950,-2.8068841764070744,3.997778426538517,0.9244041192093984,2.7360211320384034,0.2679310908189387,False,0,0,False,0,True,11.32,04346f68e3f92251c6e7b79eaa3280db4f642084213d865b01115ba92c282524,5bc536c43bcb1baeb9ce668bc50b742b9475182e6ad870c564ce8789b10a5657,82dac169a303585940acbc8662ab7cf09eb791767232aba7fb363d244e838031,11e80f6848b57e47014d39158912b18afb974c36874610fb8e1584e067ef6167
1,131011,mixed_train_raw_poisson,22,"bernoulli*19 + gaussian(mean_rating_train_z, year_z) + poisson(count_train_raw)",3,5,8,poisson,consistent,-3.3570318980591556,6.453343238202617,0.8155864383864405,0.805225450465899,4950,-2.958808492558384,4.746603541105804,0.8885446997536277,2.512837899076122,0.31473608787941904,False,0,0,False,0,True,13.21,04346f68e3f92251c6e7b79eaa3280db4f642084213d865b01115ba92c282524,6e1ba1a4c4cf850dedb4a0cf219ed993311f695fb9ab7adc74340c40dfbc1b6c,82dac169a303585940acbc8662ab7cf09eb791767232aba7fb363d244e838031,11e80f6848b57e47014d39158912b18afb974c36874610fb8e1584e067ef6167
2,131020,y_only,0,"X unused (fix_x=True, F fixed at 0); genre19 array passed",3,5,8,poisson,consistent,-4.724676312993554,11.541651018788455,0.8503087886699174,0.8730387679127054,4950,-2.803167028806174,3.9546471825852056,0.9173354038990932,2.7180496105483907,0.26763746846333303,False,0,0,False,0,True,7.9,eb15b04caa08eef774f3258ea701d535568ae05550600b5d705917184cfa8114,51ae8b9b02e34aec79ea2f92e61ac8d52d1ee602086242eb4cad05cee65fd471,da7f68090d0cff48576f923eabf123cd82ae1ef3e851dc2a373c267f7e731d73,23ee050b9a8f3fa989770d0c2f896bbdde6f4f108a559709d3bb94c67fb8f2fd
2,131020,genre_only,19,bernoulli*19,3,5,8,poisson,consistent,-4.714587342691878,11.530361129705366,0.8495193545604596,0.8709517546112001,4950,-2.7928247234903343,3.9321589111933792,0.9203096788957632,2.6766015608307367,0.27699595053199855,False,0,0,False,0,True,9.26,eb15b04caa08eef774f3258ea701d535568ae05550600b5d705917184cfa8114,51ae8b9b02e34aec79ea2f92e61ac8d52d1ee602086242eb4cad05cee65fd471,da7f68090d0cff48576f923eabf123cd82ae1ef3e851dc2a373c267f7e731d73,23ee050b9a8f3fa989770d0c2f896bbdde6f4f108a559709d3bb94c67fb8f2fd
2,131020,genre_year,20,bernoulli*19 + gaussian(year_z),3,5,8,poisson,consistent,-4.716346593767265,11.541517660115382,0.8492881331039176,0.8702754917935872,4950,-2.792246317617433,3.9295291611324026,0.9208171889058557,2.679990021405168,0.27642573120900354,False,0,0,False,0,True,11.31,eb15b04caa08eef774f3258ea701d535568ae05550600b5d705917184cfa8114,d5dbf62f7d03c345a308e33a39f87758f20de83fd834b7bba21fb706bb60a2cb,da7f68090d0cff48576f923eabf123cd82ae1ef3e851dc2a373c267f7e731d73,23ee050b9a8f3fa989770d0c2f896bbdde6f4f108a559709d3bb94c67fb8f2fd
2,131020,genre_logcount_train,20,bernoulli*19 + gaussian(log_count_train_z),3,5,8,poisson,consistent,-4.7201134846354185,11.545369155304494,0.8525814904790315,0.872131823245078,4950,-2.792824566792578,3.934613199340566,0.9186876348056172,2.681017777366209,0.2751952113261502,False,0,0,False,0,True,11.37,eb15b04caa08eef774f3258ea701d535568ae05550600b5d705917184cfa8114,6a72bc7306c9347f6ed3914222611407e8832d56ca09925ffa427a9d448098e3,da7f68090d0cff48576f923eabf123cd82ae1ef3e851dc2a373c267f7e731d73,23ee050b9a8f3fa989770d0c2f896bbdde6f4f108a559709d3bb94c67fb8f2fd
2,131020,mixed_train_log,22,"bernoulli*19 + gaussian(mean_rating_train_z, year_z, log_count_train_z)",3,5,8,poisson,consistent,-4.708413910046005,11.52428872599853,0.850845753552315,0.8700443706666788,4950,-2.7919774930738237,3.9183100534714446,0.9206758609481013,2.6789076167975225,0.2762664279366615,False,0,0,False,0,True,11.37,eb15b04caa08eef774f3258ea701d535568ae05550600b5d705917184cfa8114,a8965b0e0f0e4babd7056abf7d1cb33a9247a859c01e252b685e7694fb1db4d5,da7f68090d0cff48576f923eabf123cd82ae1ef3e851dc2a373c267f7e731d73,23ee050b9a8f3fa989770d0c2f896bbdde6f4f108a559709d3bb94c67fb8f2fd
2,131020,mixed_train_raw_poisson,22,"bernoulli*19 + gaussian(mean_rating_train_z, year_z) + poisson(count_train_raw)",3,5,8,poisson,consistent,-4.8001408335541855,11.829772967422517,0.8453912102801189,0.8678746275480393,4950,-2.93236438605072,4.610218233627617,0.8887111070786041,2.44423174510027,0.3264840647335247,False,0,0,False,0,True,13.25,eb15b04caa08eef774f3258ea701d535568ae05550600b5d705917184cfa8114,75c70ff2bc96fdb86d9292c6bab0a5fff58602d8006d16f8e96353ec3277af78,da7f68090d0cff48576f923eabf123cd82ae1ef3e851dc2a373c267f7e731d73,23ee050b9a8f3fa989770d0c2f896bbdde6f4f108a559709d3bb94c67fb8f2fd
2,131021,y_only,0,"X unused (fix_x=True, F fixed at 0); genre19 array passed",3,5,8,poisson,consistent,-4.763102548565169,11.607938482629846,0.8539804291349959,0.8737505308355937,4950,-2.8088064838862032,3.966142032661403,0.9161611256886544,2.7170412873880307,0.26755131662763904,False,0,0,False,0,True,7.82,eb15b04caa08eef774f3258ea701d535568ae05550600b5d705917184cfa8114,51ae8b9b02e34aec79ea2f92e61ac8d52d1ee602086242eb4cad05cee65fd471,da7f68090d0cff48576f923eabf123cd82ae1ef3e851dc2a373c267f7e731d73,23ee050b9a8f3fa989770d0c2f896bbdde6f4f108a559709d3bb94c67fb8f2fd
2,131021,genre_only,19,bernoulli*19,3,5,8,poisson,consistent,-4.6704739863010145,11.445895689319718,0.8567084254260344,0.872753186473762,4950,-2.7956060938817138,3.926796125410034,0.9197379278565179,2.6820278417833063,0.2751596472661662,False,0,0,False,0,True,9.24,eb15b04caa08eef774f3258ea701d535568ae05550600b5d705917184cfa8114,51ae8b9b02e34aec79ea2f92e61ac8d52d1ee602086242eb4cad05cee65fd471,da7f68090d0cff48576f923eabf123cd82ae1ef3e851dc2a373c267f7e731d73,23ee050b9a8f3fa989770d0c2f896bbdde6f4f108a559709d3bb94c67fb8f2fd
2,131021,genre_year,20,bernoulli*19 + gaussian(year_z),3,5,8,poisson,consistent,-4.695314052501379,11.527377499505407,0.8564258207363762,0.8718716608261896,4950,-2.7941352556995795,3.937282118658609,0.9190231787129293,2.6796449963593028,0.2754593031601684,False,0,0,False,0,True,11.28,eb15b04caa08eef774f3258ea701d535568ae05550600b5d705917184cfa8114,d5dbf62f7d03c345a308e33a39f87758f20de83fd834b7bba21fb706bb60a2cb,da7f68090d0cff48576f923eabf123cd82ae1ef3e851dc2a373c267f7e731d73,23ee050b9a8f3fa989770d0c2f896bbdde6f4f108a559709d3bb94c67fb8f2fd
2,131021,genre_logcount_train,20,bernoulli*19 + gaussian(log_count_train_z),3,5,8,poisson,consistent,-4.665739838486654,11.45271873729107,0.8584931790707949,0.8742060814780453,4950,-2.7947677622858405,3.926822289037845,0.9186839959697161,2.682874556689997,0.2748361226497808,False,0,0,False,0,True,11.36,eb15b04caa08eef774f3258ea701d535568ae05550600b5d705917184cfa8114,6a72bc7306c9347f6ed3914222611407e8832d56ca09925ffa427a9d448098e3,da7f68090d0cff48576f923eabf123cd82ae1ef3e851dc2a373c267f7e731d73,23ee050b9a8f3fa989770d0c2f896bbdde6f4f108a559709d3bb94c67fb8f2fd
2,131021,mixed_train_log,22,"bernoulli*19 + gaussian(mean_rating_train_z, year_z, log_count_train_z)",3,5,8,poisson,consistent,-4.688907330757521,11.46776631857229,0.8579676003579084,0.8768668735275194,4950,-2.7969113866347035,3.951227812756697,0.9185999002161414,2.6805762099489447,0.2754898827663396,False,0,0,False,0,True,11.26,eb15b04caa08eef774f3258ea701d535568ae05550600b5d705917184cfa8114,a8965b0e0f0e4babd7056abf7d1cb33a9247a859c01e252b685e7694fb1db4d5,da7f68090d0cff48576f923eabf123cd82ae1ef3e851dc2a373c267f7e731d73,23ee050b9a8f3fa989770d0c2f896bbdde6f4f108a559709d3bb94c67fb8f2fd
2,131021,mixed_train_raw_poisson,22,"bernoulli*19 + gaussian(mean_rating_train_z, year_z) + poisson(count_train_raw)",3,5,8,poisson,consistent,-4.7821759451705645,11.767646854301814,0.8478523905567612,0.8694898363932567,4950,-2.9381755007450234,4.632509667959617,0.8857310598929865,2.450716291076732,0.32417653645372496,False,0,0,False,0,True,13.88,eb15b04caa08eef774f3258ea701d535568ae05550600b5d705917184cfa8114,75c70ff2bc96fdb86d9292c6bab0a5fff58602d8006d16f8e96353ec3277af78,da7f68090d0cff48576f923eabf123cd82ae1ef3e851dc2a373c267f7e731d73,23ee050b9a8f3fa989770d0c2f896bbdde6f4f108a559709d3bb94c67fb8f2fd
3,131030,y_only,0,"X unused (fix_x=True, F fixed at 0); genre19 array passed",3,5,8,poisson,consistent,-3.2395910619929857,6.046625058296819,0.8621818776032985,0.8749633146918966,4950,-2.7878754705216484,3.9002653505827993,0.9277323507301181,2.693520062787227,0.28375923325409697,False,0,0,False,0,True,7.82,33031654725f6a81eb6010da76b7f4623703092ba0665781e5f5147fba057fae,270994b1a30b6a957b7600185b55e4148a203ed990d93759b5ecbe9c724eeee6,355d968e6df92fa24fb962cfbb7a7abe54d217fbe394574fdc4fb839a54ae2d1,84c64afc470a006f241bca0e361248c33e0bf2e6b2353b76b92c2891f99bbddb
3,131030,genre_only,19,bernoulli*19,3,5,8,poisson,consistent,-3.2284182762467473,6.005927430699649,0.8640616740443723,0.8768553415803568,4950,-2.776526562225925,3.8473029204010127,0.9301512386193727,2.6619405519306962,0.29014101277546483,False,0,0,False,0,True,9.22,33031654725f6a81eb6010da76b7f4623703092ba0665781e5f5147fba057fae,270994b1a30b6a957b7600185b55e4148a203ed990d93759b5ecbe9c724eeee6,355d968e6df92fa24fb962cfbb7a7abe54d217fbe394574fdc4fb839a54ae2d1,84c64afc470a006f241bca0e361248c33e0bf2e6b2353b76b92c2891f99bbddb
3,131030,genre_year,20,bernoulli*19 + gaussian(year_z),3,5,8,poisson,consistent,-3.2317132797363994,6.022328982710619,0.8634697179961368,0.8760029274765313,4950,-2.7770993225618277,3.85646549764683,0.9297846375130572,2.662528143295694,0.289660118931132,False,0,0,False,0,True,11.3,33031654725f6a81eb6010da76b7f4623703092ba0665781e5f5147fba057fae,d5f098c713ae2e85a294d918a65ee916a477a80aa375927a809b2478845918d7,355d968e6df92fa24fb962cfbb7a7abe54d217fbe394574fdc4fb839a54ae2d1,84c64afc470a006f241bca0e361248c33e0bf2e6b2353b76b92c2891f99bbddb
3,131030,genre_logcount_train,20,bernoulli*19 + gaussian(log_count_train_z),3,5,8,poisson,consistent,-3.224746633178529,5.976010863665741,0.8634119394745619,0.8773283074765611,4950,-2.7775233973470344,3.8670001359472055,0.9295361949776502,2.663047599777627,0.2911385769987728,False,0,0,False,0,True,11.34,33031654725f6a81eb6010da76b7f4623703092ba0665781e5f5147fba057fae,3101c0a8150e5eaccfa70f2c62cac11ff735db87f987eaccae25ecff1d88b4d9,355d968e6df92fa24fb962cfbb7a7abe54d217fbe394574fdc4fb839a54ae2d1,84c64afc470a006f241bca0e361248c33e0bf2e6b2353b76b92c2891f99bbddb
3,131030,mixed_train_log,22,"bernoulli*19 + gaussian(mean_rating_train_z, year_z, log_count_train_z)",3,5,8,poisson,consistent,-3.219254304430687,6.011529323894017,0.8678930447099625,0.87636410448023,4950,-2.776814097634192,3.8387107267105076,0.9305991059247087,2.6632432480284325,0.2893309273840614,False,0,0,False,0,True,11.41,33031654725f6a81eb6010da76b7f4623703092ba0665781e5f5147fba057fae,5d4b3c120d4ff0c725c1ee301615f37e216d5c2b893b172dec8cc0fe078280af,355d968e6df92fa24fb962cfbb7a7abe54d217fbe394574fdc4fb839a54ae2d1,84c64afc470a006f241bca0e361248c33e0bf2e6b2353b76b92c2891f99bbddb
3,131030,mixed_train_raw_poisson,22,"bernoulli*19 + gaussian(mean_rating_train_z, year_z) + poisson(count_train_raw)",3,5,8,poisson,consistent,-3.2837374750679174,6.232038541079766,0.8561863499858027,0.8684855089679521,4950,-2.9325057896786535,4.607774660160602,0.8959168574137406,2.440121568042626,0.33604605824393696,False,0,0,False,0,True,13.16,33031654725f6a81eb6010da76b7f4623703092ba0665781e5f5147fba057fae,d58a9d454548eb318c836b7388d4b7b64a975f450affce6f0f40aea97473ce75,355d968e6df92fa24fb962cfbb7a7abe54d217fbe394574fdc4fb839a54ae2d1,84c64afc470a006f241bca0e361248c33e0bf2e6b2353b76b92c2891f99bbddb
3,131031,y_only,0,"X unused (fix_x=True, F fixed at 0); genre19 array passed",3,5,8,poisson,consistent,-3.235078478458677,6.066722429389856,0.8655552617555002,0.8735928828592734,4950,-2.782988609019156,3.855708857250669,0.930145417834577,2.6920587011274955,0.28308451278986846,False,0,0,False,0,True,7.86,33031654725f6a81eb6010da76b7f4623703092ba0665781e5f5147fba057fae,270994b1a30b6a957b7600185b55e4148a203ed990d93759b5ecbe9c724eeee6,355d968e6df92fa24fb962cfbb7a7abe54d217fbe394574fdc4fb839a54ae2d1,84c64afc470a006f241bca0e361248c33e0bf2e6b2353b76b92c2891f99bbddb
3,131031,genre_only,19,bernoulli*19,3,5,8,poisson,consistent,-3.2271610067283025,6.026869464828489,0.866172746343985,0.8753877332010627,4950,-2.7735891847024154,3.8110297409817737,0.9318789657608486,2.6619882453097836,0.28999249485911965,False,0,0,False,0,True,9.19,33031654725f6a81eb6010da76b7f4623703092ba0665781e5f5147fba057fae,270994b1a30b6a957b7600185b55e4148a203ed990d93759b5ecbe9c724eeee6,355d968e6df92fa24fb962cfbb7a7abe54d217fbe394574fdc4fb839a54ae2d1,84c64afc470a006f241bca0e361248c33e0bf2e6b2353b76b92c2891f99bbddb
3,131031,genre_year,20,bernoulli*19 + gaussian(year_z),3,5,8,poisson,consistent,-3.2209363158354645,6.000299698189097,0.8693941446112076,0.8772766404018743,4950,-2.7769636220546166,3.814279781508574,0.9314896294301951,2.6650441285929825,0.2885768563909117,False,0,0,False,0,True,11.4,33031654725f6a81eb6010da76b7f4623703092ba0665781e5f5147fba057fae,d5f098c713ae2e85a294d918a65ee916a477a80aa375927a809b2478845918d7,355d968e6df92fa24fb962cfbb7a7abe54d217fbe394574fdc4fb839a54ae2d1,84c64afc470a006f241bca0e361248c33e0bf2e6b2353b76b92c2891f99bbddb
3,131031,genre_logcount_train,20,bernoulli*19 + gaussian(log_count_train_z),3,5,8,poisson,consistent,-3.2304605485492526,6.038102828429165,0.8652748681533523,0.875268109948452,4950,-2.7745368024434804,3.8125184340930103,0.9315037200123509,2.6621827538261877,0.28994291927302046,False,0,0,False,0,True,11.32,33031654725f6a81eb6010da76b7f4623703092ba0665781e5f5147fba057fae,3101c0a8150e5eaccfa70f2c62cac11ff735db87f987eaccae25ecff1d88b4d9,355d968e6df92fa24fb962cfbb7a7abe54d217fbe394574fdc4fb839a54ae2d1,84c64afc470a006f241bca0e361248c33e0bf2e6b2353b76b92c2891f99bbddb
3,131031,mixed_train_log,22,"bernoulli*19 + gaussian(mean_rating_train_z, year_z, log_count_train_z)",3,5,8,poisson,consistent,-3.2220714700178243,6.028510550207989,0.8665185230496177,0.8755057510713332,4950,-2.7741757698642155,3.837998698221455,0.9316671309745967,2.662910424755331,0.28932079831452884,False,0,0,False,0,True,11.31,33031654725f6a81eb6010da76b7f4623703092ba0665781e5f5147fba057fae,5d4b3c120d4ff0c725c1ee301615f37e216d5c2b893b172dec8cc0fe078280af,355d968e6df92fa24fb962cfbb7a7abe54d217fbe394574fdc4fb839a54ae2d1,84c64afc470a006f241bca0e361248c33e0bf2e6b2353b76b92c2891f99bbddb
3,131031,mixed_train_raw_poisson,22,"bernoulli*19 + gaussian(mean_rating_train_z, year_z) + poisson(count_train_raw)",3,5,8,poisson,consistent,-3.2875291733236183,6.256423581593254,0.8571733009909026,0.8684713941733049,4950,-2.933971710033432,4.6086640274984365,0.8941101917833714,2.451223579595158,0.3330978564202437,False,0,0,False,0,True,13.29,33031654725f6a81eb6010da76b7f4623703092ba0665781e5f5147fba057fae,d58a9d454548eb318c836b7388d4b7b64a975f450affce6f0f40aea97473ce75,355d968e6df92fa24fb962cfbb7a7abe54d217fbe394574fdc4fb839a54ae2d1,84c64afc470a006f241bca0e361248c33e0bf2e6b2353b76b92c2891f99bbddb
4,131040,y_only,0,"X unused (fix_x=True, F fixed at 0); genre19 array passed",3,5,8,poisson,consistent,-3.1677906247046104,5.881479891558815,0.8435333464552266,0.8339634064393846,4950,-2.804991850406393,4.002777478263388,0.9216104451413534,2.680459796449246,0.27997410753458657,False,0,0,False,0,True,7.87,4c6a75c36092f78b163f5dc63589cc85502546c3ca4fcfaad5d5b6afae27a7d1,1bc9124b6d3bb972e62c6ba6927b82af1c4967b6edbbce22a7c06d0c7643f8c3,82f6f7f3ee7078d3ebc0587b7d010f890b0b2c71a7a9ec2fab534971d05eba89,7083db15ff48a7ea2764ebda8a2c09a039f567a797af8f5662bc7e76c9ca509b
4,131040,genre_only,19,bernoulli*19,3,5,8,poisson,consistent,-3.1382582565739243,5.780956273377554,0.8502786036101614,0.8398156423957721,4950,-2.7930083270726462,3.9518765464007477,0.9247521298214221,2.644057974159775,0.28841224596258963,False,0,0,False,0,True,9.17,4c6a75c36092f78b163f5dc63589cc85502546c3ca4fcfaad5d5b6afae27a7d1,1bc9124b6d3bb972e62c6ba6927b82af1c4967b6edbbce22a7c06d0c7643f8c3,82f6f7f3ee7078d3ebc0587b7d010f890b0b2c71a7a9ec2fab534971d05eba89,7083db15ff48a7ea2764ebda8a2c09a039f567a797af8f5662bc7e76c9ca509b
4,131040,genre_year,20,bernoulli*19 + gaussian(year_z),3,5,8,poisson,consistent,-3.1531839274488513,5.837771459644803,0.8484497238293949,0.8377461751430668,4950,-2.7921356268022977,3.9493279286759315,0.9255885152589164,2.644044891617543,0.2877175349214349,False,0,0,False,0,True,11.31,4c6a75c36092f78b163f5dc63589cc85502546c3ca4fcfaad5d5b6afae27a7d1,894de524e973f7d76b555c4e3aee95a27fa9cbcdcbb995af42aa3f31708a5941,82f6f7f3ee7078d3ebc0587b7d010f890b0b2c71a7a9ec2fab534971d05eba89,7083db15ff48a7ea2764ebda8a2c09a039f567a797af8f5662bc7e76c9ca509b
4,131040,genre_logcount_train,20,bernoulli*19 + gaussian(log_count_train_z),3,5,8,poisson,consistent,-3.135710061424785,5.795228590291747,0.8513332246812859,0.8385083163972019,4950,-2.7931232151929577,3.957972708781651,0.9248789362460512,2.645346809764244,0.2873866777733776,False,0,0,False,0,True,11.27,4c6a75c36092f78b163f5dc63589cc85502546c3ca4fcfaad5d5b6afae27a7d1,4a90b4f944c909693788c5c6866a0555b95b68d545eb79e4ef6f709fbf39e683,82f6f7f3ee7078d3ebc0587b7d010f890b0b2c71a7a9ec2fab534971d05eba89,7083db15ff48a7ea2764ebda8a2c09a039f567a797af8f5662bc7e76c9ca509b
4,131040,mixed_train_log,22,"bernoulli*19 + gaussian(mean_rating_train_z, year_z, log_count_train_z)",3,5,8,poisson,consistent,-3.1353664827186694,5.792575365868726,0.8511465618657894,0.8393043031669073,4950,-2.7925190887216185,3.95352123419703,0.9250102281521893,2.6442472378438304,0.2880761710314023,False,0,0,False,0,True,11.23,4c6a75c36092f78b163f5dc63589cc85502546c3ca4fcfaad5d5b6afae27a7d1,9ed7286e73a5557285273fdc04b0606a9f3f32a2cd38edfeba0776cf56f6a1e6,82f6f7f3ee7078d3ebc0587b7d010f890b0b2c71a7a9ec2fab534971d05eba89,7083db15ff48a7ea2764ebda8a2c09a039f567a797af8f5662bc7e76c9ca509b
4,131040,mixed_train_raw_poisson,22,"bernoulli*19 + gaussian(mean_rating_train_z, year_z) + poisson(count_train_raw)",3,5,8,poisson,consistent,-3.243959854769953,6.093576316166032,0.8245137416336284,0.8153479754653737,4950,-2.942957713053805,4.634198461538211,0.8940734083464466,2.4153943967157283,0.33591619903856684,False,0,0,False,0,True,13.21,4c6a75c36092f78b163f5dc63589cc85502546c3ca4fcfaad5d5b6afae27a7d1,0ad4abe0f2a11efff43b063416fa2818eb5c6f1d16eada59a03fb33fff46c857,82f6f7f3ee7078d3ebc0587b7d010f890b0b2c71a7a9ec2fab534971d05eba89,7083db15ff48a7ea2764ebda8a2c09a039f567a797af8f5662bc7e76c9ca509b
4,131041,y_only,0,"X unused (fix_x=True, F fixed at 0); genre19 array passed",3,5,8,poisson,consistent,-3.161524954679598,5.876484530166911,0.8475025938772457,0.8366386290319915,4950,-2.803128892266607,3.9850108602307737,0.9221514085342233,2.679469777703447,0.28000585438898357,False,0,0,False,0,True,7.82,4c6a75c36092f78b163f5dc63589cc85502546c3ca4fcfaad5d5b6afae27a7d1,1bc9124b6d3bb972e62c6ba6927b82af1c4967b6edbbce22a7c06d0c7643f8c3,82f6f7f3ee7078d3ebc0587b7d010f890b0b2c71a7a9ec2fab534971d05eba89,7083db15ff48a7ea2764ebda8a2c09a039f567a797af8f5662bc7e76c9ca509b
4,131041,genre_only,19,bernoulli*19,3,5,8,poisson,consistent,-3.139909795365931,5.823912547238892,0.8527249797518751,0.8401905920612901,4950,-2.7908687113100314,3.939270618539301,0.9252028475890928,2.643324754602342,0.2873825050775019,False,0,0,False,0,True,9.25,4c6a75c36092f78b163f5dc63589cc85502546c3ca4fcfaad5d5b6afae27a7d1,1bc9124b6d3bb972e62c6ba6927b82af1c4967b6edbbce22a7c06d0c7643f8c3,82f6f7f3ee7078d3ebc0587b7d010f890b0b2c71a7a9ec2fab534971d05eba89,7083db15ff48a7ea2764ebda8a2c09a039f567a797af8f5662bc7e76c9ca509b
4,131041,genre_year,20,bernoulli*19 + gaussian(year_z),3,5,8,poisson,consistent,-3.150951242292509,5.876223888205125,0.852237993543543,0.8376177243455757,4950,-2.7938048245084963,3.945149836259033,0.925044725346043,2.646092004327147,0.28693285969033494,False,0,0,False,0,True,11.3,4c6a75c36092f78b163f5dc63589cc85502546c3ca4fcfaad5d5b6afae27a7d1,894de524e973f7d76b555c4e3aee95a27fa9cbcdcbb995af42aa3f31708a5941,82f6f7f3ee7078d3ebc0587b7d010f890b0b2c71a7a9ec2fab534971d05eba89,7083db15ff48a7ea2764ebda8a2c09a039f567a797af8f5662bc7e76c9ca509b
4,131041,genre_logcount_train,20,bernoulli*19 + gaussian(log_count_train_z),3,5,8,poisson,consistent,-3.139855989946077,5.806000804129246,0.8520854226649726,0.8408576274915935,4950,-2.792472490061582,3.943761619130365,0.925295100844765,2.6463481050268842,0.2869532392632158,False,0,0,False,0,True,11.92,4c6a75c36092f78b163f5dc63589cc85502546c3ca4fcfaad5d5b6afae27a7d1,4a90b4f944c909693788c5c6866a0555b95b68d545eb79e4ef6f709fbf39e683,82f6f7f3ee7078d3ebc0587b7d010f890b0b2c71a7a9ec2fab534971d05eba89,7083db15ff48a7ea2764ebda8a2c09a039f567a797af8f5662bc7e76c9ca509b
4,131041,mixed_train_log,22,"bernoulli*19 + gaussian(mean_rating_train_z, year_z, log_count_train_z)",3,5,8,poisson,consistent,-3.1253578965530715,5.699121947950825,0.8536800876823131,0.8441308484697246,4950,-2.7921324301789143,3.9345425647728476,0.9258757109430246,2.6476327501351737,0.2862763960850061,False,0,0,False,0,True,13.51,4c6a75c36092f78b163f5dc63589cc85502546c3ca4fcfaad5d5b6afae27a7d1,9ed7286e73a5557285273fdc04b0606a9f3f32a2cd38edfeba0776cf56f6a1e6,82f6f7f3ee7078d3ebc0587b7d010f890b0b2c71a7a9ec2fab534971d05eba89,7083db15ff48a7ea2764ebda8a2c09a039f567a797af8f5662bc7e76c9ca509b
4,131041,mixed_train_raw_poisson,22,"bernoulli*19 + gaussian(mean_rating_train_z, year_z) + poisson(count_train_raw)",3,5,8,poisson,consistent,-3.233593358071902,6.048564100575123,0.827807332000569,0.818947388776557,4950,-2.942655508343197,4.63906166845782,0.894617284622322,2.420001222056128,0.3324869599125539,False,0,0,False,0,True,13.28,4c6a75c36092f78b163f5dc63589cc85502546c3ca4fcfaad5d5b6afae27a7d1,0ad4abe0f2a11efff43b063416fa2818eb5c6f1d16eada59a03fb33fff46c857,82f6f7f3ee7078d3ebc0587b7d010f890b0b2c71a7a9ec2fab534971d05eba89,7083db15ff48a7ea2764ebda8a2c09a039f567a797af8f5662bc7e76c9ca509b
5,131050,y_only,0,"X unused (fix_x=True, F fixed at 0); genre19 array passed",3,5,8,poisson,consistent,-3.2432868378009454,6.0184200999196245,0.8548824376412929,0.8671351100774466,4950,-2.78548427866532,3.856632469088122,0.9301799134445855,2.720411547800676,0.27543002975061787,False,0,0,False,0,True,8.12,58724dd5cdca2b03d3644aaa3d595c367841d199201ad80b52dd85e7c1392736,fea7ee07f82e393829617847954331ab008d9c678efa5a1bbc5a33e374967dcb,62bf04f15f3b5167b423e86e4c0c59df80c1aa33f3976b86c4114d8636c85618,831548745831c62ee9193fbbcd6044b5562940f0a611fd0eac1e13a88db45a4b
5,131050,genre_only,19,bernoulli*19,3,5,8,poisson,consistent,-3.245751155604022,6.019881155863882,0.8549754496540782,0.8672277067300963,4950,-2.774964964842541,3.808703516521277,0.9325983383053897,2.6843598970006717,0.28275866144726963,False,0,0,False,0,True,9.31,58724dd5cdca2b03d3644aaa3d595c367841d199201ad80b52dd85e7c1392736,fea7ee07f82e393829617847954331ab008d9c678efa5a1bbc5a33e374967dcb,62bf04f15f3b5167b423e86e4c0c59df80c1aa33f3976b86c4114d8636c85618,831548745831c62ee9193fbbcd6044b5562940f0a611fd0eac1e13a88db45a4b
5,131050,genre_year,20,bernoulli*19 + gaussian(year_z),3,5,8,poisson,consistent,-3.246377773338533,6.040210474643259,0.8547181962510702,0.8661627187340315,4950,-2.7741239415368364,3.8034380518229285,0.9325959313667151,2.6883213051159713,0.28246725483935037,False,0,0,False,0,True,11.37,58724dd5cdca2b03d3644aaa3d595c367841d199201ad80b52dd85e7c1392736,cf62c4569d15e11445646ab0254b0d7b3dd9a2770a312d3cc37d19beed9618b6,62bf04f15f3b5167b423e86e4c0c59df80c1aa33f3976b86c4114d8636c85618,831548745831c62ee9193fbbcd6044b5562940f0a611fd0eac1e13a88db45a4b
5,131050,genre_logcount_train,20,bernoulli*19 + gaussian(log_count_train_z),3,5,8,poisson,consistent,-3.234217887847365,5.991297890710487,0.8565793611593604,0.8685299644328757,4950,-2.7745604104933532,3.816497995878247,0.9324773847126463,2.6861978085932674,0.2828748588871989,False,0,0,False,0,True,11.31,58724dd5cdca2b03d3644aaa3d595c367841d199201ad80b52dd85e7c1392736,3f1d70b75c0b55935c42733578c398fc19248852df13c7103a472f8a5df439e6,62bf04f15f3b5167b423e86e4c0c59df80c1aa33f3976b86c4114d8636c85618,831548745831c62ee9193fbbcd6044b5562940f0a611fd0eac1e13a88db45a4b
5,131050,mixed_train_log,22,"bernoulli*19 + gaussian(mean_rating_train_z, year_z, log_count_train_z)",3,5,8,poisson,consistent,-3.2427475524589977,6.033178237558491,0.8529150535892662,0.8663838643761211,4950,-2.774719465157546,3.827585157946989,0.9325148939373742,2.6897661662963626,0.28193463300118393,False,0,0,False,0,True,11.28,58724dd5cdca2b03d3644aaa3d595c367841d199201ad80b52dd85e7c1392736,d14210608af1c3e7c5d62f2ffa7c707ee00526eb6c32c5bc681625ae0994042c,62bf04f15f3b5167b423e86e4c0c59df80c1aa33f3976b86c4114d8636c85618,831548745831c62ee9193fbbcd6044b5562940f0a611fd0eac1e13a88db45a4b
5,131050,mixed_train_raw_poisson,22,"bernoulli*19 + gaussian(mean_rating_train_z, year_z) + poisson(count_train_raw)",3,5,8,poisson,consistent,-3.3963579618766615,6.5279717513247455,0.8268001405370328,0.8430851022327068,4950,-2.9201656753919027,4.517914304536528,0.8991553105215825,2.4671706351868297,0.3311897817022587,False,0,0,False,0,True,13.2,58724dd5cdca2b03d3644aaa3d595c367841d199201ad80b52dd85e7c1392736,854884a3e02517bc1b9e0d1a361f7a848297204dda471d55ff03e56eb24e84ce,62bf04f15f3b5167b423e86e4c0c59df80c1aa33f3976b86c4114d8636c85618,831548745831c62ee9193fbbcd6044b5562940f0a611fd0eac1e13a88db45a4b
5,131051,y_only,0,"X unused (fix_x=True, F fixed at 0); genre19 array passed",3,5,8,poisson,consistent,-3.272575021933875,6.149308250206823,0.8484745433305727,0.8608916110406872,4950,-2.7829575044304584,3.840073174734526,0.930758909387365,2.7164411471484864,0.2757452473601872,False,0,0,False,0,True,7.84,58724dd5cdca2b03d3644aaa3d595c367841d199201ad80b52dd85e7c1392736,fea7ee07f82e393829617847954331ab008d9c678efa5a1bbc5a33e374967dcb,62bf04f15f3b5167b423e86e4c0c59df80c1aa33f3976b86c4114d8636c85618,831548745831c62ee9193fbbcd6044b5562940f0a611fd0eac1e13a88db45a4b
5,131051,genre_only,19,bernoulli*19,3,5,8,poisson,consistent,-3.2738293143586956,6.146350978111853,0.8493649250240745,0.8612810741529823,4950,-2.7736970587951717,3.8039846016509253,0.9331200899970639,2.6830453319243466,0.28292810601421997,False,0,0,False,0,True,9.29,58724dd5cdca2b03d3644aaa3d595c367841d199201ad80b52dd85e7c1392736,fea7ee07f82e393829617847954331ab008d9c678efa5a1bbc5a33e374967dcb,62bf04f15f3b5167b423e86e4c0c59df80c1aa33f3976b86c4114d8636c85618,831548745831c62ee9193fbbcd6044b5562940f0a611fd0eac1e13a88db45a4b
5,131051,genre_year,20,bernoulli*19 + gaussian(year_z),3,5,8,poisson,consistent,-3.2702894001028993,6.146439197925613,0.8497729026377334,0.8614244983781297,4950,-2.772723747603918,3.795778721154194,0.9333107202923593,2.681941540539588,0.28373378022762125,False,0,0,False,0,True,11.46,58724dd5cdca2b03d3644aaa3d595c367841d199201ad80b52dd85e7c1392736,cf62c4569d15e11445646ab0254b0d7b3dd9a2770a312d3cc37d19beed9618b6,62bf04f15f3b5167b423e86e4c0c59df80c1aa33f3976b86c4114d8636c85618,831548745831c62ee9193fbbcd6044b5562940f0a611fd0eac1e13a88db45a4b
5,131051,genre_logcount_train,20,bernoulli*19 + gaussian(log_count_train_z),3,5,8,poisson,consistent,-3.260222929118946,6.0704807291796845,0.8505604146528932,0.8654622231317824,4950,-2.773160099904745,3.7983792548178807,0.9327149367516011,2.6887805014932646,0.28250902642413905,False,0,0,False,0,True,11.23,58724dd5cdca2b03d3644aaa3d595c367841d199201ad80b52dd85e7c1392736,3f1d70b75c0b55935c42733578c398fc19248852df13c7103a472f8a5df439e6,62bf04f15f3b5167b423e86e4c0c59df80c1aa33f3976b86c4114d8636c85618,831548745831c62ee9193fbbcd6044b5562940f0a611fd0eac1e13a88db45a4b
5,131051,mixed_train_log,22,"bernoulli*19 + gaussian(mean_rating_train_z, year_z, log_count_train_z)",3,5,8,poisson,consistent,-3.2569900373953242,6.065474456553326,0.8515389935243267,0.8656642346640723,4950,-2.7743266700178744,3.809382478245186,0.9328839264242955,2.6889089215923248,0.2821956785638935,False,0,0,False,0,True,11.34,58724dd5cdca2b03d3644aaa3d595c367841d199201ad80b52dd85e7c1392736,d14210608af1c3e7c5d62f2ffa7c707ee00526eb6c32c5bc681625ae0994042c,62bf04f15f3b5167b423e86e4c0c59df80c1aa33f3976b86c4114d8636c85618,831548745831c62ee9193fbbcd6044b5562940f0a611fd0eac1e13a88db45a4b
5,131051,mixed_train_raw_poisson,22,"bernoulli*19 + gaussian(mean_rating_train_z, year_z) + poisson(count_train_raw)",3,5,8,poisson,consistent,-3.344731330352563,6.345383115751017,0.8376616498446448,0.8532469744067526,4950,-2.912195423690573,4.4991471525236015,0.9011411140145902,2.463219529354039,0.3324486620161986,False,0,0,False,0,True,13.19,58724dd5cdca2b03d3644aaa3d595c367841d199201ad80b52dd85e7c1392736,854884a3e02517bc1b9e0d1a361f7a848297204dda471d55ff03e56eb24e84ce,62bf04f15f3b5167b423e86e4c0c59df80c1aa33f3976b86c4114d8636c85618,831548745831c62ee9193fbbcd6044b5562940f0a611fd0eac1e13a88db45a4b
6,131060,y_only,0,"X unused (fix_x=True, F fixed at 0); genre19 array passed",3,5,8,poisson,consistent,-3.332372344833125,6.325259805318452,0.8423874476732918,0.8461913059046378,4950,-2.8042091207743187,3.9572910591238104,0.9214016905812681,2.74414764248543,0.26355092895422655,False,0,0,False,0,True,8.07,58f95657d1c85fb1231e111fda39c15a3049079a31928205dae409171aeba36b,7eddfd7670a1c1e8d69fa342277dfafe3cd5673dbd51942cc0427b266e34f66f,6da867b7a5fe9064e557d9f07c948c8bee9d3131d098d4ebfc64ee1ff13ddae2,d25760d223cfa9e475f7b04d5bfe1fb205adecde7de33fc54b6ee44c37dedd47
6,131060,genre_only,19,bernoulli*19,3,5,8,poisson,consistent,-3.316054796442928,6.222338072368733,0.8457280327418615,0.8531319189333818,4950,-2.7950034359990696,3.909251814394766,0.9240235756305333,2.71132580962645,0.2700853315427291,False,0,0,False,0,True,9.29,58f95657d1c85fb1231e111fda39c15a3049079a31928205dae409171aeba36b,7eddfd7670a1c1e8d69fa342277dfafe3cd5673dbd51942cc0427b266e34f66f,6da867b7a5fe9064e557d9f07c948c8bee9d3131d098d4ebfc64ee1ff13ddae2,d25760d223cfa9e475f7b04d5bfe1fb205adecde7de33fc54b6ee44c37dedd47
6,131060,genre_year,20,bernoulli*19 + gaussian(year_z),3,5,8,poisson,consistent,-3.3380568357572273,6.362302678351488,0.8424818389665013,0.8449652887243911,4950,-2.790596866909106,3.893650326480313,0.9246870043106734,2.7118673477727504,0.2701245221186714,False,0,0,False,0,True,11.28,58f95657d1c85fb1231e111fda39c15a3049079a31928205dae409171aeba36b,346694ba60d8e131bbab9b7edbc0e6a25931980ff66b6469ee810b2da5d18c1f,6da867b7a5fe9064e557d9f07c948c8bee9d3131d098d4ebfc64ee1ff13ddae2,d25760d223cfa9e475f7b04d5bfe1fb205adecde7de33fc54b6ee44c37dedd47
6,131060,genre_logcount_train,20,bernoulli*19 + gaussian(log_count_train_z),3,5,8,poisson,consistent,-3.2967371084768087,6.168702246344903,0.8500718399643282,0.8558235243531622,4950,-2.7961237031197985,3.915544387404107,0.9237863718511578,2.717266589864192,0.2688784882543227,False,0,0,False,0,True,11.24,58f95657d1c85fb1231e111fda39c15a3049079a31928205dae409171aeba36b,239de18968e3f4a8747349555a11fea61c81cf547a52028de41bed427a5db236,6da867b7a5fe9064e557d9f07c948c8bee9d3131d098d4ebfc64ee1ff13ddae2,d25760d223cfa9e475f7b04d5bfe1fb205adecde7de33fc54b6ee44c37dedd47
6,131060,mixed_train_log,22,"bernoulli*19 + gaussian(mean_rating_train_z, year_z, log_count_train_z)",3,5,8,poisson,consistent,-3.3005140407350724,6.2072403254973425,0.8480706455999407,0.8540039831596777,4950,-2.794922095633929,3.9016349354420954,0.9243961001792788,2.7161331104202104,0.26961195673084754,False,0,0,False,0,True,11.36,58f95657d1c85fb1231e111fda39c15a3049079a31928205dae409171aeba36b,44656177595030585b0418370a0acbb2d4e187a0e901a42019918baa1f60d778,6da867b7a5fe9064e557d9f07c948c8bee9d3131d098d4ebfc64ee1ff13ddae2,d25760d223cfa9e475f7b04d5bfe1fb205adecde7de33fc54b6ee44c37dedd47
6,131060,mixed_train_raw_poisson,22,"bernoulli*19 + gaussian(mean_rating_train_z, year_z) + poisson(count_train_raw)",3,5,8,poisson,consistent,-3.3785139833133013,6.4115557946426165,0.8419072283229837,0.8442541468257871,4950,-2.926404800180067,4.561656086353322,0.8951918927850617,2.502765296478077,0.31475263414415816,False,0,0,False,0,True,13.12,58f95657d1c85fb1231e111fda39c15a3049079a31928205dae409171aeba36b,e5a6cce399696b5865d884ee326044128ddec6a31ae7ce23e6ffb17166a490a8,6da867b7a5fe9064e557d9f07c948c8bee9d3131d098d4ebfc64ee1ff13ddae2,d25760d223cfa9e475f7b04d5bfe1fb205adecde7de33fc54b6ee44c37dedd47
6,131061,y_only,0,"X unused (fix_x=True, F fixed at 0); genre19 array passed",3,5,8,poisson,consistent,-3.3001929450554885,6.1953555371543425,0.8484255526221903,0.8538217288201184,4950,-2.8052465987069612,3.9585965252503286,0.9210064568614609,2.744596018339631,0.2638688076288945,False,0,0,False,0,True,7.84,58f95657d1c85fb1231e111fda39c15a3049079a31928205dae409171aeba36b,7eddfd7670a1c1e8d69fa342277dfafe3cd5673dbd51942cc0427b266e34f66f,6da867b7a5fe9064e557d9f07c948c8bee9d3131d098d4ebfc64ee1ff13ddae2,d25760d223cfa9e475f7b04d5bfe1fb205adecde7de33fc54b6ee44c37dedd47
6,131061,genre_only,19,bernoulli*19,3,5,8,poisson,consistent,-3.290750394949178,6.1977701947310155,0.8526386747414522,0.8544247908470105,4950,-2.7971336288243704,3.93604843067041,0.9234755781964132,2.7132729108239504,0.2699934754199219,False,0,0,False,0,True,9.35,58f95657d1c85fb1231e111fda39c15a3049079a31928205dae409171aeba36b,7eddfd7670a1c1e8d69fa342277dfafe3cd5673dbd51942cc0427b266e34f66f,6da867b7a5fe9064e557d9f07c948c8bee9d3131d098d4ebfc64ee1ff13ddae2,d25760d223cfa9e475f7b04d5bfe1fb205adecde7de33fc54b6ee44c37dedd47
6,131061,genre_year,20,bernoulli*19 + gaussian(year_z),3,5,8,poisson,consistent,-3.3485143773134514,6.373536341638614,0.839420815425732,0.844473982722097,4950,-2.7960162603899046,3.9228338444930677,0.9233878748884964,2.715978314399479,0.26909668023142025,False,0,0,False,0,True,11.3,58f95657d1c85fb1231e111fda39c15a3049079a31928205dae409171aeba36b,346694ba60d8e131bbab9b7edbc0e6a25931980ff66b6469ee810b2da5d18c1f,6da867b7a5fe9064e557d9f07c948c8bee9d3131d098d4ebfc64ee1ff13ddae2,d25760d223cfa9e475f7b04d5bfe1fb205adecde7de33fc54b6ee44c37dedd47
6,131061,genre_logcount_train,20,bernoulli*19 + gaussian(log_count_train_z),3,5,8,poisson,consistent,-3.3014774682959653,6.257249677946367,0.8520338929206738,0.8507884801881933,4950,-2.796746759115974,3.9036604173655403,0.9228317495125021,2.7189367475447908,0.2694766494050051,False,0,0,False,0,True,11.23,58f95657d1c85fb1231e111fda39c15a3049079a31928205dae409171aeba36b,239de18968e3f4a8747349555a11fea61c81cf547a52028de41bed427a5db236,6da867b7a5fe9064e557d9f07c948c8bee9d3131d098d4ebfc64ee1ff13ddae2,d25760d223cfa9e475f7b04d5bfe1fb205adecde7de33fc54b6ee44c37dedd47
6,131061,mixed_train_log,22,"bernoulli*19 + gaussian(mean_rating_train_z, year_z, log_count_train_z)",3,5,8,poisson,consistent,-3.2930439067206425,6.177677732364138,0.850137132705235,0.8555341220186289,4950,-2.797153454696992,3.912081197954562,0.9229749880320058,2.7139832840427887,0.27010234332808775,False,0,0,False,0,True,11.32,58f95657d1c85fb1231e111fda39c15a3049079a31928205dae409171aeba36b,44656177595030585b0418370a0acbb2d4e187a0e901a42019918baa1f60d778,6da867b7a5fe9064e557d9f07c948c8bee9d3131d098d4ebfc64ee1ff13ddae2,d25760d223cfa9e475f7b04d5bfe1fb205adecde7de33fc54b6ee44c37dedd47
6,131061,mixed_train_raw_poisson,22,"bernoulli*19 + gaussian(mean_rating_train_z, year_z) + poisson(count_train_raw)",3,5,8,poisson,consistent,-3.3841778957437607,6.371911546867339,0.8345378856390547,0.8468213043533308,4950,-2.9239557143348254,4.558728411486151,0.8950999177395663,2.4954345741168256,0.3173845348701309,False,0,0,False,0,True,13.16,58f95657d1c85fb1231e111fda39c15a3049079a31928205dae409171aeba36b,e5a6cce399696b5865d884ee326044128ddec6a31ae7ce23e6ffb17166a490a8,6da867b7a5fe9064e557d9f07c948c8bee9d3131d098d4ebfc64ee1ff13ddae2,d25760d223cfa9e475f7b04d5bfe1fb205adecde7de33fc54b6ee44c37dedd47
7,131070,y_only,0,"X unused (fix_x=True, F fixed at 0); genre19 array passed",3,5,8,poisson,consistent,-3.2896727611731342,6.2194628258126885,0.8453926766651326,0.8485633492156804,4950,-2.8265468502855677,4.00051854839092,0.9278141217898681,2.780201058292025,0.2636716712867252,False,0,0,False,0,True,7.79,48cea1e68c79563855304b0e0718b12ee2aac077cd4a9e812548328bcd0f7f69,e92e0932b1e95bf60efe451a5d10c1c03c3e319dbc3c98f0eccbdee8cad11828,48c62b2fc97488417987482472f48f6b6ccba29ca58ad3feff2079b0ea237da9,6ba63b558f5cdabbf9dc243c28a444966c5896e6b5f00bff814eb5686697672c
7,131070,genre_only,19,bernoulli*19,3,5,8,poisson,consistent,-3.282996647227612,6.193772607549295,0.8478117601094084,0.8504283992741293,4950,-2.8145517163212195,3.9399725372277232,0.9307108796408249,2.7464153962264657,0.2714952204748095,False,0,0,False,0,True,9.29,48cea1e68c79563855304b0e0718b12ee2aac077cd4a9e812548328bcd0f7f69,e92e0932b1e95bf60efe451a5d10c1c03c3e319dbc3c98f0eccbdee8cad11828,48c62b2fc97488417987482472f48f6b6ccba29ca58ad3feff2079b0ea237da9,6ba63b558f5cdabbf9dc243c28a444966c5896e6b5f00bff814eb5686697672c
7,131070,genre_year,20,bernoulli*19 + gaussian(year_z),3,5,8,poisson,consistent,-3.2697665229360826,6.1573025346412225,0.8514258097155936,0.8528689349064353,4950,-2.813349204733112,3.9477942145419624,0.9311195339272026,2.747461833920961,0.27048586524067647,False,0,0,False,0,True,11.28,48cea1e68c79563855304b0e0718b12ee2aac077cd4a9e812548328bcd0f7f69,f792571b75a5af566376411688d522eab0a05674516be262d312ce9046e8514c,48c62b2fc97488417987482472f48f6b6ccba29ca58ad3feff2079b0ea237da9,6ba63b558f5cdabbf9dc243c28a444966c5896e6b5f00bff814eb5686697672c
7,131070,genre_logcount_train,20,bernoulli*19 + gaussian(log_count_train_z),3,5,8,poisson,consistent,-3.276109875272441,6.188887429252175,0.8510372513862744,0.8520796179871691,4950,-2.8132168144798415,3.954803828744637,0.9310888723683094,2.7518604043480823,0.26950559413248415,False,0,0,False,0,True,11.26,48cea1e68c79563855304b0e0718b12ee2aac077cd4a9e812548328bcd0f7f69,ad03a6e8b84a002da222461efa87cca1f50e44a1ce63b0960424e0e4b19e008b,48c62b2fc97488417987482472f48f6b6ccba29ca58ad3feff2079b0ea237da9,6ba63b558f5cdabbf9dc243c28a444966c5896e6b5f00bff814eb5686697672c
7,131070,mixed_train_log,22,"bernoulli*19 + gaussian(mean_rating_train_z, year_z, log_count_train_z)",3,5,8,poisson,consistent,-3.2793405718834503,6.180696357296268,0.8481855112705996,0.8514988669069322,4950,-2.8140803467376774,3.944071261580536,0.9302934635516252,2.7491631343848697,0.27067442600068375,False,0,0,False,0,True,11.38,48cea1e68c79563855304b0e0718b12ee2aac077cd4a9e812548328bcd0f7f69,31f77f2218377149912399d59b37bc2fafbd7029be012779bf6189e1fe4e6112,48c62b2fc97488417987482472f48f6b6ccba29ca58ad3feff2079b0ea237da9,6ba63b558f5cdabbf9dc243c28a444966c5896e6b5f00bff814eb5686697672c
7,131070,mixed_train_raw_poisson,22,"bernoulli*19 + gaussian(mean_rating_train_z, year_z) + poisson(count_train_raw)",3,5,8,poisson,consistent,-3.359534954794094,6.4070238854313075,0.832186636911248,0.8386618218166996,4950,-2.9520901313128127,4.636492961963356,0.9018553034818088,2.5246565923116107,0.32037490014068903,False,0,0,False,0,True,13.27,48cea1e68c79563855304b0e0718b12ee2aac077cd4a9e812548328bcd0f7f69,d4f7309c90ca04e649a2b2be4db506f8de31474c86fa9a65db244bd770441d5a,48c62b2fc97488417987482472f48f6b6ccba29ca58ad3feff2079b0ea237da9,6ba63b558f5cdabbf9dc243c28a444966c5896e6b5f00bff814eb5686697672c
7,131071,y_only,0,"X unused (fix_x=True, F fixed at 0); genre19 array passed",3,5,8,poisson,consistent,-3.29459388587021,6.332511797457976,0.8459951934814988,0.8429684790563099,4950,-2.829980516568313,4.033693439100249,0.9269400164995977,2.781831450168248,0.26312907474241337,False,0,0,False,0,True,7.86,48cea1e68c79563855304b0e0718b12ee2aac077cd4a9e812548328bcd0f7f69,e92e0932b1e95bf60efe451a5d10c1c03c3e319dbc3c98f0eccbdee8cad11828,48c62b2fc97488417987482472f48f6b6ccba29ca58ad3feff2079b0ea237da9,6ba63b558f5cdabbf9dc243c28a444966c5896e6b5f00bff814eb5686697672c
7,131071,genre_only,19,bernoulli*19,3,5,8,poisson,consistent,-3.298702950952819,6.33828563851571,0.8465490359181648,0.8431675207209175,4950,-2.81777833975485,4.000251373788493,0.9288572945292654,2.7498293788758756,0.26988895656020073,False,0,0,False,0,True,9.29,48cea1e68c79563855304b0e0718b12ee2aac077cd4a9e812548328bcd0f7f69,e92e0932b1e95bf60efe451a5d10c1c03c3e319dbc3c98f0eccbdee8cad11828,48c62b2fc97488417987482472f48f6b6ccba29ca58ad3feff2079b0ea237da9,6ba63b558f5cdabbf9dc243c28a444966c5896e6b5f00bff814eb5686697672c
7,131071,genre_year,20,bernoulli*19 + gaussian(year_z),3,5,8,poisson,consistent,-3.287429279553307,6.303363549570583,0.8483299264669069,0.845181675589329,4950,-2.816431705235771,3.993925917905752,0.9287994473000781,2.748294283017044,0.27027988676446196,False,0,0,False,0,True,11.27,48cea1e68c79563855304b0e0718b12ee2aac077cd4a9e812548328bcd0f7f69,f792571b75a5af566376411688d522eab0a05674516be262d312ce9046e8514c,48c62b2fc97488417987482472f48f6b6ccba29ca58ad3feff2079b0ea237da9,6ba63b558f5cdabbf9dc243c28a444966c5896e6b5f00bff814eb5686697672c
7,131071,genre_logcount_train,20,bernoulli*19 + gaussian(log_count_train_z),3,5,8,poisson,consistent,-3.2918787117024992,6.237858891696236,0.8486220961208548,0.8494471716543148,4950,-2.8212132353158954,3.969788362501333,0.9289024100637565,2.7516118625797548,0.26955093567103766,False,0,0,False,0,True,11.29,48cea1e68c79563855304b0e0718b12ee2aac077cd4a9e812548328bcd0f7f69,ad03a6e8b84a002da222461efa87cca1f50e44a1ce63b0960424e0e4b19e008b,48c62b2fc97488417987482472f48f6b6ccba29ca58ad3feff2079b0ea237da9,6ba63b558f5cdabbf9dc243c28a444966c5896e6b5f00bff814eb5686697672c
7,131071,mixed_train_log,22,"bernoulli*19 + gaussian(mean_rating_train_z, year_z, log_count_train_z)",3,5,8,poisson,consistent,-3.2827399851849313,6.207905500380585,0.8504953904023809,0.8511521141392528,4950,-2.820350052261416,3.965565437686134,0.9295772774294071,2.7521380411270004,0.2695599884626119,False,0,0,False,0,True,11.32,48cea1e68c79563855304b0e0718b12ee2aac077cd4a9e812548328bcd0f7f69,31f77f2218377149912399d59b37bc2fafbd7029be012779bf6189e1fe4e6112,48c62b2fc97488417987482472f48f6b6ccba29ca58ad3feff2079b0ea237da9,6ba63b558f5cdabbf9dc243c28a444966c5896e6b5f00bff814eb5686697672c
7,131071,mixed_train_raw_poisson,22,"bernoulli*19 + gaussian(mean_rating_train_z, year_z) + poisson(count_train_raw)",3,5,8,poisson,consistent,-3.3891972545341154,6.565155163988364,0.8280520421166819,0.8302457348819191,4950,-2.9588144593219363,4.6855395423419255,0.8990788678438066,2.528846828925221,0.3180902873809106,False,0,0,False,0,True,13.13,48cea1e68c79563855304b0e0718b12ee2aac077cd4a9e812548328bcd0f7f69,d4f7309c90ca04e649a2b2be4db506f8de31474c86fa9a65db244bd770441d5a,48c62b2fc97488417987482472f48f6b6ccba29ca58ad3feff2079b0ea237da9,6ba63b558f5cdabbf9dc243c28a444966c5896e6b5f00bff814eb5686697672c
8,131080,y_only,0,"X unused (fix_x=True, F fixed at 0); genre19 array passed",3,5,8,poisson,consistent,-3.414736599585778,6.7391316271632205,0.7948976463583864,0.8052472956946105,4950,-2.8110005572549235,3.9872619779332625,0.9357230363278499,2.724870521357258,0.27808290737463365,False,0,0,False,0,True,8.11,02df20751e4866321fa03767b2483d0795bf1592a2569d0aaeb68a3c8fe169d5,4ffa209e9200a21f471f65f3fe33d9e9c14a9d5a06a7acd438577c53c98e377b,1a445ca705437b4dd4cc23a1f6f739c7ce3901ec76f346339cec82ab33e2dff0,cf444c2b586dd354a9249469d7f12ec9f1b2feb149de79f9eece58047cfbe380
8,131080,genre_only,19,bernoulli*19,3,5,8,poisson,consistent,-3.4025532717675406,6.7013449155038884,0.7986505115669033,0.8079758712946306,4950,-2.8009218308789885,3.944528690504055,0.9374488036720601,2.6949233438958653,0.28409788726110047,False,0,0,False,0,True,9.32,02df20751e4866321fa03767b2483d0795bf1592a2569d0aaeb68a3c8fe169d5,4ffa209e9200a21f471f65f3fe33d9e9c14a9d5a06a7acd438577c53c98e377b,1a445ca705437b4dd4cc23a1f6f739c7ce3901ec76f346339cec82ab33e2dff0,cf444c2b586dd354a9249469d7f12ec9f1b2feb149de79f9eece58047cfbe380
8,131080,genre_year,20,bernoulli*19 + gaussian(year_z),3,5,8,poisson,consistent,-3.4064249820179087,6.727468027558223,0.797017886884652,0.8072590993124505,4950,-2.7997664708373367,3.9188405835395796,0.937709565598326,2.693260620494212,0.2844493207818398,False,0,0,False,0,True,11.25,02df20751e4866321fa03767b2483d0795bf1592a2569d0aaeb68a3c8fe169d5,b816080beafcd5e915c693aee5bd2e973f188af542e8eb431c182d3a25304460,1a445ca705437b4dd4cc23a1f6f739c7ce3901ec76f346339cec82ab33e2dff0,cf444c2b586dd354a9249469d7f12ec9f1b2feb149de79f9eece58047cfbe380
8,131080,genre_logcount_train,20,bernoulli*19 + gaussian(log_count_train_z),3,5,8,poisson,consistent,-3.398458559935403,6.696486828390852,0.8000010521273403,0.8082966940104367,4950,-2.8033094877253606,3.9425529011446194,0.9377125632634359,2.696153494887237,0.2840997744941473,False,0,0,False,0,True,11.23,02df20751e4866321fa03767b2483d0795bf1592a2569d0aaeb68a3c8fe169d5,81e7e452a8a31d2a898f0453383cebf3e980c763dd405fc82ddacfc2a3730dee,1a445ca705437b4dd4cc23a1f6f739c7ce3901ec76f346339cec82ab33e2dff0,cf444c2b586dd354a9249469d7f12ec9f1b2feb149de79f9eece58047cfbe380
8,131080,mixed_train_log,22,"bernoulli*19 + gaussian(mean_rating_train_z, year_z, log_count_train_z)",3,5,8,poisson,consistent,-3.3897887728961242,6.673956495231621,0.8008903454446538,0.8098044328761641,4950,-2.801005470662114,3.934731476153011,0.9380636146707958,2.695727036608954,0.2835437637539928,False,0,0,False,0,True,11.5,02df20751e4866321fa03767b2483d0795bf1592a2569d0aaeb68a3c8fe169d5,15c3ae0b2600a2879bc691b3674d684978af77dcaafe78fecb361e0c1a51b705,1a445ca705437b4dd4cc23a1f6f739c7ce3901ec76f346339cec82ab33e2dff0,cf444c2b586dd354a9249469d7f12ec9f1b2feb149de79f9eece58047cfbe380
8,131080,mixed_train_raw_poisson,22,"bernoulli*19 + gaussian(mean_rating_train_z, year_z) + poisson(count_train_raw)",3,5,8,poisson,consistent,-3.497864085694279,6.980000969854762,0.769724948989129,0.7861183670525845,4950,-2.938515773190974,4.613373965390743,0.9112702971038584,2.468577366212709,0.33554981873505774,False,0,0,False,0,True,13.22,02df20751e4866321fa03767b2483d0795bf1592a2569d0aaeb68a3c8fe169d5,b28480a76f38973ada6bbf2664e69abf32c2de162b5b56884e66029dfadaf92d,1a445ca705437b4dd4cc23a1f6f739c7ce3901ec76f346339cec82ab33e2dff0,cf444c2b586dd354a9249469d7f12ec9f1b2feb149de79f9eece58047cfbe380
8,131081,y_only,0,"X unused (fix_x=True, F fixed at 0); genre19 array passed",3,5,8,poisson,consistent,-3.443440987404623,6.840164670135883,0.7957965830163667,0.8045248888930863,4950,-2.8080937478809207,3.96309410576339,0.9368721849676935,2.721913868354077,0.2785037235777393,False,0,0,False,0,True,7.83,02df20751e4866321fa03767b2483d0795bf1592a2569d0aaeb68a3c8fe169d5,4ffa209e9200a21f471f65f3fe33d9e9c14a9d5a06a7acd438577c53c98e377b,1a445ca705437b4dd4cc23a1f6f739c7ce3901ec76f346339cec82ab33e2dff0,cf444c2b586dd354a9249469d7f12ec9f1b2feb149de79f9eece58047cfbe380
8,131081,genre_only,19,bernoulli*19,3,5,8,poisson,consistent,-3.424970882006417,6.7989473199551504,0.7989671129070272,0.8072871952411961,4950,-2.7978063896196765,3.9232928475709357,0.9382692922860975,2.6871756543482546,0.2856464130566446,False,0,0,False,0,True,9.33,02df20751e4866321fa03767b2483d0795bf1592a2569d0aaeb68a3c8fe169d5,4ffa209e9200a21f471f65f3fe33d9e9c14a9d5a06a7acd438577c53c98e377b,1a445ca705437b4dd4cc23a1f6f739c7ce3901ec76f346339cec82ab33e2dff0,cf444c2b586dd354a9249469d7f12ec9f1b2feb149de79f9eece58047cfbe380
8,131081,genre_year,20,bernoulli*19 + gaussian(year_z),3,5,8,poisson,consistent,-3.4153083193825258,6.759307752560812,0.7999108125667447,0.8115026178276132,4950,-2.80088452167492,3.9351003331996877,0.9375187759971001,2.692527525177177,0.28416856675266866,False,0,0,False,0,True,11.24,02df20751e4866321fa03767b2483d0795bf1592a2569d0aaeb68a3c8fe169d5,b816080beafcd5e915c693aee5bd2e973f188af542e8eb431c182d3a25304460,1a445ca705437b4dd4cc23a1f6f739c7ce3901ec76f346339cec82ab33e2dff0,cf444c2b586dd354a9249469d7f12ec9f1b2feb149de79f9eece58047cfbe380
8,131081,genre_logcount_train,20,bernoulli*19 + gaussian(log_count_train_z),3,5,8,poisson,consistent,-3.4360109664312835,6.826780107201143,0.7975559311769597,0.8089031491836742,4950,-2.800137689504182,3.938932277576534,0.9376806963819336,2.692068266998249,0.2847065567022172,False,0,0,False,0,True,11.24,02df20751e4866321fa03767b2483d0795bf1592a2569d0aaeb68a3c8fe169d5,81e7e452a8a31d2a898f0453383cebf3e980c763dd405fc82ddacfc2a3730dee,1a445ca705437b4dd4cc23a1f6f739c7ce3901ec76f346339cec82ab33e2dff0,cf444c2b586dd354a9249469d7f12ec9f1b2feb149de79f9eece58047cfbe380
8,131081,mixed_train_log,22,"bernoulli*19 + gaussian(mean_rating_train_z, year_z, log_count_train_z)",3,5,8,poisson,consistent,-3.436708438262187,6.8457499822847545,0.7968056205433264,0.8062932339933974,4950,-2.8003504604760128,3.9321555842000806,0.9370317153957995,2.6944059907078555,0.2837761346891143,False,0,0,False,0,True,11.28,02df20751e4866321fa03767b2483d0795bf1592a2569d0aaeb68a3c8fe169d5,15c3ae0b2600a2879bc691b3674d684978af77dcaafe78fecb361e0c1a51b705,1a445ca705437b4dd4cc23a1f6f739c7ce3901ec76f346339cec82ab33e2dff0,cf444c2b586dd354a9249469d7f12ec9f1b2feb149de79f9eece58047cfbe380
8,131081,mixed_train_raw_poisson,22,"bernoulli*19 + gaussian(mean_rating_train_z, year_z) + poisson(count_train_raw)",3,5,8,poisson,consistent,-3.4819940481270852,6.938953311273832,0.775248217370974,0.7914979761703969,4950,-2.932969389457105,4.612539694785001,0.9131331197120245,2.4722079529523433,0.33480945367489523,False,0,0,False,0,True,13.26,02df20751e4866321fa03767b2483d0795bf1592a2569d0aaeb68a3c8fe169d5,b28480a76f38973ada6bbf2664e69abf32c2de162b5b56884e66029dfadaf92d,1a445ca705437b4dd4cc23a1f6f739c7ce3901ec76f346339cec82ab33e2dff0,cf444c2b586dd354a9249469d7f12ec9f1b2feb149de79f9eece58047cfbe380
9,131090,y_only,0,"X unused (fix_x=True, F fixed at 0); genre19 array passed",3,5,8,poisson,consistent,-3.288300695644188,6.201901920106554,0.8274206132876138,0.8319097125955207,4950,-2.775834797046968,3.7985020616543057,0.9348080457084671,2.7153628704924486,0.276669026919947,False,0,0,False,0,True,7.88,44eb17551c3df22873a1d4886456fb266b727c35db4093069d12f52a87068e17,c86296639f89d0f9ca0d9e6e93c11edd703452a3de92d7559694aa013e14ba6d,6ee2d379cff8ac58d6e52d1d7d04a8140920f56c2fb9e503b38045c6bba0c7ad,f48527bc6c27c05cbae2d362d36dc79f7871e366f5dfc501fe821fa0066bea14
9,131090,genre_only,19,bernoulli*19,3,5,8,poisson,consistent,-3.2945467976915173,6.206761791108011,0.8274956415682511,0.8314000418636509,4950,-2.765294526717291,3.7654756485581657,0.9370893042532864,2.680200510441022,0.28444629508054287,False,0,0,False,0,True,9.32,44eb17551c3df22873a1d4886456fb266b727c35db4093069d12f52a87068e17,c86296639f89d0f9ca0d9e6e93c11edd703452a3de92d7559694aa013e14ba6d,6ee2d379cff8ac58d6e52d1d7d04a8140920f56c2fb9e503b38045c6bba0c7ad,f48527bc6c27c05cbae2d362d36dc79f7871e366f5dfc501fe821fa0066bea14
9,131090,genre_year,20,bernoulli*19 + gaussian(year_z),3,5,8,poisson,consistent,-3.284427852165744,6.215472347358674,0.8272024349923089,0.8305279966905075,4950,-2.7662733425786317,3.7713371006434415,0.9369975858974533,2.6819253260301252,0.2836170914907412,False,0,0,False,0,True,11.28,44eb17551c3df22873a1d4886456fb266b727c35db4093069d12f52a87068e17,77aacb5aa04705737bec9bf8a180b1c2f8148d054ec04adf75bbc18be6543cfd,6ee2d379cff8ac58d6e52d1d7d04a8140920f56c2fb9e503b38045c6bba0c7ad,f48527bc6c27c05cbae2d362d36dc79f7871e366f5dfc501fe821fa0066bea14
9,131090,genre_logcount_train,20,bernoulli*19 + gaussian(log_count_train_z),3,5,8,poisson,consistent,-3.285531057537157,6.2274319541076055,0.8280542811931235,0.8322349268611723,4950,-2.7644500072013227,3.7725144879402577,0.9373170148532437,2.680561915420882,0.28414942169794116,False,0,0,False,0,True,11.3,44eb17551c3df22873a1d4886456fb266b727c35db4093069d12f52a87068e17,ef017eb40ba69a53d76439a3fadcd27c483906b1f1f7ad8e0e458b7b64cf2701,6ee2d379cff8ac58d6e52d1d7d04a8140920f56c2fb9e503b38045c6bba0c7ad,f48527bc6c27c05cbae2d362d36dc79f7871e366f5dfc501fe821fa0066bea14
9,131090,mixed_train_log,22,"bernoulli*19 + gaussian(mean_rating_train_z, year_z, log_count_train_z)",3,5,8,poisson,consistent,-3.274365704931589,6.2013597864338434,0.8291782651571254,0.833987092803864,4950,-2.766422218104277,3.76921694599245,0.9369251295553838,2.6823387935211054,0.2838920141485499,False,0,0,False,0,True,11.36,44eb17551c3df22873a1d4886456fb266b727c35db4093069d12f52a87068e17,522564247be641a100d13bf0d4b551ce9f636af900d6797ca12d3fd358326ba1,6ee2d379cff8ac58d6e52d1d7d04a8140920f56c2fb9e503b38045c6bba0c7ad,f48527bc6c27c05cbae2d362d36dc79f7871e366f5dfc501fe821fa0066bea14
9,131090,mixed_train_raw_poisson,22,"bernoulli*19 + gaussian(mean_rating_train_z, year_z) + poisson(count_train_raw)",3,5,8,poisson,consistent,-3.4217950477830303,6.603208272532944,0.7962766760903506,0.8045992698906882,4950,-2.917995620379056,4.536767706021691,0.906998681551373,2.46079429979023,0.33058669235057225,False,0,0,False,0,True,13.28,44eb17551c3df22873a1d4886456fb266b727c35db4093069d12f52a87068e17,dd9dbb61f0d65fc7b69f2233dc778afdb6eec25a0e3624b3a5f0f864396bddb9,6ee2d379cff8ac58d6e52d1d7d04a8140920f56c2fb9e503b38045c6bba0c7ad,f48527bc6c27c05cbae2d362d36dc79f7871e366f5dfc501fe821fa0066bea14
9,131091,y_only,0,"X unused (fix_x=True, F fixed at 0); genre19 array passed",3,5,8,poisson,consistent,-3.2955394587929008,6.210236200677609,0.8242163802177012,0.8315046548928875,4950,-2.7751194780786763,3.8131456863281885,0.9353953645096988,2.712868544531384,0.27736392436917184,False,0,0,False,0,True,7.85,44eb17551c3df22873a1d4886456fb266b727c35db4093069d12f52a87068e17,c86296639f89d0f9ca0d9e6e93c11edd703452a3de92d7559694aa013e14ba6d,6ee2d379cff8ac58d6e52d1d7d04a8140920f56c2fb9e503b38045c6bba0c7ad,f48527bc6c27c05cbae2d362d36dc79f7871e366f5dfc501fe821fa0066bea14
9,131091,genre_only,19,bernoulli*19,3,5,8,poisson,consistent,-3.297873918814534,6.204736142868395,0.8255903421090083,0.8328252553652603,4950,-2.7650725758112493,3.754774718829439,0.9371962492682155,2.6795375654648637,0.28481126970902765,False,0,0,False,0,True,9.21,44eb17551c3df22873a1d4886456fb266b727c35db4093069d12f52a87068e17,c86296639f89d0f9ca0d9e6e93c11edd703452a3de92d7559694aa013e14ba6d,6ee2d379cff8ac58d6e52d1d7d04a8140920f56c2fb9e503b38045c6bba0c7ad,f48527bc6c27c05cbae2d362d36dc79f7871e366f5dfc501fe821fa0066bea14
9,131091,genre_year,20,bernoulli*19 + gaussian(year_z),3,5,8,poisson,consistent,-3.2962877852071975,6.202503974448795,0.8259720694433126,0.8329003024562849,4950,-2.7654463338872475,3.756449652660177,0.9371439857834949,2.6796023331872987,0.28479443254090314,False,0,0,False,0,True,11.23,44eb17551c3df22873a1d4886456fb266b727c35db4093069d12f52a87068e17,77aacb5aa04705737bec9bf8a180b1c2f8148d054ec04adf75bbc18be6543cfd,6ee2d379cff8ac58d6e52d1d7d04a8140920f56c2fb9e503b38045c6bba0c7ad,f48527bc6c27c05cbae2d362d36dc79f7871e366f5dfc501fe821fa0066bea14
9,131091,genre_logcount_train,20,bernoulli*19 + gaussian(log_count_train_z),3,5,8,poisson,consistent,-3.299900297068445,6.21516787637771,0.8253060293710746,0.8324780499233205,4950,-2.7643452193549236,3.751706857570075,0.9372139571211012,2.680064936113554,0.28482563370884406,False,0,0,False,0,True,11.37,44eb17551c3df22873a1d4886456fb266b727c35db4093069d12f52a87068e17,ef017eb40ba69a53d76439a3fadcd27c483906b1f1f7ad8e0e458b7b64cf2701,6ee2d379cff8ac58d6e52d1d7d04a8140920f56c2fb9e503b38045c6bba0c7ad,f48527bc6c27c05cbae2d362d36dc79f7871e366f5dfc501fe821fa0066bea14
9,131091,mixed_train_log,22,"bernoulli*19 + gaussian(mean_rating_train_z, year_z, log_count_train_z)",3,5,8,poisson,consistent,-3.300569662243045,6.244817477114924,0.8272213982749461,0.8320609092218857,4950,-2.7647952072429134,3.748331732872241,0.9368429254612564,2.681850766915698,0.2842353621997617,False,0,0,False,0,True,11.2,44eb17551c3df22873a1d4886456fb266b727c35db4093069d12f52a87068e17,522564247be641a100d13bf0d4b551ce9f636af900d6797ca12d3fd358326ba1,6ee2d379cff8ac58d6e52d1d7d04a8140920f56c2fb9e503b38045c6bba0c7ad,f48527bc6c27c05cbae2d362d36dc79f7871e366f5dfc501fe821fa0066bea14
9,131091,mixed_train_raw_poisson,22,"bernoulli*19 + gaussian(mean_rating_train_z, year_z) + poisson(count_train_raw)",3,5,8,poisson,consistent,-3.4055015867065577,6.537915175531826,0.7931329805005631,0.803329929134888,4950,-2.919778955237239,4.5597976907984314,0.9053074855421258,2.466216020564985,0.32867511652743847,False,0,0,False,0,True,13.09,44eb17551c3df22873a1d4886456fb266b727c35db4093069d12f52a87068e17,dd9dbb61f0d65fc7b69f2233dc778afdb6eec25a0e3624b3a5f0f864396bddb9,6ee2d379cff8ac58d6e52d1d7d04a8140920f56c2fb9e503b38045c6bba0c7ad,f48527bc6c27c05cbae2d362d36dc79f7871e366f5dfc501fe821fa0066bea14
10,131100,y_only,0,"X unused (fix_x=True, F fixed at 0); genre19 array passed",3,5,8,poisson,consistent,-3.393873996362795,6.69963915310656,0.8350815393886742,0.8298238333275142,4950,-2.798740688574828,3.9796028638391387,0.9290265562105534,2.7286054662114587,0.2708483299180978,False,0,0,False,0,True,7.88,6259d496711ac82546ba8c1f91454e34a533c1de83044e8760f8db89e5ced535,8d3e4dd45e404632647e33d57c2ccfea5442e6da401cccee7497d43e768f6583,55cbeab6b68450a8935c065a3f2bbcb3d3e0a858e13681e9545a05e5bfdc1da2,74317615a6bc20c9f2979283b6ed83382b801ef709601ee609bd3ae244dee9ec
10,131100,genre_only,19,bernoulli*19,3,5,8,poisson,consistent,-3.39260217819691,6.673440770416317,0.8344387226197588,0.8313999225942461,4950,-2.7879039422870853,3.9445416826022703,0.9300232219364628,2.6966624166288584,0.27848206232167866,False,0,0,False,0,True,9.2,6259d496711ac82546ba8c1f91454e34a533c1de83044e8760f8db89e5ced535,8d3e4dd45e404632647e33d57c2ccfea5442e6da401cccee7497d43e768f6583,55cbeab6b68450a8935c065a3f2bbcb3d3e0a858e13681e9545a05e5bfdc1da2,74317615a6bc20c9f2979283b6ed83382b801ef709601ee609bd3ae244dee9ec
10,131100,genre_year,20,bernoulli*19 + gaussian(year_z),3,5,8,poisson,consistent,-3.3832597555583828,6.647421128863193,0.8359988340888339,0.8329038996601515,4950,-2.790667350523843,3.96574435649894,0.9306729405864571,2.6968017358187595,0.27713172093367355,False,0,0,False,0,True,11.3,6259d496711ac82546ba8c1f91454e34a533c1de83044e8760f8db89e5ced535,9465e8081cddfe3227a52e5be8bd1711b13d5f5da60b044796f5055ed6290b11,55cbeab6b68450a8935c065a3f2bbcb3d3e0a858e13681e9545a05e5bfdc1da2,74317615a6bc20c9f2979283b6ed83382b801ef709601ee609bd3ae244dee9ec
10,131100,genre_logcount_train,20,bernoulli*19 + gaussian(log_count_train_z),3,5,8,poisson,consistent,-3.3793322817900004,6.631896761048729,0.8355339017758274,0.8334933332355715,4950,-2.788678803501172,3.95667051972157,0.930741617000556,2.700995109984663,0.27700716025327454,False,0,0,False,0,True,11.88,6259d496711ac82546ba8c1f91454e34a533c1de83044e8760f8db89e5ced535,1ad2bd5fe4c5cae473007ef083e67b704b904c16da55e63649e620e4ca79a030,55cbeab6b68450a8935c065a3f2bbcb3d3e0a858e13681e9545a05e5bfdc1da2,74317615a6bc20c9f2979283b6ed83382b801ef709601ee609bd3ae244dee9ec
10,131100,mixed_train_log,22,"bernoulli*19 + gaussian(mean_rating_train_z, year_z, log_count_train_z)",3,5,8,poisson,consistent,-3.3845716197050457,6.657993817846092,0.8356746257590216,0.8318822338699119,4950,-2.790360505757275,3.9582307094315614,0.9304087158005282,2.696472832239586,0.27738780625585985,False,0,0,False,0,True,11.26,6259d496711ac82546ba8c1f91454e34a533c1de83044e8760f8db89e5ced535,fd071f068090ffe6e0de785b20c56c32ed986e0e9e474c701716f0788eda7de1,55cbeab6b68450a8935c065a3f2bbcb3d3e0a858e13681e9545a05e5bfdc1da2,74317615a6bc20c9f2979283b6ed83382b801ef709601ee609bd3ae244dee9ec
10,131100,mixed_train_raw_poisson,22,"bernoulli*19 + gaussian(mean_rating_train_z, year_z) + poisson(count_train_raw)",3,5,8,poisson,consistent,-3.4518433854095534,6.849840243511266,0.828263889673012,0.8232980375391211,4950,-2.942923408251529,4.684565375297452,0.9005985318378319,2.4832128395607778,0.32159873877297757,False,0,0,False,0,True,13.18,6259d496711ac82546ba8c1f91454e34a533c1de83044e8760f8db89e5ced535,bc653bc668b09ada0179ae7f2147b71b9ec4dd4970f2f33b3ee5d7fbe2615b87,55cbeab6b68450a8935c065a3f2bbcb3d3e0a858e13681e9545a05e5bfdc1da2,74317615a6bc20c9f2979283b6ed83382b801ef709601ee609bd3ae244dee9ec
10,131101,y_only,0,"X unused (fix_x=True, F fixed at 0); genre19 array passed",3,5,8,poisson,consistent,-3.345571977159111,6.494869705120577,0.8424990489972566,0.8411480747561318,4950,-2.7956452480637246,3.963235180990219,0.9297440342139467,2.7326336206650557,0.26983303977097484,False,0,0,False,0,True,8.18,6259d496711ac82546ba8c1f91454e34a533c1de83044e8760f8db89e5ced535,8d3e4dd45e404632647e33d57c2ccfea5442e6da401cccee7497d43e768f6583,55cbeab6b68450a8935c065a3f2bbcb3d3e0a858e13681e9545a05e5bfdc1da2,74317615a6bc20c9f2979283b6ed83382b801ef709601ee609bd3ae244dee9ec
10,131101,genre_only,19,bernoulli*19,3,5,8,poisson,consistent,-3.383003619515342,6.599596397087663,0.8357765795588726,0.8351217055118186,4950,-2.7838763708629615,3.9041740207269306,0.9315118451965462,2.6965503281944794,0.27790817062599815,False,0,0,False,0,True,9.43,6259d496711ac82546ba8c1f91454e34a533c1de83044e8760f8db89e5ced535,8d3e4dd45e404632647e33d57c2ccfea5442e6da401cccee7497d43e768f6583,55cbeab6b68450a8935c065a3f2bbcb3d3e0a858e13681e9545a05e5bfdc1da2,74317615a6bc20c9f2979283b6ed83382b801ef709601ee609bd3ae244dee9ec
10,131101,genre_year,20,bernoulli*19 + gaussian(year_z),3,5,8,poisson,consistent,-3.3770386985024348,6.605676292525997,0.8366093924606436,0.8348454787911883,4950,-2.784619778124478,3.926305785291161,0.9320703081409482,2.6986893399375758,0.2770821160040263,False,0,0,False,0,True,11.44,6259d496711ac82546ba8c1f91454e34a533c1de83044e8760f8db89e5ced535,9465e8081cddfe3227a52e5be8bd1711b13d5f5da60b044796f5055ed6290b11,55cbeab6b68450a8935c065a3f2bbcb3d3e0a858e13681e9545a05e5bfdc1da2,74317615a6bc20c9f2979283b6ed83382b801ef709601ee609bd3ae244dee9ec
10,131101,genre_logcount_train,20,bernoulli*19 + gaussian(log_count_train_z),3,5,8,poisson,consistent,-3.3509544488929714,6.5441494970181395,0.8420410258504788,0.8383876287651855,4950,-2.782289605987734,3.9107252194553026,0.9324763412447473,2.698748246379914,0.2769049420320287,False,0,0,False,0,True,11.3,6259d496711ac82546ba8c1f91454e34a533c1de83044e8760f8db89e5ced535,1ad2bd5fe4c5cae473007ef083e67b704b904c16da55e63649e620e4ca79a030,55cbeab6b68450a8935c065a3f2bbcb3d3e0a858e13681e9545a05e5bfdc1da2,74317615a6bc20c9f2979283b6ed83382b801ef709601ee609bd3ae244dee9ec
10,131101,mixed_train_log,22,"bernoulli*19 + gaussian(mean_rating_train_z, year_z, log_count_train_z)",3,5,8,poisson,consistent,-3.3697992146376214,6.554242241955358,0.8374040636135056,0.8377149221542591,4950,-2.7857378920730382,3.892399173262771,0.9315097601578366,2.7011683177451333,0.27649122893100003,False,0,0,False,0,True,11.25,6259d496711ac82546ba8c1f91454e34a533c1de83044e8760f8db89e5ced535,fd071f068090ffe6e0de785b20c56c32ed986e0e9e474c701716f0788eda7de1,55cbeab6b68450a8935c065a3f2bbcb3d3e0a858e13681e9545a05e5bfdc1da2,74317615a6bc20c9f2979283b6ed83382b801ef709601ee609bd3ae244dee9ec
10,131101,mixed_train_raw_poisson,22,"bernoulli*19 + gaussian(mean_rating_train_z, year_z) + poisson(count_train_raw)",3,5,8,poisson,consistent,-3.453725518311037,6.816157839840911,0.8230058099900015,0.8233488814027248,4950,-2.9364002401911273,4.648513025679778,0.9011986440862083,2.4902812010568054,0.31898991870483673,False,0,0,False,0,True,13.16,6259d496711ac82546ba8c1f91454e34a533c1de83044e8760f8db89e5ced535,bc653bc668b09ada0179ae7f2147b71b9ec4dd4970f2f33b3ee5d7fbe2615b87,55cbeab6b68450a8935c065a3f2bbcb3d3e0a858e13681e9545a05e5bfdc1da2,74317615a6bc20c9f2979283b6ed83382b801ef709601ee609bd3ae244dee9ec
11,131110,y_only,0,"X unused (fix_x=True, F fixed at 0); genre19 array passed",3,5,8,poisson,consistent,-3.384483631277327,6.535021888263959,0.8593249373953205,0.8492057786430979,4950,-2.7867773114365,3.86970117320625,0.9327728318039271,2.7180315034981573,0.27655701469682387,False,0,0,False,0,True,7.93,f0471f29570b5b5d55fdd6500d45578fc0b88818f0136cac566baf9ed07335ca,17839ca5aaae8c05e836b93fea4ca06d57cf0c8d4787be753ba60617f6d3c125,e65ae7ddea8875065288cf3f86afc0045a881fa6365e05ceeba3380f5a27cf74,1df5d46ae92e9ce84ff4bbd614ad6f3d9b69d7ba2fff84a24743cd3275089ba6
11,131110,genre_only,19,bernoulli*19,3,5,8,poisson,consistent,-3.361457476423678,6.460942228900968,0.8654969683058078,0.8546051463727969,4950,-2.7810908622969426,3.8311915331851267,0.9338866210554356,2.690983187839536,0.28222694252315167,False,0,0,False,0,True,9.26,f0471f29570b5b5d55fdd6500d45578fc0b88818f0136cac566baf9ed07335ca,17839ca5aaae8c05e836b93fea4ca06d57cf0c8d4787be753ba60617f6d3c125,e65ae7ddea8875065288cf3f86afc0045a881fa6365e05ceeba3380f5a27cf74,1df5d46ae92e9ce84ff4bbd614ad6f3d9b69d7ba2fff84a24743cd3275089ba6
11,131110,genre_year,20,bernoulli*19 + gaussian(year_z),3,5,8,poisson,consistent,-3.3640570221755963,6.466057003115978,0.86431949633281,0.8528302225208253,4950,-2.780570464285444,3.8365833766599375,0.9345353153631673,2.688642235511044,0.28192633384728255,False,0,0,False,0,True,11.3,f0471f29570b5b5d55fdd6500d45578fc0b88818f0136cac566baf9ed07335ca,2589f2c2887d22fc98c781bee5c07b99fc2698576ad11ebac4339efa84944f4c,e65ae7ddea8875065288cf3f86afc0045a881fa6365e05ceeba3380f5a27cf74,1df5d46ae92e9ce84ff4bbd614ad6f3d9b69d7ba2fff84a24743cd3275089ba6
11,131110,genre_logcount_train,20,bernoulli*19 + gaussian(log_count_train_z),3,5,8,poisson,consistent,-3.36439749006946,6.488666167023214,0.8629126231413053,0.8521463385560717,4950,-2.7797751523949183,3.82644367116515,0.9348546621794088,2.6886467647067116,0.2820107026090319,False,0,0,False,0,True,11.26,f0471f29570b5b5d55fdd6500d45578fc0b88818f0136cac566baf9ed07335ca,8a9e13e43760149f76e31bbc839645a96b8ac4fabd5f64e0a5804d5ab5c0b7f5,e65ae7ddea8875065288cf3f86afc0045a881fa6365e05ceeba3380f5a27cf74,1df5d46ae92e9ce84ff4bbd614ad6f3d9b69d7ba2fff84a24743cd3275089ba6
11,131110,mixed_train_log,22,"bernoulli*19 + gaussian(mean_rating_train_z, year_z, log_count_train_z)",3,5,8,poisson,consistent,-3.3592074508892096,6.45402892079248,0.8646034082899656,0.8529857372378916,4950,-2.779489100997876,3.822648346283576,0.934754989284265,2.696123408536887,0.28077134901064804,False,0,0,False,0,True,11.25,f0471f29570b5b5d55fdd6500d45578fc0b88818f0136cac566baf9ed07335ca,c2ab19dc28603e25fbfc6740b6812a31324b638f43f554482201ba7e271bcbff,e65ae7ddea8875065288cf3f86afc0045a881fa6365e05ceeba3380f5a27cf74,1df5d46ae92e9ce84ff4bbd614ad6f3d9b69d7ba2fff84a24743cd3275089ba6
11,131110,mixed_train_raw_poisson,22,"bernoulli*19 + gaussian(mean_rating_train_z, year_z) + poisson(count_train_raw)",3,5,8,poisson,consistent,-3.458643250558606,6.615614144340461,0.8514007919669675,0.8417356227867135,4950,-2.942657548777363,4.66982659606429,0.8991870684692828,2.4758786042167373,0.3272860034858247,False,0,0,False,0,True,13.24,f0471f29570b5b5d55fdd6500d45578fc0b88818f0136cac566baf9ed07335ca,a893c1fc3ddb9d1350ea65b0fbe8679684190508a5ebf8c16a4623e57a522fce,e65ae7ddea8875065288cf3f86afc0045a881fa6365e05ceeba3380f5a27cf74,1df5d46ae92e9ce84ff4bbd614ad6f3d9b69d7ba2fff84a24743cd3275089ba6
11,131111,y_only,0,"X unused (fix_x=True, F fixed at 0); genre19 array passed",3,5,8,poisson,consistent,-3.337236127310981,6.305916307080349,0.8622673218345306,0.855907012628479,4950,-2.785051607260721,3.8357843973091033,0.9322323118264209,2.716102854714146,0.27702551526457675,False,0,0,False,0,True,7.81,f0471f29570b5b5d55fdd6500d45578fc0b88818f0136cac566baf9ed07335ca,17839ca5aaae8c05e836b93fea4ca06d57cf0c8d4787be753ba60617f6d3c125,e65ae7ddea8875065288cf3f86afc0045a881fa6365e05ceeba3380f5a27cf74,1df5d46ae92e9ce84ff4bbd614ad6f3d9b69d7ba2fff84a24743cd3275089ba6
11,131111,genre_only,19,bernoulli*19,3,5,8,poisson,consistent,-3.337584078939172,6.34576473734655,0.865679523360741,0.8578150288531047,4950,-2.7738877255094967,3.782549541944072,0.9346393869994649,2.6833067203796523,0.28354832033240407,False,0,0,False,0,True,9.33,f0471f29570b5b5d55fdd6500d45578fc0b88818f0136cac566baf9ed07335ca,17839ca5aaae8c05e836b93fea4ca06d57cf0c8d4787be753ba60617f6d3c125,e65ae7ddea8875065288cf3f86afc0045a881fa6365e05ceeba3380f5a27cf74,1df5d46ae92e9ce84ff4bbd614ad6f3d9b69d7ba2fff84a24743cd3275089ba6
11,131111,genre_year,20,bernoulli*19 + gaussian(year_z),3,5,8,poisson,consistent,-3.3391870057844413,6.38452772499228,0.8670890327733135,0.855875697665204,4950,-2.7732470573279304,3.7684376062214064,0.935641645135179,2.6856251533177273,0.2833015640803398,False,0,0,False,0,True,11.37,f0471f29570b5b5d55fdd6500d45578fc0b88818f0136cac566baf9ed07335ca,2589f2c2887d22fc98c781bee5c07b99fc2698576ad11ebac4339efa84944f4c,e65ae7ddea8875065288cf3f86afc0045a881fa6365e05ceeba3380f5a27cf74,1df5d46ae92e9ce84ff4bbd614ad6f3d9b69d7ba2fff84a24743cd3275089ba6
11,131111,genre_logcount_train,20,bernoulli*19 + gaussian(log_count_train_z),3,5,8,poisson,consistent,-3.322952610276755,6.257399981102521,0.865864576013294,0.8580640110538559,4950,-2.774743161336073,3.7762388060778234,0.9353710898415444,2.6892316157039087,0.28263475559257734,False,0,0,False,0,True,11.31,f0471f29570b5b5d55fdd6500d45578fc0b88818f0136cac566baf9ed07335ca,8a9e13e43760149f76e31bbc839645a96b8ac4fabd5f64e0a5804d5ab5c0b7f5,e65ae7ddea8875065288cf3f86afc0045a881fa6365e05ceeba3380f5a27cf74,1df5d46ae92e9ce84ff4bbd614ad6f3d9b69d7ba2fff84a24743cd3275089ba6
11,131111,mixed_train_log,22,"bernoulli*19 + gaussian(mean_rating_train_z, year_z, log_count_train_z)",3,5,8,poisson,consistent,-3.3229197303822327,6.263182235499195,0.8664018759945511,0.8590127664957108,4950,-2.773731340222641,3.778288932506889,0.9354782925905006,2.686813317330858,0.2826457709901156,False,0,0,False,0,True,11.29,f0471f29570b5b5d55fdd6500d45578fc0b88818f0136cac566baf9ed07335ca,c2ab19dc28603e25fbfc6740b6812a31324b638f43f554482201ba7e271bcbff,e65ae7ddea8875065288cf3f86afc0045a881fa6365e05ceeba3380f5a27cf74,1df5d46ae92e9ce84ff4bbd614ad6f3d9b69d7ba2fff84a24743cd3275089ba6
11,131111,mixed_train_raw_poisson,22,"bernoulli*19 + gaussian(mean_rating_train_z, year_z) + poisson(count_train_raw)",3,5,8,poisson,consistent,-3.4897179329627686,6.709259528313,0.8451224310813609,0.8342460947585363,4950,-2.938577981657455,4.637117252707984,0.9007989560410473,2.467520602268988,0.3297350232255422,False,0,0,False,0,True,13.23,f0471f29570b5b5d55fdd6500d45578fc0b88818f0136cac566baf9ed07335ca,a893c1fc3ddb9d1350ea65b0fbe8679684190508a5ebf8c16a4623e57a522fce,e65ae7ddea8875065288cf3f86afc0045a881fa6365e05ceeba3380f5a27cf74,1df5d46ae92e9ce84ff4bbd614ad6f3d9b69d7ba2fff84a24743cd3275089ba6
12,131120,y_only,0,"X unused (fix_x=True, F fixed at 0); genre19 array passed",3,5,8,poisson,consistent,-3.6659209377180098,8.011701468897476,0.7703993545277771,0.7429855338355017,4950,-2.8294022732680157,3.959551470956362,0.9416479042691521,2.8334298129807167,0.26260800829593595,False,0,0,False,0,True,8.09,72f3c08defd8d2aaf5ae7b5f4c08c020dc73c9b111b4bf4086df69b8047a5ad7,1d566a3c790c5d4e1e1abdaa54d40081378c93c79bb80ccccaf23d47a918f351,4c4f9db40587e9d77b20982381095be56bab2a0468c5d96417b51297d1ea016c,c2307a832ca1c11389f931d8a54be3d1b66f732073e7e558a3068cba4e242fcd
12,131120,genre_only,19,bernoulli*19,3,5,8,poisson,consistent,-3.6352625602718946,7.97318146881313,0.7757882318749472,0.7449423372016734,4950,-2.8194796514301137,3.911028981978739,0.9436520416223831,2.800762823813079,0.26873739889010156,False,0,0,False,0,True,9.24,72f3c08defd8d2aaf5ae7b5f4c08c020dc73c9b111b4bf4086df69b8047a5ad7,1d566a3c790c5d4e1e1abdaa54d40081378c93c79bb80ccccaf23d47a918f351,4c4f9db40587e9d77b20982381095be56bab2a0468c5d96417b51297d1ea016c,c2307a832ca1c11389f931d8a54be3d1b66f732073e7e558a3068cba4e242fcd
12,131120,genre_year,20,bernoulli*19 + gaussian(year_z),3,5,8,poisson,consistent,-3.667438428143784,8.042108247217701,0.770521673239383,0.7420494650529762,4950,-2.8193446319267497,3.898621390095038,0.9436547072812291,2.8030116278308315,0.26806399768941275,False,0,0,False,0,True,11.38,72f3c08defd8d2aaf5ae7b5f4c08c020dc73c9b111b4bf4086df69b8047a5ad7,325b428aad0ec9e8d54e8f4681232bad11ecd031c867aa4ebe840869cd477870,4c4f9db40587e9d77b20982381095be56bab2a0468c5d96417b51297d1ea016c,c2307a832ca1c11389f931d8a54be3d1b66f732073e7e558a3068cba4e242fcd
12,131120,genre_logcount_train,20,bernoulli*19 + gaussian(log_count_train_z),3,5,8,poisson,consistent,-3.6447784942088823,7.979606189612746,0.7721411817550988,0.7430824886717537,4950,-2.8196870203716258,3.9300008388715226,0.9430727605570846,2.8033257691378815,0.26877850273934395,False,0,0,False,0,True,11.39,72f3c08defd8d2aaf5ae7b5f4c08c020dc73c9b111b4bf4086df69b8047a5ad7,7b2149834592389c27a8e1adc038e5ef6bfd705fc0f279ad890ae7d1c62191d5,4c4f9db40587e9d77b20982381095be56bab2a0468c5d96417b51297d1ea016c,c2307a832ca1c11389f931d8a54be3d1b66f732073e7e558a3068cba4e242fcd
12,131120,mixed_train_log,22,"bernoulli*19 + gaussian(mean_rating_train_z, year_z, log_count_train_z)",3,5,8,poisson,consistent,-3.6305310327113287,7.971372082878855,0.7750746883966255,0.7465903120503085,4950,-2.8199075872574113,3.895684429424435,0.9432564479425487,2.8042163194272876,0.2677144363938386,False,0,0,False,0,True,11.25,72f3c08defd8d2aaf5ae7b5f4c08c020dc73c9b111b4bf4086df69b8047a5ad7,d6067b8da3da47120c4caaa30704fb525b69a5dff99a4254fc45ad81a9dc3e52,4c4f9db40587e9d77b20982381095be56bab2a0468c5d96417b51297d1ea016c,c2307a832ca1c11389f931d8a54be3d1b66f732073e7e558a3068cba4e242fcd
12,131120,mixed_train_raw_poisson,22,"bernoulli*19 + gaussian(mean_rating_train_z, year_z) + poisson(count_train_raw)",3,5,8,poisson,consistent,-3.751445751177064,8.184035594623028,0.7309139304682356,0.7126938529101584,4950,-2.9552099040135853,4.620280900919144,0.9154173795622955,2.5962191433522612,0.313422055298796,False,0,0,False,0,True,13.25,72f3c08defd8d2aaf5ae7b5f4c08c020dc73c9b111b4bf4086df69b8047a5ad7,74dfc6b5140780afd0ba19a2518a1e59209f82ca7f4c41ecf32d90e37837699e,4c4f9db40587e9d77b20982381095be56bab2a0468c5d96417b51297d1ea016c,c2307a832ca1c11389f931d8a54be3d1b66f732073e7e558a3068cba4e242fcd
12,131121,y_only,0,"X unused (fix_x=True, F fixed at 0); genre19 array passed",3,5,8,poisson,consistent,-3.645596670902624,7.9207475438307124,0.7735271769103538,0.7505870185538204,4950,-2.831496717840003,3.958209477599714,0.9415175058619862,2.8365683449083554,0.26199683020517966,False,0,0,False,0,True,7.85,72f3c08defd8d2aaf5ae7b5f4c08c020dc73c9b111b4bf4086df69b8047a5ad7,1d566a3c790c5d4e1e1abdaa54d40081378c93c79bb80ccccaf23d47a918f351,4c4f9db40587e9d77b20982381095be56bab2a0468c5d96417b51297d1ea016c,c2307a832ca1c11389f931d8a54be3d1b66f732073e7e558a3068cba4e242fcd
12,131121,genre_only,19,bernoulli*19,3,5,8,poisson,consistent,-3.6305712871698517,7.921199856517989,0.7740890167636558,0.7508178025830526,4950,-2.822708002052534,3.926134740073713,0.9427692559459896,2.8032634806948558,0.26842027344123986,False,0,0,False,0,True,9.29,72f3c08defd8d2aaf5ae7b5f4c08c020dc73c9b111b4bf4086df69b8047a5ad7,1d566a3c790c5d4e1e1abdaa54d40081378c93c79bb80ccccaf23d47a918f351,4c4f9db40587e9d77b20982381095be56bab2a0468c5d96417b51297d1ea016c,c2307a832ca1c11389f931d8a54be3d1b66f732073e7e558a3068cba4e242fcd
12,131121,genre_year,20,bernoulli*19 + gaussian(year_z),3,5,8,poisson,consistent,-3.6389739627313666,7.931109633973385,0.773555004637115,0.7498158046656201,4950,-2.8240431834689477,3.9347069471913576,0.9425635386595325,2.803873657086059,0.26859239297974924,False,0,0,False,0,True,11.32,72f3c08defd8d2aaf5ae7b5f4c08c020dc73c9b111b4bf4086df69b8047a5ad7,325b428aad0ec9e8d54e8f4681232bad11ecd031c867aa4ebe840869cd477870,4c4f9db40587e9d77b20982381095be56bab2a0468c5d96417b51297d1ea016c,c2307a832ca1c11389f931d8a54be3d1b66f732073e7e558a3068cba4e242fcd
12,131121,genre_logcount_train,20,bernoulli*19 + gaussian(log_count_train_z),3,5,8,poisson,consistent,-3.6333216688604795,7.915605369071571,0.7757510626615292,0.7509752866472914,4950,-2.822319934846334,3.92973374260681,0.9427492455165072,2.8036358381375055,0.2684774740071207,False,0,0,False,0,True,11.25,72f3c08defd8d2aaf5ae7b5f4c08c020dc73c9b111b4bf4086df69b8047a5ad7,7b2149834592389c27a8e1adc038e5ef6bfd705fc0f279ad890ae7d1c62191d5,4c4f9db40587e9d77b20982381095be56bab2a0468c5d96417b51297d1ea016c,c2307a832ca1c11389f931d8a54be3d1b66f732073e7e558a3068cba4e242fcd
12,131121,mixed_train_log,22,"bernoulli*19 + gaussian(mean_rating_train_z, year_z, log_count_train_z)",3,5,8,poisson,consistent,-3.623697013508096,7.904797905389695,0.7749519402869522,0.751927761297948,4950,-2.8227989352840925,3.9321007760476174,0.9427036018676948,2.803738563658858,0.2683504881092943,False,0,0,False,0,True,11.25,72f3c08defd8d2aaf5ae7b5f4c08c020dc73c9b111b4bf4086df69b8047a5ad7,d6067b8da3da47120c4caaa30704fb525b69a5dff99a4254fc45ad81a9dc3e52,4c4f9db40587e9d77b20982381095be56bab2a0468c5d96417b51297d1ea016c,c2307a832ca1c11389f931d8a54be3d1b66f732073e7e558a3068cba4e242fcd
12,131121,mixed_train_raw_poisson,22,"bernoulli*19 + gaussian(mean_rating_train_z, year_z) + poisson(count_train_raw)",3,5,8,poisson,consistent,-3.766421937954083,8.243699947745547,0.7316855626557952,0.7137694896186996,4950,-2.956541491076929,4.624140998449412,0.9158932396262033,2.5951676291548758,0.31406782117609783,False,0,0,False,0,True,13.41,72f3c08defd8d2aaf5ae7b5f4c08c020dc73c9b111b4bf4086df69b8047a5ad7,74dfc6b5140780afd0ba19a2518a1e59209f82ca7f4c41ecf32d90e37837699e,4c4f9db40587e9d77b20982381095be56bab2a0468c5d96417b51297d1ea016c,c2307a832ca1c11389f931d8a54be3d1b66f732073e7e558a3068cba4e242fcd
13,131130,y_only,0,"X unused (fix_x=True, F fixed at 0); genre19 array passed",3,5,8,poisson,consistent,-3.3635814745630714,6.618759661383847,0.8138986702765443,0.8058978716264446,4950,-2.8251615517981263,4.000228065711213,0.9278470479420073,2.773336650282799,0.2600804182618875,False,0,0,False,0,True,8.56,48206be7c212cb40e4d21f02ecb8c6529c0a58baaaa8c64cc7b54fc947d1c8ae,18fcccea156358cea32267ab46354615da9ebfb1153312933f15a0ec4940c44d,951d0cf4beb73e8fec8c46c1dd7704a5f2b6cddd9d69ae811e781d5a4c7a8cef,586c3bc76620576fa2a10c19c2245caa7b132d2b33a8485e2d3a45cb0231c882
13,131130,genre_only,19,bernoulli*19,3,5,8,poisson,consistent,-3.3360928495223265,6.495397055187087,0.8224090982984884,0.8163931509100871,4950,-2.817789821200075,3.945040058719802,0.9298727247501225,2.7463591254325923,0.2663207900468299,False,0,0,False,0,True,9.67,48206be7c212cb40e4d21f02ecb8c6529c0a58baaaa8c64cc7b54fc947d1c8ae,18fcccea156358cea32267ab46354615da9ebfb1153312933f15a0ec4940c44d,951d0cf4beb73e8fec8c46c1dd7704a5f2b6cddd9d69ae811e781d5a4c7a8cef,586c3bc76620576fa2a10c19c2245caa7b132d2b33a8485e2d3a45cb0231c882
13,131130,genre_year,20,bernoulli*19 + gaussian(year_z),3,5,8,poisson,consistent,-3.3592896559075736,6.619615935530929,0.8132044023549834,0.8061538320777839,4950,-2.8203132672457136,3.9824582722167405,0.9290929249569077,2.7492122337434677,0.2644577203769368,False,0,0,False,0,True,11.36,48206be7c212cb40e4d21f02ecb8c6529c0a58baaaa8c64cc7b54fc947d1c8ae,b80e27646f573ca3c179bcc7e32f9a00a24ee36e4a28b045d2408ab1c713e13b,951d0cf4beb73e8fec8c46c1dd7704a5f2b6cddd9d69ae811e781d5a4c7a8cef,586c3bc76620576fa2a10c19c2245caa7b132d2b33a8485e2d3a45cb0231c882
13,131130,genre_logcount_train,20,bernoulli*19 + gaussian(log_count_train_z),3,5,8,poisson,consistent,-3.3512629679441974,6.568562303091592,0.8153074563132181,0.8082749660845082,4950,-2.8166245618732613,3.9572153205653686,0.9297385125956127,2.7440347151966633,0.26633431884224124,False,0,0,False,0,True,11.37,48206be7c212cb40e4d21f02ecb8c6529c0a58baaaa8c64cc7b54fc947d1c8ae,b98585da36c1c1ad44f4c66612663e6726b6dab96fba0e26cf45448540515c99,951d0cf4beb73e8fec8c46c1dd7704a5f2b6cddd9d69ae811e781d5a4c7a8cef,586c3bc76620576fa2a10c19c2245caa7b132d2b33a8485e2d3a45cb0231c882
13,131130,mixed_train_log,22,"bernoulli*19 + gaussian(mean_rating_train_z, year_z, log_count_train_z)",3,5,8,poisson,consistent,-3.329047236294106,6.5103507637661115,0.8204549903306017,0.8122539998238533,4950,-2.8174096520381746,3.966251052144335,0.9296173644533595,2.7465391917131203,0.265753964585482,False,0,0,False,0,True,11.29,48206be7c212cb40e4d21f02ecb8c6529c0a58baaaa8c64cc7b54fc947d1c8ae,7b751da2e30cb4a7a078b98de6adc0d36f1e3a4c49e423fa2919e37d137fa5b7,951d0cf4beb73e8fec8c46c1dd7704a5f2b6cddd9d69ae811e781d5a4c7a8cef,586c3bc76620576fa2a10c19c2245caa7b132d2b33a8485e2d3a45cb0231c882
13,131130,mixed_train_raw_poisson,22,"bernoulli*19 + gaussian(mean_rating_train_z, year_z) + poisson(count_train_raw)",3,5,8,poisson,consistent,-3.453371092983393,6.797416319266802,0.7851963030075761,0.7852347576474668,4950,-2.9687621693745525,4.7381520243158555,0.8956088551804462,2.5352228491836657,0.31087150305708544,False,0,0,False,0,True,13.33,48206be7c212cb40e4d21f02ecb8c6529c0a58baaaa8c64cc7b54fc947d1c8ae,37f3f66d2cfb21ba0fa0e4773f5e84bf80ed6087ce628297358c9e0684bbb88f,951d0cf4beb73e8fec8c46c1dd7704a5f2b6cddd9d69ae811e781d5a4c7a8cef,586c3bc76620576fa2a10c19c2245caa7b132d2b33a8485e2d3a45cb0231c882
13,131131,y_only,0,"X unused (fix_x=True, F fixed at 0); genre19 array passed",3,5,8,poisson,consistent,-3.335697319353125,6.527603349148984,0.8161450308868649,0.8090652092975873,4950,-2.8318694253202747,4.0392773563844635,0.9266216724742471,2.775200620122605,0.25924992565234345,False,0,0,False,0,True,7.82,48206be7c212cb40e4d21f02ecb8c6529c0a58baaaa8c64cc7b54fc947d1c8ae,18fcccea156358cea32267ab46354615da9ebfb1153312933f15a0ec4940c44d,951d0cf4beb73e8fec8c46c1dd7704a5f2b6cddd9d69ae811e781d5a4c7a8cef,586c3bc76620576fa2a10c19c2245caa7b132d2b33a8485e2d3a45cb0231c882
13,131131,genre_only,19,bernoulli*19,3,5,8,poisson,consistent,-3.341934359107614,6.5700636133710715,0.8189025977581266,0.8093154093111179,4950,-2.8209564067717343,4.000726787522812,0.9300808485396043,2.742720639226747,0.2662485719927098,False,0,0,False,0,True,9.35,48206be7c212cb40e4d21f02ecb8c6529c0a58baaaa8c64cc7b54fc947d1c8ae,18fcccea156358cea32267ab46354615da9ebfb1153312933f15a0ec4940c44d,951d0cf4beb73e8fec8c46c1dd7704a5f2b6cddd9d69ae811e781d5a4c7a8cef,586c3bc76620576fa2a10c19c2245caa7b132d2b33a8485e2d3a45cb0231c882
13,131131,genre_year,20,bernoulli*19 + gaussian(year_z),3,5,8,poisson,consistent,-3.3126880242607823,6.423993209458317,0.8229883661852907,0.818392708139256,4950,-2.820827087515484,3.9840221816318433,0.9298538891086506,2.741829942321423,0.26577615859639614,False,0,0,False,0,True,11.24,48206be7c212cb40e4d21f02ecb8c6529c0a58baaaa8c64cc7b54fc947d1c8ae,b80e27646f573ca3c179bcc7e32f9a00a24ee36e4a28b045d2408ab1c713e13b,951d0cf4beb73e8fec8c46c1dd7704a5f2b6cddd9d69ae811e781d5a4c7a8cef,586c3bc76620576fa2a10c19c2245caa7b132d2b33a8485e2d3a45cb0231c882
13,131131,genre_logcount_train,20,bernoulli*19 + gaussian(log_count_train_z),3,5,8,poisson,consistent,-3.333378453177742,6.535662048423197,0.8201586274648397,0.8114877951208221,4950,-2.8215942631794233,3.9964193465614803,0.9295242841640453,2.7466050239015427,0.265408123325935,False,0,0,False,0,True,11.34,48206be7c212cb40e4d21f02ecb8c6529c0a58baaaa8c64cc7b54fc947d1c8ae,b98585da36c1c1ad44f4c66612663e6726b6dab96fba0e26cf45448540515c99,951d0cf4beb73e8fec8c46c1dd7704a5f2b6cddd9d69ae811e781d5a4c7a8cef,586c3bc76620576fa2a10c19c2245caa7b132d2b33a8485e2d3a45cb0231c882
13,131131,mixed_train_log,22,"bernoulli*19 + gaussian(mean_rating_train_z, year_z, log_count_train_z)",3,5,8,poisson,consistent,-3.33271803127713,6.510821633685412,0.8182098498941109,0.8125401235757127,4950,-2.8194173866102754,3.978510305926016,0.930002588832441,2.7448689653783567,0.26596161366584353,False,0,0,False,0,True,11.37,48206be7c212cb40e4d21f02ecb8c6529c0a58baaaa8c64cc7b54fc947d1c8ae,7b751da2e30cb4a7a078b98de6adc0d36f1e3a4c49e423fa2919e37d137fa5b7,951d0cf4beb73e8fec8c46c1dd7704a5f2b6cddd9d69ae811e781d5a4c7a8cef,586c3bc76620576fa2a10c19c2245caa7b132d2b33a8485e2d3a45cb0231c882
13,131131,mixed_train_raw_poisson,22,"bernoulli*19 + gaussian(mean_rating_train_z, year_z) + poisson(count_train_raw)",3,5,8,poisson,consistent,-3.4362899591393723,6.736277056322077,0.7861824699869427,0.7874056025451726,4950,-2.9704326984834584,4.754896642579404,0.895115351832362,2.5400979639791137,0.3092315856079471,False,0,0,False,0,True,13.38,48206be7c212cb40e4d21f02ecb8c6529c0a58baaaa8c64cc7b54fc947d1c8ae,37f3f66d2cfb21ba0fa0e4773f5e84bf80ed6087ce628297358c9e0684bbb88f,951d0cf4beb73e8fec8c46c1dd7704a5f2b6cddd9d69ae811e781d5a4c7a8cef,586c3bc76620576fa2a10c19c2245caa7b132d2b33a8485e2d3a45cb0231c882
14,131140,y_only,0,"X unused (fix_x=True, F fixed at 0); genre19 array passed",3,5,8,poisson,consistent,-3.1994397395258845,5.889399636278113,0.849161828101249,0.8525996092364596,4950,-2.7987359668308054,3.8586110446563,0.9332911095033202,2.759396558790287,0.27135421444333985,False,0,0,False,0,True,9.52,6f4be174b0a417630a9fc95a5a994a3890effcee5fcc34f9e373a87e1771f0b2,61b6c33e71259778ba458cca3bf21dd1e1185946d16f6a5879632a5d10b59501,9cdfd9589f6ae918c7c4431f9d24442c76213afdfb80de4eb50078a2bc3dc7ea,8f2654328fca61d68d466ad1a5880c966f2da5fc986390750aaa2add9551293b
14,131140,genre_only,19,bernoulli*19,3,5,8,poisson,consistent,-3.211947938162923,5.949813376394316,0.8477118850277049,0.8512794840340192,4950,-2.788517886983607,3.811046501333062,0.935485179265377,2.731351331361476,0.27825352426094985,False,0,0,False,0,True,10.1,6f4be174b0a417630a9fc95a5a994a3890effcee5fcc34f9e373a87e1771f0b2,61b6c33e71259778ba458cca3bf21dd1e1185946d16f6a5879632a5d10b59501,9cdfd9589f6ae918c7c4431f9d24442c76213afdfb80de4eb50078a2bc3dc7ea,8f2654328fca61d68d466ad1a5880c966f2da5fc986390750aaa2add9551293b
14,131140,genre_year,20,bernoulli*19 + gaussian(year_z),3,5,8,poisson,consistent,-3.20802016912161,5.928569886216625,0.8491220879064131,0.8511819020519307,4950,-2.788815618866362,3.813398440413868,0.9358319233981927,2.7296335284728004,0.2782320855455631,False,0,0,False,0,True,13.21,6f4be174b0a417630a9fc95a5a994a3890effcee5fcc34f9e373a87e1771f0b2,079ba9d4e2913d0f49ee652556512d4b557a47e4b942545ef7bbefd0e58808ff,9cdfd9589f6ae918c7c4431f9d24442c76213afdfb80de4eb50078a2bc3dc7ea,8f2654328fca61d68d466ad1a5880c966f2da5fc986390750aaa2add9551293b
14,131140,genre_logcount_train,20,bernoulli*19 + gaussian(log_count_train_z),3,5,8,poisson,consistent,-3.206075138848085,5.931923456022366,0.8486073883524583,0.8517847469408045,4950,-2.787059098948906,3.808467186174194,0.935879690064169,2.730774497949745,0.2780143830613241,False,0,0,False,0,True,12.87,6f4be174b0a417630a9fc95a5a994a3890effcee5fcc34f9e373a87e1771f0b2,23dc7bd8659cefe4b334645b64dc3eed5e79c118291ba7833758e2eb0e712181,9cdfd9589f6ae918c7c4431f9d24442c76213afdfb80de4eb50078a2bc3dc7ea,8f2654328fca61d68d466ad1a5880c966f2da5fc986390750aaa2add9551293b
14,131140,mixed_train_log,22,"bernoulli*19 + gaussian(mean_rating_train_z, year_z, log_count_train_z)",3,5,8,poisson,consistent,-3.2001980455419745,5.910284851689411,0.8488736351115264,0.8521815170007616,4950,-2.7830046691041774,3.802334082988904,0.9362519174758326,2.7284467353586295,0.2784785407024893,False,0,0,False,0,True,13.05,6f4be174b0a417630a9fc95a5a994a3890effcee5fcc34f9e373a87e1771f0b2,785488aacb03445758e948d181f88efc66310c0061e77032db50ba44b30e9f75,9cdfd9589f6ae918c7c4431f9d24442c76213afdfb80de4eb50078a2bc3dc7ea,8f2654328fca61d68d466ad1a5880c966f2da5fc986390750aaa2add9551293b
14,131140,mixed_train_raw_poisson,22,"bernoulli*19 + gaussian(mean_rating_train_z, year_z) + poisson(count_train_raw)",3,5,8,poisson,consistent,-3.3897479042813345,6.613480120177999,0.8081999517578266,0.8080768601052273,4950,-2.9762077521528116,4.796827465742262,0.8915639968958485,2.5032130040625713,0.32424577962868495,False,0,0,False,0,True,15.24,6f4be174b0a417630a9fc95a5a994a3890effcee5fcc34f9e373a87e1771f0b2,77438c713881e97e9b650100daec2d23d987662d07741627ba8acd0a317450b4,9cdfd9589f6ae918c7c4431f9d24442c76213afdfb80de4eb50078a2bc3dc7ea,8f2654328fca61d68d466ad1a5880c966f2da5fc986390750aaa2add9551293b
14,131141,y_only,0,"X unused (fix_x=True, F fixed at 0); genre19 array passed",3,5,8,poisson,consistent,-3.236981956506933,6.081491863357858,0.8431124823055818,0.8460561813920126,4950,-2.7951909841571783,3.8551594979641997,0.9339081875734928,2.7595417918540925,0.2716797048650364,False,0,0,False,0,True,9.72,6f4be174b0a417630a9fc95a5a994a3890effcee5fcc34f9e373a87e1771f0b2,61b6c33e71259778ba458cca3bf21dd1e1185946d16f6a5879632a5d10b59501,9cdfd9589f6ae918c7c4431f9d24442c76213afdfb80de4eb50078a2bc3dc7ea,8f2654328fca61d68d466ad1a5880c966f2da5fc986390750aaa2add9551293b
14,131141,genre_only,19,bernoulli*19,3,5,8,poisson,consistent,-3.232102006674423,6.071595303976059,0.8443809250043743,0.8463202056475991,4950,-2.785115540600056,3.811638225563028,0.9362230970214086,2.7332760366480784,0.277604314555571,False,0,0,False,0,True,10.53,6f4be174b0a417630a9fc95a5a994a3890effcee5fcc34f9e373a87e1771f0b2,61b6c33e71259778ba458cca3bf21dd1e1185946d16f6a5879632a5d10b59501,9cdfd9589f6ae918c7c4431f9d24442c76213afdfb80de4eb50078a2bc3dc7ea,8f2654328fca61d68d466ad1a5880c966f2da5fc986390750aaa2add9551293b
14,131141,genre_year,20,bernoulli*19 + gaussian(year_z),3,5,8,poisson,consistent,-3.235398505028605,6.099793926565526,0.8455839017387006,0.8472350208915549,4950,-2.784643243201709,3.809321476217962,0.9361808497207679,2.7290644950134006,0.27877425831374475,False,0,0,False,0,True,12.76,6f4be174b0a417630a9fc95a5a994a3890effcee5fcc34f9e373a87e1771f0b2,079ba9d4e2913d0f49ee652556512d4b557a47e4b942545ef7bbefd0e58808ff,9cdfd9589f6ae918c7c4431f9d24442c76213afdfb80de4eb50078a2bc3dc7ea,8f2654328fca61d68d466ad1a5880c966f2da5fc986390750aaa2add9551293b
14,131141,genre_logcount_train,20,bernoulli*19 + gaussian(log_count_train_z),3,5,8,poisson,consistent,-3.234337774081189,6.082263971260155,0.8442526583418288,0.8470530360741042,4950,-2.7847483241863378,3.808238921012045,0.9359662158132734,2.734432557433686,0.27719193548587906,False,0,0,False,0,True,12.81,6f4be174b0a417630a9fc95a5a994a3890effcee5fcc34f9e373a87e1771f0b2,23dc7bd8659cefe4b334645b64dc3eed5e79c118291ba7833758e2eb0e712181,9cdfd9589f6ae918c7c4431f9d24442c76213afdfb80de4eb50078a2bc3dc7ea,8f2654328fca61d68d466ad1a5880c966f2da5fc986390750aaa2add9551293b
14,131141,mixed_train_log,22,"bernoulli*19 + gaussian(mean_rating_train_z, year_z, log_count_train_z)",3,5,8,poisson,consistent,-3.232883648858779,6.077936514673907,0.8451943999206375,0.8472345468717837,4950,-2.785965405731043,3.8115889760225024,0.9363475034646073,2.734806206851545,0.27683706683752535,False,0,0,False,0,True,12.83,6f4be174b0a417630a9fc95a5a994a3890effcee5fcc34f9e373a87e1771f0b2,785488aacb03445758e948d181f88efc66310c0061e77032db50ba44b30e9f75,9cdfd9589f6ae918c7c4431f9d24442c76213afdfb80de4eb50078a2bc3dc7ea,8f2654328fca61d68d466ad1a5880c966f2da5fc986390750aaa2add9551293b
14,131141,mixed_train_raw_poisson,22,"bernoulli*19 + gaussian(mean_rating_train_z, year_z) + poisson(count_train_raw)",3,5,8,poisson,consistent,-3.388343378158151,6.575286698927683,0.807221136190926,0.8113358616554577,4950,-2.9788425008805453,4.81400759368852,0.8908977809542822,2.504777761685863,0.32482828669938013,False,0,0,False,0,True,15.02,6f4be174b0a417630a9fc95a5a994a3890effcee5fcc34f9e373a87e1771f0b2,77438c713881e97e9b650100daec2d23d987662d07741627ba8acd0a317450b4,9cdfd9589f6ae918c7c4431f9d24442c76213afdfb80de4eb50078a2bc3dc7ea,8f2654328fca61d68d466ad1a5880c966f2da5fc986390750aaa2add9551293b
15,131150,y_only,0,"X unused (fix_x=True, F fixed at 0); genre19 array passed",3,5,8,poisson,consistent,-3.2188383434357326,5.917988635115269,0.8554679927591217,0.8492925835152123,4950,-2.778186227853035,3.90794695730696,0.9290930657625212,2.719720076432975,0.2704880900507442,False,0,0,False,0,True,8.93,b9713cb385b7a432e724a8d9e5ab5a98e15ac1298388c9f94486984014e1ae6e,36401b3925d6d93af38ad15351a3bff270b7d8eade0ecc4a927f8491293da893,0a6bc8e9da6e45952737fb34da87f46b71a6ef9beb63054fa5b28f51dc97d386,0a983fb8571e6d62549684532bf46f641e63a6194edf13987d3e474cafcbc039
15,131150,genre_only,19,bernoulli*19,3,5,8,poisson,consistent,-3.2071991801275663,5.8801622337442865,0.8573335846100976,0.8512925265999011,4950,-2.770123394794304,3.871471120684135,0.9307968001036029,2.6863638318258167,0.27729596883149615,False,0,0,False,0,True,10.53,b9713cb385b7a432e724a8d9e5ab5a98e15ac1298388c9f94486984014e1ae6e,36401b3925d6d93af38ad15351a3bff270b7d8eade0ecc4a927f8491293da893,0a6bc8e9da6e45952737fb34da87f46b71a6ef9beb63054fa5b28f51dc97d386,0a983fb8571e6d62549684532bf46f641e63a6194edf13987d3e474cafcbc039
15,131150,genre_year,20,bernoulli*19 + gaussian(year_z),3,5,8,poisson,consistent,-3.1962111960883193,5.818544581999221,0.8586345832198583,0.8546532998900884,4950,-2.7710039394649444,3.8723384208041245,0.9306117796533202,2.6879283927615223,0.27612048076647533,False,0,0,False,0,True,12.98,b9713cb385b7a432e724a8d9e5ab5a98e15ac1298388c9f94486984014e1ae6e,04085d2ff6fc25b7e2d9764194f327cd5a0138b22f09e69d6c18a96418189ef5,0a6bc8e9da6e45952737fb34da87f46b71a6ef9beb63054fa5b28f51dc97d386,0a983fb8571e6d62549684532bf46f641e63a6194edf13987d3e474cafcbc039
15,131150,genre_logcount_train,20,bernoulli*19 + gaussian(log_count_train_z),3,5,8,poisson,consistent,-3.1996983749508656,5.838846089891426,0.8584649629187795,0.853540035399721,4950,-2.7710190383228928,3.88308346424442,0.9308886440558723,2.686658635090505,0.2763185155466177,False,0,0,False,0,True,12.8,b9713cb385b7a432e724a8d9e5ab5a98e15ac1298388c9f94486984014e1ae6e,cd987b86d36a7158bc711f1149d95886ecf3ed896d33501cdefe157bf76d1348,0a6bc8e9da6e45952737fb34da87f46b71a6ef9beb63054fa5b28f51dc97d386,0a983fb8571e6d62549684532bf46f641e63a6194edf13987d3e474cafcbc039
15,131150,mixed_train_log,22,"bernoulli*19 + gaussian(mean_rating_train_z, year_z, log_count_train_z)",3,5,8,poisson,consistent,-3.2091925633513103,5.892757798992564,0.8572688987888212,0.8505423954305916,4950,-2.7694579516026008,3.880136351986932,0.931355229070983,2.685365362719116,0.276844887866348,False,0,0,False,0,True,12.8,b9713cb385b7a432e724a8d9e5ab5a98e15ac1298388c9f94486984014e1ae6e,818f8f712f9e3b4c8678d855cc6d047c717a84b69924d5e5af0e797a5b358e21,0a6bc8e9da6e45952737fb34da87f46b71a6ef9beb63054fa5b28f51dc97d386,0a983fb8571e6d62549684532bf46f641e63a6194edf13987d3e474cafcbc039
15,131150,mixed_train_raw_poisson,22,"bernoulli*19 + gaussian(mean_rating_train_z, year_z) + poisson(count_train_raw)",3,5,8,poisson,consistent,-3.3121497001122675,6.230280788518121,0.8358803122270593,0.8312257752419248,4950,-2.9292387111254907,4.678026754073199,0.8987927422804192,2.45821381988279,0.3241633503246383,False,0,0,False,0,True,15.06,b9713cb385b7a432e724a8d9e5ab5a98e15ac1298388c9f94486984014e1ae6e,2a642e9507eb3da8dd97bcc2a0a11b897b0fa5ccd5d73bda98eb9d7ad3148ad1,0a6bc8e9da6e45952737fb34da87f46b71a6ef9beb63054fa5b28f51dc97d386,0a983fb8571e6d62549684532bf46f641e63a6194edf13987d3e474cafcbc039
15,131151,y_only,0,"X unused (fix_x=True, F fixed at 0); genre19 array passed",3,5,8,poisson,consistent,-3.221888836889039,5.904970837714585,0.8530746548352012,0.850197817846264,4950,-2.774754398243949,3.8913841642904683,0.9296621363882451,2.7159624495706933,0.27146635268755964,False,0,0,False,0,True,8.95,b9713cb385b7a432e724a8d9e5ab5a98e15ac1298388c9f94486984014e1ae6e,36401b3925d6d93af38ad15351a3bff270b7d8eade0ecc4a927f8491293da893,0a6bc8e9da6e45952737fb34da87f46b71a6ef9beb63054fa5b28f51dc97d386,0a983fb8571e6d62549684532bf46f641e63a6194edf13987d3e474cafcbc039
15,131151,genre_only,19,bernoulli*19,3,5,8,poisson,consistent,-3.2007253620653375,5.8309270998001965,0.8563912191352666,0.853987486789891,4950,-2.765542671139944,3.8552609795438513,0.9324294328722422,2.6824056434847963,0.2773383309603254,False,0,0,False,0,True,10.66,b9713cb385b7a432e724a8d9e5ab5a98e15ac1298388c9f94486984014e1ae6e,36401b3925d6d93af38ad15351a3bff270b7d8eade0ecc4a927f8491293da893,0a6bc8e9da6e45952737fb34da87f46b71a6ef9beb63054fa5b28f51dc97d386,0a983fb8571e6d62549684532bf46f641e63a6194edf13987d3e474cafcbc039
15,131151,genre_year,20,bernoulli*19 + gaussian(year_z),3,5,8,poisson,consistent,-3.2061226114133046,5.834493572066269,0.8552537250033253,0.8538871257624742,4950,-2.766451685881212,3.8532510073723945,0.9319649402880136,2.6851593239146756,0.27666628367376517,False,0,0,False,0,True,12.81,b9713cb385b7a432e724a8d9e5ab5a98e15ac1298388c9f94486984014e1ae6e,04085d2ff6fc25b7e2d9764194f327cd5a0138b22f09e69d6c18a96418189ef5,0a6bc8e9da6e45952737fb34da87f46b71a6ef9beb63054fa5b28f51dc97d386,0a983fb8571e6d62549684532bf46f641e63a6194edf13987d3e474cafcbc039
15,131151,genre_logcount_train,20,bernoulli*19 + gaussian(log_count_train_z),3,5,8,poisson,consistent,-3.2026977616131864,5.827246444173807,0.8561372038978609,0.8541888534481253,4950,-2.766165097612834,3.8586673623756447,0.931986581325802,2.6854293898392263,0.2767973417310423,False,0,0,False,0,True,12.74,b9713cb385b7a432e724a8d9e5ab5a98e15ac1298388c9f94486984014e1ae6e,cd987b86d36a7158bc711f1149d95886ecf3ed896d33501cdefe157bf76d1348,0a6bc8e9da6e45952737fb34da87f46b71a6ef9beb63054fa5b28f51dc97d386,0a983fb8571e6d62549684532bf46f641e63a6194edf13987d3e474cafcbc039
15,131151,mixed_train_log,22,"bernoulli*19 + gaussian(mean_rating_train_z, year_z, log_count_train_z)",3,5,8,poisson,consistent,-3.2179984032902214,5.915828961259874,0.8543322557899723,0.8493581661978306,4950,-2.7682090874295926,3.8529312418170822,0.9314514609961673,2.6894098061356,0.27574137242193764,False,0,0,False,0,True,12.77,b9713cb385b7a432e724a8d9e5ab5a98e15ac1298388c9f94486984014e1ae6e,818f8f712f9e3b4c8678d855cc6d047c717a84b69924d5e5af0e797a5b358e21,0a6bc8e9da6e45952737fb34da87f46b71a6ef9beb63054fa5b28f51dc97d386,0a983fb8571e6d62549684532bf46f641e63a6194edf13987d3e474cafcbc039
15,131151,mixed_train_raw_poisson,22,"bernoulli*19 + gaussian(mean_rating_train_z, year_z) + poisson(count_train_raw)",3,5,8,poisson,consistent,-3.286975513236578,6.12165962914726,0.8410714803081186,0.8377009766664001,4950,-2.92539284943436,4.652564717294062,0.8999852619397991,2.463398494568025,0.32170018321724525,False,0,0,False,0,True,14.89,b9713cb385b7a432e724a8d9e5ab5a98e15ac1298388c9f94486984014e1ae6e,2a642e9507eb3da8dd97bcc2a0a11b897b0fa5ccd5d73bda98eb9d7ad3148ad1,0a6bc8e9da6e45952737fb34da87f46b71a6ef9beb63054fa5b28f51dc97d386,0a983fb8571e6d62549684532bf46f641e63a6194edf13987d3e474cafcbc039
16,131160,y_only,0,"X unused (fix_x=True, F fixed at 0); genre19 array passed",3,5,8,poisson,consistent,-3.299237160556045,6.075514360775606,0.8384664012489372,0.8332348588261895,4950,-2.7750197668219196,3.8613947074976482,0.933306569683586,2.6801014690996277,0.2784706525928941,False,0,0,False,0,True,8.81,46408518c2d80bbd593ee0c44769c44823ca6115d0844e8b20a28f6cb36022cf,04b85aa4662eef5b12a9e384999dc2956d0eb67b80ac63f89cf7caa003e96845,e3645a2815d0af927fc600ba5cff86eea06f4d62f078f4ca8269bd62ddac800c,885f7fa10d95accca071c4624487846187123b01cb18afb1f3d77b8d845f70e1
16,131160,genre_only,19,bernoulli*19,3,5,8,poisson,consistent,-3.278870773538187,6.035440921640077,0.8398605327030874,0.8342749106365895,4950,-2.7660680410169816,3.8390538958965355,0.9347679751755464,2.646462677462604,0.2856792760008407,False,0,0,False,0,True,10.67,46408518c2d80bbd593ee0c44769c44823ca6115d0844e8b20a28f6cb36022cf,04b85aa4662eef5b12a9e384999dc2956d0eb67b80ac63f89cf7caa003e96845,e3645a2815d0af927fc600ba5cff86eea06f4d62f078f4ca8269bd62ddac800c,885f7fa10d95accca071c4624487846187123b01cb18afb1f3d77b8d845f70e1
16,131160,genre_year,20,bernoulli*19 + gaussian(year_z),3,5,8,poisson,consistent,-3.275096138836792,6.04077128985193,0.8420401553120652,0.8343221222265146,4950,-2.766883865104706,3.846814223092288,0.9348367332518462,2.6470992511913463,0.28511410152139566,False,0,0,False,0,True,13.34,46408518c2d80bbd593ee0c44769c44823ca6115d0844e8b20a28f6cb36022cf,661321656a4c65803c803a4d271365b9dd705e55b0cce4c5445fcbf8a2d45a43,e3645a2815d0af927fc600ba5cff86eea06f4d62f078f4ca8269bd62ddac800c,885f7fa10d95accca071c4624487846187123b01cb18afb1f3d77b8d845f70e1
16,131160,genre_logcount_train,20,bernoulli*19 + gaussian(log_count_train_z),3,5,8,poisson,consistent,-3.2826579902323574,6.0609555378251,0.8398283228204665,0.8330138195580283,4950,-2.765336356700133,3.8376698437268093,0.9343335582451701,2.646733042951414,0.285723023653569,False,0,0,False,0,True,12.82,46408518c2d80bbd593ee0c44769c44823ca6115d0844e8b20a28f6cb36022cf,87d259b85766b3393684d8e28625ed18879d6f693fdd5d90566262a04bf807fe,e3645a2815d0af927fc600ba5cff86eea06f4d62f078f4ca8269bd62ddac800c,885f7fa10d95accca071c4624487846187123b01cb18afb1f3d77b8d845f70e1
16,131160,mixed_train_log,22,"bernoulli*19 + gaussian(mean_rating_train_z, year_z, log_count_train_z)",3,5,8,poisson,consistent,-3.277676065843293,6.056304653915322,0.8393939806204818,0.8330906872324985,4950,-2.766092208480067,3.8499708617365322,0.9348685530159845,2.6460255018179453,0.2851181840594174,False,0,0,False,0,True,12.84,46408518c2d80bbd593ee0c44769c44823ca6115d0844e8b20a28f6cb36022cf,903659d4f63664c00b8f9608f923735e59eb2b8328d8da59e2a21b9455e306fa,e3645a2815d0af927fc600ba5cff86eea06f4d62f078f4ca8269bd62ddac800c,885f7fa10d95accca071c4624487846187123b01cb18afb1f3d77b8d845f70e1
16,131160,mixed_train_raw_poisson,22,"bernoulli*19 + gaussian(mean_rating_train_z, year_z) + poisson(count_train_raw)",3,5,8,poisson,consistent,-3.3915983628084683,6.560360173862775,0.802427828946103,0.7947180743948472,4950,-2.929423317331678,4.603336570562218,0.9013209669352463,2.4163552398232326,0.333141023525269,False,0,0,False,0,True,15.02,46408518c2d80bbd593ee0c44769c44823ca6115d0844e8b20a28f6cb36022cf,b941d457a146bf9b046e0188cda4441edb6305ebffd9c074f0b413a9c3097edd,e3645a2815d0af927fc600ba5cff86eea06f4d62f078f4ca8269bd62ddac800c,885f7fa10d95accca071c4624487846187123b01cb18afb1f3d77b8d845f70e1
16,131161,y_only,0,"X unused (fix_x=True, F fixed at 0); genre19 array passed",3,5,8,poisson,consistent,-3.305563553412985,6.075316614310225,0.8372019581324097,0.8333292164454869,4950,-2.775682521096609,3.8598213678868816,0.932816421125766,2.6789944862040493,0.2783433164911746,False,0,0,False,0,True,8.79,46408518c2d80bbd593ee0c44769c44823ca6115d0844e8b20a28f6cb36022cf,04b85aa4662eef5b12a9e384999dc2956d0eb67b80ac63f89cf7caa003e96845,e3645a2815d0af927fc600ba5cff86eea06f4d62f078f4ca8269bd62ddac800c,885f7fa10d95accca071c4624487846187123b01cb18afb1f3d77b8d845f70e1
16,131161,genre_only,19,bernoulli*19,3,5,8,poisson,consistent,-3.2635636549788245,5.9875557635215335,0.841149506796299,0.8359782499391286,4950,-2.765369600998857,3.831621138159395,0.9350097256348844,2.6435484919060297,0.2864599042329505,False,0,0,False,0,True,9.84,46408518c2d80bbd593ee0c44769c44823ca6115d0844e8b20a28f6cb36022cf,04b85aa4662eef5b12a9e384999dc2956d0eb67b80ac63f89cf7caa003e96845,e3645a2815d0af927fc600ba5cff86eea06f4d62f078f4ca8269bd62ddac800c,885f7fa10d95accca071c4624487846187123b01cb18afb1f3d77b8d845f70e1
16,131161,genre_year,20,bernoulli*19 + gaussian(year_z),3,5,8,poisson,consistent,-3.3032947607037815,6.102436295117923,0.8377704566490578,0.8312647278441477,4950,-2.7657012218187154,3.815192706163924,0.9347747162517246,2.6428526728953794,0.2856616120965754,False,0,0,False,0,True,13.06,46408518c2d80bbd593ee0c44769c44823ca6115d0844e8b20a28f6cb36022cf,661321656a4c65803c803a4d271365b9dd705e55b0cce4c5445fcbf8a2d45a43,e3645a2815d0af927fc600ba5cff86eea06f4d62f078f4ca8269bd62ddac800c,885f7fa10d95accca071c4624487846187123b01cb18afb1f3d77b8d845f70e1
16,131161,genre_logcount_train,20,bernoulli*19 + gaussian(log_count_train_z),3,5,8,poisson,consistent,-3.2781424935082657,6.082069786938558,0.8386733846341595,0.8311212033220337,4950,-2.766550845679365,3.8324341983878303,0.9346117470691502,2.6505050591641237,0.28435632041197567,False,0,0,False,0,True,12.91,46408518c2d80bbd593ee0c44769c44823ca6115d0844e8b20a28f6cb36022cf,87d259b85766b3393684d8e28625ed18879d6f693fdd5d90566262a04bf807fe,e3645a2815d0af927fc600ba5cff86eea06f4d62f078f4ca8269bd62ddac800c,885f7fa10d95accca071c4624487846187123b01cb18afb1f3d77b8d845f70e1
16,131161,mixed_train_log,22,"bernoulli*19 + gaussian(mean_rating_train_z, year_z, log_count_train_z)",3,5,8,poisson,consistent,-3.324526526838153,6.2446601948552045,0.8296957530470642,0.8214623240547139,4950,-2.7656715726075505,3.830092306544003,0.935058251475478,2.646623073949913,0.2847976004653464,False,0,0,False,0,True,13.25,46408518c2d80bbd593ee0c44769c44823ca6115d0844e8b20a28f6cb36022cf,903659d4f63664c00b8f9608f923735e59eb2b8328d8da59e2a21b9455e306fa,e3645a2815d0af927fc600ba5cff86eea06f4d62f078f4ca8269bd62ddac800c,885f7fa10d95accca071c4624487846187123b01cb18afb1f3d77b8d845f70e1
16,131161,mixed_train_raw_poisson,22,"bernoulli*19 + gaussian(mean_rating_train_z, year_z) + poisson(count_train_raw)",3,5,8,poisson,consistent,-3.393889158600487,6.5577013442721865,0.8007381190016836,0.794030768306459,4950,-2.9326553288503834,4.61087968952935,0.9009000351266234,2.4112230364720126,0.33632167582820116,False,0,0,False,0,True,15.1,46408518c2d80bbd593ee0c44769c44823ca6115d0844e8b20a28f6cb36022cf,b941d457a146bf9b046e0188cda4441edb6305ebffd9c074f0b413a9c3097edd,e3645a2815d0af927fc600ba5cff86eea06f4d62f078f4ca8269bd62ddac800c,885f7fa10d95accca071c4624487846187123b01cb18afb1f3d77b8d845f70e1
17,131170,y_only,0,"X unused (fix_x=True, F fixed at 0); genre19 array passed",3,5,8,poisson,consistent,-3.275333007448842,6.370143432663943,0.8421861188727758,0.8322811701571594,4950,-2.8208476604969555,3.988147768220699,0.9329363487469566,2.7464931396274315,0.26961065065690487,False,0,0,False,0,True,9.04,6632c1c652e81010bda28f35d1f1b303f67c829a822ca168965b16c135d4aaad,14119cf4ecdf0c21dbfc967d4392b52a49dd17f2d935bf9777275c8635c9520b,335dfa205c4da5b15c2081bf7039ee864ed4742a17564736a6f1d007a4905426,8f024021744ef95cfbfbd3e373e78cb1c9c0b880d70c60cacec4c8fdaf99913a
17,131170,genre_only,19,bernoulli*19,3,5,8,poisson,consistent,-3.2677184597309132,6.353575526049331,0.8436157302626588,0.8326878103636031,4950,-2.8112615289439877,3.937956494078979,0.9350931657369036,2.7128751590976905,0.2767167110627562,False,0,0,False,0,True,10.62,6632c1c652e81010bda28f35d1f1b303f67c829a822ca168965b16c135d4aaad,14119cf4ecdf0c21dbfc967d4392b52a49dd17f2d935bf9777275c8635c9520b,335dfa205c4da5b15c2081bf7039ee864ed4742a17564736a6f1d007a4905426,8f024021744ef95cfbfbd3e373e78cb1c9c0b880d70c60cacec4c8fdaf99913a
17,131170,genre_year,20,bernoulli*19 + gaussian(year_z),3,5,8,poisson,consistent,-3.2692273337141073,6.369232382082157,0.8435542121981504,0.8331396584738443,4950,-2.8107272618020516,3.9450392619777266,0.935181478485225,2.7149097500969575,0.2764000912720479,False,0,0,False,0,True,13.25,6632c1c652e81010bda28f35d1f1b303f67c829a822ca168965b16c135d4aaad,4c9e98c8142c4e710f458ff14d36fd49b7dd9dce4dc5b5ceea6b10571c1c9899,335dfa205c4da5b15c2081bf7039ee864ed4742a17564736a6f1d007a4905426,8f024021744ef95cfbfbd3e373e78cb1c9c0b880d70c60cacec4c8fdaf99913a
17,131170,genre_logcount_train,20,bernoulli*19 + gaussian(log_count_train_z),3,5,8,poisson,consistent,-3.26961410176782,6.367356454932362,0.8431761916913639,0.8332339132298572,4950,-2.8109517331237086,3.9425283710885246,0.9349118387877694,2.716018100111177,0.2767434998353367,False,0,0,False,0,True,12.93,6632c1c652e81010bda28f35d1f1b303f67c829a822ca168965b16c135d4aaad,844282efdabf323e31b2981399cbf96d0cf7d6e1c4790b75f4aec88beeec6870,335dfa205c4da5b15c2081bf7039ee864ed4742a17564736a6f1d007a4905426,8f024021744ef95cfbfbd3e373e78cb1c9c0b880d70c60cacec4c8fdaf99913a
17,131170,mixed_train_log,22,"bernoulli*19 + gaussian(mean_rating_train_z, year_z, log_count_train_z)",3,5,8,poisson,consistent,-3.247334807564639,6.314773374727533,0.850668734450125,0.8371935938901568,4950,-2.8071807082588203,3.933181506627187,0.9366128329298727,2.7121928123702483,0.2763986955293827,False,0,0,False,0,True,13.22,6632c1c652e81010bda28f35d1f1b303f67c829a822ca168965b16c135d4aaad,72428f1c0b81f556ea3e966005ae92cd0a2b2ca4392ac37bea3749f0a8d35b97,335dfa205c4da5b15c2081bf7039ee864ed4742a17564736a6f1d007a4905426,8f024021744ef95cfbfbd3e373e78cb1c9c0b880d70c60cacec4c8fdaf99913a
17,131170,mixed_train_raw_poisson,22,"bernoulli*19 + gaussian(mean_rating_train_z, year_z) + poisson(count_train_raw)",3,5,8,poisson,consistent,-3.352169342794318,6.57912737268676,0.8209514614784779,0.8121864263965995,4950,-2.9203759386512473,4.42417968964762,0.9137463732212638,2.5012481750316264,0.32439393782353065,False,0,0,False,0,True,15.15,6632c1c652e81010bda28f35d1f1b303f67c829a822ca168965b16c135d4aaad,3f79527b0e8eabc6c556a4efeb1ffbbab2b8bb5a15b131600d3d7917c569c400,335dfa205c4da5b15c2081bf7039ee864ed4742a17564736a6f1d007a4905426,8f024021744ef95cfbfbd3e373e78cb1c9c0b880d70c60cacec4c8fdaf99913a
17,131171,y_only,0,"X unused (fix_x=True, F fixed at 0); genre19 array passed",3,5,8,poisson,consistent,-3.253561815970604,6.301928827108055,0.847294357219008,0.8343265942018042,4950,-2.8166198543032195,3.9513224528173985,0.9348205025247704,2.7431703529900715,0.26981665445375624,False,0,0,False,0,True,9.17,6632c1c652e81010bda28f35d1f1b303f67c829a822ca168965b16c135d4aaad,14119cf4ecdf0c21dbfc967d4392b52a49dd17f2d935bf9777275c8635c9520b,335dfa205c4da5b15c2081bf7039ee864ed4742a17564736a6f1d007a4905426,8f024021744ef95cfbfbd3e373e78cb1c9c0b880d70c60cacec4c8fdaf99913a
17,131171,genre_only,19,bernoulli*19,3,5,8,poisson,consistent,-3.239455387670929,6.29260486627529,0.8521683689167943,0.835889217964038,4950,-2.807194766565547,3.922028715441105,0.9368267411991407,2.713212528376236,0.276047108701317,False,0,0,False,0,True,10.71,6632c1c652e81010bda28f35d1f1b303f67c829a822ca168965b16c135d4aaad,14119cf4ecdf0c21dbfc967d4392b52a49dd17f2d935bf9777275c8635c9520b,335dfa205c4da5b15c2081bf7039ee864ed4742a17564736a6f1d007a4905426,8f024021744ef95cfbfbd3e373e78cb1c9c0b880d70c60cacec4c8fdaf99913a
17,131171,genre_year,20,bernoulli*19 + gaussian(year_z),3,5,8,poisson,consistent,-3.238979281378102,6.305670988469679,0.8514318472854949,0.8357890570233245,4950,-2.807443924699783,3.934955629455937,0.9367174981734318,2.708967702309007,0.27607522980989474,False,0,0,False,0,True,12.94,6632c1c652e81010bda28f35d1f1b303f67c829a822ca168965b16c135d4aaad,4c9e98c8142c4e710f458ff14d36fd49b7dd9dce4dc5b5ceea6b10571c1c9899,335dfa205c4da5b15c2081bf7039ee864ed4742a17564736a6f1d007a4905426,8f024021744ef95cfbfbd3e373e78cb1c9c0b880d70c60cacec4c8fdaf99913a
17,131171,genre_logcount_train,20,bernoulli*19 + gaussian(log_count_train_z),3,5,8,poisson,consistent,-3.249078046603734,6.3658506524640615,0.8499343125945684,0.8329668387379517,4950,-2.806349897439813,3.920657052366174,0.936544845716413,2.7099808371345255,0.2763629510541844,False,0,0,False,0,True,12.95,6632c1c652e81010bda28f35d1f1b303f67c829a822ca168965b16c135d4aaad,844282efdabf323e31b2981399cbf96d0cf7d6e1c4790b75f4aec88beeec6870,335dfa205c4da5b15c2081bf7039ee864ed4742a17564736a6f1d007a4905426,8f024021744ef95cfbfbd3e373e78cb1c9c0b880d70c60cacec4c8fdaf99913a
17,131171,mixed_train_log,22,"bernoulli*19 + gaussian(mean_rating_train_z, year_z, log_count_train_z)",3,5,8,poisson,consistent,-3.256514282464037,6.361383885178341,0.8479494835389454,0.8332638717664177,4950,-2.807522675493383,3.931387448418109,0.9370991051577507,2.7119690534150407,0.275732333180354,False,0,0,False,0,True,17.43,6632c1c652e81010bda28f35d1f1b303f67c829a822ca168965b16c135d4aaad,72428f1c0b81f556ea3e966005ae92cd0a2b2ca4392ac37bea3749f0a8d35b97,335dfa205c4da5b15c2081bf7039ee864ed4742a17564736a6f1d007a4905426,8f024021744ef95cfbfbd3e373e78cb1c9c0b880d70c60cacec4c8fdaf99913a
17,131171,mixed_train_raw_poisson,22,"bernoulli*19 + gaussian(mean_rating_train_z, year_z) + poisson(count_train_raw)",3,5,8,poisson,consistent,-3.345507095971794,6.5301217877350775,0.8184503088614266,0.8154026459713207,4950,-2.9162838871862884,4.406030966155705,0.9145163022073601,2.4958892976277625,0.3257040384120139,False,0,0,False,0,True,14.93,6632c1c652e81010bda28f35d1f1b303f67c829a822ca168965b16c135d4aaad,3f79527b0e8eabc6c556a4efeb1ffbbab2b8bb5a15b131600d3d7917c569c400,335dfa205c4da5b15c2081bf7039ee864ed4742a17564736a6f1d007a4905426,8f024021744ef95cfbfbd3e373e78cb1c9c0b880d70c60cacec4c8fdaf99913a
18,131180,y_only,0,"X unused (fix_x=True, F fixed at 0); genre19 array passed",3,5,8,poisson,consistent,-3.454328276693953,6.650098227943456,0.7944457212974938,0.797554205423955,4950,-2.8016261486797576,4.00731865504082,0.9266841711007027,2.6229119845835704,0.3017618574639772,False,0,0,False,0,True,8.83,1c06146861972cc450906836625b368718afb867e580d56e69420311095ac3bb,d086c44b17bfe72ca24ee9735975a386b97f409a2f136e537faab52db3ad6b37,26cf00fd9e377c2e6b8c50630a3fd1912309eee3f9e4739db3746c9a9f2ea59c,08704d85546dc32219f662acf53ac758310550f1a538f750131d3936e1d94908
18,131180,genre_only,19,bernoulli*19,3,5,8,poisson,consistent,-3.4431786547439813,6.671575553955869,0.7950248233014876,0.7969606741287836,4950,-2.7923690327937623,3.968112061958211,0.9284984927177683,2.593561600007303,0.307670503660057,False,0,0,False,0,True,11.11,1c06146861972cc450906836625b368718afb867e580d56e69420311095ac3bb,d086c44b17bfe72ca24ee9735975a386b97f409a2f136e537faab52db3ad6b37,26cf00fd9e377c2e6b8c50630a3fd1912309eee3f9e4739db3746c9a9f2ea59c,08704d85546dc32219f662acf53ac758310550f1a538f750131d3936e1d94908
18,131180,genre_year,20,bernoulli*19 + gaussian(year_z),3,5,8,poisson,consistent,-3.447371695212442,6.691253982705382,0.7954153237586483,0.7957784620408689,4950,-2.7906097987794136,3.95208908154599,0.9284618651668117,2.592425353618506,0.3076520262884257,False,0,0,False,0,True,13.99,1c06146861972cc450906836625b368718afb867e580d56e69420311095ac3bb,bdfc3c3b6245cdf5bb918a6fada9112eb021e7033d672c50a765ed773308240a,26cf00fd9e377c2e6b8c50630a3fd1912309eee3f9e4739db3746c9a9f2ea59c,08704d85546dc32219f662acf53ac758310550f1a538f750131d3936e1d94908
18,131180,genre_logcount_train,20,bernoulli*19 + gaussian(log_count_train_z),3,5,8,poisson,consistent,-3.432403228277462,6.621734003118392,0.7974382065054373,0.79909907186179,4950,-2.7923265577774687,3.9717462231519476,0.9283146058287657,2.5949100483666228,0.30756528046876663,False,0,0,False,0,True,12.85,1c06146861972cc450906836625b368718afb867e580d56e69420311095ac3bb,bc1316fca12e744fd5545023796360f29c539712018e4748cf61082b421f4307,26cf00fd9e377c2e6b8c50630a3fd1912309eee3f9e4739db3746c9a9f2ea59c,08704d85546dc32219f662acf53ac758310550f1a538f750131d3936e1d94908
18,131180,mixed_train_log,22,"bernoulli*19 + gaussian(mean_rating_train_z, year_z, log_count_train_z)",3,5,8,poisson,consistent,-3.426489097226552,6.6151799872287,0.7982555681536015,0.79995098795343,4950,-2.7913503464016767,3.972701991328364,0.9290092131032104,2.5937022499402604,0.30746965834124956,False,0,0,False,0,True,13.22,1c06146861972cc450906836625b368718afb867e580d56e69420311095ac3bb,3d11acfc506a93a5c5c25f486d25d86ce067428041fc8548af3d7142f7852d17,26cf00fd9e377c2e6b8c50630a3fd1912309eee3f9e4739db3746c9a9f2ea59c,08704d85546dc32219f662acf53ac758310550f1a538f750131d3936e1d94908
18,131180,mixed_train_raw_poisson,22,"bernoulli*19 + gaussian(mean_rating_train_z, year_z) + poisson(count_train_raw)",3,5,8,poisson,consistent,-3.451967187650414,6.762818323054005,0.7765361365423826,0.7812657746749464,4950,-2.964839821720489,4.708615832882085,0.8942959408952493,2.362959950701974,0.3542346332249555,False,0,0,False,0,True,14.94,1c06146861972cc450906836625b368718afb867e580d56e69420311095ac3bb,b4b97c7b67d3ea842ecc89741787b506d0a3df767eb4914e845e584399f1e885,26cf00fd9e377c2e6b8c50630a3fd1912309eee3f9e4739db3746c9a9f2ea59c,08704d85546dc32219f662acf53ac758310550f1a538f750131d3936e1d94908
18,131181,y_only,0,"X unused (fix_x=True, F fixed at 0); genre19 array passed",3,5,8,poisson,consistent,-3.4485709404362144,6.641754214851727,0.7953699179787254,0.7996350592107986,4950,-2.807165676459941,4.0358922023648445,0.9261681291749853,2.6246655227354085,0.3022148437320631,False,0,0,False,0,True,8.82,1c06146861972cc450906836625b368718afb867e580d56e69420311095ac3bb,d086c44b17bfe72ca24ee9735975a386b97f409a2f136e537faab52db3ad6b37,26cf00fd9e377c2e6b8c50630a3fd1912309eee3f9e4739db3746c9a9f2ea59c,08704d85546dc32219f662acf53ac758310550f1a538f750131d3936e1d94908
18,131181,genre_only,19,bernoulli*19,3,5,8,poisson,consistent,-3.4360055249294597,6.607130353713652,0.7968458764277878,0.8014112625022058,4950,-2.7933373666427737,3.9721304260531296,0.928675745040139,2.5944413096739014,0.3071183511727089,False,0,0,False,0,True,10.38,1c06146861972cc450906836625b368718afb867e580d56e69420311095ac3bb,d086c44b17bfe72ca24ee9735975a386b97f409a2f136e537faab52db3ad6b37,26cf00fd9e377c2e6b8c50630a3fd1912309eee3f9e4739db3746c9a9f2ea59c,08704d85546dc32219f662acf53ac758310550f1a538f750131d3936e1d94908
18,131181,genre_year,20,bernoulli*19 + gaussian(year_z),3,5,8,poisson,consistent,-3.4260913750216937,6.605616985599794,0.7972999539251284,0.8012564154522456,4950,-2.793310618226228,3.971165659392364,0.9285917875188406,2.592311065822156,0.30725608697612167,False,0,0,False,0,True,11.31,1c06146861972cc450906836625b368718afb867e580d56e69420311095ac3bb,bdfc3c3b6245cdf5bb918a6fada9112eb021e7033d672c50a765ed773308240a,26cf00fd9e377c2e6b8c50630a3fd1912309eee3f9e4739db3746c9a9f2ea59c,08704d85546dc32219f662acf53ac758310550f1a538f750131d3936e1d94908
18,131181,genre_logcount_train,20,bernoulli*19 + gaussian(log_count_train_z),3,5,8,poisson,consistent,-3.4360062443077832,6.606897047798007,0.7970334253134895,0.8015217481441879,4950,-2.793125958595791,3.972962459147444,0.9286712853729175,2.594322253381246,0.30689223189499637,False,0,0,False,0,True,11.23,1c06146861972cc450906836625b368718afb867e580d56e69420311095ac3bb,bc1316fca12e744fd5545023796360f29c539712018e4748cf61082b421f4307,26cf00fd9e377c2e6b8c50630a3fd1912309eee3f9e4739db3746c9a9f2ea59c,08704d85546dc32219f662acf53ac758310550f1a538f750131d3936e1d94908
18,131181,mixed_train_log,22,"bernoulli*19 + gaussian(mean_rating_train_z, year_z, log_count_train_z)",3,5,8,poisson,consistent,-3.4238692624500033,6.602218511796901,0.797635530207701,0.8014781199897104,4950,-2.7945680049545265,3.979221399777991,0.9282340695698408,2.596150103325865,0.30686868275587886,False,0,0,False,0,True,11.28,1c06146861972cc450906836625b368718afb867e580d56e69420311095ac3bb,3d11acfc506a93a5c5c25f486d25d86ce067428041fc8548af3d7142f7852d17,26cf00fd9e377c2e6b8c50630a3fd1912309eee3f9e4739db3746c9a9f2ea59c,08704d85546dc32219f662acf53ac758310550f1a538f750131d3936e1d94908
18,131181,mixed_train_raw_poisson,22,"bernoulli*19 + gaussian(mean_rating_train_z, year_z) + poisson(count_train_raw)",3,5,8,poisson,consistent,-3.4448180168551303,6.734441608115226,0.776610267612856,0.7816516471356499,4950,-2.9657365857736195,4.703614159209837,0.8951583501765139,2.3617935090991238,0.35452495749206875,False,0,0,False,0,True,13.24,1c06146861972cc450906836625b368718afb867e580d56e69420311095ac3bb,b4b97c7b67d3ea842ecc89741787b506d0a3df767eb4914e845e584399f1e885,26cf00fd9e377c2e6b8c50630a3fd1912309eee3f9e4739db3746c9a9f2ea59c,08704d85546dc32219f662acf53ac758310550f1a538f750131d3936e1d94908
19,131190,y_only,0,"X unused (fix_x=True, F fixed at 0); genre19 array passed",3,5,8,poisson,consistent,-3.2628146342254625,6.229024732269579,0.8476490051376206,0.8449518754881503,4950,-2.8111592844456403,3.9510889438450914,0.9221538492535638,2.7943101540196333,0.25503092808440664,False,0,0,False,0,True,7.9,289dd7ea761c80715f34e49e4ddff6b2ed18bec6630b8cbb37bb44a6b7e19a44,12f80406f90717f1d341b0d9b28951c6abde30b6b56f696cadff1c4c32d4eb03,e9bffd8b88be1ded8452fd52fdf8a7e62981de9f26b48d769a3172dd6572ac8e,67957482ed6cad1a166fc635a80eb353aa077c9ae545203108b55a6c7508cfba
19,131190,genre_only,19,bernoulli*19,3,5,8,poisson,consistent,-3.245328069653597,6.183909478908578,0.8516888254025067,0.8470613349752436,4950,-2.7983846634417797,3.8969060789799386,0.9255321335886927,2.755602257753262,0.2630960335157057,False,0,0,False,0,True,9.34,289dd7ea761c80715f34e49e4ddff6b2ed18bec6630b8cbb37bb44a6b7e19a44,12f80406f90717f1d341b0d9b28951c6abde30b6b56f696cadff1c4c32d4eb03,e9bffd8b88be1ded8452fd52fdf8a7e62981de9f26b48d769a3172dd6572ac8e,67957482ed6cad1a166fc635a80eb353aa077c9ae545203108b55a6c7508cfba
19,131190,genre_year,20,bernoulli*19 + gaussian(year_z),3,5,8,poisson,consistent,-3.2486952835288756,6.202669073797856,0.8516701061413344,0.8462859437285063,4950,-2.7994227829270586,3.902150750587202,0.924841630473466,2.755551303561578,0.2628984463528746,False,0,0,False,0,True,11.32,289dd7ea761c80715f34e49e4ddff6b2ed18bec6630b8cbb37bb44a6b7e19a44,f6b9924782f4114d77e9fc1128df78e0fd5313749187910acc088c745acc33e2,e9bffd8b88be1ded8452fd52fdf8a7e62981de9f26b48d769a3172dd6572ac8e,67957482ed6cad1a166fc635a80eb353aa077c9ae545203108b55a6c7508cfba
19,131190,genre_logcount_train,20,bernoulli*19 + gaussian(log_count_train_z),3,5,8,poisson,consistent,-3.2449789862441367,6.179628488001769,0.8515192486599487,0.8473503513645583,4950,-2.7979085252399964,3.8982724226395247,0.9252776430989108,2.7566222112167122,0.2630532997472942,False,0,0,False,0,True,11.46,289dd7ea761c80715f34e49e4ddff6b2ed18bec6630b8cbb37bb44a6b7e19a44,b1a9d9b082cb9303e9451e6b9860c68fd31e481ac87034efa943bac2ead60f90,e9bffd8b88be1ded8452fd52fdf8a7e62981de9f26b48d769a3172dd6572ac8e,67957482ed6cad1a166fc635a80eb353aa077c9ae545203108b55a6c7508cfba
19,131190,mixed_train_log,22,"bernoulli*19 + gaussian(mean_rating_train_z, year_z, log_count_train_z)",3,5,8,poisson,consistent,-3.2320628544517462,6.164145378127309,0.8543797517593538,0.8481651331996161,4950,-2.8025293762350816,3.931476680450231,0.9244341389385149,2.7630729792075313,0.2614018273182649,False,0,0,False,0,True,11.32,289dd7ea761c80715f34e49e4ddff6b2ed18bec6630b8cbb37bb44a6b7e19a44,1a787f6a424d3bcf5d883d3d24902aff6ef14ade208c885914553c6a088e217f,e9bffd8b88be1ded8452fd52fdf8a7e62981de9f26b48d769a3172dd6572ac8e,67957482ed6cad1a166fc635a80eb353aa077c9ae545203108b55a6c7508cfba
19,131190,mixed_train_raw_poisson,22,"bernoulli*19 + gaussian(mean_rating_train_z, year_z) + poisson(count_train_raw)",3,5,8,poisson,consistent,-3.4278700572969742,6.794201558732524,0.805622143329428,0.8111045806807755,4950,-2.9445510458926583,4.592584278315698,0.8892407937691665,2.548191548529763,0.3069741681238215,False,0,0,False,0,True,13.24,289dd7ea761c80715f34e49e4ddff6b2ed18bec6630b8cbb37bb44a6b7e19a44,a4e9538717922efd83214e0468eb3a19721f3f72d525ed45ab8da3c06c632757,e9bffd8b88be1ded8452fd52fdf8a7e62981de9f26b48d769a3172dd6572ac8e,67957482ed6cad1a166fc635a80eb353aa077c9ae545203108b55a6c7508cfba
19,131191,y_only,0,"X unused (fix_x=True, F fixed at 0); genre19 array passed",3,5,8,poisson,consistent,-3.250686567726998,6.182550724400796,0.8483915963715237,0.8474192421484417,4950,-2.812059533683489,3.9771762270130284,0.9225160754224394,2.7978973728623107,0.25505486970774666,False,0,0,False,0,True,7.86,289dd7ea761c80715f34e49e4ddff6b2ed18bec6630b8cbb37bb44a6b7e19a44,12f80406f90717f1d341b0d9b28951c6abde30b6b56f696cadff1c4c32d4eb03,e9bffd8b88be1ded8452fd52fdf8a7e62981de9f26b48d769a3172dd6572ac8e,67957482ed6cad1a166fc635a80eb353aa077c9ae545203108b55a6c7508cfba
19,131191,genre_only,19,bernoulli*19,3,5,8,poisson,consistent,-3.251975703422054,6.209462036439827,0.8485559623383991,0.8461214256298629,4950,-2.8021954535641282,3.9343759769764217,0.9254023173591043,2.7609750889119895,0.2615468674305287,False,0,0,False,0,True,9.34,289dd7ea761c80715f34e49e4ddff6b2ed18bec6630b8cbb37bb44a6b7e19a44,12f80406f90717f1d341b0d9b28951c6abde30b6b56f696cadff1c4c32d4eb03,e9bffd8b88be1ded8452fd52fdf8a7e62981de9f26b48d769a3172dd6572ac8e,67957482ed6cad1a166fc635a80eb353aa077c9ae545203108b55a6c7508cfba
19,131191,genre_year,20,bernoulli*19 + gaussian(year_z),3,5,8,poisson,consistent,-3.2497586422455047,6.212800276296089,0.8491613876832607,0.8458665424374298,4950,-2.803845780181188,3.944488022722183,0.9244919043458253,2.7611663946695297,0.26159506440883273,False,0,0,False,0,True,11.39,289dd7ea761c80715f34e49e4ddff6b2ed18bec6630b8cbb37bb44a6b7e19a44,f6b9924782f4114d77e9fc1128df78e0fd5313749187910acc088c745acc33e2,e9bffd8b88be1ded8452fd52fdf8a7e62981de9f26b48d769a3172dd6572ac8e,67957482ed6cad1a166fc635a80eb353aa077c9ae545203108b55a6c7508cfba
19,131191,genre_logcount_train,20,bernoulli*19 + gaussian(log_count_train_z),3,5,8,poisson,consistent,-3.251912365225926,6.2237673504233895,0.8502956158250881,0.8452476251063,4950,-2.803658179545292,3.9434494293107605,0.924511793044945,2.7606751810067744,0.2621721867556802,False,0,0,False,0,True,11.28,289dd7ea761c80715f34e49e4ddff6b2ed18bec6630b8cbb37bb44a6b7e19a44,b1a9d9b082cb9303e9451e6b9860c68fd31e481ac87034efa943bac2ead60f90,e9bffd8b88be1ded8452fd52fdf8a7e62981de9f26b48d769a3172dd6572ac8e,67957482ed6cad1a166fc635a80eb353aa077c9ae545203108b55a6c7508cfba
19,131191,mixed_train_log,22,"bernoulli*19 + gaussian(mean_rating_train_z, year_z, log_count_train_z)",3,5,8,poisson,consistent,-3.2237077553811138,6.127238978077099,0.8575971407085901,0.8506138904286893,4950,-2.8017040247910496,3.928891661295282,0.9251994943201278,2.7636267618104866,0.26124617254476096,False,0,0,False,0,True,11.59,289dd7ea761c80715f34e49e4ddff6b2ed18bec6630b8cbb37bb44a6b7e19a44,1a787f6a424d3bcf5d883d3d24902aff6ef14ade208c885914553c6a088e217f,e9bffd8b88be1ded8452fd52fdf8a7e62981de9f26b48d769a3172dd6572ac8e,67957482ed6cad1a166fc635a80eb353aa077c9ae545203108b55a6c7508cfba
19,131191,mixed_train_raw_poisson,22,"bernoulli*19 + gaussian(mean_rating_train_z, year_z) + poisson(count_train_raw)",3,5,8,poisson,consistent,-3.435200744474601,6.834218462411686,0.8055249497656898,0.8088069119109816,4950,-2.9421247017643215,4.594334101042117,0.8913047262389573,2.5445917404392357,0.309115436749306,False,0,0,False,0,True,13.21,289dd7ea761c80715f34e49e4ddff6b2ed18bec6630b8cbb37bb44a6b7e19a44,a4e9538717922efd83214e0468eb3a19721f3f72d525ed45ab8da3c06c632757,e9bffd8b88be1ded8452fd52fdf8a7e62981de9f26b48d769a3172dd6572ac8e,67957482ed6cad1a166fc635a80eb353aa077c9ae545203108b55a6c7508cfba
20,131200,y_only,0,"X unused (fix_x=True, F fixed at 0); genre19 array passed",3,5,8,poisson,consistent,-3.454005898120414,7.238756328769082,0.8110845134507809,0.7924127126788343,4950,-2.8357453086408313,4.076953568512031,0.932188026135203,2.811123980153984,0.26616113971324235,False,0,0,False,0,True,7.8,2452d4382e5b9a70a4efe921706edc27ae180a71f56cb4f076eeed4be15a6696,ee6e513b5b59f22187c7a9d0f369600381a6a5a55c5336fcd149425eca221c76,e99e4089910dcfafd6b8096ba94b46d2c82cb7c0f94a64ecc5f56c76aaa31b2f,fde1831c4e64a34c56781d010c325139ecb17d9dbe2fb7f65a6d7b18ede60652
20,131200,genre_only,19,bernoulli*19,3,5,8,poisson,consistent,-3.4484965187926395,7.240308535920499,0.8127862523915278,0.7924425232383419,4950,-2.825519301205266,4.047297205018308,0.9338467752029688,2.7769173935137768,0.27329342211671265,False,0,0,False,0,True,9.27,2452d4382e5b9a70a4efe921706edc27ae180a71f56cb4f076eeed4be15a6696,ee6e513b5b59f22187c7a9d0f369600381a6a5a55c5336fcd149425eca221c76,e99e4089910dcfafd6b8096ba94b46d2c82cb7c0f94a64ecc5f56c76aaa31b2f,fde1831c4e64a34c56781d010c325139ecb17d9dbe2fb7f65a6d7b18ede60652
20,131200,genre_year,20,bernoulli*19 + gaussian(year_z),3,5,8,poisson,consistent,-3.428013972881595,7.139526776795159,0.8161797408206055,0.8000287518614427,4950,-2.8238084629125884,4.031438218169667,0.9346067684381573,2.776314894977562,0.2733717061892456,False,0,0,False,0,True,11.3,2452d4382e5b9a70a4efe921706edc27ae180a71f56cb4f076eeed4be15a6696,9dd58a411bb3be2a8d596144541c005636ded4ef64ca1454343be9300b07110a,e99e4089910dcfafd6b8096ba94b46d2c82cb7c0f94a64ecc5f56c76aaa31b2f,fde1831c4e64a34c56781d010c325139ecb17d9dbe2fb7f65a6d7b18ede60652
20,131200,genre_logcount_train,20,bernoulli*19 + gaussian(log_count_train_z),3,5,8,poisson,consistent,-3.442481730868774,7.212290775584548,0.8137890934873945,0.7945552928665713,4950,-2.825306645128532,4.032823686832915,0.9343448314148431,2.7779758655176843,0.2734766494577803,False,0,0,False,0,True,11.36,2452d4382e5b9a70a4efe921706edc27ae180a71f56cb4f076eeed4be15a6696,3d30420ad208545cae3477cf350735b09465b354ccaf185680ec68099b15a580,e99e4089910dcfafd6b8096ba94b46d2c82cb7c0f94a64ecc5f56c76aaa31b2f,fde1831c4e64a34c56781d010c325139ecb17d9dbe2fb7f65a6d7b18ede60652
20,131200,mixed_train_log,22,"bernoulli*19 + gaussian(mean_rating_train_z, year_z, log_count_train_z)",3,5,8,poisson,consistent,-3.4266466016751496,7.14459619018152,0.8174789594446942,0.8003557631304241,4950,-2.8256050104729793,4.0242796802663845,0.9343064763139527,2.7798319167758834,0.2724769334299083,False,0,0,False,0,True,11.34,2452d4382e5b9a70a4efe921706edc27ae180a71f56cb4f076eeed4be15a6696,ae20512b0fd1ae99c940d6f6bb16c48b7c9e805523a0b5aa6274b9a1fa629cea,e99e4089910dcfafd6b8096ba94b46d2c82cb7c0f94a64ecc5f56c76aaa31b2f,fde1831c4e64a34c56781d010c325139ecb17d9dbe2fb7f65a6d7b18ede60652
20,131200,mixed_train_raw_poisson,22,"bernoulli*19 + gaussian(mean_rating_train_z, year_z) + poisson(count_train_raw)",3,5,8,poisson,consistent,-3.5162854850756986,7.276440580093899,0.783591947910099,0.7767310014514452,4950,-2.9874640119411455,4.834654671848144,0.9014849405839386,2.5511384171835605,0.3223150862889574,False,0,0,False,0,True,13.52,2452d4382e5b9a70a4efe921706edc27ae180a71f56cb4f076eeed4be15a6696,c21bf60bc9c796c11e47f9ed19babc4107a55e6ac3d9133041c73107b3b359b9,e99e4089910dcfafd6b8096ba94b46d2c82cb7c0f94a64ecc5f56c76aaa31b2f,fde1831c4e64a34c56781d010c325139ecb17d9dbe2fb7f65a6d7b18ede60652
20,131201,y_only,0,"X unused (fix_x=True, F fixed at 0); genre19 array passed",3,5,8,poisson,consistent,-3.4380391951861298,7.174658327563002,0.8137971236539936,0.7974943938626811,4950,-2.836230575475311,4.073494868454491,0.931918824097185,2.8073693133712005,0.26670276011445265,False,0,0,False,0,True,7.84,2452d4382e5b9a70a4efe921706edc27ae180a71f56cb4f076eeed4be15a6696,ee6e513b5b59f22187c7a9d0f369600381a6a5a55c5336fcd149425eca221c76,e99e4089910dcfafd6b8096ba94b46d2c82cb7c0f94a64ecc5f56c76aaa31b2f,fde1831c4e64a34c56781d010c325139ecb17d9dbe2fb7f65a6d7b18ede60652
20,131201,genre_only,19,bernoulli*19,3,5,8,poisson,consistent,-3.430063467114325,7.146568593288877,0.8158953760747679,0.7991722184840933,4950,-2.8255377081714736,4.040413002440003,0.9339034487015486,2.7733405785201053,0.27425885917336745,False,0,0,False,0,True,9.35,2452d4382e5b9a70a4efe921706edc27ae180a71f56cb4f076eeed4be15a6696,ee6e513b5b59f22187c7a9d0f369600381a6a5a55c5336fcd149425eca221c76,e99e4089910dcfafd6b8096ba94b46d2c82cb7c0f94a64ecc5f56c76aaa31b2f,fde1831c4e64a34c56781d010c325139ecb17d9dbe2fb7f65a6d7b18ede60652
20,131201,genre_year,20,bernoulli*19 + gaussian(year_z),3,5,8,poisson,consistent,-3.440398809376547,7.184157278844462,0.8128365972816736,0.7976347647605971,4950,-2.8240956667771884,4.02023395003774,0.9338516173089167,2.770360297956074,0.2744691256185329,False,0,0,False,0,True,11.27,2452d4382e5b9a70a4efe921706edc27ae180a71f56cb4f076eeed4be15a6696,9dd58a411bb3be2a8d596144541c005636ded4ef64ca1454343be9300b07110a,e99e4089910dcfafd6b8096ba94b46d2c82cb7c0f94a64ecc5f56c76aaa31b2f,fde1831c4e64a34c56781d010c325139ecb17d9dbe2fb7f65a6d7b18ede60652
20,131201,genre_logcount_train,20,bernoulli*19 + gaussian(log_count_train_z),3,5,8,poisson,consistent,-3.4309820315852964,7.145247107606077,0.8159171478199115,0.8011867908131107,4950,-2.826546463391769,4.032489761945339,0.9331976001529012,2.776328176949594,0.27330288017967247,False,0,0,False,0,True,11.27,2452d4382e5b9a70a4efe921706edc27ae180a71f56cb4f076eeed4be15a6696,3d30420ad208545cae3477cf350735b09465b354ccaf185680ec68099b15a580,e99e4089910dcfafd6b8096ba94b46d2c82cb7c0f94a64ecc5f56c76aaa31b2f,fde1831c4e64a34c56781d010c325139ecb17d9dbe2fb7f65a6d7b18ede60652
20,131201,mixed_train_log,22,"bernoulli*19 + gaussian(mean_rating_train_z, year_z, log_count_train_z)",3,5,8,poisson,consistent,-3.419246794657692,7.119537647232496,0.8195377522044831,0.8028857442891346,4950,-2.829719141417516,4.056030018540774,0.9333098793579404,2.776321082224341,0.2736344061272873,False,0,0,False,0,True,11.26,2452d4382e5b9a70a4efe921706edc27ae180a71f56cb4f076eeed4be15a6696,ae20512b0fd1ae99c940d6f6bb16c48b7c9e805523a0b5aa6274b9a1fa629cea,e99e4089910dcfafd6b8096ba94b46d2c82cb7c0f94a64ecc5f56c76aaa31b2f,fde1831c4e64a34c56781d010c325139ecb17d9dbe2fb7f65a6d7b18ede60652
20,131201,mixed_train_raw_poisson,22,"bernoulli*19 + gaussian(mean_rating_train_z, year_z) + poisson(count_train_raw)",3,5,8,poisson,consistent,-3.557818571532513,7.44608466839331,0.776440401399245,0.7709840082928717,4950,-2.9860613863702175,4.81265839163023,0.9010047062615115,2.552843145973446,0.3222234356760968,False,0,0,False,0,True,13.15,2452d4382e5b9a70a4efe921706edc27ae180a71f56cb4f076eeed4be15a6696,c21bf60bc9c796c11e47f9ed19babc4107a55e6ac3d9133041c73107b3b359b9,e99e4089910dcfafd6b8096ba94b46d2c82cb7c0f94a64ecc5f56c76aaa31b2f,fde1831c4e64a34c56781d010c325139ecb17d9dbe2fb7f65a6d7b18ede60652
21,131210,y_only,0,"X unused (fix_x=True, F fixed at 0); genre19 array passed",3,5,8,poisson,consistent,-3.2557389227155884,6.048562541525275,0.8668233908572635,0.8815755470462241,4950,-2.8012459705079786,3.945405558584037,0.9230381609767211,2.7278323337004693,0.26693363929167124,False,0,0,False,0,True,7.87,e85d6cae20747a65c239fbdc4b54400ba2769bed9c6148914ed28ffb2d6ad9eb,1cbba29b81f77b2071b5e086bc410287a56068af5c664b74741934b9777ac908,d210f30035bad60a45f4a448ebe69b4b4e7dd8c473f050cf21532c95a2f844ac,e6359b948e6920ff83fa61617be4164df695b9fdc4503ae8c472e3e4a9a18f32
21,131210,genre_only,19,bernoulli*19,3,5,8,poisson,consistent,-3.242246593073135,5.9909928836891835,0.8687655239930323,0.8845273671880394,4950,-2.7898059191345106,3.8924817669111964,0.9261428619371047,2.6957199969408796,0.2739043213024358,False,0,0,False,0,True,9.31,e85d6cae20747a65c239fbdc4b54400ba2769bed9c6148914ed28ffb2d6ad9eb,1cbba29b81f77b2071b5e086bc410287a56068af5c664b74741934b9777ac908,d210f30035bad60a45f4a448ebe69b4b4e7dd8c473f050cf21532c95a2f844ac,e6359b948e6920ff83fa61617be4164df695b9fdc4503ae8c472e3e4a9a18f32
21,131210,genre_year,20,bernoulli*19 + gaussian(year_z),3,5,8,poisson,consistent,-3.2736834320638217,6.114297337658358,0.8639966182988146,0.878771601069252,4950,-2.793078210360781,3.912460630464823,0.9258452897835742,2.697202154482298,0.27323188991839803,False,0,0,False,0,True,11.27,e85d6cae20747a65c239fbdc4b54400ba2769bed9c6148914ed28ffb2d6ad9eb,633f6cc9a0ad85aa1947c4d8fe32c5af19061253ad4e19d085510cb521d26c97,d210f30035bad60a45f4a448ebe69b4b4e7dd8c473f050cf21532c95a2f844ac,e6359b948e6920ff83fa61617be4164df695b9fdc4503ae8c472e3e4a9a18f32
21,131210,genre_logcount_train,20,bernoulli*19 + gaussian(log_count_train_z),3,5,8,poisson,consistent,-3.267529360657892,6.089717872570467,0.8646822103069521,0.8805555212410806,4950,-2.790249911690635,3.8946322024756075,0.9257777770384281,2.698230461915338,0.2728625438764361,False,0,0,False,0,True,11.68,e85d6cae20747a65c239fbdc4b54400ba2769bed9c6148914ed28ffb2d6ad9eb,1a560bcca1e4ad0263fafa212896207efb1c07762b152c9c5fceaeb31261d98e,d210f30035bad60a45f4a448ebe69b4b4e7dd8c473f050cf21532c95a2f844ac,e6359b948e6920ff83fa61617be4164df695b9fdc4503ae8c472e3e4a9a18f32
21,131210,mixed_train_log,22,"bernoulli*19 + gaussian(mean_rating_train_z, year_z, log_count_train_z)",3,5,8,poisson,consistent,-3.270697608849886,6.092283425602903,0.8635398282921658,0.8799688064381735,4950,-2.793429664719229,3.9063768090356086,0.9243676099558455,2.7015919447072143,0.2724374231095832,False,0,0,False,0,True,11.22,e85d6cae20747a65c239fbdc4b54400ba2769bed9c6148914ed28ffb2d6ad9eb,e1fe88e10b70f264def95e4a1b3b6273df068f961bf0f6cb7d27f196be615710,d210f30035bad60a45f4a448ebe69b4b4e7dd8c473f050cf21532c95a2f844ac,e6359b948e6920ff83fa61617be4164df695b9fdc4503ae8c472e3e4a9a18f32
21,131210,mixed_train_raw_poisson,22,"bernoulli*19 + gaussian(mean_rating_train_z, year_z) + poisson(count_train_raw)",3,5,8,poisson,consistent,-3.3058491378549872,6.227211042767313,0.8684802289439963,0.8794866647372961,4950,-2.961589701683592,4.733417017613693,0.8859305945483222,2.4767804919195675,0.3200593800306198,False,0,0,False,0,True,12.94,e85d6cae20747a65c239fbdc4b54400ba2769bed9c6148914ed28ffb2d6ad9eb,b1b1e9888cba53432de04a354131c36db8100afe3e52f304e892e59f37ea02e6,d210f30035bad60a45f4a448ebe69b4b4e7dd8c473f050cf21532c95a2f844ac,e6359b948e6920ff83fa61617be4164df695b9fdc4503ae8c472e3e4a9a18f32
21,131211,y_only,0,"X unused (fix_x=True, F fixed at 0); genre19 array passed",3,5,8,poisson,consistent,-3.257835656255524,6.089980577404671,0.8677824375314576,0.8805331024862194,4950,-2.797510301494885,3.9048023227444375,0.9249115497395857,2.7300519360450055,0.26647600501128654,False,0,0,False,0,True,7.68,e85d6cae20747a65c239fbdc4b54400ba2769bed9c6148914ed28ffb2d6ad9eb,1cbba29b81f77b2071b5e086bc410287a56068af5c664b74741934b9777ac908,d210f30035bad60a45f4a448ebe69b4b4e7dd8c473f050cf21532c95a2f844ac,e6359b948e6920ff83fa61617be4164df695b9fdc4503ae8c472e3e4a9a18f32
21,131211,genre_only,19,bernoulli*19,3,5,8,poisson,consistent,-3.2396403124204105,6.034778602903213,0.8718746939933045,0.8836498353578205,4950,-2.7885137229832764,3.8657747638246023,0.9273500628747529,2.6984272918564374,0.2726220402679546,False,0,0,False,0,True,9.11,e85d6cae20747a65c239fbdc4b54400ba2769bed9c6148914ed28ffb2d6ad9eb,1cbba29b81f77b2071b5e086bc410287a56068af5c664b74741934b9777ac908,d210f30035bad60a45f4a448ebe69b4b4e7dd8c473f050cf21532c95a2f844ac,e6359b948e6920ff83fa61617be4164df695b9fdc4503ae8c472e3e4a9a18f32
21,131211,genre_year,20,bernoulli*19 + gaussian(year_z),3,5,8,poisson,consistent,-3.265680203800511,6.0949835790184945,0.8660514025089989,0.8806136974216613,4950,-2.7891335416432295,3.8727519744237497,0.9275869293403021,2.697413623149278,0.273268029805726,False,0,0,False,0,True,10.87,e85d6cae20747a65c239fbdc4b54400ba2769bed9c6148914ed28ffb2d6ad9eb,633f6cc9a0ad85aa1947c4d8fe32c5af19061253ad4e19d085510cb521d26c97,d210f30035bad60a45f4a448ebe69b4b4e7dd8c473f050cf21532c95a2f844ac,e6359b948e6920ff83fa61617be4164df695b9fdc4503ae8c472e3e4a9a18f32
21,131211,genre_logcount_train,20,bernoulli*19 + gaussian(log_count_train_z),3,5,8,poisson,consistent,-3.2477087763801307,6.017615118803291,0.868162598312663,0.8819567503667216,4950,-2.7881218415948674,3.8823587327984415,0.9259540468472958,2.701887820334213,0.2723791945525989,False,0,0,False,0,True,10.98,e85d6cae20747a65c239fbdc4b54400ba2769bed9c6148914ed28ffb2d6ad9eb,1a560bcca1e4ad0263fafa212896207efb1c07762b152c9c5fceaeb31261d98e,d210f30035bad60a45f4a448ebe69b4b4e7dd8c473f050cf21532c95a2f844ac,e6359b948e6920ff83fa61617be4164df695b9fdc4503ae8c472e3e4a9a18f32
21,131211,mixed_train_log,22,"bernoulli*19 + gaussian(mean_rating_train_z, year_z, log_count_train_z)",3,5,8,poisson,consistent,-3.2704664480532775,6.0856153077132,0.8651866305053807,0.8807638243909112,4950,-2.7879328207589587,3.873107607379897,0.9269807909860875,2.702470115995194,0.27140458760536146,False,0,0,False,0,True,10.87,e85d6cae20747a65c239fbdc4b54400ba2769bed9c6148914ed28ffb2d6ad9eb,e1fe88e10b70f264def95e4a1b3b6273df068f961bf0f6cb7d27f196be615710,d210f30035bad60a45f4a448ebe69b4b4e7dd8c473f050cf21532c95a2f844ac,e6359b948e6920ff83fa61617be4164df695b9fdc4503ae8c472e3e4a9a18f32
21,131211,mixed_train_raw_poisson,22,"bernoulli*19 + gaussian(mean_rating_train_z, year_z) + poisson(count_train_raw)",3,5,8,poisson,consistent,-3.27817558059569,6.124799753755394,0.8735373107661162,0.8832701554007976,4950,-2.950900277648129,4.669523915625172,0.8890897834925502,2.4666912114909696,0.3243653768924725,False,0,0,False,0,True,12.77,e85d6cae20747a65c239fbdc4b54400ba2769bed9c6148914ed28ffb2d6ad9eb,b1b1e9888cba53432de04a354131c36db8100afe3e52f304e892e59f37ea02e6,d210f30035bad60a45f4a448ebe69b4b4e7dd8c473f050cf21532c95a2f844ac,e6359b948e6920ff83fa61617be4164df695b9fdc4503ae8c472e3e4a9a18f32
22,131220,y_only,0,"X unused (fix_x=True, F fixed at 0); genre19 array passed",3,5,8,poisson,consistent,-3.5384824019956724,7.315535039940239,0.81126616352457,0.8036184628479194,4950,-2.796516959141485,3.8153859021327423,0.9385560248113639,2.7281854434328854,0.27588796613857924,False,0,0,False,0,True,7.58,04844b27f066df0986bf4c630926b572ffdec32e221c29644822e978c3fbf7aa,412ae203637027dd215d590dc6f7ff57fd03a6b0d430f289bbc946f1c8945da6,511971fd8c15b56d9af78bfb1487ddc131e05f9f51377093476dc88eaf16ff28,f618d95eed253418117ab622f59b4e84a68f555d570e2b0e8d21c3adacee1452
22,131220,genre_only,19,bernoulli*19,3,5,8,poisson,consistent,-3.536176982099795,7.256163880791458,0.810797731703298,0.8027225845347683,4950,-2.789899237108859,3.7932811344769526,0.9395366935036854,2.698250524148666,0.28207380730523846,False,0,0,False,0,True,8.99,04844b27f066df0986bf4c630926b572ffdec32e221c29644822e978c3fbf7aa,412ae203637027dd215d590dc6f7ff57fd03a6b0d430f289bbc946f1c8945da6,511971fd8c15b56d9af78bfb1487ddc131e05f9f51377093476dc88eaf16ff28,f618d95eed253418117ab622f59b4e84a68f555d570e2b0e8d21c3adacee1452
22,131220,genre_year,20,bernoulli*19 + gaussian(year_z),3,5,8,poisson,consistent,-3.527930836035669,7.335248050762276,0.812529212080175,0.804545680048283,4950,-2.789817657722605,3.796373782178478,0.9389467457579219,2.704229065098185,0.2809925029807511,False,0,0,False,0,True,10.98,04844b27f066df0986bf4c630926b572ffdec32e221c29644822e978c3fbf7aa,20f619f5ddd5a9fe320fd7e2b1ddeafba76d955a332d8957203db476600fb264,511971fd8c15b56d9af78bfb1487ddc131e05f9f51377093476dc88eaf16ff28,f618d95eed253418117ab622f59b4e84a68f555d570e2b0e8d21c3adacee1452
22,131220,genre_logcount_train,20,bernoulli*19 + gaussian(log_count_train_z),3,5,8,poisson,consistent,-3.5000797513012323,7.159076749366197,0.8147818356441834,0.8047010113949804,4950,-2.789753790879386,3.794130534516519,0.9401070230099401,2.7035865623400785,0.28088329033677384,False,0,0,False,0,True,11.03,04844b27f066df0986bf4c630926b572ffdec32e221c29644822e978c3fbf7aa,98d52ec3821970f2816836df110841de7142eae3f54ed8bde2bc744673f855d6,511971fd8c15b56d9af78bfb1487ddc131e05f9f51377093476dc88eaf16ff28,f618d95eed253418117ab622f59b4e84a68f555d570e2b0e8d21c3adacee1452
22,131220,mixed_train_log,22,"bernoulli*19 + gaussian(mean_rating_train_z, year_z, log_count_train_z)",3,5,8,poisson,consistent,-3.4995481305047065,7.167643653461725,0.8155220302779759,0.8066210446534469,4950,-2.7947424490039814,3.820522795219557,0.9375883356394179,2.7111838227478033,0.2790885664751727,False,0,0,False,0,True,10.83,04844b27f066df0986bf4c630926b572ffdec32e221c29644822e978c3fbf7aa,051d5cdefb39bb77813583c6824070f40b482035b0074f473660cbedfec9ef4e,511971fd8c15b56d9af78bfb1487ddc131e05f9f51377093476dc88eaf16ff28,f618d95eed253418117ab622f59b4e84a68f555d570e2b0e8d21c3adacee1452
22,131220,mixed_train_raw_poisson,22,"bernoulli*19 + gaussian(mean_rating_train_z, year_z) + poisson(count_train_raw)",3,5,8,poisson,consistent,-3.626532209364019,7.4493936823353035,0.7831150772420189,0.7755981767343072,4950,-2.928176594748872,4.481097393137668,0.9112311718697258,2.4833935524173785,0.3292743480378325,False,0,0,False,0,True,12.71,04844b27f066df0986bf4c630926b572ffdec32e221c29644822e978c3fbf7aa,4cefcd5125991cdba09dcfa2c22f1447c0d16559754e62d38918622d8042c51a,511971fd8c15b56d9af78bfb1487ddc131e05f9f51377093476dc88eaf16ff28,f618d95eed253418117ab622f59b4e84a68f555d570e2b0e8d21c3adacee1452
22,131221,y_only,0,"X unused (fix_x=True, F fixed at 0); genre19 array passed",3,5,8,poisson,consistent,-3.5142154245626713,7.149413669116131,0.8082489541552335,0.8055620645497598,4950,-2.8037248658996994,3.853424001543181,0.9365321640126829,2.7322057089209473,0.2753029978128511,False,0,0,False,0,True,7.62,04844b27f066df0986bf4c630926b572ffdec32e221c29644822e978c3fbf7aa,412ae203637027dd215d590dc6f7ff57fd03a6b0d430f289bbc946f1c8945da6,511971fd8c15b56d9af78bfb1487ddc131e05f9f51377093476dc88eaf16ff28,f618d95eed253418117ab622f59b4e84a68f555d570e2b0e8d21c3adacee1452
22,131221,genre_only,19,bernoulli*19,3,5,8,poisson,consistent,-3.5166861516138423,7.2302693612068705,0.8147042512403672,0.8070817711580424,4950,-2.793093988407629,3.813976375866494,0.9390622943994835,2.6979234123221967,0.28180079656268975,False,0,0,False,0,True,8.97,04844b27f066df0986bf4c630926b572ffdec32e221c29644822e978c3fbf7aa,412ae203637027dd215d590dc6f7ff57fd03a6b0d430f289bbc946f1c8945da6,511971fd8c15b56d9af78bfb1487ddc131e05f9f51377093476dc88eaf16ff28,f618d95eed253418117ab622f59b4e84a68f555d570e2b0e8d21c3adacee1452
22,131221,genre_year,20,bernoulli*19 + gaussian(year_z),3,5,8,poisson,consistent,-3.50440795755917,7.136332256156823,0.8120025964723012,0.807684565873894,4950,-2.7905624766164334,3.7954269407831176,0.9397455183562327,2.6976565142400215,0.2821631515698834,False,0,0,False,0,True,10.86,04844b27f066df0986bf4c630926b572ffdec32e221c29644822e978c3fbf7aa,20f619f5ddd5a9fe320fd7e2b1ddeafba76d955a332d8957203db476600fb264,511971fd8c15b56d9af78bfb1487ddc131e05f9f51377093476dc88eaf16ff28,f618d95eed253418117ab622f59b4e84a68f555d570e2b0e8d21c3adacee1452
22,131221,genre_logcount_train,20,bernoulli*19 + gaussian(log_count_train_z),3,5,8,poisson,consistent,-3.5035832562653346,7.1309610477479195,0.8118904413698103,0.8074366602228968,4950,-2.7936357565569145,3.8177141099766754,0.9385100777071178,2.7075258153524193,0.28008620983478466,False,0,0,False,0,True,11.23,04844b27f066df0986bf4c630926b572ffdec32e221c29644822e978c3fbf7aa,98d52ec3821970f2816836df110841de7142eae3f54ed8bde2bc744673f855d6,511971fd8c15b56d9af78bfb1487ddc131e05f9f51377093476dc88eaf16ff28,f618d95eed253418117ab622f59b4e84a68f555d570e2b0e8d21c3adacee1452
22,131221,mixed_train_log,22,"bernoulli*19 + gaussian(mean_rating_train_z, year_z, log_count_train_z)",3,5,8,poisson,consistent,-3.520321365268945,7.262378924828064,0.8143833944256899,0.8050301948749831,4950,-2.7944136952232532,3.8106108767581826,0.9389965862827861,2.6984312136162782,0.2813942696298304,False,0,0,False,0,True,11.37,04844b27f066df0986bf4c630926b572ffdec32e221c29644822e978c3fbf7aa,051d5cdefb39bb77813583c6824070f40b482035b0074f473660cbedfec9ef4e,511971fd8c15b56d9af78bfb1487ddc131e05f9f51377093476dc88eaf16ff28,f618d95eed253418117ab622f59b4e84a68f555d570e2b0e8d21c3adacee1452
22,131221,mixed_train_raw_poisson,22,"bernoulli*19 + gaussian(mean_rating_train_z, year_z) + poisson(count_train_raw)",3,5,8,poisson,consistent,-3.670215487733912,7.6613317037310855,0.7784683655458204,0.7684272817349449,4950,-2.924209475801124,4.4636013683208455,0.9129393691650909,2.478272751495148,0.33000390204422475,False,0,0,False,0,True,13.32,04844b27f066df0986bf4c630926b572ffdec32e221c29644822e978c3fbf7aa,4cefcd5125991cdba09dcfa2c22f1447c0d16559754e62d38918622d8042c51a,511971fd8c15b56d9af78bfb1487ddc131e05f9f51377093476dc88eaf16ff28,f618d95eed253418117ab622f59b4e84a68f555d570e2b0e8d21c3adacee1452
23,131230,y_only,0,"X unused (fix_x=True, F fixed at 0); genre19 array passed",3,5,8,poisson,consistent,-3.53719894678572,6.956537577319444,0.8692940145891914,0.8767626226764057,4950,-2.779009148063372,3.870656407579963,0.9282414760648837,2.646583818808649,0.2867238383161278,False,0,0,False,0,True,7.96,b32a311280fbebe34f3df3407b7e718172f2bced2fa42e159c37c1ac06a903e4,87eccc31906897e8d24bf1e744d59c447e73492f2cdc1a04b679c0925f06888a,6f3a86af17ec7208e5e71519d1372ae4da87ce2b45b44eaf1919ae17692c4aac,76a56264aa3537faf47074c8d1ae471dcb74e38f9a7639ea1d91e3ee6d44f537
23,131230,genre_only,19,bernoulli*19,3,5,8,poisson,consistent,-3.5352249390978097,6.959253527374635,0.8699065773390203,0.876882250606094,4950,-2.767718915618585,3.8321460308002604,0.9303757564167753,2.6127327660423205,0.2940160050823334,False,0,0,False,0,True,9.2,b32a311280fbebe34f3df3407b7e718172f2bced2fa42e159c37c1ac06a903e4,87eccc31906897e8d24bf1e744d59c447e73492f2cdc1a04b679c0925f06888a,6f3a86af17ec7208e5e71519d1372ae4da87ce2b45b44eaf1919ae17692c4aac,76a56264aa3537faf47074c8d1ae471dcb74e38f9a7639ea1d91e3ee6d44f537
23,131230,genre_year,20,bernoulli*19 + gaussian(year_z),3,5,8,poisson,consistent,-3.54409363376469,6.984752918343374,0.8668185731298901,0.8751695719511547,4950,-2.770680202465707,3.8357319714322107,0.9301141628950846,2.6182123156555033,0.29283934526111705,False,0,0,False,0,True,10.97,b32a311280fbebe34f3df3407b7e718172f2bced2fa42e159c37c1ac06a903e4,64cccb5a9109a729430ffdb82032ddd5658a6e7c4e320ace1a57762cdc26d2f7,6f3a86af17ec7208e5e71519d1372ae4da87ce2b45b44eaf1919ae17692c4aac,76a56264aa3537faf47074c8d1ae471dcb74e38f9a7639ea1d91e3ee6d44f537
23,131230,genre_logcount_train,20,bernoulli*19 + gaussian(log_count_train_z),3,5,8,poisson,consistent,-3.5367599978813145,6.983256402056657,0.8690303436764681,0.8759517578345458,4950,-2.770703399259424,3.846263347618078,0.9303644534445343,2.615984749890786,0.2930404169714069,False,0,0,False,0,True,11.22,b32a311280fbebe34f3df3407b7e718172f2bced2fa42e159c37c1ac06a903e4,626b1bf30a8b25ba65861056e4130a6631fa5cab147aa280916ff5c1760bc023,6f3a86af17ec7208e5e71519d1372ae4da87ce2b45b44eaf1919ae17692c4aac,76a56264aa3537faf47074c8d1ae471dcb74e38f9a7639ea1d91e3ee6d44f537
23,131230,mixed_train_log,22,"bernoulli*19 + gaussian(mean_rating_train_z, year_z, log_count_train_z)",3,5,8,poisson,consistent,-3.509069344158272,6.903706909613961,0.868440685722079,0.8785283224258517,4950,-2.7710515976567915,3.8514981892110427,0.9299884348304184,2.619092146302598,0.29187079640392927,False,0,0,False,0,True,11.09,b32a311280fbebe34f3df3407b7e718172f2bced2fa42e159c37c1ac06a903e4,c9a090ee4f63473141d078cf6e60dc256e97d6af6fb3ea9b842e401177325516,6f3a86af17ec7208e5e71519d1372ae4da87ce2b45b44eaf1919ae17692c4aac,76a56264aa3537faf47074c8d1ae471dcb74e38f9a7639ea1d91e3ee6d44f537
23,131230,mixed_train_raw_poisson,22,"bernoulli*19 + gaussian(mean_rating_train_z, year_z) + poisson(count_train_raw)",3,5,8,poisson,consistent,-3.5936109484098626,7.221876880017643,0.8508972001275789,0.8617712179489992,4950,-2.8984182564859675,4.411945769021396,0.9012477913629421,2.3858137641392934,0.34309899183565684,False,0,0,False,0,True,12.96,b32a311280fbebe34f3df3407b7e718172f2bced2fa42e159c37c1ac06a903e4,3ab09fb259bf502898a6bd6367b148f49e3f72756113f692f5bf6dca47cc5b96,6f3a86af17ec7208e5e71519d1372ae4da87ce2b45b44eaf1919ae17692c4aac,76a56264aa3537faf47074c8d1ae471dcb74e38f9a7639ea1d91e3ee6d44f537
23,131231,y_only,0,"X unused (fix_x=True, F fixed at 0); genre19 array passed",3,5,8,poisson,consistent,-3.5313514243013158,6.923113265570751,0.8649121313010828,0.8759685273752239,4950,-2.778087131637906,3.872553689599189,0.928272666004595,2.6478198910994992,0.28618816888425336,False,0,0,False,0,True,7.78,b32a311280fbebe34f3df3407b7e718172f2bced2fa42e159c37c1ac06a903e4,87eccc31906897e8d24bf1e744d59c447e73492f2cdc1a04b679c0925f06888a,6f3a86af17ec7208e5e71519d1372ae4da87ce2b45b44eaf1919ae17692c4aac,76a56264aa3537faf47074c8d1ae471dcb74e38f9a7639ea1d91e3ee6d44f537
23,131231,genre_only,19,bernoulli*19,3,5,8,poisson,consistent,-3.5123894928819444,6.888143951323093,0.8668295621643995,0.8768881530440097,4950,-2.768546974151362,3.829426540105364,0.9313009752773442,2.6112109687795853,0.2940012955754955,False,0,0,False,0,True,9.12,b32a311280fbebe34f3df3407b7e718172f2bced2fa42e159c37c1ac06a903e4,87eccc31906897e8d24bf1e744d59c447e73492f2cdc1a04b679c0925f06888a,6f3a86af17ec7208e5e71519d1372ae4da87ce2b45b44eaf1919ae17692c4aac,76a56264aa3537faf47074c8d1ae471dcb74e38f9a7639ea1d91e3ee6d44f537
23,131231,genre_year,20,bernoulli*19 + gaussian(year_z),3,5,8,poisson,consistent,-3.5119715693635314,6.893564925142645,0.8669716658900478,0.8765571029740944,4950,-2.769187045737022,3.832989033891667,0.9312102839965809,2.6118674072395915,0.2937403676421849,False,0,0,False,0,True,11.11,b32a311280fbebe34f3df3407b7e718172f2bced2fa42e159c37c1ac06a903e4,64cccb5a9109a729430ffdb82032ddd5658a6e7c4e320ace1a57762cdc26d2f7,6f3a86af17ec7208e5e71519d1372ae4da87ce2b45b44eaf1919ae17692c4aac,76a56264aa3537faf47074c8d1ae471dcb74e38f9a7639ea1d91e3ee6d44f537
23,131231,genre_logcount_train,20,bernoulli*19 + gaussian(log_count_train_z),3,5,8,poisson,consistent,-3.5110634869066843,6.883473326319988,0.8671594074402807,0.8771411754971038,4950,-2.7676358207201632,3.8264882059800587,0.931432665561998,2.611283520047761,0.29424229222034404,False,0,0,False,0,True,11.02,b32a311280fbebe34f3df3407b7e718172f2bced2fa42e159c37c1ac06a903e4,626b1bf30a8b25ba65861056e4130a6631fa5cab147aa280916ff5c1760bc023,6f3a86af17ec7208e5e71519d1372ae4da87ce2b45b44eaf1919ae17692c4aac,76a56264aa3537faf47074c8d1ae471dcb74e38f9a7639ea1d91e3ee6d44f537
23,131231,mixed_train_log,22,"bernoulli*19 + gaussian(mean_rating_train_z, year_z, log_count_train_z)",3,5,8,poisson,consistent,-3.507540247954713,6.867249466136026,0.8688853944498883,0.8781731258274649,4950,-2.767561540590579,3.8359929749248773,0.9309859903179298,2.6117168022332,0.29316394494361764,False,0,0,False,0,True,11.11,b32a311280fbebe34f3df3407b7e718172f2bced2fa42e159c37c1ac06a903e4,c9a090ee4f63473141d078cf6e60dc256e97d6af6fb3ea9b842e401177325516,6f3a86af17ec7208e5e71519d1372ae4da87ce2b45b44eaf1919ae17692c4aac,76a56264aa3537faf47074c8d1ae471dcb74e38f9a7639ea1d91e3ee6d44f537
23,131231,mixed_train_raw_poisson,22,"bernoulli*19 + gaussian(mean_rating_train_z, year_z) + poisson(count_train_raw)",3,5,8,poisson,consistent,-3.570008254554164,7.124799378284354,0.8490508237993363,0.8656202998125395,4950,-2.8889669905032678,4.366646030719113,0.9045760760382536,2.385372673333036,0.3449148506963358,False,0,0,False,0,True,13.11,b32a311280fbebe34f3df3407b7e718172f2bced2fa42e159c37c1ac06a903e4,3ab09fb259bf502898a6bd6367b148f49e3f72756113f692f5bf6dca47cc5b96,6f3a86af17ec7208e5e71519d1372ae4da87ce2b45b44eaf1919ae17692c4aac,76a56264aa3537faf47074c8d1ae471dcb74e38f9a7639ea1d91e3ee6d44f537
24,131240,y_only,0,"X unused (fix_x=True, F fixed at 0); genre19 array passed",3,5,8,poisson,consistent,-3.2945316290642452,6.209986926883481,0.8382138426709619,0.838032153030394,4950,-2.7996464371405887,3.922093228784898,0.9347870455248306,2.7568894988897616,0.2650200933519164,False,0,0,False,0,True,7.7,6b33e42126a409c15ceb2e1ee186b78a2cf45a42ccb149b3f9c39721b685d625,bd61049fc7e2db9edf54dd957d7de27917e89e0b4ec0f139bc7644204978d108,0ce7f5463ada14586d84b376c63f61b4119fe92c250a740a694d39cf9f687acd,b5824d6d4e60b347e465979ab29d366c732bfc6c5a7e8a1a067876da0bdaa593
24,131240,genre_only,19,bernoulli*19,3,5,8,poisson,consistent,-3.2836563964401835,6.201433226361817,0.8389775595255523,0.8381836153202009,4950,-2.792666192401437,3.8972219247483726,0.9363576860533416,2.7273293625822324,0.27102506074030325,False,0,0,False,0,True,9.09,6b33e42126a409c15ceb2e1ee186b78a2cf45a42ccb149b3f9c39721b685d625,bd61049fc7e2db9edf54dd957d7de27917e89e0b4ec0f139bc7644204978d108,0ce7f5463ada14586d84b376c63f61b4119fe92c250a740a694d39cf9f687acd,b5824d6d4e60b347e465979ab29d366c732bfc6c5a7e8a1a067876da0bdaa593
24,131240,genre_year,20,bernoulli*19 + gaussian(year_z),3,5,8,poisson,consistent,-3.2823778729979884,6.199429371798369,0.8372567269589821,0.8385187343792795,4950,-2.7935621805626925,3.880417092079925,0.9364944890964004,2.7401786168445685,0.2682805770948526,False,0,0,False,0,True,10.98,6b33e42126a409c15ceb2e1ee186b78a2cf45a42ccb149b3f9c39721b685d625,40bd4a9b515affbcbb87a4a0949411e72454ea88e466caf26de69d654f8cb394,0ce7f5463ada14586d84b376c63f61b4119fe92c250a740a694d39cf9f687acd,b5824d6d4e60b347e465979ab29d366c732bfc6c5a7e8a1a067876da0bdaa593
24,131240,genre_logcount_train,20,bernoulli*19 + gaussian(log_count_train_z),3,5,8,poisson,consistent,-3.277702020173914,6.178279187186519,0.8388406101063034,0.839421631186229,4950,-2.7898281354329355,3.8625778734198684,0.9379172227801801,2.732109258541013,0.2702398546951014,False,0,0,False,0,True,11.05,6b33e42126a409c15ceb2e1ee186b78a2cf45a42ccb149b3f9c39721b685d625,1b26e9bf82aa2ac2fe62b98be1f73a60fc63b65dbe64636bb54acdbabfcb90ae,0ce7f5463ada14586d84b376c63f61b4119fe92c250a740a694d39cf9f687acd,b5824d6d4e60b347e465979ab29d366c732bfc6c5a7e8a1a067876da0bdaa593
24,131240,mixed_train_log,22,"bernoulli*19 + gaussian(mean_rating_train_z, year_z, log_count_train_z)",3,5,8,poisson,consistent,-3.2776402895138097,6.188968415900045,0.8400921002260381,0.8387896506602728,4950,-2.7921748900610237,3.893538737805128,0.936569811991763,2.729560528325625,0.2705595986910007,False,0,0,False,0,True,10.95,6b33e42126a409c15ceb2e1ee186b78a2cf45a42ccb149b3f9c39721b685d625,2005ca722518c3079df9eca5c3521566e22bdefd960c74876c8e505b35cc52f3,0ce7f5463ada14586d84b376c63f61b4119fe92c250a740a694d39cf9f687acd,b5824d6d4e60b347e465979ab29d366c732bfc6c5a7e8a1a067876da0bdaa593
24,131240,mixed_train_raw_poisson,22,"bernoulli*19 + gaussian(mean_rating_train_z, year_z) + poisson(count_train_raw)",3,5,8,poisson,consistent,-3.404195780424497,6.621163501335849,0.8110647526677522,0.811200567142354,4950,-2.916841012313937,4.472136114376051,0.910168259973019,2.5177300374143865,0.3183902523732588,False,0,0,False,0,True,12.75,6b33e42126a409c15ceb2e1ee186b78a2cf45a42ccb149b3f9c39721b685d625,236a47a8ee4f98af63289058eed66bded4ac70e11921ec85c281b4e24391edb1,0ce7f5463ada14586d84b376c63f61b4119fe92c250a740a694d39cf9f687acd,b5824d6d4e60b347e465979ab29d366c732bfc6c5a7e8a1a067876da0bdaa593
24,131241,y_only,0,"X unused (fix_x=True, F fixed at 0); genre19 array passed",3,5,8,poisson,consistent,-3.3056020865955906,6.325149062480919,0.8339995717720775,0.8318041008931765,4950,-2.7960244121743503,3.8983224842515942,0.935777193900775,2.756908142376246,0.2650517087618907,False,0,0,False,0,True,7.63,6b33e42126a409c15ceb2e1ee186b78a2cf45a42ccb149b3f9c39721b685d625,bd61049fc7e2db9edf54dd957d7de27917e89e0b4ec0f139bc7644204978d108,0ce7f5463ada14586d84b376c63f61b4119fe92c250a740a694d39cf9f687acd,b5824d6d4e60b347e465979ab29d366c732bfc6c5a7e8a1a067876da0bdaa593
24,131241,genre_only,19,bernoulli*19,3,5,8,poisson,consistent,-3.286895973193149,6.288545730666754,0.8357082279303858,0.8335075462837986,4950,-2.7847760863962683,3.8616915982595943,0.9382559906016117,2.7214204328459983,0.2717504525557799,False,0,0,False,0,True,9.02,6b33e42126a409c15ceb2e1ee186b78a2cf45a42ccb149b3f9c39721b685d625,bd61049fc7e2db9edf54dd957d7de27917e89e0b4ec0f139bc7644204978d108,0ce7f5463ada14586d84b376c63f61b4119fe92c250a740a694d39cf9f687acd,b5824d6d4e60b347e465979ab29d366c732bfc6c5a7e8a1a067876da0bdaa593
24,131241,genre_year,20,bernoulli*19 + gaussian(year_z),3,5,8,poisson,consistent,-3.2834623396318485,6.281941210354767,0.8372948062017849,0.8339537910340499,4950,-2.7868530975142862,3.8684474395688344,0.9378391695991704,2.7238895606606257,0.27135649611524804,False,0,0,False,0,True,10.89,6b33e42126a409c15ceb2e1ee186b78a2cf45a42ccb149b3f9c39721b685d625,40bd4a9b515affbcbb87a4a0949411e72454ea88e466caf26de69d654f8cb394,0ce7f5463ada14586d84b376c63f61b4119fe92c250a740a694d39cf9f687acd,b5824d6d4e60b347e465979ab29d366c732bfc6c5a7e8a1a067876da0bdaa593
24,131241,genre_logcount_train,20,bernoulli*19 + gaussian(log_count_train_z),3,5,8,poisson,consistent,-3.2863638907329764,6.284708367721739,0.8368318031856204,0.8338291779781702,4950,-2.7854152331788993,3.860365143248206,0.9379279546818211,2.7242594359299663,0.27145545234224455,False,0,0,False,0,True,10.94,6b33e42126a409c15ceb2e1ee186b78a2cf45a42ccb149b3f9c39721b685d625,1b26e9bf82aa2ac2fe62b98be1f73a60fc63b65dbe64636bb54acdbabfcb90ae,0ce7f5463ada14586d84b376c63f61b4119fe92c250a740a694d39cf9f687acd,b5824d6d4e60b347e465979ab29d366c732bfc6c5a7e8a1a067876da0bdaa593
24,131241,mixed_train_log,22,"bernoulli*19 + gaussian(mean_rating_train_z, year_z, log_count_train_z)",3,5,8,poisson,consistent,-3.2850217315639303,6.294774948848418,0.8371804896882588,0.833590847420819,4950,-2.7904668378400213,3.878026177963781,0.9372654235102758,2.729312091044051,0.2700430080975623,False,0,0,False,0,True,10.99,6b33e42126a409c15ceb2e1ee186b78a2cf45a42ccb149b3f9c39721b685d625,2005ca722518c3079df9eca5c3521566e22bdefd960c74876c8e505b35cc52f3,0ce7f5463ada14586d84b376c63f61b4119fe92c250a740a694d39cf9f687acd,b5824d6d4e60b347e465979ab29d366c732bfc6c5a7e8a1a067876da0bdaa593
24,131241,mixed_train_raw_poisson,22,"bernoulli*19 + gaussian(mean_rating_train_z, year_z) + poisson(count_train_raw)",3,5,8,poisson,consistent,-3.418276965079072,6.709311786362689,0.8056593610428044,0.8062239584708079,4950,-2.9120205135137964,4.454879781388741,0.9108443415189257,2.5231197206787717,0.3150235184122989,False,0,0,False,0,True,12.85,6b33e42126a409c15ceb2e1ee186b78a2cf45a42ccb149b3f9c39721b685d625,236a47a8ee4f98af63289058eed66bded4ac70e11921ec85c281b4e24391edb1,0ce7f5463ada14586d84b376c63f61b4119fe92c250a740a694d39cf9f687acd,b5824d6d4e60b347e465979ab29d366c732bfc6c5a7e8a1a067876da0bdaa593
25,131250,y_only,0,"X unused (fix_x=True, F fixed at 0); genre19 array passed",3,5,8,poisson,consistent,-3.255338717650457,6.123482166715973,0.84757836372569,0.8479020164295529,4950,-2.8088965243913293,3.923505564692168,0.9297287357256678,2.7364478258903246,0.2731135641284756,False,0,0,False,0,True,7.59,559bd103680285025246366fd70f3ab224de2ae452b9b5cedc7d43ee137f58da,034c66055030469d9ae58429150808e0e79964963a0155a66e9633d9f1166a26,c6aa70d9d9d9613145efa06588398e6ecc7fbcd0c70a3c309809343afd2ac134,934e66e5115480f531aeb0e517df5537aa0d27aab3ab06861db95f7c12d9a0b4
25,131250,genre_only,19,bernoulli*19,3,5,8,poisson,consistent,-3.249815658412434,6.103972170424844,0.8463649222126972,0.8486229215138398,4950,-2.793712137951658,3.8622737961988562,0.9328912560091182,2.703875840898786,0.279706498864577,False,0,0,False,0,True,9.17,559bd103680285025246366fd70f3ab224de2ae452b9b5cedc7d43ee137f58da,034c66055030469d9ae58429150808e0e79964963a0155a66e9633d9f1166a26,c6aa70d9d9d9613145efa06588398e6ecc7fbcd0c70a3c309809343afd2ac134,934e66e5115480f531aeb0e517df5537aa0d27aab3ab06861db95f7c12d9a0b4
25,131250,genre_year,20,bernoulli*19 + gaussian(year_z),3,5,8,poisson,consistent,-3.2081742796924866,5.901559772955201,0.8539760164996489,0.8582329200227826,4950,-2.7946759458766723,3.8670902371573344,0.9325796263645156,2.7053465639346412,0.2787620210531473,False,0,0,False,0,True,10.9,559bd103680285025246366fd70f3ab224de2ae452b9b5cedc7d43ee137f58da,53af90ab67914d193c5671a454120fc946f554b4825fe9007cc7a80b62defa6a,c6aa70d9d9d9613145efa06588398e6ecc7fbcd0c70a3c309809343afd2ac134,934e66e5115480f531aeb0e517df5537aa0d27aab3ab06861db95f7c12d9a0b4
25,131250,genre_logcount_train,20,bernoulli*19 + gaussian(log_count_train_z),3,5,8,poisson,consistent,-3.2621438810439645,6.154576472108531,0.8454529263063383,0.8466125405250291,4950,-2.7974235768639186,3.8897948406716223,0.9327344830123784,2.709088918053238,0.2784502661579868,False,0,0,False,0,True,10.88,559bd103680285025246366fd70f3ab224de2ae452b9b5cedc7d43ee137f58da,d2fdaf276232a1f4d316ead7c23a138304e9fca8f9b8174638e5fe80bb018333,c6aa70d9d9d9613145efa06588398e6ecc7fbcd0c70a3c309809343afd2ac134,934e66e5115480f531aeb0e517df5537aa0d27aab3ab06861db95f7c12d9a0b4
25,131250,mixed_train_log,22,"bernoulli*19 + gaussian(mean_rating_train_z, year_z, log_count_train_z)",3,5,8,poisson,consistent,-3.2529516111864174,6.11388588183017,0.8467426924341042,0.848071970495498,4950,-2.7987521016688213,3.886136726256148,0.9318428839552795,2.713801943317315,0.27721028347425053,False,0,0,False,0,True,10.9,559bd103680285025246366fd70f3ab224de2ae452b9b5cedc7d43ee137f58da,d3438be97ca7e1010a88b6279f23c9b131b90d80b49e764f4f7a816b02170ccf,c6aa70d9d9d9613145efa06588398e6ecc7fbcd0c70a3c309809343afd2ac134,934e66e5115480f531aeb0e517df5537aa0d27aab3ab06861db95f7c12d9a0b4
25,131250,mixed_train_raw_poisson,22,"bernoulli*19 + gaussian(mean_rating_train_z, year_z) + poisson(count_train_raw)",3,5,8,poisson,consistent,-3.381135496131216,6.57390797470026,0.8229788341812809,0.8214184877191213,4950,-2.9750561205293238,4.752332466465649,0.8938168843460421,2.492898424555765,0.32253460791348215,False,0,0,False,0,True,13.35,559bd103680285025246366fd70f3ab224de2ae452b9b5cedc7d43ee137f58da,9b1d6420b7d66e9d58f387e939f85f3dba94a86340435ee9649552f6912ae941,c6aa70d9d9d9613145efa06588398e6ecc7fbcd0c70a3c309809343afd2ac134,934e66e5115480f531aeb0e517df5537aa0d27aab3ab06861db95f7c12d9a0b4
25,131251,y_only,0,"X unused (fix_x=True, F fixed at 0); genre19 array passed",3,5,8,poisson,consistent,-3.256632228238381,6.124540108171474,0.8446454167220429,0.846683937910633,4950,-2.8127678619344003,3.9599211908141245,0.9271917366189564,2.7374544146985684,0.2736820420913163,False,0,0,False,0,True,7.58,559bd103680285025246366fd70f3ab224de2ae452b9b5cedc7d43ee137f58da,034c66055030469d9ae58429150808e0e79964963a0155a66e9633d9f1166a26,c6aa70d9d9d9613145efa06588398e6ecc7fbcd0c70a3c309809343afd2ac134,934e66e5115480f531aeb0e517df5537aa0d27aab3ab06861db95f7c12d9a0b4
25,131251,genre_only,19,bernoulli*19,3,5,8,poisson,consistent,-3.2410388895425744,6.0784732199386395,0.847737327381191,0.8490617959472637,4950,-2.802208820996761,3.908993505659674,0.929804248740011,2.7080793576337716,0.2794245515685438,False,0,0,False,0,True,9.02,559bd103680285025246366fd70f3ab224de2ae452b9b5cedc7d43ee137f58da,034c66055030469d9ae58429150808e0e79964963a0155a66e9633d9f1166a26,c6aa70d9d9d9613145efa06588398e6ecc7fbcd0c70a3c309809343afd2ac134,934e66e5115480f531aeb0e517df5537aa0d27aab3ab06861db95f7c12d9a0b4
25,131251,genre_year,20,bernoulli*19 + gaussian(year_z),3,5,8,poisson,consistent,-3.238967741161769,6.065863300310141,0.8482712683075204,0.8497471943420113,4950,-2.802760590431899,3.91152432521831,0.9300669715993739,2.7094274181865563,0.2787646323115296,False,0,0,False,0,True,10.86,559bd103680285025246366fd70f3ab224de2ae452b9b5cedc7d43ee137f58da,53af90ab67914d193c5671a454120fc946f554b4825fe9007cc7a80b62defa6a,c6aa70d9d9d9613145efa06588398e6ecc7fbcd0c70a3c309809343afd2ac134,934e66e5115480f531aeb0e517df5537aa0d27aab3ab06861db95f7c12d9a0b4
25,131251,genre_logcount_train,20,bernoulli*19 + gaussian(log_count_train_z),3,5,8,poisson,consistent,-3.241859916822173,6.081299425141629,0.8476974279175351,0.8490054533168452,4950,-2.803203590930974,3.921065883413595,0.9301212028571773,2.710801836462886,0.27878991606132575,False,0,0,False,0,True,10.89,559bd103680285025246366fd70f3ab224de2ae452b9b5cedc7d43ee137f58da,d2fdaf276232a1f4d316ead7c23a138304e9fca8f9b8174638e5fe80bb018333,c6aa70d9d9d9613145efa06588398e6ecc7fbcd0c70a3c309809343afd2ac134,934e66e5115480f531aeb0e517df5537aa0d27aab3ab06861db95f7c12d9a0b4
25,131251,mixed_train_log,22,"bernoulli*19 + gaussian(mean_rating_train_z, year_z, log_count_train_z)",3,5,8,poisson,consistent,-3.248609756232477,6.070742061441846,0.8454974310998357,0.849545711687747,4950,-2.800961379546943,3.8840159035607225,0.9305419617456566,2.7076429015355816,0.27895322719133614,False,0,0,False,0,True,10.85,559bd103680285025246366fd70f3ab224de2ae452b9b5cedc7d43ee137f58da,d3438be97ca7e1010a88b6279f23c9b131b90d80b49e764f4f7a816b02170ccf,c6aa70d9d9d9613145efa06588398e6ecc7fbcd0c70a3c309809343afd2ac134,934e66e5115480f531aeb0e517df5537aa0d27aab3ab06861db95f7c12d9a0b4
25,131251,mixed_train_raw_poisson,22,"bernoulli*19 + gaussian(mean_rating_train_z, year_z) + poisson(count_train_raw)",3,5,8,poisson,consistent,-3.382782780292574,6.538771512447287,0.8199873876410236,0.8229796028319123,4950,-2.97617132569902,4.7419897828354,0.8926961315447052,2.491842215911263,0.3221921197178585,False,0,0,False,0,True,12.77,559bd103680285025246366fd70f3ab224de2ae452b9b5cedc7d43ee137f58da,9b1d6420b7d66e9d58f387e939f85f3dba94a86340435ee9649552f6912ae941,c6aa70d9d9d9613145efa06588398e6ecc7fbcd0c70a3c309809343afd2ac134,934e66e5115480f531aeb0e517df5537aa0d27aab3ab06861db95f7c12d9a0b4
26,131260,y_only,0,"X unused (fix_x=True, F fixed at 0); genre19 array passed",3,5,8,poisson,consistent,-3.25128510461408,6.042061344796614,0.842475331738847,0.8543623059851555,4950,-2.796620969969167,3.979055392238402,0.9274963003235732,2.752198136912387,0.2676310328512362,False,0,0,False,0,True,7.63,a09984cd06f39d4666d33c6f8edf77def15889f2f0181daf1499184e7b41ea8c,39b9b2793bc14d5840b77a76183e5913e19247398ff556fe42e9cae30fc074d9,9787264bc3b22e8a0e4b0a24f420e6ffd6ba74c2528b473e26a1c2943be8373d,749b56c120a31b1530bd30f440d4a3a2508460235393819ee57e50ea204b653b
26,131260,genre_only,19,bernoulli*19,3,5,8,poisson,consistent,-3.2392006585622357,6.001818561347286,0.8446085405401704,0.8567958712221624,4950,-2.788437135116726,3.946076654909621,0.9291022702436701,2.721124092411444,0.2738738017238118,False,0,0,False,0,True,8.96,a09984cd06f39d4666d33c6f8edf77def15889f2f0181daf1499184e7b41ea8c,39b9b2793bc14d5840b77a76183e5913e19247398ff556fe42e9cae30fc074d9,9787264bc3b22e8a0e4b0a24f420e6ffd6ba74c2528b473e26a1c2943be8373d,749b56c120a31b1530bd30f440d4a3a2508460235393819ee57e50ea204b653b
26,131260,genre_year,20,bernoulli*19 + gaussian(year_z),3,5,8,poisson,consistent,-3.237453172459993,5.997798811213745,0.8451363763986081,0.8569963628858377,4950,-2.7884949518574498,3.945995776637969,0.9291497162129364,2.7199478854920582,0.2739618109356026,False,0,0,False,0,True,10.91,a09984cd06f39d4666d33c6f8edf77def15889f2f0181daf1499184e7b41ea8c,cd6944df0388ce075327095e1f5c0eadca5d85c13b4e2395d04a48823fa0c042,9787264bc3b22e8a0e4b0a24f420e6ffd6ba74c2528b473e26a1c2943be8373d,749b56c120a31b1530bd30f440d4a3a2508460235393819ee57e50ea204b653b
26,131260,genre_logcount_train,20,bernoulli*19 + gaussian(log_count_train_z),3,5,8,poisson,consistent,-3.2214080212349687,5.962844183584588,0.8485541151433731,0.8585136238832431,4950,-2.78746060304374,3.953487554951041,0.9286732060054509,2.721733285446693,0.27428835594072914,False,0,0,False,0,True,10.89,a09984cd06f39d4666d33c6f8edf77def15889f2f0181daf1499184e7b41ea8c,406ae2275f25953aec3eca54daf8db00cb28ec6d2cae249de5720eab0f3c3d18,9787264bc3b22e8a0e4b0a24f420e6ffd6ba74c2528b473e26a1c2943be8373d,749b56c120a31b1530bd30f440d4a3a2508460235393819ee57e50ea204b653b
26,131260,mixed_train_log,22,"bernoulli*19 + gaussian(mean_rating_train_z, year_z, log_count_train_z)",3,5,8,poisson,consistent,-3.2333101706955567,5.997349865048239,0.8456158461265301,0.8568059923424753,4950,-2.7892514627786285,3.966968713860465,0.9283857732392182,2.7264339691183235,0.27372871544207517,False,0,0,False,0,True,11.02,a09984cd06f39d4666d33c6f8edf77def15889f2f0181daf1499184e7b41ea8c,425b80d01f39843bc57746ca566ea16cb48ed43bc2652c7cdfc388090959ea9f,9787264bc3b22e8a0e4b0a24f420e6ffd6ba74c2528b473e26a1c2943be8373d,749b56c120a31b1530bd30f440d4a3a2508460235393819ee57e50ea204b653b
26,131260,mixed_train_raw_poisson,22,"bernoulli*19 + gaussian(mean_rating_train_z, year_z) + poisson(count_train_raw)",3,5,8,poisson,consistent,-3.341941747958693,6.349244022361981,0.819069065161316,0.8389475476655184,4950,-2.9304162577848607,4.6049954418998675,0.8943255016341043,2.510403600735793,0.3177569316261635,False,0,0,False,0,True,12.72,a09984cd06f39d4666d33c6f8edf77def15889f2f0181daf1499184e7b41ea8c,b3e868cdb1f96b0c99a9c23769e6f12108c0bf1c7d1a62db9aa0f4c8e3c67a71,9787264bc3b22e8a0e4b0a24f420e6ffd6ba74c2528b473e26a1c2943be8373d,749b56c120a31b1530bd30f440d4a3a2508460235393819ee57e50ea204b653b
26,131261,y_only,0,"X unused (fix_x=True, F fixed at 0); genre19 array passed",3,5,8,poisson,consistent,-3.241456353747697,6.009783862585674,0.8462975236135855,0.856351194340413,4950,-2.7977049791391955,3.996758199711801,0.9274206652195154,2.7537029143696006,0.26672020191863133,False,0,0,False,0,True,7.66,a09984cd06f39d4666d33c6f8edf77def15889f2f0181daf1499184e7b41ea8c,39b9b2793bc14d5840b77a76183e5913e19247398ff556fe42e9cae30fc074d9,9787264bc3b22e8a0e4b0a24f420e6ffd6ba74c2528b473e26a1c2943be8373d,749b56c120a31b1530bd30f440d4a3a2508460235393819ee57e50ea204b653b
26,131261,genre_only,19,bernoulli*19,3,5,8,poisson,consistent,-3.241450688072832,6.005075155722406,0.8438589988160333,0.8563299480986287,4950,-2.7900815282601354,3.960299081670169,0.9287996385658691,2.7252333891527387,0.27269289911241357,False,0,0,False,0,True,8.94,a09984cd06f39d4666d33c6f8edf77def15889f2f0181daf1499184e7b41ea8c,39b9b2793bc14d5840b77a76183e5913e19247398ff556fe42e9cae30fc074d9,9787264bc3b22e8a0e4b0a24f420e6ffd6ba74c2528b473e26a1c2943be8373d,749b56c120a31b1530bd30f440d4a3a2508460235393819ee57e50ea204b653b
26,131261,genre_year,20,bernoulli*19 + gaussian(year_z),3,5,8,poisson,consistent,-3.251366765492227,6.1029185320877914,0.8450014652367235,0.8511308195917855,4950,-2.789828190403483,3.9728418248943864,0.9292070653492237,2.7231518197875872,0.27336867464494974,False,0,0,False,0,True,10.93,a09984cd06f39d4666d33c6f8edf77def15889f2f0181daf1499184e7b41ea8c,cd6944df0388ce075327095e1f5c0eadca5d85c13b4e2395d04a48823fa0c042,9787264bc3b22e8a0e4b0a24f420e6ffd6ba74c2528b473e26a1c2943be8373d,749b56c120a31b1530bd30f440d4a3a2508460235393819ee57e50ea204b653b
26,131261,genre_logcount_train,20,bernoulli*19 + gaussian(log_count_train_z),3,5,8,poisson,consistent,-3.2285912682811646,5.986308600765943,0.8477459515661606,0.857294386473702,4950,-2.788354753695579,3.946066163338438,0.9299937902097616,2.7199335173729993,0.2743908587412795,False,0,0,False,0,True,10.85,a09984cd06f39d4666d33c6f8edf77def15889f2f0181daf1499184e7b41ea8c,406ae2275f25953aec3eca54daf8db00cb28ec6d2cae249de5720eab0f3c3d18,9787264bc3b22e8a0e4b0a24f420e6ffd6ba74c2528b473e26a1c2943be8373d,749b56c120a31b1530bd30f440d4a3a2508460235393819ee57e50ea204b653b
26,131261,mixed_train_log,22,"bernoulli*19 + gaussian(mean_rating_train_z, year_z, log_count_train_z)",3,5,8,poisson,consistent,-3.213571129653715,5.8974757090870265,0.8514690452550666,0.8618897003200005,4950,-2.7908511240275247,3.943910990426543,0.929047804161314,2.724017059919905,0.272821592039261,False,0,0,False,0,True,11.25,a09984cd06f39d4666d33c6f8edf77def15889f2f0181daf1499184e7b41ea8c,425b80d01f39843bc57746ca566ea16cb48ed43bc2652c7cdfc388090959ea9f,9787264bc3b22e8a0e4b0a24f420e6ffd6ba74c2528b473e26a1c2943be8373d,749b56c120a31b1530bd30f440d4a3a2508460235393819ee57e50ea204b653b
26,131261,mixed_train_raw_poisson,22,"bernoulli*19 + gaussian(mean_rating_train_z, year_z) + poisson(count_train_raw)",3,5,8,poisson,consistent,-3.3323818560135363,6.307341438217226,0.8201706245457213,0.8416750304009607,4950,-2.9296829840579623,4.597923472894239,0.8948049436442442,2.501855904975094,0.3210437474021063,False,0,0,False,0,True,13.1,a09984cd06f39d4666d33c6f8edf77def15889f2f0181daf1499184e7b41ea8c,b3e868cdb1f96b0c99a9c23769e6f12108c0bf1c7d1a62db9aa0f4c8e3c67a71,9787264bc3b22e8a0e4b0a24f420e6ffd6ba74c2528b473e26a1c2943be8373d,749b56c120a31b1530bd30f440d4a3a2508460235393819ee57e50ea204b653b
27,131270,y_only,0,"X unused (fix_x=True, F fixed at 0); genre19 array passed",3,5,8,poisson,consistent,-3.8719459734635673,7.806859972954052,0.8197931808817808,0.8466260833808722,4950,-2.7546303492863675,3.7706928917887454,0.927787882910218,2.578734031600802,0.3052676155187439,False,0,0,False,0,True,7.54,fa35e2675b262e11f530e5ab3e61ff98196de02a5a45ebe4dc73ebe4fd5ef31a,e35c05e01737c7b575a52260b135ae4c13cef788f8835324ebce66505dfee77a,01b4ed800d589e94ce08aaea5277dd4e511c86a59b9747c86487babe3e508105,b37decc5778bdabda2f87a3041290fea8bbc7cb4f7387d26e19b430a8a07ec34
27,131270,genre_only,19,bernoulli*19,3,5,8,poisson,consistent,-3.8461382470857703,7.772140077150521,0.8214991644740873,0.8473008730302597,4950,-2.745200158767021,3.728253105160996,0.9303890608707008,2.5423284700020914,0.3123289236644804,False,0,0,False,0,True,8.94,fa35e2675b262e11f530e5ab3e61ff98196de02a5a45ebe4dc73ebe4fd5ef31a,e35c05e01737c7b575a52260b135ae4c13cef788f8835324ebce66505dfee77a,01b4ed800d589e94ce08aaea5277dd4e511c86a59b9747c86487babe3e508105,b37decc5778bdabda2f87a3041290fea8bbc7cb4f7387d26e19b430a8a07ec34
27,131270,genre_year,20,bernoulli*19 + gaussian(year_z),3,5,8,poisson,consistent,-3.84199449058039,7.759107584146081,0.8223739156658779,0.8479120237195423,4950,-2.745508813570152,3.7288258712673894,0.9300332657027267,2.544533628159188,0.3110923873256081,False,0,0,False,0,True,10.83,fa35e2675b262e11f530e5ab3e61ff98196de02a5a45ebe4dc73ebe4fd5ef31a,9c2e1c45bc46b67175b33011cce5cbf0db2f59377a22f2d71888bcdd1c655c9e,01b4ed800d589e94ce08aaea5277dd4e511c86a59b9747c86487babe3e508105,b37decc5778bdabda2f87a3041290fea8bbc7cb4f7387d26e19b430a8a07ec34
27,131270,genre_logcount_train,20,bernoulli*19 + gaussian(log_count_train_z),3,5,8,poisson,consistent,-3.8393931182153787,7.726882082332383,0.8223014569135435,0.8493561393664452,4950,-2.7460388045039403,3.7398821066021957,0.9298046093958696,2.546437316788979,0.3106190720483779,False,0,0,False,0,True,10.85,fa35e2675b262e11f530e5ab3e61ff98196de02a5a45ebe4dc73ebe4fd5ef31a,49d811f68e020149d66525220b96f1428cef129e676280d66da4903218926ff0,01b4ed800d589e94ce08aaea5277dd4e511c86a59b9747c86487babe3e508105,b37decc5778bdabda2f87a3041290fea8bbc7cb4f7387d26e19b430a8a07ec34
27,131270,mixed_train_log,22,"bernoulli*19 + gaussian(mean_rating_train_z, year_z, log_count_train_z)",3,5,8,poisson,consistent,-3.84846059291645,7.739854749240293,0.8181258387043497,0.8476949117926385,4950,-2.746339892644452,3.7332023800823495,0.9306269821655624,2.5475409499188926,0.3107141217244335,False,0,0,False,0,True,10.95,fa35e2675b262e11f530e5ab3e61ff98196de02a5a45ebe4dc73ebe4fd5ef31a,7288b3886a6282c5600ac2e8fb7e29a6db4acb4113c68be1099604107a412d52,01b4ed800d589e94ce08aaea5277dd4e511c86a59b9747c86487babe3e508105,b37decc5778bdabda2f87a3041290fea8bbc7cb4f7387d26e19b430a8a07ec34
27,131270,mixed_train_raw_poisson,22,"bernoulli*19 + gaussian(mean_rating_train_z, year_z) + poisson(count_train_raw)",3,5,8,poisson,consistent,-3.7662097130363383,7.733288195485179,0.8187530897181657,0.8455044273434107,4950,-2.8990993016475852,4.498563068125639,0.9009095003032465,2.3104615757364253,0.3600728839258339,False,0,0,False,0,True,12.76,fa35e2675b262e11f530e5ab3e61ff98196de02a5a45ebe4dc73ebe4fd5ef31a,687979075840152be1e4473063768b73168288ba0df9461c78b67508a67d8e59,01b4ed800d589e94ce08aaea5277dd4e511c86a59b9747c86487babe3e508105,b37decc5778bdabda2f87a3041290fea8bbc7cb4f7387d26e19b430a8a07ec34
27,131271,y_only,0,"X unused (fix_x=True, F fixed at 0); genre19 array passed",3,5,8,poisson,consistent,-3.830354281249596,7.712367407963892,0.8223526612001424,0.8482485801267045,4950,-2.7501362144547685,3.747485464254576,0.9296835484235023,2.5789624453113804,0.30400599795069516,False,0,0,False,0,True,7.59,fa35e2675b262e11f530e5ab3e61ff98196de02a5a45ebe4dc73ebe4fd5ef31a,e35c05e01737c7b575a52260b135ae4c13cef788f8835324ebce66505dfee77a,01b4ed800d589e94ce08aaea5277dd4e511c86a59b9747c86487babe3e508105,b37decc5778bdabda2f87a3041290fea8bbc7cb4f7387d26e19b430a8a07ec34
27,131271,genre_only,19,bernoulli*19,3,5,8,poisson,consistent,-3.7838939910492324,7.609203268565093,0.8246360160265649,0.8525422068342974,4950,-2.739907412090971,3.71045285253791,0.9320550296027567,2.544352965419228,0.31141165679989335,False,0,0,False,0,True,8.97,fa35e2675b262e11f530e5ab3e61ff98196de02a5a45ebe4dc73ebe4fd5ef31a,e35c05e01737c7b575a52260b135ae4c13cef788f8835324ebce66505dfee77a,01b4ed800d589e94ce08aaea5277dd4e511c86a59b9747c86487babe3e508105,b37decc5778bdabda2f87a3041290fea8bbc7cb4f7387d26e19b430a8a07ec34
27,131271,genre_year,20,bernoulli*19 + gaussian(year_z),3,5,8,poisson,consistent,-3.795346072634082,7.638829688479847,0.8226614030951168,0.8498742605467969,4950,-2.7394852176887245,3.7016985314427253,0.9320288267530971,2.547810821757154,0.3103283220255403,False,0,0,False,0,True,10.84,fa35e2675b262e11f530e5ab3e61ff98196de02a5a45ebe4dc73ebe4fd5ef31a,9c2e1c45bc46b67175b33011cce5cbf0db2f59377a22f2d71888bcdd1c655c9e,01b4ed800d589e94ce08aaea5277dd4e511c86a59b9747c86487babe3e508105,b37decc5778bdabda2f87a3041290fea8bbc7cb4f7387d26e19b430a8a07ec34
27,131271,genre_logcount_train,20,bernoulli*19 + gaussian(log_count_train_z),3,5,8,poisson,consistent,-3.7804801954035008,7.599339845174942,0.8254317062712493,0.8531177288342072,4950,-2.7407692871446026,3.7174045941706204,0.9320974121431685,2.54908980614587,0.3105268896991635,False,0,0,False,0,True,10.87,fa35e2675b262e11f530e5ab3e61ff98196de02a5a45ebe4dc73ebe4fd5ef31a,49d811f68e020149d66525220b96f1428cef129e676280d66da4903218926ff0,01b4ed800d589e94ce08aaea5277dd4e511c86a59b9747c86487babe3e508105,b37decc5778bdabda2f87a3041290fea8bbc7cb4f7387d26e19b430a8a07ec34
27,131271,mixed_train_log,22,"bernoulli*19 + gaussian(mean_rating_train_z, year_z, log_count_train_z)",3,5,8,poisson,consistent,-3.806784732411054,7.6522329318177515,0.8245501206357382,0.8504252450081178,4950,-2.7413935729175734,3.7233690253336906,0.9312679409557082,2.5485293641187976,0.31099724573467263,False,0,0,False,0,True,10.92,fa35e2675b262e11f530e5ab3e61ff98196de02a5a45ebe4dc73ebe4fd5ef31a,7288b3886a6282c5600ac2e8fb7e29a6db4acb4113c68be1099604107a412d52,01b4ed800d589e94ce08aaea5277dd4e511c86a59b9747c86487babe3e508105,b37decc5778bdabda2f87a3041290fea8bbc7cb4f7387d26e19b430a8a07ec34
27,131271,mixed_train_raw_poisson,22,"bernoulli*19 + gaussian(mean_rating_train_z, year_z) + poisson(count_train_raw)",3,5,8,poisson,consistent,-3.74879077668844,7.649575657010476,0.8187328545645137,0.8496395856437969,4950,-2.9093019253754235,4.5150460442903135,0.8978002461311986,2.3154887578140473,0.3589833237474427,False,0,0,False,0,True,12.78,fa35e2675b262e11f530e5ab3e61ff98196de02a5a45ebe4dc73ebe4fd5ef31a,687979075840152be1e4473063768b73168288ba0df9461c78b67508a67d8e59,01b4ed800d589e94ce08aaea5277dd4e511c86a59b9747c86487babe3e508105,b37decc5778bdabda2f87a3041290fea8bbc7cb4f7387d26e19b430a8a07ec34
28,131280,y_only,0,"X unused (fix_x=True, F fixed at 0); genre19 array passed",3,5,8,poisson,consistent,-3.445888944321301,6.717586170653907,0.8264679005831879,0.8299639439771307,4950,-2.8257127503549806,4.033412369631596,0.9295915529504435,2.7581667692429703,0.26637306654109333,False,0,0,False,0,True,7.6,deeb9cd41e08d7e3b57348302fc7d6bb68b7ddebc2f5ff8701a4b0038f70ea96,4894b390761cdad41c5e599d219abc93cd7bae842b190223d87b6b8ee035e187,872cf634c73ed0456b79a4802202fe4d3648baf90464af127bfcf5290b26c1c5,f13b8dd727960fd6c836131a49cb681c5f3b5f4462b94050987fb2f9888b8dc7
28,131280,genre_only,19,bernoulli*19,3,5,8,poisson,consistent,-3.4385538117698067,6.693187520066025,0.8299758425343898,0.8347825449266475,4950,-2.813459788849142,3.963143473607697,0.9326722391590723,2.7286989911506256,0.27251625207473335,False,0,0,False,0,True,9.01,deeb9cd41e08d7e3b57348302fc7d6bb68b7ddebc2f5ff8701a4b0038f70ea96,4894b390761cdad41c5e599d219abc93cd7bae842b190223d87b6b8ee035e187,872cf634c73ed0456b79a4802202fe4d3648baf90464af127bfcf5290b26c1c5,f13b8dd727960fd6c836131a49cb681c5f3b5f4462b94050987fb2f9888b8dc7
28,131280,genre_year,20,bernoulli*19 + gaussian(year_z),3,5,8,poisson,consistent,-3.4430248235178125,6.707795229842874,0.8294418512878805,0.8353992276210862,4950,-2.813818663338538,3.987096459243705,0.9318612596148033,2.7305356825759923,0.27189648420656715,False,0,0,False,0,True,10.89,deeb9cd41e08d7e3b57348302fc7d6bb68b7ddebc2f5ff8701a4b0038f70ea96,e0f8f458356891e2f2e6b0922862933284307adc2af5fb134df6fb6de94852db,872cf634c73ed0456b79a4802202fe4d3648baf90464af127bfcf5290b26c1c5,f13b8dd727960fd6c836131a49cb681c5f3b5f4462b94050987fb2f9888b8dc7
28,131280,genre_logcount_train,20,bernoulli*19 + gaussian(log_count_train_z),3,5,8,poisson,consistent,-3.4649043792666863,6.79137307722541,0.8260209895919693,0.8314831085178168,4950,-2.813392616527289,3.9781735756192407,0.9322926096521503,2.7313121681066472,0.27199662882150233,False,0,0,False,0,True,10.91,deeb9cd41e08d7e3b57348302fc7d6bb68b7ddebc2f5ff8701a4b0038f70ea96,88ebc1607468edc1410c5913baa6cb21ded17b2bbf6c7e718e8dc3f297f7372d,872cf634c73ed0456b79a4802202fe4d3648baf90464af127bfcf5290b26c1c5,f13b8dd727960fd6c836131a49cb681c5f3b5f4462b94050987fb2f9888b8dc7
28,131280,mixed_train_log,22,"bernoulli*19 + gaussian(mean_rating_train_z, year_z, log_count_train_z)",3,5,8,poisson,consistent,-3.4432796516510833,6.704108251254388,0.8271201352072385,0.8318666056036388,4950,-2.815489147794802,3.987467342915439,0.9322528064547335,2.7332453793103224,0.27137435473864924,False,0,0,False,0,True,10.87,deeb9cd41e08d7e3b57348302fc7d6bb68b7ddebc2f5ff8701a4b0038f70ea96,5a27e4deec63508f92829545b0b116956d8335e4d9116c2a90a755c049d03e3e,872cf634c73ed0456b79a4802202fe4d3648baf90464af127bfcf5290b26c1c5,f13b8dd727960fd6c836131a49cb681c5f3b5f4462b94050987fb2f9888b8dc7
28,131280,mixed_train_raw_poisson,22,"bernoulli*19 + gaussian(mean_rating_train_z, year_z) + poisson(count_train_raw)",3,5,8,poisson,consistent,-3.5896570099682696,7.10591484172158,0.7973601168161054,0.8030783957956381,4950,-2.985111916675006,4.837470376670542,0.894480322216513,2.5358383639970996,0.3088619290946107,False,0,0,False,0,True,12.85,deeb9cd41e08d7e3b57348302fc7d6bb68b7ddebc2f5ff8701a4b0038f70ea96,44001559cb53414f1a90cdfe385b1bf0c02dfb45f624b513ecd59614bab90525,872cf634c73ed0456b79a4802202fe4d3648baf90464af127bfcf5290b26c1c5,f13b8dd727960fd6c836131a49cb681c5f3b5f4462b94050987fb2f9888b8dc7
28,131281,y_only,0,"X unused (fix_x=True, F fixed at 0); genre19 array passed",3,5,8,poisson,consistent,-3.441116032668674,6.714268966475138,0.8308897242502696,0.8350213475017896,4950,-2.822671754855302,4.003341630342431,0.930832263091979,2.7594161671675614,0.2664883462028988,False,0,0,False,0,True,7.51,deeb9cd41e08d7e3b57348302fc7d6bb68b7ddebc2f5ff8701a4b0038f70ea96,4894b390761cdad41c5e599d219abc93cd7bae842b190223d87b6b8ee035e187,872cf634c73ed0456b79a4802202fe4d3648baf90464af127bfcf5290b26c1c5,f13b8dd727960fd6c836131a49cb681c5f3b5f4462b94050987fb2f9888b8dc7
28,131281,genre_only,19,bernoulli*19,3,5,8,poisson,consistent,-3.443918034861955,6.720743462264446,0.831594451733714,0.8362097365192042,4950,-2.812863672740097,3.9538710032093243,0.933382930856584,2.731343211620853,0.2720593858626056,False,0,0,False,0,True,9.04,deeb9cd41e08d7e3b57348302fc7d6bb68b7ddebc2f5ff8701a4b0038f70ea96,4894b390761cdad41c5e599d219abc93cd7bae842b190223d87b6b8ee035e187,872cf634c73ed0456b79a4802202fe4d3648baf90464af127bfcf5290b26c1c5,f13b8dd727960fd6c836131a49cb681c5f3b5f4462b94050987fb2f9888b8dc7
28,131281,genre_year,20,bernoulli*19 + gaussian(year_z),3,5,8,poisson,consistent,-3.443908740908517,6.710797139447131,0.8298649322268105,0.8352428016598712,4950,-2.8130728978290884,3.9563512731284827,0.9337770143227639,2.727317864757654,0.272868489090718,False,0,0,False,0,True,10.86,deeb9cd41e08d7e3b57348302fc7d6bb68b7ddebc2f5ff8701a4b0038f70ea96,e0f8f458356891e2f2e6b0922862933284307adc2af5fb134df6fb6de94852db,872cf634c73ed0456b79a4802202fe4d3648baf90464af127bfcf5290b26c1c5,f13b8dd727960fd6c836131a49cb681c5f3b5f4462b94050987fb2f9888b8dc7
28,131281,genre_logcount_train,20,bernoulli*19 + gaussian(log_count_train_z),3,5,8,poisson,consistent,-3.4448329254204286,6.714634059879429,0.8298299507293795,0.8350490376606391,4950,-2.813644634351504,3.959003197303097,0.9337942036575108,2.7293942912458067,0.27219889363391986,False,0,0,False,0,True,10.99,deeb9cd41e08d7e3b57348302fc7d6bb68b7ddebc2f5ff8701a4b0038f70ea96,88ebc1607468edc1410c5913baa6cb21ded17b2bbf6c7e718e8dc3f297f7372d,872cf634c73ed0456b79a4802202fe4d3648baf90464af127bfcf5290b26c1c5,f13b8dd727960fd6c836131a49cb681c5f3b5f4462b94050987fb2f9888b8dc7
28,131281,mixed_train_log,22,"bernoulli*19 + gaussian(mean_rating_train_z, year_z, log_count_train_z)",3,5,8,poisson,consistent,-3.4312530357712094,6.671084108323091,0.8326022588867489,0.8360999543271843,4950,-2.812775728612289,3.9559002038548434,0.9337250902921219,2.7285067463470094,0.27272692587444075,False,0,0,False,0,True,10.94,deeb9cd41e08d7e3b57348302fc7d6bb68b7ddebc2f5ff8701a4b0038f70ea96,5a27e4deec63508f92829545b0b116956d8335e4d9116c2a90a755c049d03e3e,872cf634c73ed0456b79a4802202fe4d3648baf90464af127bfcf5290b26c1c5,f13b8dd727960fd6c836131a49cb681c5f3b5f4462b94050987fb2f9888b8dc7
28,131281,mixed_train_raw_poisson,22,"bernoulli*19 + gaussian(mean_rating_train_z, year_z) + poisson(count_train_raw)",3,5,8,poisson,consistent,-3.5871085845842763,7.067901585088357,0.7951560481847649,0.8056328124548784,4950,-2.98684965867477,4.856360343076373,0.8937590851793112,2.5280947681230814,0.31225411673802184,False,0,0,False,0,True,12.74,deeb9cd41e08d7e3b57348302fc7d6bb68b7ddebc2f5ff8701a4b0038f70ea96,44001559cb53414f1a90cdfe385b1bf0c02dfb45f624b513ecd59614bab90525,872cf634c73ed0456b79a4802202fe4d3648baf90464af127bfcf5290b26c1c5,f13b8dd727960fd6c836131a49cb681c5f3b5f4462b94050987fb2f9888b8dc7
29,131290,y_only,0,"X unused (fix_x=True, F fixed at 0); genre19 array passed",3,5,8,poisson,consistent,-3.1599058666072746,5.574557374682358,0.8566571877717272,0.8529889380131859,4950,-2.7883243297991,4.005988589438113,0.9213087337665098,2.6819320886837343,0.27505073258888896,False,0,0,False,0,True,7.57,b2936b49560f2c0b55f0edb89ea2c8bad0ca2574df0fa6cde32bea99943ae09c,9a5924a35b4ecd48845c38c59d46450259fe473cfca3ab50bc522c903915d658,37c0447f03865ae6f2828a3af3b4d242cbc1aab816094a8af93ff3f9774ee584,6eaae20f4f6e7d875bf539d863f4cc188d910215f7d0ffa4645b6012209bfffa
29,131290,genre_only,19,bernoulli*19,3,5,8,poisson,consistent,-3.1375527223232473,5.515526774651282,0.8583943972323526,0.8556522308281366,4950,-2.779289584714857,3.9775497121730377,0.92360694504275,2.650179253602854,0.2816491188786432,False,0,0,False,0,True,8.99,b2936b49560f2c0b55f0edb89ea2c8bad0ca2574df0fa6cde32bea99943ae09c,9a5924a35b4ecd48845c38c59d46450259fe473cfca3ab50bc522c903915d658,37c0447f03865ae6f2828a3af3b4d242cbc1aab816094a8af93ff3f9774ee584,6eaae20f4f6e7d875bf539d863f4cc188d910215f7d0ffa4645b6012209bfffa
29,131290,genre_year,20,bernoulli*19 + gaussian(year_z),3,5,8,poisson,consistent,-3.1277746922243606,5.470691682709318,0.862104598160951,0.8594166099205236,4950,-2.7797101421187294,3.969143017247947,0.9224567700735362,2.6505247791086353,0.2812274122904644,False,0,0,False,0,True,11.34,b2936b49560f2c0b55f0edb89ea2c8bad0ca2574df0fa6cde32bea99943ae09c,d13c0f4bbc0e0631a2b4c8afc5cc53038c4c41933f7e7f7f7521b929bbe828c6,37c0447f03865ae6f2828a3af3b4d242cbc1aab816094a8af93ff3f9774ee584,6eaae20f4f6e7d875bf539d863f4cc188d910215f7d0ffa4645b6012209bfffa
29,131290,genre_logcount_train,20,bernoulli*19 + gaussian(log_count_train_z),3,5,8,poisson,consistent,-3.132135612223681,5.490681527969271,0.8612395066010377,0.857983590982147,4950,-2.7820702843922827,3.9844081904505533,0.9221745906925788,2.656537887171425,0.28011615790171696,False,0,0,False,0,True,10.89,b2936b49560f2c0b55f0edb89ea2c8bad0ca2574df0fa6cde32bea99943ae09c,478a805dc88771285ed9b3272d3a52ac0e0a931b59bc37e5e2ab7a91cedf30ac,37c0447f03865ae6f2828a3af3b4d242cbc1aab816094a8af93ff3f9774ee584,6eaae20f4f6e7d875bf539d863f4cc188d910215f7d0ffa4645b6012209bfffa
29,131290,mixed_train_log,22,"bernoulli*19 + gaussian(mean_rating_train_z, year_z, log_count_train_z)",3,5,8,poisson,consistent,-3.122584555013562,5.465449817709617,0.8634749959788284,0.8597830969511876,4950,-2.7816652174824097,3.9940479835147635,0.9231550882661873,2.6591135407672426,0.27988059541618965,False,0,0,False,0,True,10.94,b2936b49560f2c0b55f0edb89ea2c8bad0ca2574df0fa6cde32bea99943ae09c,e64b6000e0cf0642e3d3e5ca7120f678e2cc20825e9685651bed84ae1b74fe56,37c0447f03865ae6f2828a3af3b4d242cbc1aab816094a8af93ff3f9774ee584,6eaae20f4f6e7d875bf539d863f4cc188d910215f7d0ffa4645b6012209bfffa
29,131290,mixed_train_raw_poisson,22,"bernoulli*19 + gaussian(mean_rating_train_z, year_z) + poisson(count_train_raw)",3,5,8,poisson,consistent,-3.2181739726074774,5.882182756561952,0.8333741230946361,0.831274625164248,4950,-2.9549838132752266,4.781471677736377,0.8827736626542236,2.4385881680063006,0.32398921909749695,False,0,0,False,0,True,12.8,b2936b49560f2c0b55f0edb89ea2c8bad0ca2574df0fa6cde32bea99943ae09c,bdc2f5748c68e1c410a9500c420ddf6a21745ac9f7efec386149a8f39d965f72,37c0447f03865ae6f2828a3af3b4d242cbc1aab816094a8af93ff3f9774ee584,6eaae20f4f6e7d875bf539d863f4cc188d910215f7d0ffa4645b6012209bfffa
29,131291,y_only,0,"X unused (fix_x=True, F fixed at 0); genre19 array passed",3,5,8,poisson,consistent,-3.119183743435729,5.394540878959811,0.8630932381928821,0.8621587819985188,4950,-2.787878447028017,4.007467178641879,0.9224068640459407,2.6791170123079766,0.27638242815913727,False,0,0,False,0,True,7.57,b2936b49560f2c0b55f0edb89ea2c8bad0ca2574df0fa6cde32bea99943ae09c,9a5924a35b4ecd48845c38c59d46450259fe473cfca3ab50bc522c903915d658,37c0447f03865ae6f2828a3af3b4d242cbc1aab816094a8af93ff3f9774ee584,6eaae20f4f6e7d875bf539d863f4cc188d910215f7d0ffa4645b6012209bfffa
29,131291,genre_only,19,bernoulli*19,3,5,8,poisson,consistent,-3.1093561600070223,5.420517016676308,0.8633421596238128,0.8601316874602418,4950,-2.779457959813105,3.9893759218774925,0.9252207887744005,2.646440720044063,0.28285085488789685,False,0,0,False,0,True,8.97,b2936b49560f2c0b55f0edb89ea2c8bad0ca2574df0fa6cde32bea99943ae09c,9a5924a35b4ecd48845c38c59d46450259fe473cfca3ab50bc522c903915d658,37c0447f03865ae6f2828a3af3b4d242cbc1aab816094a8af93ff3f9774ee584,6eaae20f4f6e7d875bf539d863f4cc188d910215f7d0ffa4645b6012209bfffa
29,131291,genre_year,20,bernoulli*19 + gaussian(year_z),3,5,8,poisson,consistent,-3.117478504329145,5.42629108088293,0.8615486479278799,0.8602228675251123,4950,-2.7803549169927773,3.980182862680335,0.9233760796964362,2.646438891508486,0.28246039098519987,False,0,0,False,0,True,10.89,b2936b49560f2c0b55f0edb89ea2c8bad0ca2574df0fa6cde32bea99943ae09c,d13c0f4bbc0e0631a2b4c8afc5cc53038c4c41933f7e7f7f7521b929bbe828c6,37c0447f03865ae6f2828a3af3b4d242cbc1aab816094a8af93ff3f9774ee584,6eaae20f4f6e7d875bf539d863f4cc188d910215f7d0ffa4645b6012209bfffa
29,131291,genre_logcount_train,20,bernoulli*19 + gaussian(log_count_train_z),3,5,8,poisson,consistent,-3.110551634200547,5.4137344913936,0.8636338747623509,0.8607015874123936,4950,-2.779486092845655,3.9937345867209935,0.9246421012925821,2.6494688270030515,0.2823313333824745,False,0,0,False,0,True,10.91,b2936b49560f2c0b55f0edb89ea2c8bad0ca2574df0fa6cde32bea99943ae09c,478a805dc88771285ed9b3272d3a52ac0e0a931b59bc37e5e2ab7a91cedf30ac,37c0447f03865ae6f2828a3af3b4d242cbc1aab816094a8af93ff3f9774ee584,6eaae20f4f6e7d875bf539d863f4cc188d910215f7d0ffa4645b6012209bfffa
29,131291,mixed_train_log,22,"bernoulli*19 + gaussian(mean_rating_train_z, year_z, log_count_train_z)",3,5,8,poisson,consistent,-3.1138477287698207,5.431020636960717,0.8605650404410314,0.8598238012704761,4950,-2.7826511641540215,4.009489637466335,0.9231278226494393,2.655821106278386,0.2806442400960724,False,0,0,False,0,True,10.9,b2936b49560f2c0b55f0edb89ea2c8bad0ca2574df0fa6cde32bea99943ae09c,e64b6000e0cf0642e3d3e5ca7120f678e2cc20825e9685651bed84ae1b74fe56,37c0447f03865ae6f2828a3af3b4d242cbc1aab816094a8af93ff3f9774ee584,6eaae20f4f6e7d875bf539d863f4cc188d910215f7d0ffa4645b6012209bfffa
29,131291,mixed_train_raw_poisson,22,"bernoulli*19 + gaussian(mean_rating_train_z, year_z) + poisson(count_train_raw)",3,5,8,poisson,consistent,-3.205438123785233,5.853513492184934,0.8366678016577704,0.8341057022896688,4950,-2.9533156298649326,4.78911616460417,0.8821456997264753,2.4325936075065044,0.3256050292028983,False,0,0,False,0,True,12.73,b2936b49560f2c0b55f0edb89ea2c8bad0ca2574df0fa6cde32bea99943ae09c,bdc2f5748c68e1c410a9500c420ddf6a21745ac9f7efec386149a8f39d965f72,37c0447f03865ae6f2828a3af3b4d242cbc1aab816094a8af93ff3f9774ee584,6eaae20f4f6e7d875bf539d863f4cc188d910215f7d0ffa4645b6012209bfffa
