replicate,start_label,iteration,column,candidate_optimizer,previous_family,selected_family,margin_neg2,changed,all_candidates_converged,score_bernoulli,score_poisson,bernoulli_optimizer,bernoulli_n_iter,bernoulli_converged,bernoulli_grad_inf,bernoulli_scipy_success,bernoulli_scipy_status,poisson_optimizer,poisson_n_iter,poisson_converged,poisson_grad_inf,poisson_scipy_success,poisson_scipy_status,selected_candidate_family,selected_candidate_score,selected_loading,selected_loading_sha256,loading_installation_policy,selected_loading_installed,installed_loading_sha256,family_x_true,k,dataset_status
rep01,start_B,1,3,bfgs,bernoulli,bernoulli,50.02503205356514,False,True,-49.541761825759714,-74.55427785254228,bfgs,4,True,8.881784197001252e-16,True,0,bfgs,5,True,1.7763568394002506e-16,True,0,bernoulli,-49.541761825759714,-0.53611531558421111,95bd488cefc0823d4451536705d83825d71dad27e2bc2c5b9be8ea2ae34bc54a,selected_candidate_loading,True,95bd488cefc0823d4451536705d83825d71dad27e2bc2c5b9be8ea2ae34bc54a,bernoulli,1,completed
rep01,start_B,1,4,bfgs,bernoulli,bernoulli,46.08094968627779,False,True,-51.95913972859121,-74.9996145717301,bfgs,4,True,1.3566925360919413e-12,True,0,bfgs,5,True,3.574918139293004e-15,True,0,bernoulli,-51.95913972859121,-0.053593253914740235,ff0e42a50737f4b6b9e3d6c9dd16489568207b8155d5578e78ab69eee7851acc,selected_candidate_loading,True,ff0e42a50737f4b6b9e3d6c9dd16489568207b8155d5578e78ab69eee7851acc,bernoulli,1,completed
rep01,start_B,1,5,bfgs,bernoulli,bernoulli,47.074239376309464,False,True,-51.156751844245946,-74.69387153240068,bfgs,4,True,4.212470372522148e-11,True,0,bfgs,4,True,4.7916515200085994e-11,True,0,bernoulli,-51.156751844245946,0.30232190712914908,77255f77c33ac32c0e9c0b6427ee0e71fea7749613c7dc0256e7736f188b5728,selected_candidate_loading,True,77255f77c33ac32c0e9c0b6427ee0e71fea7749613c7dc0256e7736f188b5728,bernoulli,1,completed
rep01,start_B,1,6,bfgs,bernoulli,bernoulli,48.089538065226506,False,True,-50.44593688542201,-74.49070591803526,bfgs,6,True,1.7411777575304655e-11,True,0,bfgs,4,True,4.488320826112613e-11,True,0,bernoulli,-50.44593688542201,0.4178718957708914,9b229d7dda5c263b17168e4073614725e0bfb07fdff835c450421fc2c48dfd09,selected_candidate_loading,True,9b229d7dda5c263b17168e4073614725e0bfb07fdff835c450421fc2c48dfd09,bernoulli,1,completed
rep01,start_B,1,7,bfgs,bernoulli,bernoulli,47.64740251227559,False,True,-50.753053431320424,-74.57675468745822,bfgs,4,True,3.2665425919731207e-12,True,0,bfgs,5,True,7.105427357601002e-16,True,0,bernoulli,-50.753053431320424,0.37160563246908801,89f0006e0ee4e533ff3dc31a0fdf4c1638db8ccba17884226c2270a51ae669e7,selected_candidate_loading,True,89f0006e0ee4e533ff3dc31a0fdf4c1638db8ccba17884226c2270a51ae669e7,bernoulli,1,completed
rep01,start_B,1,8,bfgs,bernoulli,bernoulli,47.81362591811279,False,True,-50.637225109174324,-74.54403806823072,bfgs,4,True,1.3535306209178088e-11,True,0,bfgs,5,True,1.909583602355269e-15,True,0,bernoulli,-50.637225109174324,0.38956784950888762,8a08333a6ca57a7c23de1860e29ce035eef30a8207cb5b6f262f1cd840755b5a,selected_candidate_loading,True,8a08333a6ca57a7c23de1860e29ce035eef30a8207cb5b6f262f1cd840755b5a,bernoulli,1,completed
rep01,start_B,2,3,bfgs,bernoulli,bernoulli,47.86680495065397,False,True,-51.00504984348855,-74.93845231881554,bfgs,5,True,1.3322676295501878e-16,True,0,bfgs,4,True,9.764011821289386e-12,True,0,bernoulli,-51.00504984348855,-0.32979453416428645,b98837d87942d7eb8c4738a0608360882690c911bf36e189cd3cdecfb79c95cb,selected_candidate_loading,True,b98837d87942d7eb8c4738a0608360882690c911bf36e189cd3cdecfb79c95cb,bernoulli,1,completed
rep01,start_B,2,4,bfgs,bernoulli,bernoulli,45.983863070938455,False,True,-51.97309163900898,-74.9650231744782,bfgs,3,True,6.181632983270901e-12,True,0,bfgs,4,True,1.5152323840084136e-13,True,0,bernoulli,-51.97309163900898,-0.037171269867193095,7cea9647594b202620e224f5cfe2b90c4c15968a01394a42b978f2046a3b4e41,selected_candidate_loading,True,7cea9647594b202620e224f5cfe2b90c4c15968a01394a42b978f2046a3b4e41,bernoulli,1,completed
rep01,start_B,2,5,bfgs,bernoulli,bernoulli,47.36849033343654,False,True,-50.65258664638519,-74.33683181310346,bfgs,4,True,4.729550084903167e-15,True,0,bfgs,5,True,8.881784197001252e-16,True,0,bernoulli,-50.65258664638519,0.38721060043709737,33cc43b504866e8b316952d81da98a2cbc3accac614ad952bac112dae47f2e8e,selected_candidate_loading,True,33cc43b504866e8b316952d81da98a2cbc3accac614ad952bac112dae47f2e8e,bernoulli,1,completed
rep01,start_B,2,6,bfgs,bernoulli,bernoulli,49.19206203184997,False,True,-49.31684113499197,-73.91287215091695,bfgs,4,True,1.0298073505055072e-11,True,0,bfgs,5,True,2.9682922786378184e-13,True,0,bernoulli,-49.31684113499197,0.56281285053904995,82f0a55612ec4f5dc27997feeb9a74fe39df16bcf7df83ce2e61e515f74b41aa,selected_candidate_loading,True,82f0a55612ec4f5dc27997feeb9a74fe39df16bcf7df83ce2e61e515f74b41aa,bernoulli,1,completed
rep01,start_B,2,7,bfgs,bernoulli,bernoulli,48.08109947437333,False,False,-50.120797985239065,-74.16134772242573,bfgs,4,True,9.952039192739903e-14,True,0,bfgs,4,False,6.218415862235816e-08,False,2,bernoulli,-50.120797985239065,0.46286774930533331,013209cbddcb6127aabc9e785ffb90900994dbb7ba688aea97f79573e2ea8e7a,selected_candidate_loading,True,013209cbddcb6127aabc9e785ffb90900994dbb7ba688aea97f79573e2ea8e7a,bernoulli,1,completed
rep01,start_B,2,8,bfgs,bernoulli,bernoulli,51.562569864387214,False,True,-47.661810613683464,-73.44309554587707,bfgs,5,True,4.440892098500626e-16,True,0,bfgs,5,True,2.779998453661392e-13,True,0,bernoulli,-47.661810613683464,0.74142551190434824,dc9d3dc4853df121ef318eb9046365f528ceb19507c2d7a29da8ff87ebf5d895,selected_candidate_loading,True,dc9d3dc4853df121ef318eb9046365f528ceb19507c2d7a29da8ff87ebf5d895,bernoulli,1,completed
rep01,start_B,3,3,bfgs,bernoulli,bernoulli,47.812945987893,False,True,-51.05917098920724,-74.96564398315374,bfgs,3,True,8.95287399771405e-11,True,0,bfgs,5,True,7.140954494389007e-14,True,0,bernoulli,-51.05917098920724,-0.32110785072572312,d49fe2c8ab0b3819d6b258462e829feb7050d56c77f8ef195e21dd0e98acf401,selected_candidate_loading,True,d49fe2c8ab0b3819d6b258462e829feb7050d56c77f8ef195e21dd0e98acf401,bernoulli,1,completed
rep01,start_B,3,4,bfgs,bernoulli,bernoulli,45.801060235259854,False,True,-51.96192084024615,-74.86245095787608,bfgs,4,True,5.5525029019065645e-15,True,0,bfgs,4,True,5.052136486938252e-12,True,0,bernoulli,-51.96192084024615,0.05074795837813835,d6d4c1d6486b3d7d7ed1a919c6868d3d982fd9930fb2d3e86fba48d86603bdae,selected_candidate_loading,True,d6d4c1d6486b3d7d7ed1a919c6868d3d982fd9930fb2d3e86fba48d86603bdae,bernoulli,1,completed
rep01,start_B,3,5,bfgs,bernoulli,bernoulli,47.17349516968912,False,True,-50.66602839302098,-74.25277597786554,bfgs,2,True,1.1447015779708635e-09,False,2,bfgs,5,True,2.2204460492503132e-17,True,0,bernoulli,-50.66602839302098,0.3866643541219551,4b2c8e8df6013430abe61620a21df07471bcdd71f124a51dc3b27fec268c746a,selected_candidate_loading,True,4b2c8e8df6013430abe61620a21df07471bcdd71f124a51dc3b27fec268c746a,bernoulli,1,completed
rep01,start_B,3,6,bfgs,bernoulli,bernoulli,49.24873447305207,False,True,-49.105293300664734,-73.72966053719077,bfgs,4,True,1.8789894085102787e-10,False,2,bfgs,5,True,5.337952302397753e-14,True,0,bernoulli,-49.105293300664734,0.59224979729274141,00698f78cd2c40197b0b8255d1fc84c4a072182086237eafa65d71c254d3eba2,selected_candidate_loading,True,00698f78cd2c40197b0b8255d1fc84c4a072182086237eafa65d71c254d3eba2,bernoulli,1,completed
rep01,start_B,3,7,bfgs,bernoulli,bernoulli,47.17939612149782,False,True,-50.66136972710428,-74.25106778785319,bfgs,5,True,2.661267206605089e-10,False,2,bfgs,5,True,1.0658141036401502e-15,True,0,bernoulli,-50.66136972710428,0.38738743768907563,bf7dbe27c7fc5f4d2fb6043ab4938df4366a77d1b372ad27abb87256dd9b0716,selected_candidate_loading,True,bf7dbe27c7fc5f4d2fb6043ab4938df4366a77d1b372ad27abb87256dd9b0716,bernoulli,1,completed
rep01,start_B,3,8,bfgs,bernoulli,bernoulli,51.419241511795036,False,True,-47.563890391574446,-73.27351114747196,bfgs,3,True,5.733845620525813e-11,True,0,bfgs,7,True,4.107825191113079e-15,True,0,bernoulli,-47.563890391574446,0.76112938389969809,4a19b9e41b19058ea1975e023a4a4fe5a3fd016a05763ba559b4690b14cc573f,selected_candidate_loading,True,4a19b9e41b19058ea1975e023a4a4fe5a3fd016a05763ba559b4690b14cc573f,bernoulli,1,completed
rep01,start_B,4,3,bfgs,bernoulli,bernoulli,48.055644959582395,False,True,-50.92765943397234,-74.95548191376353,bfgs,4,True,1.7839032473432325e-10,False,2,bfgs,5,True,3.0597746558669317e-14,True,0,bernoulli,-50.92765943397234,-0.34416547359556637,533a6133c1b5eab6b2537829f38f0e69d176dbd285ec94c9b262d6463d944e9d,selected_candidate_loading,True,533a6133c1b5eab6b2537829f38f0e69d176dbd285ec94c9b262d6463d944e9d,bernoulli,1,completed
rep01,start_B,4,4,bfgs,bernoulli,bernoulli,45.78844818562462,False,True,-51.94170311113204,-74.83592720394435,bfgs,3,True,4.1110714832370834e-11,True,0,bfgs,4,True,2.886579864025407e-16,True,0,bernoulli,-51.94170311113204,0.068837250434678102,a821cd3f05093be566187ba9066989f0e62e8782cd40f3b9f59640e9e6d49b87,selected_candidate_loading,True,a821cd3f05093be566187ba9066989f0e62e8782cd40f3b9f59640e9e6d49b87,bernoulli,1,completed
rep01,start_B,4,5,bfgs,bernoulli,bernoulli,47.574605910596816,False,True,-50.33696971568255,-74.12427267098096,bfgs,4,True,3.9523939676655574e-15,True,0,bfgs,5,True,1.1546319456101628e-15,True,0,bernoulli,-50.33696971568255,0.43547464629664817,112420a0b4d0771f6fce881622de28f33846a0fdb5d30cd192527bcda50a4f1e,selected_candidate_loading,True,112420a0b4d0771f6fce881622de28f33846a0fdb5d30cd192527bcda50a4f1e,bernoulli,1,completed
rep01,start_B,4,6,bfgs,bernoulli,bernoulli,48.665861114350704,False,True,-49.5149196976075,-73.84785025478286,bfgs,4,True,4.3659387216621325e-11,True,0,bfgs,5,True,3.534950110406498e-14,True,0,bernoulli,-49.5149196976075,0.54336308906719266,5251aca0355f776c79774d2c4a96b2771b5f767bf7af63ca8e55af530fe1bf83,selected_candidate_loading,True,5251aca0355f776c79774d2c4a96b2771b5f767bf7af63ca8e55af530fe1bf83,bernoulli,1,completed
rep01,start_B,4,7,bfgs,bernoulli,bernoulli,48.41293305150684,False,True,-49.702461076036094,-73.90892760178951,bfgs,4,True,2.740399018819062e-11,True,0,bfgs,5,True,4.618527782440651e-15,True,0,bernoulli,-49.702461076036094,0.52005332379772939,0e223b868d58db59f21e82a5bf15ed68f7d515fb529e426452943e41f679e2db,selected_candidate_loading,True,0e223b868d58db59f21e82a5bf15ed68f7d515fb529e426452943e41f679e2db,bernoulli,1,completed
rep01,start_B,4,8,bfgs,bernoulli,bernoulli,52.68652645682505,False,True,-46.67235513484725,-73.01561836325978,bfgs,5,True,8.881784197001253e-17,True,0,bfgs,7,True,7.815970093361103e-15,True,0,bernoulli,-46.67235513484725,0.85300421098642087,ab0b4ff7143b004bd1ad8e152eb35ae4849a0e3781212b7b72270aae24fb874f,selected_candidate_loading,True,ab0b4ff7143b004bd1ad8e152eb35ae4849a0e3781212b7b72270aae24fb874f,bernoulli,1,completed
rep01,start_B,5,3,bfgs,bernoulli,bernoulli,48.810540554599115,False,True,-50.553522969602305,-74.95879324690186,bfgs,4,True,1.0627307034383192e-09,False,2,bfgs,5,True,6.078026970612882e-13,True,0,bernoulli,-50.553522969602305,-0.40276126185043287,5d55671ed4777bb44bccad8d36b241bb1862addb659f2d74328c66d39a6e4773,selected_candidate_loading,True,5d55671ed4777bb44bccad8d36b241bb1862addb659f2d74328c66d39a6e4773,bernoulli,1,completed
rep01,start_B,5,4,bfgs,bernoulli,bernoulli,45.7355430169704,False,True,-51.985795819119595,-74.8535673276048,bfgs,4,True,7.105427357601002e-16,True,0,bfgs,3,True,7.854250583250178e-12,True,0,bernoulli,-51.985795819119595,-0.0050882904726835335,24b36407a4530961b702ed1bb36ea6ca19590e8ad785aebf9379b0915ea672d7,selected_candidate_loading,True,24b36407a4530961b702ed1bb36ea6ca19590e8ad785aebf9379b0915ea672d7,bernoulli,1,completed
rep01,start_B,5,5,bfgs,bernoulli,bernoulli,46.899301514769164,False,True,-50.585917863292245,-74.03556862067683,bfgs,4,True,1.156275075686608e-12,True,0,bfgs,5,True,1.3322676295501878e-16,True,0,bernoulli,-50.585917863292245,0.3979093999283001,9737d12381a344adc3eccc6708913d4884941e811f2c10c18ef01cb8d9cf53f4,selected_candidate_loading,True,9737d12381a344adc3eccc6708913d4884941e811f2c10c18ef01cb8d9cf53f4,bernoulli,1,completed
rep01,start_B,5,6,bfgs,bernoulli,bernoulli,48.039283339777086,False,True,-49.662570342767495,-73.68221201265604,bfgs,4,True,2.2293278334473145e-14,True,0,bfgs,5,True,2.1316282072803005e-15,True,0,bernoulli,-49.662570342767495,0.52273503872201554,244b83fad0e3e6d8842ff4f82649e6f5ea165775d81fb8598bbbeb0e556e6ef4,selected_candidate_loading,True,244b83fad0e3e6d8842ff4f82649e6f5ea165775d81fb8598bbbeb0e556e6ef4,bernoulli,1,completed
rep01,start_B,5,7,bfgs,bernoulli,bernoulli,48.273776349035714,False,True,-49.47954768614985,-73.6164358606677,bfgs,3,True,1.0504930259003232e-13,True,0,bfgs,5,True,2.55351295663786e-16,True,0,bernoulli,-49.47954768614985,0.54506548632656748,64bf95cd76173935154f3604d0db2c47ec6d97aa3e301b92d73cbc8181db3a77,selected_candidate_loading,True,64bf95cd76173935154f3604d0db2c47ec6d97aa3e301b92d73cbc8181db3a77,bernoulli,1,completed
rep01,start_B,5,8,bfgs,bernoulli,bernoulli,51.85290040380201,False,True,-46.83402201968188,-72.76047222158289,bfgs,4,True,1.8101076193488553e-13,True,0,bfgs,6,True,4.753530902235071e-13,True,0,bernoulli,-46.83402201968188,0.82823351942937695,270e59681f0c723c207a235f0863e41a44a739ae61e0f6aae10c96642fca358e,selected_candidate_loading,True,270e59681f0c723c207a235f0863e41a44a739ae61e0f6aae10c96642fca358e,bernoulli,1,completed
rep01,start_B,6,3,bfgs,bernoulli,bernoulli,47.60341449075335,False,True,-51.180511719159625,-74.9822189645363,bfgs,5,True,1.5987211554602255e-15,True,0,bfgs,5,True,2.6645352591003757e-15,True,0,bernoulli,-51.180511719159625,-0.29765755866545995,eb98eae15ebd65233cc6aef717f71f8e13fed680644400d6095b4ccd7509100d,selected_candidate_loading,True,eb98eae15ebd65233cc6aef717f71f8e13fed680644400d6095b4ccd7509100d,bernoulli,1,completed
rep01,start_B,6,4,bfgs,bernoulli,bernoulli,45.92420669631397,False,True,-51.972638986746134,-74.93474233490312,bfgs,4,True,4.218847493575595e-15,True,0,bfgs,4,True,9.050538096744277e-14,True,0,bernoulli,-51.972638986746134,-0.03781546935396584,b78c4f1520a81c1eb6d4ad7a21ad052d4327c2828667de19665e7085c3fba7a5,selected_candidate_loading,True,b78c4f1520a81c1eb6d4ad7a21ad052d4327c2828667de19665e7085c3fba7a5,bernoulli,1,completed
rep01,start_B,6,5,bfgs,bernoulli,bernoulli,47.399294302734944,False,True,-50.43051021800956,-74.13015736937703,bfgs,4,True,1.587618925213974e-15,True,0,bfgs,5,True,1.3322676295501878e-16,True,0,bernoulli,-50.43051021800956,0.41968150380882785,302a2152e96a14776164f9f11f7b06a6cc8c1734c59e8cc7c4ed6cb7f0f41b8a,selected_candidate_loading,True,302a2152e96a14776164f9f11f7b06a6cc8c1734c59e8cc7c4ed6cb7f0f41b8a,bernoulli,1,completed
rep01,start_B,6,6,bfgs,bernoulli,bernoulli,49.60322784599403,False,True,-48.77456379146117,-73.57617771445818,bfgs,4,True,1.3110135199667639e-11,True,0,bfgs,5,True,3.1707969583294473e-14,True,0,bernoulli,-48.77456379146117,0.62318742301703467,6077c151b6d57fe0d8f84d125e69c232c21b4e5b07f274a4b30eda08a15421fe,selected_candidate_loading,True,6077c151b6d57fe0d8f84d125e69c232c21b4e5b07f274a4b30eda08a15421fe,bernoulli,1,completed
rep01,start_B,6,7,bfgs,bernoulli,bernoulli,48.08859228941719,False,True,-49.89846612845493,-73.94276227316352,bfgs,4,True,3.458464625794022e-11,True,0,bfgs,5,True,4.818367926873179e-15,True,0,bernoulli,-49.89846612845493,0.49128670605181951,9504837a019072c6b4220e4cc18d545e84f57f2c1201bc0bd2948996f89a55c3,selected_candidate_loading,True,9504837a019072c6b4220e4cc18d545e84f57f2c1201bc0bd2948996f89a55c3,bernoulli,1,completed
rep01,start_B,6,8,bfgs,bernoulli,bernoulli,52.42092239665607,False,True,-46.777375977583574,-72.98783717591161,bfgs,3,True,6.661338147750939e-15,True,0,bfgs,6,True,1.1962653090336062e-15,True,0,bernoulli,-46.777375977583574,0.82716448521995811,3e79a2834a1341ebe827321c85f70e4216d69ebaf6129c8f33d67b8ed68ee8c8,selected_candidate_loading,True,3e79a2834a1341ebe827321c85f70e4216d69ebaf6129c8f33d67b8ed68ee8c8,bernoulli,1,completed
rep01,start_B,7,3,bfgs,bernoulli,bernoulli,48.01882547888249,False,True,-50.96291378448056,-74.97232652392181,bfgs,4,True,5.329070518200751e-16,True,0,bfgs,5,True,1.1990408665951691e-15,True,0,bernoulli,-50.96291378448056,-0.33789062257095653,270e642acced5810fc82b7269994cd3f77c9ffbaaab7d51d249037260298d6fd,selected_candidate_loading,True,270e642acced5810fc82b7269994cd3f77c9ffbaaab7d51d249037260298d6fd,bernoulli,1,completed
rep01,start_B,7,4,bfgs,bernoulli,bernoulli,45.84775363275644,False,True,-51.98249519988665,-74.90637201626487,bfgs,3,True,6.222755644103017e-12,True,0,bfgs,4,True,1.2772005675287802e-13,True,0,bernoulli,-51.98249519988665,-0.019442613132419767,fb80a790f1065f6450f0ecb9b879de426c5bc35f015ea86ce6715e265ff2c816,selected_candidate_loading,True,fb80a790f1065f6450f0ecb9b879de426c5bc35f015ea86ce6715e265ff2c816,bernoulli,1,completed
rep01,start_B,7,5,bfgs,bernoulli,bernoulli,47.165668303209344,False,False,-50.55753681365569,-74.14037096526036,bfgs,4,True,2.6201263381153696e-15,True,0,bfgs,4,False,5.2584188137139164e-08,False,2,bernoulli,-50.55753681365569,0.40287286153607416,e92880609c5ccfe409b10f4f216d61f51f4e47565dad7aa2e3f0c769409be1d8,selected_candidate_loading,True,e92880609c5ccfe409b10f4f216d61f51f4e47565dad7aa2e3f0c769409be1d8,bernoulli,1,completed
rep01,start_B,7,6,bfgs,bernoulli,bernoulli,48.13339937426801,False,True,-49.805601703921795,-73.8723013910558,bfgs,5,True,3.819167204710538e-15,True,0,bfgs,5,True,8.171241461241152e-15,True,0,bernoulli,-49.805601703921795,0.50619470004888134,f462dccb01a68a37dde8d1c828ccb067ad8528a5dc92188216e7ae3c680be548,selected_candidate_loading,True,f462dccb01a68a37dde8d1c828ccb067ad8528a5dc92188216e7ae3c680be548,bernoulli,1,completed
rep01,start_B,7,7,bfgs,bernoulli,bernoulli,47.72565440923955,False,True,-50.11774788043556,-73.98057508505534,bfgs,4,True,1.3633538742396922e-13,True,0,bfgs,5,True,1.9647616866791396e-13,True,0,bernoulli,-50.11774788043556,0.46528731191067801,26cec9471ace1155271a7bd4c293c7b36bacf4d3b4660950c5acdaa33eaaec04,selected_candidate_loading,True,26cec9471ace1155271a7bd4c293c7b36bacf4d3b4660950c5acdaa33eaaec04,bernoulli,1,completed
rep01,start_B,7,8,bfgs,bernoulli,bernoulli,52.17578089033684,False,True,-46.89852421602473,-72.98641466119315,bfgs,3,True,1.7763568394002506e-16,True,0,bfgs,6,True,8.566125586639828e-12,True,0,bernoulli,-46.89852421602473,0.82671072514975319,4221ab5490b848e1f0a597992e1fc092df657ecf72166b68f7a721c963f9438e,selected_candidate_loading,True,4221ab5490b848e1f0a597992e1fc092df657ecf72166b68f7a721c963f9438e,bernoulli,1,completed
rep01,start_B,8,3,bfgs,bernoulli,bernoulli,47.94215428388334,False,False,-50.98663643952718,-74.95771358146885,bfgs,2,False,2.2198749843882482e-07,False,2,bfgs,5,True,9.752199048307375e-14,True,0,bernoulli,-50.98663643952718,-0.33465598027456922,bcfce39c095adac1154de004527dbf65366389cab57e517fbc823dc44d7145cf,selected_candidate_loading,True,bcfce39c095adac1154de004527dbf65366389cab57e517fbc823dc44d7145cf,bernoulli,1,completed
rep01,start_B,8,4,bfgs,bernoulli,bernoulli,45.80317861643894,False,False,-51.95429914323758,-74.85588845145705,bfgs,3,False,2.5313563756235168e-08,False,2,bfgs,4,True,8.535394613318203e-14,True,0,bernoulli,-51.95429914323758,0.058231087883513825,58658775bc2ed8872b0037dab526d55528199df9925395f907828fb620eadf13,selected_candidate_loading,True,58658775bc2ed8872b0037dab526d55528199df9925395f907828fb620eadf13,bernoulli,1,completed
rep01,start_B,8,5,bfgs,bernoulli,bernoulli,47.986931170894465,False,True,-50.052119516086954,-74.04558510153419,bfgs,4,True,3.532241166226413e-12,True,0,bfgs,5,True,1.3145040611561854e-14,True,0,bernoulli,-50.052119516086954,0.47636808180810081,36493c1d43c36f2837d159bcc54517f304d0ad49cbe94e3e7c8399e9c0a68683,selected_candidate_loading,True,36493c1d43c36f2837d159bcc54517f304d0ad49cbe94e3e7c8399e9c0a68683,bernoulli,1,completed
rep01,start_B,8,6,bfgs,bernoulli,bernoulli,48.4068647432795,False,False,-49.738709338531194,-73.94214171017094,bfgs,3,True,5.715428130770305e-14,True,0,bfgs,5,False,3.6056613517132516e-08,False,2,bernoulli,-49.738709338531194,0.51750060469104453,62a1678bc18453156a9752ba8d152c4cf3f5a758bc0ea666dcecc92be4945290,selected_candidate_loading,True,62a1678bc18453156a9752ba8d152c4cf3f5a758bc0ea666dcecc92be4945290,bernoulli,1,completed
rep01,start_B,8,7,bfgs,bernoulli,bernoulli,47.84599861703319,False,True,-50.15847749604541,-74.081476804562,bfgs,3,True,2.2356116957666926e-12,True,0,bfgs,5,True,2.6645352591003757e-14,True,0,bernoulli,-50.15847749604541,0.46187211072016116,e3c8924b4a2af44b569d27be995fc081a54e28e7ded073fec68539924c435185,selected_candidate_loading,True,e3c8924b4a2af44b569d27be995fc081a54e28e7ded073fec68539924c435185,bernoulli,1,completed
rep01,start_B,8,8,bfgs,bernoulli,bernoulli,52.88423871838316,False,True,-46.58572659017419,-73.02784594936577,bfgs,4,True,4.0589753780295726e-14,True,0,bfgs,6,True,2.5934809855243657e-13,True,0,bernoulli,-46.58572659017419,0.86770040318415631,46151630456674f95f12c7e2cb174dcfd59e898cf86d8cc41bc5080f41800e9e,selected_candidate_loading,True,46151630456674f95f12c7e2cb174dcfd59e898cf86d8cc41bc5080f41800e9e,bernoulli,1,completed
rep01,start_B,1,3,bfgs,bernoulli,bernoulli,48.90548761233853,False,True,-48.96145204221921,-73.41419584838847,bfgs,6,True,1.0258460747536446e-13,True,0,bfgs,6,True,1.166926111295652e-10,False,2,bernoulli,-48.96145204221921,0.25060196406807383|0.38075748763572714,82d3ed37d63ee5090e01f50fc1d2f25f1dad449a2741af7866ea5f3ef4cbca37,selected_candidate_loading,True,82d3ed37d63ee5090e01f50fc1d2f25f1dad449a2741af7866ea5f3ef4cbca37,bernoulli,2,completed
rep01,start_B,1,4,bfgs,bernoulli,bernoulli,47.02668901165923,False,True,-50.77096875569536,-74.28431326152497,bfgs,9,True,5.4081190192789565e-09,False,2,bfgs,7,True,1.5617906967690943e-11,True,0,bernoulli,-50.77096875569536,-0.32673765052862397|0.48477938113192576,ec4a620d1d5113e281d30d2606daa3f5102c3aa7c96d319e2fae07bbe5ef4f4a,selected_candidate_loading,True,ec4a620d1d5113e281d30d2606daa3f5102c3aa7c96d319e2fae07bbe5ef4f4a,bernoulli,2,completed
rep01,start_B,1,5,bfgs,bernoulli,bernoulli,49.06773409064384,False,True,-49.398670083479566,-73.93253712880148,bfgs,9,True,4.815170484562259e-12,True,0,bfgs,7,True,1.1074363648333474e-12,True,0,bernoulli,-49.398670083479566,0.98849571060883212|-0.60249377119249536,a572cfc6fb7cbff70748eec27fb0f3fa34838f15ea72f1e54a2c0900ed2c2724,selected_candidate_loading,True,a572cfc6fb7cbff70748eec27fb0f3fa34838f15ea72f1e54a2c0900ed2c2724,bernoulli,2,completed
rep01,start_B,1,6,bfgs,bernoulli,bernoulli,46.341692374089746,False,True,-51.5912355476534,-74.76208173469827,bfgs,6,True,2.4330244485781806e-10,False,2,bfgs,7,True,3.483533461690058e-11,True,0,bernoulli,-51.5912355476534,0.31645963779331632|-0.28599702788986553,554515f8fd44f3e30d048d369a4927b4640565607fa7ec6556d6fd0ed370478e,selected_candidate_loading,True,554515f8fd44f3e30d048d369a4927b4640565607fa7ec6556d6fd0ed370478e,bernoulli,2,completed
rep01,start_B,1,7,bfgs,bernoulli,bernoulli,48.76076272205492,False,True,-49.28193926856483,-73.66232062959229,bfgs,8,True,1.836220064888039e-12,True,0,bfgs,7,True,7.551925307325291e-10,False,2,bernoulli,-49.28193926856483,0.92260255445351436|-0.34925376283002235,e98943aaaff58e04ba30a208b6e6a94dfd7f602ad67a5264448afae0204b1e89,selected_candidate_loading,True,e98943aaaff58e04ba30a208b6e6a94dfd7f602ad67a5264448afae0204b1e89,bernoulli,2,completed
rep01,start_B,1,8,bfgs,bernoulli,bernoulli,49.309291348284006,False,True,-48.7620729712723,-73.4167186454143,bfgs,8,True,7.655125422445508e-11,True,0,bfgs,6,True,1.6413333803200204e-09,False,2,bernoulli,-48.7620729712723,0.92150258757578385|-0.23959507599304852,fa860e93654683d76849e412f8cdefbb433e539272af96d8a1bf820a51fca7a8,selected_candidate_loading,True,fa860e93654683d76849e412f8cdefbb433e539272af96d8a1bf820a51fca7a8,bernoulli,2,completed
rep01,start_B,2,3,bfgs,bernoulli,bernoulli,46.47387561127171,False,True,-51.153742490198375,-74.39068029583423,bfgs,6,True,2.550399891276811e-10,False,2,bfgs,4,True,2.837889923057446e-11,True,0,bernoulli,-51.153742490198375,-0.089549894162455096|0.33608233808729798,1d1af872a5caff22f9f87c010f63a3c2f33c2c1d8c1dcdf91f48e758828e138f,selected_candidate_loading,True,1d1af872a5caff22f9f87c010f63a3c2f33c2c1d8c1dcdf91f48e758828e138f,bernoulli,2,completed
rep01,start_B,2,4,bfgs,bernoulli,bernoulli,46.280834674620365,False,True,-51.497537530820935,-74.63795486813112,bfgs,6,True,6.563691812289108e-11,True,0,bfgs,6,True,7.401033741416541e-09,False,2,bernoulli,-51.497537530820935,-0.24992882007522832|0.33515233984427434,7a02ccb93c9f4393cad08183444a2545591a0be9700aa6805ecc1b4498a4acc0,selected_candidate_loading,True,7a02ccb93c9f4393cad08183444a2545591a0be9700aa6805ecc1b4498a4acc0,bernoulli,2,completed
rep01,start_B,2,5,bfgs,bernoulli,bernoulli,50.861153336351165,False,True,-48.11356878793611,-73.54414545611169,bfgs,7,True,4.19377421678746e-11,True,0,bfgs,8,True,1.1611760442065134e-10,False,2,bernoulli,-48.11356878793611,1.223737836526251|-0.73999834902400496,681e7c59f74476c286e4be36179d4fe9bca2a65023eac782f1d07efac83f0f8d,selected_candidate_loading,True,681e7c59f74476c286e4be36179d4fe9bca2a65023eac782f1d07efac83f0f8d,bernoulli,2,completed
rep01,start_B,2,6,bfgs,bernoulli,bernoulli,46.68432656221471,False,True,-51.1641989865789,-74.50636226768626,bfgs,6,True,1.6432011307188076e-11,True,0,bfgs,7,True,1.580957587066223e-14,True,0,bernoulli,-51.1641989865789,0.53544040810337445|-0.35090071398813094,c017394c957aa7cd48bd949f0e7012b5c9e74b41138cc1933e45dd37e93955ca,selected_candidate_loading,True,c017394c957aa7cd48bd949f0e7012b5c9e74b41138cc1933e45dd37e93955ca,bernoulli,2,completed
rep01,start_B,2,7,bfgs,bernoulli,bernoulli,49.206440635346326,False,True,-48.963710569290754,-73.56693088696392,bfgs,5,True,1.6158423710166402e-09,False,2,bfgs,7,True,7.456655382043209e-09,False,2,bernoulli,-48.963710569290754,0.87964910294404064|-0.27371015593378428,799a0bc1fbc7079e45befb7c1334bac332d5ef837d69f4a072335cf083afa834,selected_candidate_loading,True,799a0bc1fbc7079e45befb7c1334bac332d5ef837d69f4a072335cf083afa834,bernoulli,2,completed
rep01,start_B,2,8,bfgs,bernoulli,bernoulli,53.57510334467261,False,True,-45.80357267395132,-72.59112434628763,bfgs,8,True,5.233360411693866e-11,True,0,bfgs,7,True,6.829381504758203e-12,True,0,bernoulli,-45.80357267395132,1.2890891985573596|-0.35557836042768032,cb4c0012cf8d09cf769a296aca8df0ba8e199dd15167a3a1ae9cae5172064710,selected_candidate_loading,True,cb4c0012cf8d09cf769a296aca8df0ba8e199dd15167a3a1ae9cae5172064710,bernoulli,2,completed
rep01,start_B,3,3,bfgs,bernoulli,bernoulli,46.028050799730124,False,True,-51.75396858870113,-74.76799398856619,bfgs,6,True,9.722069238549124e-09,False,2,bfgs,6,True,3.8756642339876633e-11,True,0,bernoulli,-51.75396858870113,-0.25016732569800876|0.18882275840924845,96b53d2d5324e219660e09e83ea27f5f9a3db5b53a9c16e5b3d910152d77fbd7,selected_candidate_loading,True,96b53d2d5324e219660e09e83ea27f5f9a3db5b53a9c16e5b3d910152d77fbd7,bernoulli,2,completed
rep01,start_B,3,4,bfgs,bernoulli,bernoulli,46.12327484951041,False,True,-51.5394260082781,-74.6010634330333,bfgs,5,True,3.137035520239806e-10,False,2,bfgs,5,True,8.451199784431652e-09,False,2,bernoulli,-51.5394260082781,-0.30989356690972736|0.320040268836084,8a89df98d44ce0dfb80211207c8e8fa895af9c2a1c1fcc7a824ca226b2dc4574,selected_candidate_loading,True,8a89df98d44ce0dfb80211207c8e8fa895af9c2a1c1fcc7a824ca226b2dc4574,bernoulli,2,completed
rep01,start_B,3,5,bfgs,bernoulli,bernoulli,49.74127226191912,False,True,-48.873710121368525,-73.74434625232809,bfgs,7,True,9.524381283654292e-13,True,0,bfgs,10,True,1.7643401045708275e-10,False,2,bernoulli,-48.873710121368525,0.91934021910428798|-0.4616117600307611,ceb67c4718c73246cf5ff853d53f31344fcb6181b829234886e4bd9de155580e,selected_candidate_loading,True,ceb67c4718c73246cf5ff853d53f31344fcb6181b829234886e4bd9de155580e,bernoulli,2,completed
rep01,start_B,3,6,bfgs,bernoulli,bernoulli,48.5461344901544,False,False,-49.616726232643,-73.8897934777202,bfgs,5,False,1.8739429519243344e-08,False,2,bfgs,7,True,8.190319533696311e-11,True,0,bernoulli,-49.616726232643,0.7521393201797919|-0.31621957333558459,44e87c1729f15be4b240af2d8df6063ec7589f21d60c61f9dd17512e5f711aef,selected_candidate_loading,True,44e87c1729f15be4b240af2d8df6063ec7589f21d60c61f9dd17512e5f711aef,bernoulli,2,completed
rep01,start_B,3,7,bfgs,bernoulli,bernoulli,48.314301102387304,False,False,-49.53039539253473,-73.68754594372838,bfgs,7,True,2.081548267085509e-11,True,0,bfgs,6,False,1.4797130611921006e-07,False,2,bernoulli,-49.53039539253473,0.59760602379071315|-0.05854327154013507,301982681c21857f49b51d503debea81e863de7a4414b19c281742bfd1273622,selected_candidate_loading,True,301982681c21857f49b51d503debea81e863de7a4414b19c281742bfd1273622,bernoulli,2,completed
rep01,start_B,3,8,bfgs,bernoulli,bernoulli,54.47249408164895,False,True,-45.08021057041706,-72.31645761124153,bfgs,6,True,2.27107221917322e-13,True,0,bfgs,9,True,9.653069454884644e-11,True,0,bernoulli,-45.08021057041706,1.0622358126899465|-0.069124255994509123,8b0e0d6cd551ee3f19f0ff457c0472f3da2e484a0e96980a25491bc9a63e16f9,selected_candidate_loading,True,8b0e0d6cd551ee3f19f0ff457c0472f3da2e484a0e96980a25491bc9a63e16f9,bernoulli,2,completed
rep01,start_B,4,3,bfgs,bernoulli,bernoulli,47.95819862130837,False,True,-50.90796743187972,-74.8870667425339,bfgs,5,True,9.537861611619292e-10,False,2,bfgs,7,True,3.927056457797562e-11,True,0,bernoulli,-50.90796743187972,-0.39766442706734939|0.32782987232121591,5f818538b01f6d9f0f78e00786275d623f7e4664c1acde6118e9967654c33e0b,selected_candidate_loading,True,5f818538b01f6d9f0f78e00786275d623f7e4664c1acde6118e9967654c33e0b,bernoulli,2,completed
rep01,start_B,4,4,bfgs,bernoulli,bernoulli,46.62215687102153,False,True,-51.50346161748935,-74.81454005300012,bfgs,6,True,9.401024403388192e-10,False,2,bfgs,6,True,5.59356649887377e-10,False,2,bernoulli,-51.50346161748935,-0.20411784755598392|0.27671501543095156,d4b464a02ccd458facbd99429a3f409cbb4686ffb77a07121b8fb8e8f415827d,selected_candidate_loading,True,d4b464a02ccd458facbd99429a3f409cbb4686ffb77a07121b8fb8e8f415827d,bernoulli,2,completed
rep01,start_B,4,5,bfgs,bernoulli,bernoulli,48.12394340152807,False,True,-49.50964529461048,-73.57161699537451,bfgs,8,True,5.87730164536282e-10,False,2,bfgs,7,True,5.2952717211063315e-11,True,0,bernoulli,-49.50964529461048,0.63292307789535485|-0.30553490796200533,d4f6e0973b90bc26c7b28c841a5d6f7e916f2f146498dc3d6a719445eb29c596,selected_candidate_loading,True,d4f6e0973b90bc26c7b28c841a5d6f7e916f2f146498dc3d6a719445eb29c596,bernoulli,2,completed
rep01,start_B,4,6,bfgs,bernoulli,bernoulli,48.66243394350852,False,True,-49.07978322744192,-73.41100019919618,bfgs,7,True,7.281295566485824e-10,False,2,bfgs,7,True,8.401390694245947e-12,True,0,bernoulli,-49.07978322744192,0.68842247505705434|-0.31736762713677302,c342b04916baa8c022e3edabaae4dd911df2721434dfa101546b0566d736a1b2,selected_candidate_loading,True,c342b04916baa8c022e3edabaae4dd911df2721434dfa101546b0566d736a1b2,bernoulli,2,completed
rep01,start_B,4,7,bfgs,bernoulli,bernoulli,48.7802873877246,False,True,-48.93942627647637,-73.32956997033867,bfgs,5,True,1.5232703987066997e-12,True,0,bfgs,6,True,6.5617289379815705e-12,True,0,bernoulli,-48.93942627647637,0.6006986953729847|-0.02521463435838843,2131cb75a878e8daeb1ef0ef7b624233d2ccc85309a53ba679360787dd577932,selected_candidate_loading,True,2131cb75a878e8daeb1ef0ef7b624233d2ccc85309a53ba679360787dd577932,bernoulli,2,completed
rep01,start_B,4,8,bfgs,bernoulli,bernoulli,51.953166584388796,False,True,-46.640340202155095,-72.61692349434949,bfgs,7,True,1.0417549489716294e-09,False,2,bfgs,8,True,5.465372399093838e-09,False,2,bernoulli,-46.640340202155095,0.69479372655144989|0.19641600326232256,76708f82c3f7bc19d6a7433817347476fb0c5803f231a83c88bdc0eb3c965dfa,selected_candidate_loading,True,76708f82c3f7bc19d6a7433817347476fb0c5803f231a83c88bdc0eb3c965dfa,bernoulli,2,completed
rep01,start_B,5,3,bfgs,bernoulli,bernoulli,52.43546514983623,False,True,-47.96441066884505,-74.18214324376316,bfgs,7,True,4.5290482475479624e-11,True,0,bfgs,6,True,4.8893245008230225e-11,True,0,bernoulli,-47.96441066884505,-0.65716572330628353|0.5279239564409629,ddf5ecfd8afdaf98edb833a42891dab24642ac20bbf0b7db85195e0896c430d4,selected_candidate_loading,True,ddf5ecfd8afdaf98edb833a42891dab24642ac20bbf0b7db85195e0896c430d4,bernoulli,2,completed
rep01,start_B,5,4,bfgs,bernoulli,bernoulli,48.173067975061656,False,True,-50.35848745766447,-74.4450214451953,bfgs,6,True,3.5565861367103933e-11,True,0,bfgs,6,True,5.824354332162329e-11,True,0,bernoulli,-50.35848745766447,-0.29450074010885613|0.43298314892467704,3271ad75aa7916ea46009eef74d0dbfd63fe10d5914621bc552a1e6a0485c80e,selected_candidate_loading,True,3271ad75aa7916ea46009eef74d0dbfd63fe10d5914621bc552a1e6a0485c80e,bernoulli,2,completed
rep01,start_B,5,5,bfgs,bernoulli,bernoulli,49.46551127519531,False,True,-48.89178530700686,-73.62454094460452,bfgs,5,True,3.5558223032694514e-12,True,0,bfgs,8,True,1.7762384452169044e-09,False,2,bernoulli,-48.89178530700686,0.61934781527373672|-0.20009149356648498,c1bbbe22d40efb1b9613eb43ef72b18018b09e4856c8858f066cf4b3733368db,selected_candidate_loading,True,c1bbbe22d40efb1b9613eb43ef72b18018b09e4856c8858f066cf4b3733368db,bernoulli,2,completed
rep01,start_B,5,6,bfgs,bernoulli,bernoulli,50.06362250806606,False,True,-48.47847431373573,-73.51028556776876,bfgs,6,True,2.134825649591221e-12,True,0,bfgs,10,True,4.784105556154828e-10,False,2,bernoulli,-48.47847431373573,0.66449717460962976|-0.23063956987008644,9475e16d1dcbeb5958ddfe222c5751ec967209c2053290c177a1a4d6b651af50,selected_candidate_loading,True,9475e16d1dcbeb5958ddfe222c5751ec967209c2053290c177a1a4d6b651af50,bernoulli,2,completed
rep01,start_B,5,7,bfgs,bernoulli,bernoulli,49.03805416707232,False,True,-48.94275060450808,-73.46177768804424,bfgs,6,True,1.6840240313342747e-10,False,2,bfgs,8,True,2.857740710737744e-10,False,2,bernoulli,-48.94275060450808,0.38738034569832513|0.36097805457287219,df28614c9d1ca30f5b0aa116070434819c3406624703d1ae525090991acfeefa,selected_candidate_loading,True,df28614c9d1ca30f5b0aa116070434819c3406624703d1ae525090991acfeefa,bernoulli,2,completed
rep01,start_B,5,8,bfgs,bernoulli,bernoulli,52.822513802571294,False,True,-46.186047629897494,-72.59730453118314,bfgs,6,True,6.991740519879386e-13,True,0,bfgs,7,True,8.696654774098534e-09,False,2,bernoulli,-46.186047629897494,0.64117572002567824|0.43970851366639657,50988e77013347dbaf392ab088069115de258c218d4caf22917e31b302569842,selected_candidate_loading,True,50988e77013347dbaf392ab088069115de258c218d4caf22917e31b302569842,bernoulli,2,completed
rep01,start_B,6,3,bfgs,bernoulli,bernoulli,54.150933358487876,False,True,-46.492064882897004,-73.56753156214094,bfgs,6,True,1.548667860618025e-11,True,0,bfgs,9,True,4.1075871592965997e-10,False,2,bernoulli,-46.492064882897004,-0.62485530594809824|0.66944777481112172,3292162fa900618bc6f4128b359f930fdbe4e6c4cda4bcd87cc8fbb34c3eabcd,selected_candidate_loading,True,3292162fa900618bc6f4128b359f930fdbe4e6c4cda4bcd87cc8fbb34c3eabcd,bernoulli,2,completed
rep01,start_B,6,4,bfgs,bernoulli,bernoulli,47.5771728270811,False,True,-50.56211272433506,-74.35069913787561,bfgs,6,True,6.245604033949803e-10,False,2,bfgs,6,True,2.100062346244158e-11,True,0,bernoulli,-50.56211272433506,-0.22189147470141077|0.37870331781936134,6b47fe1f3ac9fbf4ab383669186a948c272fc7ff58ec527e5ab86572bfe9b98c,selected_candidate_loading,True,6b47fe1f3ac9fbf4ab383669186a948c272fc7ff58ec527e5ab86572bfe9b98c,bernoulli,2,completed
rep01,start_B,6,5,bfgs,bernoulli,bernoulli,48.52818880955836,False,True,-49.426441780617374,-73.69053618539655,bfgs,6,True,7.368150534148298e-12,True,0,bfgs,8,True,5.6677235127367e-10,False,2,bernoulli,-49.426441780617374,0.52644923574180502|-0.052467572507900878,15d00823a548ceb5cf4f308b4261165b6a78dd110b72c5e477f039beff0e4735,selected_candidate_loading,True,15d00823a548ceb5cf4f308b4261165b6a78dd110b72c5e477f039beff0e4735,bernoulli,2,completed
rep01,start_B,6,6,bfgs,bernoulli,bernoulli,50.71425927192139,False,True,-48.11327299279774,-73.47040262875844,bfgs,6,True,8.457234912384593e-13,True,0,bfgs,8,True,3.694268002618628e-10,False,2,bernoulli,-48.11327299279774,0.64142510410339737|-0.27173373524225736,dea12230e1281143b60d6c40bc6bf04a28b02d91f66f43c4b53c03b2a4d90bac,selected_candidate_loading,True,dea12230e1281143b60d6c40bc6bf04a28b02d91f66f43c4b53c03b2a4d90bac,bernoulli,2,completed
rep01,start_B,6,7,bfgs,bernoulli,bernoulli,48.31596868347661,False,False,-49.26305973417423,-73.42104407591253,bfgs,4,True,5.1103121734286105e-11,True,0,bfgs,5,False,8.831322304558852e-08,False,2,bernoulli,-49.26305973417423,0.37610730381500485|0.37974631381701779,6929421ba65f33e2747334e3ee906fc17a9fbd3b1b0f6f1e5073eda3bf8c0d65,selected_candidate_loading,True,6929421ba65f33e2747334e3ee906fc17a9fbd3b1b0f6f1e5073eda3bf8c0d65,bernoulli,2,completed
rep01,start_B,6,8,bfgs,bernoulli,bernoulli,51.184682610248245,False,True,-47.08622691036213,-72.67856821548625,bfgs,6,True,1.752464839910317e-12,True,0,bfgs,9,True,1.9618267010912405e-09,False,2,bernoulli,-47.08622691036213,0.51143330708553181|0.55571403266469088,b0ae3258027b5d9cb87193c78ca133c17c01cac5a5c60a240739b63e0069779a,selected_candidate_loading,True,b0ae3258027b5d9cb87193c78ca133c17c01cac5a5c60a240739b63e0069779a,bernoulli,2,completed
rep01,start_B,7,3,bfgs,bernoulli,bernoulli,54.21934834758625,False,True,-46.52944577873734,-73.63911995253046,bfgs,5,True,2.193381853921039e-09,False,2,bfgs,10,True,7.259356671340811e-10,False,2,bernoulli,-46.52944577873734,-0.66728326899824408|0.58807374489431308,c579b2b170950955dde0922ff0e7d58ef4c81b99dababd782b23488217b9e4a4,selected_candidate_loading,True,c579b2b170950955dde0922ff0e7d58ef4c81b99dababd782b23488217b9e4a4,bernoulli,2,completed
rep01,start_B,7,4,bfgs,bernoulli,bernoulli,46.78772712273681,False,True,-51.0355574878936,-74.429421049262,bfgs,6,True,6.641620586833597e-12,True,0,bfgs,6,True,6.451065104329245e-09,False,2,bernoulli,-51.0355574878936,-0.13247118626595314|0.3227631452562314,e92e263c4d3cba5c29e9f3b1d33dde5c1c8a54d94d73ea191a603be7c3332eb5,selected_candidate_loading,True,e92e263c4d3cba5c29e9f3b1d33dde5c1c8a54d94d73ea191a603be7c3332eb5,bernoulli,2,completed
rep01,start_B,7,5,bfgs,bernoulli,bernoulli,48.043000282998406,False,True,-49.818427743703026,-73.83992788520223,bfgs,6,True,7.057465722937195e-13,True,0,bfgs,7,True,2.0894397323445445e-14,True,0,bernoulli,-49.818427743703026,0.4767295311316071|0.047965385420672947,cc2cc56e1b94010a965e54bc4feb325f3ca0b86cea1147e1701ef2779f0b3481,selected_candidate_loading,True,cc2cc56e1b94010a965e54bc4feb325f3ca0b86cea1147e1701ef2779f0b3481,bernoulli,2,completed
rep01,start_B,7,6,bfgs,bernoulli,bernoulli,50.685509473709175,False,True,-48.13834249503634,-73.48109723189093,bfgs,5,True,6.12480111072955e-10,False,2,bfgs,9,True,6.093259230510739e-12,True,0,bernoulli,-48.13834249503634,0.66100009265304394|-0.15632648711394725,1aaf670d40663043972c63f45eedde9ae0d2a55713716274ad992960b48cbee2,selected_candidate_loading,True,1aaf670d40663043972c63f45eedde9ae0d2a55713716274ad992960b48cbee2,bernoulli,2,completed
rep01,start_B,7,7,bfgs,bernoulli,bernoulli,48.31329062921985,False,True,-49.376775556403494,-73.53342087101342,bfgs,5,True,3.8580951766675755e-10,False,2,bfgs,6,True,6.505018745883717e-12,True,0,bernoulli,-49.376775556403494,0.30594975929850066|0.4415308540412845,53566c45fdd1e99609de019712c4b9997b5b65737420cb46b20b57fbda7726f8,selected_candidate_loading,True,53566c45fdd1e99609de019712c4b9997b5b65737420cb46b20b57fbda7726f8,bernoulli,2,completed
rep01,start_B,7,8,bfgs,bernoulli,bernoulli,53.20320592816965,False,True,-45.7681465922552,-72.36974955634003,bfgs,6,True,2.5010127302493858e-11,True,0,bfgs,6,True,5.970409944211497e-10,False,2,bernoulli,-45.7681465922552,0.5503918500412428|0.70783638884162625,98a4a7766bd98e251f29ca450fdad5188186446350a5343e081af60b3c405744,selected_candidate_loading,True,98a4a7766bd98e251f29ca450fdad5188186446350a5343e081af60b3c405744,bernoulli,2,completed
rep01,start_B,8,3,bfgs,bernoulli,bernoulli,54.0776814693306,False,False,-46.50302267313583,-73.54186340780113,bfgs,5,True,5.3197446447939e-13,True,0,bfgs,7,False,2.562797245531101e-08,False,2,bernoulli,-46.50302267313583,-0.68376769105394564|0.617055081316075,7da26596d7dbe4a80da475d6a4dbdc73b756d05c197751a5d49741128d8a35b2,selected_candidate_loading,True,7da26596d7dbe4a80da475d6a4dbdc73b756d05c197751a5d49741128d8a35b2,bernoulli,2,completed
rep01,start_B,8,4,bfgs,bernoulli,bernoulli,46.45954462293116,False,True,-51.2924794860578,-74.52225179752338,bfgs,6,True,4.689493238174691e-12,True,0,bfgs,6,True,3.264961634386054e-11,True,0,bernoulli,-51.2924794860578,-0.16262149481943639|0.24540231933165002,4b3bc902379a9c01fa0eec148f14265a3cc24d9ddbfb4a67356a3c58b6734f2e,selected_candidate_loading,True,4b3bc902379a9c01fa0eec148f14265a3cc24d9ddbfb4a67356a3c58b6734f2e,bernoulli,2,completed
rep01,start_B,8,5,bfgs,bernoulli,bernoulli,47.50400343467737,False,True,-50.092207044601125,-73.84420876193981,bfgs,6,True,1.049293985033728e-12,True,0,bfgs,7,True,1.0685685669642453e-10,False,2,bernoulli,-50.092207044601125,0.42959279937732037|0.12655884582058347,381cf5f367ba5f9f37b9752bbdaca9ea32adc7ad635294d63afcab4e0e82faa7,selected_candidate_loading,True,381cf5f367ba5f9f37b9752bbdaca9ea32adc7ad635294d63afcab4e0e82faa7,bernoulli,2,completed
rep01,start_B,8,6,bfgs,bernoulli,bernoulli,50.86041083887446,False,True,-47.97216888799947,-73.4023743074367,bfgs,5,True,8.419931418757187e-14,True,0,bfgs,8,True,2.2115642650533118e-13,True,0,bernoulli,-47.97216888799947,0.69480540534103297|-0.12321165691861573,fbf9c4e00539c9fa1274f8645b08268f614291a24ff32bac6ed4e8db5077e022,selected_candidate_loading,True,fbf9c4e00539c9fa1274f8645b08268f614291a24ff32bac6ed4e8db5077e022,bernoulli,2,completed
rep01,start_B,8,7,bfgs,bernoulli,bernoulli,48.288559426064324,False,True,-49.27133502696104,-73.4156147399932,bfgs,4,True,5.4178883601707636e-15,True,0,bfgs,6,True,4.584777002492047e-13,True,0,bernoulli,-49.27133502696104,0.31080206977230773|0.45188641686835468,e4ecbd67a7af7c19243030f1c8490353f3b61008ae28354bb3ebab5a7ef99889,selected_candidate_loading,True,e4ecbd67a7af7c19243030f1c8490353f3b61008ae28354bb3ebab5a7ef99889,bernoulli,2,completed
rep01,start_B,8,8,bfgs,bernoulli,bernoulli,54.249332163102,False,True,-44.88009634068722,-72.00476242223822,bfgs,5,True,4.620002158617353e-11,True,0,bfgs,9,True,4.452616053640668e-12,True,0,bernoulli,-44.88009634068722,0.56442329741573227|0.80420254419105253,b8747ef0d7bc336a5b92994d569654d6b56f0e5a724186c61091819474c82692,selected_candidate_loading,True,b8747ef0d7bc336a5b92994d569654d6b56f0e5a724186c61091819474c82692,bernoulli,2,completed
rep01,start_B,1,3,bfgs,bernoulli,bernoulli,52.737731775688616,False,True,-47.18035482435094,-73.54922071219525,bfgs,11,True,1.9344743584781555e-10,False,2,bfgs,7,True,8.208544954868558e-13,True,0,bernoulli,-47.18035482435094,0.67312498982152291|0.18151447791402275|0.46440582661700314,eb101bad37cff85dfd9611329cec4ecf70ecc811ec996b309efff0e097abe17a,selected_candidate_loading,True,eb101bad37cff85dfd9611329cec4ecf70ecc811ec996b309efff0e097abe17a,bernoulli,3,completed
rep01,start_B,1,4,bfgs,bernoulli,bernoulli,47.3824681846403,False,False,-50.92372156816048,-74.61495566048063,bfgs,7,False,1.1854836845515137e-08,False,2,bfgs,8,True,1.0480670553647543e-09,False,2,bernoulli,-50.92372156816048,-0.038423650941050436|-0.30916369770633434|0.16951810479277424,550ae278884ed34a35b51c4ddcf33b189d252544666ffba285ef11877bac805c,selected_candidate_loading,True,550ae278884ed34a35b51c4ddcf33b189d252544666ffba285ef11877bac805c,bernoulli,3,completed
rep01,start_B,1,5,bfgs,bernoulli,bernoulli,49.91343336124045,False,True,-48.621914867674995,-73.57863154829522,bfgs,9,True,3.023441053073839e-10,False,2,bfgs,8,True,6.787459483348357e-13,True,0,bernoulli,-48.621914867674995,0.71077954938244292|0.6994562122932253|-0.3300073034243301,fa6f8da248763f4ad65aabf792754e1c51c3de119391d16fc2f36e1d7caca61f,selected_candidate_loading,True,fa6f8da248763f4ad65aabf792754e1c51c3de119391d16fc2f36e1d7caca61f,bernoulli,3,completed
rep01,start_B,1,6,bfgs,bernoulli,bernoulli,48.17843897317836,False,True,-49.91918189133268,-74.00840137792186,bfgs,14,True,2.441030488853357e-10,False,2,bfgs,7,True,1.3330918591236695e-10,False,2,bernoulli,-49.91918189133268,0.25701606860767506|0.20073284826903101|-0.37677437629220167,602b8bfd3b488175cdb6a429487556dda13ff0b11fb2efbe7724242d07918c67,selected_candidate_loading,True,602b8bfd3b488175cdb6a429487556dda13ff0b11fb2efbe7724242d07918c67,bernoulli,3,completed
rep01,start_B,1,7,bfgs,bernoulli,bernoulli,47.564237532346354,False,True,-50.115665016087995,-73.89778378226117,bfgs,12,True,2.583090186192294e-09,False,2,bfgs,7,True,2.0126780242435415e-10,False,2,bernoulli,-50.115665016087995,0.58071751742063893|0.18514698065706831|-0.16403221690647099,e89fe10ddab027fafc9ee2b01207b4594bc12d4f3fc726a58903d1c97993bb1e,selected_candidate_loading,True,e89fe10ddab027fafc9ee2b01207b4594bc12d4f3fc726a58903d1c97993bb1e,bernoulli,3,completed
rep01,start_B,1,8,bfgs,bernoulli,bernoulli,50.113207521961016,False,True,-48.15215232912924,-73.20875609010974,bfgs,10,True,3.097871292823129e-10,False,2,bfgs,8,True,1.3677119881094768e-09,False,2,bernoulli,-48.15215232912924,0.80748921187421352|0.15400699693268297|-0.23770898386040443,484b68db6998154b79f16a27e192ed530c517f8c04aecfc5766263e3fdbdbf15,selected_candidate_loading,True,484b68db6998154b79f16a27e192ed530c517f8c04aecfc5766263e3fdbdbf15,bernoulli,3,completed
rep01,start_B,2,3,bfgs,bernoulli,bernoulli,56.23618401535796,False,True,-45.15119325817436,-73.26928526585334,bfgs,8,True,1.1919424114381628e-09,False,2,bfgs,9,True,3.776970913804689e-09,False,2,bernoulli,-45.15119325817436,0.9459505084193045|0.23974443354641872|0.61538448316646843,0b98a21a0c97c9baa5dd7a207dfdb62d04af3f1ef816e9e884f46d2dbba1cc42,selected_candidate_loading,True,0b98a21a0c97c9baa5dd7a207dfdb62d04af3f1ef816e9e884f46d2dbba1cc42,bernoulli,3,completed
rep01,start_B,2,4,bfgs,bernoulli,bernoulli,47.53233524359695,False,True,-50.76995321008363,-74.5361208318821,bfgs,8,True,2.2950530365051234e-13,True,0,bfgs,8,True,3.2689777995642542e-09,False,2,bernoulli,-50.76995321008363,-0.00059325996554901569|-0.41085020793243421|0.10227374309463222,9bcb6abc4a90ba510f12ab8ac1793316ecebbc7ec3684e8e667bd8c37f8eb58e,selected_candidate_loading,True,9bcb6abc4a90ba510f12ab8ac1793316ecebbc7ec3684e8e667bd8c37f8eb58e,bernoulli,3,completed
rep01,start_B,2,5,bfgs,bernoulli,bernoulli,50.578945932207574,False,True,-47.94035685003132,-73.22982981613511,bfgs,7,True,8.881784197001252e-14,True,0,bfgs,11,True,4.01064514932159e-11,True,0,bernoulli,-47.94035685003132,0.79338678542735841|0.69516131468163078|-0.32451083227081773,21b164eb16cd4bece5ae4753a6c1bd58001f7c068ef325882c259245ba3de97a,selected_candidate_loading,True,21b164eb16cd4bece5ae4753a6c1bd58001f7c068ef325882c259245ba3de97a,bernoulli,3,completed
rep01,start_B,2,6,bfgs,bernoulli,bernoulli,49.94976208501413,False,True,-48.662403541172,-73.63728458367906,bfgs,7,True,4.836724798451542e-10,False,2,bfgs,10,True,9.230268105397954e-10,False,2,bernoulli,-48.662403541172,0.0012912151906995736|0.073221564651282059|-0.50591262229797618,12023a7c1e3aebc47b88638fb0827d0af8be08428288f4160e85f1589c8acaef,selected_candidate_loading,True,12023a7c1e3aebc47b88638fb0827d0af8be08428288f4160e85f1589c8acaef,bernoulli,3,completed
rep01,start_B,2,7,bfgs,bernoulli,bernoulli,49.48051086257924,False,True,-48.637434533417185,-73.3776899647068,bfgs,7,True,6.770220828400397e-10,False,2,bfgs,7,True,8.617076474592977e-09,False,2,bernoulli,-48.637434533417185,0.69321934273059682|0.10616452108866953|-0.21563848748376269,642b44e56272bd26b49865d41d63b6022acd99f80f14dc6f2a41060c2b568140,selected_candidate_loading,True,642b44e56272bd26b49865d41d63b6022acd99f80f14dc6f2a41060c2b568140,bernoulli,3,completed
rep01,start_B,2,8,bfgs,bernoulli,bernoulli,53.99333130377558,False,True,-45.364215255642925,-72.36088090753071,bfgs,9,True,1.3923973085638864e-12,True,0,bfgs,9,True,1.4153780369952073e-10,False,2,bernoulli,-45.364215255642925,1.057186985231912|0.21627910112005563|-0.33311719031491083,618a3b887e9a36883439a85e5c7bf805803134db0c602c4fb5568c50b40501bb,selected_candidate_loading,True,618a3b887e9a36883439a85e5c7bf805803134db0c602c4fb5568c50b40501bb,bernoulli,3,completed
rep01,start_B,3,3,bfgs,bernoulli,bernoulli,59.432777237310844,False,True,-43.37053896414012,-73.08692758279554,bfgs,7,True,1.380020542285365e-11,True,0,bfgs,11,True,3.448453966825582e-10,False,2,bernoulli,-43.37053896414012,1.0378960129004839|-0.043327560000650057|0.70243908777691999,c43017e7d66099a9f1fadcd5fd8c43744cd2bcf5259534f6385d76c0d9d50784,selected_candidate_loading,True,c43017e7d66099a9f1fadcd5fd8c43744cd2bcf5259534f6385d76c0d9d50784,bernoulli,3,completed
rep01,start_B,3,4,bfgs,bernoulli,bernoulli,47.72355215964359,False,True,-50.740753293839944,-74.60252937366174,bfgs,7,True,6.2706284609248545e-12,True,0,bfgs,9,True,4.363087668934895e-12,True,0,bernoulli,-50.740753293839944,-0.13573102078130234|-0.43726434614433302|0.092257634416525666,1842b471b8a1593600685a0443b762be496054e2b9f3707c0bfc30407acd1a1b,selected_candidate_loading,True,1842b471b8a1593600685a0443b762be496054e2b9f3707c0bfc30407acd1a1b,bernoulli,3,completed
rep01,start_B,3,5,bfgs,bernoulli,bernoulli,52.09842278299992,False,False,-46.65595528130719,-72.70516667280715,bfgs,6,False,1.8143080593446825e-08,False,2,bfgs,8,True,3.5573526790955155e-09,False,2,bernoulli,-46.65595528130719,0.89066497851192017|0.6373553407514142|-0.32469038586485216,89ae18d2da9680e8d8fe2c6faa08dcd9bc6e8417cdd1cab70767fc341fb5dc73,selected_candidate_loading,True,89ae18d2da9680e8d8fe2c6faa08dcd9bc6e8417cdd1cab70767fc341fb5dc73,bernoulli,3,completed
rep01,start_B,3,6,bfgs,bernoulli,bernoulli,50.05581616883718,False,True,-48.303383745609956,-73.33129183002855,bfgs,6,True,1.8500339038496348e-10,False,2,bfgs,8,True,1.0307953601795815e-09,False,2,bernoulli,-48.303383745609956,-0.054813340762306775|0.17819429069445472|-0.53678297464866198,a7d2b59adbc42cac09577dcba0b3b6cc7404b8171b969d16af1d79426fd7f2d5,selected_candidate_loading,True,a7d2b59adbc42cac09577dcba0b3b6cc7404b8171b969d16af1d79426fd7f2d5,bernoulli,3,completed
rep01,start_B,3,7,bfgs,bernoulli,bernoulli,49.450538464333505,False,True,-48.45735302073565,-73.1826222529024,bfgs,6,True,8.403595153083642e-10,False,2,bfgs,8,True,3.952056459866071e-11,True,0,bernoulli,-48.45735302073565,0.66876265800067614|0.03547208410071253|-0.24260598086894414,2ed518cdb9808e600e7fdf5645ebd6a015c1a006308d88b80cf01db393022d67,selected_candidate_loading,True,2ed518cdb9808e600e7fdf5645ebd6a015c1a006308d88b80cf01db393022d67,bernoulli,3,completed
rep01,start_B,3,8,bfgs,bernoulli,bernoulli,53.97319522864058,False,False,-45.165781833572,-72.15237944789229,bfgs,8,True,3.517817148690483e-11,True,0,bfgs,11,False,1.9110466462635145e-07,False,2,bernoulli,-45.165781833572,0.69181853135991778|-0.27678800461511693|-0.45101199553711163,5c52f7844832a6cf60c3bee7ac71fae193738f45e33200894888eeec1afa19dd,selected_candidate_loading,True,5c52f7844832a6cf60c3bee7ac71fae193738f45e33200894888eeec1afa19dd,bernoulli,3,completed
rep01,start_B,4,3,bfgs,bernoulli,bernoulli,57.425950515058744,False,True,-44.65526294771839,-73.36823820524776,bfgs,7,True,9.201177597617516e-11,True,0,bfgs,9,True,5.825151738747536e-09,False,2,bernoulli,-44.65526294771839,0.80991409655277014|-0.18602317026477821|0.6354611880124772,ec51ba2eb0fbeed167a382893b007a1cf6fefcfa1e70fdf03cc6ef5b075163aa,selected_candidate_loading,True,ec51ba2eb0fbeed167a382893b007a1cf6fefcfa1e70fdf03cc6ef5b075163aa,bernoulli,3,completed
rep01,start_B,4,4,bfgs,bernoulli,bernoulli,47.14942318429729,False,True,-51.054657361798604,-74.62936895394725,bfgs,9,True,8.694318420765513e-09,False,2,bfgs,8,True,3.902584921888774e-11,True,0,bernoulli,-51.054657361798604,0.29690681172787042|-0.066362989277227211|0.16282001951573216,84ce9c7b018346e641f52ae8faac1d8476ea2ff95ddb7c74c7941d6b6e151e2d,selected_candidate_loading,True,84ce9c7b018346e641f52ae8faac1d8476ea2ff95ddb7c74c7941d6b6e151e2d,bernoulli,3,completed
rep01,start_B,4,5,bfgs,bernoulli,bernoulli,52.021030977350165,False,False,-47.47568631932812,-73.4862018080032,bfgs,6,False,9.522573742870578e-08,False,2,bfgs,13,True,6.486509662728679e-10,False,2,bernoulli,-47.47568631932812,0.73724785492994283|0.53688082283994221|-0.3016189213381133,650d47585c7b08049cbe193cd01989129d15e28afc02a2c0df86b3a045a3c1dc,selected_candidate_loading,True,650d47585c7b08049cbe193cd01989129d15e28afc02a2c0df86b3a045a3c1dc,bernoulli,3,completed
rep01,start_B,4,6,bfgs,bernoulli,bernoulli,52.05197248888841,False,True,-47.342523564877716,-73.36850980932192,bfgs,7,True,9.128340749953168e-09,False,2,bfgs,8,True,8.006892926459841e-11,True,0,bernoulli,-47.342523564877716,0.17659643965943711|0.41061409847843772|-0.56416354143747161,f7211cc3b3f2d0a48f261ff4da212fca25be233501caecc89ebf1ea4ddff670c,selected_candidate_loading,True,f7211cc3b3f2d0a48f261ff4da212fca25be233501caecc89ebf1ea4ddff670c,bernoulli,3,completed
rep01,start_B,4,7,bfgs,bernoulli,bernoulli,49.502316437275596,False,True,-48.75036452281678,-73.50152274145458,bfgs,7,True,1.1114575926285397e-11,True,0,bfgs,9,True,1.436236019003445e-10,False,2,bernoulli,-48.75036452281678,0.56138776690624492|-0.081977515302727566|-0.2559604735781375,4887da4548456990b31b4791d3cf7b309824eb46be3f1f87fe78836650f97dee,selected_candidate_loading,True,4887da4548456990b31b4791d3cf7b309824eb46be3f1f87fe78836650f97dee,bernoulli,3,completed
rep01,start_B,4,8,bfgs,bernoulli,bernoulli,53.41170511539394,False,True,-45.82168194476462,-72.52753450246159,bfgs,7,True,1.4922205693324032e-10,False,2,bfgs,11,True,1.564886886740169e-10,False,2,bernoulli,-45.82168194476462,0.47222625451270051|-0.28837535656865609|-0.56203182234980475,15affede1a0a4a2feb8e64d652e1cc68ca5689114672fc7c38f12072a6a6626e,selected_candidate_loading,True,15affede1a0a4a2feb8e64d652e1cc68ca5689114672fc7c38f12072a6a6626e,bernoulli,3,completed
rep01,start_B,5,3,bfgs,bernoulli,bernoulli,57.228581231107356,False,True,-44.71349383219292,-73.3277844477466,bfgs,7,True,3.7955731890804144e-10,False,2,bfgs,10,True,2.0688082358333305e-10,False,2,bernoulli,-44.71349383219292,0.57389580765895409|-0.42185613097225166|0.71427164128963605,ac75114dbc1add9719892c98f19ff5a5ae16f15aa35f3efd75f70f28ab55c479,selected_candidate_loading,True,ac75114dbc1add9719892c98f19ff5a5ae16f15aa35f3efd75f70f28ab55c479,bernoulli,3,completed
rep01,start_B,5,4,bfgs,bernoulli,bernoulli,48.61007867004504,False,True,-49.86080798583904,-74.16584732086156,bfgs,9,True,8.505165460803709e-11,True,0,bfgs,9,True,2.146234834299321e-09,False,2,bernoulli,-49.86080798583904,0.55902568705528621|0.062984602894041453|0.11275510307541475,9d25adc59a8c4f163a784f84d9ed473dfaac9e1dac4e1981dbbbd006b99cf80f,selected_candidate_loading,True,9d25adc59a8c4f163a784f84d9ed473dfaac9e1dac4e1981dbbbd006b99cf80f,bernoulli,3,completed
rep01,start_B,5,5,bfgs,bernoulli,bernoulli,47.954685048947496,False,True,-50.03458975071546,-74.01193227518921,bfgs,10,True,3.707079088144383e-12,True,0,bfgs,12,True,7.772878563017116e-10,False,2,bernoulli,-50.03458975071546,0.29566964007449253|0.20942441969830444|-0.30149076441610018,4346d483a931fd86527c474112ced88f27ea4e2a710faa3da8be775d8d571f8b,selected_candidate_loading,True,4346d483a931fd86527c474112ced88f27ea4e2a710faa3da8be775d8d571f8b,bernoulli,3,completed
rep01,start_B,5,6,bfgs,bernoulli,bernoulli,52.46065754447969,False,True,-47.00318740620885,-73.2335161784487,bfgs,6,True,1.7682744157809793e-11,True,0,bfgs,12,True,1.8724968242622708e-10,False,2,bernoulli,-47.00318740620885,0.19215246261725294|0.41570176833126166|-0.60358729542745249,155a1300909e6d0a8e9e1e515161609b12f24dedcdc6c729c29b7db60e0505f5,selected_candidate_loading,True,155a1300909e6d0a8e9e1e515161609b12f24dedcdc6c729c29b7db60e0505f5,bernoulli,3,completed
rep01,start_B,5,7,bfgs,bernoulli,bernoulli,48.32808503752031,False,False,-49.44826975080208,-73.61231226956224,bfgs,8,True,4.8360426774252116e-12,True,0,bfgs,9,False,1.8352883941474828e-07,False,2,bernoulli,-49.44826975080208,0.45198784912223328|-0.14079038101531535|-0.21931570693305294,8831a4d1e71574cef0a9967b59add224a5e862a2bf177f6fa16a32be81e6d131,selected_candidate_loading,True,8831a4d1e71574cef0a9967b59add224a5e862a2bf177f6fa16a32be81e6d131,bernoulli,3,completed
rep01,start_B,5,8,bfgs,bernoulli,bernoulli,52.687111766029474,False,False,-46.051107271842774,-72.39466315485751,bfgs,8,True,7.785772027091298e-13,True,0,bfgs,12,False,2.3739315224702296e-08,False,2,bernoulli,-46.051107271842774,0.26439256018750784|-0.50064701862192096|-0.5913806860084192,71f149b871a0b2e984f7adb82a985a01b1a47a03ec573e991808e316b92700f6,selected_candidate_loading,True,71f149b871a0b2e984f7adb82a985a01b1a47a03ec573e991808e316b92700f6,bernoulli,3,completed
rep01,start_B,6,3,bfgs,bernoulli,bernoulli,57.28870772674075,False,False,-44.79885928246305,-73.44321314583343,bfgs,7,True,4.008593457172082e-12,True,0,bfgs,9,False,2.0943419087871008e-08,False,2,bernoulli,-44.79885928246305,0.49908028533199261|-0.45771284644256194|0.7223176809968469,64c40a70925bac7017d8c5717a0a7b1c0eedbdd09c970e8eff9886b7d95ab178,selected_candidate_loading,True,64c40a70925bac7017d8c5717a0a7b1c0eedbdd09c970e8eff9886b7d95ab178,bernoulli,3,completed
rep01,start_B,6,4,bfgs,bernoulli,bernoulli,50.86823032793427,False,True,-48.843243835363396,-74.27735899933053,bfgs,8,True,2.4423485456281925e-11,True,0,bfgs,9,True,3.822583138912705e-09,False,2,bernoulli,-48.843243835363396,0.65255350702562043|0.18441709852041788|0.25736614469996566,352dee1cc7eeafd49bdb5488ed6819a48c6b091efbd2b7dae502137e5212117e,selected_candidate_loading,True,352dee1cc7eeafd49bdb5488ed6819a48c6b091efbd2b7dae502137e5212117e,bernoulli,3,completed
rep01,start_B,6,5,bfgs,bernoulli,bernoulli,48.88238706537612,False,False,-49.37841506969512,-73.81960860238318,bfgs,6,True,1.9952040020143613e-11,True,0,bfgs,8,False,5.921708938094738e-07,False,2,bernoulli,-49.37841506969512,0.29639100053373579|0.19871448436507527|-0.38623948565237964,cf95b7a9b7c25d2418b9b4a655d9760321aa16f7158df20f95429b65e00cba91,selected_candidate_loading,True,cf95b7a9b7c25d2418b9b4a655d9760321aa16f7158df20f95429b65e00cba91,bernoulli,3,completed
rep01,start_B,6,6,bfgs,bernoulli,bernoulli,51.91464621732554,False,True,-47.563541235523324,-73.5208643441861,bfgs,7,True,2.958072897740749e-10,False,2,bfgs,10,True,7.765084220068274e-09,False,2,bernoulli,-47.563541235523324,0.25454110931968627|0.47756115497956902|-0.49759579856130826,8bf85dac3087b46cae6ee936d994b92de66886033d6d5e5e105687b6ec3a203e,selected_candidate_loading,True,8bf85dac3087b46cae6ee936d994b92de66886033d6d5e5e105687b6ec3a203e,bernoulli,3,completed
rep01,start_B,6,7,bfgs,bernoulli,bernoulli,47.89941399585052,False,True,-49.704238320921476,-73.65394531884674,bfgs,8,True,8.236931137162174e-11,True,0,bfgs,9,True,1.2389834935788712e-09,False,2,bernoulli,-49.704238320921476,0.25382872584967775|-0.27944786760826851|-0.26811791770554405,7786cbfc9d91db297861b7c3c479e7160a5cc2b9347aa79e9656654f56d0ce80,selected_candidate_loading,True,7786cbfc9d91db297861b7c3c479e7160a5cc2b9347aa79e9656654f56d0ce80,bernoulli,3,completed
rep01,start_B,6,8,bfgs,bernoulli,bernoulli,54.59011329370671,False,True,-44.69615158104976,-71.99120822790312,bfgs,7,True,5.324629626102251e-12,True,0,bfgs,12,True,9.919620680420849e-11,True,0,bernoulli,-44.69615158104976,0.187714998903806|-0.65766907251041062|-0.66777793943753183,27e90aa1ac73f4157d783002baaa15a9a87b82397ff9bf927da540a1e31cb8cc,selected_candidate_loading,True,27e90aa1ac73f4157d783002baaa15a9a87b82397ff9bf927da540a1e31cb8cc,bernoulli,3,completed
rep01,start_B,7,3,bfgs,bernoulli,bernoulli,54.31530715445632,False,True,-46.20454223381495,-73.36219581104311,bfgs,8,True,2.930189424432683e-12,True,0,bfgs,10,True,8.034533038880909e-11,True,0,bernoulli,-46.20454223381495,0.28924103068177448|-0.60893948766422767|0.53011161832201659,97b4577cd54e1bd9575216af42a58797f65ec7631c20282b5e2b0ee130e1319d,selected_candidate_loading,True,97b4577cd54e1bd9575216af42a58797f65ec7631c20282b5e2b0ee130e1319d,bernoulli,3,completed
rep01,start_B,7,4,bfgs,bernoulli,bernoulli,54.711330013917575,False,True,-46.70026906294855,-74.05593406990734,bfgs,7,True,1.355182632778451e-12,True,0,bfgs,10,True,5.2514792514557486e-11,True,0,bernoulli,-46.70026906294855,0.86042220377681611|0.28676702826981365|0.37163332812034594,bec6fe6894597b69a71290fe89d244e57b30eea662fdf5e548051ab7f8e56d95,selected_candidate_loading,True,bec6fe6894597b69a71290fe89d244e57b30eea662fdf5e548051ab7f8e56d95,bernoulli,3,completed
rep01,start_B,7,5,bfgs,bernoulli,bernoulli,48.03378978882512,False,True,-49.78445481254268,-73.80134970695524,bfgs,7,True,1.6247452272466488e-10,False,2,bfgs,8,True,2.635499596337354e-11,True,0,bernoulli,-49.78445481254268,0.13755365692085281|0.15043324236544764|-0.40118674968361517,8600908aa73cf6cbe7980f558678c4f083d36da2992f30d8f971c6f1fdba0150,selected_candidate_loading,True,8600908aa73cf6cbe7980f558678c4f083d36da2992f30d8f971c6f1fdba0150,bernoulli,3,completed
rep01,start_B,7,6,bfgs,bernoulli,bernoulli,51.39294363406779,False,True,-47.79907770818777,-73.49554952522166,bfgs,8,True,3.2092550839024627e-12,True,0,bfgs,10,True,2.5172907314185976e-09,False,2,bernoulli,-47.79907770818777,0.20953025045433779|0.42281135251798918|-0.49362069065252751,5be1fd0732b8611da48228fc980ac3e066765e9d3e48fa285023af2ff8a7b170,selected_candidate_loading,True,5be1fd0732b8611da48228fc980ac3e066765e9d3e48fa285023af2ff8a7b170,bernoulli,3,completed
rep01,start_B,7,7,bfgs,bernoulli,bernoulli,48.33878749034298,False,True,-49.24457104993847,-73.41396479510996,bfgs,7,True,8.184564137536654e-13,True,0,bfgs,7,True,1.7655814588124484e-10,False,2,bernoulli,-49.24457104993847,0.37358318288766329|-0.24885790703353314|-0.26079509042047333,297177ae94fea0bfe40ab6f58f830899181b169a11f399dddd4a18f56f6cea07,selected_candidate_loading,True,297177ae94fea0bfe40ab6f58f830899181b169a11f399dddd4a18f56f6cea07,bernoulli,3,completed
rep01,start_B,7,8,bfgs,bernoulli,bernoulli,53.05278657971772,False,True,-45.38232339398273,-71.90871668384159,bfgs,7,True,1.0084986179492717e-10,False,2,bfgs,11,True,2.5975488426865922e-11,True,0,bernoulli,-45.38232339398273,0.15234907959190691|-0.55350530780566054|-0.69906477033406123,21c1e7cb64438c85b27a1df586ce964702b90bacbe887891ba0b97c348af5038,selected_candidate_loading,True,21c1e7cb64438c85b27a1df586ce964702b90bacbe887891ba0b97c348af5038,bernoulli,3,completed
rep01,start_B,8,3,bfgs,bernoulli,bernoulli,54.687929469205514,False,True,-45.93563951923621,-73.27960425383897,bfgs,6,True,1.4862089336986627e-11,True,0,bfgs,11,True,2.934341658544781e-11,True,0,bernoulli,-45.93563951923621,0.29683687602961634|-0.64653527467071459|0.51984380867692026,b1b3680bc48d95b63eaa6b7b916aaea0c295e031394be1b9ffa89f15178a3f74,selected_candidate_loading,True,b1b3680bc48d95b63eaa6b7b916aaea0c295e031394be1b9ffa89f15178a3f74,bernoulli,3,completed
rep01,start_B,8,4,bfgs,bernoulli,bernoulli,53.14883800087836,False,False,-47.692546585992375,-74.26696558643155,bfgs,7,True,3.98609145690898e-11,True,0,bfgs,9,False,5.393061941028066e-07,False,2,bernoulli,-47.692546585992375,0.77907171039140732|0.23781623017077838|0.33991171759262373,fea6c7a872410c219094d44a1c023c0616dbaed0a9d20d14c87b5530baf12d1f,selected_candidate_loading,True,fea6c7a872410c219094d44a1c023c0616dbaed0a9d20d14c87b5530baf12d1f,bernoulli,3,completed
rep01,start_B,8,5,bfgs,bernoulli,bernoulli,48.10513552573204,False,True,-49.90677375799838,-73.9593415208644,bfgs,7,True,1.4940841897015388e-10,False,2,bfgs,8,True,2.038150759275936e-11,True,0,bernoulli,-49.90677375799838,0.25042847856378592|0.20790593259067042|-0.31802623946411185,7c3d3db478c08880a94cfb30047cb38f6dc73989243bcc8dabdfd3ec4eaeaaf9,selected_candidate_loading,True,7c3d3db478c08880a94cfb30047cb38f6dc73989243bcc8dabdfd3ec4eaeaaf9,bernoulli,3,completed
rep01,start_B,8,6,bfgs,bernoulli,bernoulli,51.659019958104096,False,False,-47.78156487852333,-73.61107485757537,bfgs,7,False,5.279326242835225e-08,False,2,bfgs,10,False,1.1321852433354706e-08,False,2,bernoulli,-47.78156487852333,0.27016349675528889|0.49291293725902569|-0.42424603314595299,aeb7a554aa417fdcf0916df021498e42587c7d9bf9d471c2fd47450663df9cf7,selected_candidate_loading,True,aeb7a554aa417fdcf0916df021498e42587c7d9bf9d471c2fd47450663df9cf7,bernoulli,3,completed
rep01,start_B,8,7,bfgs,bernoulli,bernoulli,47.628765282704975,False,False,-49.70590496847044,-73.52028760982293,bfgs,6,False,7.378669542035254e-08,False,2,bfgs,7,True,3.338573861810801e-11,True,0,bernoulli,-49.70590496847044,0.26548040498654146|-0.16948913682447159|-0.32429939373616651,fc31e788d73300dc1983b0edbedf2493c5e3fb2a33466f055c5c9575551f923e,selected_candidate_loading,True,fc31e788d73300dc1983b0edbedf2493c5e3fb2a33466f055c5c9575551f923e,bernoulli,3,completed
rep01,start_B,8,8,bfgs,bernoulli,bernoulli,52.05199627503768,False,True,-46.10138530433066,-72.1273834418495,bfgs,7,True,2.1011796746961408e-10,False,2,bfgs,12,True,3.28132365723377e-10,False,2,bernoulli,-46.10138530433066,0.21575163663416128|-0.40554279805881949|-0.66778841907483832,a6b1a9170a9a19e128339a03e4974c2eb0b0884526c0fdd6db2daaf4a68bb8c9,selected_candidate_loading,True,a6b1a9170a9a19e128339a03e4974c2eb0b0884526c0fdd6db2daaf4a68bb8c9,bernoulli,3,completed
rep01,start_B,1,3,bfgs,bernoulli,bernoulli,52.5681711365183,False,True,-46.798807380612025,-73.08289294887118,bfgs,9,True,5.87541570951089e-11,True,0,bfgs,9,True,2.2037704994204432e-11,True,0,bernoulli,-46.798807380612025,0.6808931300048332|-0.58798333316458395|-0.013373614019566419|0.13395633726545542,c81955c9d5da1ed7d4762e36794fe78655d11350f4028a87a47f7fdf56392dda,selected_candidate_loading,True,c81955c9d5da1ed7d4762e36794fe78655d11350f4028a87a47f7fdf56392dda,bernoulli,4,completed
rep01,start_B,1,4,bfgs,bernoulli,bernoulli,46.282864830920616,False,True,-51.38463418560955,-74.52606660106986,bfgs,8,True,8.005422991175238e-11,True,0,bfgs,8,True,1.4425891592395602e-10,False,2,bernoulli,-51.38463418560955,0.075858488137483568|-0.033247730193236597|-0.2192068173905975|-0.17024487148362732,00a4e4feda598f562a53de610a7e69888d4d7a051f60be848db9a34d30b65c87,selected_candidate_loading,True,00a4e4feda598f562a53de610a7e69888d4d7a051f60be848db9a34d30b65c87,bernoulli,4,completed
rep01,start_B,1,5,bfgs,bernoulli,bernoulli,49.995214971420964,False,False,-48.69393859655212,-73.6915460822626,bfgs,12,False,4.4236062501923355e-08,False,2,bfgs,8,True,4.0800480771707727e-10,False,2,bernoulli,-48.69393859655212,0.038235055014316337|-0.95803217954293429|0.38198721459851132|0.056853311248069575,4151b97216e405416ced78f1987fccd8d7c5553e75462afeddfcde0c2ea4f356,selected_candidate_loading,True,4151b97216e405416ced78f1987fccd8d7c5553e75462afeddfcde0c2ea4f356,bernoulli,4,completed
rep01,start_B,1,6,bfgs,bernoulli,bernoulli,48.39561035049317,False,True,-50.0047567599608,-74.20256193520738,bfgs,8,True,1.318056774834986e-13,True,0,bfgs,10,True,1.6997794283213352e-10,False,2,bernoulli,-50.0047567599608,-0.28353739023267716|0.12650398109917455|0.10847884192337301|-0.26171916541426393,21fa8d1d90a383effe46cce68e091dfe7c819ff1800a7d5a985cf09f59141797,selected_candidate_loading,True,21fa8d1d90a383effe46cce68e091dfe7c819ff1800a7d5a985cf09f59141797,bernoulli,4,completed
rep01,start_B,1,7,bfgs,bernoulli,bernoulli,48.415267952575974,False,True,-49.397020244005766,-73.60465422029375,bfgs,13,True,5.9541824803943655e-09,False,2,bfgs,10,True,1.1281064971058186e-10,False,2,bernoulli,-49.397020244005766,0.13938517924589897|-0.56613197737656251|0.11554843882440441|-0.25171441509379522,e948c540290949c3ab752b693c75fdc3d629b90df68fde5991407df7823b0ef2,selected_candidate_loading,True,e948c540290949c3ab752b693c75fdc3d629b90df68fde5991407df7823b0ef2,bernoulli,4,completed
rep01,start_B,1,8,bfgs,bernoulli,bernoulli,51.55580529581616,False,False,-46.79016997020885,-72.56807261811693,bfgs,11,False,1.8563258397108483e-08,False,2,bfgs,10,True,2.0431554226263416e-10,False,2,bernoulli,-46.79016997020885,0.30022966481089608|-0.22498214152090076|0.63877153134692033|-0.22320051065267785,d14a7ba20902c35aced9cca7ac2be350cabe596cd9271b9a1e78854638a62844,selected_candidate_loading,True,d14a7ba20902c35aced9cca7ac2be350cabe596cd9271b9a1e78854638a62844,bernoulli,4,completed
rep01,start_B,2,3,bfgs,bernoulli,bernoulli,59.10712993316096,False,False,-42.753199154962275,-72.30676412154276,bfgs,11,True,9.915335752452847e-09,False,2,bfgs,11,False,1.4268181551813087e-07,False,2,bernoulli,-42.753199154962275,0.95412652829509448|-1.3111338147895064|0.18280692422482545|0.39680166225104241,dc5155e92de7627a7c15aad423fcac1c540aa22fd45a51ab4c9fd0bc3c9041f7,selected_candidate_loading,True,dc5155e92de7627a7c15aad423fcac1c540aa22fd45a51ab4c9fd0bc3c9041f7,bernoulli,4,completed
rep01,start_B,2,4,bfgs,bernoulli,bernoulli,47.49424003004931,False,True,-50.797562929805046,-74.5446829448297,bfgs,8,True,5.262146274276347e-12,True,0,bfgs,9,True,6.924238959982177e-13,True,0,bernoulli,-50.797562929805046,0.11212681815721169|0.16852948152320799|-0.27779347442395591|-0.31820521826180392,a6d4d33ff313ed8a31372c1c799011a7b9d5e2ad8b360cfa787c7dde6a8e0071,selected_candidate_loading,True,a6d4d33ff313ed8a31372c1c799011a7b9d5e2ad8b360cfa787c7dde6a8e0071,bernoulli,4,completed
rep01,start_B,2,5,bfgs,bernoulli,bernoulli,52.46246417784785,False,True,-46.68434924065142,-72.91558132957535,bfgs,9,True,8.837197640332305e-12,True,0,bfgs,12,True,6.006084518617172e-11,True,0,bernoulli,-46.68434924065142,-0.042237316625034445|-1.2657889322912217|0.39989085750464909|0.12563548378410541,a20035bc6c94e1d7b4a3c19d13e1eb86a249a1ca4af0e8e45213182df3c0b2a2,selected_candidate_loading,True,a20035bc6c94e1d7b4a3c19d13e1eb86a249a1ca4af0e8e45213182df3c0b2a2,bernoulli,4,completed
rep01,start_B,2,6,bfgs,bernoulli,bernoulli,50.739311671125336,False,True,-48.40344353931306,-73.77309937487573,bfgs,8,True,5.4666582371964977e-11,True,0,bfgs,10,True,3.014445582039116e-10,False,2,bernoulli,-48.40344353931306,-0.4550427010410894|0.28864634630123248|0.054283578269727378|-0.38174593924180478,17127b45ac09e146780439a04fbed42a3c0579e99cb8d6d30696d2288ff7de34,selected_candidate_loading,True,17127b45ac09e146780439a04fbed42a3c0579e99cb8d6d30696d2288ff7de34,bernoulli,4,completed
rep01,start_B,2,7,bfgs,bernoulli,bernoulli,49.800709308086425,False,True,-48.14523326588494,-73.04558791992815,bfgs,9,True,2.9634072973294676e-13,True,0,bfgs,9,True,4.270361841918202e-12,True,0,bernoulli,-48.14523326588494,0.22450219267273033|-0.70312141352766888|0.33088497993331417|-0.19910060520108697,971d1cc6febb6b2f0f6a2ac2dc9aff234615399d3231f21d0350121cef1e44a7,selected_candidate_loading,True,971d1cc6febb6b2f0f6a2ac2dc9aff234615399d3231f21d0350121cef1e44a7,bernoulli,4,completed
rep01,start_B,2,8,bfgs,bernoulli,bernoulli,53.75154645207968,False,True,-44.98997012306954,-71.86574334910938,bfgs,8,True,3.274283066900807e-11,True,0,bfgs,9,True,4.329474556641344e-11,True,0,bernoulli,-44.98997012306954,0.30261098405992165|-0.32988472671039065|0.88232594055212621|-0.12451219711669788,14494d1a5e0e5dea60ea3ecb236f010e35a5ff62bf268b19d68521eae989d5ac,selected_candidate_loading,True,14494d1a5e0e5dea60ea3ecb236f010e35a5ff62bf268b19d68521eae989d5ac,bernoulli,4,completed
rep01,start_B,3,3,bfgs,bernoulli,bernoulli,59.444403729743314,False,True,-42.276212571243114,-71.99841443611477,bfgs,7,True,1.0056141253045326e-09,False,2,bfgs,12,True,5.753761911364563e-09,False,2,bernoulli,-42.276212571243114,0.97201440796651861|-1.246835389185091|0.19196591703854829|0.46581708181892167,0ca71c592b0c91c4413abe07c434e83cb0ab52394e4dd151465d12594d138072,selected_candidate_loading,True,0ca71c592b0c91c4413abe07c434e83cb0ab52394e4dd151465d12594d138072,bernoulli,4,completed
rep01,start_B,3,4,bfgs,bernoulli,bernoulli,53.29847659856806,False,True,-47.51474403245894,-74.16398233174297,bfgs,14,True,6.787281847664417e-12,True,0,bfgs,9,True,1.1629550655811727e-10,False,2,bernoulli,-47.51474403245894,-0.036948458906640357|0.4198551881632403|-0.69470019620046664|-0.71011005837247043,296f81b3e7054d5045702c41e63b4d7c37e090677ce3758f4e5188e1053a3cb4,selected_candidate_loading,True,296f81b3e7054d5045702c41e63b4d7c37e090677ce3758f4e5188e1053a3cb4,bernoulli,4,completed
rep01,start_B,3,5,bfgs,bernoulli,bernoulli,51.44829762024477,False,False,-47.25493219119319,-72.97908100131558,bfgs,9,True,1.2718581743342839e-11,True,0,bfgs,13,False,9.771672930813935e-08,False,2,bernoulli,-47.25493219119319,-0.045486289094363593|-1.016299072450586|0.42425817957354012|0.12594590139251344,c06865fbe87a188222767f51074527f212a8a15b9f171a7caf62c826857b1c82,selected_candidate_loading,True,c06865fbe87a188222767f51074527f212a8a15b9f171a7caf62c826857b1c82,bernoulli,4,completed
rep01,start_B,3,6,bfgs,bernoulli,bernoulli,52.90426049313544,False,True,-47.19188574172874,-73.64401598829646,bfgs,9,True,1.247224545863901e-13,True,0,bfgs,10,True,2.1931167992761402e-11,True,0,bernoulli,-47.19188574172874,-0.60805726257420845|0.17783607950891087|-0.048652610201976532|-0.48642486159558274,a7ae4be303264f3cca679fd31236affc8a70a17c18694cb141a0849b982aa40d,selected_candidate_loading,True,a7ae4be303264f3cca679fd31236affc8a70a17c18694cb141a0849b982aa40d,bernoulli,4,completed
rep01,start_B,3,7,bfgs,bernoulli,bernoulli,50.22214753215786,False,True,-47.44833583562253,-72.55940960170146,bfgs,8,True,5.758353793794413e-11,True,0,bfgs,9,True,3.405151716151522e-10,False,2,bernoulli,-47.44833583562253,0.22954638349082809|-0.79380679397034737|0.57225684935206056|0.011668001736277748,055d48db159464824cc1aee9894f960722764f72c2982c78b8cbbf2d65a3a753,selected_candidate_loading,True,055d48db159464824cc1aee9894f960722764f72c2982c78b8cbbf2d65a3a753,bernoulli,4,completed
rep01,start_B,3,8,bfgs,bernoulli,bernoulli,54.08052086098199,False,False,-44.30137041250985,-71.34163084300084,bfgs,8,True,3.159092543114639e-10,False,2,bfgs,14,False,1.604304458169281e-08,False,2,bernoulli,-44.30137041250985,0.25241986355292506|-0.1886614694686527|0.86796129413896095|-0.24802815263529371,cb01f909f19a894c667eb7eff85bfd76c8ef7f37840bf7fc18026c8fbaa34c46,selected_candidate_loading,True,cb01f909f19a894c667eb7eff85bfd76c8ef7f37840bf7fc18026c8fbaa34c46,bernoulli,4,completed
rep01,start_B,4,3,bfgs,bernoulli,bernoulli,60.38600743864724,False,True,-42.008445395321736,-72.20144911464536,bfgs,8,True,4.3109693592668916e-11,True,0,bfgs,13,True,6.877050040543509e-10,False,2,bernoulli,-42.008445395321736,0.97579793139266391|-1.1157313656148244|0.098657863763220444|0.30410929110214302,6c7323523d4ef497b8d1a60638a538edd794e6bb13b20ff0f1b3b3fe28c469be,selected_candidate_loading,True,6c7323523d4ef497b8d1a60638a538edd794e6bb13b20ff0f1b3b3fe28c469be,bernoulli,4,completed
rep01,start_B,4,4,bfgs,bernoulli,bernoulli,56.09573549435751,False,False,-46.044039711316174,-74.09190745849493,bfgs,7,False,9.923568156100515e-08,False,2,bfgs,11,True,6.767645732708161e-09,False,2,bernoulli,-46.044039711316174,-0.080166840392875291|0.55425861046686764|-0.67648851655241615|-0.79336205879548816,c7dd8b4fbb6ad531c6143627dfe28e17186a6be1c4997910e6576fae770306f3,selected_candidate_loading,True,c7dd8b4fbb6ad531c6143627dfe28e17186a6be1c4997910e6576fae770306f3,bernoulli,4,completed
rep01,start_B,4,5,bfgs,bernoulli,bernoulli,53.0129717663161,False,True,-45.99261272272254,-72.49909860588059,bfgs,7,True,2.8111270311548254e-09,False,2,bfgs,13,True,8.795713046794162e-09,False,2,bernoulli,-45.99261272272254,-0.11715527257648153|-1.0696727404324566|0.40848297476871775|0.08720680464772565,9b2daa64125dff12f1acae9ee290939e95236b5292207af75716f429b689c3d0,selected_candidate_loading,True,9b2daa64125dff12f1acae9ee290939e95236b5292207af75716f429b689c3d0,bernoulli,4,completed
rep01,start_B,4,6,bfgs,bernoulli,bernoulli,51.571109525332986,False,True,-47.883928974571745,-73.66948373723824,bfgs,8,True,4.8308335109936705e-11,True,0,bfgs,13,True,3.3424761625155953e-09,False,2,bernoulli,-47.883928974571745,-0.56951127754329445|0.10617798265098255|0.043018279300146331|-0.32881350186717068,91461dbafdc6f54ef39f0cecbcc174beaac49f8d978d150f20f77e8ab7db507f,selected_candidate_loading,True,91461dbafdc6f54ef39f0cecbcc174beaac49f8d978d150f20f77e8ab7db507f,bernoulli,4,completed
rep01,start_B,4,7,bfgs,bernoulli,bernoulli,51.842716589210596,False,True,-46.52323922615727,-72.44459752076257,bfgs,7,True,3.6582470386292696e-11,True,0,bfgs,11,True,6.785683126508957e-10,False,2,bernoulli,-46.52323922615727,0.24901680044745086|-0.84968289847314038|0.53557369380292741|-0.071383152328139562,02be551a45464072b439ca1149728da1d0904ca884b9b061f75c1c7a4b266b3d,selected_candidate_loading,True,02be551a45464072b439ca1149728da1d0904ca884b9b061f75c1c7a4b266b3d,bernoulli,4,completed
rep01,start_B,4,8,bfgs,bernoulli,bernoulli,53.67050344939588,False,True,-45.14546177663631,-71.98071350133425,bfgs,9,True,2.0955681634404756e-12,True,0,bfgs,13,True,2.258295506152308e-09,False,2,bernoulli,-45.14546177663631,0.23113069743336967|-0.1996010082235746|0.76955453156095222|-0.2795416724837187,1e17fff97889fe247d5c2750a07285aea4357d5c2cb9e8bbc6f6ec0785312cf2,selected_candidate_loading,True,1e17fff97889fe247d5c2750a07285aea4357d5c2cb9e8bbc6f6ec0785312cf2,bernoulli,4,completed
rep01,start_B,5,3,bfgs,bernoulli,bernoulli,60.001845370176525,False,False,-41.76093976484869,-71.76186244993696,bfgs,8,True,8.479439372877096e-13,True,0,bfgs,12,False,5.552291399979481e-08,False,2,bernoulli,-41.76093976484869,0.98049853427170763|-1.0421120310535845|0.035432642348007026|0.30403219705631024,8c59e6a35213a4dd532d445be6b01f5a7038bf0c5f7738b7b25f60b76c9acbb8,selected_candidate_loading,True,8c59e6a35213a4dd532d445be6b01f5a7038bf0c5f7738b7b25f60b76c9acbb8,bernoulli,4,completed
rep01,start_B,5,4,bfgs,bernoulli,bernoulli,58.436371340417566,False,True,-44.35239392565386,-73.57057959586264,bfgs,9,True,1.1599201599210573e-10,False,2,bfgs,11,True,1.361219048590101e-09,False,2,bernoulli,-44.35239392565386,-0.085655300475152074|0.34068572334392005|-0.86892480904652347|-0.90612876234853434,7051cad6c9a507fcc4f941eda125ba9cff53175e9cb84b4576cdd3076ce66ae9,selected_candidate_loading,True,7051cad6c9a507fcc4f941eda125ba9cff53175e9cb84b4576cdd3076ce66ae9,bernoulli,4,completed
rep01,start_B,5,5,bfgs,bernoulli,bernoulli,53.34308927900982,False,False,-45.52615786973879,-72.1977025092437,bfgs,8,True,1.747346711766795e-11,True,0,bfgs,13,False,1.0870845923438565e-08,False,2,bernoulli,-45.52615786973879,-0.15731309382396827|-1.0534784382704538|0.55332003393887363|0.25199882932356782,cf5df798e693cc4d0cb539d9ac02aa5aa550022e1959bfff02178c4b27bbf5b7,selected_candidate_loading,True,cf5df798e693cc4d0cb539d9ac02aa5aa550022e1959bfff02178c4b27bbf5b7,bernoulli,4,completed
rep01,start_B,5,6,bfgs,bernoulli,bernoulli,54.023196044171414,False,True,-46.45600500510183,-73.46760302718754,bfgs,8,True,4.007962850494096e-11,True,0,bfgs,11,True,1.2251923919848195e-10,False,2,bernoulli,-46.45600500510183,-0.70347332804610696|0.13515426628213376|-0.0545992669220835|-0.40481690825029781,6370dd12466051ed24957344c11c18d60ad82a8c0a19f42518f7848ac1c9b3ca,selected_candidate_loading,True,6370dd12466051ed24957344c11c18d60ad82a8c0a19f42518f7848ac1c9b3ca,bernoulli,4,completed
rep01,start_B,5,7,bfgs,bernoulli,bernoulli,50.34783998230705,False,True,-46.940976583792505,-72.11489657494603,bfgs,8,True,6.1814553475869614e-12,True,0,bfgs,10,True,1.9723978006425112e-11,True,0,bernoulli,-46.940976583792505,0.28411201384822649|-0.80741548125759843|0.55783117190131148|-0.034374687591094626,43720f9cb5cf97ae98f358e34ffd61797e28e1f1bc67bb916daa973deb6f209b,selected_candidate_loading,True,43720f9cb5cf97ae98f358e34ffd61797e28e1f1bc67bb916daa973deb6f209b,bernoulli,4,completed
rep01,start_B,5,8,bfgs,bernoulli,bernoulli,53.40866929271385,False,True,-44.42815839776962,-71.13249304412655,bfgs,8,True,4.6042636370202673e-11,True,0,bfgs,10,True,1.5241119477593656e-10,False,2,bernoulli,-44.42815839776962,0.20367340743168541|-0.38594703408272529|0.87319033300434723|-0.25561355440338157,d4cb0040f3f45af8c78c829f920669a266aa342c56bf4a11aed0fa21747a1f36,selected_candidate_loading,True,d4cb0040f3f45af8c78c829f920669a266aa342c56bf4a11aed0fa21747a1f36,bernoulli,4,completed
rep01,start_B,6,3,bfgs,bernoulli,bernoulli,58.03517398024792,False,True,-43.36043781379115,-72.37802480391511,bfgs,9,True,2.395359466333957e-11,True,0,bfgs,14,True,4.272675324656916e-10,False,2,bernoulli,-43.36043781379115,0.91886261244565137|-0.78282921142413464|-0.093405980570631042|0.15868921616462742,2f232e6233e74343e5db9d1c3a362213485befc606f70a381cf6c23db6ec4c62,selected_candidate_loading,True,2f232e6233e74343e5db9d1c3a362213485befc606f70a381cf6c23db6ec4c62,bernoulli,4,completed
rep01,start_B,6,4,bfgs,bernoulli,bernoulli,60.41203374026077,False,True,-43.29083985913745,-73.49685672926783,bfgs,8,True,3.340682841468379e-10,False,2,bfgs,12,True,2.643855800954498e-10,False,2,bernoulli,-43.29083985913745,-0.16529019098996528|0.40320606957992133|-0.89201604143983959|-0.98017954308501387,2e223014ee50fe6d2816bd08048f15411e8791d40130f90966d69a445065d268,selected_candidate_loading,True,2e223014ee50fe6d2816bd08048f15411e8791d40130f90966d69a445065d268,bernoulli,4,completed
rep01,start_B,6,5,bfgs,bernoulli,bernoulli,58.063292110098246,False,True,-42.438306546172896,-71.46995260122202,bfgs,9,True,2.5444357731885247e-11,True,0,bfgs,12,True,1.706330347156504e-09,False,2,bernoulli,-42.438306546172896,-0.15257446298683433|-1.4202681815769866|0.57024337736917108|0.30451413304191283,7e01483519027389772a33b7dd725d0db5330cb02e6aa39720a5db87325c6603,selected_candidate_loading,True,7e01483519027389772a33b7dd725d0db5330cb02e6aa39720a5db87325c6603,bernoulli,4,completed
rep01,start_B,6,6,bfgs,bernoulli,bernoulli,52.73687409733708,False,True,-46.864943908707914,-73.23338095737645,bfgs,8,True,4.90511808948213e-10,False,2,bfgs,11,True,2.220269479380477e-09,False,2,bernoulli,-46.864943908707914,-0.63329554134448862|0.064126394226729402|0.10768816161979641|-0.38902167347417793,5c31469288cb9406e18097f72545f3f978fed24e2b13f21a852eb3e1ac650e65,selected_candidate_loading,True,5c31469288cb9406e18097f72545f3f978fed24e2b13f21a852eb3e1ac650e65,bernoulli,4,completed
rep01,start_B,6,7,bfgs,bernoulli,bernoulli,49.15976994233047,False,True,-48.03733419368188,-72.61721916484711,bfgs,9,True,3.003552184743796e-10,False,2,bfgs,14,True,1.315713760163817e-09,False,2,bernoulli,-48.03733419368188,0.15846506085575146|-0.63610515536960821|0.42623254432643803|-0.091430437387895913,f8899f966eb2b5ff9ed5c451e298b7844a5b9f5c0d38d2b8388f603afb5ed8e0,selected_candidate_loading,True,f8899f966eb2b5ff9ed5c451e298b7844a5b9f5c0d38d2b8388f603afb5ed8e0,bernoulli,4,completed
rep01,start_B,6,8,bfgs,bernoulli,bernoulli,53.25992014107371,False,True,-44.70510013675636,-71.33506020729321,bfgs,8,True,1.7957857423311907e-10,False,2,bfgs,13,True,6.387796958051694e-11,True,0,bernoulli,-44.70510013675636,0.22059716811924043|-0.41746775094448119|0.79558259133519216|-0.23342992424661335,e37eda364eb9aa3908e709898f264a7957d3f8564953eac0466c2b536145167e,selected_candidate_loading,True,e37eda364eb9aa3908e709898f264a7957d3f8564953eac0466c2b536145167e,bernoulli,4,completed
rep01,start_B,7,3,bfgs,bernoulli,bernoulli,57.766499091113275,False,True,-43.45320943844307,-72.3364589839997,bfgs,8,True,2.0290369384667883e-11,True,0,bfgs,12,True,4.1185064247883927e-10,False,2,bernoulli,-43.45320943844307,0.92194014450270456|-0.72499163054078286|-0.071000607945334276|0.13109205679920288,c7a42c4228b2cd3a02e755ed16cc01c2773bd8fa26f28264ab3e39ae137102d3,selected_candidate_loading,True,c7a42c4228b2cd3a02e755ed16cc01c2773bd8fa26f28264ab3e39ae137102d3,bernoulli,4,completed
rep01,start_B,7,4,bfgs,bernoulli,bernoulli,60.52186444290547,False,False,-43.5547121903147,-73.81564441176744,bfgs,8,True,4.550625432031552e-11,True,0,bfgs,11,False,3.453375398976277e-08,False,2,bernoulli,-43.5547121903147,-0.070370299583512944|0.42786845042014493|-0.87239000104814091|-0.99526166816862383,e3ff02475d0a755000f4d00b0511c951eaa0b6e185057f6f63457045adf662dc,selected_candidate_loading,True,e3ff02475d0a755000f4d00b0511c951eaa0b6e185057f6f63457045adf662dc,bernoulli,4,completed
rep01,start_B,7,5,bfgs,bernoulli,bernoulli,55.774590800263255,False,True,-43.71697790185831,-71.60427330198993,bfgs,8,True,6.367073812629798e-11,True,0,bfgs,13,True,5.004062719748959e-11,True,0,bernoulli,-43.71697790185831,-0.071385660782360902|-1.3570133522947705|0.52255568868806335|0.3006385422428372,ba58dc621ef36424098e911489de11f75015d02d0172f3fa32977fc41f6a8707,selected_candidate_loading,True,ba58dc621ef36424098e911489de11f75015d02d0172f3fa32977fc41f6a8707,bernoulli,4,completed
rep01,start_B,7,6,bfgs,bernoulli,bernoulli,52.0220817002583,False,True,-47.29909674152586,-73.310137591655,bfgs,9,True,5.590022889023771e-12,True,0,bfgs,14,True,1.1226930496377463e-11,True,0,bernoulli,-47.29909674152586,-0.59900507462236452|-0.16560621206900003|0.1049746201456941|-0.27599931382213827,ba56954c1c27d472e8b08d50147c03ecf5207dfa66f4d22e7c5e1f82ffd699a3,selected_candidate_loading,True,ba56954c1c27d472e8b08d50147c03ecf5207dfa66f4d22e7c5e1f82ffd699a3,bernoulli,4,completed
rep01,start_B,7,7,bfgs,bernoulli,bernoulli,48.04063544114267,False,True,-48.78905474663352,-72.80937246720485,bfgs,8,True,1.9706840603816999e-10,False,2,bfgs,9,True,2.3126793813332823e-10,False,2,bernoulli,-48.78905474663352,0.15990484039766556|-0.44916044727716659|0.38272898731081634|-0.15970491885209753,288b829b50e0348d3d40e12f6089602a24d858bf11a41075136f0847b21f79f7,selected_candidate_loading,True,288b829b50e0348d3d40e12f6089602a24d858bf11a41075136f0847b21f79f7,bernoulli,4,completed
rep01,start_B,7,8,bfgs,bernoulli,bernoulli,53.50158266569545,False,True,-44.51297684270192,-71.26376817554964,bfgs,9,True,8.021985853368108e-13,True,0,bfgs,14,True,2.3075756416801598e-09,False,2,bernoulli,-44.51297684270192,0.21553967880062572|-0.11531040545736709|0.81241711539201256|-0.32793906267094991,62506fc50ecc6c99fa496837c98d91e97183d49416ec506cd79a95a1784b94d5,selected_candidate_loading,True,62506fc50ecc6c99fa496837c98d91e97183d49416ec506cd79a95a1784b94d5,bernoulli,4,completed
rep01,start_B,8,3,bfgs,bernoulli,bernoulli,58.54365430202613,False,True,-43.431688571519395,-72.70351572253246,bfgs,8,True,8.442353760518272e-12,True,0,bfgs,11,True,1.3059201720011514e-09,False,2,bernoulli,-43.431688571519395,0.98058770399718087|-0.58542276991089659|-0.034429797464685462|0.14218253894604774,5b93a8aef577f7c2f91f5087d59b128676974164c3a193d06401002a38521707,selected_candidate_loading,True,5b93a8aef577f7c2f91f5087d59b128676974164c3a193d06401002a38521707,bernoulli,4,completed
rep01,start_B,8,4,bfgs,bernoulli,bernoulli,58.95069719085819,False,True,-44.10320897788887,-73.57855757331797,bfgs,8,True,7.852124783713776e-10,False,2,bfgs,12,True,6.258481732857035e-10,False,2,bernoulli,-44.10320897788887,-0.12568893872893022|0.40195032654237189|-0.88256212634534614|-0.87318365339951454,3dd7fb7772e0e56c2ab308a0e9825265d845a2d0b2f6ac9a1e0e958636824c05,selected_candidate_loading,True,3dd7fb7772e0e56c2ab308a0e9825265d845a2d0b2f6ac9a1e0e958636824c05,bernoulli,4,completed
rep01,start_B,8,5,bfgs,bernoulli,bernoulli,57.850840017150205,False,True,-43.190032144258225,-72.11545215283333,bfgs,8,True,1.923350367860621e-12,True,0,bfgs,12,True,4.1076031465081544e-13,True,0,bernoulli,-43.190032144258225,-0.094096240289379726|-1.2860491627350814|0.57895007742570959|0.27130778868388955,2d6d8838d068206105df78b1bad5434b49aa0600e87af54908b08ba38edee62c,selected_candidate_loading,True,2d6d8838d068206105df78b1bad5434b49aa0600e87af54908b08ba38edee62c,bernoulli,4,completed
rep01,start_B,8,6,bfgs,bernoulli,bernoulli,51.16831768109522,False,False,-48.039704638786,-73.62386347933361,bfgs,9,True,1.3746337401698839e-12,True,0,bfgs,13,False,2.206285554251508e-08,False,2,bernoulli,-48.039704638786,-0.52025088284074772|-0.060743986434595748|0.13104704418013255|-0.2805519713642608,29f2f58c99e513576815af2e85c28679b7ab10eb61e65205af97c28cc8eabb74,selected_candidate_loading,True,29f2f58c99e513576815af2e85c28679b7ab10eb61e65205af97c28cc8eabb74,bernoulli,4,completed
rep01,start_B,8,7,bfgs,bernoulli,bernoulli,48.69948027462682,False,True,-49.04127986474142,-73.39102000205483,bfgs,7,True,3.082665056552969e-09,False,2,bfgs,9,True,1.9993004585217024e-09,False,2,bernoulli,-49.04127986474142,0.18016332021525563|-0.42300758353604717|0.35178912277077373|-0.17435965972331446,919b87e5a942e3b40d911c3c9a41219cb645c28fe47f80dcc3f47dc51c1526f4,selected_candidate_loading,True,919b87e5a942e3b40d911c3c9a41219cb645c28fe47f80dcc3f47dc51c1526f4,bernoulli,4,completed
rep01,start_B,8,8,bfgs,bernoulli,bernoulli,52.66772679260015,False,True,-45.982965747878154,-72.31682914417823,bfgs,8,True,2.8276403440941068e-11,True,0,bfgs,14,True,8.478320268068273e-10,False,2,bernoulli,-45.982965747878154,0.21186366727369513|-0.27181202015508577|0.65206407744658723|-0.32742282365760839,782a64f2d4525055a0aff494b7b1150d948cd8111a244aa26e939c8e7a4a9b89,selected_candidate_loading,True,782a64f2d4525055a0aff494b7b1150d948cd8111a244aa26e939c8e7a4a9b89,bernoulli,4,completed
rep01,start_B,1,3,bfgs,bernoulli,bernoulli,52.10145450251822,False,False,-47.036212589961146,-73.08693984122026,bfgs,11,True,8.182766908504391e-10,False,2,bfgs,9,False,2.9416189217812416e-08,False,2,bernoulli,-47.036212589961146,0.11204147252475366|0.25451702212877564|0.61277309612995734|-0.093757011743282756|-0.44088138527849918,19d9a209c400baa8c1177de69f7d6a32e7c963f78aa870bca7a9da01acb81045,selected_candidate_loading,True,19d9a209c400baa8c1177de69f7d6a32e7c963f78aa870bca7a9da01acb81045,bernoulli,5,completed
rep01,start_B,1,4,bfgs,bernoulli,bernoulli,47.934032523561214,False,True,-50.41299864283345,-74.38001490461406,bfgs,11,True,6.747646885685299e-12,True,0,bfgs,11,True,3.5019631638988356e-11,True,0,bernoulli,-50.41299864283345,0.35178411746458166|0.081198463940928098|-0.12587797528819503|0.26469684678983801|-0.15220695637260184,492341eb3cf2bd3df656e64212351ac04d85e3b227d377748f40e86fa0285e2e,selected_candidate_loading,True,492341eb3cf2bd3df656e64212351ac04d85e3b227d377748f40e86fa0285e2e,bernoulli,5,completed
rep01,start_B,1,5,bfgs,bernoulli,bernoulli,47.528834977174455,False,False,-50.62633691141825,-74.39075440000548,bfgs,10,True,1.2300807483711651e-09,False,2,bfgs,10,False,2.832682292064348e-08,False,2,bernoulli,-50.62633691141825,-0.042060045160167363|0.3939788434796902|-0.071124729072101198|-0.019960529834450198|-0.030422687689824382,a62705feca8981f5370f16ef26e4ff631a8163fedec5084615f1724aab8637aa,selected_candidate_loading,True,a62705feca8981f5370f16ef26e4ff631a8163fedec5084615f1724aab8637aa,bernoulli,5,completed
rep01,start_B,1,6,bfgs,bernoulli,bernoulli,51.40038461252996,False,True,-48.466634273258975,-74.16682657952396,bfgs,14,True,8.002309925814188e-12,True,0,bfgs,10,True,4.518667662267717e-09,False,2,bernoulli,-48.466634273258975,-0.091391551400076307|0.19094906995147207|-0.5381341428866655|0.15263042058029938|0.10300196955780237,4118f12d627a96b8d8e4c1e71680029862e5ebbe8a1a328fcef2a2b863751a90,selected_candidate_loading,True,4118f12d627a96b8d8e4c1e71680029862e5ebbe8a1a328fcef2a2b863751a90,bernoulli,5,completed
rep01,start_B,1,7,bfgs,bernoulli,bernoulli,48.901070148028,False,True,-49.11363533943084,-73.56417041344484,bfgs,12,True,3.471094434104316e-09,False,2,bfgs,12,True,3.504787571273482e-11,True,0,bernoulli,-49.11363533943084,-0.030638269585439321|0.43121641491179907|0.03719204512863173|-0.025903794727961102|-0.39135164765691155,83c68e1382069f02680adec29aa1bbdff60ad8020c7cae54460f9b7dbec44501,selected_candidate_loading,True,83c68e1382069f02680adec29aa1bbdff60ad8020c7cae54460f9b7dbec44501,bernoulli,5,completed
rep01,start_B,1,8,bfgs,bernoulli,bernoulli,52.974720206426454,False,False,-46.47571802471405,-72.96307812792728,bfgs,14,False,1.0141793360674e-08,False,2,bfgs,13,True,1.0709902298344787e-09,False,2,bernoulli,-46.47571802471405,0.0094990416069932505|0.19132172836875941|-0.45016007582258488|-0.079707703866514157|-0.40666219929090597,11210dff367e6e70974781709987b51ad99264a190bdfed099790a7ed7847ca7,selected_candidate_loading,True,11210dff367e6e70974781709987b51ad99264a190bdfed099790a7ed7847ca7,bernoulli,5,completed
rep01,start_B,2,3,bfgs,bernoulli,bernoulli,57.574464807888134,False,False,-43.79142434653661,-72.57865675048068,bfgs,11,True,3.952152338726478e-09,False,2,bfgs,13,False,1.4822496821054188e-07,False,2,bernoulli,-43.79142434653661,-0.097255204754173971|0.60664958367767385|0.97609961950797652|-0.083307528585248009|-0.53169361782128244,5e746100735dd746a9c5b31013f32e392c617784992c538991d3920c99e79a19,selected_candidate_loading,True,5e746100735dd746a9c5b31013f32e392c617784992c538991d3920c99e79a19,bernoulli,5,completed
rep01,start_B,2,4,bfgs,bernoulli,bernoulli,54.61003747525898,False,True,-46.78951081904598,-74.09452955667547,bfgs,10,True,4.5167425355430165e-12,True,0,bfgs,11,True,2.7844606620419656e-10,False,2,bernoulli,-46.78951081904598,0.8350404222812472|-0.073962202021701257|-0.21388550411058338|0.17850371583121902|-0.11052401395301482,576308ee571ffd3e94a236d0e060d5cd8b5ed95eefbd24ae7bc0cbdbb1a427f8,selected_candidate_loading,True,576308ee571ffd3e94a236d0e060d5cd8b5ed95eefbd24ae7bc0cbdbb1a427f8,bernoulli,5,completed
rep01,start_B,2,5,bfgs,bernoulli,bernoulli,49.57339310869733,False,True,-48.62164454524172,-73.40834109959039,bfgs,9,True,9.378512189073263e-10,False,2,bfgs,11,True,1.0645936354691798e-10,False,2,bernoulli,-48.62164454524172,-0.28061624698346616|0.74781524992492765|0.019900164819942098|0.065107835272404158|-0.039455818813726874,ba391f6d6f4bff1bf96c9f1599708cf34d8c24c3daf5dcf81c31317432e2cd86,selected_candidate_loading,True,ba391f6d6f4bff1bf96c9f1599708cf34d8c24c3daf5dcf81c31317432e2cd86,bernoulli,5,completed
rep01,start_B,2,6,bfgs,bernoulli,bernoulli,52.68435620683175,False,True,-47.17411617601529,-73.51629427943116,bfgs,8,True,9.166117642678273e-10,False,2,bfgs,10,True,2.1023716101353783e-11,True,0,bernoulli,-47.17411617601529,-0.0050767450755824497|0.15941104871042069|-0.65052574548907871|0.22937192443965612|0.15170871186768259,ea5d1d392ce1a207831275a6ae382d8f9784246422f863e683c6c77d518efe2d,selected_candidate_loading,True,ea5d1d392ce1a207831275a6ae382d8f9784246422f863e683c6c77d518efe2d,bernoulli,5,completed
rep01,start_B,2,7,bfgs,bernoulli,bernoulli,48.39107549704622,False,False,-49.03824556164233,-73.23378331016544,bfgs,10,True,1.284401029977289e-10,False,2,bfgs,11,False,1.0825228642374896e-07,False,2,bernoulli,-49.03824556164233,-0.18873946344339146|0.4313385795653546|-0.023850009620790653|-0.038083314014167112|-0.39148691673992464,de940dcd14040594430f279e64d18d6b25a6ec9e9ba3923d5fcc5d6939166ef8,selected_candidate_loading,True,de940dcd14040594430f279e64d18d6b25a6ec9e9ba3923d5fcc5d6939166ef8,bernoulli,5,completed
rep01,start_B,2,8,bfgs,bernoulli,bernoulli,56.26609329587461,False,True,-43.470569488081324,-71.60361613601863,bfgs,10,True,3.087028144221904e-09,False,2,bfgs,10,True,2.975871282728804e-09,False,2,bernoulli,-43.470569488081324,-0.45132923726844376|0.32499550934548943|-0.58648212482084927|0.17508905179222081|-0.81179757972716082,20fa2f9bd968b0095a785ed37c58620d7e8e9bf788a08d0cb984540652c2d878,selected_candidate_loading,True,20fa2f9bd968b0095a785ed37c58620d7e8e9bf788a08d0cb984540652c2d878,bernoulli,5,completed
rep01,start_B,3,3,bfgs,bernoulli,bernoulli,58.48817903008782,False,True,-42.805741979004424,-72.04983149404833,bfgs,9,True,1.9538727968893e-09,False,2,bfgs,15,True,3.7625369486704586e-11,True,0,bernoulli,-42.805741979004424,-0.094581006936233863|0.77977373736662325|0.90677216573743735|0.045332060133216744|-0.61473551907134849,8c0291514d4029f9f4feede569904832eedfa7007695d40b03267af9c9ad4efe,selected_candidate_loading,True,8c0291514d4029f9f4feede569904832eedfa7007695d40b03267af9c9ad4efe,bernoulli,5,completed
rep01,start_B,3,4,bfgs,bernoulli,bernoulli,56.11711642450726,False,True,-45.838413980411374,-73.896972192665,bfgs,10,True,9.666529798835199e-11,True,0,bfgs,13,True,2.346679384146455e-09,False,2,bernoulli,-45.838413980411374,0.91883740527061619|-0.26441535978099034|-0.24315710928951434|0.18536459798163862|-0.055718135342483668,301c3d3597c981064ab7307e4247c26a7da1eeef3bc79e49da7b6deefe3fe128,selected_candidate_loading,True,301c3d3597c981064ab7307e4247c26a7da1eeef3bc79e49da7b6deefe3fe128,bernoulli,5,completed
rep01,start_B,3,5,bfgs,bernoulli,bernoulli,50.94803034829704,False,False,-47.6428060513129,-73.11682122546142,bfgs,9,False,2.3204302428414537e-07,False,2,bfgs,12,True,1.0976475228741122e-09,False,2,bernoulli,-47.6428060513129,-0.1902779718156907|0.83074320361312237|-0.030010432372102869|0.054631377001658821|0.09606092038440861,270a41bfab76ff28838d4c6fb1fee273ad27636f6e840bf477f0444b32d5694b,selected_candidate_loading,True,270a41bfab76ff28838d4c6fb1fee273ad27636f6e840bf477f0444b32d5694b,bernoulli,5,completed
rep01,start_B,3,6,bfgs,bernoulli,bernoulli,52.4033197183295,False,True,-47.17545306169448,-73.37711292085923,bfgs,9,True,1.801980786808599e-12,True,0,bfgs,11,True,5.614180409452274e-09,False,2,bernoulli,-47.17545306169448,0.075813766976225883|0.096880032181070899|-0.59025315365467934|0.048544178492191309|0.26477876455379562,886663f44c7ec4548a979159b06eb2ae16fce08717234faab8fc304704edcb2d,selected_candidate_loading,True,886663f44c7ec4548a979159b06eb2ae16fce08717234faab8fc304704edcb2d,bernoulli,5,completed
rep01,start_B,3,7,bfgs,bernoulli,bernoulli,49.1415108033417,False,True,-47.97096283702349,-72.54171823869434,bfgs,9,True,1.2682654926265968e-11,True,0,bfgs,10,True,2.54077647809936e-11,True,0,bernoulli,-47.97096283702349,-0.1325716123373992|0.51377147308490823|-0.13039568533936577|-0.015687152821368129|-0.43650308232872215,61f5a01ca1f26927635eb1945e0fa64146f982cc88014e5f52e3a71dae4d0c68,selected_candidate_loading,True,61f5a01ca1f26927635eb1945e0fa64146f982cc88014e5f52e3a71dae4d0c68,bernoulli,5,completed
rep01,start_B,3,8,bfgs,bernoulli,bernoulli,55.710962854215026,False,True,-42.7698292815297,-70.62531070863722,bfgs,8,True,2.772466700662335e-11,True,0,bfgs,16,True,6.707455035837029e-09,False,2,bernoulli,-42.7698292815297,-0.45520128766647128|0.17088928619160876|-0.68826734541528989|0.17003095187371295|-0.8202539604247121,34aa246675995188813e6eba4fad0307a0685da15ac5b042bf890d588b75fd57,selected_candidate_loading,True,34aa246675995188813e6eba4fad0307a0685da15ac5b042bf890d588b75fd57,bernoulli,5,completed
rep01,start_B,4,3,bfgs,bernoulli,bernoulli,58.91105334347337,False,False,-43.415798529684885,-72.87132520142157,bfgs,9,True,1.921378611768887e-11,True,0,bfgs,13,False,1.0409322559468138e-08,False,2,bernoulli,-43.415798529684885,-0.091092697272379938|0.64386396612236474|0.7713138464657664|0.27432298314024467|-0.67766873014361462,a803c2a91e7eb6b69f4e227492ee4761e73a1d03a408ed6fbccc8f3250fb8a4c,selected_candidate_loading,True,a803c2a91e7eb6b69f4e227492ee4761e73a1d03a408ed6fbccc8f3250fb8a4c,bernoulli,5,completed
rep01,start_B,4,4,bfgs,bernoulli,bernoulli,53.09013638613406,False,False,-47.56518618320299,-74.11025437627002,bfgs,9,True,7.930163192781947e-11,True,0,bfgs,14,False,1.1618083650688505e-08,False,2,bernoulli,-47.56518618320299,0.82113464747835552|-0.10516040910476111|-0.11866367826100549|-0.013170628093249322|-0.036137479171739831,cbc115836340272364c19b7017efada3cdf82259765be495acdb34d9edfd6c44,selected_candidate_loading,True,cbc115836340272364c19b7017efada3cdf82259765be495acdb34d9edfd6c44,bernoulli,5,completed
rep01,start_B,4,5,bfgs,bernoulli,bernoulli,53.2616213615169,False,True,-46.306700405554956,-72.9375110863134,bfgs,9,True,3.87194276640912e-11,True,0,bfgs,12,True,4.825024357835161e-09,False,2,bernoulli,-46.306700405554956,-0.32570572829806416|0.92795075511156144|0.053590635452461281|0.02832409227650377|0.11188654503115975,0bebf2d6cf73ab32bc3f43422247ca9cc28868ac7280d918eb6258f3837fd2f2,selected_candidate_loading,True,0bebf2d6cf73ab32bc3f43422247ca9cc28868ac7280d918eb6258f3837fd2f2,bernoulli,5,completed
rep01,start_B,4,6,bfgs,bernoulli,bernoulli,53.65997598697476,False,True,-46.41619133542606,-73.24617932891344,bfgs,10,True,2.0635360087339905e-10,False,2,bfgs,10,True,2.3523227810073876e-11,True,0,bernoulli,-46.41619133542606,0.24077759741472762|0.052305838783449674|-0.5180881383937419|-0.2564582894333598|0.48675389966071708,5b61a1b5957c059bf2cfc45828aaab52966c3cce0fb69881a02a292da54f97be,selected_candidate_loading,True,5b61a1b5957c059bf2cfc45828aaab52966c3cce0fb69881a02a292da54f97be,bernoulli,5,completed
rep01,start_B,4,7,bfgs,bernoulli,bernoulli,51.78568204635518,False,True,-46.70725732002767,-72.60009834320526,bfgs,9,True,3.620550970140357e-10,False,2,bfgs,11,True,1.1026831003846383e-09,False,2,bernoulli,-46.70725732002767,-0.17905650238926449|0.66588436121101346|-0.14957876196690123|0.15689820779106758|-0.48153852421391569,df4c636361ff59efc63533d1d66a87ac266c3a2f19ed64f05b873d006ddf1cd1,selected_candidate_loading,True,df4c636361ff59efc63533d1d66a87ac266c3a2f19ed64f05b873d006ddf1cd1,bernoulli,5,completed
rep01,start_B,4,8,bfgs,bernoulli,bernoulli,56.62173464889824,False,False,-42.81158565591191,-71.12245298036103,bfgs,9,True,2.6973179245715073e-10,False,2,bfgs,15,False,1.5286588084251208e-08,False,2,bernoulli,-42.81158565591191,-0.41924977576325206|0.19508569736763159|-0.72570702578087098|0.20409011853416942|-0.76104124536860529,ab37697f5d5c88cae733ba95527e3b5d18070eea82f0ba526530de6427e73d31,selected_candidate_loading,True,ab37697f5d5c88cae733ba95527e3b5d18070eea82f0ba526530de6427e73d31,bernoulli,5,completed
rep01,start_B,5,3,bfgs,bernoulli,bernoulli,60.053350699742026,False,False,-42.39578053554668,-72.42245588541769,bfgs,9,True,3.2820413053968876e-13,True,0,bfgs,14,False,7.995312820696653e-08,False,2,bernoulli,-42.39578053554668,0.020451627956794373|0.54430412734027012|0.79005614696304183|0.38137143969621645|-0.68168828109078283,a8d53e77a467a5f22b82ba187ccfc363cdc6b2ddc7d6f6d32994d4ed46e6a3c4,selected_candidate_loading,True,a8d53e77a467a5f22b82ba187ccfc363cdc6b2ddc7d6f6d32994d4ed46e6a3c4,bernoulli,5,completed
rep01,start_B,5,4,bfgs,bernoulli,bernoulli,57.831092671471794,False,False,-44.94998352562426,-73.86552986136016,bfgs,10,True,1.214006672967116e-12,True,0,bfgs,14,False,6.456812471355988e-08,False,2,bernoulli,-44.94998352562426,1.0986733196983296|-0.23890942683501476|-0.17057614440482374|-0.1727613876837665|0.023058274703252824,a048771250dd926445100569273d8e0e1fc67772c7df39a189eec19904314e23,selected_candidate_loading,True,a048771250dd926445100569273d8e0e1fc67772c7df39a189eec19904314e23,bernoulli,5,completed
rep01,start_B,5,5,bfgs,bernoulli,bernoulli,55.42978190616293,False,True,-44.55807028372199,-72.27296123680345,bfgs,10,True,1.5027961097757724e-10,False,2,bfgs,13,True,6.055749235400754e-11,True,0,bernoulli,-44.55807028372199,-0.39659194785929203|1.1241642256557161|0.34398287664281124|-0.26049095500426855|0.23264367328561919,ad7a7b11d3c7edffd69483b8a4b4df32267ca854e6ce6fd15d3cab908a30f3fd,selected_candidate_loading,True,ad7a7b11d3c7edffd69483b8a4b4df32267ca854e6ce6fd15d3cab908a30f3fd,bernoulli,5,completed
rep01,start_B,5,6,bfgs,bernoulli,bernoulli,51.475421625716535,False,True,-47.74031228383596,-73.47802309669423,bfgs,9,True,1.4660614056083431e-09,False,2,bfgs,14,True,8.054183453509723e-09,False,2,bernoulli,-47.74031228383596,0.070724845585146717|0.052846149897787374|-0.48040832626038488|-0.25427640455232814|0.30755920983762919,0fa20ca947948f021756c6da994998da93df4e528d44ea963b68c6f30975498e,selected_candidate_loading,True,0fa20ca947948f021756c6da994998da93df4e528d44ea963b68c6f30975498e,bernoulli,5,completed
rep01,start_B,5,7,bfgs,bernoulli,bernoulli,50.040634996132695,False,False,-47.78002678121743,-72.80034427928378,bfgs,10,False,2.1769993985287783e-08,False,2,bfgs,12,True,2.4243256291356373e-10,False,2,bernoulli,-47.78002678121743,-0.10408645680100541|0.54561603436647932|-0.11245313472791926|0.19649924970439955|-0.46454314002882435,26716d5638a00fc4a34bf392c6811b1fb30f9e4cb073880df8d3e6782b7979d7,selected_candidate_loading,True,26716d5638a00fc4a34bf392c6811b1fb30f9e4cb073880df8d3e6782b7979d7,bernoulli,5,completed
rep01,start_B,5,8,bfgs,bernoulli,bernoulli,54.746751076552385,False,False,-44.161515723218386,-71.53489126149458,bfgs,10,True,1.914817948645009e-09,False,2,bfgs,13,False,1.2231797450468206e-07,False,2,bernoulli,-44.161515723218386,-0.41123231377104497|0.26673252905506323|-0.50918787022582035|0.32513142925048633|-0.78856809186688326,4f896f2b867a36953e2add2cb99cbc131a7c0db3cb9530aae750c137edf57f5e,selected_candidate_loading,True,4f896f2b867a36953e2add2cb99cbc131a7c0db3cb9530aae750c137edf57f5e,bernoulli,5,completed
rep01,start_B,6,3,bfgs,bernoulli,bernoulli,58.36432975772206,False,True,-43.25851899779617,-72.4406838766572,bfgs,11,True,3.430253414649087e-10,False,2,bfgs,12,True,2.6761868721081326e-09,False,2,bernoulli,-43.25851899779617,0.02359226676132713|0.52101069978682313|0.70930171624446536|0.45560721661088116|-0.68057396617921873,cf9231747b5730927946d1a4fc3468a161372b5ca506760c663520f0fa35f932,selected_candidate_loading,True,cf9231747b5730927946d1a4fc3468a161372b5ca506760c663520f0fa35f932,bernoulli,5,completed
rep01,start_B,6,4,bfgs,bernoulli,bernoulli,59.69932798904843,False,True,-43.69999886419526,-73.54966285871947,bfgs,8,True,5.34071045166229e-09,False,2,bfgs,12,True,4.4609187455080245e-10,False,2,bernoulli,-43.69999886419526,1.1598714061734114|-0.32065614115087243|-0.22031022996033475|-0.17787421331054579|0.043872034124484982,1f4a3e885130cc60e38d27044fe14e46d1cc53870c0b3a285a71fad501229eb3,selected_candidate_loading,True,1f4a3e885130cc60e38d27044fe14e46d1cc53870c0b3a285a71fad501229eb3,bernoulli,5,completed
rep01,start_B,6,5,bfgs,bernoulli,bernoulli,54.11827519802097,False,True,-45.41325413782319,-72.47239173683367,bfgs,9,True,3.6623233334864836e-10,False,2,bfgs,13,True,5.737419339624239e-09,False,2,bernoulli,-45.41325413782319,-0.24731194052958061|1.024309464392029|0.20376742673745149|-0.28942900749490547|0.23704462978198435,2b0dff18f33942c8564bdfcfad845ba57f486efb7c726d179b4deebdc7d48a0c,selected_candidate_loading,True,2b0dff18f33942c8564bdfcfad845ba57f486efb7c726d179b4deebdc7d48a0c,bernoulli,5,completed
rep01,start_B,6,6,bfgs,bernoulli,bernoulli,51.22337445352443,False,False,-47.97800366975456,-73.58969089651677,bfgs,9,True,3.316024788091454e-10,False,2,bfgs,14,False,1.4615736798617717e-08,False,2,bernoulli,-47.97800366975456,0.029584492900898304|0.14613295847455665|-0.49411889997099806|-0.12326697497457387|0.23695767638631141,36ad41d08e34378b9ace69c4f023366aef7945ca6d9f760aeebe938b04831414,selected_candidate_loading,True,36ad41d08e34378b9ace69c4f023366aef7945ca6d9f760aeebe938b04831414,bernoulli,5,completed
rep01,start_B,6,7,bfgs,bernoulli,bernoulli,48.63566916090063,False,True,-49.05291866274556,-73.37075324319588,bfgs,10,True,2.255129416539603e-11,True,0,bfgs,11,True,8.986305033431563e-11,True,0,bernoulli,-49.05291866274556,0.02072810598261042|0.35078542389687772|-0.19536502817546958|0.097927326106518831|-0.35900625741481662,0056774e377837891728c0b38fdd10ddd48aa8c3e3fa21c8bab2c0d6aa297189,selected_candidate_loading,True,0056774e377837891728c0b38fdd10ddd48aa8c3e3fa21c8bab2c0d6aa297189,bernoulli,5,completed
rep01,start_B,6,8,bfgs,bernoulli,bernoulli,57.064696911937844,False,False,-42.96533277957146,-71.49768123554038,bfgs,9,False,1.7512865557733903e-08,False,2,bfgs,14,True,2.126722975503981e-09,False,2,bernoulli,-42.96533277957146,-0.44261309418216138|0.30574776304276047|-0.5040956560290546|0.43471187107342968|-0.87454601726856196,4e14c60925b0ceaea8f7db9b94bc534561c8669d8dab14b685e69b81197340f0,selected_candidate_loading,True,4e14c60925b0ceaea8f7db9b94bc534561c8669d8dab14b685e69b81197340f0,bernoulli,5,completed
rep01,start_B,7,3,bfgs,bernoulli,bernoulli,57.477358279868525,False,False,-43.27564430781935,-72.01432344775361,bfgs,9,True,4.883817794620882e-11,True,0,bfgs,15,False,4.193604636881787e-08,False,2,bernoulli,-43.27564430781935,-0.067331964066797922|0.60250599131121951|0.82901696525955282|0.23759500664318972|-0.6050062075786331,f3742d6e8328d1b8f88eef1c36a46e0cbb225e299ed80f7d0d0b52f04e332683,selected_candidate_loading,True,f3742d6e8328d1b8f88eef1c36a46e0cbb225e299ed80f7d0d0b52f04e332683,bernoulli,5,completed
rep01,start_B,7,4,bfgs,bernoulli,bernoulli,60.03395212665471,False,True,-43.57456577888161,-73.59154184220897,bfgs,9,True,4.980254431075082e-10,False,2,bfgs,12,True,8.874849299900233e-10,False,2,bernoulli,-43.57456577888161,1.2110151168456009|-0.43455197437532667|-0.30568598465127073|-0.020165522141871551|0.0088221870157817878,98561ea6ed768d7ba49aad1b62f1e76a5912564d6d281107e0e9feca00760220,selected_candidate_loading,True,98561ea6ed768d7ba49aad1b62f1e76a5912564d6d281107e0e9feca00760220,bernoulli,5,completed
rep01,start_B,7,5,bfgs,bernoulli,bernoulli,54.20733452585999,False,True,-44.61831277956943,-71.72198004249942,bfgs,9,True,2.682356559091659e-11,True,0,bfgs,13,True,8.847035437575812e-09,False,2,bernoulli,-44.61831277956943,-0.38380188831787859|1.1283838420958587|0.19302096738165014|-0.27409662752878539|0.1310877866272365,f286c7799efa8a31815919f0f97aba7f8eb800b14094a19d2278fe29e2075a0a,selected_candidate_loading,True,f286c7799efa8a31815919f0f97aba7f8eb800b14094a19d2278fe29e2075a0a,bernoulli,5,completed
rep01,start_B,7,6,bfgs,bernoulli,bernoulli,52.37969080559196,False,True,-47.226487875263885,-73.41633327805987,bfgs,9,True,5.241602707428683e-11,True,0,bfgs,11,True,1.1415602685360683e-09,False,2,bernoulli,-47.226487875263885,0.19549569689653623|0.056157719288496617|-0.54816948344814842|-0.25226998738605316|0.3158580662383228,d60a38b7e39b12e939475e9bf7cec8774a4fa1d70bb47e1d96e5f78d332294c7,selected_candidate_loading,True,d60a38b7e39b12e939475e9bf7cec8774a4fa1d70bb47e1d96e5f78d332294c7,bernoulli,5,completed
rep01,start_B,7,7,bfgs,bernoulli,bernoulli,49.82729925384629,False,False,-47.39569627008332,-72.30934589700647,bfgs,9,False,1.1147149514556531e-08,False,2,bfgs,12,True,3.64180730016983e-10,False,2,bernoulli,-47.39569627008332,-0.023362949026880513|0.73035703335247726|-0.071619336404127654|0.21241411719502046|-0.35747689722361148,84de8d6ea43528f4ec19f98bd411d23d788e46053f49d2b1bbc0234e61984a32,selected_candidate_loading,True,84de8d6ea43528f4ec19f98bd411d23d788e46053f49d2b1bbc0234e61984a32,bernoulli,5,completed
rep01,start_B,7,8,bfgs,bernoulli,bernoulli,54.798689432230475,False,True,-43.437467183957764,-70.836811900073,bfgs,9,True,1.6958221493723614e-10,False,2,bfgs,14,True,1.8076936392219523e-09,False,2,bernoulli,-43.437467183957764,-0.43811228364312321|0.26644964568885082|-0.41415869708816494|0.27064734400802209|-0.87598267987727529,0c957a3e0aa4f5fb8439e2937c5b9c0cb32d4050e64bdd550058175596e415b6,selected_candidate_loading,True,0c957a3e0aa4f5fb8439e2937c5b9c0cb32d4050e64bdd550058175596e415b6,bernoulli,5,completed
rep01,start_B,8,3,bfgs,bernoulli,bernoulli,57.51856647093082,False,True,-42.60466878908303,-71.36395202454844,bfgs,9,True,4.043556600663578e-11,True,0,bfgs,13,True,4.168998479769925e-09,False,2,bernoulli,-42.60466878908303,-0.040840148530615183|0.67727269521993971|0.93129328498095398|0.17166802638440407|-0.62844177671709422,42c9b43f778e36d06737d41ab00d3278f8c57f0b98fdf3377ee786270a71a1aa,selected_candidate_loading,True,42c9b43f778e36d06737d41ab00d3278f8c57f0b98fdf3377ee786270a71a1aa,bernoulli,5,completed
rep01,start_B,8,4,bfgs,bernoulli,bernoulli,64.30357149149879,False,True,-41.62090461463653,-73.77269036038592,bfgs,10,True,1.7586154754667405e-12,True,0,bfgs,14,True,2.5583233309589557e-10,False,2,bernoulli,-41.62090461463653,1.3713269163166077|-0.50887445016641797|-0.45720486799545224|-0.0013741338234373114|0.15255604386622579,48210b0e5f11e4efd6f16c122a66691f679a1b7f5855fcdf79737b5bc54357a3,selected_candidate_loading,True,48210b0e5f11e4efd6f16c122a66691f679a1b7f5855fcdf79737b5bc54357a3,bernoulli,5,completed
rep01,start_B,8,5,bfgs,bernoulli,bernoulli,54.17697768522709,False,True,-44.227871603161745,-71.31636044577529,bfgs,8,True,7.327383144684063e-11,True,0,bfgs,15,True,7.889630282420512e-10,False,2,bernoulli,-44.227871603161745,-0.40120351532628495|1.1510727566117254|0.15397605581645898|-0.14292772623461136|0.09225298545772298,9dc4534be0e5650109ac18ada84c7e7e5e8f88541f2a5ef4e0e0e8b753be1ed6,selected_candidate_loading,True,9dc4534be0e5650109ac18ada84c7e7e5e8f88541f2a5ef4e0e0e8b753be1ed6,bernoulli,5,completed
rep01,start_B,8,6,bfgs,bernoulli,bernoulli,53.089493877399576,False,True,-46.92231322148545,-73.46706016018524,bfgs,9,True,1.5162093802700837e-12,True,0,bfgs,17,True,1.7238019012211225e-09,False,2,bernoulli,-46.92231322148545,0.15401107971357203|0.23056481009826288|-0.50030511097083519|-0.25458153561966129|0.41856319011329252,77000d32d36b353ca1c44c2e60c08a4f31fe008ffd1eae746331b392c34e1672,selected_candidate_loading,True,77000d32d36b353ca1c44c2e60c08a4f31fe008ffd1eae746331b392c34e1672,bernoulli,5,completed
rep01,start_B,8,7,bfgs,bernoulli,bernoulli,50.774915579198236,False,True,-46.341236860132746,-71.72869464973186,bfgs,9,True,1.27210597611338e-10,False,2,bfgs,13,True,1.2150529471455228e-10,False,2,bernoulli,-46.341236860132746,-0.13024539800657789|0.68251975794902076|-0.091777641535499277|0.43824964194063187|-0.57395341502736197,3081c93db1cec8beb2ff95c153380d350144ab2678b1ba08bd492df8bb7ac42c,selected_candidate_loading,True,3081c93db1cec8beb2ff95c153380d350144ab2678b1ba08bd492df8bb7ac42c,bernoulli,5,completed
rep01,start_B,8,8,bfgs,bernoulli,bernoulli,52.5386749876931,False,True,-44.82785891248166,-71.09719640632821,bfgs,9,True,9.293836811252732e-11,True,0,bfgs,15,True,1.7186252421197423e-12,True,0,bernoulli,-44.82785891248166,-0.38734538287892678|0.3744216732397817|-0.28768357549724927|0.062139055931989949|-0.73234792173007879,a71c347cbb85ac8efe5ae13caf6f818cc86513c5d6998bd5738fdd9c25662eb6,selected_candidate_loading,True,a71c347cbb85ac8efe5ae13caf6f818cc86513c5d6998bd5738fdd9c25662eb6,bernoulli,5,completed
rep02,start_B,1,3,bfgs,bernoulli,bernoulli,45.865867512622856,False,True,-51.63022466941818,-74.56315842572961,bfgs,4,True,9.316991622654314e-14,True,0,bfgs,4,True,1.909583602355269e-15,True,0,bernoulli,-51.63022466941818,0.1960554674343753,7caab2277523c86f98882dbf677fb085192e7f1f539b5ff9566e7d1cc74e584b,selected_candidate_loading,True,7caab2277523c86f98882dbf677fb085192e7f1f539b5ff9566e7d1cc74e584b,bernoulli,1,completed
rep02,start_B,1,4,bfgs,bernoulli,bernoulli,47.18669394225212,False,True,-50.441760288791464,-74.03510725991752,bfgs,4,True,1.2256862191861729e-14,True,0,bfgs,4,True,3.1578961667833027e-12,True,0,bernoulli,-50.441760288791464,0.41729868337148546,13cc2b3683971b5fd71ac4a97cc612ceacfdcc5be053735bf39355c0f3711dbf,selected_candidate_loading,True,13cc2b3683971b5fd71ac4a97cc612ceacfdcc5be053735bf39355c0f3711dbf,bernoulli,1,completed
rep02,start_B,1,5,bfgs,bernoulli,bernoulli,45.72804513728802,False,False,-51.982204826829864,-74.84622739547387,bfgs,3,False,1.0289045180300604e-07,False,2,bfgs,5,True,1.3322676295501878e-15,True,0,bernoulli,-51.982204826829864,0.020223390993330936,119af834d615897e0c878280957b8443b92a346eb422c7dc4c67d56e43669d88,selected_candidate_loading,True,119af834d615897e0c878280957b8443b92a346eb422c7dc4c67d56e43669d88,bernoulli,1,completed
rep02,start_B,1,6,bfgs,bernoulli,bernoulli,48.88775629881188,False,True,-50.49638460095881,-74.94026275036475,bfgs,4,True,9.941203416019561e-12,True,0,bfgs,4,True,3.6275871195812216e-12,True,0,bernoulli,-50.49638460095881,-0.4094440221760246,ae7cf94b76ce724cd60d595d37aa50b15dccf00702fed8b4aeb0ef41f1c5f138,selected_candidate_loading,True,ae7cf94b76ce724cd60d595d37aa50b15dccf00702fed8b4aeb0ef41f1c5f138,bernoulli,1,completed
rep02,start_B,1,7,bfgs,bernoulli,bernoulli,57.52364287030184,False,True,-45.50667339760929,-74.26849483276021,bfgs,7,True,8.104628079763643e-16,True,0,bfgs,5,True,2.985611757821971e-13,True,0,bernoulli,-45.50667339760929,-0.93923166384554091,85aecebe8b26b7c4857d727b9d99b3093a172e72e04e84f62277363fd1eb5ccf,selected_candidate_loading,True,85aecebe8b26b7c4857d727b9d99b3093a172e72e04e84f62277363fd1eb5ccf,bernoulli,1,completed
rep02,start_B,1,8,bfgs,bernoulli,bernoulli,53.80761101949811,False,True,-47.67801082916343,-74.58181633891249,bfgs,6,True,8.516084504250898e-10,False,2,bfgs,5,True,3.612665722130259e-14,True,0,bernoulli,-47.67801082916343,-0.73394682847176018,df613f6872cf4bd3b6ae8b99ae0c27768d2ee842bbad054c918d0506880687d8,selected_candidate_loading,True,df613f6872cf4bd3b6ae8b99ae0c27768d2ee842bbad054c918d0506880687d8,bernoulli,1,completed
rep02,start_B,2,3,bfgs,bernoulli,bernoulli,46.29977176096631,False,False,-51.405221640540375,-74.55510752102353,bfgs,4,False,1.4893202227028723e-08,False,2,bfgs,4,True,1.1457501614131616e-14,True,0,bernoulli,-51.405221640540375,0.25162624288149182,6bc80fa2c409fccf2f63fd7a9d3c890615669a081855dc040692a14d22772845,selected_candidate_loading,True,6bc80fa2c409fccf2f63fd7a9d3c890615669a081855dc040692a14d22772845,bernoulli,1,completed
rep02,start_B,2,4,bfgs,bernoulli,bernoulli,47.197561813084235,False,True,-50.6622635209182,-74.26104442746032,bfgs,4,True,1.5374368445009167e-13,True,0,bfgs,4,True,8.179323884860424e-12,True,0,bernoulli,-50.6622635209182,0.3852548951978344,97bc9c575b8954aab72d8f4b67872266040361614a68f3c831944a93960b2a40,selected_candidate_loading,True,97bc9c575b8954aab72d8f4b67872266040361614a68f3c831944a93960b2a40,bernoulli,1,completed
rep02,start_B,2,5,bfgs,bernoulli,bernoulli,45.836133619054095,False,True,-51.882999404398376,-74.80106621392542,bfgs,4,True,6.448175327022909e-14,True,0,bfgs,4,True,1.0326850485853356e-12,True,0,bernoulli,-51.882999404398376,0.10503885721842642,09c7d57ecb8acd9f1e6dd8f739aa5595686969871150a7b9b2e4301c17ab0f8c,selected_candidate_loading,True,09c7d57ecb8acd9f1e6dd8f739aa5595686969871150a7b9b2e4301c17ab0f8c,bernoulli,1,completed
rep02,start_B,2,6,bfgs,bernoulli,bernoulli,50.060152859730934,False,True,-49.769162766918576,-74.79923919678404,bfgs,4,True,5.607958541986591e-13,True,0,bfgs,5,True,8.51363424203555e-13,True,0,bernoulli,-49.769162766918576,-0.50716549596567928,06f0b206266ad7f0e6747acfd7f5cf1fa1f600d452d35b861538bc787951f104,selected_candidate_loading,True,06f0b206266ad7f0e6747acfd7f5cf1fa1f600d452d35b861538bc787951f104,bernoulli,1,completed
rep02,start_B,2,7,bfgs,bernoulli,bernoulli,58.39743440637787,False,True,-44.83675960556293,-74.03547680875187,bfgs,4,True,4.222133753728485e-12,True,0,bfgs,7,True,1.5987211554602255e-15,True,0,bernoulli,-44.83675960556293,-1.0061832940961537,045125d9fa266f3bfe38ba6d079caeb6dd52fe8bb7d7af3b543e053fbce04ce0,selected_candidate_loading,True,045125d9fa266f3bfe38ba6d079caeb6dd52fe8bb7d7af3b543e053fbce04ce0,bernoulli,1,completed
rep02,start_B,2,8,bfgs,bernoulli,bernoulli,57.771007980753424,False,True,-45.20770929651872,-74.09321328689543,bfgs,5,True,1.3322676295501878e-15,True,0,bfgs,7,True,1.865174681370263e-15,True,0,bernoulli,-45.20770929651872,-0.97210138808676849,d267f71be1015ce3720fc6d2c7559fbb65685baa6bc7205493aed5016f16c761,selected_candidate_loading,True,d267f71be1015ce3720fc6d2c7559fbb65685baa6bc7205493aed5016f16c761,bernoulli,1,completed
rep02,start_B,3,3,bfgs,bernoulli,bernoulli,46.10012892010573,False,True,-51.44660886666979,-74.49667332672266,bfgs,3,True,3.29284599587254e-11,True,0,bfgs,4,True,3.0238922477110463e-12,True,0,bernoulli,-51.44660886666979,0.24251603717142384,d8fc0c66af3985c52a4db4a5c80123a9e2c190b070b4a065a253233145119958,selected_candidate_loading,True,d8fc0c66af3985c52a4db4a5c80123a9e2c190b070b4a065a253233145119958,bernoulli,1,completed
rep02,start_B,3,4,bfgs,bernoulli,bernoulli,47.17276908612803,False,True,-50.51485725632581,-74.10124179938983,bfgs,4,True,8.881784197001253e-17,True,0,bfgs,4,True,3.140065985007823e-12,True,0,bernoulli,-50.51485725632581,0.40821653902408533,a47a4062d9b498c044b622f3fef2849d9dbcc744043136667a9371a8722316ac,selected_candidate_loading,True,a47a4062d9b498c044b622f3fef2849d9dbcc744043136667a9371a8722316ac,bernoulli,1,completed
rep02,start_B,3,5,bfgs,bernoulli,bernoulli,45.78014037906301,False,True,-51.79969043224376,-74.68976062177526,bfgs,4,True,8.881784197001253e-17,True,0,bfgs,4,True,1.8118839761882553e-14,True,0,bernoulli,-51.79969043224376,0.14151996743925116,4f54549efdd67c46296bdf367a18237c31da5701377a4233d2acdf8455889f31,selected_candidate_loading,True,4f54549efdd67c46296bdf367a18237c31da5701377a4233d2acdf8455889f31,bernoulli,1,completed
rep02,start_B,3,6,bfgs,bernoulli,bernoulli,49.70345613461468,False,False,-50.02467530157953,-74.87640336888687,bfgs,3,False,9.563830885017666e-08,False,2,bfgs,5,True,2.5224267119483555e-14,True,0,bernoulli,-50.02467530157953,-0.47613372497686618,657fd7afba637f258af79db3027d2ca4d856616fc0aa488252c4e3c143041d79,selected_candidate_loading,True,657fd7afba637f258af79db3027d2ca4d856616fc0aa488252c4e3c143041d79,bernoulli,1,completed
rep02,start_B,3,7,bfgs,bernoulli,bernoulli,60.45535773615755,False,True,-43.770335258428396,-73.99801412650717,bfgs,5,True,1.984695963130889e-10,False,2,bfgs,7,True,1.9539925233402757e-15,True,0,bernoulli,-43.770335258428396,-1.114781006084129,044b66583f45297634f841cce35551cc0880790ee97cdd2ff609ebf1104c3d9d,selected_candidate_loading,True,044b66583f45297634f841cce35551cc0880790ee97cdd2ff609ebf1104c3d9d,bernoulli,1,completed
rep02,start_B,3,8,bfgs,bernoulli,bernoulli,56.391156505518765,False,True,-46.142927019745606,-74.33850527250499,bfgs,5,True,1.0658141036401502e-15,True,0,bfgs,7,True,2.1316282072803005e-15,True,0,bernoulli,-46.142927019745606,-0.89221002603386412,efca8d4fa472dcf69fb9be84b2f4477db7264291a00ed4fa417e3176850932b4,selected_candidate_loading,True,efca8d4fa472dcf69fb9be84b2f4477db7264291a00ed4fa417e3176850932b4,bernoulli,1,completed
rep02,start_B,4,3,bfgs,bernoulli,bernoulli,45.93715477698407,False,False,-51.57901830624024,-74.54759569473228,bfgs,3,False,1.3207842552986903e-08,False,2,bfgs,4,True,2.264854970235319e-15,True,0,bernoulli,-51.57901830624024,0.20992371717807182,a93b88198f0a2325073c0e34c3273dcef4a43adc4f94d783ac9b1956faa535da,selected_candidate_loading,True,a93b88198f0a2325073c0e34c3273dcef4a43adc4f94d783ac9b1956faa535da,bernoulli,1,completed
rep02,start_B,4,4,bfgs,bernoulli,bernoulli,46.835904372223055,False,True,-50.759877613447195,-74.17782979955872,bfgs,4,True,4.853895063661184e-13,True,0,bfgs,4,True,2.0534685063466894e-13,True,0,bernoulli,-50.759877613447195,0.36992305049234386,de88ffa8f696b5c05412828060ee340ec4c1be65a3e20af660d3c708d38b6aea,selected_candidate_loading,True,de88ffa8f696b5c05412828060ee340ec4c1be65a3e20af660d3c708d38b6aea,bernoulli,1,completed
rep02,start_B,4,5,bfgs,bernoulli,bernoulli,45.71061905223938,False,False,-51.87475341721758,-74.73006294333727,bfgs,4,True,2.930988785010413e-15,True,0,bfgs,3,False,5.631125300276097e-07,False,2,bernoulli,-51.87475341721758,0.10917330544913899,c281955c0f1a481fc7198b611fb5ec36aed095a3480ee1a2a96683ad891f472a,selected_candidate_loading,True,c281955c0f1a481fc7198b611fb5ec36aed095a3480ee1a2a96683ad891f472a,bernoulli,1,completed
rep02,start_B,4,6,bfgs,bernoulli,bernoulli,49.40643074736687,False,True,-50.201102283585556,-74.90431765726899,bfgs,4,True,3.801403636316536e-14,True,0,bfgs,5,True,4.579669976578771e-14,True,0,bernoulli,-50.201102283585556,-0.45101637958010687,efcc74271bfe6ab9cceea70122a11406304b043c61e67d9b20b5eae17601abde,selected_candidate_loading,True,efcc74271bfe6ab9cceea70122a11406304b043c61e67d9b20b5eae17601abde,bernoulli,1,completed
rep02,start_B,4,7,bfgs,bernoulli,bernoulli,60.545442273395565,False,True,-43.72511350904581,-73.9978346457436,bfgs,4,True,5.551115123125783e-17,True,0,bfgs,6,True,2.327027459614328e-13,True,0,bernoulli,-43.72511350904581,-1.1044799047152682,e4fe6165555afb6a7eb0979a4acd114724003bc60b25f5e45afc0243bc0b3a73,selected_candidate_loading,True,e4fe6165555afb6a7eb0979a4acd114724003bc60b25f5e45afc0243bc0b3a73,bernoulli,1,completed
rep02,start_B,4,8,bfgs,bernoulli,bernoulli,56.48943365784001,False,True,-46.09762185467365,-74.34233868359365,bfgs,3,True,9.505507492235665e-12,True,0,bfgs,7,True,8.881784197001252e-16,True,0,bernoulli,-46.09762185467365,-0.88753921024626325,6b5c46f17dadb92cf7b1350def4fd6395ec362fe4dc86b18cb70e0c8410eabdb,selected_candidate_loading,True,6b5c46f17dadb92cf7b1350def4fd6395ec362fe4dc86b18cb70e0c8410eabdb,bernoulli,1,completed
rep02,start_B,5,3,bfgs,bernoulli,bernoulli,46.15464100126579,False,True,-51.51849599127593,-74.59581649190882,bfgs,3,True,4.570415157445496e-11,True,0,bfgs,4,True,7.105427357601002e-16,True,0,bernoulli,-51.51849599127593,0.22541456410143323,b2f4ddab201a7687f501cedfd4acf14626524c16943ad91f70a152f59b221ee4,selected_candidate_loading,True,b2f4ddab201a7687f501cedfd4acf14626524c16943ad91f70a152f59b221ee4,bernoulli,1,completed
rep02,start_B,5,4,bfgs,bernoulli,bernoulli,47.56762403985232,False,True,-50.34973629123165,-74.13354831115781,bfgs,4,True,3.05089287166993e-14,True,0,bfgs,4,True,8.44053715809423e-12,True,0,bernoulli,-50.34973629123165,0.43177640821187058,53c7fd2d1e67847393c2770beb7c8fad091a4e5a9dc956ec8869465d409cfdc5,selected_candidate_loading,True,53c7fd2d1e67847393c2770beb7c8fad091a4e5a9dc956ec8869465d409cfdc5,bernoulli,1,completed
rep02,start_B,5,5,bfgs,bernoulli,bernoulli,45.84498097179528,False,True,-51.847907212620115,-74.77039769851775,bfgs,3,True,6.3255178872623216e-12,True,0,bfgs,4,True,3.1303848402330913e-13,True,0,bernoulli,-51.847907212620115,0.12171844985803029,839729e8ade35d7f7962eaef8ee39d8405f92b0deba28c1b81e7f74fbc03e910,selected_candidate_loading,True,839729e8ade35d7f7962eaef8ee39d8405f92b0deba28c1b81e7f74fbc03e910,bernoulli,1,completed
rep02,start_B,5,6,bfgs,bernoulli,bernoulli,49.81646645421877,False,True,-49.91907221334724,-74.82730544045663,bfgs,3,True,3.823927841040131e-11,True,0,bfgs,5,True,7.102762822341902e-13,True,0,bernoulli,-49.91907221334724,-0.48957029509218325,349b5ac4f1da06626c2cccda4e46385fb073781dcfdb5e9935fe4b55ab999f16,selected_candidate_loading,True,349b5ac4f1da06626c2cccda4e46385fb073781dcfdb5e9935fe4b55ab999f16,bernoulli,1,completed
rep02,start_B,5,7,bfgs,bernoulli,bernoulli,58.891778274995815,False,True,-44.573133048622076,-74.01902218611998,bfgs,5,True,7.549516567451064e-16,True,0,bfgs,6,True,1.1155520951433573e-12,True,0,bernoulli,-44.573133048622076,-1.0391544772006274,8a6513962ba1472db138d71186a42b4a71fd5d14fa02066364088eb5069d1a6f,selected_candidate_loading,True,8a6513962ba1472db138d71186a42b4a71fd5d14fa02066364088eb5069d1a6f,bernoulli,1,completed
rep02,start_B,5,8,bfgs,bernoulli,bernoulli,56.351050529944416,False,True,-46.07230620845786,-74.24783147343007,bfgs,3,True,5.324629626102251e-13,True,0,bfgs,7,True,1.4210854715202005e-15,True,0,bernoulli,-46.07230620845786,-0.8980565014714903,f196024484768640e95f084d551f83a95c8338739b4a71f6b02b3a174f0c6845,selected_candidate_loading,True,f196024484768640e95f084d551f83a95c8338739b4a71f6b02b3a174f0c6845,bernoulli,1,completed
rep02,start_B,6,3,bfgs,bernoulli,bernoulli,45.85059242253534,False,True,-51.796031848513984,-74.72132805978165,bfgs,4,True,7.983924632526396e-12,True,0,bfgs,5,True,9.430305425439656e-11,True,0,bernoulli,-51.796031848513984,0.14296981844204776,e66bc9aa7b828e73c3d4f25d70e348919c190cedae495e21240f5b3e33296f35,selected_candidate_loading,True,e66bc9aa7b828e73c3d4f25d70e348919c190cedae495e21240f5b3e33296f35,bernoulli,1,completed
rep02,start_B,6,4,bfgs,bernoulli,bernoulli,46.904030066506365,False,True,-50.826651426273294,-74.27866645952648,bfgs,5,True,8.881784197001253e-17,True,0,bfgs,4,True,7.489298070595397e-12,True,0,bernoulli,-50.826651426273294,0.36090985403813708,90b548412d1001cae3b3da78092af211de214e1ebb8c078f75dbec80c5ff6dd1,selected_candidate_loading,True,90b548412d1001cae3b3da78092af211de214e1ebb8c078f75dbec80c5ff6dd1,bernoulli,1,completed
rep02,start_B,6,5,bfgs,bernoulli,bernoulli,45.78083185248512,False,True,-51.90868358764258,-74.79909951388514,bfgs,4,True,1.7763568394002505e-15,True,0,bfgs,5,True,1.021405182655144e-15,True,0,bernoulli,-51.90868358764258,0.090993364540711275,47c93874f1061112c3eaca7bf6f189c3a5632b9374c669c2bce9fa4651f1e2b2,selected_candidate_loading,True,47c93874f1061112c3eaca7bf6f189c3a5632b9374c669c2bce9fa4651f1e2b2,bernoulli,1,completed
rep02,start_B,6,6,bfgs,bernoulli,bernoulli,48.25471444707233,False,False,-50.82073375150743,-74.9480909750436,bfgs,5,True,7.105427357601002e-16,True,0,bfgs,4,False,5.407226163489653e-08,False,2,bernoulli,-50.82073375150743,-0.3618777285702931,b7918b67888de80348dd778c0ed5236b39f3ed4493a3b4975d0e13156ef8571d,selected_candidate_loading,True,b7918b67888de80348dd778c0ed5236b39f3ed4493a3b4975d0e13156ef8571d,bernoulli,1,completed
rep02,start_B,6,7,bfgs,bernoulli,bernoulli,59.58965829470361,False,False,-44.22209113148733,-74.01692027883914,bfgs,3,False,1.1989252446387156e-08,False,2,bfgs,7,True,3.508304757815495e-15,True,0,bernoulli,-44.22209113148733,-1.0849234015391218,be069261b9def3f5a1d27252c01983e4c4e899f3f36e38b73dd0a9400c60069e,selected_candidate_loading,True,be069261b9def3f5a1d27252c01983e4c4e899f3f36e38b73dd0a9400c60069e,bernoulli,1,completed
rep02,start_B,6,8,bfgs,bernoulli,bernoulli,57.68882251526719,False,True,-45.33351675506742,-74.17792801270102,bfgs,4,True,3.1545521750331317e-11,True,0,bfgs,7,True,6.190603585309873e-14,True,0,bernoulli,-45.33351675506742,-0.97888959061177816,e8f1bb5c33dc191e1045476875f2369a20de31aa4d9be693fe0c70a78882b668,selected_candidate_loading,True,e8f1bb5c33dc191e1045476875f2369a20de31aa4d9be693fe0c70a78882b668,bernoulli,1,completed
rep02,start_B,7,3,bfgs,bernoulli,bernoulli,45.82488654049125,False,False,-51.654426258297256,-74.56686952854288,bfgs,3,False,1.584867712622895e-08,False,2,bfgs,3,False,4.505641793883797e-07,False,2,bernoulli,-51.654426258297256,0.1892949318102588,4df799aed494098460b45a610550d2b1486a9c364cc73db46444dda9a0aee02f,selected_candidate_loading,True,4df799aed494098460b45a610550d2b1486a9c364cc73db46444dda9a0aee02f,bernoulli,1,completed
rep02,start_B,7,4,bfgs,bernoulli,bernoulli,47.01311481896195,False,True,-50.55690238772927,-74.06345979721024,bfgs,4,True,1.2878587085651815e-15,True,0,bfgs,4,True,1.1226575225009583e-12,True,0,bernoulli,-50.55690238772927,0.40153412849236825,ca2cd4b8bc980d0624464760d17cb924c0fed830984aab352242ad9ce0445027,selected_candidate_loading,True,ca2cd4b8bc980d0624464760d17cb924c0fed830984aab352242ad9ce0445027,bernoulli,1,completed
rep02,start_B,7,5,bfgs,bernoulli,bernoulli,45.67038110307111,False,True,-51.891519449340855,-74.72671000087641,bfgs,3,True,7.105427357601002e-13,True,0,bfgs,3,True,1.2374368196788054e-11,True,0,bernoulli,-51.891519449340855,0.10059444137934628,c3c521af6a118352dee9bfb774ab8d56724911ff96958e9799a41b0f1a91e027,selected_candidate_loading,True,c3c521af6a118352dee9bfb774ab8d56724911ff96958e9799a41b0f1a91e027,bernoulli,1,completed
rep02,start_B,7,6,bfgs,bernoulli,bernoulli,49.24518732424494,False,True,-50.30190322078471,-74.92449688290718,bfgs,4,True,4.121147867408581e-14,True,0,bfgs,5,True,2.222177997168728e-12,True,0,bernoulli,-50.30190322078471,-0.4380906128374813,be14d26278e976b1a45561dbe9b6a11ee2ba989203467fd5eddd61400ac8f9f0,selected_candidate_loading,True,be14d26278e976b1a45561dbe9b6a11ee2ba989203467fd5eddd61400ac8f9f0,bernoulli,1,completed
rep02,start_B,7,7,bfgs,bernoulli,bernoulli,60.95685399401847,False,True,-43.53327100798411,-74.01169800499335,bfgs,4,True,1.885158695813516e-14,True,0,bfgs,6,True,1.5444623358007446e-11,True,0,bernoulli,-43.53327100798411,-1.1283408890251712,ad3c8b41999a51c554be7403a2dfe15716f3a4d32a456214d9345aafee550ddf,selected_candidate_loading,True,ad3c8b41999a51c554be7403a2dfe15716f3a4d32a456214d9345aafee550ddf,bernoulli,1,completed
rep02,start_B,7,8,bfgs,bernoulli,bernoulli,56.98651848737859,False,True,-45.843361532660964,-74.33662077635026,bfgs,5,True,1.7763568394002506e-16,True,0,bfgs,7,True,6.217248937900876e-16,True,0,bernoulli,-45.843361532660964,-0.91592622062485896,60a26d0c0130d2d86d8973569779a0c8e3f87044f03f2b0166dd503cbd43c72c,selected_candidate_loading,True,60a26d0c0130d2d86d8973569779a0c8e3f87044f03f2b0166dd503cbd43c72c,bernoulli,1,completed
rep02,start_B,8,3,bfgs,bernoulli,bernoulli,45.90791010352278,False,True,-51.60486659499666,-74.55882164675805,bfgs,3,True,1.9112467164461576e-11,True,0,bfgs,4,True,9.598100092489404e-13,True,0,bernoulli,-51.60486659499666,0.20312774294104718,4af6fba4931dd50c06284c755b2e477a5eea0062ffddbc005f83a0764f76b96e,selected_candidate_loading,True,4af6fba4931dd50c06284c755b2e477a5eea0062ffddbc005f83a0764f76b96e,bernoulli,1,completed
rep02,start_B,8,4,bfgs,bernoulli,bernoulli,47.051586504298356,False,True,-50.5734218524535,-74.09921510460268,bfgs,3,True,2.142286348316702e-13,True,0,bfgs,4,True,6.24122975523278e-13,True,0,bernoulli,-50.5734218524535,0.39897590746341144,bf5634006eb7cbdc26af95bff415b5eb92575bf042f871980f0b1aeda7a92f31,selected_candidate_loading,True,bf5634006eb7cbdc26af95bff415b5eb92575bf042f871980f0b1aeda7a92f31,bernoulli,1,completed
rep02,start_B,8,5,bfgs,bernoulli,bernoulli,45.77690309427423,False,False,-51.760370658616715,-74.64882220575383,bfgs,4,True,2.5579538487363607e-14,True,0,bfgs,2,False,2.610059124386055e-07,False,2,bernoulli,-51.760370658616715,0.15582549412516214,3770b608787bf46895098d6379cbc54a2b0afe92d5c3f308a68c61b0a3c94591,selected_candidate_loading,True,3770b608787bf46895098d6379cbc54a2b0afe92d5c3f308a68c61b0a3c94591,bernoulli,1,completed
rep02,start_B,8,6,bfgs,bernoulli,bernoulli,48.720669739671806,False,False,-50.584861996567575,-74.94519686640348,bfgs,4,True,1.5046186518929971e-12,True,0,bfgs,4,False,1.7714724060979846e-07,False,2,bernoulli,-50.584861996567575,-0.39726791224831631,7d493905ec70cf24143b295a69c6c03334e54c7acb138288069a65e357e7de11,selected_candidate_loading,True,7d493905ec70cf24143b295a69c6c03334e54c7acb138288069a65e357e7de11,bernoulli,1,completed
rep02,start_B,8,7,bfgs,bernoulli,bernoulli,60.20797824668007,False,True,-43.93488971070688,-74.03887883404691,bfgs,4,True,1.581224040592133e-12,True,0,bfgs,6,True,2.788880237858393e-14,True,0,bernoulli,-43.93488971070688,-1.0920212614755211,5c201b64826b02df13b33988c659b8a3a1e8d472ae6944b6e3fa8af43ff0be6c,selected_candidate_loading,True,5c201b64826b02df13b33988c659b8a3a1e8d472ae6944b6e3fa8af43ff0be6c,bernoulli,1,completed
rep02,start_B,8,8,bfgs,bernoulli,bernoulli,56.844675522988936,False,True,-45.89802281905367,-74.32036058054814,bfgs,3,True,1.6416201731317415e-11,True,0,bfgs,7,True,9.769962616701378e-16,True,0,bernoulli,-45.89802281905367,-0.91065244123793643,b9aebde84ff3f1bb4d8516d4956782377df8c70ca4d48623e6221363d71b54d5,selected_candidate_loading,True,b9aebde84ff3f1bb4d8516d4956782377df8c70ca4d48623e6221363d71b54d5,bernoulli,1,completed
rep02,start_B,1,3,bfgs,bernoulli,bernoulli,45.29343382678948,False,True,-51.928006645453664,-74.5747235588484,bfgs,6,True,9.020340030474472e-13,True,0,bfgs,6,True,1.536008653602039e-10,False,2,bernoulli,-51.928006645453664,-0.040050471806008951|0.04912249118294286,c8392d255a20c1e689b737af0416e2344eb0479a24a3d9d2341f604828a03c8c,selected_candidate_loading,True,c8392d255a20c1e689b737af0416e2344eb0479a24a3d9d2341f604828a03c8c,bernoulli,2,completed
rep02,start_B,1,4,bfgs,bernoulli,bernoulli,46.68136011178794,False,False,-50.123570978850964,-73.46425103474493,bfgs,5,False,8.600522898305485e-08,False,2,bfgs,5,True,4.8670845131937316e-12,True,0,bernoulli,-50.123570978850964,0.30426437559156244|0.44612577558675565,2815a93052ff40db1ec6e93cfc192cc0d95c3b2ff97f440ede876a3c4948defd,selected_candidate_loading,True,2815a93052ff40db1ec6e93cfc192cc0d95c3b2ff97f440ede876a3c4948defd,bernoulli,2,completed
rep02,start_B,1,5,bfgs,bernoulli,bernoulli,45.68991641592403,False,True,-51.67602231012243,-74.52098051808444,bfgs,6,True,3.1146640822043993e-12,True,0,bfgs,8,True,5.075087017303304e-11,True,0,bernoulli,-51.67602231012243,-0.22251246467974195|0.025520851139533406,5ff3e40bb05128879ca637a673c26eef6b245f0f21e573f52fe10ee10a8d7be8,selected_candidate_loading,True,5ff3e40bb05128879ca637a673c26eef6b245f0f21e573f52fe10ee10a8d7be8,bernoulli,2,completed
rep02,start_B,1,6,bfgs,bernoulli,bernoulli,46.60730964037957,False,True,-50.90904568053582,-74.2127005007256,bfgs,8,True,2.4786839247781245e-12,True,0,bfgs,7,True,2.540501142789253e-12,True,0,bernoulli,-50.90904568053582,0.54575962082610407|0.16734609905325856,4e4597979720a63f54f6d2215bccdf2e6f3e82ef7f86aadcd36e70e12af5ee8f,selected_candidate_loading,True,4e4597979720a63f54f6d2215bccdf2e6f3e82ef7f86aadcd36e70e12af5ee8f,bernoulli,2,completed
rep02,start_B,1,7,bfgs,bernoulli,bernoulli,56.486890452758814,False,True,-46.23677828714578,-74.48022351352519,bfgs,9,True,4.083222648887386e-12,True,0,bfgs,7,True,4.582613399861657e-10,False,2,bernoulli,-46.23677828714578,0.15797866054641613|-0.67351231599272066,a85ac5ff26b9ddd6d79241a1f7e3f29798d88a6d6a2f4a47c964150652b77ecc,selected_candidate_loading,True,a85ac5ff26b9ddd6d79241a1f7e3f29798d88a6d6a2f4a47c964150652b77ecc,bernoulli,2,completed
rep02,start_B,1,8,bfgs,bernoulli,bernoulli,52.236668733150736,False,False,-48.22539963155356,-74.34373399812893,bfgs,10,True,7.46686268371377e-11,True,0,bfgs,7,False,5.332426922244338e-08,False,2,bernoulli,-48.22539963155356,0.62544169839166297|-0.26099136409455642,868b375ac23f23a93831c6e06dc47188afbb826b2e2439e1f52756726513c442,selected_candidate_loading,True,868b375ac23f23a93831c6e06dc47188afbb826b2e2439e1f52756726513c442,bernoulli,2,completed
rep02,start_B,2,3,bfgs,bernoulli,bernoulli,45.64899977113386,False,True,-51.2208834660893,-74.04538335165623,bfgs,7,True,2.3394619574901297e-13,True,0,bfgs,5,True,1.6136425529111875e-12,True,0,bernoulli,-51.2208834660893,0.28888313652774739|0.29211487090209665,5bb327959c936c84cc9a50138a6da8f61bbf06f4f12574fcd95c964dea2f8947,selected_candidate_loading,True,5bb327959c936c84cc9a50138a6da8f61bbf06f4f12574fcd95c964dea2f8947,bernoulli,2,completed
rep02,start_B,2,4,bfgs,bernoulli,bernoulli,49.08657630397681,False,True,-48.229563852979766,-72.77285200496817,bfgs,7,True,3.588240815588506e-13,True,0,bfgs,6,True,3.079936305994124e-12,True,0,bernoulli,-48.229563852979766,0.5561965191143573|0.68896974798728738,509176ca70e8b1e255158472fd3cf64f92a45e3607c6286d0ac322508082152d,selected_candidate_loading,True,509176ca70e8b1e255158472fd3cf64f92a45e3607c6286d0ac322508082152d,bernoulli,2,completed
rep02,start_B,2,5,bfgs,bernoulli,bernoulli,45.949583295476884,False,True,-51.682056201775026,-74.65684784951347,bfgs,5,True,4.141398335377744e-12,True,0,bfgs,7,True,7.887202002621053e-12,True,0,bernoulli,-51.682056201775026,-0.23627095382799654|-0.00052082870693876803,4bf6a5c8be1022baa020d5d1eaab162b6468e6862b0f3e0a5c2a193bcee11059,selected_candidate_loading,True,4bf6a5c8be1022baa020d5d1eaab162b6468e6862b0f3e0a5c2a193bcee11059,bernoulli,2,completed
rep02,start_B,2,6,bfgs,bernoulli,bernoulli,48.17080710768741,False,True,-50.107218246804436,-74.19262180064814,bfgs,6,True,5.245133216646991e-11,True,0,bfgs,7,True,2.381206343216036e-13,True,0,bernoulli,-50.107218246804436,0.60257270504006855|-0.0027387436686979686,3db09fe0ee4860bb07cabbce63dfb827c5cdf2c2c2de005fa5c1d77d31e60e23,selected_candidate_loading,True,3db09fe0ee4860bb07cabbce63dfb827c5cdf2c2c2de005fa5c1d77d31e60e23,bernoulli,2,completed
rep02,start_B,2,7,bfgs,bernoulli,bernoulli,59.720835358473806,False,True,-43.94940933888539,-73.80982701812229,bfgs,6,True,2.8636160109840603e-11,True,0,bfgs,11,True,5.978080253044027e-11,True,0,bernoulli,-43.94940933888539,0.36185195045671154|-0.74962067646214581,bb7db06c891f509085435be8c3293da2f95992106cb8e47db9dfe052010e2377,selected_candidate_loading,True,bb7db06c891f509085435be8c3293da2f95992106cb8e47db9dfe052010e2377,bernoulli,2,completed
rep02,start_B,2,8,bfgs,bernoulli,bernoulli,58.085395327954814,False,True,-44.46312231525725,-73.50581997923466,bfgs,6,True,5.353786303174957e-11,True,0,bfgs,7,True,1.142197447734361e-13,True,0,bernoulli,-44.46312231525725,0.8209871505987556|-0.45305695105201316,0a72ab3b124ae4b5b98f8e0645cb21a55dc5f85c16f5ca6e435c168f8de52017,selected_candidate_loading,True,0a72ab3b124ae4b5b98f8e0645cb21a55dc5f85c16f5ca6e435c168f8de52017,bernoulli,2,completed
rep02,start_B,3,3,bfgs,bernoulli,bernoulli,49.279794296304246,False,True,-47.64938713551263,-72.28928428366476,bfgs,7,True,4.0248337995762995e-10,False,2,bfgs,6,True,1.459312670704094e-11,True,0,bernoulli,-47.64938713551263,0.7411490156001459|0.58928270469415223,c961b96b7d423a38912977c5b2566a93ddb7f4cd27e938d5be95d279ba3ed049,selected_candidate_loading,True,c961b96b7d423a38912977c5b2566a93ddb7f4cd27e938d5be95d279ba3ed049,bernoulli,2,completed
rep02,start_B,3,4,bfgs,bernoulli,bernoulli,47.98791555933323,False,True,-48.65328107733603,-72.64723885700265,bfgs,6,True,6.190603585309873e-12,True,0,bfgs,6,True,1.7035262089848402e-12,True,0,bernoulli,-48.65328107733603,0.41734961575485485|0.58080403008217196,f45bc1ba024ddd5f0296cd0675b4aedc5b09837a8cd325ba222398fe8f74fd29,selected_candidate_loading,True,f45bc1ba024ddd5f0296cd0675b4aedc5b09837a8cd325ba222398fe8f74fd29,bernoulli,2,completed
rep02,start_B,3,5,bfgs,bernoulli,bernoulli,47.01462377473305,False,True,-51.12386313921108,-74.63117502657761,bfgs,6,True,7.130296353352605e-13,True,0,bfgs,7,True,1.3779200003227744e-12,True,0,bernoulli,-51.12386313921108,-0.38115296319057979|-0.019031810662344637,87898002fc08b44dc3763dc61649d45e96ea4755efd0278f218b22465607eb88,selected_candidate_loading,True,87898002fc08b44dc3763dc61649d45e96ea4755efd0278f218b22465607eb88,bernoulli,2,completed
rep02,start_B,3,6,bfgs,bernoulli,bernoulli,48.10667412433058,False,False,-50.700637212860364,-74.75397427502566,bfgs,10,True,2.9442688287417696e-10,False,2,bfgs,5,False,3.6476679809993584e-07,False,2,bernoulli,-50.700637212860364,0.10455927617342523|-0.29745953839896749,862bd897f405e3d604335395f83c52ab3ccecf4bbc329586d7668f97f8445c8b,selected_candidate_loading,True,862bd897f405e3d604335395f83c52ab3ccecf4bbc329586d7668f97f8445c8b,bernoulli,2,completed
rep02,start_B,3,7,bfgs,bernoulli,bernoulli,61.47435883759448,False,False,-43.21978156580765,-73.95696098460489,bfgs,6,False,1.9453457600349112e-08,False,2,bfgs,9,True,3.1050240600904998e-09,False,2,bernoulli,-43.21978156580765,0.093216555143620178|-0.98296133916757156,12374945113334d9f474633175525da0bccff8f163ecddf64228ff904197646f,selected_candidate_loading,True,12374945113334d9f474633175525da0bccff8f163ecddf64228ff904197646f,bernoulli,2,completed
rep02,start_B,3,8,bfgs,bernoulli,bernoulli,57.68168288249302,False,True,-44.47299045054784,-73.31383189179435,bfgs,5,True,4.185920499111262e-11,True,0,bfgs,10,True,1.627256729364035e-09,False,2,bernoulli,-44.47299045054784,0.81865219190695393|-0.51417031865437823,63b71cff4ced4bc8342e56f3f06c0dd98d28f160c0228c558bbb0babd95fc2af,selected_candidate_loading,True,63b71cff4ced4bc8342e56f3f06c0dd98d28f160c0228c558bbb0babd95fc2af,bernoulli,2,completed
rep02,start_B,4,3,bfgs,bernoulli,bernoulli,57.78440449284244,False,True,-42.858054424185255,-71.75025667060648,bfgs,7,True,1.3967591527830337e-10,False,2,bfgs,9,True,4.007311460441087e-09,False,2,bernoulli,-42.858054424185255,0.86750858551437671|0.92031966696548673,ff6de2ff2888e9850cf58ba28d3453344b654bacf1952b66290c45c937d95856,selected_candidate_loading,True,ff6de2ff2888e9850cf58ba28d3453344b654bacf1952b66290c45c937d95856,bernoulli,2,completed
rep02,start_B,4,4,bfgs,bernoulli,bernoulli,47.96434850356589,False,True,-49.543104554458914,-73.52527880624186,bfgs,6,True,1.2498727386400788e-09,False,2,bfgs,6,True,9.187933081022948e-10,False,2,bernoulli,-49.543104554458914,0.085452667509258645|0.50618879492664315,edb285a09761061ab3518943b75463ab63f8ba88b54b09c9e85a59b78d1fba16,selected_candidate_loading,True,edb285a09761061ab3518943b75463ab63f8ba88b54b09c9e85a59b78d1fba16,bernoulli,2,completed
rep02,start_B,4,5,bfgs,bernoulli,bernoulli,45.78272123916284,False,False,-51.78545345532298,-74.6768140749044,bfgs,7,True,1.9557688801796757e-13,True,0,bfgs,6,False,1.8951199098893312e-07,False,2,bernoulli,-51.78545345532298,-0.13611062058072923|0.057572639899789557,0425329dcff0b98fcc58c25913b3bd62d0c50762156c4916c94c6a12f60e6cac,selected_candidate_loading,True,0425329dcff0b98fcc58c25913b3bd62d0c50762156c4916c94c6a12f60e6cac,bernoulli,2,completed
rep02,start_B,4,6,bfgs,bernoulli,bernoulli,52.30072089309209,False,False,-48.61157842263249,-74.76193886917854,bfgs,6,False,1.723660902896995e-08,False,2,bfgs,7,True,1.0304903597102565e-10,False,2,bernoulli,-48.61157842263249,-0.13526883685645902|-0.60438974911005672,3a2b4623736013f72e8f704ed9be81621f371ea4ad7830bbbea497eb938954cc,selected_candidate_loading,True,3a2b4623736013f72e8f704ed9be81621f371ea4ad7830bbbea497eb938954cc,bernoulli,2,completed
rep02,start_B,4,7,bfgs,bernoulli,bernoulli,62.59161581563704,False,True,-42.641112957258734,-73.93692086507725,bfgs,5,True,3.152611505186087e-11,True,0,bfgs,9,True,3.940936466051426e-12,True,0,bernoulli,-42.641112957258734,0.39430170101109696|-1.0428692940613196,1ae4ecc8f5083fbd14805839fcd3bb4e030085abb0c2ebfcc33bde6618d628c6,selected_candidate_loading,True,1ae4ecc8f5083fbd14805839fcd3bb4e030085abb0c2ebfcc33bde6618d628c6,bernoulli,2,completed
rep02,start_B,4,8,bfgs,bernoulli,bernoulli,58.37227059796183,False,True,-44.64377295119705,-73.82990825017797,bfgs,4,True,3.4228551548665108e-09,False,2,bfgs,9,True,1.207485222920468e-09,False,2,bernoulli,-44.64377295119705,0.85289990034371066|-0.53121435721567567,4e5d6284cba6509814aaa631f116d8798394956e9e9537cc688e1c0bb39dc087,selected_candidate_loading,True,4e5d6284cba6509814aaa631f116d8798394956e9e9537cc688e1c0bb39dc087,bernoulli,2,completed
rep02,start_B,5,3,bfgs,bernoulli,bernoulli,57.969902084414684,False,False,-43.34513666518255,-72.3300877073899,bfgs,4,False,3.205746770262863e-08,False,2,bfgs,7,True,5.2263260386098406e-11,True,0,bernoulli,-43.34513666518255,0.82519377369781155|0.91085894297193448,3cbc7a88c8b528ba06d6e8b9338efb1276582610716e0e630d78279eaaacbbfd,selected_candidate_loading,True,3cbc7a88c8b528ba06d6e8b9338efb1276582610716e0e630d78279eaaacbbfd,bernoulli,2,completed
rep02,start_B,5,4,bfgs,bernoulli,bernoulli,47.26455897720892,False,True,-50.35274764719271,-73.98502713579717,bfgs,7,True,7.73230368622535e-12,True,0,bfgs,6,True,2.69206879011108e-13,True,0,bernoulli,-50.35274764719271,-0.024287248935248369|0.41691706583742222,ca2c89f3ca32b97abb6a6833c16c5fc1eb7b224a58d66b2d7fe3b75ffaa3c541,selected_candidate_loading,True,ca2c89f3ca32b97abb6a6833c16c5fc1eb7b224a58d66b2d7fe3b75ffaa3c541,bernoulli,2,completed
rep02,start_B,5,5,bfgs,bernoulli,bernoulli,45.89959180226188,False,True,-51.580441631373006,-74.53023753250395,bfgs,5,True,1.0132286121233846e-10,False,2,bfgs,6,True,4.3698378249246164e-14,True,0,bernoulli,-51.580441631373006,-0.02263015399749678|0.20083687551432378,2e2a6e98bbfe184374ea84d4025748a647059cdc6eef2d99417ff2e5efa5cdc8,selected_candidate_loading,True,2e2a6e98bbfe184374ea84d4025748a647059cdc6eef2d99417ff2e5efa5cdc8,bernoulli,2,completed
rep02,start_B,5,6,bfgs,bernoulli,bernoulli,54.002134058900396,False,True,-47.46298626743567,-74.46405329688587,bfgs,6,True,2.4235280449147468e-12,True,0,bfgs,10,True,1.933879723026166e-11,True,0,bernoulli,-47.46298626743567,-0.2345799173332386|-0.73363521948352761,2a62f078de906e8e5da36a76a022a75bab2bb5c2987d1693994fab2531bb3d60,selected_candidate_loading,True,2a62f078de906e8e5da36a76a022a75bab2bb5c2987d1693994fab2531bb3d60,bernoulli,2,completed
rep02,start_B,5,7,bfgs,bernoulli,bernoulli,62.40647921576179,False,True,-42.65656966790133,-73.85980927578223,bfgs,5,True,3.980601626096814e-10,False,2,bfgs,10,True,6.177181433031365e-10,False,2,bernoulli,-42.65656966790133,0.51537633699981089|-1.0174286119858491,80cc924ba2440d32ab2ec3f637ed7f95adcd98c8f6f33baee17ca5e89bbd5518,selected_candidate_loading,True,80cc924ba2440d32ab2ec3f637ed7f95adcd98c8f6f33baee17ca5e89bbd5518,bernoulli,2,completed
rep02,start_B,5,8,bfgs,bernoulli,bernoulli,58.11054688537769,False,True,-44.94919999652693,-74.00447343921577,bfgs,6,True,3.277378368693462e-13,True,0,bfgs,9,True,5.68562086300517e-11,True,0,bernoulli,-44.94919999652693,0.80855740316943026|-0.53192049602627178,11510b64f59b17cd9a4d401e7a82fea0e01db29c828ffae46fbb96100ea3b0ae,selected_candidate_loading,True,11510b64f59b17cd9a4d401e7a82fea0e01db29c828ffae46fbb96100ea3b0ae,bernoulli,2,completed
rep02,start_B,6,3,bfgs,bernoulli,bernoulli,58.42574381502911,False,True,-43.23965356970278,-72.45252547721734,bfgs,5,True,1.602273869139026e-12,True,0,bfgs,10,True,3.0254909688665066e-11,True,0,bernoulli,-43.23965356970278,0.80063964941863786|0.92825962947207852,dba29e0d34629b5471e73bc908e6b0b1b26f8ffe5869bc2471672936a3bcd865,selected_candidate_loading,True,dba29e0d34629b5471e73bc908e6b0b1b26f8ffe5869bc2471672936a3bcd865,bernoulli,2,completed
rep02,start_B,6,4,bfgs,bernoulli,bernoulli,47.1844391649112,False,True,-50.49707953843692,-74.08929912089252,bfgs,6,True,1.4210854715202005e-15,True,0,bfgs,6,True,1.267412397254475e-10,False,2,bernoulli,-50.49707953843692,-0.11264362798553644|0.37520975410444135,0638137794cb83738aca56ed8182a3be4d3ffc5d2a12bd776a31a95e4fdd7789,selected_candidate_loading,True,0638137794cb83738aca56ed8182a3be4d3ffc5d2a12bd776a31a95e4fdd7789,bernoulli,2,completed
rep02,start_B,6,5,bfgs,bernoulli,bernoulli,45.903760752418876,False,True,-51.65735017916554,-74.60923055537498,bfgs,5,True,1.7053025658242404e-14,True,0,bfgs,7,True,4.1406877926419837e-13,True,0,bernoulli,-51.65735017916554,-0.029454371483754013|0.17866628326870845,449bb92f876911503ae666dcd92c03840da9114d0bc36e20ab197cc0696c515b,selected_candidate_loading,True,449bb92f876911503ae666dcd92c03840da9114d0bc36e20ab197cc0696c515b,bernoulli,2,completed
rep02,start_B,6,6,bfgs,bernoulli,bernoulli,53.90576586040163,False,True,-47.467935525910846,-74.42081845611166,bfgs,5,True,3.006483950684924e-11,True,0,bfgs,8,True,8.986734045812739e-09,False,2,bernoulli,-47.467935525910846,-0.18774085506652433|-0.73874010187542971,b5ccb528c6dba21988c6294151e06a96a01be82bd75632e621636b041338c434,selected_candidate_loading,True,b5ccb528c6dba21988c6294151e06a96a01be82bd75632e621636b041338c434,bernoulli,2,completed
rep02,start_B,6,7,bfgs,bernoulli,bernoulli,60.53302142964529,False,True,-43.69656037528013,-73.96307109010277,bfgs,6,True,3.7881304759679325e-10,False,2,bfgs,10,True,1.116358561148445e-09,False,2,bernoulli,-43.69656037528013,0.56045867878853639|-0.89365136735938544,916969f5e88be564232bb97040613a9141bce1f1304b5dac8b75b86bf01a6b42,selected_candidate_loading,True,916969f5e88be564232bb97040613a9141bce1f1304b5dac8b75b86bf01a6b42,bernoulli,2,completed
rep02,start_B,6,8,bfgs,bernoulli,bernoulli,57.1270000977115,False,False,-45.54577142809163,-74.10927147694738,bfgs,6,True,2.3633235368691886e-10,False,2,bfgs,8,False,1.502144462151023e-08,False,2,bernoulli,-45.54577142809163,0.76175885532626164|-0.50822781801430095,5dfee52a304c950a21a566f0927ca6bc9fa331bde354577c1dea2f13527c4dbe,selected_candidate_loading,True,5dfee52a304c950a21a566f0927ca6bc9fa331bde354577c1dea2f13527c4dbe,bernoulli,2,completed
rep02,start_B,7,3,bfgs,bernoulli,bernoulli,60.86581014956917,False,True,-41.52911138030059,-71.96201645508518,bfgs,7,True,5.005329484220055e-13,True,0,bfgs,8,True,6.180584932735655e-11,True,0,bernoulli,-41.52911138030059,1.0833820913062924|0.88667035394763138,8c9b36941e2ce53f5bff851595f092a0689b0e4800212f5c6b3394527be52bf9,selected_candidate_loading,True,8c9b36941e2ce53f5bff851595f092a0689b0e4800212f5c6b3394527be52bf9,bernoulli,2,completed
rep02,start_B,7,4,bfgs,bernoulli,bernoulli,47.354385542665625,False,True,-50.390841334775075,-74.06803410610789,bfgs,5,True,1.085229683894795e-11,True,0,bfgs,5,True,1.2136653460004254e-09,False,2,bernoulli,-50.390841334775075,-0.070035439178934594|0.39525298653186608,82d3837e4a2bd9a99f2a40c66ec916bf5f4fa59c6d1e3fe2b0b269fe7835d46c,selected_candidate_loading,True,82d3837e4a2bd9a99f2a40c66ec916bf5f4fa59c6d1e3fe2b0b269fe7835d46c,bernoulli,2,completed
rep02,start_B,7,5,bfgs,bernoulli,bernoulli,45.900554065501694,False,True,-51.709672571489804,-74.65994960424065,bfgs,5,True,1.3530225828617403e-10,False,2,bfgs,7,True,9.485745522397337e-14,True,0,bernoulli,-51.709672571489804,0.058377714778327296|0.15921425121329114,f0a4849d7bef9d3e3a38244859c76f8e82e308a723603342085b7d6a93fca91b,selected_candidate_loading,True,f0a4849d7bef9d3e3a38244859c76f8e82e308a723603342085b7d6a93fca91b,bernoulli,2,completed
rep02,start_B,7,6,bfgs,bernoulli,bernoulli,54.23773181047825,False,True,-47.30343573952022,-74.42230164475934,bfgs,6,True,9.515543908378276e-12,True,0,bfgs,9,True,1.6801659619147813e-09,False,2,bernoulli,-47.30343573952022,-0.31913789760715061|-0.70232242939021139,0468af40bfd35a3b5924e27250bbbc44c3ccf8a4bb32b3f96d35e6b96c470452,selected_candidate_loading,True,0468af40bfd35a3b5924e27250bbbc44c3ccf8a4bb32b3f96d35e6b96c470452,bernoulli,2,completed
rep02,start_B,7,7,bfgs,bernoulli,bernoulli,59.24005237632815,False,True,-44.387025656279434,-74.00705184444351,bfgs,6,True,1.1225909091194808e-11,True,0,bfgs,8,True,3.0935964900891125e-11,True,0,bernoulli,-44.387025656279434,0.42378086204333332|-0.89239767450930763,f5a38cc162bf2010028d073fbb95dec065c56fce42626242fdbbc574aa45da3b,selected_candidate_loading,True,f5a38cc162bf2010028d073fbb95dec065c56fce42626242fdbbc574aa45da3b,bernoulli,2,completed
rep02,start_B,7,8,bfgs,bernoulli,bernoulli,56.758228573013525,False,True,-45.68456434983021,-74.06367863633697,bfgs,5,True,9.60289026075145e-10,False,2,bfgs,9,True,4.399485042938522e-09,False,2,bernoulli,-45.68456434983021,0.65702970340392519|-0.61213554457081065,a484121e4580881ac48dd9e952b194f2065b496b546de790c2b339b21f241325,selected_candidate_loading,True,a484121e4580881ac48dd9e952b194f2065b496b546de790c2b339b21f241325,bernoulli,2,completed
rep02,start_B,8,3,bfgs,bernoulli,bernoulli,59.424462823587476,False,True,-42.0714387727229,-71.78367018451664,bfgs,6,True,4.9739788288150065e-09,False,2,bfgs,7,True,6.967429300175354e-10,False,2,bernoulli,-42.0714387727229,0.9798040277354122|0.91953450808650194,035501c2700c0fef455d0b27c064e8a0badc52511e38632f82a2585d43285a0a,selected_candidate_loading,True,035501c2700c0fef455d0b27c064e8a0badc52511e38632f82a2585d43285a0a,bernoulli,2,completed
rep02,start_B,8,4,bfgs,bernoulli,bernoulli,47.53511534412719,False,False,-49.976272090708015,-73.74382976277161,bfgs,5,True,4.782840790085174e-12,True,0,bfgs,5,False,2.0858058213946152e-08,False,2,bernoulli,-49.976272090708015,-0.045988815526242129|0.45473604670518575,4c51cad6bdc39a1539cd9afb2f3ae3b7af864297e11a3fe24da2d94de593497f,selected_candidate_loading,True,4c51cad6bdc39a1539cd9afb2f3ae3b7af864297e11a3fe24da2d94de593497f,bernoulli,2,completed
rep02,start_B,8,5,bfgs,bernoulli,bernoulli,45.77399812851225,False,True,-51.63218441456441,-74.51918347882054,bfgs,5,True,2.220446049250313e-15,True,0,bfgs,7,True,1.5276668818842154e-13,True,0,bernoulli,-51.63218441456441,0.067599537246096242|0.18247294192003638,d3b0db1cd55d2bf64b4fb96362e46c3c781a8e80a14c881e16e51ba85e521f6e,selected_candidate_loading,True,d3b0db1cd55d2bf64b4fb96362e46c3c781a8e80a14c881e16e51ba85e521f6e,bernoulli,2,completed
rep02,start_B,8,6,bfgs,bernoulli,bernoulli,53.577227765942524,False,True,-47.79030145397381,-74.57891533694507,bfgs,6,True,8.99297525336351e-11,True,0,bfgs,8,True,4.97082619510536e-09,False,2,bernoulli,-47.79030145397381,-0.3085670264159594|-0.66549344991342918,c27bdc8847f18c62935898539ddd99c43aa872a7d0dbbab674c6762ffe98fb33,selected_candidate_loading,True,c27bdc8847f18c62935898539ddd99c43aa872a7d0dbbab674c6762ffe98fb33,bernoulli,2,completed
rep02,start_B,8,7,bfgs,bernoulli,bernoulli,61.34201610711631,False,True,-43.24703257426211,-73.91804062782026,bfgs,5,True,3.678866100642608e-11,True,0,bfgs,10,True,1.2849454833485652e-11,True,0,bernoulli,-43.24703257426211,0.57801355089777084|-0.9264525597937997,640b75c369b1a2d73a48883bb81ca876152c65a6737d47b90e5ab4aeb9a9ae75,selected_candidate_loading,True,640b75c369b1a2d73a48883bb81ca876152c65a6737d47b90e5ab4aeb9a9ae75,bernoulli,2,completed
rep02,start_B,8,8,bfgs,bernoulli,bernoulli,57.07053546548984,False,True,-45.58875764430126,-74.12402537704618,bfgs,4,True,6.505018745883717e-13,True,0,bfgs,11,True,3.304911899704166e-13,True,0,bernoulli,-45.58875764430126,0.65558341778993934|-0.62293505103643887,97741123bfa948876d6249d8e778458b81ab9d97c8e0bd71ad79321247f46ae7,selected_candidate_loading,True,97741123bfa948876d6249d8e778458b81ab9d97c8e0bd71ad79321247f46ae7,bernoulli,2,completed
rep02,start_B,1,3,bfgs,bernoulli,bernoulli,52.2249387796312,False,True,-47.01901584196928,-73.13148523178488,bfgs,9,True,3.338818999054638e-10,False,2,bfgs,10,True,9.895479990973399e-11,True,0,bernoulli,-47.01901584196928,0.52513739548221516|0.68233324006950868|0.60040617455301293,02ca5f469c1f64190caf1b7ee9e9be45e8396805e892ba5b54d277ed67c68dce,selected_candidate_loading,True,02ca5f469c1f64190caf1b7ee9e9be45e8396805e892ba5b54d277ed67c68dce,bernoulli,3,completed
rep02,start_B,1,4,bfgs,bernoulli,bernoulli,46.8101384947541,False,True,-50.699694881222406,-74.10476412859946,bfgs,14,True,2.6168773814561065e-10,False,2,bfgs,8,True,1.35645938925677e-12,True,0,bernoulli,-50.699694881222406,0.28270309849379671|-0.08213535430297611|0.082023798762125857,6713f6f4ff2418e471a18bddda2ca3fcdf90d953b21c85ef4d11d010ba4f6ec3,selected_candidate_loading,True,6713f6f4ff2418e471a18bddda2ca3fcdf90d953b21c85ef4d11d010ba4f6ec3,bernoulli,3,completed
rep02,start_B,1,5,bfgs,bernoulli,bernoulli,47.46852862908679,False,True,-50.932727702831826,-74.66699201737522,bfgs,8,True,1.4780083823495717e-10,False,2,bfgs,7,True,6.602203228567305e-11,True,0,bernoulli,-50.932727702831826,-0.26784623909389516|-0.7979216808721209|0.061546353309572893,e88426c6f31f6bdfe36126c9d0c9990702a59f248f87dad9c5102d193763ded4,selected_candidate_loading,True,e88426c6f31f6bdfe36126c9d0c9990702a59f248f87dad9c5102d193763ded4,bernoulli,3,completed
rep02,start_B,1,6,bfgs,bernoulli,bernoulli,51.11247519495929,False,True,-49.09735249369216,-74.65359009117181,bfgs,13,True,1.889180545333602e-09,False,2,bfgs,8,True,1.784598885334887e-10,False,2,bernoulli,-49.09735249369216,-0.43766795104530171|-0.12564169999666511|-0.35111421859357334,c4b76fd8d25468cf1d2d3693c801db8749d0252348b5ffae7dd87b4482094199,selected_candidate_loading,True,c4b76fd8d25468cf1d2d3693c801db8749d0252348b5ffae7dd87b4482094199,bernoulli,3,completed
rep02,start_B,1,7,bfgs,bernoulli,bernoulli,57.961769939119364,False,True,-44.76209655712843,-73.74298152668811,bfgs,10,True,3.0981859300283075e-10,False,2,bfgs,9,True,2.797142073518444e-10,False,2,bernoulli,-44.76209655712843,-0.24944641825848307|1.1142286335398448|-0.32051946146596488,d9f4fe2991f3209166d6e9e39109ab243eb19c322281260a6a126b990b9ee981,selected_candidate_loading,True,d9f4fe2991f3209166d6e9e39109ab243eb19c322281260a6a126b990b9ee981,bernoulli,3,completed
rep02,start_B,1,8,bfgs,bernoulli,bernoulli,53.252590728699374,False,True,-47.53820996772613,-74.16450533207582,bfgs,9,True,9.331121053612889e-09,False,2,bfgs,7,True,1.1807638089500472e-09,False,2,bernoulli,-47.53820996772613,-0.19239609696393264|0.72817176158737318|0.23654024751689556,7660bd0ed7c285ba016a587e8e90192dc92da92d6af161f682420d8bdcbe1a51,selected_candidate_loading,True,7660bd0ed7c285ba016a587e8e90192dc92da92d6af161f682420d8bdcbe1a51,bernoulli,3,completed
rep02,start_B,2,3,bfgs,bernoulli,bernoulli,59.3192311118344,False,True,-41.97699270059459,-71.63660825651179,bfgs,9,True,4.813560661176552e-10,False,2,bfgs,9,True,5.367886912743813e-09,False,2,bernoulli,-41.97699270059459,0.82393118355622907|1.0386684043484771|0.89721075527929273,f25f7a9cdafa5c46fa51bf53867ab579e04e723994308cb7348f1dbf1575ad85,selected_candidate_loading,True,f25f7a9cdafa5c46fa51bf53867ab579e04e723994308cb7348f1dbf1575ad85,bernoulli,3,completed
rep02,start_B,2,4,bfgs,bernoulli,bernoulli,47.75620415282671,False,True,-49.533492180757875,-73.41159425717123,bfgs,8,True,5.21282217391672e-10,False,2,bfgs,7,True,1.720707654140341e-09,False,2,bernoulli,-49.533492180757875,0.58467146677861548|0.32348612242588443|0.051564692785507876,385e7c89a20f62d66f9777a2619ca80750d00688575632fe09d496aadf68701a,selected_candidate_loading,True,385e7c89a20f62d66f9777a2619ca80750d00688575632fe09d496aadf68701a,bernoulli,3,completed
rep02,start_B,2,5,bfgs,bernoulli,bernoulli,49.00668867124736,False,True,-49.97740214855024,-74.48074648417392,bfgs,7,True,7.056826234475011e-10,False,2,bfgs,9,True,4.185693924796397e-09,False,2,bernoulli,-49.97740214855024,-0.49984328698496888|-1.2191053094576105|0.19258560786082468,7735d7c58c3655c105c6871fc9526d0dcde8afd5d398db688f5f532e7f1448d2,selected_candidate_loading,True,7735d7c58c3655c105c6871fc9526d0dcde8afd5d398db688f5f532e7f1448d2,bernoulli,3,completed
rep02,start_B,2,6,bfgs,bernoulli,bernoulli,54.94062620565346,False,False,-46.9650728021252,-74.43538590495193,bfgs,9,True,1.2210010780222546e-12,True,0,bfgs,9,False,2.2075427130729965e-08,False,2,bernoulli,-46.9650728021252,-0.6686308549969644|-0.44555058115705537|-0.45585129731637453,280c1dec77bab1e3fc5ef650cc9a7f229a338ee6106753308242aece127ef6b1,selected_candidate_loading,True,280c1dec77bab1e3fc5ef650cc9a7f229a338ee6106753308242aece127ef6b1,bernoulli,3,completed
rep02,start_B,2,7,bfgs,bernoulli,bernoulli,61.722759262856925,False,True,-42.85527693338054,-73.716656564809,bfgs,8,True,6.117237549840837e-11,True,0,bfgs,13,True,1.731640608682028e-09,False,2,bernoulli,-42.85527693338054,-0.48379323019091486|1.0218551451138809|-0.24476793819984136,bc24ca5dfcb753b101fa631e5d68caf8cb814cad04dfd4400c2cecf38f65182a,selected_candidate_loading,True,bc24ca5dfcb753b101fa631e5d68caf8cb814cad04dfd4400c2cecf38f65182a,bernoulli,3,completed
rep02,start_B,2,8,bfgs,bernoulli,bernoulli,56.76896823145587,False,True,-45.59066013078549,-73.97514424651342,bfgs,8,True,3.745892485085278e-13,True,0,bfgs,9,True,7.170278149004616e-09,False,2,bernoulli,-45.59066013078549,-0.34807198166549952|0.79845007539626678|0.26110145273319202,0020eb7fc89e5c1035ee3df095cb0a9307086e385c73573ce07e8cf270febe64,selected_candidate_loading,True,0020eb7fc89e5c1035ee3df095cb0a9307086e385c73573ce07e8cf270febe64,bernoulli,3,completed
rep02,start_B,3,3,bfgs,bernoulli,bernoulli,59.79088162783654,False,True,-41.51732284467472,-71.412763658593,bfgs,6,True,2.930240439180665e-10,False,2,bfgs,10,True,1.7296242660336248e-09,False,2,bernoulli,-41.51732284467472,0.85296652020135366|1.0580412015457079|0.88955870452128105,1f787052992d63e87393bcb9092a3cff1fc446517d11a777d3adcfaecb46af69,selected_candidate_loading,True,1f787052992d63e87393bcb9092a3cff1fc446517d11a777d3adcfaecb46af69,bernoulli,3,completed
rep02,start_B,3,4,bfgs,bernoulli,bernoulli,49.678492257939325,False,True,-48.10042844174701,-72.93967457071668,bfgs,10,True,7.464961981895612e-12,True,0,bfgs,8,True,5.336209171757922e-09,False,2,bernoulli,-48.10042844174701,0.82003001981208656|0.61113803098816688|0.037061232642966853,b842679aecc9c1bfb1eccf717acde13dd7d40532996a8ad0e0c143a58ddffa9a,selected_candidate_loading,True,b842679aecc9c1bfb1eccf717acde13dd7d40532996a8ad0e0c143a58ddffa9a,bernoulli,3,completed
rep02,start_B,3,5,bfgs,bernoulli,bernoulli,49.851229588510975,False,True,-49.56474990038121,-74.4903646946367,bfgs,7,True,2.9890334235505023e-09,False,2,bfgs,11,True,9.255010624542592e-09,False,2,bernoulli,-49.56474990038121,-0.39418229225544138|-1.0215809372897893|0.19037653315563693,e17ce0fe02e3931d635026a77a2a820b8a15c1e77647a42c48e51d1c48a40ba7,selected_candidate_loading,True,e17ce0fe02e3931d635026a77a2a820b8a15c1e77647a42c48e51d1c48a40ba7,bernoulli,3,completed
rep02,start_B,3,6,bfgs,bernoulli,bernoulli,54.46432890712113,False,True,-46.97517843850674,-74.2073428920673,bfgs,8,True,2.4954260879894718e-12,True,0,bfgs,13,True,1.451400688523563e-09,False,2,bernoulli,-46.97517843850674,-0.3608689193309334|0.19125669467469422|-0.55396479435247725,dabe4173342ab8204b19202594505d04481c29c206610fb149d0e83a5ee9a46f,selected_candidate_loading,True,dabe4173342ab8204b19202594505d04481c29c206610fb149d0e83a5ee9a46f,bernoulli,3,completed
rep02,start_B,3,7,bfgs,bernoulli,bernoulli,58.6385689212961,False,False,-44.49430151201368,-73.81358597266173,bfgs,9,True,1.6780526301829469e-09,False,2,bfgs,10,False,2.4133038373230775e-08,False,2,bernoulli,-44.49430151201368,-0.6395895266617686|0.57753949417012207|-0.061833872041224841,0217a3c6fc01846a1aff17d48e76bba18a7c4b61db4d1ae4aff0f5df737426a7,selected_candidate_loading,True,0217a3c6fc01846a1aff17d48e76bba18a7c4b61db4d1ae4aff0f5df737426a7,bernoulli,3,completed
rep02,start_B,3,8,bfgs,bernoulli,bernoulli,56.81637642080754,False,False,-45.37947005549474,-73.78765826589851,bfgs,8,True,2.572560697799986e-09,False,2,bfgs,11,False,1.1775485593279456e-07,False,2,bernoulli,-45.37947005549474,-0.51578520466729316|0.60275143967335454|0.22949123752082884,646cebbdac98e9ededb48054b38fdc477b1141d64d632507c76d7ea7827e11b7,selected_candidate_loading,True,646cebbdac98e9ededb48054b38fdc477b1141d64d632507c76d7ea7827e11b7,bernoulli,3,completed
rep02,start_B,4,3,bfgs,bernoulli,bernoulli,58.74039850383511,False,True,-42.24607615684609,-71.61627540876364,bfgs,8,True,7.828898640482862e-11,True,0,bfgs,9,True,8.389400285579995e-13,True,0,bernoulli,-42.24607615684609,0.61200898870225329|0.58337547035128967|0.96873766356230295,5a35fcbd19db880d0efbdb35d4a05f0a9d2f0850044d334d7a18118175e1f50b,selected_candidate_loading,True,5a35fcbd19db880d0efbdb35d4a05f0a9d2f0850044d334d7a18118175e1f50b,bernoulli,3,completed
rep02,start_B,4,4,bfgs,bernoulli,bernoulli,48.67624524316736,False,False,-48.312405035198765,-72.65052765678244,bfgs,7,True,7.253575518006983e-11,True,0,bfgs,7,False,1.2060906207089773e-08,False,2,bernoulli,-48.312405035198765,0.70715800181990762|0.4324196258268006|0.048285982695484536,f8a4623e9892d9d114f33ce69e7ab62f4031ad9d2be6fc707175a44341a3fb9a,selected_candidate_loading,True,f8a4623e9892d9d114f33ce69e7ab62f4031ad9d2be6fc707175a44341a3fb9a,bernoulli,3,completed
rep02,start_B,4,5,bfgs,bernoulli,bernoulli,51.63057021771505,False,True,-48.543330624606085,-74.35861573346361,bfgs,7,True,2.560103240512035e-11,True,0,bfgs,11,True,3.7844571920686573e-11,True,0,bernoulli,-48.543330624606085,-0.37261978916669736|-1.0265259517969711|0.23522837861561044,b7929b5da3e2659579069231bb9a1721feca9cfb299f288ad4bcbc0f8889855e,selected_candidate_loading,True,b7929b5da3e2659579069231bb9a1721feca9cfb299f288ad4bcbc0f8889855e,bernoulli,3,completed
rep02,start_B,4,6,bfgs,bernoulli,bernoulli,54.37555273068216,False,True,-46.99781614502746,-74.18559251036854,bfgs,6,True,1.8054624462138236e-11,True,0,bfgs,11,True,3.2187419396478843e-12,True,0,bernoulli,-46.99781614502746,-0.44873484661472796|0.01937722612942765|-0.54305162948057262,2ebe8237b2258ae79159c2732f6ef4518f414390c5126b7a0d6e4db8d04dfa7a,selected_candidate_loading,True,2ebe8237b2258ae79159c2732f6ef4518f414390c5126b7a0d6e4db8d04dfa7a,bernoulli,3,completed
rep02,start_B,4,7,bfgs,bernoulli,bernoulli,60.38746778477744,False,True,-43.668144285904376,-73.8618781782931,bfgs,7,True,8.221912040085044e-11,True,0,bfgs,12,True,1.2602363597125078e-12,True,0,bernoulli,-43.668144285904376,-0.77290425728597056|0.46089653653367868|-0.066547192424151941,4dac27bf96ebf249935e5453f2c392837ebf0bd40e0b4ec0a5a50fff555e3933,selected_candidate_loading,True,4dac27bf96ebf249935e5453f2c392837ebf0bd40e0b4ec0a5a50fff555e3933,bernoulli,3,completed
rep02,start_B,4,8,bfgs,bernoulli,bernoulli,56.87138482741348,False,True,-45.27356974060245,-73.70926215430919,bfgs,7,True,1.865352317054203e-12,True,0,bfgs,11,True,2.2300371160799413e-09,False,2,bernoulli,-45.27356974060245,-0.40011207446378011|0.80479691986324908|0.19969647094660653,704e5b747cbd8613dac4b5dbae1082ae3586bbe8f21c31a7f094bd6b30d9e29f,selected_candidate_loading,True,704e5b747cbd8613dac4b5dbae1082ae3586bbe8f21c31a7f094bd6b30d9e29f,bernoulli,3,completed
rep02,start_B,5,3,bfgs,bernoulli,bernoulli,57.663608545375254,False,True,-42.73294164316885,-71.56474591585648,bfgs,8,True,1.5850023515895372e-10,False,2,bfgs,9,True,5.947715209231319e-10,False,2,bernoulli,-42.73294164316885,0.66591966341140307|0.42964295323459456|0.92143237168249925,50b4cb40ef0c57d104afd8e0c6cf5024d3e137191523dfd1083e7ab566940ead,selected_candidate_loading,True,50b4cb40ef0c57d104afd8e0c6cf5024d3e137191523dfd1083e7ab566940ead,bernoulli,3,completed
rep02,start_B,5,4,bfgs,bernoulli,bernoulli,48.42761779739327,False,True,-48.51021917233047,-72.7240280710271,bfgs,7,True,1.248556813493451e-12,True,0,bfgs,8,True,1.0826961549526005e-11,True,0,bernoulli,-48.51021917233047,0.65924231303983494|0.41685390229669633|-0.076958236054581575,b2cf7dfe388b48ab2e9baafb79fd1d387684fac1b4ba1219f91a56c11811dbe0,selected_candidate_loading,True,b2cf7dfe388b48ab2e9baafb79fd1d387684fac1b4ba1219f91a56c11811dbe0,bernoulli,3,completed
rep02,start_B,5,5,bfgs,bernoulli,bernoulli,49.93145004148647,False,True,-49.679101485113975,-74.64482650585721,bfgs,7,True,6.029828902853751e-09,False,2,bfgs,12,True,1.6857381268664539e-09,False,2,bernoulli,-49.679101485113975,-0.26588086336359523|-0.7026311670452664|0.19601560617054389,7fafc90520648491f9bef7944bb69142a1af6713159a8ea9fbd5dd7c1768c21a,selected_candidate_loading,True,7fafc90520648491f9bef7944bb69142a1af6713159a8ea9fbd5dd7c1768c21a,bernoulli,3,completed
rep02,start_B,5,6,bfgs,bernoulli,bernoulli,53.77664755640299,False,True,-46.99375319337754,-73.88207697157904,bfgs,7,True,1.2289365081130654e-09,False,2,bfgs,11,True,2.965006830335515e-10,False,2,bernoulli,-46.99375319337754,-0.33294163383356196|0.38687685803949928|-0.56619621024064248,b4c808b61804a668402365987abfe234a70f450ab470992e039ecd2da6b70229,selected_candidate_loading,True,b4c808b61804a668402365987abfe234a70f450ab470992e039ecd2da6b70229,bernoulli,3,completed
rep02,start_B,5,7,bfgs,bernoulli,bernoulli,62.34905789926313,False,True,-42.812351141328534,-73.9868800909601,bfgs,8,True,3.44994033341095e-12,True,0,bfgs,11,True,7.66346985869859e-12,True,0,bernoulli,-42.812351141328534,-1.0734160872806848|-0.00094622207024456768|0.11531016968323829,d7b6b52891551226cda777d10c60deee2ea029aa4cd2329358292bd04f924e42,selected_candidate_loading,True,d7b6b52891551226cda777d10c60deee2ea029aa4cd2329358292bd04f924e42,bernoulli,3,completed
rep02,start_B,5,8,bfgs,bernoulli,bernoulli,58.454374102967506,False,True,-44.2010605274874,-73.42824757897115,bfgs,7,True,2.0320911620075322e-12,True,0,bfgs,11,True,1.834508189801909e-09,False,2,bernoulli,-44.2010605274874,-0.49388197414034263|0.73045542897695503|0.34572601240965317,5346b17884829b5980e5607a4cc6824cbdfdf28cae1880052f60203be936dc15,selected_candidate_loading,True,5346b17884829b5980e5607a4cc6824cbdfdf28cae1880052f60203be936dc15,bernoulli,3,completed
rep02,start_B,6,3,bfgs,bernoulli,bernoulli,57.00349919610507,False,False,-43.02487178434486,-71.5266213823974,bfgs,7,True,3.934399472882433e-11,True,0,bfgs,10,False,1.1614397639192476e-07,False,2,bernoulli,-43.02487178434486,0.57689379189439627|0.356140922616283|0.92527491552539964,c5a8d96e59f7238f766bd54748768b82db989028a729b059428e7c4940675bf9,selected_candidate_loading,True,c5a8d96e59f7238f766bd54748768b82db989028a729b059428e7c4940675bf9,bernoulli,3,completed
rep02,start_B,6,4,bfgs,bernoulli,bernoulli,48.33412204960379,False,True,-48.50288491260743,-72.66994593740932,bfgs,7,True,3.028901573998155e-11,True,0,bfgs,10,True,2.0564205893691678e-10,False,2,bernoulli,-48.50288491260743,0.63743034515449393|0.24888087579863991|0.028668062704598447,8971d806ac232fdfd4352a2d3b4facd7c9f6b5ec1e6789720466642c5421373a,selected_candidate_loading,True,8971d806ac232fdfd4352a2d3b4facd7c9f6b5ec1e6789720466642c5421373a,bernoulli,3,completed
rep02,start_B,6,5,bfgs,bernoulli,bernoulli,50.38317055284347,False,True,-49.27381392114731,-74.46539919756904,bfgs,6,True,3.3536480259499514e-10,False,2,bfgs,10,True,7.156650383421947e-10,False,2,bernoulli,-49.27381392114731,-0.22639517700639702|-0.67424073376861382|0.24966385299365526,72b3fb759f42a947bd83c00e90eee6e82d35405b90b3bd87c13515b883e7c5aa,selected_candidate_loading,True,72b3fb759f42a947bd83c00e90eee6e82d35405b90b3bd87c13515b883e7c5aa,bernoulli,3,completed
rep02,start_B,6,6,bfgs,bernoulli,bernoulli,54.97465859554276,False,True,-45.86014893926401,-73.34747823703539,bfgs,7,True,1.3872221593658196e-09,False,2,bfgs,10,True,2.8161452059194404e-10,False,2,bernoulli,-45.86014893926401,-0.1034949975218806|0.68591278330969851|-0.67528311629478932,a6b241bc6a1cdd64d17b009e77f54525d3fbd31b429ac46e2fc6d669dfa3aacb,selected_candidate_loading,True,a6b241bc6a1cdd64d17b009e77f54525d3fbd31b429ac46e2fc6d669dfa3aacb,bernoulli,3,completed
rep02,start_B,6,7,bfgs,bernoulli,bernoulli,66.07237557453033,False,True,-40.87681967808675,-73.91300746535191,bfgs,8,True,7.141021107770484e-11,True,0,bfgs,10,True,7.46502859527709e-13,True,0,bernoulli,-40.87681967808675,-1.2979012737551061|-0.15629342140092833|0.16664740066618633,986c8de53a3ba0a4263c63e3e277072692b01f976d9b3e6650d6ab79b57fae39,selected_candidate_loading,True,986c8de53a3ba0a4263c63e3e277072692b01f976d9b3e6650d6ab79b57fae39,bernoulli,3,completed
rep02,start_B,6,8,bfgs,bernoulli,bernoulli,56.54300548713941,False,True,-45.4008830381355,-73.6723857817052,bfgs,7,True,2.2443880087763547e-12,True,0,bfgs,11,True,4.9311488226067015e-11,True,0,bernoulli,-45.4008830381355,-0.51201153894895757|0.61989386838198279|0.31231019566113966,2fb15c12208272ffd17a8015eb0da7e4fd326aaa8231508d8f46e0c3e254de02,selected_candidate_loading,True,2fb15c12208272ffd17a8015eb0da7e4fd326aaa8231508d8f46e0c3e254de02,bernoulli,3,completed
rep02,start_B,7,3,bfgs,bernoulli,bernoulli,59.371489322184516,False,False,-42.014439688626496,-71.70018434971875,bfgs,6,False,4.4479217820025954e-08,False,2,bfgs,10,True,8.459254541293149e-09,False,2,bernoulli,-42.014439688626496,0.54712912963882443|0.34289823739683184|1.1190374301727777,0c59f9da2bcc69a7a1e8ba1c2a19ee8151753138888ceed461685a706a85d591,selected_candidate_loading,True,0c59f9da2bcc69a7a1e8ba1c2a19ee8151753138888ceed461685a706a85d591,bernoulli,3,completed
rep02,start_B,7,4,bfgs,bernoulli,bernoulli,48.40726422819415,False,False,-48.56548708338552,-72.7691191974826,bfgs,6,True,4.7534776115298884e-11,True,0,bfgs,8,False,3.962248211308861e-07,False,2,bernoulli,-48.56548708338552,0.62453018744126676|0.26987804460082104|0.039880945123435221,b5f6b5501a5e532b818f501d7511d963480376e8787db4e70d80284488ffbd96,selected_candidate_loading,True,b5f6b5501a5e532b818f501d7511d963480376e8787db4e70d80284488ffbd96,bernoulli,3,completed
rep02,start_B,7,5,bfgs,bernoulli,bernoulli,47.2057410890754,False,True,-50.97715031341877,-74.58002085795647,bfgs,7,True,2.359592521372633e-09,False,2,bfgs,11,True,1.5631940186722204e-11,True,0,bernoulli,-50.97715031341877,-0.033185679293122848|-0.34700565753312368|0.16519394564142467,3aafd9885cab93b18cf71a847499b5c84b7cdb43882f6bbe440814710859540a,selected_candidate_loading,True,3aafd9885cab93b18cf71a847499b5c84b7cdb43882f6bbe440814710859540a,bernoulli,3,completed
rep02,start_B,7,6,bfgs,bernoulli,bernoulli,56.37861335315162,False,True,-44.81935124810292,-73.00865792467873,bfgs,8,True,5.913491918363433e-13,True,0,bfgs,11,True,3.802970605093492e-09,False,2,bernoulli,-44.81935124810292,-0.12763167496230179|0.68529191711145976|-0.76649901456545044,1cb47e15da1437fc75db1a6c49ad2ccbe171d0f8fcf5ab1df07feb8f556a8d6a,selected_candidate_loading,True,1cb47e15da1437fc75db1a6c49ad2ccbe171d0f8fcf5ab1df07feb8f556a8d6a,bernoulli,3,completed
rep02,start_B,7,7,bfgs,bernoulli,bernoulli,65.38176691444143,False,True,-41.271882934104575,-73.96276639132529,bfgs,8,True,5.387912338505885e-14,True,0,bfgs,14,True,4.2953229861808494e-11,True,0,bernoulli,-41.271882934104575,-1.2656891766769571|-0.20679921533520942|0.10111028134541503,1fc643194898b095321f93d7f74cc781772df6ee9a775841269e84cfb79e504f,selected_candidate_loading,True,1fc643194898b095321f93d7f74cc781772df6ee9a775841269e84cfb79e504f,bernoulli,3,completed
rep02,start_B,7,8,bfgs,bernoulli,bernoulli,57.731054196675615,False,False,-44.767892142023086,-73.6334192403609,bfgs,6,True,9.041012383192992e-11,True,0,bfgs,11,False,1.0095616342908897e-08,False,2,bernoulli,-44.767892142023086,-0.56332548390660464|0.6826929559792374|0.23637892699500401,6c2c3bdbf6ee398004037bcb23f769c42206bacfaf7f0c299ef84dd6bff1aea8,selected_candidate_loading,True,6c2c3bdbf6ee398004037bcb23f769c42206bacfaf7f0c299ef84dd6bff1aea8,bernoulli,3,completed
rep02,start_B,8,3,bfgs,bernoulli,bernoulli,59.95725067836628,False,True,-42.2148157255578,-72.19344106474094,bfgs,6,True,1.964716389579735e-09,False,2,bfgs,9,True,1.574207431076502e-12,True,0,bernoulli,-42.2148157255578,0.45543608972962951|0.19205820712766764|1.1130722765651935,a60db0dabf983bafd887a9d998c4d58c804682d98ffad0b2f8e690f6f0de8564,selected_candidate_loading,True,a60db0dabf983bafd887a9d998c4d58c804682d98ffad0b2f8e690f6f0de8564,bernoulli,3,completed
rep02,start_B,8,4,bfgs,bernoulli,bernoulli,47.572336196017346,False,True,-50.01097285903866,-73.79714095704733,bfgs,8,True,1.0322551702302008e-10,False,2,bfgs,8,True,1.1043388425946433e-13,True,0,bernoulli,-50.01097285903866,0.43625822512943402|0.035261237273736472|0.099235095071731672,9f2c34d786c26de7aa1a18d016d263ffcfb529656d244d1f92d362914ec3d2b2,selected_candidate_loading,True,9f2c34d786c26de7aa1a18d016d263ffcfb529656d244d1f92d362914ec3d2b2,bernoulli,3,completed
rep02,start_B,8,5,bfgs,bernoulli,bernoulli,47.485458582621845,False,True,-50.83208987149318,-74.5748191628041,bfgs,5,True,3.6338578368599885e-09,False,2,bfgs,8,True,1.5575633671716104e-09,False,2,bernoulli,-50.83208987149318,-0.05578342987170682|-0.38035489431105168|0.1910429688308439,ffa1fa93d0d3e4a57e16a9e9bfee3b697348b0cfe5699b44b54c944d1f4cf4bc,selected_candidate_loading,True,ffa1fa93d0d3e4a57e16a9e9bfee3b697348b0cfe5699b44b54c944d1f4cf4bc,bernoulli,3,completed
rep02,start_B,8,6,bfgs,bernoulli,bernoulli,57.27815937651451,False,True,-44.6716273533044,-73.31070704156166,bfgs,8,True,2.3937918314231866e-11,True,0,bfgs,11,True,1.141056089892789e-09,False,2,bernoulli,-44.6716273533044,-0.049176353857891507|0.82067339840666853|-0.75925114446690289,2051ddbcd450f11b58bf017733749e322c80ef9dcaf92f1b5e3810327a7cac8e,selected_candidate_loading,True,2051ddbcd450f11b58bf017733749e322c80ef9dcaf92f1b5e3810327a7cac8e,bernoulli,3,completed
rep02,start_B,8,7,bfgs,bernoulli,bernoulli,63.94641931469313,False,False,-41.88927121995551,-73.86248087730208,bfgs,7,True,9.542866497014302e-12,True,0,bfgs,9,False,1.1601895799628892e-08,False,2,bernoulli,-41.88927121995551,-1.2389779264412906|-0.13715161016760893|0.15719655795772555,469a23c0dcf4704ded7b2a16aef7763f0a9c55a69ee0aa7ca2a8d60b0b31ab48,selected_candidate_loading,True,469a23c0dcf4704ded7b2a16aef7763f0a9c55a69ee0aa7ca2a8d60b0b31ab48,bernoulli,3,completed
rep02,start_B,8,8,bfgs,bernoulli,bernoulli,57.15888589734294,False,True,-45.420461432458424,-73.9999043811299,bfgs,7,True,2.042641611410545e-11,True,0,bfgs,11,True,7.528811241108712e-10,False,2,bernoulli,-45.420461432458424,-0.55628347112925514|0.6074061387641414|0.22317586024378874,ec02fcd3b8ebd5d69fb365c49de89dd4f91ebac9c6a97c8cd1e5a403118d3961,selected_candidate_loading,True,ec02fcd3b8ebd5d69fb365c49de89dd4f91ebac9c6a97c8cd1e5a403118d3961,bernoulli,3,completed
rep02,start_B,1,3,bfgs,bernoulli,bernoulli,54.28205538397296,False,True,-45.34731191669677,-72.48833960868325,bfgs,10,True,1.580424235925193e-09,False,2,bfgs,8,True,1.0947776019065714e-11,True,0,bernoulli,-45.34731191669677,-0.36593865364241218|0.38300063838714149|0.69088935164941812|-0.52061509004171413,9ed96574e28f003804830e9dd10c0a2d7984b83ebbf55c5a266d239b9b75e9bc,selected_candidate_loading,True,9ed96574e28f003804830e9dd10c0a2d7984b83ebbf55c5a266d239b9b75e9bc,bernoulli,4,completed
rep02,start_B,1,4,bfgs,bernoulli,bernoulli,46.86325524019384,False,True,-50.28565482717404,-73.71728244727096,bfgs,9,True,3.0811388995743984e-10,False,2,bfgs,11,True,3.0408542350812695e-09,False,2,bernoulli,-50.28565482717404,-0.24741603411328508|0.16779940065732213|-0.067488392087841659|0.16178402789934543,b3ffd7c9bdb20c79d4791b693a957440617c249d20089fdb9190a2db6c542b9b,selected_candidate_loading,True,b3ffd7c9bdb20c79d4791b693a957440617c249d20089fdb9190a2db6c542b9b,bernoulli,4,completed
rep02,start_B,1,5,bfgs,bernoulli,bernoulli,47.65475240128393,False,True,-50.88025828318189,-74.70763448382385,bfgs,8,True,2.2827553181059556e-10,False,2,bfgs,9,True,6.0606211604863345e-09,False,2,bernoulli,-50.88025828318189,0.38595307261974204|0.16758807213556809|0.28258184949808479|0.3424463316189954,525536ac5ec24312e70be7d02a52945ec3f17187c1a8199dd1d3d5b8ac6d759a,selected_candidate_loading,True,525536ac5ec24312e70be7d02a52945ec3f17187c1a8199dd1d3d5b8ac6d759a,bernoulli,4,completed
rep02,start_B,1,6,bfgs,bernoulli,bernoulli,53.11128011379016,False,True,-48.19410930349087,-74.74974936038595,bfgs,9,True,1.177034691934864e-10,False,2,bfgs,11,True,4.857687230241936e-09,False,2,bernoulli,-48.19410930349087,0.65040428022217511|-0.24648347385956951|-0.11913754403104815|0.27337255452700004,74ac5d4a918d8c9685503d185b78ff8b863c0cfe3139e5a14550c596c797de3c,selected_candidate_loading,True,74ac5d4a918d8c9685503d185b78ff8b863c0cfe3139e5a14550c596c797de3c,bernoulli,4,completed
rep02,start_B,1,7,bfgs,bernoulli,bernoulli,58.31281181278088,False,True,-44.957898700105055,-74.1143046064955,bfgs,12,True,3.3270927568551654e-09,False,2,bfgs,9,True,1.5129076658126906e-09,False,2,bernoulli,-44.957898700105055,0.57206179986803929|-0.32724018588907877|0.031301838359964425|-0.38120516818937134,bed0a27038587512d07fc81d9f11f6081177286dfd25a6ba28d149c05e4aacfd,selected_candidate_loading,True,bed0a27038587512d07fc81d9f11f6081177286dfd25a6ba28d149c05e4aacfd,bernoulli,4,completed
rep02,start_B,1,8,bfgs,bernoulli,bernoulli,57.304636363275804,False,True,-44.88837224006512,-73.54069042170302,bfgs,14,True,3.204882581542279e-10,False,2,bfgs,9,True,4.3116473724680304e-09,False,2,bernoulli,-44.88837224006512,0.3479986181993982|0.24604293233246544|-0.62092636440205162|-0.46322585873976913,1fd82873f0dbdf57562c22e41152447cdc04d3879bd33ce5b966fa64aeca323a,selected_candidate_loading,True,1fd82873f0dbdf57562c22e41152447cdc04d3879bd33ce5b966fa64aeca323a,bernoulli,4,completed
rep02,start_B,2,3,bfgs,bernoulli,bernoulli,58.47104608491932,False,True,-42.91704894665368,-72.15257198911334,bfgs,10,True,4.5143981886042183e-10,False,2,bfgs,12,True,2.4116431518450552e-09,False,2,bernoulli,-42.91704894665368,-0.63950026148490546|0.4899526242770324|0.46242890357052596|-0.78089771450784196,77fafa1af7c54d7a99a06a20953ddbac9990448312ecd6b5835613ab347d791d,selected_candidate_loading,True,77fafa1af7c54d7a99a06a20953ddbac9990448312ecd6b5835613ab347d791d,bernoulli,4,completed
rep02,start_B,2,4,bfgs,bernoulli,bernoulli,48.10593125907765,False,False,-49.57216259201616,-73.62512822155499,bfgs,8,True,5.2939874706225964e-12,True,0,bfgs,8,False,2.647147909762282e-08,False,2,bernoulli,-49.57216259201616,-0.30259548704466976|0.29311834819063315|-0.16475998973351805|0.11086809074155651,304485f7565e7c82625dd6b4bd29a38c67032f0b3d6839508468dbcf9fa749d5,selected_candidate_loading,True,304485f7565e7c82625dd6b4bd29a38c67032f0b3d6839508468dbcf9fa749d5,bernoulli,4,completed
rep02,start_B,2,5,bfgs,bernoulli,bernoulli,53.10915289598766,False,False,-47.801749848408384,-74.35632629640222,bfgs,11,True,4.720517310374817e-11,True,0,bfgs,9,False,9.013754400655217e-08,False,2,bernoulli,-47.801749848408384,0.97351486718901348|0.61936378918274149|0.27680520127476899|0.83994131450351173,5bbf883d926a899b22171244d4bb50ed867e3088b216029d712b893d9892e2d7,selected_candidate_loading,True,5bbf883d926a899b22171244d4bb50ed867e3088b216029d712b893d9892e2d7,bernoulli,4,completed
rep02,start_B,2,6,bfgs,bernoulli,bernoulli,59.610619011670735,False,True,-43.738259483635304,-73.54356898947067,bfgs,10,True,6.318567447038958e-10,False,2,bfgs,15,True,5.446267081765654e-09,False,2,bernoulli,-43.738259483635304,0.73930915000099884|0.0042492689670318318|-0.97817540337683784|0.49246484430803977,07a354474a41deb289a40f0fe1b76c7271a40c708f0ca444e458cc71f500b1a7,selected_candidate_loading,True,07a354474a41deb289a40f0fe1b76c7271a40c708f0ca444e458cc71f500b1a7,bernoulli,4,completed
rep02,start_B,2,7,bfgs,bernoulli,bernoulli,63.525268821022465,False,True,-41.78137218709238,-73.54400659760361,bfgs,8,True,1.925305470606986e-11,True,0,bfgs,12,True,4.4032709922703365e-09,False,2,bernoulli,-41.78137218709238,0.83076457534269699|-0.43507950251128907|0.4018712485354386|-0.40923104101749785,980e348d3835df5796b2a47e86d2c8c1dae3b98f9c921ca8bc68ac3a8b78f279,selected_candidate_loading,True,980e348d3835df5796b2a47e86d2c8c1dae3b98f9c921ca8bc68ac3a8b78f279,bernoulli,4,completed
rep02,start_B,2,8,bfgs,bernoulli,bernoulli,57.851210677726485,False,True,-44.819628795015994,-73.74523413387924,bfgs,9,True,5.1742610196470194e-12,True,0,bfgs,12,True,3.390686842408286e-10,False,2,bernoulli,-44.819628795015994,0.35301231383522563|0.099482851717790172|-0.38582058567523536|-0.63848914219404929,2c501c9c7fa487c2608552894e3ed8af8bfdced413e2220b65ddd8d67db02d49,selected_candidate_loading,True,2c501c9c7fa487c2608552894e3ed8af8bfdced413e2220b65ddd8d67db02d49,bernoulli,4,completed
rep02,start_B,3,3,bfgs,bernoulli,bernoulli,58.03229176554741,False,False,-42.15434437179352,-71.17049025456723,bfgs,8,True,3.9957284703184826e-10,False,2,bfgs,13,False,1.2261901360943739e-08,False,2,bernoulli,-42.15434437179352,-0.81689727103234666|0.47569418802876118|0.45858673414749107|-0.74324230316779605,28ca4ef73fc71ff5c5af8bc6d8a65918eb65dadf66c410a2a68a850d47891aa9,selected_candidate_loading,True,28ca4ef73fc71ff5c5af8bc6d8a65918eb65dadf66c410a2a68a850d47891aa9,bernoulli,4,completed
rep02,start_B,3,4,bfgs,bernoulli,bernoulli,47.23474787110071,False,True,-49.48923581903119,-73.10660975458154,bfgs,8,True,6.728484436280269e-12,True,0,bfgs,9,True,3.583385255190308e-11,True,0,bernoulli,-49.48923581903119,-0.40078089002471257|0.25550360290603119|-0.026152728552083997|0.037610803168477348,04900ef90a34a3a961933339013941709daf1c46c98cf7f1a8d3a08e2eba7f7f,selected_candidate_loading,True,04900ef90a34a3a961933339013941709daf1c46c98cf7f1a8d3a08e2eba7f7f,bernoulli,4,completed
rep02,start_B,3,5,bfgs,bernoulli,bernoulli,53.026169293935,False,True,-47.663398064826026,-74.17648271179353,bfgs,9,True,2.964117840065228e-12,True,0,bfgs,12,True,1.2265884308249042e-09,False,2,bernoulli,-47.663398064826026,0.8190715826333852|0.63120592220551919|0.056886920491255426|0.65031472129166434,9903418ff310e1365df5168f2918375567720a1ff425f591b5c1fed2ee95f67a,selected_candidate_loading,True,9903418ff310e1365df5168f2918375567720a1ff425f591b5c1fed2ee95f67a,bernoulli,4,completed
rep02,start_B,3,6,bfgs,bernoulli,bernoulli,64.35424701860615,False,True,-40.61265438178049,-72.78977789108356,bfgs,10,True,3.976807239070013e-09,False,2,bfgs,12,True,9.135287182271413e-09,False,2,bernoulli,-40.61265438178049,0.84714818269335723|0.29130013696360674|-1.3522569899064529|0.42738605716722866,6550f0314a8441ec571e61cbf19adf06fa852766d37061f7b2423f477765cc1f,selected_candidate_loading,True,6550f0314a8441ec571e61cbf19adf06fa852766d37061f7b2423f477765cc1f,bernoulli,4,completed
rep02,start_B,3,7,bfgs,bernoulli,bernoulli,66.44674501952835,False,True,-40.618333578195106,-73.84170608795928,bfgs,8,True,5.236833189314893e-12,True,0,bfgs,11,True,3.0859121924464716e-09,False,2,bernoulli,-40.618333578195106,1.0710824462907105|-0.41051560482471516|0.36235432979381349|-0.33456358864607683,d9c8aed0da56b90f8f00a79d78bb833b4bc83ff16adcbc333cb95a12d71b6d34,selected_candidate_loading,True,d9c8aed0da56b90f8f00a79d78bb833b4bc83ff16adcbc333cb95a12d71b6d34,bernoulli,4,completed
rep02,start_B,3,8,bfgs,bernoulli,bernoulli,57.14237286626903,False,True,-45.149645564176964,-73.72083199731148,bfgs,8,True,2.2013324496583663e-11,True,0,bfgs,12,True,9.188516614244691e-12,True,0,bernoulli,-45.149645564176964,0.39620231453060001|0.030555423407838986|-0.2356590510119603|-0.65402176985870764,7750c7829d1ab21847135b6bb1c00c91475c1325d3fa46c83da898d8ca2ed3f8,selected_candidate_loading,True,7750c7829d1ab21847135b6bb1c00c91475c1325d3fa46c83da898d8ca2ed3f8,bernoulli,4,completed
rep02,start_B,4,3,bfgs,bernoulli,bernoulli,60.79041372398193,False,False,-40.22546209210052,-70.62066895409149,bfgs,8,True,6.404414776284284e-11,True,0,bfgs,11,False,1.068728696651533e-08,False,2,bernoulli,-40.22546209210052,-0.79173822487839074|0.45705508710620596|0.72212365857544791|-0.84026138591767652,a98667bec88e3fc431077e6296da0eaf0d08e2bb3b6ae4650e9955e668a10fa0,selected_candidate_loading,True,a98667bec88e3fc431077e6296da0eaf0d08e2bb3b6ae4650e9955e668a10fa0,bernoulli,4,completed
rep02,start_B,4,4,bfgs,bernoulli,bernoulli,47.577379758993146,False,True,-49.276035828822685,-73.06472570831926,bfgs,7,True,2.2383872533282556e-11,True,0,bfgs,8,True,1.4667064007767295e-09,False,2,bernoulli,-49.276035828822685,-0.35684603596591424|0.35681387387215141|-0.094981736783580864|0.05183272642570784,bba92c290abcc5fd0cffb97c96439c3c7fe02ff7cce3efec0d82193a8727a436,selected_candidate_loading,True,bba92c290abcc5fd0cffb97c96439c3c7fe02ff7cce3efec0d82193a8727a436,bernoulli,4,completed
rep02,start_B,4,5,bfgs,bernoulli,bernoulli,49.6498273084665,False,True,-49.50058365665266,-74.32549731088591,bfgs,9,True,2.6230662086845767e-11,True,0,bfgs,12,True,1.3001173471138828e-10,False,2,bernoulli,-49.50058365665266,0.48189218704405956|0.46521816918556064|0.08639275778959718|0.36071456247600664,4212cad1d2695cf7e011a75bcb3233168b55177d7a3ddd09d811114f27ccc882,selected_candidate_loading,True,4212cad1d2695cf7e011a75bcb3233168b55177d7a3ddd09d811114f27ccc882,bernoulli,4,completed
rep02,start_B,4,6,bfgs,bernoulli,bernoulli,66.36229411996517,False,True,-39.352398843230624,-72.53354590321321,bfgs,9,True,1.1792433696200533e-11,True,0,bfgs,15,True,1.015919792735076e-10,False,2,bernoulli,-39.352398843230624,0.53339765406292461|0.47467905142476757|-1.5763411305937256|0.21078062082403676,9a6830c388dfde48695193636c4b1b0de76c89219971eef8a8f72c7116c4c642,selected_candidate_loading,True,9a6830c388dfde48695193636c4b1b0de76c89219971eef8a8f72c7116c4c642,bernoulli,4,completed
rep02,start_B,4,7,bfgs,bernoulli,bernoulli,65.52480005786572,False,True,-41.176707831581666,-73.93910786051453,bfgs,8,True,1.319738096583478e-10,False,2,bfgs,13,True,1.4562395733719313e-11,True,0,bernoulli,-41.176707831581666,1.1410672403485111|-0.31583786247505186|0.066530299152912559|-0.32176725042052379,904df129072dd2a33633efad0f8411d7d506a686b7611db12deb6731b9af8953,selected_candidate_loading,True,904df129072dd2a33633efad0f8411d7d506a686b7611db12deb6731b9af8953,bernoulli,4,completed
rep02,start_B,4,8,bfgs,bernoulli,bernoulli,57.03656350292076,False,False,-45.17176836393794,-73.69005011539832,bfgs,7,False,2.408293619193813e-07,False,2,bfgs,13,True,1.8718286920460514e-09,False,2,bernoulli,-45.17176836393794,0.2538978569597648|-0.27050577171338019|-0.029272855048082386|-0.73853820315703511,9363b57c6a5d3a5c2366eec5c1a7169df90061af9c712039b9b941609925ddb5,selected_candidate_loading,True,9363b57c6a5d3a5c2366eec5c1a7169df90061af9c712039b9b941609925ddb5,bernoulli,4,completed
rep02,start_B,5,3,bfgs,bernoulli,bernoulli,60.768608482157944,False,True,-41.39821971510501,-71.78252395618398,bfgs,8,True,1.1300285152060496e-10,False,2,bfgs,13,True,3.398046288793921e-11,True,0,bernoulli,-41.39821971510501,-0.57309285281988054|0.50903351076447245|0.66189278316739064|-0.83726718553706314,8dc6b9d61dc893a68740426d0954fd51c1448990bbe243a1c85d06b82267c821,selected_candidate_loading,True,8dc6b9d61dc893a68740426d0954fd51c1448990bbe243a1c85d06b82267c821,bernoulli,4,completed
rep02,start_B,5,4,bfgs,bernoulli,bernoulli,48.980469186134414,False,True,-48.81337711319593,-73.30361170626314,bfgs,8,True,9.882761276003294e-13,True,0,bfgs,11,True,4.407834097719388e-11,True,0,bernoulli,-48.81337711319593,-0.49146197408960968|0.2787341616318979|0.05702559072053278|-0.014596881382185307,f98f84eb813cab6af57b03deab148683b992eca560108f11e0059aad914ef3cb,selected_candidate_loading,True,f98f84eb813cab6af57b03deab148683b992eca560108f11e0059aad914ef3cb,bernoulli,4,completed
rep02,start_B,5,5,bfgs,bernoulli,bernoulli,48.72386593675688,False,True,-50.13337479883698,-74.49530776721542,bfgs,9,True,1.6532553104298132e-12,True,0,bfgs,12,True,2.949888866510264e-09,False,2,bernoulli,-50.13337479883698,0.41347462070808133|0.31178230028911008|0.12002791783864285|0.29066940425475762,2a7cf47ac5016354042a87df2aa3f0c2c6556cbd48d3c08aa1b2e8b3adfe504f,selected_candidate_loading,True,2a7cf47ac5016354042a87df2aa3f0c2c6556cbd48d3c08aa1b2e8b3adfe504f,bernoulli,4,completed
rep02,start_B,5,6,bfgs,bernoulli,bernoulli,66.25183962363045,False,True,-39.87116864247936,-72.99708845429458,bfgs,8,True,7.510738697646956e-11,True,0,bfgs,17,True,1.194799725823259e-09,False,2,bernoulli,-39.87116864247936,0.48905677808673742|0.42572449893010605|-1.5289143970052361|0.31362478861520671,df35c72ccd6b27f63e65fa6b9d4cdb269a04d249de8ddf49bb2d798818322496,selected_candidate_loading,True,df35c72ccd6b27f63e65fa6b9d4cdb269a04d249de8ddf49bb2d798818322496,bernoulli,4,completed
rep02,start_B,5,7,bfgs,bernoulli,bernoulli,66.98399282590947,False,True,-40.13215943674241,-73.62415584969715,bfgs,8,True,8.32307556208889e-12,True,0,bfgs,14,True,9.848446502758179e-11,True,0,bernoulli,-40.13215943674241,1.3064893225669649|-0.2994087932362865|0.014465316194428895|-0.21549541906149364,1148faa78b71cb3bd08cca6120cc152d89735a7db9864ae4d84febf0b89d6bc7,selected_candidate_loading,True,1148faa78b71cb3bd08cca6120cc152d89735a7db9864ae4d84febf0b89d6bc7,bernoulli,4,completed
rep02,start_B,5,8,bfgs,bernoulli,bernoulli,57.152265069461976,False,False,-45.480800205261474,-74.05693273999246,bfgs,9,True,6.29685414921255e-10,False,2,bfgs,13,False,2.147524131856926e-08,False,2,bernoulli,-45.480800205261474,0.32180400736396225|-0.15579090616629915|-0.13533856826294702|-0.68204144033495462,618b87ca54af4485de863df025b9fbae74e477be53e9b0f3c22215ff90715f31,selected_candidate_loading,True,618b87ca54af4485de863df025b9fbae74e477be53e9b0f3c22215ff90715f31,bernoulli,4,completed
rep02,start_B,6,3,bfgs,bernoulli,bernoulli,58.94789765224864,False,True,-41.928935336198144,-71.40288416232247,bfgs,8,True,3.976632090285648e-09,False,2,bfgs,13,True,3.5784326612997575e-09,False,2,bernoulli,-41.928935336198144,-0.46552935018448321|0.56693127139986355|0.6417941898913424|-0.76801783075308394,b168c619b56bd45c759ffec03132ccaa1cc50c0cdd13f23164d92b2e6a5b5b55,selected_candidate_loading,True,b168c619b56bd45c759ffec03132ccaa1cc50c0cdd13f23164d92b2e6a5b5b55,bernoulli,4,completed
rep02,start_B,6,4,bfgs,bernoulli,bernoulli,47.461213851073424,False,False,-49.72935971273417,-73.45996663827088,bfgs,8,False,3.0953686742662966e-07,False,2,bfgs,9,True,6.723510637129948e-14,True,0,bernoulli,-49.72935971273417,-0.35371268282675727|0.29355835369543876|0.0060011512421286771|0.016810075144127575,96e85ae182c70b2070ed143da5ee070b8746806398e604ce92da1bfdc67beac4,selected_candidate_loading,True,96e85ae182c70b2070ed143da5ee070b8746806398e604ce92da1bfdc67beac4,bernoulli,4,completed
rep02,start_B,6,5,bfgs,bernoulli,bernoulli,48.0458241267538,False,True,-50.44852482175239,-74.4714368851293,bfgs,8,True,6.228173532463188e-12,True,0,bfgs,11,True,5.7170979061993424e-11,True,0,bernoulli,-50.44852482175239,0.35071103883461968|0.25838464531892258|0.1417893345450823|0.23820379310313722,3f0b8c2fef831e8d028eca198d0e73e634bb9195510b69124c256f6b22726073,selected_candidate_loading,True,3f0b8c2fef831e8d028eca198d0e73e634bb9195510b69124c256f6b22726073,bernoulli,4,completed
rep02,start_B,6,6,bfgs,bernoulli,bernoulli,67.74649748958687,False,True,-39.520924815605206,-73.39417356039864,bfgs,7,True,1.256607262689613e-10,False,2,bfgs,15,True,3.837321571609209e-11,True,0,bernoulli,-39.520924815605206,0.49828246133021098|0.30750257077808618|-1.5851529590324045|0.31966518773974628,4be638ec6df12eea0973968ec1396586b15e01c2cb7ac723730a81c76f2bbbcf,selected_candidate_loading,True,4be638ec6df12eea0973968ec1396586b15e01c2cb7ac723730a81c76f2bbbcf,bernoulli,4,completed
rep02,start_B,6,7,bfgs,bernoulli,bernoulli,65.30000368521559,False,True,-41.12597309495301,-73.7759749375608,bfgs,8,True,4.364108519006038e-10,False,2,bfgs,12,True,6.57781384916234e-11,True,0,bernoulli,-41.12597309495301,1.1204254101557964|-0.42374000554374114|-0.034585411063873479|-0.27225602421731521,31f1d1533dad405a20c93ce0f9644ddeb3c341c832630b687b1e19775784ffaa,selected_candidate_loading,True,31f1d1533dad405a20c93ce0f9644ddeb3c341c832630b687b1e19775784ffaa,bernoulli,4,completed
rep02,start_B,6,8,bfgs,bernoulli,bernoulli,57.25977420593391,False,True,-45.169709797918905,-73.79959690088586,bfgs,7,True,7.968348203490905e-11,True,0,bfgs,14,True,3.6931968594444695e-11,True,0,bernoulli,-45.169709797918905,0.33108233662149961|-0.1916128397435389|-0.099907832233062446|-0.72086738343932744,da96b9544bcade094c209040336ebb87b3e43d2c8147af0bc2735ee97a68e91e,selected_candidate_loading,True,da96b9544bcade094c209040336ebb87b3e43d2c8147af0bc2735ee97a68e91e,bernoulli,4,completed
rep02,start_B,7,3,bfgs,bernoulli,bernoulli,59.41713568113693,False,False,-41.480894828359894,-71.18946266892836,bfgs,6,False,1.1096967851287332e-07,False,2,bfgs,14,True,4.0401788581334586e-09,False,2,bernoulli,-41.480894828359894,-0.47041356352114616|0.6603003193902458|0.6521252617820853|-0.71793615372411757,3bc40140c61117a241911bd3d1f62b633df0a0d838d4df2bc3f09c4a5624144b,selected_candidate_loading,True,3bc40140c61117a241911bd3d1f62b633df0a0d838d4df2bc3f09c4a5624144b,bernoulli,4,completed
rep02,start_B,7,4,bfgs,bernoulli,bernoulli,46.61944023158509,False,True,-50.05699522783421,-73.36671534362675,bfgs,8,True,1.7904611127050885e-10,False,2,bfgs,7,True,6.583942280258271e-11,True,0,bernoulli,-50.05699522783421,-0.33401080893745722|0.21460491328478359|0.10291596564794263|0.052557343910758302,582b892991bfcf54d463e59397c1362d9e0e45dae32df7129e2e2feffcc2f90f,selected_candidate_loading,True,582b892991bfcf54d463e59397c1362d9e0e45dae32df7129e2e2feffcc2f90f,bernoulli,4,completed
rep02,start_B,7,5,bfgs,bernoulli,bernoulli,47.93260985271108,False,True,-50.59049463135862,-74.55679955771416,bfgs,8,True,1.6291679116875456e-11,True,0,bfgs,9,True,3.3214675454473765e-11,True,0,bernoulli,-50.59049463135862,0.26509394276078557|0.35338320439062859|0.00070047483278883114|0.22033944040687814,cc85ef4b1917d7f9077f2d46109f2545b13560db6e2c812533fbc37315946bc2,selected_candidate_loading,True,cc85ef4b1917d7f9077f2d46109f2545b13560db6e2c812533fbc37315946bc2,bernoulli,4,completed
rep02,start_B,7,6,bfgs,bernoulli,bernoulli,67.45885880209323,False,True,-39.36187433132602,-73.09130373237264,bfgs,7,True,2.5924418167733165e-10,False,2,bfgs,18,True,4.656215835119326e-09,False,2,bernoulli,-39.36187433132602,0.42298550773872784|0.23858631771286037|-1.6037960556543591|0.31759821866953047,4b821c781939cbf86454a0b9b8aca5d340992937b9a11ef149c424cc5994eb86,selected_candidate_loading,True,4b821c781939cbf86454a0b9b8aca5d340992937b9a11ef149c424cc5994eb86,bernoulli,4,completed
rep02,start_B,7,7,bfgs,bernoulli,bernoulli,68.11179563098328,False,True,-39.58334462346962,-73.63924243896126,bfgs,9,True,1.1738225946800184e-10,False,2,bfgs,14,True,8.389744010628419e-10,False,2,bernoulli,-39.58334462346962,1.3808035543438189|-0.26144835085123058|0.052119509238758806|-0.28160801734647656,333f4d8d94e1f2fbe81490c10445785f4ffaa00d649d790d1aa03c0460a5ba9f,selected_candidate_loading,True,333f4d8d94e1f2fbe81490c10445785f4ffaa00d649d790d1aa03c0460a5ba9f,bernoulli,4,completed
rep02,start_B,7,8,bfgs,bernoulli,bernoulli,57.13482774514374,False,True,-44.70944646738969,-73.27686033996156,bfgs,8,True,3.036459972349803e-13,True,0,bfgs,13,True,1.2807127358627214e-09,False,2,bernoulli,-44.70944646738969,0.2070931270364087|-0.22726655132549645|-0.15619638008301528|-0.81430194303822723,d4c82ac4cb4f340e33e4f1b555a44c8feb178974cf8a9a58b4bbae6d36993461,selected_candidate_loading,True,d4c82ac4cb4f340e33e4f1b555a44c8feb178974cf8a9a58b4bbae6d36993461,bernoulli,4,completed
rep02,start_B,8,3,bfgs,bernoulli,bernoulli,59.62143951483371,False,False,-41.99769546861908,-71.80841522603593,bfgs,7,False,4.696929807312955e-08,False,2,bfgs,11,True,3.3333034110683e-09,False,2,bernoulli,-41.99769546861908,-0.18966133916517816|0.77883906533948|0.67573372927270525|-0.58621268689938744,4f9fc5a888e041502fc1e49f933f0d74c0f461d8f85242d01efb2e0ec331b5bb,selected_candidate_loading,True,4f9fc5a888e041502fc1e49f933f0d74c0f461d8f85242d01efb2e0ec331b5bb,bernoulli,4,completed
rep02,start_B,8,4,bfgs,bernoulli,bernoulli,48.04923618348454,False,True,-49.346586688350314,-73.37120478009258,bfgs,8,True,2.359836770438051e-11,True,0,bfgs,9,True,2.5538016146242624e-12,True,0,bernoulli,-49.346586688350314,-0.39943409649376083|0.32563116721563268|0.018737355735485246|0.03923283603647304,14705cce0071410ca0f3761dd1279d4a6f4e3c43dafad3898c9b6da16062b9d7,selected_candidate_loading,True,14705cce0071410ca0f3761dd1279d4a6f4e3c43dafad3898c9b6da16062b9d7,bernoulli,4,completed
rep02,start_B,8,5,bfgs,bernoulli,bernoulli,47.64570716763801,False,False,-50.5996379854195,-74.4224915692385,bfgs,8,True,3.504929679820634e-12,True,0,bfgs,8,False,4.339600341296546e-08,False,2,bernoulli,-50.5996379854195,0.31350875892144026|0.27522777453048503|0.11817998029696426|0.1957396500780231,c59ee768edbd3943e4b28281526c75baabf36ed186d09b02f4227918b740ac7c,selected_candidate_loading,True,c59ee768edbd3943e4b28281526c75baabf36ed186d09b02f4227918b740ac7c,bernoulli,4,completed
rep02,start_B,8,6,bfgs,bernoulli,bernoulli,69.38890175845026,False,True,-37.81732346390807,-72.5117743431332,bfgs,8,True,3.1012709733602152e-09,False,2,bfgs,14,True,6.436162380829558e-10,False,2,bernoulli,-37.81732346390807,0.59982572837640269|0.50911211045989313|-1.7198413261608498|0.37342144269137334,98bc2c11fb2e4e3c142310d801b303c4c8671fc01e06b3217e047fe1a934725a,selected_candidate_loading,True,98bc2c11fb2e4e3c142310d801b303c4c8671fc01e06b3217e047fe1a934725a,bernoulli,4,completed
rep02,start_B,8,7,bfgs,bernoulli,bernoulli,70.01585639046581,False,True,-38.53506649564507,-73.54299469087798,bfgs,8,True,3.046855823196637e-11,True,0,bfgs,15,True,1.3376379559559836e-09,False,2,bernoulli,-38.53506649564507,1.5153717900055799|-0.37462342384714925|-0.10535907220696329|-0.13520703574388088,31bb80ded5032ab4b376a7c321a1f1f2ef21bfb5b8869170173c2270b7a43e95,selected_candidate_loading,True,31bb80ded5032ab4b376a7c321a1f1f2ef21bfb5b8869170173c2270b7a43e95,bernoulli,4,completed
rep02,start_B,8,8,bfgs,bernoulli,bernoulli,57.570101551266205,False,False,-44.97228635119048,-73.75733712682359,bfgs,8,False,2.0652665400078263e-08,False,2,bfgs,13,True,1.4846417428771018e-10,False,2,bernoulli,-44.97228635119048,0.019459121757978971|-0.28480105691598756|-0.077301780730528666|-0.84379121865063889,5578bf184e45889766027737c78e5725491cea7d80e085d5c568256e71f99eaa,selected_candidate_loading,True,5578bf184e45889766027737c78e5725491cea7d80e085d5c568256e71f99eaa,bernoulli,4,completed
rep02,start_B,1,3,bfgs,bernoulli,bernoulli,50.71123447821675,False,False,-47.43277443795383,-72.78839167706221,bfgs,14,True,3.470217224688099e-10,False,2,bfgs,11,False,4.5373617574284705e-08,False,2,bernoulli,-47.43277443795383,0.57733833825928782|-0.16261855385792229|-0.32283425781537239|0.17575508016881511|-0.37876883485441981,fa25a46018047baae4b70d615ddce26f4de232821b452c5d62ddbdea4d0d52a4,selected_candidate_loading,True,fa25a46018047baae4b70d615ddce26f4de232821b452c5d62ddbdea4d0d52a4,bernoulli,5,completed
rep02,start_B,1,4,bfgs,bernoulli,bernoulli,48.38882636830702,False,True,-48.64168391795844,-72.83609710211195,bfgs,12,True,1.5405348108288307e-10,False,2,bfgs,9,True,8.443432719662525e-09,False,2,bernoulli,-48.64168391795844,-0.029609876804979292|0.20103127315696084|-0.29733463087732037|0.73584363771857086|-0.030262159638502976,24091ae53ec252c9a206939be85cbcfa0fc00c99c415c05aa90331f9078f3653,selected_candidate_loading,True,24091ae53ec252c9a206939be85cbcfa0fc00c99c415c05aa90331f9078f3653,bernoulli,5,completed
rep02,start_B,1,5,bfgs,bernoulli,bernoulli,47.51391563440798,False,True,-50.660576863473686,-74.41753468067768,bfgs,13,True,2.328358839065459e-10,False,2,bfgs,10,True,1.7211370106906542e-10,False,2,bernoulli,-50.660576863473686,-0.094281130244732947|0.42077551771236421|0.21598937775469554|-0.21828642192169817|0.071795395500181075,13342e3eddbb9f4fb22c5bf7d3e1b2f852df7110a160f4fe91339fe25ed8424a,selected_candidate_loading,True,13342e3eddbb9f4fb22c5bf7d3e1b2f852df7110a160f4fe91339fe25ed8424a,bernoulli,5,completed
rep02,start_B,1,6,bfgs,bernoulli,bernoulli,55.38109188276438,False,False,-46.16803169485842,-73.85857763624061,bfgs,11,False,1.994132194482745e-07,False,2,bfgs,10,True,1.1192755389188847e-09,False,2,bernoulli,-46.16803169485842,-0.64540147507417545|0.27736746259273509|-0.48236034338976674|0.20946852815531994|0.49650018596759121,9c5aed8369538654024f8ca600dabaa9e0e2051bca91a5d114ceec3eefadfb47,selected_candidate_loading,True,9c5aed8369538654024f8ca600dabaa9e0e2051bca91a5d114ceec3eefadfb47,bernoulli,5,completed
rep02,start_B,1,7,bfgs,bernoulli,bernoulli,60.26970536787323,False,False,-43.63847200005516,-73.77332468399177,bfgs,12,True,3.776805868049848e-10,False,2,bfgs,11,False,1.2363329915388022e-08,False,2,bernoulli,-43.63847200005516,-0.46787696152294744|-0.25888457096885464|-0.1030356551216695|-0.46238101912914736|-0.32711687624894342,a150305daea0b94091830955534a1d9d291adde85c8b886480ef9f6f7cbdd0ec,selected_candidate_loading,True,a150305daea0b94091830955534a1d9d291adde85c8b886480ef9f6f7cbdd0ec,bernoulli,5,completed
rep02,start_B,1,8,bfgs,bernoulli,bernoulli,54.95669445537996,False,True,-46.56501212613152,-74.0433593538215,bfgs,14,True,1.4138070936198232e-09,False,2,bfgs,11,True,4.359328809044883e-09,False,2,bernoulli,-46.56501212613152,-0.39831620294262393|-0.058349158689089291|-0.6313965975468907|-0.0092202335657347347|-0.13496297146688885,eac6f94c11892963e973b6a9f6ba95bab78fe215e024434f609cac5faa1e2aa4,selected_candidate_loading,True,eac6f94c11892963e973b6a9f6ba95bab78fe215e024434f609cac5faa1e2aa4,bernoulli,5,completed
rep02,start_B,2,3,bfgs,bernoulli,bernoulli,57.56023470147939,False,True,-42.34415122303435,-71.12426857377405,bfgs,10,True,4.3078718370281877e-10,False,2,bfgs,13,True,1.8118302413938637e-10,False,2,bernoulli,-42.34415122303435,0.86988279350439557|-0.20716356989726245|-0.17976371411675846|0.27004691727955932|-0.68417151986497116,e91cf5b606f0592dfc9ce0fa3c372e5f39302d423dd0804d59262978f6b44342,selected_candidate_loading,True,e91cf5b606f0592dfc9ce0fa3c372e5f39302d423dd0804d59262978f6b44342,bernoulli,5,completed
rep02,start_B,2,4,bfgs,bernoulli,bernoulli,47.56143999938101,False,True,-48.27106464649523,-72.05178464618574,bfgs,11,True,1.155875395397743e-12,True,0,bfgs,10,True,1.8991030970028076e-12,True,0,bernoulli,-48.27106464649523,-0.14035407272114125|0.26925171301053274|-0.28374098476903209|0.93038716980817715|-0.12700419865530441,30d1062d238559945c06caa6686a8b00cfd59b1344093c8f5a24d88020325e74,selected_candidate_loading,True,30d1062d238559945c06caa6686a8b00cfd59b1344093c8f5a24d88020325e74,bernoulli,5,completed
rep02,start_B,2,5,bfgs,bernoulli,bernoulli,47.34028547975868,False,True,-50.238464407992794,-73.90860714787213,bfgs,8,True,9.92468329741314e-11,True,0,bfgs,12,True,4.677313736323185e-09,False,2,bernoulli,-50.238464407992794,-0.13277468658588973|0.42823528902208435|0.28646931563401995|-0.23719916305624159|0.038795197376799963,b46538d8aa5af8bdbbd34497e7b4dbc0cc495a0e62f002cc2ba0431c902dad01,selected_candidate_loading,True,b46538d8aa5af8bdbbd34497e7b4dbc0cc495a0e62f002cc2ba0431c902dad01,bernoulli,5,completed
rep02,start_B,2,6,bfgs,bernoulli,bernoulli,59.81003041284684,False,True,-43.15859852324824,-73.06361372967166,bfgs,10,True,6.6900263107072534e-12,True,0,bfgs,14,True,4.7693882732069426e-09,False,2,bernoulli,-43.15859852324824,-0.62067142153999466|0.38533265224506552|-0.75735646210635377|0.17102452082466432|0.67350788377001158,a4e761df4807e60a34fc946afb6a6ac82278baf5d351bb19906169eac7e6ec7c,selected_candidate_loading,True,a4e761df4807e60a34fc946afb6a6ac82278baf5d351bb19906169eac7e6ec7c,bernoulli,5,completed
rep02,start_B,2,7,bfgs,bernoulli,bernoulli,62.77353728374683,False,False,-41.6825397362842,-73.06930837815761,bfgs,10,True,4.578721402026531e-10,False,2,bfgs,14,False,1.3750623828467923e-08,False,2,bernoulli,-41.6825397362842,-0.84574955249897998|-0.22025788439341154|-0.24221358253912606|-0.30974650227312722|-0.45362944289747004,c0ffaede0bae1838eebb5b3173013b748c5731e08742dbebe6a6f26eedcc56cc,selected_candidate_loading,True,c0ffaede0bae1838eebb5b3173013b748c5731e08742dbebe6a6f26eedcc56cc,bernoulli,5,completed
rep02,start_B,2,8,bfgs,bernoulli,bernoulli,56.30004504465856,False,True,-45.064331555848014,-73.2143540781773,bfgs,10,True,8.46313507052443e-09,False,2,bfgs,14,True,1.6605163466465455e-09,False,2,bernoulli,-45.064331555848014,-0.5545660858381346|-0.061781827723337408|-0.76858211452729519|0.21780770134051425|-0.36151664243392884,0ffd46d0548ca548a95bc86ba7706675799ac6f7ce971cde36c8c95aa09b042c,selected_candidate_loading,True,0ffd46d0548ca548a95bc86ba7706675799ac6f7ce971cde36c8c95aa09b042c,bernoulli,5,completed
rep02,start_B,3,3,bfgs,bernoulli,bernoulli,59.65516667850859,False,True,-41.285258672171516,-71.11284201142581,bfgs,9,True,3.366322776088282e-11,True,0,bfgs,13,True,4.581158563610188e-10,False,2,bernoulli,-41.285258672171516,0.82874414027197396|-0.080482782496745744|-0.098613386145333201|0.34839529464712549|-0.86065595908904946,4587137a1e65d974b62c1ec507e01920050fbd5147821ec7e2a817a7a3a72caa,selected_candidate_loading,True,4587137a1e65d974b62c1ec507e01920050fbd5147821ec7e2a817a7a3a72caa,bernoulli,5,completed
rep02,start_B,3,4,bfgs,bernoulli,bernoulli,48.85563693786514,False,True,-46.978904417451716,-71.40672288638429,bfgs,9,True,1.9316725996532114e-11,True,0,bfgs,11,True,6.528376950143411e-09,False,2,bernoulli,-46.978904417451716,-0.25575679022074338|0.25509765930220235|-0.26946824942318803|1.0289793961524405|-0.12198741611899437,ab62030f9ea042d3d6602c67ef0ec21daaecabedf633c2a4c61bf92bc0d80f04,selected_candidate_loading,True,ab62030f9ea042d3d6602c67ef0ec21daaecabedf633c2a4c61bf92bc0d80f04,bernoulli,5,completed
rep02,start_B,3,5,bfgs,bernoulli,bernoulli,49.69368097191396,False,False,-49.54813604331999,-74.39497652927697,bfgs,9,True,5.7952131982119684e-11,True,0,bfgs,10,False,6.540053689718662e-08,False,2,bernoulli,-49.54813604331999,-0.10748805213092844|0.42595730387063818|0.37252342020458801|-0.4535430741128631|0.013127506389438194,3756fc0afbeabf126a70db7341ad66d8be823c9af0426d2751f3426a28690bb6,selected_candidate_loading,True,3756fc0afbeabf126a70db7341ad66d8be823c9af0426d2751f3426a28690bb6,bernoulli,5,completed
rep02,start_B,3,6,bfgs,bernoulli,bernoulli,59.56948201199782,False,True,-42.70617924986665,-72.49092025586556,bfgs,9,True,1.5155432464553087e-11,True,0,bfgs,15,True,1.1768191976457842e-11,True,0,bernoulli,-42.70617924986665,-0.54351606652482676|0.44644146209724755|-0.81962322521843223|0.10304628643032129|0.68058632492551352,a4ce2de608a29d077de9aea39ecb38629c50b4716d16631b790bed2cafb05d1d,selected_candidate_loading,True,a4ce2de608a29d077de9aea39ecb38629c50b4716d16631b790bed2cafb05d1d,bernoulli,5,completed
rep02,start_B,3,7,bfgs,bernoulli,bernoulli,66.41019460159771,False,True,-39.55419057242365,-72.7592878732225,bfgs,9,True,9.428315905779527e-11,True,0,bfgs,13,True,1.2682505712291458e-09,False,2,bernoulli,-39.55419057242365,-1.0375347607569723|-0.3057944975436398|-0.31863227625372975|-0.28231840431566946|-0.61181632892626625,c8fa44214e49631973016cd103d5a76608c6e92dcd9b27045d16e2235b0cf1f6,selected_candidate_loading,True,c8fa44214e49631973016cd103d5a76608c6e92dcd9b27045d16e2235b0cf1f6,bernoulli,5,completed
rep02,start_B,3,8,bfgs,bernoulli,bernoulli,56.40872050728184,False,True,-44.573540729998705,-72.77790098363963,bfgs,9,True,5.36698419040249e-10,False,2,bfgs,15,True,2.4746025673039183e-09,False,2,bernoulli,-44.573540729998705,-0.47375425173299579|-0.3170284579571237|-0.71103536066555983|0.31188629804872248|-0.51192108692091154,e39340b1acf6d4c0bfdeb8bda35905c591119f19eb5c216b633acbf523a6dc13,selected_candidate_loading,True,e39340b1acf6d4c0bfdeb8bda35905c591119f19eb5c216b633acbf523a6dc13,bernoulli,5,completed
rep02,start_B,4,3,bfgs,bernoulli,bernoulli,60.311011919380576,False,True,-41.079465496473844,-71.23497145616413,bfgs,10,True,1.0135714489933888e-11,True,0,bfgs,14,True,8.756835256917838e-11,True,0,bernoulli,-41.079465496473844,0.95629799611759081|-0.20117583984009124|0.020722349230433899|0.25700549098164421|-0.82871816477529681,dac5c5a8a604075ec7210b76f3417445b239990e8f7b01daa4ef698236c76968,selected_candidate_loading,True,dac5c5a8a604075ec7210b76f3417445b239990e8f7b01daa4ef698236c76968,bernoulli,5,completed
rep02,start_B,4,4,bfgs,bernoulli,bernoulli,49.81708034546871,False,True,-46.404698365321984,-71.31323853805634,bfgs,8,True,4.960632793427066e-10,False,2,bfgs,11,True,7.034981930331696e-09,False,2,bernoulli,-46.404698365321984,-0.21488734041269897|0.24678228607669325|-0.23359364849034048|1.0216455455783287|-0.16580772738864957,22e14a11fb17f90f206435ac05604e38e15e47e8db0c56714fd7ca9ca1165945,selected_candidate_loading,True,22e14a11fb17f90f206435ac05604e38e15e47e8db0c56714fd7ca9ca1165945,bernoulli,5,completed
rep02,start_B,4,5,bfgs,bernoulli,bernoulli,49.610125151714485,False,True,-49.384772323106766,-74.18983489896401,bfgs,9,True,6.6340710702661456e-12,True,0,bfgs,14,True,3.981507123995698e-09,False,2,bernoulli,-49.384772323106766,-0.25543642303359204|0.52041499814847159|0.30474380795076111|-0.31703720639804611|-0.018800304714758749,65d26be2cd68015499404180414affd494263f42e904bdb26b9f9edba9d724c4,selected_candidate_loading,True,65d26be2cd68015499404180414affd494263f42e904bdb26b9f9edba9d724c4,bernoulli,5,completed
rep02,start_B,4,6,bfgs,bernoulli,bernoulli,61.48767046344615,False,False,-41.53344729709115,-72.27728252881423,bfgs,10,True,9.732039174537021e-10,False,2,bfgs,15,False,1.6675090463991183e-08,False,2,bernoulli,-41.53344729709115,-0.53627574174997472|0.676167318995894|-0.91292550153204777|0.085433388621591139|0.73969043157219094,919274527999481adde54b696ab9642fb5d808d3ea2aecc8ad59486abe187e51,selected_candidate_loading,True,919274527999481adde54b696ab9642fb5d808d3ea2aecc8ad59486abe187e51,bernoulli,5,completed
rep02,start_B,4,7,bfgs,bernoulli,bernoulli,66.1589268302479,False,True,-39.80424154222344,-72.88370495734739,bfgs,9,True,4.9515969102742475e-11,True,0,bfgs,14,True,6.4390056842000835e-09,False,2,bernoulli,-39.80424154222344,-1.0616227982940833|-0.396263603861775|-0.26446512437299047|-0.23904932586524147|-0.47644245382637035,5ab954efd5b3e11733022cf61ce9ec230f7727e981eb46a7410de1cab6d018ff,selected_candidate_loading,True,5ab954efd5b3e11733022cf61ce9ec230f7727e981eb46a7410de1cab6d018ff,bernoulli,5,completed
rep02,start_B,4,8,bfgs,bernoulli,bernoulli,58.463897287046564,False,True,-43.22198569092541,-72.45393433444869,bfgs,9,True,2.8566204957058973e-12,True,0,bfgs,14,True,5.557219306950856e-09,False,2,bernoulli,-43.22198569092541,-0.5016313488620161|-0.25482755246147398|-0.82114870443531374|0.37765340966509642|-0.56897778023572165,ed55061ee83be4626c625834e754ce4a8e90230932b7773377b36b113d9c9306,selected_candidate_loading,True,ed55061ee83be4626c625834e754ce4a8e90230932b7773377b36b113d9c9306,bernoulli,5,completed
rep02,start_B,5,3,bfgs,bernoulli,bernoulli,57.383179099651926,False,True,-41.05272166597223,-69.74431121579819,bfgs,9,True,9.812737289394136e-11,True,0,bfgs,12,True,5.159100879836842e-09,False,2,bernoulli,-41.05272166597223,0.74633514762360365|-0.037166758965683382|-0.11567348067763128|0.44656254269517737|-0.95977980017854247,4932a9f545007b9fce93be6231363ddcb84380ca05735ae78dff466fe266853f,selected_candidate_loading,True,4932a9f545007b9fce93be6231363ddcb84380ca05735ae78dff466fe266853f,bernoulli,5,completed
rep02,start_B,5,4,bfgs,bernoulli,bernoulli,45.91558638478733,False,True,-47.66173112413988,-70.61952431653354,bfgs,9,True,2.7078428388449537e-11,True,0,bfgs,11,True,3.1600499994510756e-11,True,0,bernoulli,-47.66173112413988,-0.014986970100502766|0.25718065806832369|-0.16092584679230443|0.82497061398425231|-0.15028755789066028,b73d6d8ebd40fd9df2ccfb7c612f30a728fbd8c1fb2e681f02a43879414366db,selected_candidate_loading,True,b73d6d8ebd40fd9df2ccfb7c612f30a728fbd8c1fb2e681f02a43879414366db,bernoulli,5,completed
rep02,start_B,5,5,bfgs,bernoulli,bernoulli,48.59506335131752,False,False,-49.74518090325999,-74.04271257891875,bfgs,10,True,1.2843015539942826e-11,True,0,bfgs,13,False,1.4884943189130695e-08,False,2,bernoulli,-49.74518090325999,-0.24570594028012327|0.46088481231564554|0.24840601199477361|-0.2920545760019056|-0.017708143849873011,adec5bc9c33f6657a084600eb18711b5343aeff2f19dd8e0d0e065485a4d3a5d,selected_candidate_loading,True,adec5bc9c33f6657a084600eb18711b5343aeff2f19dd8e0d0e065485a4d3a5d,bernoulli,5,completed
rep02,start_B,5,6,bfgs,bernoulli,bernoulli,61.22778730150927,False,False,-41.05137056204448,-71.66526421279912,bfgs,9,True,4.063451797264861e-11,True,0,bfgs,14,False,2.7329922497321137e-08,False,2,bernoulli,-41.05137056204448,-0.35109918008065999|0.68365026522563255|-0.9693402225499782|0.0070174004682714243|0.75267588811372776,23509b517176e52b0638113d6ea15982135da0b3f0a6cb600b17e2dff1f0251f,selected_candidate_loading,True,23509b517176e52b0638113d6ea15982135da0b3f0a6cb600b17e2dff1f0251f,bernoulli,5,completed
rep02,start_B,5,7,bfgs,bernoulli,bernoulli,61.89526558558626,False,False,-41.582214347731124,-72.52984714052425,bfgs,10,True,1.250013870190969e-10,False,2,bfgs,14,False,3.473297535805386e-07,False,2,bernoulli,-41.582214347731124,-0.88513811286459265|-0.45163868809093821|-0.15421692811453144|-0.31785240431862416|-0.31130340741029777,601a2b1d49fbc352ba1e114319a5d5650b30860259596f2dc878ddae789d8c07,selected_candidate_loading,True,601a2b1d49fbc352ba1e114319a5d5650b30860259596f2dc878ddae789d8c07,bernoulli,5,completed
rep02,start_B,5,8,bfgs,bernoulli,bernoulli,55.47892749505861,False,True,-44.04061139852994,-71.78007514605925,bfgs,10,True,5.557004856271419e-10,False,2,bfgs,15,True,3.049732111293224e-09,False,2,bernoulli,-44.04061139852994,-0.34784631048112552|-0.29617208528665279|-0.68611519711594415|0.15299787412280547|-0.50660033460860543,7a53b5fd3985e88be527cb64b2ea1e3208d8bd192f76288e8c7da18348eef5cd,selected_candidate_loading,True,7a53b5fd3985e88be527cb64b2ea1e3208d8bd192f76288e8c7da18348eef5cd,bernoulli,5,completed
rep02,start_B,6,3,bfgs,bernoulli,bernoulli,61.02956490064764,False,True,-40.367595240483965,-70.88237769080779,bfgs,9,True,6.780305650266883e-10,False,2,bfgs,12,True,8.415490526658687e-11,True,0,bernoulli,-40.367595240483965,0.7951470987995739|-0.011160804069562472|0.11956203078220157|0.34802586065061186|-1.0535586521391394,6538ccef2c765e5c3bda3db3995b7b1c1aef44297521c2f2cc898201951f86bc,selected_candidate_loading,True,6538ccef2c765e5c3bda3db3995b7b1c1aef44297521c2f2cc898201951f86bc,bernoulli,5,completed
rep02,start_B,6,4,bfgs,bernoulli,bernoulli,48.67036138920558,False,True,-47.19579865988326,-71.53097935448605,bfgs,9,True,1.9690915564751775e-13,True,0,bfgs,11,True,5.64658275692409e-10,False,2,bernoulli,-47.19579865988326,-0.046060071273925911|0.38508525487276901|-0.20837897708776895|0.79792931316124738|-0.09543344034913262,65f48535f677c5879b91e97bdae7ce0c71fd7fe06d6c4e679c10783028a3494a,selected_candidate_loading,True,65f48535f677c5879b91e97bdae7ce0c71fd7fe06d6c4e679c10783028a3494a,bernoulli,5,completed
rep02,start_B,6,5,bfgs,bernoulli,bernoulli,48.03483137968661,False,True,-50.29231435228405,-74.30973004212736,bfgs,9,True,9.809641987601481e-11,True,0,bfgs,15,True,4.004949261116053e-10,False,2,bernoulli,-50.29231435228405,-0.08025846835263678|0.34447663397445316|0.26488519958379503|-0.34867198684192735|0.064633342278820144,d8a3903ab13fb756e287f5a857e17eba867c786827e5500e567c9a2e8df51835,selected_candidate_loading,True,d8a3903ab13fb756e287f5a857e17eba867c786827e5500e567c9a2e8df51835,bernoulli,5,completed
rep02,start_B,6,6,bfgs,bernoulli,bernoulli,64.81293962825482,False,False,-39.43065189490914,-71.83712170903655,bfgs,10,True,7.779332733548472e-12,True,0,bfgs,11,False,1.8151695113655107e-08,False,2,bernoulli,-39.43065189490914,-0.32046712557634038|0.66265665810542285|-1.2554055507145261|0.012308617245376904|0.70094097253657472,0e6dfb8328491e7e50e30bc888dbc1ce586ed82898093cd9f0bd0ecf7fc35f5b,selected_candidate_loading,True,0e6dfb8328491e7e50e30bc888dbc1ce586ed82898093cd9f0bd0ecf7fc35f5b,bernoulli,5,completed
rep02,start_B,6,7,bfgs,bernoulli,bernoulli,65.5382374357928,False,True,-39.63377991949741,-72.4028986373938,bfgs,9,True,4.683498033841715e-12,True,0,bfgs,16,True,3.3338091842693986e-09,False,2,bernoulli,-39.63377991949741,-1.0997735563441136|-0.44447778176375546|-0.28495869396317342|-0.088410132616328962|-0.29861670368330406,311142fcb3c8266b2e4ea975059ff5c73ad8c0866b94155bc242d5632ca6ad32,selected_candidate_loading,True,311142fcb3c8266b2e4ea975059ff5c73ad8c0866b94155bc242d5632ca6ad32,bernoulli,5,completed
rep02,start_B,6,8,bfgs,bernoulli,bernoulli,57.044908138210445,False,True,-44.10484596578023,-72.62730003488545,bfgs,10,True,2.239099394785171e-09,False,2,bfgs,15,True,3.556159522410951e-09,False,2,bernoulli,-44.10484596578023,-0.56124850746106558|-0.27231469689368287|-0.53784713824231756|0.2528041067331438|-0.52338805709764924,ff4f1f0ae858bed23958a58b88784e61779ed73e9ca37d12089ab4df63aa77a4,selected_candidate_loading,True,ff4f1f0ae858bed23958a58b88784e61779ed73e9ca37d12089ab4df63aa77a4,bernoulli,5,completed
rep02,start_B,7,3,bfgs,bernoulli,bernoulli,59.27467822455603,False,True,-41.10798161067743,-70.74532072295544,bfgs,9,True,4.7484771670269764e-11,True,0,bfgs,12,True,5.3860826909613026e-11,True,0,bernoulli,-41.10798161067743,0.69257787538096105|0.032973806230166887|0.18137382899809998|0.13422553060104206|-1.0520973050703524,c3838d77b91de90e27f492d88f4d4d06b373c53baa236649199cce787ebd4374,selected_candidate_loading,True,c3838d77b91de90e27f492d88f4d4d06b373c53baa236649199cce787ebd4374,bernoulli,5,completed
rep02,start_B,7,4,bfgs,bernoulli,bernoulli,49.5371763858283,False,True,-46.25980049242379,-71.02838868533794,bfgs,10,True,5.850235851312391e-10,False,2,bfgs,10,True,1.5289547405927806e-11,True,0,bernoulli,-46.25980049242379,-0.067210814469841201|0.13697805253089768|-0.048680511797911621|1.0399053942300476|-0.19203664115598365,349be6e3b03eefed4db47f6e57e48c4ae8213499200263299df1ba6ee7bba626,selected_candidate_loading,True,349be6e3b03eefed4db47f6e57e48c4ae8213499200263299df1ba6ee7bba626,bernoulli,5,completed
rep02,start_B,7,5,bfgs,bernoulli,bernoulli,49.3811992546387,False,True,-49.783346617762696,-74.47394624508205,bfgs,10,True,1.4915162438455808e-10,False,2,bfgs,11,True,3.4638958368304884e-14,True,0,bernoulli,-49.783346617762696,-0.21823315453965644|0.33906971512939532|0.29308845183163362|-0.41076308162560687|0.083724711695802437,916ccc6fa2e961849e4e5c4581af1739358c4fde1c5e5a0efa35893afc563c7b,selected_candidate_loading,True,916ccc6fa2e961849e4e5c4581af1739358c4fde1c5e5a0efa35893afc563c7b,bernoulli,5,completed
rep02,start_B,7,6,bfgs,bernoulli,bernoulli,65.87763837154225,False,False,-38.96548616726453,-71.90430535303565,bfgs,9,True,1.3698266077000198e-09,False,2,bfgs,15,False,1.02192952100566e-07,False,2,bernoulli,-38.96548616726453,-0.54949748305593249|0.70313329815772363|-1.1596242245478969|0.35332953839906289|0.78263811418434526,bd12c0131a10dd88e1f5a78962011b45e8cbbf7abf443de6261f67456dc37530,selected_candidate_loading,True,bd12c0131a10dd88e1f5a78962011b45e8cbbf7abf443de6261f67456dc37530,bernoulli,5,completed
rep02,start_B,7,7,bfgs,bernoulli,bernoulli,65.25108792367965,False,True,-39.889402362226136,-72.51494632406596,bfgs,10,True,5.308269790393894e-09,False,2,bfgs,14,True,4.1915795279123815e-10,False,2,bernoulli,-39.889402362226136,-1.1052790298993476|-0.52036493686694352|-0.32696484185128993|-0.015269300512371416|-0.19485629582715974,a18af415379d790590baaf5f6b42a32625260313badf52c03cc7608d38861230,selected_candidate_loading,True,a18af415379d790590baaf5f6b42a32625260313badf52c03cc7608d38861230,bernoulli,5,completed
rep02,start_B,7,8,bfgs,bernoulli,bernoulli,57.58626085436018,False,True,-43.85488769780535,-72.64801812498544,bfgs,9,True,1.7693550624642284e-09,False,2,bfgs,14,True,3.6952207960183614e-10,False,2,bernoulli,-43.85488769780535,-0.38524168823708221|-0.294314183218712|-0.58734121458059585|0.10656532897820559|-0.56553537253916475,2c0e44a0867a0bbb216e875d6488002efddaa76b3b6c5d992e278ea031459b26,selected_candidate_loading,True,2c0e44a0867a0bbb216e875d6488002efddaa76b3b6c5d992e278ea031459b26,bernoulli,5,completed
rep02,start_B,8,3,bfgs,bernoulli,bernoulli,58.61610538245975,False,True,-40.15819683980048,-69.46624953103036,bfgs,9,True,1.1641798636219391e-12,True,0,bfgs,13,True,1.6900013832810145e-09,False,2,bernoulli,-40.15819683980048,0.56062888651635989|-0.0028916878709543967|0.14504220356320593|0.34112258065771012|-1.2016376100550445,81204d15433853ecbdbed95ded11eea5c5068d8c4f10f3cbac23dcbb3711f896,selected_candidate_loading,True,81204d15433853ecbdbed95ded11eea5c5068d8c4f10f3cbac23dcbb3711f896,bernoulli,5,completed
rep02,start_B,8,4,bfgs,bernoulli,bernoulli,47.58299173887215,False,True,-45.318137178933696,-69.10963304836977,bfgs,9,True,5.671410008289968e-11,True,0,bfgs,10,True,7.505862598122804e-12,True,0,bernoulli,-45.318137178933696,-0.16349447888949439|0.14152213051261647|-0.088321554231526544|1.170515122277755|-0.20062797021061565,de03a4a7575ef9b94354f53868ebd85527703b9aac96a88d53bc068de9d7461e,selected_candidate_loading,True,de03a4a7575ef9b94354f53868ebd85527703b9aac96a88d53bc068de9d7461e,bernoulli,5,completed
rep02,start_B,8,5,bfgs,bernoulli,bernoulli,48.86542035717203,False,True,-49.762154820388126,-74.19486499897414,bfgs,9,True,8.123226535872163e-11,True,0,bfgs,16,True,2.0460078076212084e-12,True,0,bernoulli,-49.762154820388126,-0.24379332770253892|0.38671906382345356|0.20915159810158715|-0.44485108979253279|0.07674335930766886,f3738498b8076a69d67aac3466961ac0f44178e1e2b6409fd01832de45c72146,selected_candidate_loading,True,f3738498b8076a69d67aac3466961ac0f44178e1e2b6409fd01832de45c72146,bernoulli,5,completed
rep02,start_B,8,6,bfgs,bernoulli,bernoulli,64.17020012522794,False,False,-38.76200714106968,-70.84710720368365,bfgs,9,True,1.0424292540278657e-10,False,2,bfgs,14,False,5.554873976798546e-07,False,2,bernoulli,-38.76200714106968,-0.70041797141156836|0.81845673233181093|-1.1171688600143304|0.30942884613755534|0.82352594454920891,a08de4631da9cef496a0b5f148456a4a3bc8ecc0fe44de7f419db9442f122589,selected_candidate_loading,True,a08de4631da9cef496a0b5f148456a4a3bc8ecc0fe44de7f419db9442f122589,bernoulli,5,completed
rep02,start_B,8,7,bfgs,bernoulli,bernoulli,64.51401121567136,False,False,-40.11456769656799,-72.37157330440367,bfgs,8,False,1.539794524108018e-08,False,2,bfgs,13,True,2.8011912789338567e-09,False,2,bernoulli,-40.11456769656799,-1.0789458503860552|-0.46431373155303263|-0.35407864648156911|-0.27202188092447649|-0.051796302014405181,c3abdff38c21c65893fa6dd23b8451f858d698858c557743b477a8ee9ed58513,selected_candidate_loading,True,c3abdff38c21c65893fa6dd23b8451f858d698858c557743b477a8ee9ed58513,bernoulli,5,completed
rep02,start_B,8,8,bfgs,bernoulli,bernoulli,56.379138743301496,False,True,-43.236152626572434,-71.42572199822318,bfgs,10,True,3.794925484967848e-12,True,0,bfgs,14,True,8.449752808559197e-09,False,2,bernoulli,-43.236152626572434,-0.38732546517873628|-0.45566043805246642|-0.69989695056796686|0.32654888266835985|-0.50264113391429477,1b8d8b49b0010fff35efccb5626742af9df85e1376dee25674cf09362c7ec1d8,selected_candidate_loading,True,1b8d8b49b0010fff35efccb5626742af9df85e1376dee25674cf09362c7ec1d8,bernoulli,5,completed
rep03,start_B,1,3,bfgs,bernoulli,bernoulli,46.00700064404516,False,True,-51.95477200046846,-74.95827232249104,bfgs,4,True,6.952216580202731e-14,True,0,bfgs,4,True,3.028688411177427e-14,True,0,bernoulli,-51.95477200046846,0.057780009541556709,ce98740af7f9ef25a66b5317620090aa5b000b79db178ae1453ce740a5cf94de,selected_candidate_loading,True,ce98740af7f9ef25a66b5317620090aa5b000b79db178ae1453ce740a5cf94de,bernoulli,1,completed
rep03,start_B,1,4,bfgs,bernoulli,bernoulli,46.432165829301894,False,True,-51.27238725231208,-74.48847016696303,bfgs,4,True,2.2652280051715935e-11,True,0,bfgs,4,True,9.325873406851315e-16,True,0,bernoulli,-51.27238725231208,-0.27917902173861614,aad2d4dd569ca7441722fe6b7b20bbff9456fd03ec66e88f718f0533acf4f51a,selected_candidate_loading,True,aad2d4dd569ca7441722fe6b7b20bbff9456fd03ec66e88f718f0533acf4f51a,bernoulli,1,completed
rep03,start_B,1,5,bfgs,bernoulli,bernoulli,45.8714195328177,False,True,-51.985455148261465,-74.92116491467031,bfgs,3,True,7.826603498628515e-09,False,2,bfgs,4,True,1.6629542187729385e-11,True,0,bernoulli,-51.985455148261465,0.00788859084061274,23de9561ad0c2a62d078b607f40ffd8f6a32d5b4d71a50c9f328649e7ac597da,selected_candidate_loading,True,23de9561ad0c2a62d078b607f40ffd8f6a32d5b4d71a50c9f328649e7ac597da,bernoulli,1,completed
rep03,start_B,1,6,bfgs,bernoulli,bernoulli,46.2355847893795,False,True,-51.86766101661154,-74.9854534113013,bfgs,4,True,1.6142642778049776e-13,True,0,bfgs,4,True,2.042810365310288e-15,True,0,bernoulli,-51.86766101661154,0.11258877693985112,f091ef1eeb6d43da6a7e260724460e052a183d4dce370d0395aaad5050183da2,selected_candidate_loading,True,f091ef1eeb6d43da6a7e260724460e052a183d4dce370d0395aaad5050183da2,bernoulli,1,completed
rep03,start_B,1,7,bfgs,bernoulli,bernoulli,46.364005678452116,False,True,-51.81102282745151,-74.99302566667757,bfgs,4,True,1.7763568394002506e-16,True,0,bfgs,4,True,5.1336712658667236e-14,True,0,bernoulli,-51.81102282745151,0.13702644367651445,7ed7662a59d12590d8f76033e8fa77f86579524fecbad27fa120d517ee909bef,selected_candidate_loading,True,7ed7662a59d12590d8f76033e8fa77f86579524fecbad27fa120d517ee909bef,bernoulli,1,completed
rep03,start_B,1,8,bfgs,bernoulli,bernoulli,52.47845976964456,False,True,-46.79004863228464,-73.02927851710692,bfgs,7,True,1.5543122344752192e-15,True,0,bfgs,4,True,7.790212919189798e-12,True,0,bernoulli,-46.79004863228464,-0.81407185019837469,c0837c62e9b211efb73fbfc6bbedf482297619e96fb04dc0b5034ea8e461bcba,selected_candidate_loading,True,c0837c62e9b211efb73fbfc6bbedf482297619e96fb04dc0b5034ea8e461bcba,bernoulli,1,completed
rep03,start_B,2,3,bfgs,bernoulli,bernoulli,46.889415952072085,False,True,-51.48842706857424,-74.93313504461028,bfgs,4,True,7.65449925665962e-12,True,0,bfgs,4,True,4.584921153849564e-09,False,2,bernoulli,-51.48842706857424,0.2325441838228558,461ef6001c32f1e3ae1f613d3186ba174491e163533b66365d01c55865773b84,selected_candidate_loading,True,461ef6001c32f1e3ae1f613d3186ba174491e163533b66365d01c55865773b84,bernoulli,1,completed
rep03,start_B,2,4,bfgs,bernoulli,bernoulli,47.10860138770782,False,True,-51.14527779808237,-74.69957849193628,bfgs,3,True,5.632282196188498e-10,False,2,bfgs,5,True,1.7763568394002506e-16,True,0,bernoulli,-51.14527779808237,-0.3042231655731511,6d9da6067858ffa334e2a54914b4248b451248d07eafb4e75352e82974ac2c06,selected_candidate_loading,True,6d9da6067858ffa334e2a54914b4248b451248d07eafb4e75352e82974ac2c06,bernoulli,1,completed
rep03,start_B,2,5,bfgs,bernoulli,bernoulli,46.074744648484966,False,True,-51.96236573863341,-74.99973806287589,bfgs,4,True,5.212154485789711e-10,False,2,bfgs,4,True,1.3988810110276972e-15,True,0,bernoulli,-51.96236573863341,0.050272616737558631,8d9d7a6a416ff2c698754589cfba8d23a7c89a9bee03a6e1e44522b836bceb4b,selected_candidate_loading,True,8d9d7a6a416ff2c698754589cfba8d23a7c89a9bee03a6e1e44522b836bceb4b,bernoulli,1,completed
rep03,start_B,2,6,bfgs,bernoulli,bernoulli,46.633560824315424,False,True,-51.64366412259294,-74.96044453475065,bfgs,4,True,1.9890755709184304e-13,True,0,bfgs,4,True,4.676259379721159e-14,True,0,bernoulli,-51.64366412259294,0.19233033609078187,ab13741cae7bfefaba3cc770cf71b72d9d6b5ffa79607c24ac7dd955c83f26df,selected_candidate_loading,True,ab13741cae7bfefaba3cc770cf71b72d9d6b5ffa79607c24ac7dd955c83f26df,bernoulli,1,completed
rep03,start_B,2,7,bfgs,bernoulli,bernoulli,46.42569727030725,False,True,-51.76744609306828,-74.9802947282219,bfgs,3,True,3.662205955157205e-11,True,0,bfgs,4,True,1.4160894679093871e-14,True,0,bernoulli,-51.76744609306828,0.15332330189660917,3d9c5c307755695ce4adf26ddcb0e69dc320c05b68f4b1f3dd0d94b4e710eb76,selected_candidate_loading,True,3d9c5c307755695ce4adf26ddcb0e69dc320c05b68f4b1f3dd0d94b4e710eb76,bernoulli,1,completed
rep03,start_B,2,8,bfgs,bernoulli,bernoulli,55.84468619085102,False,True,-45.33517978257664,-73.25752287800215,bfgs,5,True,7.105427357601002e-16,True,0,bfgs,7,True,1.6875389974302379e-15,True,0,bernoulli,-45.33517978257664,-0.95726886025791746,9642f2435e80fba55b370f3eee3615b442c4020da5f0cf0d1b85039cc41b5b6b,selected_candidate_loading,True,9642f2435e80fba55b370f3eee3615b442c4020da5f0cf0d1b85039cc41b5b6b,bernoulli,1,completed
rep03,start_B,3,3,bfgs,bernoulli,bernoulli,46.85065275844468,False,True,-51.54405285270384,-74.96937923192618,bfgs,4,True,1.7763568394002505e-15,True,0,bfgs,4,True,7.51541051613458e-12,True,0,bernoulli,-51.54405285270384,0.21882784953791928,2b1eb0308a5ece203d66ddddda96ac955f6e491f629e451d881a6e4006948e1c,selected_candidate_loading,True,2b1eb0308a5ece203d66ddddda96ac955f6e491f629e451d881a6e4006948e1c,bernoulli,1,completed
rep03,start_B,3,4,bfgs,bernoulli,bernoulli,48.28467070495752,False,True,-50.18876475504582,-74.33110010752458,bfgs,4,True,4.596323321948148e-14,True,0,bfgs,5,True,2.275957200481571e-15,True,0,bernoulli,-50.18876475504582,-0.45210563800343107,ac3211e87b8a6261fcce81972bd78a77358c30c7d95f45d26950b4219262a100,selected_candidate_loading,True,ac3211e87b8a6261fcce81972bd78a77358c30c7d95f45d26950b4219262a100,bernoulli,1,completed
rep03,start_B,3,5,bfgs,bernoulli,bernoulli,46.0941866571484,False,True,-51.82605337005483,-74.87314669862903,bfgs,4,True,1.4087619959468611e-12,True,0,bfgs,4,True,1.4908296819271528e-12,True,0,bernoulli,-51.82605337005483,-0.13100152449798849,8f805c175658dc466db0ab640ff69667bc37d5f1753e9c99f06478320ab952a5,selected_candidate_loading,True,8f805c175658dc466db0ab640ff69667bc37d5f1753e9c99f06478320ab952a5,bernoulli,1,completed
rep03,start_B,3,6,bfgs,bernoulli,bernoulli,46.39016840834452,False,True,-51.80155604516581,-74.99664024933807,bfgs,4,True,1.509903313490213e-13,True,0,bfgs,4,True,2.7674898345209087e-09,False,2,bernoulli,-51.80155604516581,0.14073479460351845,a9ef8be28257089fc9acb862571ccefe3b87ece2f4592ac9904c5f7c818449cd,selected_candidate_loading,True,a9ef8be28257089fc9acb862571ccefe3b87ece2f4592ac9904c5f7c818449cd,bernoulli,1,completed
rep03,start_B,3,7,bfgs,bernoulli,bernoulli,46.401138099504266,False,True,-51.79566673026743,-74.99623578001956,bfgs,3,True,5.586264784085415e-12,True,0,bfgs,4,True,3.6145634485507116e-09,False,2,bernoulli,-51.79566673026743,0.1429783524916875,0cb7960d886bf8b586df3d4e2352ed72bd678a23e54036da7d1ac6e5302198aa,selected_candidate_loading,True,0cb7960d886bf8b586df3d4e2352ed72bd678a23e54036da7d1ac6e5302198aa,bernoulli,1,completed
rep03,start_B,3,8,bfgs,bernoulli,bernoulli,55.490096706075974,False,True,-45.32952751313114,-73.07457586616913,bfgs,3,True,1.4807488568635562e-12,True,0,bfgs,7,True,4.440892098500626e-16,True,0,bernoulli,-45.32952751313114,-0.95398211674764799,f98f03d3f6871c1742ba4076e2636e26bdcfbd5ade19285ca3048a90dd581c9f,selected_candidate_loading,True,f98f03d3f6871c1742ba4076e2636e26bdcfbd5ade19285ca3048a90dd581c9f,bernoulli,1,completed
rep03,start_B,4,3,bfgs,bernoulli,bernoulli,46.6996512822909,False,True,-51.61526382360521,-74.96508946475066,bfgs,4,True,1.3322676295501878e-15,True,0,bfgs,4,True,2.6866153746141207e-11,True,0,bernoulli,-51.61526382360521,0.2002378076032453,2763b9b01db80e34ec53a83a2cf0f095fa05bcb01e1699e03e50c0deae79478d,selected_candidate_loading,True,2763b9b01db80e34ec53a83a2cf0f095fa05bcb01e1699e03e50c0deae79478d,bernoulli,1,completed
rep03,start_B,4,4,bfgs,bernoulli,bernoulli,48.51804313282523,False,True,-50.11440719280718,-74.37342875921979,bfgs,3,True,1.1966871937829637e-12,True,0,bfgs,5,True,3.743672039036028e-14,True,0,bernoulli,-50.11440719280718,-0.46271816653113274,084df911b3f3d12b516b3ce34a7bdf5bc00d39648ff2d3c1ac5e85692c838159,selected_candidate_loading,True,084df911b3f3d12b516b3ce34a7bdf5bc00d39648ff2d3c1ac5e85692c838159,bernoulli,1,completed
rep03,start_B,4,5,bfgs,bernoulli,bernoulli,46.15195950080468,False,True,-51.822318381723974,-74.89829813212631,bfgs,3,True,6.661338147750939e-16,True,0,bfgs,4,True,5.175193606987705e-12,True,0,bernoulli,-51.822318381723974,-0.13254942860030486,8380d51f7aa1cd489b5e566426d1bfc299e0eecc05df1c78ee69ffdcc0d89bae,selected_candidate_loading,True,8380d51f7aa1cd489b5e566426d1bfc299e0eecc05df1c78ee69ffdcc0d89bae,bernoulli,1,completed
rep03,start_B,4,6,bfgs,bernoulli,bernoulli,46.223496590740396,False,True,-51.88659721240331,-74.99834550777351,bfgs,4,True,2.6645352591003757e-15,True,0,bfgs,4,True,9.396927680427325e-14,True,0,bernoulli,-51.88659721240331,0.10317978004118065,f497b1e2c3e56c3d0e3e24e1cbf169d4ffec1b98beb43dc34cecd754714a2981,selected_candidate_loading,True,f497b1e2c3e56c3d0e3e24e1cbf169d4ffec1b98beb43dc34cecd754714a2981,bernoulli,1,completed
rep03,start_B,4,7,bfgs,bernoulli,bernoulli,46.321649605497825,False,False,-51.833011642032226,-74.99383644478114,bfgs,3,True,2.7991609030664222e-11,True,0,bfgs,3,False,4.864475224408693e-07,False,2,bernoulli,-51.833011642032226,0.12812233805576673,9351745875b2e18f0a687c1c28fb09d1c0ac122548770e794fd3f8f69b7fdd12,selected_candidate_loading,True,9351745875b2e18f0a687c1c28fb09d1c0ac122548770e794fd3f8f69b7fdd12,bernoulli,1,completed
rep03,start_B,4,8,bfgs,bernoulli,bernoulli,55.14509382566497,False,True,-45.695997005887655,-73.26854391872014,bfgs,4,True,3.794298208958935e-13,True,0,bfgs,6,True,8.609637447420936e-11,True,0,bernoulli,-45.695997005887655,-0.92508111819436323,d6300007c87b710a1162fbedcbffc870bb06ea76d4cb6a721ad141e7a645fe6a,selected_candidate_loading,True,d6300007c87b710a1162fbedcbffc870bb06ea76d4cb6a721ad141e7a645fe6a,bernoulli,1,completed
rep03,start_B,5,3,bfgs,bernoulli,bernoulli,46.892919575232014,False,True,-51.48683984534087,-74.93329963295687,bfgs,4,True,1.0015723361789241e-09,False,2,bfgs,4,True,7.087663789206999e-14,True,0,bernoulli,-51.48683984534087,0.23279647174538426,ff85ef4ed7f4e2a71659db2bf7405acda25914a916df4777d04d9b0a1fa770f9,selected_candidate_loading,True,ff85ef4ed7f4e2a71659db2bf7405acda25914a916df4777d04d9b0a1fa770f9,bernoulli,1,completed
rep03,start_B,5,4,bfgs,bernoulli,bernoulli,48.950662935170726,False,True,-49.87076684491285,-74.34609831249821,bfgs,4,True,1.662671778035474e-10,False,2,bfgs,5,True,3.069544618483633e-13,True,0,bernoulli,-49.87076684491285,-0.49334846911653796,e65c09bf8d33602209ab2091f358dc6b6fa275be2aabd9d5faf535a12aad74c0,selected_candidate_loading,True,e65c09bf8d33602209ab2091f358dc6b6fa275be2aabd9d5faf535a12aad74c0,bernoulli,1,completed
rep03,start_B,5,5,bfgs,bernoulli,bernoulli,46.13879086874749,False,True,-51.855239754271864,-74.92463518864561,bfgs,3,True,1.3491385786323918e-11,True,0,bfgs,4,True,3.709228479920057e-11,True,0,bernoulli,-51.855239754271864,-0.118390029954794,e0d0d4a87b6b53c67cdcd5a3a2046c784b50bc348b404b6b733832563f04369a,selected_candidate_loading,True,e0d0d4a87b6b53c67cdcd5a3a2046c784b50bc348b404b6b733832563f04369a,bernoulli,1,completed
rep03,start_B,5,6,bfgs,bernoulli,bernoulli,46.14964931362407,False,True,-51.924270585395085,-74.99909524220712,bfgs,4,True,1.0015615004022038e-10,False,2,bfgs,4,True,8.00692845359663e-14,True,0,bernoulli,-51.924270585395085,0.081258238260328935,e13a3dcb56010155196ed0f3cb85fa29509abda558e6cfc6aa75d17f79c909ea,selected_candidate_loading,True,e13a3dcb56010155196ed0f3cb85fa29509abda558e6cfc6aa75d17f79c909ea,bernoulli,1,completed
rep03,start_B,5,7,bfgs,bernoulli,bernoulli,46.27732248204114,False,True,-51.85365427336967,-74.99231551439024,bfgs,3,True,1.3949730259810166e-12,True,0,bfgs,4,True,5.728750807065808e-15,True,0,bernoulli,-51.85365427336967,0.11910872732415739,89aea81bcbe22b9d36990f5016e0931b6229b03996f0064c9ef7ab06cc911295,selected_candidate_loading,True,89aea81bcbe22b9d36990f5016e0931b6229b03996f0064c9ef7ab06cc911295,bernoulli,1,completed
rep03,start_B,5,8,bfgs,bernoulli,bernoulli,54.725110495845925,False,True,-46.05304027730747,-73.41559552523043,bfgs,4,True,2.703348656041271e-12,True,0,bfgs,7,True,1.4210854715202005e-15,True,0,bernoulli,-46.05304027730747,-0.88833994809445971,6cd09843c5f68d0c6394317c497bb735eb7f971b31d5883c6bcaebd99a58210d,selected_candidate_loading,True,6cd09843c5f68d0c6394317c497bb735eb7f971b31d5883c6bcaebd99a58210d,bernoulli,1,completed
rep03,start_B,6,3,bfgs,bernoulli,bernoulli,46.67649133710739,False,True,-51.60437514973749,-74.94262081829119,bfgs,3,True,5.621476617534427e-09,False,2,bfgs,4,True,5.477396314290673e-13,True,0,bernoulli,-51.60437514973749,0.20312478642908946,268bc3cac52093cf95a660151051f3638280b6880af874aa244b0d2aea8cf529,selected_candidate_loading,True,268bc3cac52093cf95a660151051f3638280b6880af874aa244b0d2aea8cf529,bernoulli,1,completed
rep03,start_B,6,4,bfgs,bernoulli,bernoulli,49.16703188327914,False,False,-49.77740694782896,-74.36092288946853,bfgs,3,True,1.131028604106632e-12,True,0,bfgs,4,False,1.1720961370365047e-07,False,2,bernoulli,-49.77740694782896,-0.50477911104453155,17d333642a11ae40eaf1d0ed4e58737d0bb52d5dad4f29cba77f1fab97fdfb3f,selected_candidate_loading,True,17d333642a11ae40eaf1d0ed4e58737d0bb52d5dad4f29cba77f1fab97fdfb3f,bernoulli,1,completed
rep03,start_B,6,5,bfgs,bernoulli,bernoulli,46.41731671050431,False,False,-51.6694035630173,-74.87806191826945,bfgs,3,False,4.843166543366806e-08,False,2,bfgs,4,True,7.37205851919498e-12,True,0,bernoulli,-51.6694035630173,-0.18480155491064759,c834989adef58483caa9995f53c092d4d4e3d55f1ce9e5e69f5f185399d89aa9,selected_candidate_loading,True,c834989adef58483caa9995f53c092d4d4e3d55f1ce9e5e69f5f185399d89aa9,bernoulli,1,completed
rep03,start_B,6,6,bfgs,bernoulli,bernoulli,46.1249219783965,False,True,-51.935650643336636,-74.99811163253489,bfgs,3,True,1.0870193634104908e-13,True,0,bfgs,4,True,2.6201263381153696e-15,True,0,bernoulli,-51.935650643336636,0.073377120917319238,e62fb6c1253d793e3c6843cc3a39aa0528c84b082195e6d1734712d89de9e2af,selected_candidate_loading,True,e62fb6c1253d793e3c6843cc3a39aa0528c84b082195e6d1734712d89de9e2af,bernoulli,1,completed
rep03,start_B,6,7,bfgs,bernoulli,bernoulli,46.25477210979996,False,True,-51.8609550142697,-74.98834106916968,bfgs,3,True,8.659739592076221e-15,True,0,bfgs,4,True,3.503863865716994e-14,True,0,bernoulli,-51.8609550142697,0.11576201334900259,5dcddd66d3e7b5f304994dcca331bf13ae39783fc1cd6be9f7bd61d5073b6116,selected_candidate_loading,True,5dcddd66d3e7b5f304994dcca331bf13ae39783fc1cd6be9f7bd61d5073b6116,bernoulli,1,completed
rep03,start_B,6,8,bfgs,bernoulli,bernoulli,55.515494857042796,False,True,-45.617509272403254,-73.37525670092465,bfgs,4,True,6.572520305780927e-15,True,0,bfgs,7,True,3.241851231905457e-15,True,0,bernoulli,-45.617509272403254,-0.92589052023503449,8e17971df739ea058e419d3f585c9b8d5086195f4b2ac89e562880c594a47bd3,selected_candidate_loading,True,8e17971df739ea058e419d3f585c9b8d5086195f4b2ac89e562880c594a47bd3,bernoulli,1,completed
rep03,start_B,7,3,bfgs,bernoulli,bernoulli,47.12491652855725,False,True,-51.32585458666822,-74.88831285094685,bfgs,4,True,7.362999099314039e-14,True,0,bfgs,4,True,2.0115464849368438e-12,True,0,bernoulli,-51.32585458666822,0.26835949980860224,b2b6a3173878522e04bd04bdd37157c586741b7c1d708f8c8183d945eeef3230,selected_candidate_loading,True,b2b6a3173878522e04bd04bdd37157c586741b7c1d708f8c8183d945eeef3230,bernoulli,1,completed
rep03,start_B,7,4,bfgs,bernoulli,bernoulli,49.00149075278003,False,False,-49.88417925728743,-74.38492463367744,bfgs,4,True,2.6645352591003756e-16,True,0,bfgs,4,False,7.748524621931097e-08,False,2,bernoulli,-49.88417925728743,-0.49089330698641909,f7a89bfb4b5fdaf937a92bfb35f0ad090fbd287247007540709175f4a3c667fe,selected_candidate_loading,True,f7a89bfb4b5fdaf937a92bfb35f0ad090fbd287247007540709175f4a3c667fe,bernoulli,1,completed
rep03,start_B,7,5,bfgs,bernoulli,bernoulli,46.169289934669095,False,False,-51.850671709904226,-74.93531667723877,bfgs,3,False,1.3391788629135703e-07,False,2,bfgs,4,True,9.597820316287198e-11,True,0,bernoulli,-51.850671709904226,-0.12043850119969961,e060550ed3b3dedefeea04ccab13a50ac62fe2f07842b3aadc08709fe73dc5e7,selected_candidate_loading,True,e060550ed3b3dedefeea04ccab13a50ac62fe2f07842b3aadc08709fe73dc5e7,bernoulli,1,completed
rep03,start_B,7,6,bfgs,bernoulli,bernoulli,46.12452412731719,False,True,-51.93605218385214,-74.99831424751073,bfgs,2,True,5.915623546570714e-12,True,0,bfgs,4,True,2.930988785010413e-15,True,0,bernoulli,-51.93605218385214,0.073081464116256045,6a588cac4eb52b3c48a5cc98e2affbf81a4b06cc5917549d81e0b2bd57da5cf1,selected_candidate_loading,True,6a588cac4eb52b3c48a5cc98e2affbf81a4b06cc5917549d81e0b2bd57da5cf1,bernoulli,1,completed
rep03,start_B,7,7,bfgs,bernoulli,bernoulli,46.19622695654135,False,True,-51.89554297338367,-74.99365645165435,bfgs,3,True,3.3382874242704476e-11,True,0,bfgs,4,True,2.042810365310288e-14,True,0,bernoulli,-51.89554297338367,0.098399493735971025,afb09edd21d45acb02c85ce38a2d1cff275ce38f8d086f06034f59b4fc838603,selected_candidate_loading,True,afb09edd21d45acb02c85ce38a2d1cff275ce38f8d086f06034f59b4fc838603,bernoulli,1,completed
rep03,start_B,7,8,bfgs,bernoulli,bernoulli,55.081266299816306,False,True,-45.886148793340375,-73.42678194324853,bfgs,4,True,2.0192736371882347e-13,True,0,bfgs,7,True,8.881784197001252e-16,True,0,bernoulli,-45.886148793340375,-0.8986842945274206,d1c0f16eb519291c00d8c64f3869621c09a51621aaab510b34e6fc4d48a891c2,selected_candidate_loading,True,d1c0f16eb519291c00d8c64f3869621c09a51621aaab510b34e6fc4d48a891c2,bernoulli,1,completed
rep03,start_B,8,3,bfgs,bernoulli,bernoulli,46.888867872508996,False,False,-51.528922332761,-74.9733562690155,bfgs,3,False,1.1593309423574283e-07,False,2,bfgs,4,True,2.923581376990114e-11,True,0,bernoulli,-51.528922332761,0.22260049678843705,5f05d5fda902b9d09fb7e8a166395ed8240a6b338756b6236335b404de7813ae,selected_candidate_loading,True,5f05d5fda902b9d09fb7e8a166395ed8240a6b338756b6236335b404de7813ae,bernoulli,1,completed
rep03,start_B,8,4,bfgs,bernoulli,bernoulli,47.792590473583914,False,True,-50.50051310268532,-74.39680833947727,bfgs,5,True,5.773159728050814e-16,True,0,bfgs,5,True,2.8910207561239074e-14,True,0,bernoulli,-50.50051310268532,-0.40870771216869906,fb9e6b2d33af1a1c78ffc38af42bd0df17f36c4f0c724769c388c2a652c99977,selected_candidate_loading,True,fb9e6b2d33af1a1c78ffc38af42bd0df17f36c4f0c724769c388c2a652c99977,bernoulli,1,completed
rep03,start_B,8,5,bfgs,bernoulli,bernoulli,46.10359075516945,False,True,-51.79413502372957,-74.84593040131429,bfgs,4,True,6.217248937900876e-16,True,0,bfgs,4,True,1.49000811688893e-12,True,0,bernoulli,-51.79413502372957,-0.14355608545437609,d02f22cc009dbd25af314096aad5e324f0d243869c9a24714c68baa78250b797,selected_candidate_loading,True,d02f22cc009dbd25af314096aad5e324f0d243869c9a24714c68baa78250b797,bernoulli,1,completed
rep03,start_B,8,6,bfgs,bernoulli,bernoulli,46.10902791573071,False,False,-51.94090194613055,-74.9954159039959,bfgs,3,True,1.6875389974302379e-15,True,0,bfgs,3,False,7.520169549302125e-08,False,2,bernoulli,-51.94090194613055,0.069442147519238634,3ee74f087473018ca67264ff01fc670282bc016a860989d5a0ac6136e0ec4c01,selected_candidate_loading,True,3ee74f087473018ca67264ff01fc670282bc016a860989d5a0ac6136e0ec4c01,bernoulli,1,completed
rep03,start_B,8,7,bfgs,bernoulli,bernoulli,46.22500909520339,False,True,-51.88721275136559,-74.99971729896728,bfgs,3,True,1.609823385706477e-15,True,0,bfgs,4,True,6.1284310959308644e-15,True,0,bernoulli,-51.88721275136559,0.10284988887729055,65abecb90f318d3b2694f7d2c26974e273701d75f60552d5d46054a0d14b676e,selected_candidate_loading,True,65abecb90f318d3b2694f7d2c26974e273701d75f60552d5d46054a0d14b676e,bernoulli,1,completed
rep03,start_B,8,8,bfgs,bernoulli,bernoulli,55.87214546287909,False,True,-45.013068213272014,-72.94914094471156,bfgs,4,True,3.9403325047260293e-11,True,0,bfgs,7,True,9.928959876503995e-11,True,0,bernoulli,-45.013068213272014,-0.98171972331318136,501828f8a220c5b81ddcab5883db0507a0b4cf69dd74821c3ee696d88d22db26,selected_candidate_loading,True,501828f8a220c5b81ddcab5883db0507a0b4cf69dd74821c3ee696d88d22db26,bernoulli,1,completed
rep03,start_B,1,3,bfgs,bernoulli,bernoulli,47.3158766894318,False,True,-50.34940444474876,-74.00734278946466,bfgs,6,True,7.92742937960611e-10,False,2,bfgs,6,True,5.12020648102407e-10,False,2,bernoulli,-50.34940444474876,0.19086328007939896|-0.32476563235378597,79de602338f6536afbd1072dbe64f43117fe64d22a3f9beb7505674555ff27ef,selected_candidate_loading,True,79de602338f6536afbd1072dbe64f43117fe64d22a3f9beb7505674555ff27ef,bernoulli,2,completed
rep03,start_B,1,4,bfgs,bernoulli,bernoulli,49.038636929603214,False,True,-50.245932902800696,-74.7652513676023,bfgs,5,True,2.1773471914343645e-10,False,2,bfgs,7,True,6.577627331694203e-13,True,0,bernoulli,-50.245932902800696,-0.15144740631777287|0.36189208581960519,1fb336a3f46413a4e4061e4c9c6bdf3589e1aca7df1a9017c5abe8dc750b9f5e,selected_candidate_loading,True,1fb336a3f46413a4e4061e4c9c6bdf3589e1aca7df1a9017c5abe8dc750b9f5e,bernoulli,2,completed
rep03,start_B,1,5,bfgs,bernoulli,bernoulli,45.725718279636354,False,False,-51.94636412283622,-74.8092232626544,bfgs,5,False,8.637969450830951e-08,False,2,bfgs,8,True,8.208989044078407e-11,True,0,bernoulli,-51.94636412283622,-0.046481487889383916|0.03474798869022707,d4ead521f63bdb30a00ed0f2885163eafb1389d382b288456afdf0379e53c928,selected_candidate_loading,True,d4ead521f63bdb30a00ed0f2885163eafb1389d382b288456afdf0379e53c928,bernoulli,2,completed
rep03,start_B,1,6,bfgs,bernoulli,bernoulli,49.69987253347399,False,False,-49.429804321531286,-74.27974058826828,bfgs,5,False,1.7460330781204903e-08,False,2,bfgs,7,False,1.2649415306320578e-07,False,2,bernoulli,-49.429804321531286,0.58847001107472474|-0.029844919117527326,63d56117e2bfd8440073acf82d0782f60c10c7e871522871bf315f1e4f8efbe9,selected_candidate_loading,True,63d56117e2bfd8440073acf82d0782f60c10c7e871522871bf315f1e4f8efbe9,bernoulli,2,completed
rep03,start_B,1,7,bfgs,bernoulli,bernoulli,46.054359734936995,False,False,-51.87011641302238,-74.89729628049088,bfgs,6,True,4.479527859757582e-13,True,0,bfgs,6,False,2.584476865852281e-08,False,2,bernoulli,-51.87011641302238,0.006961689706703791|0.10535362459814022,ee728e0e36a11d433acc6c6ba9170313a17bb69224f8cb4176c64c90a0ee3e15,selected_candidate_loading,True,ee728e0e36a11d433acc6c6ba9170313a17bb69224f8cb4176c64c90a0ee3e15,bernoulli,2,completed
rep03,start_B,1,8,bfgs,bernoulli,bernoulli,51.11139093193495,False,True,-47.97861655619748,-73.53431202216495,bfgs,8,True,6.472347990893468e-10,False,2,bfgs,9,True,6.352921122498856e-09,False,2,bernoulli,-47.97861655619748,-0.79053417088091282|-0.047575651055967477,32063b70d88dad8ca42dd18ed9b575b5e52dca8fa1d454b154bcbc876d5dd085,selected_candidate_loading,True,32063b70d88dad8ca42dd18ed9b575b5e52dca8fa1d454b154bcbc876d5dd085,bernoulli,2,completed
rep03,start_B,2,3,bfgs,bernoulli,bernoulli,46.61761456922282,False,True,-50.73905545399541,-74.04786273860682,bfgs,6,True,1.4866996522755471e-12,True,0,bfgs,7,True,2.363620410505973e-12,True,0,bernoulli,-50.73905545399541,0.21547515201047365|-0.2616773712773206,4d4d76071634d4abd28bb5c3d6ebd488e94ad06f9b478042cf31d213abbf4806,selected_candidate_loading,True,4d4d76071634d4abd28bb5c3d6ebd488e94ad06f9b478042cf31d213abbf4806,bernoulli,2,completed
rep03,start_B,2,4,bfgs,bernoulli,bernoulli,52.50434175229563,False,True,-48.44843682487665,-74.70060770102447,bfgs,6,True,1.7496226689672768e-12,True,0,bfgs,7,True,6.684663933498314e-11,True,0,bernoulli,-48.44843682487665,-0.070028031097440435|0.65005711774853414,70fccb7b67f9c54811b0b9886383a8d12dfed2596b35319da6795d0218981658,selected_candidate_loading,True,70fccb7b67f9c54811b0b9886383a8d12dfed2596b35319da6795d0218981658,bernoulli,2,completed
rep03,start_B,2,5,bfgs,bernoulli,bernoulli,49.03984754698894,False,True,-50.453873697155316,-74.97379747064979,bfgs,7,True,1.7621459846850485e-13,True,0,bfgs,7,True,2.331794313192859e-10,False,2,bernoulli,-50.453873697155316,0.10619539718025091|0.42406111816420411,511a05ebe2dd6eeaf79f1839b9216eee96dfe002aaf9bc0b2c37ec46c1bda96c,selected_candidate_loading,True,511a05ebe2dd6eeaf79f1839b9216eee96dfe002aaf9bc0b2c37ec46c1bda96c,bernoulli,2,completed
rep03,start_B,2,6,bfgs,bernoulli,bernoulli,48.964621644583275,False,True,-50.268290018757725,-74.75060084104936,bfgs,6,True,7.104183907813422e-11,True,0,bfgs,10,True,3.947058235809209e-10,False,2,bernoulli,-50.268290018757725,0.4520139087130769|0.19360698285279709,c308a2d353d92d671bb07d43790b7375698410bf2a9ae667defc47d52cdf7ef7,selected_candidate_loading,True,c308a2d353d92d671bb07d43790b7375698410bf2a9ae667defc47d52cdf7ef7,bernoulli,2,completed
rep03,start_B,2,7,bfgs,bernoulli,bernoulli,46.27248752728461,False,True,-51.74618148193283,-74.88242524557513,bfgs,5,True,1.0711644904404238e-10,False,2,bfgs,7,True,6.999578694433239e-12,True,0,bernoulli,-51.74618148193283,0.12637782926671814|0.13192280195236364,0fb5e43458604cd2f6fe668a9f96b5f846521ab948ec4adfc7d3a2693f2fd279,selected_candidate_loading,True,0fb5e43458604cd2f6fe668a9f96b5f846521ab948ec4adfc7d3a2693f2fd279,bernoulli,2,completed
rep03,start_B,2,8,bfgs,bernoulli,bernoulli,57.85878495577053,False,True,-43.52476442720562,-72.45415690509088,bfgs,6,True,4.907707906731673e-10,False,2,bfgs,6,True,7.340714980319518e-11,True,0,bernoulli,-43.52476442720562,-1.0827113988108157|0.14266121734162429,213b2b1eba079fe1f97c9efde22c35c618ecd4b01479472d5bc80737deedbd7a,selected_candidate_loading,True,213b2b1eba079fe1f97c9efde22c35c618ecd4b01479472d5bc80737deedbd7a,bernoulli,2,completed
rep03,start_B,3,3,bfgs,bernoulli,bernoulli,46.77706712948985,False,False,-51.21677551095289,-74.60530907569782,bfgs,6,True,6.348570558145639e-11,True,0,bfgs,5,False,4.892046288063057e-08,False,2,bernoulli,-51.21677551095289,0.17155416536938919|-0.20163717071636381,cb49da76ae5b3e7f50c18c00dbbadc2c76e8b49bf583790312a378d33d237cf7,selected_candidate_loading,True,cb49da76ae5b3e7f50c18c00dbbadc2c76e8b49bf583790312a378d33d237cf7,bernoulli,2,completed
rep03,start_B,3,4,bfgs,bernoulli,bernoulli,52.43833109334342,False,True,-48.24066878836424,-74.45983433503595,bfgs,4,True,1.4405066028899683e-11,True,0,bfgs,9,True,1.9089174685404943e-13,True,0,bernoulli,-48.24066878836424,-0.047202175566342597|0.68690948345112091,428ec11249cfc5ac891bb6125de008be6d28e5c8aad74e4026f425c1eade8680,selected_candidate_loading,True,428ec11249cfc5ac891bb6125de008be6d28e5c8aad74e4026f425c1eade8680,bernoulli,2,completed
rep03,start_B,3,5,bfgs,bernoulli,bernoulli,49.42702423193259,False,True,-50.178191408823665,-74.89170352478996,bfgs,6,True,1.3493872685899078e-12,True,0,bfgs,7,True,4.1935548367177943e-10,False,2,bernoulli,-50.178191408823665,0.20743855671839037|0.45261224823216145,0e6b49a9da961c90cdfc2ed7ea7dad750fa0e28b6ac7b10107daad7cfa495628,selected_candidate_loading,True,0e6b49a9da961c90cdfc2ed7ea7dad750fa0e28b6ac7b10107daad7cfa495628,bernoulli,2,completed
rep03,start_B,3,6,bfgs,bernoulli,bernoulli,48.52874715243573,False,True,-50.68050263410407,-74.94487621032194,bfgs,5,True,4.595910052529462e-09,False,2,bfgs,8,True,1.2571480384471202e-10,False,2,bernoulli,-50.68050263410407,0.34581423900371389|0.25269285585682838,47d4f500e6e9486b97481aed2623c9d48d20da965c5c077fcb843954a5dcf5a7,selected_candidate_loading,True,47d4f500e6e9486b97481aed2623c9d48d20da965c5c077fcb843954a5dcf5a7,bernoulli,2,completed
rep03,start_B,3,7,bfgs,bernoulli,bernoulli,46.46330716148681,False,True,-51.73479558330505,-74.96644916404846,bfgs,6,True,7.833733661755105e-14,True,0,bfgs,6,True,1.3736665846475481e-09,False,2,bernoulli,-51.73479558330505,0.16075322968652697|0.085827463688642511,f7e3efa3d7d557955cf46c82d00aeb02e29b015f57c7986205874707d8d50347,selected_candidate_loading,True,f7e3efa3d7d557955cf46c82d00aeb02e29b015f57c7986205874707d8d50347,bernoulli,2,completed
rep03,start_B,3,8,bfgs,bernoulli,bernoulli,56.32862763142906,False,False,-44.67839172233749,-72.84270553805202,bfgs,5,False,1.5769042605029428e-08,False,2,bfgs,8,True,1.9407574436414165e-10,False,2,bernoulli,-44.67839172233749,-0.94540567553892862|0.22685315035206843,4185b73b083a539c4c5af231f9e17181aad47a3f681068df131a91067759796e,selected_candidate_loading,True,4185b73b083a539c4c5af231f9e17181aad47a3f681068df131a91067759796e,bernoulli,2,completed
rep03,start_B,4,3,bfgs,bernoulli,bernoulli,46.10699196022355,False,True,-51.39479329959272,-74.4482892797045,bfgs,5,True,4.2681520540099883e-10,False,2,bfgs,6,True,2.6978419498391304e-14,True,0,bernoulli,-51.39479329959272,0.095518360058314933|-0.22685974900743713,bdae16bdc20dc2ac7110a382a8696b9a566e83d74e69791245e70d72394457f3,selected_candidate_loading,True,bdae16bdc20dc2ac7110a382a8696b9a566e83d74e69791245e70d72394457f3,bernoulli,2,completed
rep03,start_B,4,4,bfgs,bernoulli,bernoulli,52.67720249867695,False,True,-48.18647497939278,-74.52507622873125,bfgs,5,True,2.0056711846905272e-11,True,0,bfgs,9,True,3.56835222481422e-10,False,2,bernoulli,-48.18647497939278,-0.086641125886467843|0.71631791075131246,8b735e7d655281403d78340b7f2f67e5ee57c12d9957b0bcbacb05f72aa53567,selected_candidate_loading,True,8b735e7d655281403d78340b7f2f67e5ee57c12d9957b0bcbacb05f72aa53567,bernoulli,2,completed
rep03,start_B,4,5,bfgs,bernoulli,bernoulli,49.71989378401854,False,True,-50.04639561737822,-74.90634250938749,bfgs,6,True,3.9590553058133085e-14,True,0,bfgs,6,True,8.231244352785438e-10,False,2,bernoulli,-50.04639561737822,0.12673347326833967|0.49501124348406633,8e9d2f9dcf5038dd9c6f5e0d66fffd75245b781448642d1827e82234281e2aff,selected_candidate_loading,True,8e9d2f9dcf5038dd9c6f5e0d66fffd75245b781448642d1827e82234281e2aff,bernoulli,2,completed
rep03,start_B,4,6,bfgs,bernoulli,bernoulli,47.79331967366343,False,True,-51.0814730079357,-74.97813284476742,bfgs,6,True,5.0265569484508884e-12,True,0,bfgs,6,True,7.543082915228982e-10,False,2,bernoulli,-51.0814730079357,0.25951208421427724|0.21834787131514755,e20044b1f846e57440fb1a3a51b4903b31ece6e530060afe6cb8fdaaca8e9d4b,selected_candidate_loading,True,e20044b1f846e57440fb1a3a51b4903b31ece6e530060afe6cb8fdaaca8e9d4b,bernoulli,2,completed
rep03,start_B,4,7,bfgs,bernoulli,bernoulli,46.59435432863458,False,True,-51.64044975710978,-74.93762692142707,bfgs,4,True,3.441611440280212e-11,True,0,bfgs,6,True,4.7616119380755606e-11,True,0,bernoulli,-51.64044975710978,0.17649367617118084|0.10273188258287372,667735e451b936fe9ffa56d9578a0fb330461cac0dbec4a273ef8a84a3a067b5,selected_candidate_loading,True,667735e451b936fe9ffa56d9578a0fb330461cac0dbec4a273ef8a84a3a067b5,bernoulli,2,completed
rep03,start_B,4,8,bfgs,bernoulli,bernoulli,55.06928228624754,False,True,-45.33543687252652,-72.8700780156503,bfgs,6,True,1.2657446202268828e-10,False,2,bfgs,9,True,8.02218069750893e-11,True,0,bernoulli,-45.33543687252652,-0.89422592817484137|0.17684664254740137,4403f34c0cbfa5b02da8c914da21af9ec00dcb10390019ac3e8a7629fd7ab6ad,selected_candidate_loading,True,4403f34c0cbfa5b02da8c914da21af9ec00dcb10390019ac3e8a7629fd7ab6ad,bernoulli,2,completed
rep03,start_B,5,3,bfgs,bernoulli,bernoulli,45.81005235378352,False,True,-51.3571849176145,-74.26221109450626,bfgs,5,True,5.245803791353865e-15,True,0,bfgs,7,True,4.3003783867234804e-11,True,0,bernoulli,-51.3571849176145,0.087455063513181996|-0.24016949287986716,652d9608a1e26f77996922452731759cc91ddf108bfa1ed638e05234810fa8cf,selected_candidate_loading,True,652d9608a1e26f77996922452731759cc91ddf108bfa1ed638e05234810fa8cf,bernoulli,2,completed
rep03,start_B,5,4,bfgs,bernoulli,bernoulli,54.00890223387586,False,True,-47.42408941237805,-74.42854052931598,bfgs,5,True,6.978310429506251e-11,True,0,bfgs,10,True,8.979589294355605e-12,True,0,bernoulli,-47.42408941237805,-0.075511422703417791|0.79924844808727846,7c5c2b284658706d5d0c6009a22783127c3ac183e99a4487c90ecca568ee64ce,selected_candidate_loading,True,7c5c2b284658706d5d0c6009a22783127c3ac183e99a4487c90ecca568ee64ce,bernoulli,2,completed
rep03,start_B,5,5,bfgs,bernoulli,bernoulli,50.115044595678086,False,True,-49.8260814973783,-74.88360379521734,bfgs,5,True,2.6470452496596407e-10,False,2,bfgs,7,True,9.659081712243277e-09,False,2,bernoulli,-49.8260814973783,0.11455501733484139|0.53214204557535083,8e3a12ea9b9a34ad0b2b2b49d5b3792ea209927654961f3caf208f83314afc40,selected_candidate_loading,True,8e3a12ea9b9a34ad0b2b2b49d5b3792ea209927654961f3caf208f83314afc40,bernoulli,2,completed
rep03,start_B,5,6,bfgs,bernoulli,bernoulli,47.80589206076098,False,True,-51.08165965319495,-74.98460568357544,bfgs,5,True,4.292452504550681e-11,True,0,bfgs,7,True,1.81910234566679e-09,False,2,bernoulli,-51.08165965319495,0.23156282388609212|0.25966477035509361,9ee411af60d699edf166c176fb2269981c719f1adacd4de7a43c282d5d5b6e3c,selected_candidate_loading,True,9ee411af60d699edf166c176fb2269981c719f1adacd4de7a43c282d5d5b6e3c,bernoulli,2,completed
rep03,start_B,5,7,bfgs,bernoulli,bernoulli,46.543698694734545,False,True,-51.60271876073394,-74.87456810810122,bfgs,4,True,3.11169978672865e-11,True,0,bfgs,6,True,2.180130298512495e-10,False,2,bernoulli,-51.60271876073394,0.19072255004920602|0.099307570465669848,27a7710ebc06b66475c183f2b2c9044b80e1b9db669cdee59353ebe76aa50189,selected_candidate_loading,True,27a7710ebc06b66475c183f2b2c9044b80e1b9db669cdee59353ebe76aa50189,bernoulli,2,completed
rep03,start_B,5,8,bfgs,bernoulli,bernoulli,53.91742496796503,False,True,-45.591874016364265,-72.55058650034678,bfgs,6,True,2.296829393344524e-13,True,0,bfgs,9,True,1.775652958002638e-10,False,2,bernoulli,-45.591874016364265,-0.87689937249410588|0.11838206907009412,166c6ed7a0ad6637e1e52aaeaf9fcc2ae0afd098c0e065ae9cb3b8f49a480cb7,selected_candidate_loading,True,166c6ed7a0ad6637e1e52aaeaf9fcc2ae0afd098c0e065ae9cb3b8f49a480cb7,bernoulli,2,completed
rep03,start_B,6,3,bfgs,bernoulli,bernoulli,45.6040794607993,False,True,-51.60424681034821,-74.40628654074786,bfgs,5,True,2.4063595560619434e-11,True,0,bfgs,6,True,1.5074075321308557e-11,True,0,bernoulli,-51.60424681034821,0.08023287784656262|-0.18473347660631664,9a9bccc0e05afe242dd83df83d33a7bf8b79373e1362e261ec49f4471aa0a296,selected_candidate_loading,True,9a9bccc0e05afe242dd83df83d33a7bf8b79373e1362e261ec49f4471aa0a296,bernoulli,2,completed
rep03,start_B,6,4,bfgs,bernoulli,bernoulli,52.2407527569581,False,True,-48.33293682198139,-74.45331320046044,bfgs,6,True,7.055770384623017e-09,False,2,bfgs,9,True,2.5019629978917377e-10,False,2,bernoulli,-48.33293682198139,-0.18320846015829842|0.67113416241158463,b43a6e27a6415c9f8918e8b384de26bc303f004a011e6866a20b863aaf37cacf,selected_candidate_loading,True,b43a6e27a6415c9f8918e8b384de26bc303f004a011e6866a20b863aaf37cacf,bernoulli,2,completed
rep03,start_B,6,5,bfgs,bernoulli,bernoulli,50.39687375531513,False,False,-49.73136312761893,-74.92980000527649,bfgs,4,False,2.442846351868866e-08,False,2,bfgs,11,True,3.001762394205798e-10,False,2,bernoulli,-49.73136312761893,0.15885552761172717|0.54704542262708045,f91352f1ea05bba7fe92e05ccf7160b24b33b0a9ebc1309a8d4589dc9e147596,selected_candidate_loading,True,f91352f1ea05bba7fe92e05ccf7160b24b33b0a9ebc1309a8d4589dc9e147596,bernoulli,2,completed
rep03,start_B,6,6,bfgs,bernoulli,bernoulli,48.20500563511865,False,True,-50.89552780694352,-74.99803062450285,bfgs,6,True,1.3745671267884062e-13,True,0,bfgs,7,True,8.59462466473726e-12,True,0,bernoulli,-50.89552780694352,0.20723149572713337|0.32385850361012186,1aa68b47dace1f0e85b2ca1fa9f644282e29d10080f023b9a5ee86b8be5d5323,selected_candidate_loading,True,1aa68b47dace1f0e85b2ca1fa9f644282e29d10080f023b9a5ee86b8be5d5323,bernoulli,2,completed
rep03,start_B,6,7,bfgs,bernoulli,bernoulli,46.017304381105816,False,True,-51.840874717055954,-74.84952690760886,bfgs,5,True,2.3208208688174637e-10,False,2,bfgs,7,True,7.84488986271814e-10,False,2,bernoulli,-51.840874717055954,0.098659489216347152|0.090482229006228126,c7dd01e9185c5cd0e1856a99055b99de8c0f6d3044027142d98b21a968021448,selected_candidate_loading,True,c7dd01e9185c5cd0e1856a99055b99de8c0f6d3044027142d98b21a968021448,bernoulli,2,completed
rep03,start_B,6,8,bfgs,bernoulli,bernoulli,54.50165735162206,False,True,-45.352341194428256,-72.60316987023928,bfgs,4,True,3.897437927946612e-13,True,0,bfgs,10,True,2.410631250171491e-10,False,2,bernoulli,-45.352341194428256,-0.87248628992829469|0.12644202006151475,d94f460782b12de77585e3c9dba34cd4b0cf8e19b920c0a5437ff0c431530167,selected_candidate_loading,True,d94f460782b12de77585e3c9dba34cd4b0cf8e19b920c0a5437ff0c431530167,bernoulli,2,completed
rep03,start_B,7,3,bfgs,bernoulli,bernoulli,45.8957701691798,False,False,-51.46603524799809,-74.41392033258799,bfgs,5,True,1.0280665208028949e-14,True,0,bfgs,5,False,1.1579184810983634e-07,False,2,bernoulli,-51.46603524799809,0.085659314962126962|-0.21722460774734634,486dc5f25aba63a34439f986f77c1de4d668b17118be39c1b129b3492a10c324,selected_candidate_loading,True,486dc5f25aba63a34439f986f77c1de4d668b17118be39c1b129b3492a10c324,bernoulli,2,completed
rep03,start_B,7,4,bfgs,bernoulli,bernoulli,54.143788640452925,False,True,-47.220261723483915,-74.29215604371038,bfgs,6,True,5.85331783042875e-13,True,0,bfgs,9,True,5.296018734668451e-09,False,2,bernoulli,-47.220261723483915,-0.17391559137325741|0.79346300638799772,559377bb3aca7a126e6d566bb167bf74d2ea0df31e5351e428c56bf72b34eb04,selected_candidate_loading,True,559377bb3aca7a126e6d566bb167bf74d2ea0df31e5351e428c56bf72b34eb04,bernoulli,2,completed
rep03,start_B,7,5,bfgs,bernoulli,bernoulli,49.585046202336756,False,True,-50.097806649198624,-74.890329750367,bfgs,6,True,1.1435785651769947e-11,True,0,bfgs,9,True,3.1570182024154294e-10,False,2,bernoulli,-50.097806649198624,0.088292338005404883|0.49326365707391573,95f20b83455b152295655d7d9347c33d5fb18bdd5e864ce0ff02a38441e81f58,selected_candidate_loading,True,95f20b83455b152295655d7d9347c33d5fb18bdd5e864ce0ff02a38441e81f58,bernoulli,2,completed
rep03,start_B,7,6,bfgs,bernoulli,bernoulli,47.49543532861088,False,True,-51.23684693315204,-74.98456459745748,bfgs,6,True,2.5925039892626956e-12,True,0,bfgs,6,True,1.6729732817827303e-09,False,2,bernoulli,-51.23684693315204,0.13305899890754605|0.28098201390989164,35512da209d3ebda4b4e8406da0241e6d3875e0b056d8106ab242fb52e2fc00c,selected_candidate_loading,True,35512da209d3ebda4b4e8406da0241e6d3875e0b056d8106ab242fb52e2fc00c,bernoulli,2,completed
rep03,start_B,7,7,bfgs,bernoulli,bernoulli,46.41893241097577,False,True,-51.70501230778211,-74.91447851327,bfgs,5,True,3.2605029787191597e-12,True,0,bfgs,7,True,1.8039708615802397e-12,True,0,bernoulli,-51.70501230778211,0.15279694468772564|0.10085778694608083,dad38e89093bb33e931f17c134a464efd3036fc8c56e5976ae0d3ae1f84ea2ba,selected_candidate_loading,True,dad38e89093bb33e931f17c134a464efd3036fc8c56e5976ae0d3ae1f84ea2ba,bernoulli,2,completed
rep03,start_B,7,8,bfgs,bernoulli,bernoulli,53.31227456559486,False,False,-46.175766333840485,-72.83190361663792,bfgs,6,True,1.51186618779775e-11,True,0,bfgs,9,False,1.2342699116929533e-08,False,2,bernoulli,-46.175766333840485,-0.8286271639966627|0.089096439905925626,f541d8dc9ada01ec6ba85e1e232d21bf2aa887f755efd1683ebf66e96a90ba8e,selected_candidate_loading,True,f541d8dc9ada01ec6ba85e1e232d21bf2aa887f755efd1683ebf66e96a90ba8e,bernoulli,2,completed
rep03,start_B,8,3,bfgs,bernoulli,bernoulli,45.99909065378985,False,True,-51.32672385125549,-74.32626917815041,bfgs,5,True,3.2104874314597966e-14,True,0,bfgs,6,True,7.38191230365004e-11,True,0,bernoulli,-51.32672385125549,0.079467738050284037|-0.2573807087206027,01b20f7fa294f1d597ac5104b5599892167b6cef61227fb4c717a728c2af37ca,selected_candidate_loading,True,01b20f7fa294f1d597ac5104b5599892167b6cef61227fb4c717a728c2af37ca,bernoulli,2,completed
rep03,start_B,8,4,bfgs,bernoulli,bernoulli,53.12124716408168,False,True,-47.849944816115304,-74.41056839815614,bfgs,6,True,2.3514802605095754e-11,True,0,bfgs,10,True,7.565667647924101e-10,False,2,bernoulli,-47.849944816115304,-0.13375975188489572|0.74813709277274354,0ee6a211057f70234f5003416d5f820a67e139baf4df6451adc78d066a9d56af,selected_candidate_loading,True,0ee6a211057f70234f5003416d5f820a67e139baf4df6451adc78d066a9d56af,bernoulli,2,completed
rep03,start_B,8,5,bfgs,bernoulli,bernoulli,50.42800800664325,False,True,-49.66982297805662,-74.88382698137825,bfgs,5,True,6.328891188900343e-10,False,2,bfgs,8,True,3.756255040343604e-09,False,2,bernoulli,-49.66982297805662,0.14286400481558878|0.55056990959734009,b8d6a076f88bb9041b36bd6fd6ab31c201cd97bef1f308d1a9b124d56b89f6c9,selected_candidate_loading,True,b8d6a076f88bb9041b36bd6fd6ab31c201cd97bef1f308d1a9b124d56b89f6c9,bernoulli,2,completed
rep03,start_B,8,6,bfgs,bernoulli,bernoulli,47.539894020066555,False,True,-51.222373287822236,-74.99232029785551,bfgs,6,True,3.319566843629218e-15,True,0,bfgs,7,True,8.251940016718029e-12,True,0,bernoulli,-51.222373287822236,0.1689481426520458|0.26588798210922687,d4530ea14a22e503d6d1e6aed7d3c870440fe04aca1d9de22ab0927b0823c34f,selected_candidate_loading,True,d4530ea14a22e503d6d1e6aed7d3c870440fe04aca1d9de22ab0927b0823c34f,bernoulli,2,completed
rep03,start_B,8,7,bfgs,bernoulli,bernoulli,47.07995161114111,False,True,-51.426105629346374,-74.96608143491693,bfgs,5,True,3.903942058514076e-10,False,2,bfgs,6,True,8.69929142610637e-10,False,2,bernoulli,-51.426105629346374,0.19745612644026678|0.173694438569858,ab71ea446d75e9f62fb97a40537673902f177d7280f86fc9a00e94fc7d10fcf0,selected_candidate_loading,True,ab71ea446d75e9f62fb97a40537673902f177d7280f86fc9a00e94fc7d10fcf0,bernoulli,2,completed
rep03,start_B,8,8,bfgs,bernoulli,bernoulli,54.12588238571931,False,True,-45.64373261931273,-72.70667381217238,bfgs,5,True,1.475486399726833e-13,True,0,bfgs,10,True,4.70626204673863e-11,True,0,bernoulli,-45.64373261931273,-0.86699917692866701|0.11955618609360961,d610763621d31356172f0ba782b9809aa81dd6ab33476d0cab8f89a37e99c4e3,selected_candidate_loading,True,d610763621d31356172f0ba782b9809aa81dd6ab33476d0cab8f89a37e99c4e3,bernoulli,2,completed
rep03,start_B,1,3,bfgs,bernoulli,bernoulli,46.84634212660711,False,True,-50.96147829983613,-74.38464936313969,bfgs,8,True,1.2656542480726785e-12,True,0,bfgs,7,True,2.824149802904685e-11,True,0,bernoulli,-50.96147829983613,0.16700304201632876|-0.24595189564852207|0.020750002896868319,1c22dc269e9c0554c7cd0bc4dee2b000e7fa823722648bfb27104b7bee592297,selected_candidate_loading,True,1c22dc269e9c0554c7cd0bc4dee2b000e7fa823722648bfb27104b7bee592297,bernoulli,3,completed
rep03,start_B,1,4,bfgs,bernoulli,bernoulli,45.36505168953819,False,True,-51.727855633150874,-74.41038147791997,bfgs,7,True,3.631350109500886e-10,False,2,bfgs,9,True,1.4889312005550437e-10,False,2,bernoulli,-51.727855633150874,-0.17519736615517217|-0.00307495423276859|-0.12324039414202409,acffd780e5094ae46dcdfa25e2c8f39ca7055f3684a5b4a3d87fb6262bb124f8,selected_candidate_loading,True,acffd780e5094ae46dcdfa25e2c8f39ca7055f3684a5b4a3d87fb6262bb124f8,bernoulli,3,completed
rep03,start_B,1,5,bfgs,bernoulli,bernoulli,50.72484629870877,False,False,-48.407519501196745,-73.76994265055113,bfgs,8,True,1.9571015918984357e-10,False,2,bfgs,8,False,1.4936319479019743e-07,False,2,bernoulli,-48.407519501196745,0.34371075629549824|-0.46977348802076985|-0.012937291677377127,dc1194ecd1e56ec58cbba82656a55580facb4f81e9ddd6bf8e7b4a781ba13866,selected_candidate_loading,True,dc1194ecd1e56ec58cbba82656a55580facb4f81e9ddd6bf8e7b4a781ba13866,bernoulli,3,completed
rep03,start_B,1,6,bfgs,bernoulli,bernoulli,54.23535250718048,False,True,-46.68571970907448,-73.80339596266472,bfgs,9,True,7.561030113123479e-09,False,2,bfgs,8,True,2.984899105662464e-10,False,2,bernoulli,-46.68571970907448,0.67190179725186872|-0.40899903546550004|0.33344182472524692,5b63fae8baefd8274ecc2afb3bbdde2ac8b4fd4746f746526bee449081311f30,selected_candidate_loading,True,5b63fae8baefd8274ecc2afb3bbdde2ac8b4fd4746f746526bee449081311f30,bernoulli,3,completed
rep03,start_B,1,7,bfgs,bernoulli,bernoulli,48.62516857661082,False,True,-50.6343785416478,-74.94696282995321,bfgs,7,True,2.2590187498394698e-10,False,2,bfgs,8,True,7.964955729689027e-10,False,2,bernoulli,-50.6343785416478,0.25854088336739339|0.31884608487178562|0.32827390914570331,e42b830ab9c276cb1233180271ea70c5b28705c5ce85018045726b20a10b4b63,selected_candidate_loading,True,e42b830ab9c276cb1233180271ea70c5b28705c5ce85018045726b20a10b4b63,bernoulli,3,completed
rep03,start_B,1,8,bfgs,bernoulli,bernoulli,50.70656062742245,False,False,-47.815827160660135,-73.16910747437136,bfgs,9,False,2.1241637249147515e-08,False,2,bfgs,7,True,7.357381370809434e-12,True,0,bernoulli,-47.815827160660135,-0.45521686257584854|-0.15520341212893551|0.37459813594942437,320cdcd9c38f84becf3834e3af12e5ac70ecb8f827c589d9ba07dc69f4b28a77,selected_candidate_loading,True,320cdcd9c38f84becf3834e3af12e5ac70ecb8f827c589d9ba07dc69f4b28a77,bernoulli,3,completed
rep03,start_B,2,3,bfgs,bernoulli,bernoulli,48.15364544549121,False,True,-50.682760453542485,-74.75958317628809,bfgs,7,True,8.819434071938303e-12,True,0,bfgs,7,True,4.912938944556799e-10,False,2,bernoulli,-50.682760453542485,0.35536446343091094|-0.18126726993356426|0.18654280762249681,36963bd90a30ec9c88d88c2f6980ac630e6fd9fa0f6c4cfe63337a2006218106,selected_candidate_loading,True,36963bd90a30ec9c88d88c2f6980ac630e6fd9fa0f6c4cfe63337a2006218106,bernoulli,3,completed
rep03,start_B,2,4,bfgs,bernoulli,bernoulli,47.06868336203041,False,True,-50.90883908481756,-74.44318076583276,bfgs,7,True,5.794031920913767e-13,True,0,bfgs,7,True,3.368396894742887e-10,False,2,bernoulli,-50.90883908481756,-0.24877037657347431|-0.11093079216016852|0.054243864911917052,253d71b01b8902ceab4784de1ac114e33b123de74ebc8e0276b9eceb19aaa027,selected_candidate_loading,True,253d71b01b8902ceab4784de1ac114e33b123de74ebc8e0276b9eceb19aaa027,bernoulli,3,completed
rep03,start_B,2,5,bfgs,bernoulli,bernoulli,50.353581917093265,False,False,-48.87396021002199,-74.05075116856862,bfgs,7,False,1.3341938553956822e-08,False,2,bfgs,9,True,3.168825202237713e-11,True,0,bernoulli,-48.87396021002199,0.10558997550056942|-0.52462015172116094|-0.31454455089567557,03eab4c9a4e43d3db890cc92e6335283a4a31ae4d7b31717fc74f01fb56b1449,selected_candidate_loading,True,03eab4c9a4e43d3db890cc92e6335283a4a31ae4d7b31717fc74f01fb56b1449,bernoulli,3,completed
rep03,start_B,2,6,bfgs,bernoulli,bernoulli,59.12864340532302,False,True,-43.684116782587445,-73.24843848524895,bfgs,7,True,3.1839553216173046e-11,True,0,bfgs,11,True,6.324600204665742e-10,False,2,bernoulli,-43.684116782587445,0.78950922375885768|-0.76745553629700458|0.32070482604702472,9a6cee9d6e296c22c55ffe1681345c4cea055df2fd5a122f1d8dc737d2abc62a,selected_candidate_loading,True,9a6cee9d6e296c22c55ffe1681345c4cea055df2fd5a122f1d8dc737d2abc62a,bernoulli,3,completed
rep03,start_B,2,7,bfgs,bernoulli,bernoulli,50.44064557954617,False,False,-49.475201772666004,-74.69552456243909,bfgs,8,True,4.673593512194429e-10,False,2,bfgs,8,False,1.3359225675690922e-08,False,2,bernoulli,-49.475201772666004,0.41475937790039508|0.35587277183711036|0.75997429170012776,462cb42594565368b2cedba563d150b8822ba99ed10253fec067ac168d31d096,selected_candidate_loading,True,462cb42594565368b2cedba563d150b8822ba99ed10253fec067ac168d31d096,bernoulli,3,completed
rep03,start_B,2,8,bfgs,bernoulli,bernoulli,55.55302886318981,False,True,-45.15109805675172,-72.92761248834663,bfgs,7,True,3.724923702819183e-11,True,0,bfgs,9,True,1.3750013350133373e-10,False,2,bernoulli,-45.15109805675172,-0.58142514364869324|-0.11602843434957123|0.53424299422429367,8d84f842323c6fe7eabc73d061b7ea43ab68e3366eb97c01cfba9590d9cf0beb,selected_candidate_loading,True,8d84f842323c6fe7eabc73d061b7ea43ab68e3366eb97c01cfba9590d9cf0beb,bernoulli,3,completed
rep03,start_B,3,3,bfgs,bernoulli,bernoulli,48.16047103644269,False,True,-50.678800475150865,-74.75903599337221,bfgs,7,True,1.1289102985756471e-11,True,0,bfgs,9,True,5.783381240576091e-09,False,2,bernoulli,-50.678800475150865,0.38294501849374346|-0.085290953883274234|0.17542563905621281,716814a3b40b4d40d06460b56562f12426d7b30a888547608fadcc755400bc1e,selected_candidate_loading,True,716814a3b40b4d40d06460b56562f12426d7b30a888547608fadcc755400bc1e,bernoulli,3,completed
rep03,start_B,3,4,bfgs,bernoulli,bernoulli,50.324263348294664,False,False,-48.86903269032784,-74.03116436447517,bfgs,8,True,1.2383161163143086e-10,False,2,bfgs,8,False,2.0847428860992777e-08,False,2,bernoulli,-48.86903269032784,-0.48304162241807558|-0.352783604105948|-0.32481895821903622,c8fee3e2b078a5acf6da4bd2ff8720c8942a19e77eb0aa7550c8f9301ad9c56d,selected_candidate_loading,True,c8fee3e2b078a5acf6da4bd2ff8720c8942a19e77eb0aa7550c8f9301ad9c56d,bernoulli,3,completed
rep03,start_B,3,5,bfgs,bernoulli,bernoulli,48.2740000752774,False,True,-50.361929359726915,-74.49892939736561,bfgs,7,True,2.0906334441406215e-10,False,2,bfgs,10,True,7.322320527691773e-12,True,0,bernoulli,-50.361929359726915,-0.069512553479364622|-0.38077027937871061|-0.3129264304260862,eb217108ec88ca0e14870062c73f5ee633176ff507f7a862ab8898bc9daa2910,selected_candidate_loading,True,eb217108ec88ca0e14870062c73f5ee633176ff507f7a862ab8898bc9daa2910,bernoulli,3,completed
rep03,start_B,3,6,bfgs,bernoulli,bernoulli,63.25513514773701,False,True,-41.060049946814914,-72.68761752068342,bfgs,7,True,4.6965009659061253e-11,True,0,bfgs,10,True,1.3886531924356406e-10,False,2,bernoulli,-41.060049946814914,0.89623668651132293|-0.97587808943951637|0.28255051125393943,0af7ce113bb66a23ef4f4659b4f69a77a50a7b5f0a820e5b21a3fb3bbcf1c5b2,selected_candidate_loading,True,0af7ce113bb66a23ef4f4659b4f69a77a50a7b5f0a820e5b21a3fb3bbcf1c5b2,bernoulli,3,completed
rep03,start_B,3,7,bfgs,bernoulli,bernoulli,49.2207415073849,False,True,-49.99608792653645,-74.6064586802289,bfgs,9,True,8.918146221503775e-11,True,0,bfgs,12,True,2.0569990155649975e-12,True,0,bernoulli,-49.99608792653645,0.28321922826673918|0.30700508133830412|0.58101825490094072,69af8d878a43dfc579aa250288deb115d731644d8dc438cb6bd80ad7d89291d6,selected_candidate_loading,True,69af8d878a43dfc579aa250288deb115d731644d8dc438cb6bd80ad7d89291d6,bernoulli,3,completed
rep03,start_B,3,8,bfgs,bernoulli,bernoulli,56.999770196929944,False,True,-44.45160820767909,-72.95149330614406,bfgs,6,True,3.4642529955775105e-10,False,2,bfgs,11,True,2.8748887714868944e-10,False,2,bernoulli,-44.45160820767909,-0.66607796222146509|-0.018766749998161265|0.59935282114363508,9130c9f203ef1721524f30550517de38a0f0f6dce380fe43ab157b69e52ade13,selected_candidate_loading,True,9130c9f203ef1721524f30550517de38a0f0f6dce380fe43ab157b69e52ade13,bernoulli,3,completed
rep03,start_B,4,3,bfgs,bernoulli,bernoulli,48.612204867815294,False,True,-49.86067789758325,-74.1667803314909,bfgs,6,True,3.335872389431671e-09,False,2,bfgs,8,True,7.426699255574931e-11,True,0,bernoulli,-49.86067789758325,0.50270394405624097|-0.13368646181269384|0.11987792841383141,132a8692d25847ff316b1498414bdbed03ce867bec18d7f5c23f68e60c357e42,selected_candidate_loading,True,132a8692d25847ff316b1498414bdbed03ce867bec18d7f5c23f68e60c357e42,bernoulli,3,completed
rep03,start_B,4,4,bfgs,bernoulli,bernoulli,52.83360548710493,False,True,-48.027299498326826,-74.44410224187929,bfgs,6,True,2.0825766666732193e-10,False,2,bfgs,11,True,9.117031574135126e-10,False,2,bernoulli,-48.027299498326826,-0.53785460333855484|-0.37286069885777989|-0.34410824944683266,d3845ba86e3eed54fe8c043ab781d391cb825d7b3869ea18b14ebc46ee18fb7c,selected_candidate_loading,True,d3845ba86e3eed54fe8c043ab781d391cb825d7b3869ea18b14ebc46ee18fb7c,bernoulli,3,completed
rep03,start_B,4,5,bfgs,bernoulli,bernoulli,50.951152951880545,False,True,-49.29911064052068,-74.77468711646095,bfgs,6,True,1.2906582469440765e-10,False,2,bfgs,7,True,6.50586962080979e-10,False,2,bernoulli,-49.29911064052068,-0.10600668076359449|-0.42570126375424627|-0.42924613397972977,2e4c1cdfdc698743b48f1546b895ece646305754eac869c27942d226d05c00dd,selected_candidate_loading,True,2e4c1cdfdc698743b48f1546b895ece646305754eac869c27942d226d05c00dd,bernoulli,3,completed
rep03,start_B,4,6,bfgs,bernoulli,bernoulli,62.80171216218805,False,True,-41.583887664354215,-72.98474374544824,bfgs,6,True,5.266908686962779e-10,False,2,bfgs,9,True,4.5103987211803085e-11,True,0,bernoulli,-41.583887664354215,0.7595618868622227|-1.098356785240967|-0.16638631272781751,66a6f1466407bcc87285375b55332edd52e940cccbd42d134cf488528b70ada6,selected_candidate_loading,True,66a6f1466407bcc87285375b55332edd52e940cccbd42d134cf488528b70ada6,bernoulli,3,completed
rep03,start_B,4,7,bfgs,bernoulli,bernoulli,45.87893577321353,False,True,-51.64557342409445,-74.58504131070121,bfgs,11,True,1.6458028273547142e-10,False,2,bfgs,11,True,1.3413708033205296e-09,False,2,bernoulli,-51.64557342409445,-0.0040280511204774851|0.1769709754485698|0.067901987511357009,6d58ed1589780ac2f67ed89794be3a7e5e673719b47cf7d6d76de37de8b51bcb,selected_candidate_loading,True,6d58ed1589780ac2f67ed89794be3a7e5e673719b47cf7d6d76de37de8b51bcb,bernoulli,3,completed
rep03,start_B,4,8,bfgs,bernoulli,bernoulli,56.070829239603796,False,True,-44.79500845255946,-72.83042307236136,bfgs,6,True,6.523247497725038e-11,True,0,bfgs,11,True,3.509784463062715e-10,False,2,bernoulli,-44.79500845255946,-0.75756044662146993|-0.011715791965825119|0.50057747868695635,7fadc7cb20dbc619c273d65a61a580d8540a2c323dfcb588ad0935088c8d2258,selected_candidate_loading,True,7fadc7cb20dbc619c273d65a61a580d8540a2c323dfcb588ad0935088c8d2258,bernoulli,3,completed
rep03,start_B,5,3,bfgs,bernoulli,bernoulli,48.941708380358165,False,True,-49.682475792841174,-74.15332998302026,bfgs,6,True,1.966037110889829e-10,False,2,bfgs,7,True,1.6788455070582132e-10,False,2,bernoulli,-49.682475792841174,0.51223428495308387|-0.19114217445393994|0.043543988287574623,3e6aea57f7ba1f6655296320148d679ea58683fec23f9fd1394e1d3d5f6fe908,selected_candidate_loading,True,3e6aea57f7ba1f6655296320148d679ea58683fec23f9fd1394e1d3d5f6fe908,bernoulli,3,completed
rep03,start_B,5,4,bfgs,bernoulli,bernoulli,51.98075093665483,False,False,-48.352981453970116,-74.34335692229753,bfgs,7,True,2.671352028471574e-11,True,0,bfgs,9,False,5.794921931201458e-08,False,2,bernoulli,-48.352981453970116,-0.5621501101151648|-0.31207625730463767|-0.29487515931228053,77e5e2f73beb69cb309870eda554d4269e3e0b30658e55efe7ce8acf94063d64,selected_candidate_loading,True,77e5e2f73beb69cb309870eda554d4269e3e0b30658e55efe7ce8acf94063d64,bernoulli,3,completed
rep03,start_B,5,5,bfgs,bernoulli,bernoulli,51.00146587325489,False,True,-48.949038264845356,-74.4497712014728,bfgs,6,True,9.648058352240696e-10,False,2,bfgs,11,True,1.1158416413081796e-10,False,2,bernoulli,-48.949038264845356,-0.1118074669593692|-0.52199075047662558|-0.32929238012766748,da145e2810d7e6117c06b6ccfe80bd278f115808d8da6685c46e89a5efa961cf,selected_candidate_loading,True,da145e2810d7e6117c06b6ccfe80bd278f115808d8da6685c46e89a5efa961cf,bernoulli,3,completed
rep03,start_B,5,6,bfgs,bernoulli,bernoulli,60.77660678604997,False,True,-42.69320350978826,-73.08150690281325,bfgs,7,True,1.6139741987331035e-09,False,2,bfgs,9,True,1.3332647874619851e-09,False,2,bernoulli,-42.69320350978826,0.53026942895306151|-1.0809058200726438|-0.4054979033859516,f72baa93400ea8656026273ca7cb89ee5710560af4fe267bb9bdb5adf00e1d43,selected_candidate_loading,True,f72baa93400ea8656026273ca7cb89ee5710560af4fe267bb9bdb5adf00e1d43,bernoulli,3,completed
rep03,start_B,5,7,bfgs,bernoulli,bernoulli,47.02948604572023,False,True,-51.419915596231775,-74.93465861909189,bfgs,7,True,4.572064948860088e-13,True,0,bfgs,8,True,2.226915335468149e-09,False,2,bernoulli,-51.419915596231775,-0.095692056798804631|0.13421453492367835|-0.19471430842411722,6c91f093ae787b22f5f6cb7313076e234a91d787095ef1d54ad11075148089d0,selected_candidate_loading,True,6c91f093ae787b22f5f6cb7313076e234a91d787095ef1d54ad11075148089d0,bernoulli,3,completed
rep03,start_B,5,8,bfgs,bernoulli,bernoulli,56.67907841662243,False,True,-44.29188694692824,-72.63142615523945,bfgs,6,True,7.602881657575721e-11,True,0,bfgs,12,True,9.007430357144131e-10,False,2,bernoulli,-44.29188694692824,-0.80673009138707119|-0.020851883894029099|0.53405702035019587,60866cd2d991d53d4618f1e87060aeff342a3dacaf3a45e41dc7be66c1d09c1b,selected_candidate_loading,True,60866cd2d991d53d4618f1e87060aeff342a3dacaf3a45e41dc7be66c1d09c1b,bernoulli,3,completed
rep03,start_B,6,3,bfgs,bernoulli,bernoulli,48.6389714485112,False,True,-49.759914023287095,-74.0793997475427,bfgs,7,True,8.000577977895773e-12,True,0,bfgs,7,True,2.5436222017560797e-10,False,2,bernoulli,-49.759914023287095,0.49182134741835626|-0.20249309941907848|-0.020888627924779277,5cef2a33f7598f47dd35c5b6a677c563a49a6625bb490f8d91ef9f6b40e71728,selected_candidate_loading,True,5cef2a33f7598f47dd35c5b6a677c563a49a6625bb490f8d91ef9f6b40e71728,bernoulli,3,completed
rep03,start_B,6,4,bfgs,bernoulli,bernoulli,53.99449352610891,False,True,-47.26175423599705,-74.25900099905151,bfgs,6,True,3.1169591352409045e-10,False,2,bfgs,11,True,1.794272348407122e-09,False,2,bernoulli,-47.26175423599705,-0.67516481112214388|-0.31995807666321519|-0.33680635461696917,a5479c9eb96e54fbd8b72d9d5cc2270c1f6bbfac1c2c738c0a2fc26dd749e388,selected_candidate_loading,True,a5479c9eb96e54fbd8b72d9d5cc2270c1f6bbfac1c2c738c0a2fc26dd749e388,bernoulli,3,completed
rep03,start_B,6,5,bfgs,bernoulli,bernoulli,52.27798466565167,False,True,-48.33132821114846,-74.4703205439743,bfgs,7,True,3.465498055188476e-10,False,2,bfgs,12,True,2.139093568942485e-10,False,2,bernoulli,-48.33132821114846,-0.051565783693088667|-0.54264561139900647|-0.4536106102436312,7a2f13b4551c471650dd4c543b1f8b6c9ee3b6910bcb385051c98a34a0658355,selected_candidate_loading,True,7a2f13b4551c471650dd4c543b1f8b6c9ee3b6910bcb385051c98a34a0658355,bernoulli,3,completed
rep03,start_B,6,6,bfgs,bernoulli,bernoulli,65.34228453975163,False,True,-40.03274527555165,-72.70388754542746,bfgs,7,True,2.988709724149885e-10,False,2,bfgs,10,True,3.0693942804083106e-10,False,2,bernoulli,-40.03274527555165,0.56306709708118796|-1.3283902365216895|-0.60545155091566649,9b04398b032798e2dc34e3c9b8c3717d70c5a381984f3aa4b618751e18f461aa,selected_candidate_loading,True,9b04398b032798e2dc34e3c9b8c3717d70c5a381984f3aa4b618751e18f461aa,bernoulli,3,completed
rep03,start_B,6,7,bfgs,bernoulli,bernoulli,47.441109222354214,False,True,-51.190790246736825,-74.91134485791393,bfgs,6,True,3.323408076516543e-11,True,0,bfgs,8,True,1.4754696449001404e-10,False,2,bernoulli,-51.190790246736825,-0.11738332876668413|0.15120310388844313|-0.23048694923514781,d3f1d591b30c575ebadffdbad1f72819db816cba385987571a89fc04eeeff0a4,selected_candidate_loading,True,d3f1d591b30c575ebadffdbad1f72819db816cba385987571a89fc04eeeff0a4,bernoulli,3,completed
rep03,start_B,6,8,bfgs,bernoulli,bernoulli,55.47077158883937,False,True,-44.768092607674774,-72.50347840209446,bfgs,7,True,1.4914292023604503e-12,True,0,bfgs,11,True,5.72319552860634e-12,True,0,bernoulli,-44.768092607674774,-0.70204521296012279|-0.007822631388774582|0.64217015070985062,a2e42bd006c2de9759353c5ac343ca679ed14e65c17ad6d8e99404921f68b5b6,selected_candidate_loading,True,a2e42bd006c2de9759353c5ac343ca679ed14e65c17ad6d8e99404921f68b5b6,bernoulli,3,completed
rep03,start_B,7,3,bfgs,bernoulli,bernoulli,48.5063347418554,False,False,-49.69005917264876,-73.94322654357646,bfgs,7,True,1.1222267559674037e-11,True,0,bfgs,9,False,2.002389898336787e-08,False,2,bernoulli,-49.69005917264876,0.5001868544266358|-0.19351089542659228|0.095173813538487362,8cda8e5bef8d93e29cebb4d5f7afe2ea4c1cd5934a742d4f90cdb18db5b60031,selected_candidate_loading,True,8cda8e5bef8d93e29cebb4d5f7afe2ea4c1cd5934a742d4f90cdb18db5b60031,bernoulli,3,completed
rep03,start_B,7,4,bfgs,bernoulli,bernoulli,53.48820500376209,False,True,-47.58798555834892,-74.33208806022996,bfgs,7,True,3.203481924174412e-12,True,0,bfgs,11,True,6.621179160504199e-11,True,0,bernoulli,-47.58798555834892,-0.6025481352222839|-0.37931247782117755|-0.27688986782543706,7a9cfda2db50ca17d345ecd8ebc4bb5ad7b70f4b457254a7ef5610f768d5bb34,selected_candidate_loading,True,7a9cfda2db50ca17d345ecd8ebc4bb5ad7b70f4b457254a7ef5610f768d5bb34,bernoulli,3,completed
rep03,start_B,7,5,bfgs,bernoulli,bernoulli,52.82444231060816,False,True,-48.07311507127129,-74.48533622657537,bfgs,6,True,1.7836399024417915e-12,True,0,bfgs,11,True,4.794756591763871e-10,False,2,bernoulli,-48.07311507127129,-0.058970320831063752|-0.58356014775865961|-0.44322311011054932,043fdd704eb1e2ca5a96957a2e81b24b8725c00204b41b40e63d0eef8045da82,selected_candidate_loading,True,043fdd704eb1e2ca5a96957a2e81b24b8725c00204b41b40e63d0eef8045da82,bernoulli,3,completed
rep03,start_B,7,6,bfgs,bernoulli,bernoulli,59.55748624910791,False,False,-43.47078398722502,-73.24952711177897,bfgs,8,True,1.2700111962082872e-09,False,2,bfgs,13,False,6.833641994496986e-08,False,2,bernoulli,-43.47078398722502,0.60379018337048074|-0.9842696861382263|-0.38680142379881216,312e4fce442a40500ddcf681f0dd299b8a8fcb627c1a8f45fca7eeebd6a35466,selected_candidate_loading,True,312e4fce442a40500ddcf681f0dd299b8a8fcb627c1a8f45fca7eeebd6a35466,bernoulli,3,completed
rep03,start_B,7,7,bfgs,bernoulli,bernoulli,47.69643374323448,False,True,-50.95609835690817,-74.80431522852541,bfgs,7,True,7.390673850693475e-10,False,2,bfgs,8,True,4.432116405828079e-09,False,2,bernoulli,-50.95609835690817,-0.17303194686063461|0.21771203683175122|-0.2027138587240416,7a7707a40f0ad80758f485d943f8d07ca1398e62fcb00654ed6e48ea1dfa8679,selected_candidate_loading,True,7a7707a40f0ad80758f485d943f8d07ca1398e62fcb00654ed6e48ea1dfa8679,bernoulli,3,completed
rep03,start_B,7,8,bfgs,bernoulli,bernoulli,55.2472702854588,False,False,-45.13704982641481,-72.76068496914421,bfgs,7,True,8.539546847430301e-12,True,0,bfgs,10,False,1.617020974717387e-07,False,2,bernoulli,-45.13704982641481,-0.68462843795613071|-0.050600316958137874|0.60657418791682105,479219b89a1a04b3fe69007fb3140a4ea0b9b1c116caa20007db1c3f0c843fc7,selected_candidate_loading,True,479219b89a1a04b3fe69007fb3140a4ea0b9b1c116caa20007db1c3f0c843fc7,bernoulli,3,completed
rep03,start_B,8,3,bfgs,bernoulli,bernoulli,48.210063214366826,False,True,-49.58394158836567,-73.68897319554908,bfgs,5,True,5.565707894561456e-11,True,0,bfgs,8,True,1.375308755768856e-11,True,0,bernoulli,-49.58394158836567,0.51802641581042497|-0.1876047810100982|0.11320030138508635,db22c32d071316d203073b7e06a777a88618ebf611dc7e026239f22645d3a6d4,selected_candidate_loading,True,db22c32d071316d203073b7e06a777a88618ebf611dc7e026239f22645d3a6d4,bernoulli,3,completed
rep03,start_B,8,4,bfgs,bernoulli,bernoulli,52.45925587179747,False,True,-48.19650325486167,-74.4261311907604,bfgs,7,True,1.0521565840804215e-10,False,2,bfgs,10,True,5.85643048500728e-09,False,2,bernoulli,-48.19650325486167,-0.5347753057158966|-0.36692018404959903|-0.29820154472865146,6d33076ca44e2b027256b129586b4baf9b6bbde6a443d3565c6d7e58cb98ca9b,selected_candidate_loading,True,6d33076ca44e2b027256b129586b4baf9b6bbde6a443d3565c6d7e58cb98ca9b,bernoulli,3,completed
rep03,start_B,8,5,bfgs,bernoulli,bernoulli,52.031906047863146,False,True,-48.30402267069705,-74.31997569462862,bfgs,7,True,2.1394974680788435e-11,True,0,bfgs,10,True,1.9665415962322185e-10,False,2,bernoulli,-48.30402267069705,-0.10697639000252206|-0.57820287270021975|-0.37281438870012035,b7eb997cdfe9cc9490db9203daab4861eaa29d191128bb30ece498bdeaa1ed6b,selected_candidate_loading,True,b7eb997cdfe9cc9490db9203daab4861eaa29d191128bb30ece498bdeaa1ed6b,bernoulli,3,completed
rep03,start_B,8,6,bfgs,bernoulli,bernoulli,60.369218418961495,False,True,-42.45096381033458,-72.63557301981533,bfgs,6,True,1.1214106088175414e-09,False,2,bfgs,10,True,4.1947992857060965e-10,False,2,bernoulli,-42.45096381033458,0.63506689670593908|-1.0836974175439926|-0.29555578849093356,88f4bba8552e9cbeda2f60ed417131596e234495ddf531eaec30958b7d611e9e,selected_candidate_loading,True,88f4bba8552e9cbeda2f60ed417131596e234495ddf531eaec30958b7d611e9e,bernoulli,3,completed
rep03,start_B,8,7,bfgs,bernoulli,bernoulli,47.73378171473436,False,True,-51.03941725656723,-74.90630811393441,bfgs,7,True,8.467475609563735e-11,True,0,bfgs,9,True,3.0449531784881857e-13,True,0,bernoulli,-51.03941725656723,-0.084220002666266933|0.17914559644636502|-0.25845590109329619,3fbaf2e97cf351d5e5e088c5f20216f17b165b5d954d58a98e12b6e019548132,selected_candidate_loading,True,3fbaf2e97cf351d5e5e088c5f20216f17b165b5d954d58a98e12b6e019548132,bernoulli,3,completed
rep03,start_B,8,8,bfgs,bernoulli,bernoulli,56.40597422491439,False,True,-44.445321144928855,-72.64830825738605,bfgs,6,True,6.3735239308471135e-12,True,0,bfgs,11,True,5.839427430487376e-09,False,2,bernoulli,-44.445321144928855,-0.751675518719504|-0.019903387250667457|0.60322004623215275,a9084c04bcdfe3e89aeb646ccf321318d2059bec2dc042711df6b30411ccf6e2,selected_candidate_loading,True,a9084c04bcdfe3e89aeb646ccf321318d2059bec2dc042711df6b30411ccf6e2,bernoulli,3,completed
rep03,start_B,1,3,bfgs,bernoulli,bernoulli,47.93593036231553,False,False,-50.043607427266295,-74.01157260842406,bfgs,8,True,7.042122440736875e-11,True,0,bfgs,8,False,1.187736451413457e-08,False,2,bernoulli,-50.043607427266295,0.071158369249320064|-0.26955762939543054|-0.26823920764253339|0.24621347542473138,0350554eaaf2bc4568b9bef08079b7b2b69f0288faf64c41bd294262e83efcfb,selected_candidate_loading,True,0350554eaaf2bc4568b9bef08079b7b2b69f0288faf64c41bd294262e83efcfb,bernoulli,4,completed
rep03,start_B,1,4,bfgs,bernoulli,bernoulli,51.76434504388007,False,True,-48.55013100038987,-74.4323035223299,bfgs,9,True,2.588764758115758e-11,True,0,bfgs,9,True,1.0863960397955452e-09,False,2,bernoulli,-48.55013100038987,0.12486441284483682|0.65424733250298539|0.40291380223958101|0.027111879773186593,106ba28c426d30faf782c47c1a57a6c78599480fb34e0c1404dc2da117cb3de4,selected_candidate_loading,True,106ba28c426d30faf782c47c1a57a6c78599480fb34e0c1404dc2da117cb3de4,bernoulli,4,completed
rep03,start_B,1,5,bfgs,bernoulli,bernoulli,49.01847624974788,False,False,-50.13211050647258,-74.64134863134652,bfgs,7,False,1.1784412263793343e-07,False,2,bfgs,9,True,2.1601209709842805e-11,True,0,bernoulli,-50.13211050647258,0.33670303674775759|0.38748722836717386|0.15507663876200639|0.30339532258673046,d5b3719ba51e059896b27d7577e19e75e271c5a36ec8cded9d3d66ade74e701d,selected_candidate_loading,True,d5b3719ba51e059896b27d7577e19e75e271c5a36ec8cded9d3d66ade74e701d,bernoulli,4,completed
rep03,start_B,1,6,bfgs,bernoulli,bernoulli,50.61683992126879,False,True,-48.672410478868244,-73.98083043950264,bfgs,13,True,3.6868463837436136e-11,True,0,bfgs,10,True,1.946793082296949e-09,False,2,bernoulli,-48.672410478868244,0.25722719935748317|0.35216169820098686|-0.060571092065877623|0.54811869848603534,f2720812897a09021dae34b9a1fcf36606fbe73d150e8840ab17a940a1bf2595,selected_candidate_loading,True,f2720812897a09021dae34b9a1fcf36606fbe73d150e8840ab17a940a1bf2595,bernoulli,4,completed
rep03,start_B,1,7,bfgs,bernoulli,bernoulli,48.96788824666743,False,True,-50.3171675557831,-74.80111167911681,bfgs,12,True,1.5245446682854435e-09,False,2,bfgs,9,True,1.7764262283392895e-11,True,0,bernoulli,-50.3171675557831,0.019142960303497259|0.064207105009116125|0.63345275935861456|0.099966149964041628,850932302ec2f8f2d911e8b977756dd10bb45354d590e58527433fe2b8f477d1,selected_candidate_loading,True,850932302ec2f8f2d911e8b977756dd10bb45354d590e58527433fe2b8f477d1,bernoulli,4,completed
rep03,start_B,1,8,bfgs,bernoulli,bernoulli,52.90625323182357,False,False,-46.630850886627314,-73.0839775025391,bfgs,12,False,1.3964394518506396e-08,False,2,bfgs,10,True,2.329628079333901e-09,False,2,bernoulli,-46.630850886627314,-0.61212989992240541|0.12379533567198131|-0.24119657206300776|-0.31085201855476857,1585e03ee97fffa75e3218b2e978f0f84b813f85b2a481386060290382339af0,selected_candidate_loading,True,1585e03ee97fffa75e3218b2e978f0f84b813f85b2a481386060290382339af0,bernoulli,4,completed
rep03,start_B,2,3,bfgs,bernoulli,bernoulli,47.53616269580182,False,True,-50.46696446767097,-74.23504581557188,bfgs,8,True,4.596261149458769e-10,False,2,bfgs,9,True,3.4338532017841317e-09,False,2,bernoulli,-50.46696446767097,0.073445654117390902|-0.10465503340678821|-0.22446412777071495|0.3069891367660732,a1a27962237ca5d6c7ed1f28f1bc2efbe2532055410fd15e8c96f495ad70156c,selected_candidate_loading,True,a1a27962237ca5d6c7ed1f28f1bc2efbe2532055410fd15e8c96f495ad70156c,bernoulli,4,completed
rep03,start_B,2,4,bfgs,bernoulli,bernoulli,54.368862072412554,False,True,-46.75421537507788,-73.93864641128415,bfgs,10,True,2.224806561201831e-10,False,2,bfgs,11,True,5.173026229599031e-10,False,2,bernoulli,-46.75421537507788,0.081249050698145517|0.74814264984459411|0.596596801987758|-0.069531976772309628,b9661a1f37dc0052a0403359f551d5bced4c4db1a1e4817e753db33118fda31c,selected_candidate_loading,True,b9661a1f37dc0052a0403359f551d5bced4c4db1a1e4817e753db33118fda31c,bernoulli,4,completed
rep03,start_B,2,5,bfgs,bernoulli,bernoulli,52.01450151975784,False,False,-48.2395034735902,-74.24675423346912,bfgs,8,True,6.018652243255929e-11,True,0,bfgs,11,False,1.812480192597832e-08,False,2,bernoulli,-48.2395034735902,0.3586724693166905|0.57961615449664317|0.09379798629110013|0.20391907199488091,a98731116e82315d10ef50c64e5f265839e2fdce329bf18ae0c5d30938f9812b,selected_candidate_loading,True,a98731116e82315d10ef50c64e5f265839e2fdce329bf18ae0c5d30938f9812b,bernoulli,4,completed
rep03,start_B,2,6,bfgs,bernoulli,bernoulli,60.275494719686435,False,False,-42.539064185263044,-72.67681154510626,bfgs,12,True,8.50785299988388e-09,False,2,bfgs,8,False,1.3471358514260957e-07,False,2,bernoulli,-42.539064185263044,0.45993908960286189|0.70978379001615377|0.071939212653204757|1.0153575235843417,e30cf3181cd02bb90084fac9b6d29032cd5921e72c0e7d84ec6d9794c94a1e34,selected_candidate_loading,True,e30cf3181cd02bb90084fac9b6d29032cd5921e72c0e7d84ec6d9794c94a1e34,bernoulli,4,completed
rep03,start_B,2,7,bfgs,bernoulli,bernoulli,55.61210452323466,False,True,-46.18432663433057,-73.9903788959479,bfgs,12,True,2.9197217088494653e-09,False,2,bfgs,10,True,8.199342205195137e-10,False,2,bernoulli,-46.18432663433057,0.25734650677649173|0.38425390659861081|1.4497551860055249|0.32683993858931015,b3e27bdd6ea4e869ef147ded212764eddbc038e4c538960fd5b5a30b37c1d890,selected_candidate_loading,True,b3e27bdd6ea4e869ef147ded212764eddbc038e4c538960fd5b5a30b37c1d890,bernoulli,4,completed
rep03,start_B,2,8,bfgs,bernoulli,bernoulli,58.90331002185897,False,True,-42.68410540012856,-72.13576041105804,bfgs,12,True,2.4604744908174324e-10,False,2,bfgs,9,True,1.925162862459473e-10,False,2,bernoulli,-42.68410540012856,-0.74831779514464014|-0.032125566605566681|-0.93701859916779306|-0.82009387804566858,b18f11c27cc99c4a53d9bacdf229cdbe7c6b26c303c0c936f74d0a0db594c928,selected_candidate_loading,True,b18f11c27cc99c4a53d9bacdf229cdbe7c6b26c303c0c936f74d0a0db594c928,bernoulli,4,completed
rep03,start_B,3,3,bfgs,bernoulli,bernoulli,47.73247432363044,False,True,-49.820519955465286,-73.68675711728051,bfgs,8,True,1.1266879873517154e-09,False,2,bfgs,9,True,2.408947508136805e-09,False,2,bernoulli,-49.820519955465286,0.1037023803031335|-0.14019211271008408|-0.22954050327904413|0.3836085348461033,4aec2dbba9591ef3894147ef7417de623bf30f99d53a23d37998dba3a97e7b96,selected_candidate_loading,True,4aec2dbba9591ef3894147ef7417de623bf30f99d53a23d37998dba3a97e7b96,bernoulli,4,completed
rep03,start_B,3,4,bfgs,bernoulli,bernoulli,55.10512097753677,False,False,-46.56066448173912,-74.1132249705075,bfgs,8,True,2.3794755055206452e-11,True,0,bfgs,11,False,4.015893267483861e-07,False,2,bernoulli,-46.56066448173912,0.15125124340694734|0.77966160723217293|0.36516873253368476|-0.13617127467235304,e099d65fb6ec238d2bbf1cb726aa359570d28603218aa7a905e8cc721b06889e,selected_candidate_loading,True,e099d65fb6ec238d2bbf1cb726aa359570d28603218aa7a905e8cc721b06889e,bernoulli,4,completed
rep03,start_B,3,5,bfgs,bernoulli,bernoulli,52.389062602059,False,False,-48.04017628210859,-74.23470758313809,bfgs,8,False,4.041996213288712e-08,False,2,bfgs,13,True,6.967066923380116e-11,True,0,bernoulli,-48.04017628210859,0.4352373597544375|0.37863113160918682|-0.34862956222589508|-0.18005284817783268,b4b2f7d5eb18c8d6c9fd1c8dc96f5201f57f3bdb087e2bf7f7117472d467347f,selected_candidate_loading,True,b4b2f7d5eb18c8d6c9fd1c8dc96f5201f57f3bdb087e2bf7f7117472d467347f,bernoulli,4,completed
rep03,start_B,3,6,bfgs,bernoulli,bernoulli,63.72888936487614,False,True,-40.47423924178717,-72.33868392422524,bfgs,8,True,8.634426507114767e-12,True,0,bfgs,11,True,9.82120396120223e-09,False,2,bernoulli,-40.47423924178717,0.62096932319280096|0.83923461468398386|0.11510740123186583|1.1626972336786752,a906ddfe38774406bfb252c4b6d64294879b1bc9f6110e0cd092c37c39f7d8d7,selected_candidate_loading,True,a906ddfe38774406bfb252c4b6d64294879b1bc9f6110e0cd092c37c39f7d8d7,bernoulli,4,completed
rep03,start_B,3,7,bfgs,bernoulli,bernoulli,55.37216807641181,False,True,-46.64293950055675,-74.32902353876266,bfgs,9,True,2.940810805984739e-09,False,2,bfgs,14,True,7.727259325115976e-09,False,2,bernoulli,-46.64293950055675,0.23530695566114243|0.33894939083531328|1.1912107222806863|0.34172025071038531,2440cd2f6a13e849005b59124c09077849a0122de0296ab5c15b430143aaa756,selected_candidate_loading,True,2440cd2f6a13e849005b59124c09077849a0122de0296ab5c15b430143aaa756,bernoulli,4,completed
rep03,start_B,3,8,bfgs,bernoulli,bernoulli,60.972060404155314,False,True,-40.8633661867711,-71.34939638884876,bfgs,10,True,1.1374936548236291e-10,False,2,bfgs,12,True,1.9173216125878413e-09,False,2,bernoulli,-40.8633661867711,-0.89505057170228952|-0.02672204565154648|-0.99937219183991954|-0.90760731571890785,af2af3e9145c7b827657a4e39668fe82ee9e845bed5d9390cb3a74db97c919c3,selected_candidate_loading,True,af2af3e9145c7b827657a4e39668fe82ee9e845bed5d9390cb3a74db97c919c3,bernoulli,4,completed
rep03,start_B,4,3,bfgs,bernoulli,bernoulli,47.67592592678825,False,True,-49.704109958605066,-73.54207292199919,bfgs,8,True,8.307088350534287e-12,True,0,bfgs,9,True,1.658939652315894e-11,True,0,bernoulli,-49.704109958605066,0.1703716627958905|-0.18001843926934361|-0.36311825335753584|0.2684315110337388,cad2b67b2e4da06b26bad21975ce289ada44b7cbebf48e3280640d9684bb4873,selected_candidate_loading,True,cad2b67b2e4da06b26bad21975ce289ada44b7cbebf48e3280640d9684bb4873,bernoulli,4,completed
rep03,start_B,4,4,bfgs,bernoulli,bernoulli,57.85531160706208,False,True,-45.3404563927125,-74.26811219624354,bfgs,8,True,2.68791560120718e-09,False,2,bfgs,14,True,2.35912711588071e-10,False,2,bernoulli,-45.3404563927125,0.11707775223794929|0.87442797243031023|0.59965991645533701|-0.098509251170916218,7522720653b19d204110c658be3d31d1ab7623979ce7772f861837ddeda61cb9,selected_candidate_loading,True,7522720653b19d204110c658be3d31d1ab7623979ce7772f861837ddeda61cb9,bernoulli,4,completed
rep03,start_B,4,5,bfgs,bernoulli,bernoulli,53.892966008978846,False,True,-46.46131965408573,-73.40780265857515,bfgs,8,True,4.3298342689013224e-11,True,0,bfgs,13,True,3.7455414769738125e-09,False,2,bernoulli,-46.46131965408573,0.46924490098473159|0.26585884379352198|-0.73190248801192925|-0.39020982722933512,0b39ecfa9500b003676a70a28d60e33f4b1ac1c77943fe3b51451515b02a3ae2,selected_candidate_loading,True,0b39ecfa9500b003676a70a28d60e33f4b1ac1c77943fe3b51451515b02a3ae2,bernoulli,4,completed
rep03,start_B,4,6,bfgs,bernoulli,bernoulli,71.93106019985356,False,True,-36.5134249561829,-72.47895505610968,bfgs,9,True,2.6060220648105315e-11,True,0,bfgs,14,True,9.277605816926382e-09,False,2,bernoulli,-36.5134249561829,0.61463466316946214|1.1459056327284265|0.29378361446580192|1.4301965039094371,7a380623ee8f945424d7f4cbb972650cd9f22d1321f7c86b3da2a715b101ddd2,selected_candidate_loading,True,7a380623ee8f945424d7f4cbb972650cd9f22d1321f7c86b3da2a715b101ddd2,bernoulli,4,completed
rep03,start_B,4,7,bfgs,bernoulli,bernoulli,61.120339253859214,False,False,-43.72706475366705,-74.28723438059666,bfgs,11,True,3.4755852196255434e-09,False,2,bfgs,11,False,3.409455122671545e-08,False,2,bernoulli,-43.72706475366705,0.22371938496160326|0.52533764294692187|1.4123086438859598|0.51890543539609435,07c0f7244ce4cd6f0b400dd47022471bfc54e3a8318eb688008c5a148a017b3a,selected_candidate_loading,True,07c0f7244ce4cd6f0b400dd47022471bfc54e3a8318eb688008c5a148a017b3a,bernoulli,4,completed
rep03,start_B,4,8,bfgs,bernoulli,bernoulli,63.47310252988069,False,True,-38.27174810400881,-70.00829936894915,bfgs,10,True,6.303046973243909e-12,True,0,bfgs,12,True,1.0194676214325682e-10,False,2,bernoulli,-38.27174810400881,-0.92497340805862971|-0.26019143645455395|-1.11569921057121|-1.2855212905990925,5b4843bc56d8e62f265d63fa3d9554dc31e0e70b0338731c3371f67c055a3a80,selected_candidate_loading,True,5b4843bc56d8e62f265d63fa3d9554dc31e0e70b0338731c3371f67c055a3a80,bernoulli,4,completed
rep03,start_B,5,3,bfgs,bernoulli,bernoulli,47.760882062063544,False,True,-50.158177499457686,-74.03861853048946,bfgs,8,True,6.935811924790869e-11,True,0,bfgs,10,True,1.3813865606948638e-10,False,2,bernoulli,-50.158177499457686,0.070866820782657908|-0.1046431543960458|-0.28935376416576741|0.33073774585627846,bbd25033f42c9f90062901bb1c8e576a4e7c9e0fd8f5018d06f75b2b4618c250,selected_candidate_loading,True,bbd25033f42c9f90062901bb1c8e576a4e7c9e0fd8f5018d06f75b2b4618c250,bernoulli,4,completed
rep03,start_B,5,4,bfgs,bernoulli,bernoulli,56.51317072572279,False,True,-45.936153319187476,-74.19273868204887,bfgs,8,True,1.939928218064324e-11,True,0,bfgs,14,True,8.592100364523958e-10,False,2,bernoulli,-45.936153319187476,0.073908502677298829|0.83226887427489726|0.64535399501328217|-0.046388634715766694,480c7e371c6c9682836aeeecc2c308111bcb89308484b7631401c76b2eab6666,selected_candidate_loading,True,480c7e371c6c9682836aeeecc2c308111bcb89308484b7631401c76b2eab6666,bernoulli,4,completed
rep03,start_B,5,5,bfgs,bernoulli,bernoulli,53.6442623300978,False,False,-47.02968718123422,-73.85181834628312,bfgs,8,True,2.446654168153373e-09,False,2,bfgs,12,False,3.074481469411694e-08,False,2,bernoulli,-47.02968718123422,0.44568902671966093|0.35217400783871566|-0.50722859478033566|-0.3521539238292079,445a4cfa7b35e67c9fa9ccaff6b7e85b0f55da3761c199a3d86b6b3382e3f487,selected_candidate_loading,True,445a4cfa7b35e67c9fa9ccaff6b7e85b0f55da3761c199a3d86b6b3382e3f487,bernoulli,4,completed
rep03,start_B,5,6,bfgs,bernoulli,bernoulli,72.26738834117148,False,False,-36.40789620354356,-72.5415903741293,bfgs,8,True,1.1815592948494213e-11,True,0,bfgs,19,False,1.04612921214553e-08,False,2,bernoulli,-36.40789620354356,0.40321398869125818|1.3289181041831521|0.34487165355157556|1.4050367827009507,8caa5a5b5e082da0f9459d224f02e34643b9d598ac3dc7629785f50b205ed793,selected_candidate_loading,True,8caa5a5b5e082da0f9459d224f02e34643b9d598ac3dc7629785f50b205ed793,bernoulli,4,completed
rep03,start_B,5,7,bfgs,bernoulli,bernoulli,60.68620754172835,False,True,-43.67468813489923,-74.0177919057634,bfgs,8,True,9.217946406181455e-11,True,0,bfgs,18,True,1.8665819112584358e-09,False,2,bernoulli,-43.67468813489923,0.091805434036328015|0.57884747366814049|1.3603654500891731|0.54441084714545918,264bfd70c9c81c3b61da09321b1d28788813bed63630a60fcf4c68ad25d1a6f9,selected_candidate_loading,True,264bfd70c9c81c3b61da09321b1d28788813bed63630a60fcf4c68ad25d1a6f9,bernoulli,4,completed
rep03,start_B,5,8,bfgs,bernoulli,bernoulli,61.71051347938045,False,False,-39.89115450179704,-70.74641124148727,bfgs,10,True,7.324949535814085e-11,True,0,bfgs,13,False,7.859601585114006e-08,False,2,bernoulli,-39.89115450179704,-0.8248845211468222|-0.31288276235107065|-0.79669311508791174|-1.2266761516598408,d20d1f12116ec27f43f30a836e8bdb7bc4323888d21420e198922bbd55b55a10,selected_candidate_loading,True,d20d1f12116ec27f43f30a836e8bdb7bc4323888d21420e198922bbd55b55a10,bernoulli,4,completed
rep03,start_B,6,3,bfgs,bernoulli,bernoulli,47.00673537787158,False,True,-50.20424719713018,-73.70761488606597,bfgs,9,True,1.4792433944421646e-10,False,2,bfgs,9,True,7.717326333533947e-10,False,2,bernoulli,-50.20424719713018,0.13428472850086556|-0.15062085754239443|-0.30827509281226578|0.25815869765895372,61bb0f2d358799ed388508936bb5edb1a3d356a5a88fa91e6c5f98675d36eac8,selected_candidate_loading,True,61bb0f2d358799ed388508936bb5edb1a3d356a5a88fa91e6c5f98675d36eac8,bernoulli,4,completed
rep03,start_B,6,4,bfgs,bernoulli,bernoulli,56.731856250078735,False,True,-46.046191246213176,-74.41211937125254,bfgs,8,True,2.4004173648783933e-11,True,0,bfgs,11,True,4.0271679324632714e-09,False,2,bernoulli,-46.046191246213176,0.062326177109923525|0.85479449732731283|0.56616327771176178|-0.020198535304380684,95476911b52255b76f9b62df74fb08ef24d2b63137e8b15c60ad73b3b4bb1809,selected_candidate_loading,True,95476911b52255b76f9b62df74fb08ef24d2b63137e8b15c60ad73b3b4bb1809,bernoulli,4,completed
rep03,start_B,6,5,bfgs,bernoulli,bernoulli,56.06495313276676,False,False,-44.8592379593117,-72.89171452569508,bfgs,9,True,1.6048947726332585e-10,False,2,bfgs,12,False,1.7476900104895776e-08,False,2,bernoulli,-44.8592379593117,0.52268030093799633|0.17604941600696278|-0.88844361051667531|-0.5720936283917103,83960d0ac099ad8712bf249b294927e055826d7b02c91902b977549f8538b96a,selected_candidate_loading,True,83960d0ac099ad8712bf249b294927e055826d7b02c91902b977549f8538b96a,bernoulli,4,completed
rep03,start_B,6,6,bfgs,bernoulli,bernoulli,67.05537905160705,False,False,-39.50209429791302,-73.02978382371654,bfgs,9,True,7.478354824286271e-10,False,2,bfgs,18,False,7.004390050191489e-08,False,2,bernoulli,-39.50209429791302,0.44238292153328357|1.0971223186288346|0.099189047453645166|1.1981262241276396,660d20fb3f77dfdfb7d21ae5f4702122577ee372bd57fde4eff306dda1f2a1a5,selected_candidate_loading,True,660d20fb3f77dfdfb7d21ae5f4702122577ee372bd57fde4eff306dda1f2a1a5,bernoulli,4,completed
rep03,start_B,6,7,bfgs,bernoulli,bernoulli,60.701922695352636,False,True,-43.904457317084265,-74.25541866476058,bfgs,8,True,2.2492461226875093e-09,False,2,bfgs,15,True,6.325935331119581e-11,True,0,bernoulli,-43.904457317084265,0.11633249627282168|0.5775210720763001|1.2741776376069585|0.48816776565351855,2973d45d94c7b826b8e370b95a3a6d93d6a929624124674f4727b0dc645f9a08,selected_candidate_loading,True,2973d45d94c7b826b8e370b95a3a6d93d6a929624124674f4727b0dc645f9a08,bernoulli,4,completed
rep03,start_B,6,8,bfgs,bernoulli,bernoulli,59.57490398081728,False,True,-40.50524696948736,-70.292698959896,bfgs,8,True,2.99858804453379e-10,False,2,bfgs,13,True,4.125468500149054e-09,False,2,bernoulli,-40.50524696948736,-0.75869518848468276|-0.32411800098066246|-0.80985738818525377|-1.1672681498600397,40473bf58b2bb970a64dcb1d97772ebcfa02e7a637d109d6c294734de335cf0f,selected_candidate_loading,True,40473bf58b2bb970a64dcb1d97772ebcfa02e7a637d109d6c294734de335cf0f,bernoulli,4,completed
rep03,start_B,7,3,bfgs,bernoulli,bernoulli,48.42995037495372,False,True,-49.36996196873583,-73.58493715621269,bfgs,8,True,1.4909762313664034e-11,True,0,bfgs,9,True,4.2149750356657024e-11,True,0,bernoulli,-49.36996196873583,0.19115326131931079|-0.19867319705594105|-0.48201956334363322|0.19620419536214806,b259ad0db0756939188081e83128fa5a6f965bdb1842905c8d9d07bfbb566266,selected_candidate_loading,True,b259ad0db0756939188081e83128fa5a6f965bdb1842905c8d9d07bfbb566266,bernoulli,4,completed
rep03,start_B,7,4,bfgs,bernoulli,bernoulli,55.47866328074936,False,True,-46.487715440947134,-74.22704708132181,bfgs,9,True,4.980226064876802e-10,False,2,bfgs,12,True,7.386975475753843e-11,True,0,bernoulli,-46.487715440947134,0.056996505542362859|0.77473089142362894|0.43097146982973744|-0.10335414003595958,2d587c3a2fa0d06332b99611d8f8bdcbb69cb7db7acc1a7f860f90917160969b,selected_candidate_loading,True,2d587c3a2fa0d06332b99611d8f8bdcbb69cb7db7acc1a7f860f90917160969b,bernoulli,4,completed
rep03,start_B,7,5,bfgs,bernoulli,bernoulli,55.42692544843777,False,True,-45.650189734376795,-73.36365245859568,bfgs,9,True,1.2676171223802158e-11,True,0,bfgs,12,True,8.060183631641849e-11,True,0,bernoulli,-45.650189734376795,0.47513194454351998|0.14160740411944461|-0.79483450084399221|-0.56759726598415339,16a11d120ebc13f2de692056f55c98c65365e8898ff3e581a2b368ddb7db33f8,selected_candidate_loading,True,16a11d120ebc13f2de692056f55c98c65365e8898ff3e581a2b368ddb7db33f8,bernoulli,4,completed
rep03,start_B,7,6,bfgs,bernoulli,bernoulli,74.43398645180781,False,True,-35.04835214736805,-72.26534537327196,bfgs,9,True,2.632522644319124e-10,False,2,bfgs,15,True,9.727697758421527e-10,False,2,bernoulli,-35.04835214736805,0.71416596845884861|1.3307801371002597|0.21663114720153689|1.4371421346095203,c2c810f7e0489279977b0c7cd93705018c46cbca2d388e3c8b80cc277626e42b,selected_candidate_loading,True,c2c810f7e0489279977b0c7cd93705018c46cbca2d388e3c8b80cc277626e42b,bernoulli,4,completed
rep03,start_B,7,7,bfgs,bernoulli,bernoulli,58.78327067875547,False,True,-44.684956959463555,-74.07659229884129,bfgs,8,True,1.4744101939356824e-09,False,2,bfgs,15,True,1.6634015942429414e-09,False,2,bernoulli,-44.684956959463555,0.10405325952609315|0.53276380048199568|1.1540236313825492|0.48394341676439318,0b7a702cf552ddefaa2c29492aacf5f5ae3fa68e341adf4d3e4218a2b6f5401d,selected_candidate_loading,True,0b7a702cf552ddefaa2c29492aacf5f5ae3fa68e341adf4d3e4218a2b6f5401d,bernoulli,4,completed
rep03,start_B,7,8,bfgs,bernoulli,bernoulli,59.477692069821515,False,True,-41.12974018372781,-70.86858621863857,bfgs,9,True,1.867768606444997e-09,False,2,bfgs,13,True,2.446194580230099e-10,False,2,bernoulli,-41.12974018372781,-0.90076300474106497|-0.073095509848623438|-0.50966056354024569|-0.94519694152581002,0962db9a4a233ab23abb3b0aa1f2de9c7136084b17dca5c47bef430214a06d40,selected_candidate_loading,True,0962db9a4a233ab23abb3b0aa1f2de9c7136084b17dca5c47bef430214a06d40,bernoulli,4,completed
rep03,start_B,8,3,bfgs,bernoulli,bernoulli,47.746901499460876,False,True,-49.460515977368544,-73.33396672709898,bfgs,7,True,4.432254563369042e-12,True,0,bfgs,9,True,3.0010793850010486e-09,False,2,bernoulli,-49.460515977368544,0.19040200902750026|-0.19219205258371955|-0.47341210980699489|0.1819055625579592,78fb04973aca29cfb29ebc0c1ac3e6c725f776ccb0bab7ea44404d6369d50f07,selected_candidate_loading,True,78fb04973aca29cfb29ebc0c1ac3e6c725f776ccb0bab7ea44404d6369d50f07,bernoulli,4,completed
rep03,start_B,8,4,bfgs,bernoulli,bernoulli,57.69883497013822,False,True,-45.50253286253928,-74.3519503476084,bfgs,10,True,9.651781596176078e-11,True,0,bfgs,13,True,5.1208231433008676e-09,False,2,bernoulli,-45.50253286253928,0.076666032465866757|0.87249852366346881|0.66855137885949667|0.023945010033396788,f9390d52978698dd197d01638b16f40478cb047284522bf3f132806e1191f902,selected_candidate_loading,True,f9390d52978698dd197d01638b16f40478cb047284522bf3f132806e1191f902,bernoulli,4,completed
rep03,start_B,8,5,bfgs,bernoulli,bernoulli,53.66053389174799,False,True,-46.06124525544434,-72.89151220131833,bfgs,8,True,8.132917006520302e-10,False,2,bfgs,13,True,3.019029293227504e-09,False,2,bernoulli,-46.06124525544434,0.42704402537646002|0.20563321087843728|-0.76669162855201334|-0.49841363639128766,a6de0e0b1289992fd7c6a57052f6be1fdbb92f956069acb4c0574bbb125e7875,selected_candidate_loading,True,a6de0e0b1289992fd7c6a57052f6be1fdbb92f956069acb4c0574bbb125e7875,bernoulli,4,completed
rep03,start_B,8,6,bfgs,bernoulli,bernoulli,71.11527382410378,False,False,-37.04202257709427,-72.59965948914616,bfgs,9,True,9.160738834168569e-11,True,0,bfgs,16,False,1.0177749254491886e-07,False,2,bernoulli,-37.04202257709427,0.69001565584715507|1.2577960540468223|0.26206565380978536|1.196636218530484,c5379ae653015b7d9588c535661ca33c40e5494096f75ee7d3d5fdd30a35450b,selected_candidate_loading,True,c5379ae653015b7d9588c535661ca33c40e5494096f75ee7d3d5fdd30a35450b,bernoulli,4,completed
rep03,start_B,8,7,bfgs,bernoulli,bernoulli,61.18270452703976,False,False,-43.68621600620692,-74.2775682697268,bfgs,8,True,2.530357479102463e-10,False,2,bfgs,11,False,1.5457408442109967e-08,False,2,bernoulli,-43.68621600620692,0.081076799690577517|0.52658750588226011|1.3233945694402958|0.6294873935868589,05cb14900aceb77f8462f11bb1d06c7935d2003d63d79747873797f51c2e56ca,selected_candidate_loading,True,05cb14900aceb77f8462f11bb1d06c7935d2003d63d79747873797f51c2e56ca,bernoulli,4,completed
rep03,start_B,8,8,bfgs,bernoulli,bernoulli,59.73969689073955,False,False,-40.79194221097131,-70.66179065634108,bfgs,9,True,1.748887079600081e-09,False,2,bfgs,12,False,1.2224915946212888e-08,False,2,bernoulli,-40.79194221097131,-0.91960152545126261|-0.10473717140960105|-0.79447909160921715|-0.99136675744507985,0c4156601ce7b4fac904b6b8ccbcc9a0d62278a49e6338a12eb166dcae460f2f,selected_candidate_loading,True,0c4156601ce7b4fac904b6b8ccbcc9a0d62278a49e6338a12eb166dcae460f2f,bernoulli,4,completed
rep03,start_B,1,3,bfgs,bernoulli,bernoulli,47.109683991163834,False,True,-50.40014831079761,-73.95499030637953,bfgs,10,True,3.3669249166479178e-09,False,2,bfgs,11,True,2.6359003868492435e-11,True,0,bernoulli,-50.40014831079761,-0.21318654118392247|0.28553146420116177|-0.024984164657323088|-0.0036923481632364823|0.29379845685007761,5594a716338ac46bfd95e13163ff4f0d03295dc574553cb5368a2db1cbf97aaf,selected_candidate_loading,True,5594a716338ac46bfd95e13163ff4f0d03295dc574553cb5368a2db1cbf97aaf,bernoulli,5,completed
rep03,start_B,1,4,bfgs,bernoulli,bernoulli,54.755575323209996,False,True,-46.62157806540078,-73.99936572700578,bfgs,10,True,8.821203767439556e-11,True,0,bfgs,12,True,1.343477551429828e-09,False,2,bernoulli,-46.62157806540078,0.1899396577008669|0.066101133175444637|0.037185822565333933|0.18929387965010505|-0.70896566247224146,828228944a6b91694ffa92f67a2f402c5cf00c8ca7d9d2b70d20aa6c81ddf925,selected_candidate_loading,True,828228944a6b91694ffa92f67a2f402c5cf00c8ca7d9d2b70d20aa6c81ddf925,bernoulli,5,completed
rep03,start_B,1,5,bfgs,bernoulli,bernoulli,51.98516890528376,False,False,-48.39449492924909,-74.38707938189097,bfgs,10,True,8.134275475413233e-11,True,0,bfgs,11,False,1.2004976146506863e-08,False,2,bernoulli,-48.39449492924909,0.08122216519940581|0.22125759497766914|-0.50154616935958041|0.26528728193494544|-0.17993432746840679,cf1c2303ecc79e1b4c652be8e445170876296504bef3a0c7258c4be33d5b23a7,selected_candidate_loading,True,cf1c2303ecc79e1b4c652be8e445170876296504bef3a0c7258c4be33d5b23a7,bernoulli,5,completed
rep03,start_B,1,6,bfgs,bernoulli,bernoulli,52.18362295209188,False,True,-48.17634230784453,-74.26815378389047,bfgs,10,True,5.499373179063127e-11,True,0,bfgs,11,True,8.566023779188469e-10,False,2,bernoulli,-48.17634230784453,-0.016771643000600162|0.37767679171288188|-0.42843935558467933|0.32022455682318018|-0.12335900605193917,57fa96948781700241bb40fbb3a582e54a9b47977430ee90983876915e29bbbf,selected_candidate_loading,True,57fa96948781700241bb40fbb3a582e54a9b47977430ee90983876915e29bbbf,bernoulli,5,completed
rep03,start_B,1,7,bfgs,bernoulli,bernoulli,51.439368055698225,False,True,-48.69872176377281,-74.41840579162192,bfgs,12,True,6.001703578562001e-10,False,2,bfgs,11,True,3.695170697204375e-11,True,0,bernoulli,-48.69872176377281,-0.21092058872536804|-0.17628687925407172|0.25292124722486109|-0.11841083551312855|-0.57381450302620207,9a97fcb28f137ca4d1ab05eba14f2ccfd8c74866fb4ac870cd68f5f25f8f2402,selected_candidate_loading,True,9a97fcb28f137ca4d1ab05eba14f2ccfd8c74866fb4ac870cd68f5f25f8f2402,bernoulli,5,completed
rep03,start_B,1,8,bfgs,bernoulli,bernoulli,54.41271862315347,False,True,-44.999428217022626,-72.20578752859936,bfgs,10,True,6.31858506627836e-09,False,2,bfgs,12,True,1.9319161714825837e-09,False,2,bernoulli,-44.999428217022626,0.8654982990887331|-0.067919226607128777|-0.21169862495494032|-0.17053911329879021|0.1778139438106649,93a3b3e608281275d877f994dd170ebb7e721a47521b951cf97466dae5b11992,selected_candidate_loading,True,93a3b3e608281275d877f994dd170ebb7e721a47521b951cf97466dae5b11992,bernoulli,5,completed
rep03,start_B,2,3,bfgs,bernoulli,bernoulli,47.73940904280957,False,True,-49.91995185100171,-73.7896563724065,bfgs,10,True,4.676465770181438e-10,False,2,bfgs,10,True,2.0069464201633026e-09,False,2,bernoulli,-49.91995185100171,-0.13107963628588953|0.38512460968873102|-0.27046571331513397|-0.045694208956099283|0.28842808495044864,58aa87d037244b42626ec96951534bea637abdc0d9eedb48c662b5b60c2956ba,selected_candidate_loading,True,58aa87d037244b42626ec96951534bea637abdc0d9eedb48c662b5b60c2956ba,bernoulli,5,completed
rep03,start_B,2,4,bfgs,bernoulli,bernoulli,56.66789512953572,False,True,-45.98598479884043,-74.31993236360829,bfgs,11,True,2.6291435833991628e-09,False,2,bfgs,14,True,1.7468386737107265e-10,False,2,bernoulli,-45.98598479884043,0.16691051297043119|0.13734421958710277|-0.31992295914453567|0.097698925047886659|-0.81246417230379375,f55dc6857cea920316a7f3b28628ea9b0a2a5cd6f19b9f607f7f69f4bbf82684,selected_candidate_loading,True,f55dc6857cea920316a7f3b28628ea9b0a2a5cd6f19b9f607f7f69f4bbf82684,bernoulli,5,completed
rep03,start_B,2,5,bfgs,bernoulli,bernoulli,55.66849121731428,False,True,-46.134600112183804,-73.96884572084095,bfgs,9,True,4.374665851791804e-10,False,2,bfgs,13,True,6.154428189297789e-10,False,2,bernoulli,-46.134600112183804,0.1979494991446788|-0.17825608489346542|-0.72318405097673855|0.36435492727855451|-0.3226998194998239,bba58fa4340e44595b72929ff3e033d76533381c9ac476ed83c8d6d13e21082a,selected_candidate_loading,True,bba58fa4340e44595b72929ff3e033d76533381c9ac476ed83c8d6d13e21082a,bernoulli,5,completed
rep03,start_B,2,6,bfgs,bernoulli,bernoulli,58.577784035827136,False,False,-44.16698949350055,-73.45588151141412,bfgs,10,True,1.8252173106247939e-10,False,2,bfgs,14,False,2.713473001847433e-08,False,2,bernoulli,-44.16698949350055,-0.0080318582695746953|0.40962137934730819|-0.91854465441598165|0.37185987273977528|-0.057661375964443359,0ce6c328ab8982e784c45dfe5b0f4ad7a52f5dc767ec7e7b79573717ef333d67,selected_candidate_loading,True,0ce6c328ab8982e784c45dfe5b0f4ad7a52f5dc767ec7e7b79573717ef333d67,bernoulli,5,completed
rep03,start_B,2,7,bfgs,bernoulli,bernoulli,49.849804038343436,False,True,-49.800335403479586,-74.7252374226513,bfgs,10,True,1.8967497017463586e-10,False,2,bfgs,14,True,1.7535460361539635e-09,False,2,bernoulli,-49.800335403479586,-0.072667740338978479|-0.19807383147204891|-0.16702244455548085|-0.23782318290689228|-0.39425221257793575,6c7d54823e812f51029097151c061f3d0dfd3676b57430de95d9c1b2b8b77f80,selected_candidate_loading,True,6c7d54823e812f51029097151c061f3d0dfd3676b57430de95d9c1b2b8b77f80,bernoulli,5,completed
rep03,start_B,2,8,bfgs,bernoulli,bernoulli,55.72249890084797,False,True,-44.17327048697781,-72.0345199374018,bfgs,15,True,1.4660368918839595e-09,False,2,bfgs,14,True,4.9146186217874366e-09,False,2,bernoulli,-44.17327048697781,0.67851782990406018|0.2270575183562393|0.19569434151028184|-0.33512172550239|-0.22755685261010208,8ce074b1b2e91db0df4ec5f1ef3f6e417346626d6851785b6c010a9243880c5b,selected_candidate_loading,True,8ce074b1b2e91db0df4ec5f1ef3f6e417346626d6851785b6c010a9243880c5b,bernoulli,5,completed
rep03,start_B,3,3,bfgs,bernoulli,bernoulli,49.37823641204882,False,True,-48.815918653285415,-73.50503685930983,bfgs,10,True,1.346617262143468e-12,True,0,bfgs,12,True,9.022560476523722e-13,True,0,bernoulli,-48.815918653285415,-0.10707701728024016|0.3075417030915869|-0.33903332122322383|-0.0040017064537388961|0.42839022537243482,abe321716019615d895777239b21fa4c168bb042ff98287d126a4273d5d9ebc6,selected_candidate_loading,True,abe321716019615d895777239b21fa4c168bb042ff98287d126a4273d5d9ebc6,bernoulli,5,completed
rep03,start_B,3,4,bfgs,bernoulli,bernoulli,54.93827424735015,False,True,-46.780003330449254,-74.24914045412433,bfgs,9,True,1.8458994333059308e-10,False,2,bfgs,13,True,4.2695258439806595e-11,True,0,bernoulli,-46.780003330449254,0.18633125090519539|-0.03959324243435243|-0.13992075036103532|0.29480593130993848|-0.69389511491258749,20c813b758fc97a32b0ef17023955a366433df8df39105de3e54147885923099,selected_candidate_loading,True,20c813b758fc97a32b0ef17023955a366433df8df39105de3e54147885923099,bernoulli,5,completed
rep03,start_B,3,5,bfgs,bernoulli,bernoulli,57.1429604211999,False,False,-45.27850824100958,-73.84998845160953,bfgs,8,False,1.1548276623862818e-08,False,2,bfgs,13,True,8.271728657582856e-09,False,2,bernoulli,-45.27850824100958,0.23879657719881761|-0.19227642019078497|-0.81534305659124906|0.30091927779611533|-0.441826399088801,4c6759352caadf37f8add7c35c684cecef608988350e3c063d23be97b676d269,selected_candidate_loading,True,4c6759352caadf37f8add7c35c684cecef608988350e3c063d23be97b676d269,bernoulli,5,completed
rep03,start_B,3,6,bfgs,bernoulli,bernoulli,61.93018059311774,False,False,-41.996425888862106,-72.96151618542098,bfgs,9,True,5.839408956376246e-11,True,0,bfgs,14,False,4.136003567412061e-08,False,2,bernoulli,-41.996425888862106,0.12938125074758935|0.1313174031372516|-1.1872662676653474|0.40410758357134735|-0.09115972367187454,0059d2094843f5cc52e54d4439051c4e0e3d225232177e195ba3f42443e68bba,selected_candidate_loading,True,0059d2094843f5cc52e54d4439051c4e0e3d225232177e195ba3f42443e68bba,bernoulli,5,completed
rep03,start_B,3,7,bfgs,bernoulli,bernoulli,52.14177410521266,False,True,-48.323300251012576,-74.3941873036189,bfgs,10,True,4.891009264262891e-11,True,0,bfgs,10,True,4.8168691257899354e-12,True,0,bernoulli,-48.323300251012576,0.14245371803688242|-0.47717225704965954|-0.40746318134266551|-0.2716984898387011|-0.43844983038014151,6bf19ac6cf3ffe34593b04b732eb6ce9f292285800a62f454d69e7b702dc33aa,selected_candidate_loading,True,6bf19ac6cf3ffe34593b04b732eb6ce9f292285800a62f454d69e7b702dc33aa,bernoulli,5,completed
rep03,start_B,3,8,bfgs,bernoulli,bernoulli,56.69001401970017,False,True,-43.77679078145038,-72.12179779130047,bfgs,9,True,3.5449973623258303e-09,False,2,bfgs,16,True,7.589224970683262e-10,False,2,bernoulli,-43.77679078145038,0.61865659546790419|0.46229577252266835|0.27094375979616936|-0.39146334749576761|-0.23003744667966192,6b0c61dcfb5e0f6a1bbc58ba727b3312a3601e73c8bbff899566b44036cfc66b,selected_candidate_loading,True,6b0c61dcfb5e0f6a1bbc58ba727b3312a3601e73c8bbff899566b44036cfc66b,bernoulli,5,completed
rep03,start_B,4,3,bfgs,bernoulli,bernoulli,49.62619522446042,False,True,-48.754819298050236,-73.56791691028045,bfgs,10,True,1.8694024106480355e-11,True,0,bfgs,12,True,3.9250771521892604e-10,False,2,bernoulli,-48.754819298050236,-0.093074171236163808|0.29906978178539401|-0.48130254728850058|-0.12555096058121196|0.33727187849682011,ac64652469198993fcd5d87c457c3089ae40ef1f0697ce5a6da372dc2dc78022,selected_candidate_loading,True,ac64652469198993fcd5d87c457c3089ae40ef1f0697ce5a6da372dc2dc78022,bernoulli,5,completed
rep03,start_B,4,4,bfgs,bernoulli,bernoulli,56.22580087327917,False,True,-46.18189837961747,-74.29479881625706,bfgs,9,True,1.0287298346511875e-09,False,2,bfgs,14,True,1.1713375880351152e-09,False,2,bernoulli,-46.18189837961747,0.29611221664030318|-0.26788185246333257|-0.15412686043670748|0.3297631742903091|-0.6959769984453229,6e71164c2089877414ad3d7910f1a56b14b481c8932304a6af8b00d06ec98b0b,selected_candidate_loading,True,6e71164c2089877414ad3d7910f1a56b14b481c8932304a6af8b00d06ec98b0b,bernoulli,5,completed
rep03,start_B,4,5,bfgs,bernoulli,bernoulli,55.1795781958524,False,False,-46.94029382861578,-74.53008292654198,bfgs,9,False,4.677558231858114e-08,False,2,bfgs,15,False,2.987696685607944e-08,False,2,bernoulli,-46.94029382861578,0.059491211584066103|0.099299515712803918|-0.72752087279845568|0.087251317777209361|-0.48176565838010671,4df2622580e87fa517a0d01c0cb6ce1e7836b8cd853acf55ae2ed903271fd7cd,selected_candidate_loading,True,4df2622580e87fa517a0d01c0cb6ce1e7836b8cd853acf55ae2ed903271fd7cd,bernoulli,5,completed
rep03,start_B,4,6,bfgs,bernoulli,bernoulli,65.79416419359782,False,True,-39.94958682800352,-72.84666892480243,bfgs,9,True,6.9347250164497606e-12,True,0,bfgs,14,True,2.351181263571256e-10,False,2,bernoulli,-39.94958682800352,0.1251983069498471|0.057867803719254568|-1.3758345275999475|0.55855735664859507|-0.096392447044666429,be19ca21323ab6dfe7a5d6dcdeccc3faa38488b506069a9b1b65345a3c199828,selected_candidate_loading,True,be19ca21323ab6dfe7a5d6dcdeccc3faa38488b506069a9b1b65345a3c199828,bernoulli,5,completed
rep03,start_B,4,7,bfgs,bernoulli,bernoulli,51.91600650695469,False,False,-48.640768099457034,-74.59877135293438,bfgs,8,False,1.250919948292406e-07,False,2,bfgs,13,True,2.6362403815483047e-09,False,2,bernoulli,-48.640768099457034,0.085700458993115222|-0.39544958545191911|-0.43155946292355429|-0.34917621626116641|-0.3457490286853786,6918776a89f6e5a2d069164d12c86191cc607b0899b529a83f182b4f9243eb20,selected_candidate_loading,True,6918776a89f6e5a2d069164d12c86191cc607b0899b529a83f182b4f9243eb20,bernoulli,5,completed
rep03,start_B,4,8,bfgs,bernoulli,bernoulli,60.38055204004611,False,False,-42.03487323564489,-72.22514925566794,bfgs,9,False,5.643442166150536e-08,False,2,bfgs,15,False,4.0443572224546645e-08,False,2,bernoulli,-42.03487323564489,0.64419846506331635|0.78060998164076312|0.10724641564557028|-0.71736062462092109|-0.34428139535643304,b40d21fe55a90def10b9c60c6c30478b98715ce9d99f795c2bde6c56695edf9f,selected_candidate_loading,True,b40d21fe55a90def10b9c60c6c30478b98715ce9d99f795c2bde6c56695edf9f,bernoulli,5,completed
rep03,start_B,5,3,bfgs,bernoulli,bernoulli,49.15934234506106,False,True,-49.10727749598069,-73.68694866851122,bfgs,10,True,8.791856132006614e-14,True,0,bfgs,13,True,8.441715770857172e-10,False,2,bernoulli,-49.10727749598069,-0.035351429997539124|0.26136218955833157|-0.49001662642956595|-0.15188892521396252|0.29779493722640554,338cdf067a661fcc6c35c008d226720a5c74f741ab072258fe26b4761b37af8c,selected_candidate_loading,True,338cdf067a661fcc6c35c008d226720a5c74f741ab072258fe26b4761b37af8c,bernoulli,5,completed
rep03,start_B,5,4,bfgs,bernoulli,bernoulli,58.2410297512632,False,False,-44.80464120552077,-73.92515608115237,bfgs,9,False,1.0692515362009659e-08,False,2,bfgs,14,False,1.0102769998354689e-08,False,2,bernoulli,-44.80464120552077,0.31624243776227273|-0.38189748270355439|-0.21516990008489156|0.40562329568036037|-0.80490993704438096,b55b45b26e2f6bc4f5614cc1f662f9a4ae16ab0cd6951751b28e65804eaa117f,selected_candidate_loading,True,b55b45b26e2f6bc4f5614cc1f662f9a4ae16ab0cd6951751b28e65804eaa117f,bernoulli,5,completed
rep03,start_B,5,5,bfgs,bernoulli,bernoulli,54.64818421829122,False,False,-46.85196530856132,-74.17605741770693,bfgs,9,True,3.6856007135099847e-11,True,0,bfgs,14,False,1.718576316811493e-08,False,2,bernoulli,-46.85196530856132,-0.11621693414044386|0.42345073063194455|-0.70086164603430146|-0.04593728880609188|-0.44784950907596555,4bb2c5f1fa9d199b4d842fbab71b4bc6cd70e7aa15a7d6a3c2ebb14d79c7a281,selected_candidate_loading,True,4bb2c5f1fa9d199b4d842fbab71b4bc6cd70e7aa15a7d6a3c2ebb14d79c7a281,bernoulli,5,completed
rep03,start_B,5,6,bfgs,bernoulli,bernoulli,71.26075789269008,False,False,-36.22753534215561,-71.85791428850065,bfgs,11,False,4.873182432585388e-08,False,2,bfgs,14,True,8.931708411763494e-09,False,2,bernoulli,-36.22753534215561,0.40085183644879296|-0.34210906359153731|-1.8132825083617201|0.60663833360106678|-0.29578561203190479,d6352fc4fb518cc14f1e3cc6fc421ef5f26ad393e50481c490b1719bd0d6cecf,selected_candidate_loading,True,d6352fc4fb518cc14f1e3cc6fc421ef5f26ad393e50481c490b1719bd0d6cecf,bernoulli,5,completed
rep03,start_B,5,7,bfgs,bernoulli,bernoulli,54.47681571278312,False,True,-46.74600978991725,-73.98441764630881,bfgs,10,True,2.595607423439006e-10,False,2,bfgs,13,True,1.8546493091298187e-10,False,2,bernoulli,-46.74600978991725,0.26891019880306516|-0.59745277888764203|-0.58243941687458012|-0.27672049625339118|-0.54564159314542082,d9eb9eca4660903deb1af1750066ed8ad39bdbf7e68b6a99f240dc567e021c37,selected_candidate_loading,True,d9eb9eca4660903deb1af1750066ed8ad39bdbf7e68b6a99f240dc567e021c37,bernoulli,5,completed
rep03,start_B,5,8,bfgs,bernoulli,bernoulli,60.58697639855265,False,True,-41.69199031857174,-71.98547851784807,bfgs,9,True,4.740918768675329e-12,True,0,bfgs,13,True,3.5931256026078273e-09,False,2,bernoulli,-41.69199031857174,0.69542711135599733|0.69458670704122827|0.075871304819095126|-0.75129829210089494|-0.37631013836523791,eb259e8e4b77d970e05e7e14897d9a8d79ff9ebfe9209d1084cf12502993af34,selected_candidate_loading,True,eb259e8e4b77d970e05e7e14897d9a8d79ff9ebfe9209d1084cf12502993af34,bernoulli,5,completed
rep03,start_B,6,3,bfgs,bernoulli,bernoulli,49.052305700486954,False,False,-48.225617794704775,-72.75177064494825,bfgs,9,True,7.299494342305479e-13,True,0,bfgs,12,False,2.1909119762852923e-08,False,2,bernoulli,-48.225617794704775,-0.1178414462991649|0.40361979729828307|-0.40841223641824592|-0.24782652155972754|0.42619088996155619,a5faad83781a79a7eca41b5dc7e6558ce9c8b32109bd799997531db1bf51c87d,selected_candidate_loading,True,a5faad83781a79a7eca41b5dc7e6558ce9c8b32109bd799997531db1bf51c87d,bernoulli,5,completed
rep03,start_B,6,4,bfgs,bernoulli,bernoulli,56.75495631316522,False,True,-45.700380197134066,-74.07785835371668,bfgs,9,True,1.809605354452515e-10,False,2,bfgs,13,True,2.926558106963739e-09,False,2,bernoulli,-45.700380197134066,0.33518131157723263|-0.49783125062634853|-0.1425229123430905|0.45560506839882714|-0.72229861255753625,bd135b2cca2e1656c8d2433841f57f4bacdea030bb521571d31e79e90c766f57,selected_candidate_loading,True,bd135b2cca2e1656c8d2433841f57f4bacdea030bb521571d31e79e90c766f57,bernoulli,5,completed
rep03,start_B,6,5,bfgs,bernoulli,bernoulli,52.169821266867515,False,False,-47.81723818361787,-73.90214881705162,bfgs,10,False,4.585143966728822e-08,False,2,bfgs,14,True,2.5735857889230828e-12,True,0,bernoulli,-47.81723818361787,-0.041837087717885225|0.2885817096421579|-0.61155815840262984|-0.052834998183971041|-0.37373153620195942,54953aa242b14ca20150aeda24d29a2cf480545f3213c71745b63d5a1b0cd823,selected_candidate_loading,True,54953aa242b14ca20150aeda24d29a2cf480545f3213c71745b63d5a1b0cd823,bernoulli,5,completed
rep03,start_B,6,6,bfgs,bernoulli,bernoulli,73.1915727749991,False,False,-35.05847629752683,-71.65426268502638,bfgs,9,True,6.687698395069219e-10,False,2,bfgs,19,False,5.015042225942068e-08,False,2,bernoulli,-35.05847629752683,0.38850943286305123|-0.46212653641152523|-1.9752235329136498|0.6663169742185332|-0.35370267814668305,e6c9684d091af00f53e99801dcfc2b64d91e0c67bb663f50c30241fdc806d07c,selected_candidate_loading,True,e6c9684d091af00f53e99801dcfc2b64d91e0c67bb663f50c30241fdc806d07c,bernoulli,5,completed
rep03,start_B,6,7,bfgs,bernoulli,bernoulli,57.72729989212138,False,False,-44.33745472073366,-73.20110466679435,bfgs,10,True,7.121513392882584e-10,False,2,bfgs,14,False,3.530368242188331e-08,False,2,bernoulli,-44.33745472073366,0.43917004459309184|-0.88281414597353414|-0.77327141904944385|-0.21179141326897194|-0.55374674836562876,fa62b8be847efaa052899d05d27a1dc6c1c6dfbd16b1b174273e49aed3afc63d,selected_candidate_loading,True,fa62b8be847efaa052899d05d27a1dc6c1c6dfbd16b1b174273e49aed3afc63d,bernoulli,5,completed
rep03,start_B,6,8,bfgs,bernoulli,bernoulli,58.80898701814631,False,True,-41.466106774957645,-70.8706002840308,bfgs,10,True,2.7891466913843034e-12,True,0,bfgs,13,True,1.4264076392267454e-09,False,2,bernoulli,-41.466106774957645,0.66810653771676387|0.82143745179900862|0.29746582414154665|-0.75392040612898759|-0.17202144933784877,daf1231d13ff839f84aef52919a2ae896c847ef9b81b54c390014804d1a94319,selected_candidate_loading,True,daf1231d13ff839f84aef52919a2ae896c847ef9b81b54c390014804d1a94319,bernoulli,5,completed
rep03,start_B,7,3,bfgs,bernoulli,bernoulli,49.27445457663298,False,False,-48.79930082915185,-73.43652811746834,bfgs,10,True,1.0375811321239326e-12,True,0,bfgs,13,False,1.978910272981693e-07,False,2,bernoulli,-48.79930082915185,-0.11729760909935991|0.41936125878895048|-0.32914290974004234|-0.25778254640301906|0.36149663292444167,6011a16572675d09478f65e98af207ff297ab0fbc55db996f354a4e623680611,selected_candidate_loading,True,6011a16572675d09478f65e98af207ff297ab0fbc55db996f354a4e623680611,bernoulli,5,completed
rep03,start_B,7,4,bfgs,bernoulli,bernoulli,59.084611827642235,False,True,-44.30241718636423,-73.84472310018535,bfgs,9,True,4.946634213354173e-11,True,0,bfgs,15,True,5.8380838080518416e-09,False,2,bernoulli,-44.30241718636423,0.27807700755727582|-0.56358684848776297|-0.1767430059594142|0.5349256000145115|-0.83894120478831768,0c5a7f04bcba63073ded32ec0e5754951e2bf3f173eabc60568528e4330a90ab,selected_candidate_loading,True,0c5a7f04bcba63073ded32ec0e5754951e2bf3f173eabc60568528e4330a90ab,bernoulli,5,completed
rep03,start_B,7,5,bfgs,bernoulli,bernoulli,53.41335836877256,False,True,-47.383656038989265,-74.09033522337555,bfgs,9,True,1.5392509600253845e-09,False,2,bfgs,14,True,5.355182963739935e-11,True,0,bernoulli,-47.383656038989265,-0.13008340715579672|0.4954210017749312|-0.47044623808507335|-0.058783597428908124|-0.31656956833301553,7a00f9441968f1ec029c7c68aec6339e1b771793b433dc29086b312526ab19b8,selected_candidate_loading,True,7a00f9441968f1ec029c7c68aec6339e1b771793b433dc29086b312526ab19b8,bernoulli,5,completed
rep03,start_B,7,6,bfgs,bernoulli,bernoulli,75.21180881898484,False,False,-34.49664687255754,-72.10255128204996,bfgs,10,True,1.3409557908516946e-10,False,2,bfgs,20,False,1.1404269589787574e-08,False,2,bernoulli,-34.49664687255754,0.31179393910532871|-0.64704147555382496|-2.069781575326934|0.41413777077658764|-0.42037352960403301,8968ac6b03daefd221f28be403f0d3a5189aaf2a3b2357ddca5f4b95e793781d,selected_candidate_loading,True,8968ac6b03daefd221f28be403f0d3a5189aaf2a3b2357ddca5f4b95e793781d,bernoulli,5,completed
rep03,start_B,7,7,bfgs,bernoulli,bernoulli,58.83429502449157,False,False,-44.358377862372826,-73.77552537461861,bfgs,9,True,1.2897140716505718e-10,False,2,bfgs,11,False,2.9118522310023208e-08,False,2,bernoulli,-44.358377862372826,0.38377930592533888|-0.89591330441321326|-0.79336473840875321|-0.3361884115746811|-0.60703233234178233,9cf26d4ccc705488aecd70b44c3e19ab8428a648b456e992e474d73522da41b7,selected_candidate_loading,True,9cf26d4ccc705488aecd70b44c3e19ab8428a648b456e992e474d73522da41b7,bernoulli,5,completed
rep03,start_B,7,8,bfgs,bernoulli,bernoulli,58.557815994645594,False,True,-41.9833261313721,-71.2622341286949,bfgs,10,True,1.6950152392780637e-10,False,2,bfgs,14,True,5.168652617015824e-10,False,2,bernoulli,-41.9833261313721,0.67270497352191361|0.73278008249541449|0.50547181475308145|-0.50381838493356768|-0.17997672057447017,abe82a00fba974f909c24ee4fbb1590fa87a85edf162102ff1ae9ed42abb0150,selected_candidate_loading,True,abe82a00fba974f909c24ee4fbb1590fa87a85edf162102ff1ae9ed42abb0150,bernoulli,5,completed
rep03,start_B,8,3,bfgs,bernoulli,bernoulli,49.420677351544114,False,True,-48.40466189119483,-73.11500056696688,bfgs,9,True,5.615210629805744e-10,False,2,bfgs,13,True,2.4107666973804954e-10,False,2,bernoulli,-48.40466189119483,0.088430758910964899|0.25165914513306925|-0.51718168008991605|-0.30815068539331703|0.34916323400788862,04199dc5b6212b6ba76c128fc667ace579487250dff540a1b2a50b65e3834440,selected_candidate_loading,True,04199dc5b6212b6ba76c128fc667ace579487250dff540a1b2a50b65e3834440,bernoulli,5,completed
rep03,start_B,8,4,bfgs,bernoulli,bernoulli,57.46257048665845,False,False,-45.45910948908137,-74.1903947324106,bfgs,8,False,1.7380436878600136e-07,False,2,bfgs,15,True,3.5204069881444865e-09,False,2,bernoulli,-45.45910948908137,0.0012007316217219016|-0.28024980270766603|-0.068647711134965511|0.49612383282864964|-0.77895755629449015,2b58fe514f777fb3727688db076fc3a6df374d3641326be1d6a05b9275829017,selected_candidate_loading,True,2b58fe514f777fb3727688db076fc3a6df374d3641326be1d6a05b9275829017,bernoulli,5,completed
rep03,start_B,8,5,bfgs,bernoulli,bernoulli,52.1349390306093,False,False,-47.909442305941795,-73.97691182124645,bfgs,10,True,8.359424263915116e-13,True,0,bfgs,13,False,1.2962063635768573e-07,False,2,bernoulli,-47.909442305941795,-0.21051102308502578|0.56011878473786059|-0.2566193427083322|0.0080035907725768737|-0.29113223896639723,69a04a7d75211708459d6393898b73e9a8db1f9ab40e749c72ba885cc543d0ea,selected_candidate_loading,True,69a04a7d75211708459d6393898b73e9a8db1f9ab40e749c72ba885cc543d0ea,bernoulli,5,completed
rep03,start_B,8,6,bfgs,bernoulli,bernoulli,69.82613146035267,False,False,-37.36706441632089,-72.28013014649723,bfgs,10,True,9.195229577763087e-10,False,2,bfgs,19,False,8.051910174167177e-08,False,2,bernoulli,-37.36706441632089,0.15090749303135914|-0.37601783776887115|-1.7971834900498465|0.39100398871995268|-0.30863797800222875,9d790ec6bc90a87ed01976ab19b19e3d8e4456b04b6716ce663a87a1480c16de,selected_candidate_loading,True,9d790ec6bc90a87ed01976ab19b19e3d8e4456b04b6716ce663a87a1480c16de,bernoulli,5,completed
rep03,start_B,8,7,bfgs,bernoulli,bernoulli,60.75805404896278,False,True,-43.050731905557626,-73.42975893003901,bfgs,11,True,1.4459378139264345e-12,True,0,bfgs,13,True,2.2020076873019434e-09,False,2,bernoulli,-43.050731905557626,0.37831012550308973|-1.0659709055180486|-0.89758992708916652|-0.33979602495695665|-0.6252654148079948,ef63877964f378c9232bc72d587ab7638118ac5580b719a67a398cd2f7badf5a,selected_candidate_loading,True,ef63877964f378c9232bc72d587ab7638118ac5580b719a67a398cd2f7badf5a,bernoulli,5,completed
rep03,start_B,8,8,bfgs,bernoulli,bernoulli,59.96377298970923,False,True,-40.91090885310033,-70.89279534795494,bfgs,9,True,4.776767870140475e-11,True,0,bfgs,16,True,6.950458431020934e-10,False,2,bernoulli,-40.91090885310033,0.73772903853360827|0.93509548645772977|0.65502243491678169|-0.45523820027923617|-0.084271207296962414,a61f5bb3fe6802d5f5d05316818357a9fdffbe0355b559ad84f42e20a03f0c61,selected_candidate_loading,True,a61f5bb3fe6802d5f5d05316818357a9fdffbe0355b559ad84f42e20a03f0c61,bernoulli,5,completed
