run_code_sha,scientific_baseline_sha,reviewed_full_execution_main_sha,protocol_hash,fit_index,estimand,role,K_TRUE,replicate,K,start,data_seed,split_seed,model_seed,mask_design,mask_group_id,anchor_mask_hash,anchor_train_mask_hash,heldout_mean_log_score,internal_retry,warning_count,q_failure,nan_occurred,finite_state,real_full_fits_executed
ef85b4c921546129b8d4f7440f8a09a41aa652e5,68c78e1191889609dead05ea5a9fb11525ce92e2,ddc9b0b4c38da995fedf43ceef12f17dfb4db353,2d19c5fe6edadd0823925ed7dd051cb27837bccf51d5102e0bcee53271654eb9,1,A,primary,1,1,1,1,51101,42001,541011,S_C,r1,387bda3b61226f2e22e1ca9065e35213fccc999c0b4abfa89dcce5562c2093ce,2ed450a0e79277ccd6dda97bafa504854a564af0cb41a3cd02c7b0332341dbd5,-0.5379672597839914,0,0,False,False,True,336
ef85b4c921546129b8d4f7440f8a09a41aa652e5,68c78e1191889609dead05ea5a9fb11525ce92e2,ddc9b0b4c38da995fedf43ceef12f17dfb4db353,2d19c5fe6edadd0823925ed7dd051cb27837bccf51d5102e0bcee53271654eb9,2,A,primary,1,1,1,2,51101,42001,541012,S_C,r1,387bda3b61226f2e22e1ca9065e35213fccc999c0b4abfa89dcce5562c2093ce,2ed450a0e79277ccd6dda97bafa504854a564af0cb41a3cd02c7b0332341dbd5,-0.5241715233222446,0,0,False,False,True,336
ef85b4c921546129b8d4f7440f8a09a41aa652e5,68c78e1191889609dead05ea5a9fb11525ce92e2,ddc9b0b4c38da995fedf43ceef12f17dfb4db353,2d19c5fe6edadd0823925ed7dd051cb27837bccf51d5102e0bcee53271654eb9,3,A,primary,1,1,2,1,51101,42001,541021,S_C,r1,387bda3b61226f2e22e1ca9065e35213fccc999c0b4abfa89dcce5562c2093ce,2ed450a0e79277ccd6dda97bafa504854a564af0cb41a3cd02c7b0332341dbd5,-0.5695931026112778,0,0,False,False,True,336
ef85b4c921546129b8d4f7440f8a09a41aa652e5,68c78e1191889609dead05ea5a9fb11525ce92e2,ddc9b0b4c38da995fedf43ceef12f17dfb4db353,2d19c5fe6edadd0823925ed7dd051cb27837bccf51d5102e0bcee53271654eb9,4,A,primary,1,1,2,2,51101,42001,541022,S_C,r1,387bda3b61226f2e22e1ca9065e35213fccc999c0b4abfa89dcce5562c2093ce,2ed450a0e79277ccd6dda97bafa504854a564af0cb41a3cd02c7b0332341dbd5,-0.5755098950660117,0,0,False,False,True,336
ef85b4c921546129b8d4f7440f8a09a41aa652e5,68c78e1191889609dead05ea5a9fb11525ce92e2,ddc9b0b4c38da995fedf43ceef12f17dfb4db353,2d19c5fe6edadd0823925ed7dd051cb27837bccf51d5102e0bcee53271654eb9,5,A,primary,1,1,3,1,51101,42001,541031,S_C,r1,387bda3b61226f2e22e1ca9065e35213fccc999c0b4abfa89dcce5562c2093ce,2ed450a0e79277ccd6dda97bafa504854a564af0cb41a3cd02c7b0332341dbd5,-0.5964539211096014,0,0,False,False,True,336
ef85b4c921546129b8d4f7440f8a09a41aa652e5,68c78e1191889609dead05ea5a9fb11525ce92e2,ddc9b0b4c38da995fedf43ceef12f17dfb4db353,2d19c5fe6edadd0823925ed7dd051cb27837bccf51d5102e0bcee53271654eb9,6,A,primary,1,1,3,2,51101,42001,541032,S_C,r1,387bda3b61226f2e22e1ca9065e35213fccc999c0b4abfa89dcce5562c2093ce,2ed450a0e79277ccd6dda97bafa504854a564af0cb41a3cd02c7b0332341dbd5,-0.5784214604931504,0,0,False,False,True,336
ef85b4c921546129b8d4f7440f8a09a41aa652e5,68c78e1191889609dead05ea5a9fb11525ce92e2,ddc9b0b4c38da995fedf43ceef12f17dfb4db353,2d19c5fe6edadd0823925ed7dd051cb27837bccf51d5102e0bcee53271654eb9,7,A,primary,1,1,4,1,51101,42001,541041,S_C,r1,387bda3b61226f2e22e1ca9065e35213fccc999c0b4abfa89dcce5562c2093ce,2ed450a0e79277ccd6dda97bafa504854a564af0cb41a3cd02c7b0332341dbd5,-0.5938501593425585,0,0,False,False,True,336
ef85b4c921546129b8d4f7440f8a09a41aa652e5,68c78e1191889609dead05ea5a9fb11525ce92e2,ddc9b0b4c38da995fedf43ceef12f17dfb4db353,2d19c5fe6edadd0823925ed7dd051cb27837bccf51d5102e0bcee53271654eb9,8,A,primary,1,1,4,2,51101,42001,541042,S_C,r1,387bda3b61226f2e22e1ca9065e35213fccc999c0b4abfa89dcce5562c2093ce,2ed450a0e79277ccd6dda97bafa504854a564af0cb41a3cd02c7b0332341dbd5,-0.6038116249433224,0,0,False,False,True,336
ef85b4c921546129b8d4f7440f8a09a41aa652e5,68c78e1191889609dead05ea5a9fb11525ce92e2,ddc9b0b4c38da995fedf43ceef12f17dfb4db353,2d19c5fe6edadd0823925ed7dd051cb27837bccf51d5102e0bcee53271654eb9,9,A,primary,1,1,5,1,51101,42001,541051,S_C,r1,387bda3b61226f2e22e1ca9065e35213fccc999c0b4abfa89dcce5562c2093ce,2ed450a0e79277ccd6dda97bafa504854a564af0cb41a3cd02c7b0332341dbd5,-0.6060464631083319,0,0,False,False,True,336
ef85b4c921546129b8d4f7440f8a09a41aa652e5,68c78e1191889609dead05ea5a9fb11525ce92e2,ddc9b0b4c38da995fedf43ceef12f17dfb4db353,2d19c5fe6edadd0823925ed7dd051cb27837bccf51d5102e0bcee53271654eb9,10,A,primary,1,1,5,2,51101,42001,541052,S_C,r1,387bda3b61226f2e22e1ca9065e35213fccc999c0b4abfa89dcce5562c2093ce,2ed450a0e79277ccd6dda97bafa504854a564af0cb41a3cd02c7b0332341dbd5,-0.5965721513697669,0,0,False,False,True,336
ef85b4c921546129b8d4f7440f8a09a41aa652e5,68c78e1191889609dead05ea5a9fb11525ce92e2,ddc9b0b4c38da995fedf43ceef12f17dfb4db353,2d19c5fe6edadd0823925ed7dd051cb27837bccf51d5102e0bcee53271654eb9,11,A,primary,1,1,6,1,51101,42001,541061,S_C,r1,387bda3b61226f2e22e1ca9065e35213fccc999c0b4abfa89dcce5562c2093ce,2ed450a0e79277ccd6dda97bafa504854a564af0cb41a3cd02c7b0332341dbd5,-0.599662015969446,0,0,False,False,True,336
ef85b4c921546129b8d4f7440f8a09a41aa652e5,68c78e1191889609dead05ea5a9fb11525ce92e2,ddc9b0b4c38da995fedf43ceef12f17dfb4db353,2d19c5fe6edadd0823925ed7dd051cb27837bccf51d5102e0bcee53271654eb9,12,A,primary,1,1,6,2,51101,42001,541062,S_C,r1,387bda3b61226f2e22e1ca9065e35213fccc999c0b4abfa89dcce5562c2093ce,2ed450a0e79277ccd6dda97bafa504854a564af0cb41a3cd02c7b0332341dbd5,-0.6274073023678264,0,0,False,False,True,336
ef85b4c921546129b8d4f7440f8a09a41aa652e5,68c78e1191889609dead05ea5a9fb11525ce92e2,ddc9b0b4c38da995fedf43ceef12f17dfb4db353,2d19c5fe6edadd0823925ed7dd051cb27837bccf51d5102e0bcee53271654eb9,13,A,primary,1,1,7,1,51101,42001,541071,S_C,r1,387bda3b61226f2e22e1ca9065e35213fccc999c0b4abfa89dcce5562c2093ce,2ed450a0e79277ccd6dda97bafa504854a564af0cb41a3cd02c7b0332341dbd5,-0.6048181561194,0,0,False,False,True,336
ef85b4c921546129b8d4f7440f8a09a41aa652e5,68c78e1191889609dead05ea5a9fb11525ce92e2,ddc9b0b4c38da995fedf43ceef12f17dfb4db353,2d19c5fe6edadd0823925ed7dd051cb27837bccf51d5102e0bcee53271654eb9,14,A,primary,1,1,7,2,51101,42001,541072,S_C,r1,387bda3b61226f2e22e1ca9065e35213fccc999c0b4abfa89dcce5562c2093ce,2ed450a0e79277ccd6dda97bafa504854a564af0cb41a3cd02c7b0332341dbd5,-0.6409330025282367,0,0,False,False,True,336
ef85b4c921546129b8d4f7440f8a09a41aa652e5,68c78e1191889609dead05ea5a9fb11525ce92e2,ddc9b0b4c38da995fedf43ceef12f17dfb4db353,2d19c5fe6edadd0823925ed7dd051cb27837bccf51d5102e0bcee53271654eb9,15,A,primary,1,2,1,1,51102,42002,542011,S_C,r2,cb94a1861b00649eb0a7829154922ce5351407adcb7efa36b7f8d7aaf0b75578,ed37ddf1607a13084d9d4abcb81153324c0ad6022561dd00e240e14f4b85b96a,-0.4991602808649572,0,0,False,False,True,336
ef85b4c921546129b8d4f7440f8a09a41aa652e5,68c78e1191889609dead05ea5a9fb11525ce92e2,ddc9b0b4c38da995fedf43ceef12f17dfb4db353,2d19c5fe6edadd0823925ed7dd051cb27837bccf51d5102e0bcee53271654eb9,16,A,primary,1,2,1,2,51102,42002,542012,S_C,r2,cb94a1861b00649eb0a7829154922ce5351407adcb7efa36b7f8d7aaf0b75578,ed37ddf1607a13084d9d4abcb81153324c0ad6022561dd00e240e14f4b85b96a,-0.5121223257029016,0,0,False,False,True,336
ef85b4c921546129b8d4f7440f8a09a41aa652e5,68c78e1191889609dead05ea5a9fb11525ce92e2,ddc9b0b4c38da995fedf43ceef12f17dfb4db353,2d19c5fe6edadd0823925ed7dd051cb27837bccf51d5102e0bcee53271654eb9,17,A,primary,1,2,2,1,51102,42002,542021,S_C,r2,cb94a1861b00649eb0a7829154922ce5351407adcb7efa36b7f8d7aaf0b75578,ed37ddf1607a13084d9d4abcb81153324c0ad6022561dd00e240e14f4b85b96a,-0.537040548726451,0,0,False,False,True,336
ef85b4c921546129b8d4f7440f8a09a41aa652e5,68c78e1191889609dead05ea5a9fb11525ce92e2,ddc9b0b4c38da995fedf43ceef12f17dfb4db353,2d19c5fe6edadd0823925ed7dd051cb27837bccf51d5102e0bcee53271654eb9,18,A,primary,1,2,2,2,51102,42002,542022,S_C,r2,cb94a1861b00649eb0a7829154922ce5351407adcb7efa36b7f8d7aaf0b75578,ed37ddf1607a13084d9d4abcb81153324c0ad6022561dd00e240e14f4b85b96a,-0.5246087732768064,0,0,False,False,True,336
ef85b4c921546129b8d4f7440f8a09a41aa652e5,68c78e1191889609dead05ea5a9fb11525ce92e2,ddc9b0b4c38da995fedf43ceef12f17dfb4db353,2d19c5fe6edadd0823925ed7dd051cb27837bccf51d5102e0bcee53271654eb9,19,A,primary,1,2,3,1,51102,42002,542031,S_C,r2,cb94a1861b00649eb0a7829154922ce5351407adcb7efa36b7f8d7aaf0b75578,ed37ddf1607a13084d9d4abcb81153324c0ad6022561dd00e240e14f4b85b96a,-0.5590315869809729,0,0,False,False,True,336
ef85b4c921546129b8d4f7440f8a09a41aa652e5,68c78e1191889609dead05ea5a9fb11525ce92e2,ddc9b0b4c38da995fedf43ceef12f17dfb4db353,2d19c5fe6edadd0823925ed7dd051cb27837bccf51d5102e0bcee53271654eb9,20,A,primary,1,2,3,2,51102,42002,542032,S_C,r2,cb94a1861b00649eb0a7829154922ce5351407adcb7efa36b7f8d7aaf0b75578,ed37ddf1607a13084d9d4abcb81153324c0ad6022561dd00e240e14f4b85b96a,-0.5499459381649259,0,0,False,False,True,336
ef85b4c921546129b8d4f7440f8a09a41aa652e5,68c78e1191889609dead05ea5a9fb11525ce92e2,ddc9b0b4c38da995fedf43ceef12f17dfb4db353,2d19c5fe6edadd0823925ed7dd051cb27837bccf51d5102e0bcee53271654eb9,21,A,primary,1,2,4,1,51102,42002,542041,S_C,r2,cb94a1861b00649eb0a7829154922ce5351407adcb7efa36b7f8d7aaf0b75578,ed37ddf1607a13084d9d4abcb81153324c0ad6022561dd00e240e14f4b85b96a,-0.5582541153782129,0,0,False,False,True,336
ef85b4c921546129b8d4f7440f8a09a41aa652e5,68c78e1191889609dead05ea5a9fb11525ce92e2,ddc9b0b4c38da995fedf43ceef12f17dfb4db353,2d19c5fe6edadd0823925ed7dd051cb27837bccf51d5102e0bcee53271654eb9,22,A,primary,1,2,4,2,51102,42002,542042,S_C,r2,cb94a1861b00649eb0a7829154922ce5351407adcb7efa36b7f8d7aaf0b75578,ed37ddf1607a13084d9d4abcb81153324c0ad6022561dd00e240e14f4b85b96a,-0.5935204464741439,0,0,False,False,True,336
ef85b4c921546129b8d4f7440f8a09a41aa652e5,68c78e1191889609dead05ea5a9fb11525ce92e2,ddc9b0b4c38da995fedf43ceef12f17dfb4db353,2d19c5fe6edadd0823925ed7dd051cb27837bccf51d5102e0bcee53271654eb9,23,A,primary,1,2,5,1,51102,42002,542051,S_C,r2,cb94a1861b00649eb0a7829154922ce5351407adcb7efa36b7f8d7aaf0b75578,ed37ddf1607a13084d9d4abcb81153324c0ad6022561dd00e240e14f4b85b96a,-0.6308440826373358,0,0,False,False,True,336
ef85b4c921546129b8d4f7440f8a09a41aa652e5,68c78e1191889609dead05ea5a9fb11525ce92e2,ddc9b0b4c38da995fedf43ceef12f17dfb4db353,2d19c5fe6edadd0823925ed7dd051cb27837bccf51d5102e0bcee53271654eb9,24,A,primary,1,2,5,2,51102,42002,542052,S_C,r2,cb94a1861b00649eb0a7829154922ce5351407adcb7efa36b7f8d7aaf0b75578,ed37ddf1607a13084d9d4abcb81153324c0ad6022561dd00e240e14f4b85b96a,-0.5846125406812182,0,0,False,False,True,336
ef85b4c921546129b8d4f7440f8a09a41aa652e5,68c78e1191889609dead05ea5a9fb11525ce92e2,ddc9b0b4c38da995fedf43ceef12f17dfb4db353,2d19c5fe6edadd0823925ed7dd051cb27837bccf51d5102e0bcee53271654eb9,25,A,primary,1,2,6,1,51102,42002,542061,S_C,r2,cb94a1861b00649eb0a7829154922ce5351407adcb7efa36b7f8d7aaf0b75578,ed37ddf1607a13084d9d4abcb81153324c0ad6022561dd00e240e14f4b85b96a,-0.5754677348201445,0,0,False,False,True,336
ef85b4c921546129b8d4f7440f8a09a41aa652e5,68c78e1191889609dead05ea5a9fb11525ce92e2,ddc9b0b4c38da995fedf43ceef12f17dfb4db353,2d19c5fe6edadd0823925ed7dd051cb27837bccf51d5102e0bcee53271654eb9,26,A,primary,1,2,6,2,51102,42002,542062,S_C,r2,cb94a1861b00649eb0a7829154922ce5351407adcb7efa36b7f8d7aaf0b75578,ed37ddf1607a13084d9d4abcb81153324c0ad6022561dd00e240e14f4b85b96a,-0.5895141045430379,0,0,False,False,True,336
ef85b4c921546129b8d4f7440f8a09a41aa652e5,68c78e1191889609dead05ea5a9fb11525ce92e2,ddc9b0b4c38da995fedf43ceef12f17dfb4db353,2d19c5fe6edadd0823925ed7dd051cb27837bccf51d5102e0bcee53271654eb9,27,A,primary,1,2,7,1,51102,42002,542071,S_C,r2,cb94a1861b00649eb0a7829154922ce5351407adcb7efa36b7f8d7aaf0b75578,ed37ddf1607a13084d9d4abcb81153324c0ad6022561dd00e240e14f4b85b96a,-0.6493561154407369,0,0,False,False,True,336
ef85b4c921546129b8d4f7440f8a09a41aa652e5,68c78e1191889609dead05ea5a9fb11525ce92e2,ddc9b0b4c38da995fedf43ceef12f17dfb4db353,2d19c5fe6edadd0823925ed7dd051cb27837bccf51d5102e0bcee53271654eb9,28,A,primary,1,2,7,2,51102,42002,542072,S_C,r2,cb94a1861b00649eb0a7829154922ce5351407adcb7efa36b7f8d7aaf0b75578,ed37ddf1607a13084d9d4abcb81153324c0ad6022561dd00e240e14f4b85b96a,-0.5877552227785566,0,0,False,False,True,336
ef85b4c921546129b8d4f7440f8a09a41aa652e5,68c78e1191889609dead05ea5a9fb11525ce92e2,ddc9b0b4c38da995fedf43ceef12f17dfb4db353,2d19c5fe6edadd0823925ed7dd051cb27837bccf51d5102e0bcee53271654eb9,29,A,primary,1,3,1,1,51103,42003,543011,S_C,r3,3e56e119afbb8aabbd44551af3351ee6a55c0b96c7d9e6aac153faecff6a9110,dd38a6dc0c729eb26b133f73a06b99d12c5088e5248da46847456f733bcb326f,-0.5136829263025058,0,0,False,False,True,336
ef85b4c921546129b8d4f7440f8a09a41aa652e5,68c78e1191889609dead05ea5a9fb11525ce92e2,ddc9b0b4c38da995fedf43ceef12f17dfb4db353,2d19c5fe6edadd0823925ed7dd051cb27837bccf51d5102e0bcee53271654eb9,30,A,primary,1,3,1,2,51103,42003,543012,S_C,r3,3e56e119afbb8aabbd44551af3351ee6a55c0b96c7d9e6aac153faecff6a9110,dd38a6dc0c729eb26b133f73a06b99d12c5088e5248da46847456f733bcb326f,-0.5247661775601962,0,0,False,False,True,336
ef85b4c921546129b8d4f7440f8a09a41aa652e5,68c78e1191889609dead05ea5a9fb11525ce92e2,ddc9b0b4c38da995fedf43ceef12f17dfb4db353,2d19c5fe6edadd0823925ed7dd051cb27837bccf51d5102e0bcee53271654eb9,31,A,primary,1,3,2,1,51103,42003,543021,S_C,r3,3e56e119afbb8aabbd44551af3351ee6a55c0b96c7d9e6aac153faecff6a9110,dd38a6dc0c729eb26b133f73a06b99d12c5088e5248da46847456f733bcb326f,-0.5769308807667977,0,0,False,False,True,336
ef85b4c921546129b8d4f7440f8a09a41aa652e5,68c78e1191889609dead05ea5a9fb11525ce92e2,ddc9b0b4c38da995fedf43ceef12f17dfb4db353,2d19c5fe6edadd0823925ed7dd051cb27837bccf51d5102e0bcee53271654eb9,32,A,primary,1,3,2,2,51103,42003,543022,S_C,r3,3e56e119afbb8aabbd44551af3351ee6a55c0b96c7d9e6aac153faecff6a9110,dd38a6dc0c729eb26b133f73a06b99d12c5088e5248da46847456f733bcb326f,-0.5464152996923702,0,0,False,False,True,336
ef85b4c921546129b8d4f7440f8a09a41aa652e5,68c78e1191889609dead05ea5a9fb11525ce92e2,ddc9b0b4c38da995fedf43ceef12f17dfb4db353,2d19c5fe6edadd0823925ed7dd051cb27837bccf51d5102e0bcee53271654eb9,33,A,primary,1,3,3,1,51103,42003,543031,S_C,r3,3e56e119afbb8aabbd44551af3351ee6a55c0b96c7d9e6aac153faecff6a9110,dd38a6dc0c729eb26b133f73a06b99d12c5088e5248da46847456f733bcb326f,-0.5625019876414583,0,0,False,False,True,336
ef85b4c921546129b8d4f7440f8a09a41aa652e5,68c78e1191889609dead05ea5a9fb11525ce92e2,ddc9b0b4c38da995fedf43ceef12f17dfb4db353,2d19c5fe6edadd0823925ed7dd051cb27837bccf51d5102e0bcee53271654eb9,34,A,primary,1,3,3,2,51103,42003,543032,S_C,r3,3e56e119afbb8aabbd44551af3351ee6a55c0b96c7d9e6aac153faecff6a9110,dd38a6dc0c729eb26b133f73a06b99d12c5088e5248da46847456f733bcb326f,-0.5918683975953043,0,0,False,False,True,336
ef85b4c921546129b8d4f7440f8a09a41aa652e5,68c78e1191889609dead05ea5a9fb11525ce92e2,ddc9b0b4c38da995fedf43ceef12f17dfb4db353,2d19c5fe6edadd0823925ed7dd051cb27837bccf51d5102e0bcee53271654eb9,35,A,primary,1,3,4,1,51103,42003,543041,S_C,r3,3e56e119afbb8aabbd44551af3351ee6a55c0b96c7d9e6aac153faecff6a9110,dd38a6dc0c729eb26b133f73a06b99d12c5088e5248da46847456f733bcb326f,-0.5792158600627995,0,0,False,False,True,336
ef85b4c921546129b8d4f7440f8a09a41aa652e5,68c78e1191889609dead05ea5a9fb11525ce92e2,ddc9b0b4c38da995fedf43ceef12f17dfb4db353,2d19c5fe6edadd0823925ed7dd051cb27837bccf51d5102e0bcee53271654eb9,36,A,primary,1,3,4,2,51103,42003,543042,S_C,r3,3e56e119afbb8aabbd44551af3351ee6a55c0b96c7d9e6aac153faecff6a9110,dd38a6dc0c729eb26b133f73a06b99d12c5088e5248da46847456f733bcb326f,-0.567960908199435,0,0,False,False,True,336
ef85b4c921546129b8d4f7440f8a09a41aa652e5,68c78e1191889609dead05ea5a9fb11525ce92e2,ddc9b0b4c38da995fedf43ceef12f17dfb4db353,2d19c5fe6edadd0823925ed7dd051cb27837bccf51d5102e0bcee53271654eb9,37,A,primary,1,3,5,1,51103,42003,543051,S_C,r3,3e56e119afbb8aabbd44551af3351ee6a55c0b96c7d9e6aac153faecff6a9110,dd38a6dc0c729eb26b133f73a06b99d12c5088e5248da46847456f733bcb326f,-0.6060654703038686,0,0,False,False,True,336
ef85b4c921546129b8d4f7440f8a09a41aa652e5,68c78e1191889609dead05ea5a9fb11525ce92e2,ddc9b0b4c38da995fedf43ceef12f17dfb4db353,2d19c5fe6edadd0823925ed7dd051cb27837bccf51d5102e0bcee53271654eb9,38,A,primary,1,3,5,2,51103,42003,543052,S_C,r3,3e56e119afbb8aabbd44551af3351ee6a55c0b96c7d9e6aac153faecff6a9110,dd38a6dc0c729eb26b133f73a06b99d12c5088e5248da46847456f733bcb326f,-0.5825975390257142,0,0,False,False,True,336
ef85b4c921546129b8d4f7440f8a09a41aa652e5,68c78e1191889609dead05ea5a9fb11525ce92e2,ddc9b0b4c38da995fedf43ceef12f17dfb4db353,2d19c5fe6edadd0823925ed7dd051cb27837bccf51d5102e0bcee53271654eb9,39,A,primary,1,3,6,1,51103,42003,543061,S_C,r3,3e56e119afbb8aabbd44551af3351ee6a55c0b96c7d9e6aac153faecff6a9110,dd38a6dc0c729eb26b133f73a06b99d12c5088e5248da46847456f733bcb326f,-0.6067571301452042,0,0,False,False,True,336
ef85b4c921546129b8d4f7440f8a09a41aa652e5,68c78e1191889609dead05ea5a9fb11525ce92e2,ddc9b0b4c38da995fedf43ceef12f17dfb4db353,2d19c5fe6edadd0823925ed7dd051cb27837bccf51d5102e0bcee53271654eb9,40,A,primary,1,3,6,2,51103,42003,543062,S_C,r3,3e56e119afbb8aabbd44551af3351ee6a55c0b96c7d9e6aac153faecff6a9110,dd38a6dc0c729eb26b133f73a06b99d12c5088e5248da46847456f733bcb326f,-0.590099112925871,0,0,False,False,True,336
ef85b4c921546129b8d4f7440f8a09a41aa652e5,68c78e1191889609dead05ea5a9fb11525ce92e2,ddc9b0b4c38da995fedf43ceef12f17dfb4db353,2d19c5fe6edadd0823925ed7dd051cb27837bccf51d5102e0bcee53271654eb9,41,A,primary,1,3,7,1,51103,42003,543071,S_C,r3,3e56e119afbb8aabbd44551af3351ee6a55c0b96c7d9e6aac153faecff6a9110,dd38a6dc0c729eb26b133f73a06b99d12c5088e5248da46847456f733bcb326f,-0.6152069432758073,0,0,False,False,True,336
ef85b4c921546129b8d4f7440f8a09a41aa652e5,68c78e1191889609dead05ea5a9fb11525ce92e2,ddc9b0b4c38da995fedf43ceef12f17dfb4db353,2d19c5fe6edadd0823925ed7dd051cb27837bccf51d5102e0bcee53271654eb9,42,A,primary,1,3,7,2,51103,42003,543072,S_C,r3,3e56e119afbb8aabbd44551af3351ee6a55c0b96c7d9e6aac153faecff6a9110,dd38a6dc0c729eb26b133f73a06b99d12c5088e5248da46847456f733bcb326f,-0.6171042290150472,0,0,False,False,True,336
ef85b4c921546129b8d4f7440f8a09a41aa652e5,68c78e1191889609dead05ea5a9fb11525ce92e2,ddc9b0b4c38da995fedf43ceef12f17dfb4db353,2d19c5fe6edadd0823925ed7dd051cb27837bccf51d5102e0bcee53271654eb9,43,A,primary,2,1,1,1,51201,42001,551011,S_C,r1,387bda3b61226f2e22e1ca9065e35213fccc999c0b4abfa89dcce5562c2093ce,2ed450a0e79277ccd6dda97bafa504854a564af0cb41a3cd02c7b0332341dbd5,-0.594451488670207,0,0,False,False,True,336
ef85b4c921546129b8d4f7440f8a09a41aa652e5,68c78e1191889609dead05ea5a9fb11525ce92e2,ddc9b0b4c38da995fedf43ceef12f17dfb4db353,2d19c5fe6edadd0823925ed7dd051cb27837bccf51d5102e0bcee53271654eb9,44,A,primary,2,1,1,2,51201,42001,551012,S_C,r1,387bda3b61226f2e22e1ca9065e35213fccc999c0b4abfa89dcce5562c2093ce,2ed450a0e79277ccd6dda97bafa504854a564af0cb41a3cd02c7b0332341dbd5,-0.5810384427958813,0,0,False,False,True,336
ef85b4c921546129b8d4f7440f8a09a41aa652e5,68c78e1191889609dead05ea5a9fb11525ce92e2,ddc9b0b4c38da995fedf43ceef12f17dfb4db353,2d19c5fe6edadd0823925ed7dd051cb27837bccf51d5102e0bcee53271654eb9,45,A,primary,2,1,2,1,51201,42001,551021,S_C,r1,387bda3b61226f2e22e1ca9065e35213fccc999c0b4abfa89dcce5562c2093ce,2ed450a0e79277ccd6dda97bafa504854a564af0cb41a3cd02c7b0332341dbd5,-0.49879264334727696,0,0,False,False,True,336
ef85b4c921546129b8d4f7440f8a09a41aa652e5,68c78e1191889609dead05ea5a9fb11525ce92e2,ddc9b0b4c38da995fedf43ceef12f17dfb4db353,2d19c5fe6edadd0823925ed7dd051cb27837bccf51d5102e0bcee53271654eb9,46,A,primary,2,1,2,2,51201,42001,551022,S_C,r1,387bda3b61226f2e22e1ca9065e35213fccc999c0b4abfa89dcce5562c2093ce,2ed450a0e79277ccd6dda97bafa504854a564af0cb41a3cd02c7b0332341dbd5,-0.4784528813581338,0,0,False,False,True,336
ef85b4c921546129b8d4f7440f8a09a41aa652e5,68c78e1191889609dead05ea5a9fb11525ce92e2,ddc9b0b4c38da995fedf43ceef12f17dfb4db353,2d19c5fe6edadd0823925ed7dd051cb27837bccf51d5102e0bcee53271654eb9,47,A,primary,2,1,3,1,51201,42001,551031,S_C,r1,387bda3b61226f2e22e1ca9065e35213fccc999c0b4abfa89dcce5562c2093ce,2ed450a0e79277ccd6dda97bafa504854a564af0cb41a3cd02c7b0332341dbd5,-0.5181171182297091,0,0,False,False,True,336
ef85b4c921546129b8d4f7440f8a09a41aa652e5,68c78e1191889609dead05ea5a9fb11525ce92e2,ddc9b0b4c38da995fedf43ceef12f17dfb4db353,2d19c5fe6edadd0823925ed7dd051cb27837bccf51d5102e0bcee53271654eb9,48,A,primary,2,1,3,2,51201,42001,551032,S_C,r1,387bda3b61226f2e22e1ca9065e35213fccc999c0b4abfa89dcce5562c2093ce,2ed450a0e79277ccd6dda97bafa504854a564af0cb41a3cd02c7b0332341dbd5,-0.5170605679200997,0,0,False,False,True,336
ef85b4c921546129b8d4f7440f8a09a41aa652e5,68c78e1191889609dead05ea5a9fb11525ce92e2,ddc9b0b4c38da995fedf43ceef12f17dfb4db353,2d19c5fe6edadd0823925ed7dd051cb27837bccf51d5102e0bcee53271654eb9,49,A,primary,2,1,4,1,51201,42001,551041,S_C,r1,387bda3b61226f2e22e1ca9065e35213fccc999c0b4abfa89dcce5562c2093ce,2ed450a0e79277ccd6dda97bafa504854a564af0cb41a3cd02c7b0332341dbd5,-0.5444205409992039,0,0,False,False,True,336
ef85b4c921546129b8d4f7440f8a09a41aa652e5,68c78e1191889609dead05ea5a9fb11525ce92e2,ddc9b0b4c38da995fedf43ceef12f17dfb4db353,2d19c5fe6edadd0823925ed7dd051cb27837bccf51d5102e0bcee53271654eb9,50,A,primary,2,1,4,2,51201,42001,551042,S_C,r1,387bda3b61226f2e22e1ca9065e35213fccc999c0b4abfa89dcce5562c2093ce,2ed450a0e79277ccd6dda97bafa504854a564af0cb41a3cd02c7b0332341dbd5,-0.5482069636659779,0,0,False,False,True,336
ef85b4c921546129b8d4f7440f8a09a41aa652e5,68c78e1191889609dead05ea5a9fb11525ce92e2,ddc9b0b4c38da995fedf43ceef12f17dfb4db353,2d19c5fe6edadd0823925ed7dd051cb27837bccf51d5102e0bcee53271654eb9,51,A,primary,2,1,5,1,51201,42001,551051,S_C,r1,387bda3b61226f2e22e1ca9065e35213fccc999c0b4abfa89dcce5562c2093ce,2ed450a0e79277ccd6dda97bafa504854a564af0cb41a3cd02c7b0332341dbd5,-0.5951414701611327,0,0,False,False,True,336
ef85b4c921546129b8d4f7440f8a09a41aa652e5,68c78e1191889609dead05ea5a9fb11525ce92e2,ddc9b0b4c38da995fedf43ceef12f17dfb4db353,2d19c5fe6edadd0823925ed7dd051cb27837bccf51d5102e0bcee53271654eb9,52,A,primary,2,1,5,2,51201,42001,551052,S_C,r1,387bda3b61226f2e22e1ca9065e35213fccc999c0b4abfa89dcce5562c2093ce,2ed450a0e79277ccd6dda97bafa504854a564af0cb41a3cd02c7b0332341dbd5,-0.6204415710321656,0,0,False,False,True,336
ef85b4c921546129b8d4f7440f8a09a41aa652e5,68c78e1191889609dead05ea5a9fb11525ce92e2,ddc9b0b4c38da995fedf43ceef12f17dfb4db353,2d19c5fe6edadd0823925ed7dd051cb27837bccf51d5102e0bcee53271654eb9,53,A,primary,2,1,6,1,51201,42001,551061,S_C,r1,387bda3b61226f2e22e1ca9065e35213fccc999c0b4abfa89dcce5562c2093ce,2ed450a0e79277ccd6dda97bafa504854a564af0cb41a3cd02c7b0332341dbd5,-0.6158576683844159,0,0,False,False,True,336
ef85b4c921546129b8d4f7440f8a09a41aa652e5,68c78e1191889609dead05ea5a9fb11525ce92e2,ddc9b0b4c38da995fedf43ceef12f17dfb4db353,2d19c5fe6edadd0823925ed7dd051cb27837bccf51d5102e0bcee53271654eb9,54,A,primary,2,1,6,2,51201,42001,551062,S_C,r1,387bda3b61226f2e22e1ca9065e35213fccc999c0b4abfa89dcce5562c2093ce,2ed450a0e79277ccd6dda97bafa504854a564af0cb41a3cd02c7b0332341dbd5,-0.612926521064494,0,0,False,False,True,336
ef85b4c921546129b8d4f7440f8a09a41aa652e5,68c78e1191889609dead05ea5a9fb11525ce92e2,ddc9b0b4c38da995fedf43ceef12f17dfb4db353,2d19c5fe6edadd0823925ed7dd051cb27837bccf51d5102e0bcee53271654eb9,55,A,primary,2,1,7,1,51201,42001,551071,S_C,r1,387bda3b61226f2e22e1ca9065e35213fccc999c0b4abfa89dcce5562c2093ce,2ed450a0e79277ccd6dda97bafa504854a564af0cb41a3cd02c7b0332341dbd5,-0.6043863353201668,0,0,False,False,True,336
ef85b4c921546129b8d4f7440f8a09a41aa652e5,68c78e1191889609dead05ea5a9fb11525ce92e2,ddc9b0b4c38da995fedf43ceef12f17dfb4db353,2d19c5fe6edadd0823925ed7dd051cb27837bccf51d5102e0bcee53271654eb9,56,A,primary,2,1,7,2,51201,42001,551072,S_C,r1,387bda3b61226f2e22e1ca9065e35213fccc999c0b4abfa89dcce5562c2093ce,2ed450a0e79277ccd6dda97bafa504854a564af0cb41a3cd02c7b0332341dbd5,-0.5988123420209569,0,0,False,False,True,336
ef85b4c921546129b8d4f7440f8a09a41aa652e5,68c78e1191889609dead05ea5a9fb11525ce92e2,ddc9b0b4c38da995fedf43ceef12f17dfb4db353,2d19c5fe6edadd0823925ed7dd051cb27837bccf51d5102e0bcee53271654eb9,57,A,primary,2,2,1,1,51202,42002,552011,S_C,r2,cb94a1861b00649eb0a7829154922ce5351407adcb7efa36b7f8d7aaf0b75578,ed37ddf1607a13084d9d4abcb81153324c0ad6022561dd00e240e14f4b85b96a,-0.5565840028493152,0,0,False,False,True,336
ef85b4c921546129b8d4f7440f8a09a41aa652e5,68c78e1191889609dead05ea5a9fb11525ce92e2,ddc9b0b4c38da995fedf43ceef12f17dfb4db353,2d19c5fe6edadd0823925ed7dd051cb27837bccf51d5102e0bcee53271654eb9,58,A,primary,2,2,1,2,51202,42002,552012,S_C,r2,cb94a1861b00649eb0a7829154922ce5351407adcb7efa36b7f8d7aaf0b75578,ed37ddf1607a13084d9d4abcb81153324c0ad6022561dd00e240e14f4b85b96a,-0.5662297614097493,0,0,False,False,True,336
ef85b4c921546129b8d4f7440f8a09a41aa652e5,68c78e1191889609dead05ea5a9fb11525ce92e2,ddc9b0b4c38da995fedf43ceef12f17dfb4db353,2d19c5fe6edadd0823925ed7dd051cb27837bccf51d5102e0bcee53271654eb9,59,A,primary,2,2,2,1,51202,42002,552021,S_C,r2,cb94a1861b00649eb0a7829154922ce5351407adcb7efa36b7f8d7aaf0b75578,ed37ddf1607a13084d9d4abcb81153324c0ad6022561dd00e240e14f4b85b96a,-0.46688625998096034,0,0,False,False,True,336
ef85b4c921546129b8d4f7440f8a09a41aa652e5,68c78e1191889609dead05ea5a9fb11525ce92e2,ddc9b0b4c38da995fedf43ceef12f17dfb4db353,2d19c5fe6edadd0823925ed7dd051cb27837bccf51d5102e0bcee53271654eb9,60,A,primary,2,2,2,2,51202,42002,552022,S_C,r2,cb94a1861b00649eb0a7829154922ce5351407adcb7efa36b7f8d7aaf0b75578,ed37ddf1607a13084d9d4abcb81153324c0ad6022561dd00e240e14f4b85b96a,-0.4593076109517004,0,0,False,False,True,336
ef85b4c921546129b8d4f7440f8a09a41aa652e5,68c78e1191889609dead05ea5a9fb11525ce92e2,ddc9b0b4c38da995fedf43ceef12f17dfb4db353,2d19c5fe6edadd0823925ed7dd051cb27837bccf51d5102e0bcee53271654eb9,61,A,primary,2,2,3,1,51202,42002,552031,S_C,r2,cb94a1861b00649eb0a7829154922ce5351407adcb7efa36b7f8d7aaf0b75578,ed37ddf1607a13084d9d4abcb81153324c0ad6022561dd00e240e14f4b85b96a,-0.4413434150101841,0,0,False,False,True,336
ef85b4c921546129b8d4f7440f8a09a41aa652e5,68c78e1191889609dead05ea5a9fb11525ce92e2,ddc9b0b4c38da995fedf43ceef12f17dfb4db353,2d19c5fe6edadd0823925ed7dd051cb27837bccf51d5102e0bcee53271654eb9,62,A,primary,2,2,3,2,51202,42002,552032,S_C,r2,cb94a1861b00649eb0a7829154922ce5351407adcb7efa36b7f8d7aaf0b75578,ed37ddf1607a13084d9d4abcb81153324c0ad6022561dd00e240e14f4b85b96a,-0.46292316299706926,0,0,False,False,True,336
ef85b4c921546129b8d4f7440f8a09a41aa652e5,68c78e1191889609dead05ea5a9fb11525ce92e2,ddc9b0b4c38da995fedf43ceef12f17dfb4db353,2d19c5fe6edadd0823925ed7dd051cb27837bccf51d5102e0bcee53271654eb9,63,A,primary,2,2,4,1,51202,42002,552041,S_C,r2,cb94a1861b00649eb0a7829154922ce5351407adcb7efa36b7f8d7aaf0b75578,ed37ddf1607a13084d9d4abcb81153324c0ad6022561dd00e240e14f4b85b96a,-0.4930393678269934,0,0,False,False,True,336
ef85b4c921546129b8d4f7440f8a09a41aa652e5,68c78e1191889609dead05ea5a9fb11525ce92e2,ddc9b0b4c38da995fedf43ceef12f17dfb4db353,2d19c5fe6edadd0823925ed7dd051cb27837bccf51d5102e0bcee53271654eb9,64,A,primary,2,2,4,2,51202,42002,552042,S_C,r2,cb94a1861b00649eb0a7829154922ce5351407adcb7efa36b7f8d7aaf0b75578,ed37ddf1607a13084d9d4abcb81153324c0ad6022561dd00e240e14f4b85b96a,-0.509983694089293,0,0,False,False,True,336
ef85b4c921546129b8d4f7440f8a09a41aa652e5,68c78e1191889609dead05ea5a9fb11525ce92e2,ddc9b0b4c38da995fedf43ceef12f17dfb4db353,2d19c5fe6edadd0823925ed7dd051cb27837bccf51d5102e0bcee53271654eb9,65,A,primary,2,2,5,1,51202,42002,552051,S_C,r2,cb94a1861b00649eb0a7829154922ce5351407adcb7efa36b7f8d7aaf0b75578,ed37ddf1607a13084d9d4abcb81153324c0ad6022561dd00e240e14f4b85b96a,-0.4769579759897727,0,0,False,False,True,336
ef85b4c921546129b8d4f7440f8a09a41aa652e5,68c78e1191889609dead05ea5a9fb11525ce92e2,ddc9b0b4c38da995fedf43ceef12f17dfb4db353,2d19c5fe6edadd0823925ed7dd051cb27837bccf51d5102e0bcee53271654eb9,66,A,primary,2,2,5,2,51202,42002,552052,S_C,r2,cb94a1861b00649eb0a7829154922ce5351407adcb7efa36b7f8d7aaf0b75578,ed37ddf1607a13084d9d4abcb81153324c0ad6022561dd00e240e14f4b85b96a,-0.5018594393651405,0,0,False,False,True,336
ef85b4c921546129b8d4f7440f8a09a41aa652e5,68c78e1191889609dead05ea5a9fb11525ce92e2,ddc9b0b4c38da995fedf43ceef12f17dfb4db353,2d19c5fe6edadd0823925ed7dd051cb27837bccf51d5102e0bcee53271654eb9,67,A,primary,2,2,6,1,51202,42002,552061,S_C,r2,cb94a1861b00649eb0a7829154922ce5351407adcb7efa36b7f8d7aaf0b75578,ed37ddf1607a13084d9d4abcb81153324c0ad6022561dd00e240e14f4b85b96a,-0.5352308478360273,0,0,False,False,True,336
ef85b4c921546129b8d4f7440f8a09a41aa652e5,68c78e1191889609dead05ea5a9fb11525ce92e2,ddc9b0b4c38da995fedf43ceef12f17dfb4db353,2d19c5fe6edadd0823925ed7dd051cb27837bccf51d5102e0bcee53271654eb9,68,A,primary,2,2,6,2,51202,42002,552062,S_C,r2,cb94a1861b00649eb0a7829154922ce5351407adcb7efa36b7f8d7aaf0b75578,ed37ddf1607a13084d9d4abcb81153324c0ad6022561dd00e240e14f4b85b96a,-0.5171381231184231,0,0,False,False,True,336
ef85b4c921546129b8d4f7440f8a09a41aa652e5,68c78e1191889609dead05ea5a9fb11525ce92e2,ddc9b0b4c38da995fedf43ceef12f17dfb4db353,2d19c5fe6edadd0823925ed7dd051cb27837bccf51d5102e0bcee53271654eb9,69,A,primary,2,2,7,1,51202,42002,552071,S_C,r2,cb94a1861b00649eb0a7829154922ce5351407adcb7efa36b7f8d7aaf0b75578,ed37ddf1607a13084d9d4abcb81153324c0ad6022561dd00e240e14f4b85b96a,-0.488482943841335,0,0,False,False,True,336
ef85b4c921546129b8d4f7440f8a09a41aa652e5,68c78e1191889609dead05ea5a9fb11525ce92e2,ddc9b0b4c38da995fedf43ceef12f17dfb4db353,2d19c5fe6edadd0823925ed7dd051cb27837bccf51d5102e0bcee53271654eb9,70,A,primary,2,2,7,2,51202,42002,552072,S_C,r2,cb94a1861b00649eb0a7829154922ce5351407adcb7efa36b7f8d7aaf0b75578,ed37ddf1607a13084d9d4abcb81153324c0ad6022561dd00e240e14f4b85b96a,-0.5928584629009996,0,0,False,False,True,336
ef85b4c921546129b8d4f7440f8a09a41aa652e5,68c78e1191889609dead05ea5a9fb11525ce92e2,ddc9b0b4c38da995fedf43ceef12f17dfb4db353,2d19c5fe6edadd0823925ed7dd051cb27837bccf51d5102e0bcee53271654eb9,71,A,primary,2,3,1,1,51203,42003,553011,S_C,r3,3e56e119afbb8aabbd44551af3351ee6a55c0b96c7d9e6aac153faecff6a9110,dd38a6dc0c729eb26b133f73a06b99d12c5088e5248da46847456f733bcb326f,-0.5628710491355906,0,0,False,False,True,336
ef85b4c921546129b8d4f7440f8a09a41aa652e5,68c78e1191889609dead05ea5a9fb11525ce92e2,ddc9b0b4c38da995fedf43ceef12f17dfb4db353,2d19c5fe6edadd0823925ed7dd051cb27837bccf51d5102e0bcee53271654eb9,72,A,primary,2,3,1,2,51203,42003,553012,S_C,r3,3e56e119afbb8aabbd44551af3351ee6a55c0b96c7d9e6aac153faecff6a9110,dd38a6dc0c729eb26b133f73a06b99d12c5088e5248da46847456f733bcb326f,-0.5533954639267683,0,0,False,False,True,336
ef85b4c921546129b8d4f7440f8a09a41aa652e5,68c78e1191889609dead05ea5a9fb11525ce92e2,ddc9b0b4c38da995fedf43ceef12f17dfb4db353,2d19c5fe6edadd0823925ed7dd051cb27837bccf51d5102e0bcee53271654eb9,73,A,primary,2,3,2,1,51203,42003,553021,S_C,r3,3e56e119afbb8aabbd44551af3351ee6a55c0b96c7d9e6aac153faecff6a9110,dd38a6dc0c729eb26b133f73a06b99d12c5088e5248da46847456f733bcb326f,-0.4890057739598422,0,0,False,False,True,336
ef85b4c921546129b8d4f7440f8a09a41aa652e5,68c78e1191889609dead05ea5a9fb11525ce92e2,ddc9b0b4c38da995fedf43ceef12f17dfb4db353,2d19c5fe6edadd0823925ed7dd051cb27837bccf51d5102e0bcee53271654eb9,74,A,primary,2,3,2,2,51203,42003,553022,S_C,r3,3e56e119afbb8aabbd44551af3351ee6a55c0b96c7d9e6aac153faecff6a9110,dd38a6dc0c729eb26b133f73a06b99d12c5088e5248da46847456f733bcb326f,-0.5051367502002757,0,0,False,False,True,336
ef85b4c921546129b8d4f7440f8a09a41aa652e5,68c78e1191889609dead05ea5a9fb11525ce92e2,ddc9b0b4c38da995fedf43ceef12f17dfb4db353,2d19c5fe6edadd0823925ed7dd051cb27837bccf51d5102e0bcee53271654eb9,75,A,primary,2,3,3,1,51203,42003,553031,S_C,r3,3e56e119afbb8aabbd44551af3351ee6a55c0b96c7d9e6aac153faecff6a9110,dd38a6dc0c729eb26b133f73a06b99d12c5088e5248da46847456f733bcb326f,-0.5483435972331847,0,0,False,False,True,336
ef85b4c921546129b8d4f7440f8a09a41aa652e5,68c78e1191889609dead05ea5a9fb11525ce92e2,ddc9b0b4c38da995fedf43ceef12f17dfb4db353,2d19c5fe6edadd0823925ed7dd051cb27837bccf51d5102e0bcee53271654eb9,76,A,primary,2,3,3,2,51203,42003,553032,S_C,r3,3e56e119afbb8aabbd44551af3351ee6a55c0b96c7d9e6aac153faecff6a9110,dd38a6dc0c729eb26b133f73a06b99d12c5088e5248da46847456f733bcb326f,-0.548610236296847,0,0,False,False,True,336
ef85b4c921546129b8d4f7440f8a09a41aa652e5,68c78e1191889609dead05ea5a9fb11525ce92e2,ddc9b0b4c38da995fedf43ceef12f17dfb4db353,2d19c5fe6edadd0823925ed7dd051cb27837bccf51d5102e0bcee53271654eb9,77,A,primary,2,3,4,1,51203,42003,553041,S_C,r3,3e56e119afbb8aabbd44551af3351ee6a55c0b96c7d9e6aac153faecff6a9110,dd38a6dc0c729eb26b133f73a06b99d12c5088e5248da46847456f733bcb326f,-0.561548758744413,0,0,False,False,True,336
ef85b4c921546129b8d4f7440f8a09a41aa652e5,68c78e1191889609dead05ea5a9fb11525ce92e2,ddc9b0b4c38da995fedf43ceef12f17dfb4db353,2d19c5fe6edadd0823925ed7dd051cb27837bccf51d5102e0bcee53271654eb9,78,A,primary,2,3,4,2,51203,42003,553042,S_C,r3,3e56e119afbb8aabbd44551af3351ee6a55c0b96c7d9e6aac153faecff6a9110,dd38a6dc0c729eb26b133f73a06b99d12c5088e5248da46847456f733bcb326f,-0.5572736523302033,0,0,False,False,True,336
ef85b4c921546129b8d4f7440f8a09a41aa652e5,68c78e1191889609dead05ea5a9fb11525ce92e2,ddc9b0b4c38da995fedf43ceef12f17dfb4db353,2d19c5fe6edadd0823925ed7dd051cb27837bccf51d5102e0bcee53271654eb9,79,A,primary,2,3,5,1,51203,42003,553051,S_C,r3,3e56e119afbb8aabbd44551af3351ee6a55c0b96c7d9e6aac153faecff6a9110,dd38a6dc0c729eb26b133f73a06b99d12c5088e5248da46847456f733bcb326f,-0.5852234000205064,0,0,False,False,True,336
ef85b4c921546129b8d4f7440f8a09a41aa652e5,68c78e1191889609dead05ea5a9fb11525ce92e2,ddc9b0b4c38da995fedf43ceef12f17dfb4db353,2d19c5fe6edadd0823925ed7dd051cb27837bccf51d5102e0bcee53271654eb9,80,A,primary,2,3,5,2,51203,42003,553052,S_C,r3,3e56e119afbb8aabbd44551af3351ee6a55c0b96c7d9e6aac153faecff6a9110,dd38a6dc0c729eb26b133f73a06b99d12c5088e5248da46847456f733bcb326f,-0.5914459633756203,0,0,False,False,True,336
ef85b4c921546129b8d4f7440f8a09a41aa652e5,68c78e1191889609dead05ea5a9fb11525ce92e2,ddc9b0b4c38da995fedf43ceef12f17dfb4db353,2d19c5fe6edadd0823925ed7dd051cb27837bccf51d5102e0bcee53271654eb9,81,A,primary,2,3,6,1,51203,42003,553061,S_C,r3,3e56e119afbb8aabbd44551af3351ee6a55c0b96c7d9e6aac153faecff6a9110,dd38a6dc0c729eb26b133f73a06b99d12c5088e5248da46847456f733bcb326f,-0.5268791209353761,0,0,False,False,True,336
ef85b4c921546129b8d4f7440f8a09a41aa652e5,68c78e1191889609dead05ea5a9fb11525ce92e2,ddc9b0b4c38da995fedf43ceef12f17dfb4db353,2d19c5fe6edadd0823925ed7dd051cb27837bccf51d5102e0bcee53271654eb9,82,A,primary,2,3,6,2,51203,42003,553062,S_C,r3,3e56e119afbb8aabbd44551af3351ee6a55c0b96c7d9e6aac153faecff6a9110,dd38a6dc0c729eb26b133f73a06b99d12c5088e5248da46847456f733bcb326f,-0.6309605298076717,0,0,False,False,True,336
ef85b4c921546129b8d4f7440f8a09a41aa652e5,68c78e1191889609dead05ea5a9fb11525ce92e2,ddc9b0b4c38da995fedf43ceef12f17dfb4db353,2d19c5fe6edadd0823925ed7dd051cb27837bccf51d5102e0bcee53271654eb9,83,A,primary,2,3,7,1,51203,42003,553071,S_C,r3,3e56e119afbb8aabbd44551af3351ee6a55c0b96c7d9e6aac153faecff6a9110,dd38a6dc0c729eb26b133f73a06b99d12c5088e5248da46847456f733bcb326f,-0.6255719380439433,0,0,False,False,True,336
ef85b4c921546129b8d4f7440f8a09a41aa652e5,68c78e1191889609dead05ea5a9fb11525ce92e2,ddc9b0b4c38da995fedf43ceef12f17dfb4db353,2d19c5fe6edadd0823925ed7dd051cb27837bccf51d5102e0bcee53271654eb9,84,A,primary,2,3,7,2,51203,42003,553072,S_C,r3,3e56e119afbb8aabbd44551af3351ee6a55c0b96c7d9e6aac153faecff6a9110,dd38a6dc0c729eb26b133f73a06b99d12c5088e5248da46847456f733bcb326f,-0.5991045239543346,0,0,False,False,True,336
ef85b4c921546129b8d4f7440f8a09a41aa652e5,68c78e1191889609dead05ea5a9fb11525ce92e2,ddc9b0b4c38da995fedf43ceef12f17dfb4db353,2d19c5fe6edadd0823925ed7dd051cb27837bccf51d5102e0bcee53271654eb9,85,A,primary,4,1,1,1,51401,42001,571011,S_C,r1,387bda3b61226f2e22e1ca9065e35213fccc999c0b4abfa89dcce5562c2093ce,2ed450a0e79277ccd6dda97bafa504854a564af0cb41a3cd02c7b0332341dbd5,-0.6068361043584013,0,0,False,False,True,336
ef85b4c921546129b8d4f7440f8a09a41aa652e5,68c78e1191889609dead05ea5a9fb11525ce92e2,ddc9b0b4c38da995fedf43ceef12f17dfb4db353,2d19c5fe6edadd0823925ed7dd051cb27837bccf51d5102e0bcee53271654eb9,86,A,primary,4,1,1,2,51401,42001,571012,S_C,r1,387bda3b61226f2e22e1ca9065e35213fccc999c0b4abfa89dcce5562c2093ce,2ed450a0e79277ccd6dda97bafa504854a564af0cb41a3cd02c7b0332341dbd5,-0.6145279100366634,0,0,False,False,True,336
ef85b4c921546129b8d4f7440f8a09a41aa652e5,68c78e1191889609dead05ea5a9fb11525ce92e2,ddc9b0b4c38da995fedf43ceef12f17dfb4db353,2d19c5fe6edadd0823925ed7dd051cb27837bccf51d5102e0bcee53271654eb9,87,A,primary,4,1,2,1,51401,42001,571021,S_C,r1,387bda3b61226f2e22e1ca9065e35213fccc999c0b4abfa89dcce5562c2093ce,2ed450a0e79277ccd6dda97bafa504854a564af0cb41a3cd02c7b0332341dbd5,-0.5427650392130969,0,0,False,False,True,336
ef85b4c921546129b8d4f7440f8a09a41aa652e5,68c78e1191889609dead05ea5a9fb11525ce92e2,ddc9b0b4c38da995fedf43ceef12f17dfb4db353,2d19c5fe6edadd0823925ed7dd051cb27837bccf51d5102e0bcee53271654eb9,88,A,primary,4,1,2,2,51401,42001,571022,S_C,r1,387bda3b61226f2e22e1ca9065e35213fccc999c0b4abfa89dcce5562c2093ce,2ed450a0e79277ccd6dda97bafa504854a564af0cb41a3cd02c7b0332341dbd5,-0.5373934230783174,0,0,False,False,True,336
ef85b4c921546129b8d4f7440f8a09a41aa652e5,68c78e1191889609dead05ea5a9fb11525ce92e2,ddc9b0b4c38da995fedf43ceef12f17dfb4db353,2d19c5fe6edadd0823925ed7dd051cb27837bccf51d5102e0bcee53271654eb9,89,A,primary,4,1,3,1,51401,42001,571031,S_C,r1,387bda3b61226f2e22e1ca9065e35213fccc999c0b4abfa89dcce5562c2093ce,2ed450a0e79277ccd6dda97bafa504854a564af0cb41a3cd02c7b0332341dbd5,-0.4992104891284312,0,0,False,False,True,336
ef85b4c921546129b8d4f7440f8a09a41aa652e5,68c78e1191889609dead05ea5a9fb11525ce92e2,ddc9b0b4c38da995fedf43ceef12f17dfb4db353,2d19c5fe6edadd0823925ed7dd051cb27837bccf51d5102e0bcee53271654eb9,90,A,primary,4,1,3,2,51401,42001,571032,S_C,r1,387bda3b61226f2e22e1ca9065e35213fccc999c0b4abfa89dcce5562c2093ce,2ed450a0e79277ccd6dda97bafa504854a564af0cb41a3cd02c7b0332341dbd5,-0.5168616007262877,0,0,False,False,True,336
ef85b4c921546129b8d4f7440f8a09a41aa652e5,68c78e1191889609dead05ea5a9fb11525ce92e2,ddc9b0b4c38da995fedf43ceef12f17dfb4db353,2d19c5fe6edadd0823925ed7dd051cb27837bccf51d5102e0bcee53271654eb9,91,A,primary,4,1,4,1,51401,42001,571041,S_C,r1,387bda3b61226f2e22e1ca9065e35213fccc999c0b4abfa89dcce5562c2093ce,2ed450a0e79277ccd6dda97bafa504854a564af0cb41a3cd02c7b0332341dbd5,-0.4712905169839788,0,0,False,False,True,336
ef85b4c921546129b8d4f7440f8a09a41aa652e5,68c78e1191889609dead05ea5a9fb11525ce92e2,ddc9b0b4c38da995fedf43ceef12f17dfb4db353,2d19c5fe6edadd0823925ed7dd051cb27837bccf51d5102e0bcee53271654eb9,92,A,primary,4,1,4,2,51401,42001,571042,S_C,r1,387bda3b61226f2e22e1ca9065e35213fccc999c0b4abfa89dcce5562c2093ce,2ed450a0e79277ccd6dda97bafa504854a564af0cb41a3cd02c7b0332341dbd5,-0.4737925711041163,0,0,False,False,True,336
ef85b4c921546129b8d4f7440f8a09a41aa652e5,68c78e1191889609dead05ea5a9fb11525ce92e2,ddc9b0b4c38da995fedf43ceef12f17dfb4db353,2d19c5fe6edadd0823925ed7dd051cb27837bccf51d5102e0bcee53271654eb9,93,A,primary,4,1,5,1,51401,42001,571051,S_C,r1,387bda3b61226f2e22e1ca9065e35213fccc999c0b4abfa89dcce5562c2093ce,2ed450a0e79277ccd6dda97bafa504854a564af0cb41a3cd02c7b0332341dbd5,-0.5349451357865296,0,0,False,False,True,336
ef85b4c921546129b8d4f7440f8a09a41aa652e5,68c78e1191889609dead05ea5a9fb11525ce92e2,ddc9b0b4c38da995fedf43ceef12f17dfb4db353,2d19c5fe6edadd0823925ed7dd051cb27837bccf51d5102e0bcee53271654eb9,94,A,primary,4,1,5,2,51401,42001,571052,S_C,r1,387bda3b61226f2e22e1ca9065e35213fccc999c0b4abfa89dcce5562c2093ce,2ed450a0e79277ccd6dda97bafa504854a564af0cb41a3cd02c7b0332341dbd5,-0.5324577649001828,0,0,False,False,True,336
ef85b4c921546129b8d4f7440f8a09a41aa652e5,68c78e1191889609dead05ea5a9fb11525ce92e2,ddc9b0b4c38da995fedf43ceef12f17dfb4db353,2d19c5fe6edadd0823925ed7dd051cb27837bccf51d5102e0bcee53271654eb9,95,A,primary,4,1,6,1,51401,42001,571061,S_C,r1,387bda3b61226f2e22e1ca9065e35213fccc999c0b4abfa89dcce5562c2093ce,2ed450a0e79277ccd6dda97bafa504854a564af0cb41a3cd02c7b0332341dbd5,-0.4984928094010421,0,0,False,False,True,336
ef85b4c921546129b8d4f7440f8a09a41aa652e5,68c78e1191889609dead05ea5a9fb11525ce92e2,ddc9b0b4c38da995fedf43ceef12f17dfb4db353,2d19c5fe6edadd0823925ed7dd051cb27837bccf51d5102e0bcee53271654eb9,96,A,primary,4,1,6,2,51401,42001,571062,S_C,r1,387bda3b61226f2e22e1ca9065e35213fccc999c0b4abfa89dcce5562c2093ce,2ed450a0e79277ccd6dda97bafa504854a564af0cb41a3cd02c7b0332341dbd5,-0.5474599700890912,0,0,False,False,True,336
ef85b4c921546129b8d4f7440f8a09a41aa652e5,68c78e1191889609dead05ea5a9fb11525ce92e2,ddc9b0b4c38da995fedf43ceef12f17dfb4db353,2d19c5fe6edadd0823925ed7dd051cb27837bccf51d5102e0bcee53271654eb9,97,A,primary,4,1,7,1,51401,42001,571071,S_C,r1,387bda3b61226f2e22e1ca9065e35213fccc999c0b4abfa89dcce5562c2093ce,2ed450a0e79277ccd6dda97bafa504854a564af0cb41a3cd02c7b0332341dbd5,-0.6284746984819038,0,0,False,False,True,336
ef85b4c921546129b8d4f7440f8a09a41aa652e5,68c78e1191889609dead05ea5a9fb11525ce92e2,ddc9b0b4c38da995fedf43ceef12f17dfb4db353,2d19c5fe6edadd0823925ed7dd051cb27837bccf51d5102e0bcee53271654eb9,98,A,primary,4,1,7,2,51401,42001,571072,S_C,r1,387bda3b61226f2e22e1ca9065e35213fccc999c0b4abfa89dcce5562c2093ce,2ed450a0e79277ccd6dda97bafa504854a564af0cb41a3cd02c7b0332341dbd5,-0.5656442447516178,0,0,False,False,True,336
ef85b4c921546129b8d4f7440f8a09a41aa652e5,68c78e1191889609dead05ea5a9fb11525ce92e2,ddc9b0b4c38da995fedf43ceef12f17dfb4db353,2d19c5fe6edadd0823925ed7dd051cb27837bccf51d5102e0bcee53271654eb9,99,A,primary,4,2,1,1,51402,42002,572011,S_C,r2,cb94a1861b00649eb0a7829154922ce5351407adcb7efa36b7f8d7aaf0b75578,ed37ddf1607a13084d9d4abcb81153324c0ad6022561dd00e240e14f4b85b96a,-0.5931420283447006,0,0,False,False,True,336
ef85b4c921546129b8d4f7440f8a09a41aa652e5,68c78e1191889609dead05ea5a9fb11525ce92e2,ddc9b0b4c38da995fedf43ceef12f17dfb4db353,2d19c5fe6edadd0823925ed7dd051cb27837bccf51d5102e0bcee53271654eb9,100,A,primary,4,2,1,2,51402,42002,572012,S_C,r2,cb94a1861b00649eb0a7829154922ce5351407adcb7efa36b7f8d7aaf0b75578,ed37ddf1607a13084d9d4abcb81153324c0ad6022561dd00e240e14f4b85b96a,-0.6067670798513033,0,0,False,False,True,336
ef85b4c921546129b8d4f7440f8a09a41aa652e5,68c78e1191889609dead05ea5a9fb11525ce92e2,ddc9b0b4c38da995fedf43ceef12f17dfb4db353,2d19c5fe6edadd0823925ed7dd051cb27837bccf51d5102e0bcee53271654eb9,101,A,primary,4,2,2,1,51402,42002,572021,S_C,r2,cb94a1861b00649eb0a7829154922ce5351407adcb7efa36b7f8d7aaf0b75578,ed37ddf1607a13084d9d4abcb81153324c0ad6022561dd00e240e14f4b85b96a,-0.5081633271286881,0,0,False,False,True,336
ef85b4c921546129b8d4f7440f8a09a41aa652e5,68c78e1191889609dead05ea5a9fb11525ce92e2,ddc9b0b4c38da995fedf43ceef12f17dfb4db353,2d19c5fe6edadd0823925ed7dd051cb27837bccf51d5102e0bcee53271654eb9,102,A,primary,4,2,2,2,51402,42002,572022,S_C,r2,cb94a1861b00649eb0a7829154922ce5351407adcb7efa36b7f8d7aaf0b75578,ed37ddf1607a13084d9d4abcb81153324c0ad6022561dd00e240e14f4b85b96a,-0.5156033612321341,0,0,False,False,True,336
ef85b4c921546129b8d4f7440f8a09a41aa652e5,68c78e1191889609dead05ea5a9fb11525ce92e2,ddc9b0b4c38da995fedf43ceef12f17dfb4db353,2d19c5fe6edadd0823925ed7dd051cb27837bccf51d5102e0bcee53271654eb9,103,A,primary,4,2,3,1,51402,42002,572031,S_C,r2,cb94a1861b00649eb0a7829154922ce5351407adcb7efa36b7f8d7aaf0b75578,ed37ddf1607a13084d9d4abcb81153324c0ad6022561dd00e240e14f4b85b96a,-0.47578036188126765,0,0,False,False,True,336
ef85b4c921546129b8d4f7440f8a09a41aa652e5,68c78e1191889609dead05ea5a9fb11525ce92e2,ddc9b0b4c38da995fedf43ceef12f17dfb4db353,2d19c5fe6edadd0823925ed7dd051cb27837bccf51d5102e0bcee53271654eb9,104,A,primary,4,2,3,2,51402,42002,572032,S_C,r2,cb94a1861b00649eb0a7829154922ce5351407adcb7efa36b7f8d7aaf0b75578,ed37ddf1607a13084d9d4abcb81153324c0ad6022561dd00e240e14f4b85b96a,-0.4368495433614939,0,0,False,False,True,336
ef85b4c921546129b8d4f7440f8a09a41aa652e5,68c78e1191889609dead05ea5a9fb11525ce92e2,ddc9b0b4c38da995fedf43ceef12f17dfb4db353,2d19c5fe6edadd0823925ed7dd051cb27837bccf51d5102e0bcee53271654eb9,105,A,primary,4,2,4,1,51402,42002,572041,S_C,r2,cb94a1861b00649eb0a7829154922ce5351407adcb7efa36b7f8d7aaf0b75578,ed37ddf1607a13084d9d4abcb81153324c0ad6022561dd00e240e14f4b85b96a,-0.41083194548093943,0,0,False,False,True,336
ef85b4c921546129b8d4f7440f8a09a41aa652e5,68c78e1191889609dead05ea5a9fb11525ce92e2,ddc9b0b4c38da995fedf43ceef12f17dfb4db353,2d19c5fe6edadd0823925ed7dd051cb27837bccf51d5102e0bcee53271654eb9,106,A,primary,4,2,4,2,51402,42002,572042,S_C,r2,cb94a1861b00649eb0a7829154922ce5351407adcb7efa36b7f8d7aaf0b75578,ed37ddf1607a13084d9d4abcb81153324c0ad6022561dd00e240e14f4b85b96a,-0.4328739200761155,0,0,False,False,True,336
ef85b4c921546129b8d4f7440f8a09a41aa652e5,68c78e1191889609dead05ea5a9fb11525ce92e2,ddc9b0b4c38da995fedf43ceef12f17dfb4db353,2d19c5fe6edadd0823925ed7dd051cb27837bccf51d5102e0bcee53271654eb9,107,A,primary,4,2,5,1,51402,42002,572051,S_C,r2,cb94a1861b00649eb0a7829154922ce5351407adcb7efa36b7f8d7aaf0b75578,ed37ddf1607a13084d9d4abcb81153324c0ad6022561dd00e240e14f4b85b96a,-0.47062127755793043,0,0,False,False,True,336
ef85b4c921546129b8d4f7440f8a09a41aa652e5,68c78e1191889609dead05ea5a9fb11525ce92e2,ddc9b0b4c38da995fedf43ceef12f17dfb4db353,2d19c5fe6edadd0823925ed7dd051cb27837bccf51d5102e0bcee53271654eb9,108,A,primary,4,2,5,2,51402,42002,572052,S_C,r2,cb94a1861b00649eb0a7829154922ce5351407adcb7efa36b7f8d7aaf0b75578,ed37ddf1607a13084d9d4abcb81153324c0ad6022561dd00e240e14f4b85b96a,-0.4779625237036959,0,0,False,False,True,336
ef85b4c921546129b8d4f7440f8a09a41aa652e5,68c78e1191889609dead05ea5a9fb11525ce92e2,ddc9b0b4c38da995fedf43ceef12f17dfb4db353,2d19c5fe6edadd0823925ed7dd051cb27837bccf51d5102e0bcee53271654eb9,109,A,primary,4,2,6,1,51402,42002,572061,S_C,r2,cb94a1861b00649eb0a7829154922ce5351407adcb7efa36b7f8d7aaf0b75578,ed37ddf1607a13084d9d4abcb81153324c0ad6022561dd00e240e14f4b85b96a,-0.5181668364759868,0,0,False,False,True,336
ef85b4c921546129b8d4f7440f8a09a41aa652e5,68c78e1191889609dead05ea5a9fb11525ce92e2,ddc9b0b4c38da995fedf43ceef12f17dfb4db353,2d19c5fe6edadd0823925ed7dd051cb27837bccf51d5102e0bcee53271654eb9,110,A,primary,4,2,6,2,51402,42002,572062,S_C,r2,cb94a1861b00649eb0a7829154922ce5351407adcb7efa36b7f8d7aaf0b75578,ed37ddf1607a13084d9d4abcb81153324c0ad6022561dd00e240e14f4b85b96a,-0.4860435286538256,0,0,False,False,True,336
ef85b4c921546129b8d4f7440f8a09a41aa652e5,68c78e1191889609dead05ea5a9fb11525ce92e2,ddc9b0b4c38da995fedf43ceef12f17dfb4db353,2d19c5fe6edadd0823925ed7dd051cb27837bccf51d5102e0bcee53271654eb9,111,A,primary,4,2,7,1,51402,42002,572071,S_C,r2,cb94a1861b00649eb0a7829154922ce5351407adcb7efa36b7f8d7aaf0b75578,ed37ddf1607a13084d9d4abcb81153324c0ad6022561dd00e240e14f4b85b96a,-0.5316520823213933,0,0,False,False,True,336
ef85b4c921546129b8d4f7440f8a09a41aa652e5,68c78e1191889609dead05ea5a9fb11525ce92e2,ddc9b0b4c38da995fedf43ceef12f17dfb4db353,2d19c5fe6edadd0823925ed7dd051cb27837bccf51d5102e0bcee53271654eb9,112,A,primary,4,2,7,2,51402,42002,572072,S_C,r2,cb94a1861b00649eb0a7829154922ce5351407adcb7efa36b7f8d7aaf0b75578,ed37ddf1607a13084d9d4abcb81153324c0ad6022561dd00e240e14f4b85b96a,-0.5060625591443421,0,0,False,False,True,336
ef85b4c921546129b8d4f7440f8a09a41aa652e5,68c78e1191889609dead05ea5a9fb11525ce92e2,ddc9b0b4c38da995fedf43ceef12f17dfb4db353,2d19c5fe6edadd0823925ed7dd051cb27837bccf51d5102e0bcee53271654eb9,113,A,primary,4,3,1,1,51403,42003,573011,S_C,r3,3e56e119afbb8aabbd44551af3351ee6a55c0b96c7d9e6aac153faecff6a9110,dd38a6dc0c729eb26b133f73a06b99d12c5088e5248da46847456f733bcb326f,-0.5886417456649355,0,0,False,False,True,336
ef85b4c921546129b8d4f7440f8a09a41aa652e5,68c78e1191889609dead05ea5a9fb11525ce92e2,ddc9b0b4c38da995fedf43ceef12f17dfb4db353,2d19c5fe6edadd0823925ed7dd051cb27837bccf51d5102e0bcee53271654eb9,114,A,primary,4,3,1,2,51403,42003,573012,S_C,r3,3e56e119afbb8aabbd44551af3351ee6a55c0b96c7d9e6aac153faecff6a9110,dd38a6dc0c729eb26b133f73a06b99d12c5088e5248da46847456f733bcb326f,-0.5926875680952065,0,0,False,False,True,336
ef85b4c921546129b8d4f7440f8a09a41aa652e5,68c78e1191889609dead05ea5a9fb11525ce92e2,ddc9b0b4c38da995fedf43ceef12f17dfb4db353,2d19c5fe6edadd0823925ed7dd051cb27837bccf51d5102e0bcee53271654eb9,115,A,primary,4,3,2,1,51403,42003,573021,S_C,r3,3e56e119afbb8aabbd44551af3351ee6a55c0b96c7d9e6aac153faecff6a9110,dd38a6dc0c729eb26b133f73a06b99d12c5088e5248da46847456f733bcb326f,-0.57733172275221,0,0,False,False,True,336
ef85b4c921546129b8d4f7440f8a09a41aa652e5,68c78e1191889609dead05ea5a9fb11525ce92e2,ddc9b0b4c38da995fedf43ceef12f17dfb4db353,2d19c5fe6edadd0823925ed7dd051cb27837bccf51d5102e0bcee53271654eb9,116,A,primary,4,3,2,2,51403,42003,573022,S_C,r3,3e56e119afbb8aabbd44551af3351ee6a55c0b96c7d9e6aac153faecff6a9110,dd38a6dc0c729eb26b133f73a06b99d12c5088e5248da46847456f733bcb326f,-0.5827351047869901,0,0,False,False,True,336
ef85b4c921546129b8d4f7440f8a09a41aa652e5,68c78e1191889609dead05ea5a9fb11525ce92e2,ddc9b0b4c38da995fedf43ceef12f17dfb4db353,2d19c5fe6edadd0823925ed7dd051cb27837bccf51d5102e0bcee53271654eb9,117,A,primary,4,3,3,1,51403,42003,573031,S_C,r3,3e56e119afbb8aabbd44551af3351ee6a55c0b96c7d9e6aac153faecff6a9110,dd38a6dc0c729eb26b133f73a06b99d12c5088e5248da46847456f733bcb326f,-0.5231034866059208,0,0,False,False,True,336
ef85b4c921546129b8d4f7440f8a09a41aa652e5,68c78e1191889609dead05ea5a9fb11525ce92e2,ddc9b0b4c38da995fedf43ceef12f17dfb4db353,2d19c5fe6edadd0823925ed7dd051cb27837bccf51d5102e0bcee53271654eb9,118,A,primary,4,3,3,2,51403,42003,573032,S_C,r3,3e56e119afbb8aabbd44551af3351ee6a55c0b96c7d9e6aac153faecff6a9110,dd38a6dc0c729eb26b133f73a06b99d12c5088e5248da46847456f733bcb326f,-0.5154088355536535,0,0,False,False,True,336
ef85b4c921546129b8d4f7440f8a09a41aa652e5,68c78e1191889609dead05ea5a9fb11525ce92e2,ddc9b0b4c38da995fedf43ceef12f17dfb4db353,2d19c5fe6edadd0823925ed7dd051cb27837bccf51d5102e0bcee53271654eb9,119,A,primary,4,3,4,1,51403,42003,573041,S_C,r3,3e56e119afbb8aabbd44551af3351ee6a55c0b96c7d9e6aac153faecff6a9110,dd38a6dc0c729eb26b133f73a06b99d12c5088e5248da46847456f733bcb326f,-0.5105122691954478,0,0,False,False,True,336
ef85b4c921546129b8d4f7440f8a09a41aa652e5,68c78e1191889609dead05ea5a9fb11525ce92e2,ddc9b0b4c38da995fedf43ceef12f17dfb4db353,2d19c5fe6edadd0823925ed7dd051cb27837bccf51d5102e0bcee53271654eb9,120,A,primary,4,3,4,2,51403,42003,573042,S_C,r3,3e56e119afbb8aabbd44551af3351ee6a55c0b96c7d9e6aac153faecff6a9110,dd38a6dc0c729eb26b133f73a06b99d12c5088e5248da46847456f733bcb326f,-0.5101958073448629,0,0,False,False,True,336
ef85b4c921546129b8d4f7440f8a09a41aa652e5,68c78e1191889609dead05ea5a9fb11525ce92e2,ddc9b0b4c38da995fedf43ceef12f17dfb4db353,2d19c5fe6edadd0823925ed7dd051cb27837bccf51d5102e0bcee53271654eb9,121,A,primary,4,3,5,1,51403,42003,573051,S_C,r3,3e56e119afbb8aabbd44551af3351ee6a55c0b96c7d9e6aac153faecff6a9110,dd38a6dc0c729eb26b133f73a06b99d12c5088e5248da46847456f733bcb326f,-0.5215811479131731,0,0,False,False,True,336
ef85b4c921546129b8d4f7440f8a09a41aa652e5,68c78e1191889609dead05ea5a9fb11525ce92e2,ddc9b0b4c38da995fedf43ceef12f17dfb4db353,2d19c5fe6edadd0823925ed7dd051cb27837bccf51d5102e0bcee53271654eb9,122,A,primary,4,3,5,2,51403,42003,573052,S_C,r3,3e56e119afbb8aabbd44551af3351ee6a55c0b96c7d9e6aac153faecff6a9110,dd38a6dc0c729eb26b133f73a06b99d12c5088e5248da46847456f733bcb326f,-0.5503342614520766,0,0,False,False,True,336
ef85b4c921546129b8d4f7440f8a09a41aa652e5,68c78e1191889609dead05ea5a9fb11525ce92e2,ddc9b0b4c38da995fedf43ceef12f17dfb4db353,2d19c5fe6edadd0823925ed7dd051cb27837bccf51d5102e0bcee53271654eb9,123,A,primary,4,3,6,1,51403,42003,573061,S_C,r3,3e56e119afbb8aabbd44551af3351ee6a55c0b96c7d9e6aac153faecff6a9110,dd38a6dc0c729eb26b133f73a06b99d12c5088e5248da46847456f733bcb326f,-0.5452284234923194,0,0,False,False,True,336
ef85b4c921546129b8d4f7440f8a09a41aa652e5,68c78e1191889609dead05ea5a9fb11525ce92e2,ddc9b0b4c38da995fedf43ceef12f17dfb4db353,2d19c5fe6edadd0823925ed7dd051cb27837bccf51d5102e0bcee53271654eb9,124,A,primary,4,3,6,2,51403,42003,573062,S_C,r3,3e56e119afbb8aabbd44551af3351ee6a55c0b96c7d9e6aac153faecff6a9110,dd38a6dc0c729eb26b133f73a06b99d12c5088e5248da46847456f733bcb326f,-0.5621361223607081,0,0,False,False,True,336
ef85b4c921546129b8d4f7440f8a09a41aa652e5,68c78e1191889609dead05ea5a9fb11525ce92e2,ddc9b0b4c38da995fedf43ceef12f17dfb4db353,2d19c5fe6edadd0823925ed7dd051cb27837bccf51d5102e0bcee53271654eb9,125,A,primary,4,3,7,1,51403,42003,573071,S_C,r3,3e56e119afbb8aabbd44551af3351ee6a55c0b96c7d9e6aac153faecff6a9110,dd38a6dc0c729eb26b133f73a06b99d12c5088e5248da46847456f733bcb326f,-0.558491165016116,0,0,False,False,True,336
ef85b4c921546129b8d4f7440f8a09a41aa652e5,68c78e1191889609dead05ea5a9fb11525ce92e2,ddc9b0b4c38da995fedf43ceef12f17dfb4db353,2d19c5fe6edadd0823925ed7dd051cb27837bccf51d5102e0bcee53271654eb9,126,A,primary,4,3,7,2,51403,42003,573072,S_C,r3,3e56e119afbb8aabbd44551af3351ee6a55c0b96c7d9e6aac153faecff6a9110,dd38a6dc0c729eb26b133f73a06b99d12c5088e5248da46847456f733bcb326f,-0.595803760141717,0,0,False,False,True,336
ef85b4c921546129b8d4f7440f8a09a41aa652e5,68c78e1191889609dead05ea5a9fb11525ce92e2,ddc9b0b4c38da995fedf43ceef12f17dfb4db353,2d19c5fe6edadd0823925ed7dd051cb27837bccf51d5102e0bcee53271654eb9,127,A,primary,5,1,1,1,51501,42001,581011,S_C,r1,387bda3b61226f2e22e1ca9065e35213fccc999c0b4abfa89dcce5562c2093ce,2ed450a0e79277ccd6dda97bafa504854a564af0cb41a3cd02c7b0332341dbd5,-0.6120552917245988,0,0,False,False,True,336
ef85b4c921546129b8d4f7440f8a09a41aa652e5,68c78e1191889609dead05ea5a9fb11525ce92e2,ddc9b0b4c38da995fedf43ceef12f17dfb4db353,2d19c5fe6edadd0823925ed7dd051cb27837bccf51d5102e0bcee53271654eb9,128,A,primary,5,1,1,2,51501,42001,581012,S_C,r1,387bda3b61226f2e22e1ca9065e35213fccc999c0b4abfa89dcce5562c2093ce,2ed450a0e79277ccd6dda97bafa504854a564af0cb41a3cd02c7b0332341dbd5,-0.6136794926187368,0,0,False,False,True,336
ef85b4c921546129b8d4f7440f8a09a41aa652e5,68c78e1191889609dead05ea5a9fb11525ce92e2,ddc9b0b4c38da995fedf43ceef12f17dfb4db353,2d19c5fe6edadd0823925ed7dd051cb27837bccf51d5102e0bcee53271654eb9,129,A,primary,5,1,2,1,51501,42001,581021,S_C,r1,387bda3b61226f2e22e1ca9065e35213fccc999c0b4abfa89dcce5562c2093ce,2ed450a0e79277ccd6dda97bafa504854a564af0cb41a3cd02c7b0332341dbd5,-0.5827186448145479,0,0,False,False,True,336
ef85b4c921546129b8d4f7440f8a09a41aa652e5,68c78e1191889609dead05ea5a9fb11525ce92e2,ddc9b0b4c38da995fedf43ceef12f17dfb4db353,2d19c5fe6edadd0823925ed7dd051cb27837bccf51d5102e0bcee53271654eb9,130,A,primary,5,1,2,2,51501,42001,581022,S_C,r1,387bda3b61226f2e22e1ca9065e35213fccc999c0b4abfa89dcce5562c2093ce,2ed450a0e79277ccd6dda97bafa504854a564af0cb41a3cd02c7b0332341dbd5,-0.576997503324978,0,0,False,False,True,336
ef85b4c921546129b8d4f7440f8a09a41aa652e5,68c78e1191889609dead05ea5a9fb11525ce92e2,ddc9b0b4c38da995fedf43ceef12f17dfb4db353,2d19c5fe6edadd0823925ed7dd051cb27837bccf51d5102e0bcee53271654eb9,131,A,primary,5,1,3,1,51501,42001,581031,S_C,r1,387bda3b61226f2e22e1ca9065e35213fccc999c0b4abfa89dcce5562c2093ce,2ed450a0e79277ccd6dda97bafa504854a564af0cb41a3cd02c7b0332341dbd5,-0.5464879573136082,0,0,False,False,True,336
ef85b4c921546129b8d4f7440f8a09a41aa652e5,68c78e1191889609dead05ea5a9fb11525ce92e2,ddc9b0b4c38da995fedf43ceef12f17dfb4db353,2d19c5fe6edadd0823925ed7dd051cb27837bccf51d5102e0bcee53271654eb9,132,A,primary,5,1,3,2,51501,42001,581032,S_C,r1,387bda3b61226f2e22e1ca9065e35213fccc999c0b4abfa89dcce5562c2093ce,2ed450a0e79277ccd6dda97bafa504854a564af0cb41a3cd02c7b0332341dbd5,-0.5311066915311906,0,0,False,False,True,336
ef85b4c921546129b8d4f7440f8a09a41aa652e5,68c78e1191889609dead05ea5a9fb11525ce92e2,ddc9b0b4c38da995fedf43ceef12f17dfb4db353,2d19c5fe6edadd0823925ed7dd051cb27837bccf51d5102e0bcee53271654eb9,133,A,primary,5,1,4,1,51501,42001,581041,S_C,r1,387bda3b61226f2e22e1ca9065e35213fccc999c0b4abfa89dcce5562c2093ce,2ed450a0e79277ccd6dda97bafa504854a564af0cb41a3cd02c7b0332341dbd5,-0.5221190721929179,0,0,False,False,True,336
ef85b4c921546129b8d4f7440f8a09a41aa652e5,68c78e1191889609dead05ea5a9fb11525ce92e2,ddc9b0b4c38da995fedf43ceef12f17dfb4db353,2d19c5fe6edadd0823925ed7dd051cb27837bccf51d5102e0bcee53271654eb9,134,A,primary,5,1,4,2,51501,42001,581042,S_C,r1,387bda3b61226f2e22e1ca9065e35213fccc999c0b4abfa89dcce5562c2093ce,2ed450a0e79277ccd6dda97bafa504854a564af0cb41a3cd02c7b0332341dbd5,-0.5286085976688806,0,0,False,False,True,336
ef85b4c921546129b8d4f7440f8a09a41aa652e5,68c78e1191889609dead05ea5a9fb11525ce92e2,ddc9b0b4c38da995fedf43ceef12f17dfb4db353,2d19c5fe6edadd0823925ed7dd051cb27837bccf51d5102e0bcee53271654eb9,135,A,primary,5,1,5,1,51501,42001,581051,S_C,r1,387bda3b61226f2e22e1ca9065e35213fccc999c0b4abfa89dcce5562c2093ce,2ed450a0e79277ccd6dda97bafa504854a564af0cb41a3cd02c7b0332341dbd5,-0.5073324453268684,0,0,False,False,True,336
ef85b4c921546129b8d4f7440f8a09a41aa652e5,68c78e1191889609dead05ea5a9fb11525ce92e2,ddc9b0b4c38da995fedf43ceef12f17dfb4db353,2d19c5fe6edadd0823925ed7dd051cb27837bccf51d5102e0bcee53271654eb9,136,A,primary,5,1,5,2,51501,42001,581052,S_C,r1,387bda3b61226f2e22e1ca9065e35213fccc999c0b4abfa89dcce5562c2093ce,2ed450a0e79277ccd6dda97bafa504854a564af0cb41a3cd02c7b0332341dbd5,-0.552342535555022,0,0,False,False,True,336
ef85b4c921546129b8d4f7440f8a09a41aa652e5,68c78e1191889609dead05ea5a9fb11525ce92e2,ddc9b0b4c38da995fedf43ceef12f17dfb4db353,2d19c5fe6edadd0823925ed7dd051cb27837bccf51d5102e0bcee53271654eb9,137,A,primary,5,1,6,1,51501,42001,581061,S_C,r1,387bda3b61226f2e22e1ca9065e35213fccc999c0b4abfa89dcce5562c2093ce,2ed450a0e79277ccd6dda97bafa504854a564af0cb41a3cd02c7b0332341dbd5,-0.5299038457803085,0,0,False,False,True,336
ef85b4c921546129b8d4f7440f8a09a41aa652e5,68c78e1191889609dead05ea5a9fb11525ce92e2,ddc9b0b4c38da995fedf43ceef12f17dfb4db353,2d19c5fe6edadd0823925ed7dd051cb27837bccf51d5102e0bcee53271654eb9,138,A,primary,5,1,6,2,51501,42001,581062,S_C,r1,387bda3b61226f2e22e1ca9065e35213fccc999c0b4abfa89dcce5562c2093ce,2ed450a0e79277ccd6dda97bafa504854a564af0cb41a3cd02c7b0332341dbd5,-0.59769764300569,0,0,False,False,True,336
ef85b4c921546129b8d4f7440f8a09a41aa652e5,68c78e1191889609dead05ea5a9fb11525ce92e2,ddc9b0b4c38da995fedf43ceef12f17dfb4db353,2d19c5fe6edadd0823925ed7dd051cb27837bccf51d5102e0bcee53271654eb9,139,A,primary,5,1,7,1,51501,42001,581071,S_C,r1,387bda3b61226f2e22e1ca9065e35213fccc999c0b4abfa89dcce5562c2093ce,2ed450a0e79277ccd6dda97bafa504854a564af0cb41a3cd02c7b0332341dbd5,-0.5003798365942762,0,0,False,False,True,336
ef85b4c921546129b8d4f7440f8a09a41aa652e5,68c78e1191889609dead05ea5a9fb11525ce92e2,ddc9b0b4c38da995fedf43ceef12f17dfb4db353,2d19c5fe6edadd0823925ed7dd051cb27837bccf51d5102e0bcee53271654eb9,140,A,primary,5,1,7,2,51501,42001,581072,S_C,r1,387bda3b61226f2e22e1ca9065e35213fccc999c0b4abfa89dcce5562c2093ce,2ed450a0e79277ccd6dda97bafa504854a564af0cb41a3cd02c7b0332341dbd5,-0.6840754061957189,0,0,False,False,True,336
ef85b4c921546129b8d4f7440f8a09a41aa652e5,68c78e1191889609dead05ea5a9fb11525ce92e2,ddc9b0b4c38da995fedf43ceef12f17dfb4db353,2d19c5fe6edadd0823925ed7dd051cb27837bccf51d5102e0bcee53271654eb9,141,A,primary,5,2,1,1,51502,42002,582011,S_C,r2,cb94a1861b00649eb0a7829154922ce5351407adcb7efa36b7f8d7aaf0b75578,ed37ddf1607a13084d9d4abcb81153324c0ad6022561dd00e240e14f4b85b96a,-0.6045555723327483,0,0,False,False,True,336
ef85b4c921546129b8d4f7440f8a09a41aa652e5,68c78e1191889609dead05ea5a9fb11525ce92e2,ddc9b0b4c38da995fedf43ceef12f17dfb4db353,2d19c5fe6edadd0823925ed7dd051cb27837bccf51d5102e0bcee53271654eb9,142,A,primary,5,2,1,2,51502,42002,582012,S_C,r2,cb94a1861b00649eb0a7829154922ce5351407adcb7efa36b7f8d7aaf0b75578,ed37ddf1607a13084d9d4abcb81153324c0ad6022561dd00e240e14f4b85b96a,-0.6056769352390089,0,0,False,False,True,336
ef85b4c921546129b8d4f7440f8a09a41aa652e5,68c78e1191889609dead05ea5a9fb11525ce92e2,ddc9b0b4c38da995fedf43ceef12f17dfb4db353,2d19c5fe6edadd0823925ed7dd051cb27837bccf51d5102e0bcee53271654eb9,143,A,primary,5,2,2,1,51502,42002,582021,S_C,r2,cb94a1861b00649eb0a7829154922ce5351407adcb7efa36b7f8d7aaf0b75578,ed37ddf1607a13084d9d4abcb81153324c0ad6022561dd00e240e14f4b85b96a,-0.5244856796432052,0,0,False,False,True,336
ef85b4c921546129b8d4f7440f8a09a41aa652e5,68c78e1191889609dead05ea5a9fb11525ce92e2,ddc9b0b4c38da995fedf43ceef12f17dfb4db353,2d19c5fe6edadd0823925ed7dd051cb27837bccf51d5102e0bcee53271654eb9,144,A,primary,5,2,2,2,51502,42002,582022,S_C,r2,cb94a1861b00649eb0a7829154922ce5351407adcb7efa36b7f8d7aaf0b75578,ed37ddf1607a13084d9d4abcb81153324c0ad6022561dd00e240e14f4b85b96a,-0.5343566078136905,0,0,False,False,True,336
ef85b4c921546129b8d4f7440f8a09a41aa652e5,68c78e1191889609dead05ea5a9fb11525ce92e2,ddc9b0b4c38da995fedf43ceef12f17dfb4db353,2d19c5fe6edadd0823925ed7dd051cb27837bccf51d5102e0bcee53271654eb9,145,A,primary,5,2,3,1,51502,42002,582031,S_C,r2,cb94a1861b00649eb0a7829154922ce5351407adcb7efa36b7f8d7aaf0b75578,ed37ddf1607a13084d9d4abcb81153324c0ad6022561dd00e240e14f4b85b96a,-0.4863345163312441,0,0,False,False,True,336
ef85b4c921546129b8d4f7440f8a09a41aa652e5,68c78e1191889609dead05ea5a9fb11525ce92e2,ddc9b0b4c38da995fedf43ceef12f17dfb4db353,2d19c5fe6edadd0823925ed7dd051cb27837bccf51d5102e0bcee53271654eb9,146,A,primary,5,2,3,2,51502,42002,582032,S_C,r2,cb94a1861b00649eb0a7829154922ce5351407adcb7efa36b7f8d7aaf0b75578,ed37ddf1607a13084d9d4abcb81153324c0ad6022561dd00e240e14f4b85b96a,-0.4806164695895343,0,0,False,False,True,336
ef85b4c921546129b8d4f7440f8a09a41aa652e5,68c78e1191889609dead05ea5a9fb11525ce92e2,ddc9b0b4c38da995fedf43ceef12f17dfb4db353,2d19c5fe6edadd0823925ed7dd051cb27837bccf51d5102e0bcee53271654eb9,147,A,primary,5,2,4,1,51502,42002,582041,S_C,r2,cb94a1861b00649eb0a7829154922ce5351407adcb7efa36b7f8d7aaf0b75578,ed37ddf1607a13084d9d4abcb81153324c0ad6022561dd00e240e14f4b85b96a,-0.4523012637929989,0,0,False,False,True,336
ef85b4c921546129b8d4f7440f8a09a41aa652e5,68c78e1191889609dead05ea5a9fb11525ce92e2,ddc9b0b4c38da995fedf43ceef12f17dfb4db353,2d19c5fe6edadd0823925ed7dd051cb27837bccf51d5102e0bcee53271654eb9,148,A,primary,5,2,4,2,51502,42002,582042,S_C,r2,cb94a1861b00649eb0a7829154922ce5351407adcb7efa36b7f8d7aaf0b75578,ed37ddf1607a13084d9d4abcb81153324c0ad6022561dd00e240e14f4b85b96a,-0.46013448671227897,0,0,False,False,True,336
ef85b4c921546129b8d4f7440f8a09a41aa652e5,68c78e1191889609dead05ea5a9fb11525ce92e2,ddc9b0b4c38da995fedf43ceef12f17dfb4db353,2d19c5fe6edadd0823925ed7dd051cb27837bccf51d5102e0bcee53271654eb9,149,A,primary,5,2,5,1,51502,42002,582051,S_C,r2,cb94a1861b00649eb0a7829154922ce5351407adcb7efa36b7f8d7aaf0b75578,ed37ddf1607a13084d9d4abcb81153324c0ad6022561dd00e240e14f4b85b96a,-0.4821642409872607,0,0,False,False,True,336
ef85b4c921546129b8d4f7440f8a09a41aa652e5,68c78e1191889609dead05ea5a9fb11525ce92e2,ddc9b0b4c38da995fedf43ceef12f17dfb4db353,2d19c5fe6edadd0823925ed7dd051cb27837bccf51d5102e0bcee53271654eb9,150,A,primary,5,2,5,2,51502,42002,582052,S_C,r2,cb94a1861b00649eb0a7829154922ce5351407adcb7efa36b7f8d7aaf0b75578,ed37ddf1607a13084d9d4abcb81153324c0ad6022561dd00e240e14f4b85b96a,-0.48447057380376707,0,0,False,False,True,336
ef85b4c921546129b8d4f7440f8a09a41aa652e5,68c78e1191889609dead05ea5a9fb11525ce92e2,ddc9b0b4c38da995fedf43ceef12f17dfb4db353,2d19c5fe6edadd0823925ed7dd051cb27837bccf51d5102e0bcee53271654eb9,151,A,primary,5,2,6,1,51502,42002,582061,S_C,r2,cb94a1861b00649eb0a7829154922ce5351407adcb7efa36b7f8d7aaf0b75578,ed37ddf1607a13084d9d4abcb81153324c0ad6022561dd00e240e14f4b85b96a,-0.5376657125901967,0,0,False,False,True,336
ef85b4c921546129b8d4f7440f8a09a41aa652e5,68c78e1191889609dead05ea5a9fb11525ce92e2,ddc9b0b4c38da995fedf43ceef12f17dfb4db353,2d19c5fe6edadd0823925ed7dd051cb27837bccf51d5102e0bcee53271654eb9,152,A,primary,5,2,6,2,51502,42002,582062,S_C,r2,cb94a1861b00649eb0a7829154922ce5351407adcb7efa36b7f8d7aaf0b75578,ed37ddf1607a13084d9d4abcb81153324c0ad6022561dd00e240e14f4b85b96a,-0.5111575834785762,0,0,False,False,True,336
ef85b4c921546129b8d4f7440f8a09a41aa652e5,68c78e1191889609dead05ea5a9fb11525ce92e2,ddc9b0b4c38da995fedf43ceef12f17dfb4db353,2d19c5fe6edadd0823925ed7dd051cb27837bccf51d5102e0bcee53271654eb9,153,A,primary,5,2,7,1,51502,42002,582071,S_C,r2,cb94a1861b00649eb0a7829154922ce5351407adcb7efa36b7f8d7aaf0b75578,ed37ddf1607a13084d9d4abcb81153324c0ad6022561dd00e240e14f4b85b96a,-0.579378731837848,0,0,False,False,True,336
ef85b4c921546129b8d4f7440f8a09a41aa652e5,68c78e1191889609dead05ea5a9fb11525ce92e2,ddc9b0b4c38da995fedf43ceef12f17dfb4db353,2d19c5fe6edadd0823925ed7dd051cb27837bccf51d5102e0bcee53271654eb9,154,A,primary,5,2,7,2,51502,42002,582072,S_C,r2,cb94a1861b00649eb0a7829154922ce5351407adcb7efa36b7f8d7aaf0b75578,ed37ddf1607a13084d9d4abcb81153324c0ad6022561dd00e240e14f4b85b96a,-0.5339054927640929,0,0,False,False,True,336
ef85b4c921546129b8d4f7440f8a09a41aa652e5,68c78e1191889609dead05ea5a9fb11525ce92e2,ddc9b0b4c38da995fedf43ceef12f17dfb4db353,2d19c5fe6edadd0823925ed7dd051cb27837bccf51d5102e0bcee53271654eb9,155,A,primary,5,3,1,1,51503,42003,583011,S_C,r3,3e56e119afbb8aabbd44551af3351ee6a55c0b96c7d9e6aac153faecff6a9110,dd38a6dc0c729eb26b133f73a06b99d12c5088e5248da46847456f733bcb326f,-0.6304710010610726,0,0,False,False,True,336
ef85b4c921546129b8d4f7440f8a09a41aa652e5,68c78e1191889609dead05ea5a9fb11525ce92e2,ddc9b0b4c38da995fedf43ceef12f17dfb4db353,2d19c5fe6edadd0823925ed7dd051cb27837bccf51d5102e0bcee53271654eb9,156,A,primary,5,3,1,2,51503,42003,583012,S_C,r3,3e56e119afbb8aabbd44551af3351ee6a55c0b96c7d9e6aac153faecff6a9110,dd38a6dc0c729eb26b133f73a06b99d12c5088e5248da46847456f733bcb326f,-0.6299898782125932,0,0,False,False,True,336
ef85b4c921546129b8d4f7440f8a09a41aa652e5,68c78e1191889609dead05ea5a9fb11525ce92e2,ddc9b0b4c38da995fedf43ceef12f17dfb4db353,2d19c5fe6edadd0823925ed7dd051cb27837bccf51d5102e0bcee53271654eb9,157,A,primary,5,3,2,1,51503,42003,583021,S_C,r3,3e56e119afbb8aabbd44551af3351ee6a55c0b96c7d9e6aac153faecff6a9110,dd38a6dc0c729eb26b133f73a06b99d12c5088e5248da46847456f733bcb326f,-0.5797344108561678,0,0,False,False,True,336
ef85b4c921546129b8d4f7440f8a09a41aa652e5,68c78e1191889609dead05ea5a9fb11525ce92e2,ddc9b0b4c38da995fedf43ceef12f17dfb4db353,2d19c5fe6edadd0823925ed7dd051cb27837bccf51d5102e0bcee53271654eb9,158,A,primary,5,3,2,2,51503,42003,583022,S_C,r3,3e56e119afbb8aabbd44551af3351ee6a55c0b96c7d9e6aac153faecff6a9110,dd38a6dc0c729eb26b133f73a06b99d12c5088e5248da46847456f733bcb326f,-0.5517274739321086,0,0,False,False,True,336
ef85b4c921546129b8d4f7440f8a09a41aa652e5,68c78e1191889609dead05ea5a9fb11525ce92e2,ddc9b0b4c38da995fedf43ceef12f17dfb4db353,2d19c5fe6edadd0823925ed7dd051cb27837bccf51d5102e0bcee53271654eb9,159,A,primary,5,3,3,1,51503,42003,583031,S_C,r3,3e56e119afbb8aabbd44551af3351ee6a55c0b96c7d9e6aac153faecff6a9110,dd38a6dc0c729eb26b133f73a06b99d12c5088e5248da46847456f733bcb326f,-0.5200067493493264,0,0,False,False,True,336
ef85b4c921546129b8d4f7440f8a09a41aa652e5,68c78e1191889609dead05ea5a9fb11525ce92e2,ddc9b0b4c38da995fedf43ceef12f17dfb4db353,2d19c5fe6edadd0823925ed7dd051cb27837bccf51d5102e0bcee53271654eb9,160,A,primary,5,3,3,2,51503,42003,583032,S_C,r3,3e56e119afbb8aabbd44551af3351ee6a55c0b96c7d9e6aac153faecff6a9110,dd38a6dc0c729eb26b133f73a06b99d12c5088e5248da46847456f733bcb326f,-0.5237786981545588,0,0,False,False,True,336
ef85b4c921546129b8d4f7440f8a09a41aa652e5,68c78e1191889609dead05ea5a9fb11525ce92e2,ddc9b0b4c38da995fedf43ceef12f17dfb4db353,2d19c5fe6edadd0823925ed7dd051cb27837bccf51d5102e0bcee53271654eb9,161,A,primary,5,3,4,1,51503,42003,583041,S_C,r3,3e56e119afbb8aabbd44551af3351ee6a55c0b96c7d9e6aac153faecff6a9110,dd38a6dc0c729eb26b133f73a06b99d12c5088e5248da46847456f733bcb326f,-0.5007082510489094,0,0,False,False,True,336
ef85b4c921546129b8d4f7440f8a09a41aa652e5,68c78e1191889609dead05ea5a9fb11525ce92e2,ddc9b0b4c38da995fedf43ceef12f17dfb4db353,2d19c5fe6edadd0823925ed7dd051cb27837bccf51d5102e0bcee53271654eb9,162,A,primary,5,3,4,2,51503,42003,583042,S_C,r3,3e56e119afbb8aabbd44551af3351ee6a55c0b96c7d9e6aac153faecff6a9110,dd38a6dc0c729eb26b133f73a06b99d12c5088e5248da46847456f733bcb326f,-0.4942573506531843,0,0,False,False,True,336
ef85b4c921546129b8d4f7440f8a09a41aa652e5,68c78e1191889609dead05ea5a9fb11525ce92e2,ddc9b0b4c38da995fedf43ceef12f17dfb4db353,2d19c5fe6edadd0823925ed7dd051cb27837bccf51d5102e0bcee53271654eb9,163,A,primary,5,3,5,1,51503,42003,583051,S_C,r3,3e56e119afbb8aabbd44551af3351ee6a55c0b96c7d9e6aac153faecff6a9110,dd38a6dc0c729eb26b133f73a06b99d12c5088e5248da46847456f733bcb326f,-0.436007093803369,0,0,False,False,True,336
ef85b4c921546129b8d4f7440f8a09a41aa652e5,68c78e1191889609dead05ea5a9fb11525ce92e2,ddc9b0b4c38da995fedf43ceef12f17dfb4db353,2d19c5fe6edadd0823925ed7dd051cb27837bccf51d5102e0bcee53271654eb9,164,A,primary,5,3,5,2,51503,42003,583052,S_C,r3,3e56e119afbb8aabbd44551af3351ee6a55c0b96c7d9e6aac153faecff6a9110,dd38a6dc0c729eb26b133f73a06b99d12c5088e5248da46847456f733bcb326f,-0.42907484991739664,0,0,False,False,True,336
ef85b4c921546129b8d4f7440f8a09a41aa652e5,68c78e1191889609dead05ea5a9fb11525ce92e2,ddc9b0b4c38da995fedf43ceef12f17dfb4db353,2d19c5fe6edadd0823925ed7dd051cb27837bccf51d5102e0bcee53271654eb9,165,A,primary,5,3,6,1,51503,42003,583061,S_C,r3,3e56e119afbb8aabbd44551af3351ee6a55c0b96c7d9e6aac153faecff6a9110,dd38a6dc0c729eb26b133f73a06b99d12c5088e5248da46847456f733bcb326f,-0.48648358256705576,0,0,False,False,True,336
ef85b4c921546129b8d4f7440f8a09a41aa652e5,68c78e1191889609dead05ea5a9fb11525ce92e2,ddc9b0b4c38da995fedf43ceef12f17dfb4db353,2d19c5fe6edadd0823925ed7dd051cb27837bccf51d5102e0bcee53271654eb9,166,A,primary,5,3,6,2,51503,42003,583062,S_C,r3,3e56e119afbb8aabbd44551af3351ee6a55c0b96c7d9e6aac153faecff6a9110,dd38a6dc0c729eb26b133f73a06b99d12c5088e5248da46847456f733bcb326f,-0.4962997659868207,0,0,False,False,True,336
ef85b4c921546129b8d4f7440f8a09a41aa652e5,68c78e1191889609dead05ea5a9fb11525ce92e2,ddc9b0b4c38da995fedf43ceef12f17dfb4db353,2d19c5fe6edadd0823925ed7dd051cb27837bccf51d5102e0bcee53271654eb9,167,A,primary,5,3,7,1,51503,42003,583071,S_C,r3,3e56e119afbb8aabbd44551af3351ee6a55c0b96c7d9e6aac153faecff6a9110,dd38a6dc0c729eb26b133f73a06b99d12c5088e5248da46847456f733bcb326f,-0.5428252607456177,0,0,False,False,True,336
ef85b4c921546129b8d4f7440f8a09a41aa652e5,68c78e1191889609dead05ea5a9fb11525ce92e2,ddc9b0b4c38da995fedf43ceef12f17dfb4db353,2d19c5fe6edadd0823925ed7dd051cb27837bccf51d5102e0bcee53271654eb9,168,A,primary,5,3,7,2,51503,42003,583072,S_C,r3,3e56e119afbb8aabbd44551af3351ee6a55c0b96c7d9e6aac153faecff6a9110,dd38a6dc0c729eb26b133f73a06b99d12c5088e5248da46847456f733bcb326f,-0.5234270141746453,0,0,False,False,True,336
ef85b4c921546129b8d4f7440f8a09a41aa652e5,68c78e1191889609dead05ea5a9fb11525ce92e2,ddc9b0b4c38da995fedf43ceef12f17dfb4db353,2d19c5fe6edadd0823925ed7dd051cb27837bccf51d5102e0bcee53271654eb9,169,B,sensitivity,1,1,1,1,51101,42001,541011,S_C,r1,387bda3b61226f2e22e1ca9065e35213fccc999c0b4abfa89dcce5562c2093ce,2ed450a0e79277ccd6dda97bafa504854a564af0cb41a3cd02c7b0332341dbd5,-0.511896441143844,0,0,False,False,True,336
ef85b4c921546129b8d4f7440f8a09a41aa652e5,68c78e1191889609dead05ea5a9fb11525ce92e2,ddc9b0b4c38da995fedf43ceef12f17dfb4db353,2d19c5fe6edadd0823925ed7dd051cb27837bccf51d5102e0bcee53271654eb9,170,B,sensitivity,1,1,1,2,51101,42001,541012,S_C,r1,387bda3b61226f2e22e1ca9065e35213fccc999c0b4abfa89dcce5562c2093ce,2ed450a0e79277ccd6dda97bafa504854a564af0cb41a3cd02c7b0332341dbd5,-0.5108645767967207,0,0,False,False,True,336
ef85b4c921546129b8d4f7440f8a09a41aa652e5,68c78e1191889609dead05ea5a9fb11525ce92e2,ddc9b0b4c38da995fedf43ceef12f17dfb4db353,2d19c5fe6edadd0823925ed7dd051cb27837bccf51d5102e0bcee53271654eb9,171,B,sensitivity,1,1,2,1,51101,42001,541021,S_C,r1,387bda3b61226f2e22e1ca9065e35213fccc999c0b4abfa89dcce5562c2093ce,2ed450a0e79277ccd6dda97bafa504854a564af0cb41a3cd02c7b0332341dbd5,-0.5549271460033262,0,0,False,False,True,336
ef85b4c921546129b8d4f7440f8a09a41aa652e5,68c78e1191889609dead05ea5a9fb11525ce92e2,ddc9b0b4c38da995fedf43ceef12f17dfb4db353,2d19c5fe6edadd0823925ed7dd051cb27837bccf51d5102e0bcee53271654eb9,172,B,sensitivity,1,1,2,2,51101,42001,541022,S_C,r1,387bda3b61226f2e22e1ca9065e35213fccc999c0b4abfa89dcce5562c2093ce,2ed450a0e79277ccd6dda97bafa504854a564af0cb41a3cd02c7b0332341dbd5,-0.536533924976534,0,0,False,False,True,336
ef85b4c921546129b8d4f7440f8a09a41aa652e5,68c78e1191889609dead05ea5a9fb11525ce92e2,ddc9b0b4c38da995fedf43ceef12f17dfb4db353,2d19c5fe6edadd0823925ed7dd051cb27837bccf51d5102e0bcee53271654eb9,173,B,sensitivity,1,1,3,1,51101,42001,541031,S_C,r1,387bda3b61226f2e22e1ca9065e35213fccc999c0b4abfa89dcce5562c2093ce,2ed450a0e79277ccd6dda97bafa504854a564af0cb41a3cd02c7b0332341dbd5,-0.5836473461801792,0,0,False,False,True,336
ef85b4c921546129b8d4f7440f8a09a41aa652e5,68c78e1191889609dead05ea5a9fb11525ce92e2,ddc9b0b4c38da995fedf43ceef12f17dfb4db353,2d19c5fe6edadd0823925ed7dd051cb27837bccf51d5102e0bcee53271654eb9,174,B,sensitivity,1,1,3,2,51101,42001,541032,S_C,r1,387bda3b61226f2e22e1ca9065e35213fccc999c0b4abfa89dcce5562c2093ce,2ed450a0e79277ccd6dda97bafa504854a564af0cb41a3cd02c7b0332341dbd5,-0.5802992775882697,0,0,False,False,True,336
ef85b4c921546129b8d4f7440f8a09a41aa652e5,68c78e1191889609dead05ea5a9fb11525ce92e2,ddc9b0b4c38da995fedf43ceef12f17dfb4db353,2d19c5fe6edadd0823925ed7dd051cb27837bccf51d5102e0bcee53271654eb9,175,B,sensitivity,1,1,4,1,51101,42001,541041,S_C,r1,387bda3b61226f2e22e1ca9065e35213fccc999c0b4abfa89dcce5562c2093ce,2ed450a0e79277ccd6dda97bafa504854a564af0cb41a3cd02c7b0332341dbd5,-0.5504604380637418,0,0,False,False,True,336
ef85b4c921546129b8d4f7440f8a09a41aa652e5,68c78e1191889609dead05ea5a9fb11525ce92e2,ddc9b0b4c38da995fedf43ceef12f17dfb4db353,2d19c5fe6edadd0823925ed7dd051cb27837bccf51d5102e0bcee53271654eb9,176,B,sensitivity,1,1,4,2,51101,42001,541042,S_C,r1,387bda3b61226f2e22e1ca9065e35213fccc999c0b4abfa89dcce5562c2093ce,2ed450a0e79277ccd6dda97bafa504854a564af0cb41a3cd02c7b0332341dbd5,-0.5638921740813683,0,0,False,False,True,336
ef85b4c921546129b8d4f7440f8a09a41aa652e5,68c78e1191889609dead05ea5a9fb11525ce92e2,ddc9b0b4c38da995fedf43ceef12f17dfb4db353,2d19c5fe6edadd0823925ed7dd051cb27837bccf51d5102e0bcee53271654eb9,177,B,sensitivity,1,1,5,1,51101,42001,541051,S_C,r1,387bda3b61226f2e22e1ca9065e35213fccc999c0b4abfa89dcce5562c2093ce,2ed450a0e79277ccd6dda97bafa504854a564af0cb41a3cd02c7b0332341dbd5,-0.617516716588179,0,0,False,False,True,336
ef85b4c921546129b8d4f7440f8a09a41aa652e5,68c78e1191889609dead05ea5a9fb11525ce92e2,ddc9b0b4c38da995fedf43ceef12f17dfb4db353,2d19c5fe6edadd0823925ed7dd051cb27837bccf51d5102e0bcee53271654eb9,178,B,sensitivity,1,1,5,2,51101,42001,541052,S_C,r1,387bda3b61226f2e22e1ca9065e35213fccc999c0b4abfa89dcce5562c2093ce,2ed450a0e79277ccd6dda97bafa504854a564af0cb41a3cd02c7b0332341dbd5,-0.5409634062343767,0,0,False,False,True,336
ef85b4c921546129b8d4f7440f8a09a41aa652e5,68c78e1191889609dead05ea5a9fb11525ce92e2,ddc9b0b4c38da995fedf43ceef12f17dfb4db353,2d19c5fe6edadd0823925ed7dd051cb27837bccf51d5102e0bcee53271654eb9,179,B,sensitivity,1,1,6,1,51101,42001,541061,S_C,r1,387bda3b61226f2e22e1ca9065e35213fccc999c0b4abfa89dcce5562c2093ce,2ed450a0e79277ccd6dda97bafa504854a564af0cb41a3cd02c7b0332341dbd5,-0.6214952298693861,0,0,False,False,True,336
ef85b4c921546129b8d4f7440f8a09a41aa652e5,68c78e1191889609dead05ea5a9fb11525ce92e2,ddc9b0b4c38da995fedf43ceef12f17dfb4db353,2d19c5fe6edadd0823925ed7dd051cb27837bccf51d5102e0bcee53271654eb9,180,B,sensitivity,1,1,6,2,51101,42001,541062,S_C,r1,387bda3b61226f2e22e1ca9065e35213fccc999c0b4abfa89dcce5562c2093ce,2ed450a0e79277ccd6dda97bafa504854a564af0cb41a3cd02c7b0332341dbd5,-0.59158483567398,0,0,False,False,True,336
ef85b4c921546129b8d4f7440f8a09a41aa652e5,68c78e1191889609dead05ea5a9fb11525ce92e2,ddc9b0b4c38da995fedf43ceef12f17dfb4db353,2d19c5fe6edadd0823925ed7dd051cb27837bccf51d5102e0bcee53271654eb9,181,B,sensitivity,1,1,7,1,51101,42001,541071,S_C,r1,387bda3b61226f2e22e1ca9065e35213fccc999c0b4abfa89dcce5562c2093ce,2ed450a0e79277ccd6dda97bafa504854a564af0cb41a3cd02c7b0332341dbd5,-0.6166808372586395,0,0,False,False,True,336
ef85b4c921546129b8d4f7440f8a09a41aa652e5,68c78e1191889609dead05ea5a9fb11525ce92e2,ddc9b0b4c38da995fedf43ceef12f17dfb4db353,2d19c5fe6edadd0823925ed7dd051cb27837bccf51d5102e0bcee53271654eb9,182,B,sensitivity,1,1,7,2,51101,42001,541072,S_C,r1,387bda3b61226f2e22e1ca9065e35213fccc999c0b4abfa89dcce5562c2093ce,2ed450a0e79277ccd6dda97bafa504854a564af0cb41a3cd02c7b0332341dbd5,-0.6991572167146481,0,0,False,False,True,336
ef85b4c921546129b8d4f7440f8a09a41aa652e5,68c78e1191889609dead05ea5a9fb11525ce92e2,ddc9b0b4c38da995fedf43ceef12f17dfb4db353,2d19c5fe6edadd0823925ed7dd051cb27837bccf51d5102e0bcee53271654eb9,183,B,sensitivity,1,2,1,1,51102,42002,542011,S_C,r2,cb94a1861b00649eb0a7829154922ce5351407adcb7efa36b7f8d7aaf0b75578,ed37ddf1607a13084d9d4abcb81153324c0ad6022561dd00e240e14f4b85b96a,-0.45196566786081227,0,0,False,False,True,336
ef85b4c921546129b8d4f7440f8a09a41aa652e5,68c78e1191889609dead05ea5a9fb11525ce92e2,ddc9b0b4c38da995fedf43ceef12f17dfb4db353,2d19c5fe6edadd0823925ed7dd051cb27837bccf51d5102e0bcee53271654eb9,184,B,sensitivity,1,2,1,2,51102,42002,542012,S_C,r2,cb94a1861b00649eb0a7829154922ce5351407adcb7efa36b7f8d7aaf0b75578,ed37ddf1607a13084d9d4abcb81153324c0ad6022561dd00e240e14f4b85b96a,-0.45458690373745475,0,0,False,False,True,336
ef85b4c921546129b8d4f7440f8a09a41aa652e5,68c78e1191889609dead05ea5a9fb11525ce92e2,ddc9b0b4c38da995fedf43ceef12f17dfb4db353,2d19c5fe6edadd0823925ed7dd051cb27837bccf51d5102e0bcee53271654eb9,185,B,sensitivity,1,2,2,1,51102,42002,542021,S_C,r2,cb94a1861b00649eb0a7829154922ce5351407adcb7efa36b7f8d7aaf0b75578,ed37ddf1607a13084d9d4abcb81153324c0ad6022561dd00e240e14f4b85b96a,-0.48397518414190865,0,0,False,False,True,336
ef85b4c921546129b8d4f7440f8a09a41aa652e5,68c78e1191889609dead05ea5a9fb11525ce92e2,ddc9b0b4c38da995fedf43ceef12f17dfb4db353,2d19c5fe6edadd0823925ed7dd051cb27837bccf51d5102e0bcee53271654eb9,186,B,sensitivity,1,2,2,2,51102,42002,542022,S_C,r2,cb94a1861b00649eb0a7829154922ce5351407adcb7efa36b7f8d7aaf0b75578,ed37ddf1607a13084d9d4abcb81153324c0ad6022561dd00e240e14f4b85b96a,-0.5003418106300721,0,0,False,False,True,336
ef85b4c921546129b8d4f7440f8a09a41aa652e5,68c78e1191889609dead05ea5a9fb11525ce92e2,ddc9b0b4c38da995fedf43ceef12f17dfb4db353,2d19c5fe6edadd0823925ed7dd051cb27837bccf51d5102e0bcee53271654eb9,187,B,sensitivity,1,2,3,1,51102,42002,542031,S_C,r2,cb94a1861b00649eb0a7829154922ce5351407adcb7efa36b7f8d7aaf0b75578,ed37ddf1607a13084d9d4abcb81153324c0ad6022561dd00e240e14f4b85b96a,-0.5104290570470228,0,0,False,False,True,336
ef85b4c921546129b8d4f7440f8a09a41aa652e5,68c78e1191889609dead05ea5a9fb11525ce92e2,ddc9b0b4c38da995fedf43ceef12f17dfb4db353,2d19c5fe6edadd0823925ed7dd051cb27837bccf51d5102e0bcee53271654eb9,188,B,sensitivity,1,2,3,2,51102,42002,542032,S_C,r2,cb94a1861b00649eb0a7829154922ce5351407adcb7efa36b7f8d7aaf0b75578,ed37ddf1607a13084d9d4abcb81153324c0ad6022561dd00e240e14f4b85b96a,-0.48551962111270597,0,0,False,False,True,336
ef85b4c921546129b8d4f7440f8a09a41aa652e5,68c78e1191889609dead05ea5a9fb11525ce92e2,ddc9b0b4c38da995fedf43ceef12f17dfb4db353,2d19c5fe6edadd0823925ed7dd051cb27837bccf51d5102e0bcee53271654eb9,189,B,sensitivity,1,2,4,1,51102,42002,542041,S_C,r2,cb94a1861b00649eb0a7829154922ce5351407adcb7efa36b7f8d7aaf0b75578,ed37ddf1607a13084d9d4abcb81153324c0ad6022561dd00e240e14f4b85b96a,-0.5237263894244728,0,0,False,False,True,336
ef85b4c921546129b8d4f7440f8a09a41aa652e5,68c78e1191889609dead05ea5a9fb11525ce92e2,ddc9b0b4c38da995fedf43ceef12f17dfb4db353,2d19c5fe6edadd0823925ed7dd051cb27837bccf51d5102e0bcee53271654eb9,190,B,sensitivity,1,2,4,2,51102,42002,542042,S_C,r2,cb94a1861b00649eb0a7829154922ce5351407adcb7efa36b7f8d7aaf0b75578,ed37ddf1607a13084d9d4abcb81153324c0ad6022561dd00e240e14f4b85b96a,-0.5034902351436348,0,0,False,False,True,336
ef85b4c921546129b8d4f7440f8a09a41aa652e5,68c78e1191889609dead05ea5a9fb11525ce92e2,ddc9b0b4c38da995fedf43ceef12f17dfb4db353,2d19c5fe6edadd0823925ed7dd051cb27837bccf51d5102e0bcee53271654eb9,191,B,sensitivity,1,2,5,1,51102,42002,542051,S_C,r2,cb94a1861b00649eb0a7829154922ce5351407adcb7efa36b7f8d7aaf0b75578,ed37ddf1607a13084d9d4abcb81153324c0ad6022561dd00e240e14f4b85b96a,-0.5498292785251697,0,0,False,False,True,336
ef85b4c921546129b8d4f7440f8a09a41aa652e5,68c78e1191889609dead05ea5a9fb11525ce92e2,ddc9b0b4c38da995fedf43ceef12f17dfb4db353,2d19c5fe6edadd0823925ed7dd051cb27837bccf51d5102e0bcee53271654eb9,192,B,sensitivity,1,2,5,2,51102,42002,542052,S_C,r2,cb94a1861b00649eb0a7829154922ce5351407adcb7efa36b7f8d7aaf0b75578,ed37ddf1607a13084d9d4abcb81153324c0ad6022561dd00e240e14f4b85b96a,-0.5672423380182511,0,0,False,False,True,336
ef85b4c921546129b8d4f7440f8a09a41aa652e5,68c78e1191889609dead05ea5a9fb11525ce92e2,ddc9b0b4c38da995fedf43ceef12f17dfb4db353,2d19c5fe6edadd0823925ed7dd051cb27837bccf51d5102e0bcee53271654eb9,193,B,sensitivity,1,2,6,1,51102,42002,542061,S_C,r2,cb94a1861b00649eb0a7829154922ce5351407adcb7efa36b7f8d7aaf0b75578,ed37ddf1607a13084d9d4abcb81153324c0ad6022561dd00e240e14f4b85b96a,-0.5670165686428241,0,0,False,False,True,336
ef85b4c921546129b8d4f7440f8a09a41aa652e5,68c78e1191889609dead05ea5a9fb11525ce92e2,ddc9b0b4c38da995fedf43ceef12f17dfb4db353,2d19c5fe6edadd0823925ed7dd051cb27837bccf51d5102e0bcee53271654eb9,194,B,sensitivity,1,2,6,2,51102,42002,542062,S_C,r2,cb94a1861b00649eb0a7829154922ce5351407adcb7efa36b7f8d7aaf0b75578,ed37ddf1607a13084d9d4abcb81153324c0ad6022561dd00e240e14f4b85b96a,-0.5629305430165262,0,0,False,False,True,336
ef85b4c921546129b8d4f7440f8a09a41aa652e5,68c78e1191889609dead05ea5a9fb11525ce92e2,ddc9b0b4c38da995fedf43ceef12f17dfb4db353,2d19c5fe6edadd0823925ed7dd051cb27837bccf51d5102e0bcee53271654eb9,195,B,sensitivity,1,2,7,1,51102,42002,542071,S_C,r2,cb94a1861b00649eb0a7829154922ce5351407adcb7efa36b7f8d7aaf0b75578,ed37ddf1607a13084d9d4abcb81153324c0ad6022561dd00e240e14f4b85b96a,-0.538425187863698,0,0,False,False,True,336
ef85b4c921546129b8d4f7440f8a09a41aa652e5,68c78e1191889609dead05ea5a9fb11525ce92e2,ddc9b0b4c38da995fedf43ceef12f17dfb4db353,2d19c5fe6edadd0823925ed7dd051cb27837bccf51d5102e0bcee53271654eb9,196,B,sensitivity,1,2,7,2,51102,42002,542072,S_C,r2,cb94a1861b00649eb0a7829154922ce5351407adcb7efa36b7f8d7aaf0b75578,ed37ddf1607a13084d9d4abcb81153324c0ad6022561dd00e240e14f4b85b96a,-0.5771710857961742,0,0,False,False,True,336
ef85b4c921546129b8d4f7440f8a09a41aa652e5,68c78e1191889609dead05ea5a9fb11525ce92e2,ddc9b0b4c38da995fedf43ceef12f17dfb4db353,2d19c5fe6edadd0823925ed7dd051cb27837bccf51d5102e0bcee53271654eb9,197,B,sensitivity,1,3,1,1,51103,42003,543011,S_C,r3,3e56e119afbb8aabbd44551af3351ee6a55c0b96c7d9e6aac153faecff6a9110,dd38a6dc0c729eb26b133f73a06b99d12c5088e5248da46847456f733bcb326f,-0.44465074280804706,0,0,False,False,True,336
ef85b4c921546129b8d4f7440f8a09a41aa652e5,68c78e1191889609dead05ea5a9fb11525ce92e2,ddc9b0b4c38da995fedf43ceef12f17dfb4db353,2d19c5fe6edadd0823925ed7dd051cb27837bccf51d5102e0bcee53271654eb9,198,B,sensitivity,1,3,1,2,51103,42003,543012,S_C,r3,3e56e119afbb8aabbd44551af3351ee6a55c0b96c7d9e6aac153faecff6a9110,dd38a6dc0c729eb26b133f73a06b99d12c5088e5248da46847456f733bcb326f,-0.4351009917648821,0,0,False,False,True,336
ef85b4c921546129b8d4f7440f8a09a41aa652e5,68c78e1191889609dead05ea5a9fb11525ce92e2,ddc9b0b4c38da995fedf43ceef12f17dfb4db353,2d19c5fe6edadd0823925ed7dd051cb27837bccf51d5102e0bcee53271654eb9,199,B,sensitivity,1,3,2,1,51103,42003,543021,S_C,r3,3e56e119afbb8aabbd44551af3351ee6a55c0b96c7d9e6aac153faecff6a9110,dd38a6dc0c729eb26b133f73a06b99d12c5088e5248da46847456f733bcb326f,-0.46481797073527636,0,0,False,False,True,336
ef85b4c921546129b8d4f7440f8a09a41aa652e5,68c78e1191889609dead05ea5a9fb11525ce92e2,ddc9b0b4c38da995fedf43ceef12f17dfb4db353,2d19c5fe6edadd0823925ed7dd051cb27837bccf51d5102e0bcee53271654eb9,200,B,sensitivity,1,3,2,2,51103,42003,543022,S_C,r3,3e56e119afbb8aabbd44551af3351ee6a55c0b96c7d9e6aac153faecff6a9110,dd38a6dc0c729eb26b133f73a06b99d12c5088e5248da46847456f733bcb326f,-0.4611411752109728,0,0,False,False,True,336
ef85b4c921546129b8d4f7440f8a09a41aa652e5,68c78e1191889609dead05ea5a9fb11525ce92e2,ddc9b0b4c38da995fedf43ceef12f17dfb4db353,2d19c5fe6edadd0823925ed7dd051cb27837bccf51d5102e0bcee53271654eb9,201,B,sensitivity,1,3,3,1,51103,42003,543031,S_C,r3,3e56e119afbb8aabbd44551af3351ee6a55c0b96c7d9e6aac153faecff6a9110,dd38a6dc0c729eb26b133f73a06b99d12c5088e5248da46847456f733bcb326f,-0.4625485922662433,0,0,False,False,True,336
ef85b4c921546129b8d4f7440f8a09a41aa652e5,68c78e1191889609dead05ea5a9fb11525ce92e2,ddc9b0b4c38da995fedf43ceef12f17dfb4db353,2d19c5fe6edadd0823925ed7dd051cb27837bccf51d5102e0bcee53271654eb9,202,B,sensitivity,1,3,3,2,51103,42003,543032,S_C,r3,3e56e119afbb8aabbd44551af3351ee6a55c0b96c7d9e6aac153faecff6a9110,dd38a6dc0c729eb26b133f73a06b99d12c5088e5248da46847456f733bcb326f,-0.4796723414586128,0,0,False,False,True,336
ef85b4c921546129b8d4f7440f8a09a41aa652e5,68c78e1191889609dead05ea5a9fb11525ce92e2,ddc9b0b4c38da995fedf43ceef12f17dfb4db353,2d19c5fe6edadd0823925ed7dd051cb27837bccf51d5102e0bcee53271654eb9,203,B,sensitivity,1,3,4,1,51103,42003,543041,S_C,r3,3e56e119afbb8aabbd44551af3351ee6a55c0b96c7d9e6aac153faecff6a9110,dd38a6dc0c729eb26b133f73a06b99d12c5088e5248da46847456f733bcb326f,-0.5004372589049673,0,0,False,False,True,336
ef85b4c921546129b8d4f7440f8a09a41aa652e5,68c78e1191889609dead05ea5a9fb11525ce92e2,ddc9b0b4c38da995fedf43ceef12f17dfb4db353,2d19c5fe6edadd0823925ed7dd051cb27837bccf51d5102e0bcee53271654eb9,204,B,sensitivity,1,3,4,2,51103,42003,543042,S_C,r3,3e56e119afbb8aabbd44551af3351ee6a55c0b96c7d9e6aac153faecff6a9110,dd38a6dc0c729eb26b133f73a06b99d12c5088e5248da46847456f733bcb326f,-0.47418540062099784,0,0,False,False,True,336
ef85b4c921546129b8d4f7440f8a09a41aa652e5,68c78e1191889609dead05ea5a9fb11525ce92e2,ddc9b0b4c38da995fedf43ceef12f17dfb4db353,2d19c5fe6edadd0823925ed7dd051cb27837bccf51d5102e0bcee53271654eb9,205,B,sensitivity,1,3,5,1,51103,42003,543051,S_C,r3,3e56e119afbb8aabbd44551af3351ee6a55c0b96c7d9e6aac153faecff6a9110,dd38a6dc0c729eb26b133f73a06b99d12c5088e5248da46847456f733bcb326f,-0.5302592252884414,0,0,False,False,True,336
ef85b4c921546129b8d4f7440f8a09a41aa652e5,68c78e1191889609dead05ea5a9fb11525ce92e2,ddc9b0b4c38da995fedf43ceef12f17dfb4db353,2d19c5fe6edadd0823925ed7dd051cb27837bccf51d5102e0bcee53271654eb9,206,B,sensitivity,1,3,5,2,51103,42003,543052,S_C,r3,3e56e119afbb8aabbd44551af3351ee6a55c0b96c7d9e6aac153faecff6a9110,dd38a6dc0c729eb26b133f73a06b99d12c5088e5248da46847456f733bcb326f,-0.5091711031697462,0,0,False,False,True,336
ef85b4c921546129b8d4f7440f8a09a41aa652e5,68c78e1191889609dead05ea5a9fb11525ce92e2,ddc9b0b4c38da995fedf43ceef12f17dfb4db353,2d19c5fe6edadd0823925ed7dd051cb27837bccf51d5102e0bcee53271654eb9,207,B,sensitivity,1,3,6,1,51103,42003,543061,S_C,r3,3e56e119afbb8aabbd44551af3351ee6a55c0b96c7d9e6aac153faecff6a9110,dd38a6dc0c729eb26b133f73a06b99d12c5088e5248da46847456f733bcb326f,-0.5589107523512927,0,0,False,False,True,336
ef85b4c921546129b8d4f7440f8a09a41aa652e5,68c78e1191889609dead05ea5a9fb11525ce92e2,ddc9b0b4c38da995fedf43ceef12f17dfb4db353,2d19c5fe6edadd0823925ed7dd051cb27837bccf51d5102e0bcee53271654eb9,208,B,sensitivity,1,3,6,2,51103,42003,543062,S_C,r3,3e56e119afbb8aabbd44551af3351ee6a55c0b96c7d9e6aac153faecff6a9110,dd38a6dc0c729eb26b133f73a06b99d12c5088e5248da46847456f733bcb326f,-0.5225680601144858,0,0,False,False,True,336
ef85b4c921546129b8d4f7440f8a09a41aa652e5,68c78e1191889609dead05ea5a9fb11525ce92e2,ddc9b0b4c38da995fedf43ceef12f17dfb4db353,2d19c5fe6edadd0823925ed7dd051cb27837bccf51d5102e0bcee53271654eb9,209,B,sensitivity,1,3,7,1,51103,42003,543071,S_C,r3,3e56e119afbb8aabbd44551af3351ee6a55c0b96c7d9e6aac153faecff6a9110,dd38a6dc0c729eb26b133f73a06b99d12c5088e5248da46847456f733bcb326f,-0.5668453979662776,0,0,False,False,True,336
ef85b4c921546129b8d4f7440f8a09a41aa652e5,68c78e1191889609dead05ea5a9fb11525ce92e2,ddc9b0b4c38da995fedf43ceef12f17dfb4db353,2d19c5fe6edadd0823925ed7dd051cb27837bccf51d5102e0bcee53271654eb9,210,B,sensitivity,1,3,7,2,51103,42003,543072,S_C,r3,3e56e119afbb8aabbd44551af3351ee6a55c0b96c7d9e6aac153faecff6a9110,dd38a6dc0c729eb26b133f73a06b99d12c5088e5248da46847456f733bcb326f,-0.5579029021655415,0,0,False,False,True,336
ef85b4c921546129b8d4f7440f8a09a41aa652e5,68c78e1191889609dead05ea5a9fb11525ce92e2,ddc9b0b4c38da995fedf43ceef12f17dfb4db353,2d19c5fe6edadd0823925ed7dd051cb27837bccf51d5102e0bcee53271654eb9,211,B,sensitivity,2,1,1,1,51201,42001,551011,S_C,r1,387bda3b61226f2e22e1ca9065e35213fccc999c0b4abfa89dcce5562c2093ce,2ed450a0e79277ccd6dda97bafa504854a564af0cb41a3cd02c7b0332341dbd5,-0.6011441110762659,0,0,False,False,True,336
ef85b4c921546129b8d4f7440f8a09a41aa652e5,68c78e1191889609dead05ea5a9fb11525ce92e2,ddc9b0b4c38da995fedf43ceef12f17dfb4db353,2d19c5fe6edadd0823925ed7dd051cb27837bccf51d5102e0bcee53271654eb9,212,B,sensitivity,2,1,1,2,51201,42001,551012,S_C,r1,387bda3b61226f2e22e1ca9065e35213fccc999c0b4abfa89dcce5562c2093ce,2ed450a0e79277ccd6dda97bafa504854a564af0cb41a3cd02c7b0332341dbd5,-0.5982551751622838,0,0,False,False,True,336
ef85b4c921546129b8d4f7440f8a09a41aa652e5,68c78e1191889609dead05ea5a9fb11525ce92e2,ddc9b0b4c38da995fedf43ceef12f17dfb4db353,2d19c5fe6edadd0823925ed7dd051cb27837bccf51d5102e0bcee53271654eb9,213,B,sensitivity,2,1,2,1,51201,42001,551021,S_C,r1,387bda3b61226f2e22e1ca9065e35213fccc999c0b4abfa89dcce5562c2093ce,2ed450a0e79277ccd6dda97bafa504854a564af0cb41a3cd02c7b0332341dbd5,-0.48510404119422995,0,0,False,False,True,336
ef85b4c921546129b8d4f7440f8a09a41aa652e5,68c78e1191889609dead05ea5a9fb11525ce92e2,ddc9b0b4c38da995fedf43ceef12f17dfb4db353,2d19c5fe6edadd0823925ed7dd051cb27837bccf51d5102e0bcee53271654eb9,214,B,sensitivity,2,1,2,2,51201,42001,551022,S_C,r1,387bda3b61226f2e22e1ca9065e35213fccc999c0b4abfa89dcce5562c2093ce,2ed450a0e79277ccd6dda97bafa504854a564af0cb41a3cd02c7b0332341dbd5,-0.465144514664301,0,0,False,False,True,336
ef85b4c921546129b8d4f7440f8a09a41aa652e5,68c78e1191889609dead05ea5a9fb11525ce92e2,ddc9b0b4c38da995fedf43ceef12f17dfb4db353,2d19c5fe6edadd0823925ed7dd051cb27837bccf51d5102e0bcee53271654eb9,215,B,sensitivity,2,1,3,1,51201,42001,551031,S_C,r1,387bda3b61226f2e22e1ca9065e35213fccc999c0b4abfa89dcce5562c2093ce,2ed450a0e79277ccd6dda97bafa504854a564af0cb41a3cd02c7b0332341dbd5,-0.5092832927777077,0,0,False,False,True,336
ef85b4c921546129b8d4f7440f8a09a41aa652e5,68c78e1191889609dead05ea5a9fb11525ce92e2,ddc9b0b4c38da995fedf43ceef12f17dfb4db353,2d19c5fe6edadd0823925ed7dd051cb27837bccf51d5102e0bcee53271654eb9,216,B,sensitivity,2,1,3,2,51201,42001,551032,S_C,r1,387bda3b61226f2e22e1ca9065e35213fccc999c0b4abfa89dcce5562c2093ce,2ed450a0e79277ccd6dda97bafa504854a564af0cb41a3cd02c7b0332341dbd5,-0.5132562430573124,0,0,False,False,True,336
ef85b4c921546129b8d4f7440f8a09a41aa652e5,68c78e1191889609dead05ea5a9fb11525ce92e2,ddc9b0b4c38da995fedf43ceef12f17dfb4db353,2d19c5fe6edadd0823925ed7dd051cb27837bccf51d5102e0bcee53271654eb9,217,B,sensitivity,2,1,4,1,51201,42001,551041,S_C,r1,387bda3b61226f2e22e1ca9065e35213fccc999c0b4abfa89dcce5562c2093ce,2ed450a0e79277ccd6dda97bafa504854a564af0cb41a3cd02c7b0332341dbd5,-0.5435251759855556,0,0,False,False,True,336
ef85b4c921546129b8d4f7440f8a09a41aa652e5,68c78e1191889609dead05ea5a9fb11525ce92e2,ddc9b0b4c38da995fedf43ceef12f17dfb4db353,2d19c5fe6edadd0823925ed7dd051cb27837bccf51d5102e0bcee53271654eb9,218,B,sensitivity,2,1,4,2,51201,42001,551042,S_C,r1,387bda3b61226f2e22e1ca9065e35213fccc999c0b4abfa89dcce5562c2093ce,2ed450a0e79277ccd6dda97bafa504854a564af0cb41a3cd02c7b0332341dbd5,-0.5200137263835302,0,0,False,False,True,336
ef85b4c921546129b8d4f7440f8a09a41aa652e5,68c78e1191889609dead05ea5a9fb11525ce92e2,ddc9b0b4c38da995fedf43ceef12f17dfb4db353,2d19c5fe6edadd0823925ed7dd051cb27837bccf51d5102e0bcee53271654eb9,219,B,sensitivity,2,1,5,1,51201,42001,551051,S_C,r1,387bda3b61226f2e22e1ca9065e35213fccc999c0b4abfa89dcce5562c2093ce,2ed450a0e79277ccd6dda97bafa504854a564af0cb41a3cd02c7b0332341dbd5,-0.5750328602870118,0,0,False,False,True,336
ef85b4c921546129b8d4f7440f8a09a41aa652e5,68c78e1191889609dead05ea5a9fb11525ce92e2,ddc9b0b4c38da995fedf43ceef12f17dfb4db353,2d19c5fe6edadd0823925ed7dd051cb27837bccf51d5102e0bcee53271654eb9,220,B,sensitivity,2,1,5,2,51201,42001,551052,S_C,r1,387bda3b61226f2e22e1ca9065e35213fccc999c0b4abfa89dcce5562c2093ce,2ed450a0e79277ccd6dda97bafa504854a564af0cb41a3cd02c7b0332341dbd5,-0.5037671400274302,0,0,False,False,True,336
ef85b4c921546129b8d4f7440f8a09a41aa652e5,68c78e1191889609dead05ea5a9fb11525ce92e2,ddc9b0b4c38da995fedf43ceef12f17dfb4db353,2d19c5fe6edadd0823925ed7dd051cb27837bccf51d5102e0bcee53271654eb9,221,B,sensitivity,2,1,6,1,51201,42001,551061,S_C,r1,387bda3b61226f2e22e1ca9065e35213fccc999c0b4abfa89dcce5562c2093ce,2ed450a0e79277ccd6dda97bafa504854a564af0cb41a3cd02c7b0332341dbd5,-0.5743374766992192,0,0,False,False,True,336
ef85b4c921546129b8d4f7440f8a09a41aa652e5,68c78e1191889609dead05ea5a9fb11525ce92e2,ddc9b0b4c38da995fedf43ceef12f17dfb4db353,2d19c5fe6edadd0823925ed7dd051cb27837bccf51d5102e0bcee53271654eb9,222,B,sensitivity,2,1,6,2,51201,42001,551062,S_C,r1,387bda3b61226f2e22e1ca9065e35213fccc999c0b4abfa89dcce5562c2093ce,2ed450a0e79277ccd6dda97bafa504854a564af0cb41a3cd02c7b0332341dbd5,-0.5769442981052614,0,0,False,False,True,336
ef85b4c921546129b8d4f7440f8a09a41aa652e5,68c78e1191889609dead05ea5a9fb11525ce92e2,ddc9b0b4c38da995fedf43ceef12f17dfb4db353,2d19c5fe6edadd0823925ed7dd051cb27837bccf51d5102e0bcee53271654eb9,223,B,sensitivity,2,1,7,1,51201,42001,551071,S_C,r1,387bda3b61226f2e22e1ca9065e35213fccc999c0b4abfa89dcce5562c2093ce,2ed450a0e79277ccd6dda97bafa504854a564af0cb41a3cd02c7b0332341dbd5,-0.6411938981704572,0,0,False,False,True,336
ef85b4c921546129b8d4f7440f8a09a41aa652e5,68c78e1191889609dead05ea5a9fb11525ce92e2,ddc9b0b4c38da995fedf43ceef12f17dfb4db353,2d19c5fe6edadd0823925ed7dd051cb27837bccf51d5102e0bcee53271654eb9,224,B,sensitivity,2,1,7,2,51201,42001,551072,S_C,r1,387bda3b61226f2e22e1ca9065e35213fccc999c0b4abfa89dcce5562c2093ce,2ed450a0e79277ccd6dda97bafa504854a564af0cb41a3cd02c7b0332341dbd5,-0.6225613116922301,0,0,False,False,True,336
ef85b4c921546129b8d4f7440f8a09a41aa652e5,68c78e1191889609dead05ea5a9fb11525ce92e2,ddc9b0b4c38da995fedf43ceef12f17dfb4db353,2d19c5fe6edadd0823925ed7dd051cb27837bccf51d5102e0bcee53271654eb9,225,B,sensitivity,2,2,1,1,51202,42002,552011,S_C,r2,cb94a1861b00649eb0a7829154922ce5351407adcb7efa36b7f8d7aaf0b75578,ed37ddf1607a13084d9d4abcb81153324c0ad6022561dd00e240e14f4b85b96a,-0.5470129457040105,0,0,False,False,True,336
ef85b4c921546129b8d4f7440f8a09a41aa652e5,68c78e1191889609dead05ea5a9fb11525ce92e2,ddc9b0b4c38da995fedf43ceef12f17dfb4db353,2d19c5fe6edadd0823925ed7dd051cb27837bccf51d5102e0bcee53271654eb9,226,B,sensitivity,2,2,1,2,51202,42002,552012,S_C,r2,cb94a1861b00649eb0a7829154922ce5351407adcb7efa36b7f8d7aaf0b75578,ed37ddf1607a13084d9d4abcb81153324c0ad6022561dd00e240e14f4b85b96a,-0.5478970963300818,0,0,False,False,True,336
ef85b4c921546129b8d4f7440f8a09a41aa652e5,68c78e1191889609dead05ea5a9fb11525ce92e2,ddc9b0b4c38da995fedf43ceef12f17dfb4db353,2d19c5fe6edadd0823925ed7dd051cb27837bccf51d5102e0bcee53271654eb9,227,B,sensitivity,2,2,2,1,51202,42002,552021,S_C,r2,cb94a1861b00649eb0a7829154922ce5351407adcb7efa36b7f8d7aaf0b75578,ed37ddf1607a13084d9d4abcb81153324c0ad6022561dd00e240e14f4b85b96a,-0.4300772595449286,0,0,False,False,True,336
ef85b4c921546129b8d4f7440f8a09a41aa652e5,68c78e1191889609dead05ea5a9fb11525ce92e2,ddc9b0b4c38da995fedf43ceef12f17dfb4db353,2d19c5fe6edadd0823925ed7dd051cb27837bccf51d5102e0bcee53271654eb9,228,B,sensitivity,2,2,2,2,51202,42002,552022,S_C,r2,cb94a1861b00649eb0a7829154922ce5351407adcb7efa36b7f8d7aaf0b75578,ed37ddf1607a13084d9d4abcb81153324c0ad6022561dd00e240e14f4b85b96a,-0.40877984713605786,0,0,False,False,True,336
ef85b4c921546129b8d4f7440f8a09a41aa652e5,68c78e1191889609dead05ea5a9fb11525ce92e2,ddc9b0b4c38da995fedf43ceef12f17dfb4db353,2d19c5fe6edadd0823925ed7dd051cb27837bccf51d5102e0bcee53271654eb9,229,B,sensitivity,2,2,3,1,51202,42002,552031,S_C,r2,cb94a1861b00649eb0a7829154922ce5351407adcb7efa36b7f8d7aaf0b75578,ed37ddf1607a13084d9d4abcb81153324c0ad6022561dd00e240e14f4b85b96a,-0.4065564162855457,0,0,False,False,True,336
ef85b4c921546129b8d4f7440f8a09a41aa652e5,68c78e1191889609dead05ea5a9fb11525ce92e2,ddc9b0b4c38da995fedf43ceef12f17dfb4db353,2d19c5fe6edadd0823925ed7dd051cb27837bccf51d5102e0bcee53271654eb9,230,B,sensitivity,2,2,3,2,51202,42002,552032,S_C,r2,cb94a1861b00649eb0a7829154922ce5351407adcb7efa36b7f8d7aaf0b75578,ed37ddf1607a13084d9d4abcb81153324c0ad6022561dd00e240e14f4b85b96a,-0.42656887092030804,0,0,False,False,True,336
ef85b4c921546129b8d4f7440f8a09a41aa652e5,68c78e1191889609dead05ea5a9fb11525ce92e2,ddc9b0b4c38da995fedf43ceef12f17dfb4db353,2d19c5fe6edadd0823925ed7dd051cb27837bccf51d5102e0bcee53271654eb9,231,B,sensitivity,2,2,4,1,51202,42002,552041,S_C,r2,cb94a1861b00649eb0a7829154922ce5351407adcb7efa36b7f8d7aaf0b75578,ed37ddf1607a13084d9d4abcb81153324c0ad6022561dd00e240e14f4b85b96a,-0.45904579813766694,0,0,False,False,True,336
ef85b4c921546129b8d4f7440f8a09a41aa652e5,68c78e1191889609dead05ea5a9fb11525ce92e2,ddc9b0b4c38da995fedf43ceef12f17dfb4db353,2d19c5fe6edadd0823925ed7dd051cb27837bccf51d5102e0bcee53271654eb9,232,B,sensitivity,2,2,4,2,51202,42002,552042,S_C,r2,cb94a1861b00649eb0a7829154922ce5351407adcb7efa36b7f8d7aaf0b75578,ed37ddf1607a13084d9d4abcb81153324c0ad6022561dd00e240e14f4b85b96a,-0.4266244400585565,0,0,False,False,True,336
ef85b4c921546129b8d4f7440f8a09a41aa652e5,68c78e1191889609dead05ea5a9fb11525ce92e2,ddc9b0b4c38da995fedf43ceef12f17dfb4db353,2d19c5fe6edadd0823925ed7dd051cb27837bccf51d5102e0bcee53271654eb9,233,B,sensitivity,2,2,5,1,51202,42002,552051,S_C,r2,cb94a1861b00649eb0a7829154922ce5351407adcb7efa36b7f8d7aaf0b75578,ed37ddf1607a13084d9d4abcb81153324c0ad6022561dd00e240e14f4b85b96a,-0.4641494028353188,0,0,False,False,True,336
ef85b4c921546129b8d4f7440f8a09a41aa652e5,68c78e1191889609dead05ea5a9fb11525ce92e2,ddc9b0b4c38da995fedf43ceef12f17dfb4db353,2d19c5fe6edadd0823925ed7dd051cb27837bccf51d5102e0bcee53271654eb9,234,B,sensitivity,2,2,5,2,51202,42002,552052,S_C,r2,cb94a1861b00649eb0a7829154922ce5351407adcb7efa36b7f8d7aaf0b75578,ed37ddf1607a13084d9d4abcb81153324c0ad6022561dd00e240e14f4b85b96a,-0.47194178746753923,0,0,False,False,True,336
ef85b4c921546129b8d4f7440f8a09a41aa652e5,68c78e1191889609dead05ea5a9fb11525ce92e2,ddc9b0b4c38da995fedf43ceef12f17dfb4db353,2d19c5fe6edadd0823925ed7dd051cb27837bccf51d5102e0bcee53271654eb9,235,B,sensitivity,2,2,6,1,51202,42002,552061,S_C,r2,cb94a1861b00649eb0a7829154922ce5351407adcb7efa36b7f8d7aaf0b75578,ed37ddf1607a13084d9d4abcb81153324c0ad6022561dd00e240e14f4b85b96a,-0.5274317335084002,0,0,False,False,True,336
ef85b4c921546129b8d4f7440f8a09a41aa652e5,68c78e1191889609dead05ea5a9fb11525ce92e2,ddc9b0b4c38da995fedf43ceef12f17dfb4db353,2d19c5fe6edadd0823925ed7dd051cb27837bccf51d5102e0bcee53271654eb9,236,B,sensitivity,2,2,6,2,51202,42002,552062,S_C,r2,cb94a1861b00649eb0a7829154922ce5351407adcb7efa36b7f8d7aaf0b75578,ed37ddf1607a13084d9d4abcb81153324c0ad6022561dd00e240e14f4b85b96a,-0.5204817353026646,0,0,False,False,True,336
ef85b4c921546129b8d4f7440f8a09a41aa652e5,68c78e1191889609dead05ea5a9fb11525ce92e2,ddc9b0b4c38da995fedf43ceef12f17dfb4db353,2d19c5fe6edadd0823925ed7dd051cb27837bccf51d5102e0bcee53271654eb9,237,B,sensitivity,2,2,7,1,51202,42002,552071,S_C,r2,cb94a1861b00649eb0a7829154922ce5351407adcb7efa36b7f8d7aaf0b75578,ed37ddf1607a13084d9d4abcb81153324c0ad6022561dd00e240e14f4b85b96a,-0.4890359774594611,0,0,False,False,True,336
ef85b4c921546129b8d4f7440f8a09a41aa652e5,68c78e1191889609dead05ea5a9fb11525ce92e2,ddc9b0b4c38da995fedf43ceef12f17dfb4db353,2d19c5fe6edadd0823925ed7dd051cb27837bccf51d5102e0bcee53271654eb9,238,B,sensitivity,2,2,7,2,51202,42002,552072,S_C,r2,cb94a1861b00649eb0a7829154922ce5351407adcb7efa36b7f8d7aaf0b75578,ed37ddf1607a13084d9d4abcb81153324c0ad6022561dd00e240e14f4b85b96a,-0.4941727544529285,0,0,False,False,True,336
ef85b4c921546129b8d4f7440f8a09a41aa652e5,68c78e1191889609dead05ea5a9fb11525ce92e2,ddc9b0b4c38da995fedf43ceef12f17dfb4db353,2d19c5fe6edadd0823925ed7dd051cb27837bccf51d5102e0bcee53271654eb9,239,B,sensitivity,2,3,1,1,51203,42003,553011,S_C,r3,3e56e119afbb8aabbd44551af3351ee6a55c0b96c7d9e6aac153faecff6a9110,dd38a6dc0c729eb26b133f73a06b99d12c5088e5248da46847456f733bcb326f,-0.5286026944964859,0,0,False,False,True,336
ef85b4c921546129b8d4f7440f8a09a41aa652e5,68c78e1191889609dead05ea5a9fb11525ce92e2,ddc9b0b4c38da995fedf43ceef12f17dfb4db353,2d19c5fe6edadd0823925ed7dd051cb27837bccf51d5102e0bcee53271654eb9,240,B,sensitivity,2,3,1,2,51203,42003,553012,S_C,r3,3e56e119afbb8aabbd44551af3351ee6a55c0b96c7d9e6aac153faecff6a9110,dd38a6dc0c729eb26b133f73a06b99d12c5088e5248da46847456f733bcb326f,-0.5129799021847774,0,0,False,False,True,336
ef85b4c921546129b8d4f7440f8a09a41aa652e5,68c78e1191889609dead05ea5a9fb11525ce92e2,ddc9b0b4c38da995fedf43ceef12f17dfb4db353,2d19c5fe6edadd0823925ed7dd051cb27837bccf51d5102e0bcee53271654eb9,241,B,sensitivity,2,3,2,1,51203,42003,553021,S_C,r3,3e56e119afbb8aabbd44551af3351ee6a55c0b96c7d9e6aac153faecff6a9110,dd38a6dc0c729eb26b133f73a06b99d12c5088e5248da46847456f733bcb326f,-0.45082196970543825,0,0,False,False,True,336
ef85b4c921546129b8d4f7440f8a09a41aa652e5,68c78e1191889609dead05ea5a9fb11525ce92e2,ddc9b0b4c38da995fedf43ceef12f17dfb4db353,2d19c5fe6edadd0823925ed7dd051cb27837bccf51d5102e0bcee53271654eb9,242,B,sensitivity,2,3,2,2,51203,42003,553022,S_C,r3,3e56e119afbb8aabbd44551af3351ee6a55c0b96c7d9e6aac153faecff6a9110,dd38a6dc0c729eb26b133f73a06b99d12c5088e5248da46847456f733bcb326f,-0.47003740722031717,0,0,False,False,True,336
ef85b4c921546129b8d4f7440f8a09a41aa652e5,68c78e1191889609dead05ea5a9fb11525ce92e2,ddc9b0b4c38da995fedf43ceef12f17dfb4db353,2d19c5fe6edadd0823925ed7dd051cb27837bccf51d5102e0bcee53271654eb9,243,B,sensitivity,2,3,3,1,51203,42003,553031,S_C,r3,3e56e119afbb8aabbd44551af3351ee6a55c0b96c7d9e6aac153faecff6a9110,dd38a6dc0c729eb26b133f73a06b99d12c5088e5248da46847456f733bcb326f,-0.505154207323761,0,0,False,False,True,336
ef85b4c921546129b8d4f7440f8a09a41aa652e5,68c78e1191889609dead05ea5a9fb11525ce92e2,ddc9b0b4c38da995fedf43ceef12f17dfb4db353,2d19c5fe6edadd0823925ed7dd051cb27837bccf51d5102e0bcee53271654eb9,244,B,sensitivity,2,3,3,2,51203,42003,553032,S_C,r3,3e56e119afbb8aabbd44551af3351ee6a55c0b96c7d9e6aac153faecff6a9110,dd38a6dc0c729eb26b133f73a06b99d12c5088e5248da46847456f733bcb326f,-0.47743597232899904,0,0,False,False,True,336
ef85b4c921546129b8d4f7440f8a09a41aa652e5,68c78e1191889609dead05ea5a9fb11525ce92e2,ddc9b0b4c38da995fedf43ceef12f17dfb4db353,2d19c5fe6edadd0823925ed7dd051cb27837bccf51d5102e0bcee53271654eb9,245,B,sensitivity,2,3,4,1,51203,42003,553041,S_C,r3,3e56e119afbb8aabbd44551af3351ee6a55c0b96c7d9e6aac153faecff6a9110,dd38a6dc0c729eb26b133f73a06b99d12c5088e5248da46847456f733bcb326f,-0.49712471498812116,0,0,False,False,True,336
ef85b4c921546129b8d4f7440f8a09a41aa652e5,68c78e1191889609dead05ea5a9fb11525ce92e2,ddc9b0b4c38da995fedf43ceef12f17dfb4db353,2d19c5fe6edadd0823925ed7dd051cb27837bccf51d5102e0bcee53271654eb9,246,B,sensitivity,2,3,4,2,51203,42003,553042,S_C,r3,3e56e119afbb8aabbd44551af3351ee6a55c0b96c7d9e6aac153faecff6a9110,dd38a6dc0c729eb26b133f73a06b99d12c5088e5248da46847456f733bcb326f,-0.4942844275949954,0,0,False,False,True,336
ef85b4c921546129b8d4f7440f8a09a41aa652e5,68c78e1191889609dead05ea5a9fb11525ce92e2,ddc9b0b4c38da995fedf43ceef12f17dfb4db353,2d19c5fe6edadd0823925ed7dd051cb27837bccf51d5102e0bcee53271654eb9,247,B,sensitivity,2,3,5,1,51203,42003,553051,S_C,r3,3e56e119afbb8aabbd44551af3351ee6a55c0b96c7d9e6aac153faecff6a9110,dd38a6dc0c729eb26b133f73a06b99d12c5088e5248da46847456f733bcb326f,-0.5215274608357364,0,0,False,False,True,336
ef85b4c921546129b8d4f7440f8a09a41aa652e5,68c78e1191889609dead05ea5a9fb11525ce92e2,ddc9b0b4c38da995fedf43ceef12f17dfb4db353,2d19c5fe6edadd0823925ed7dd051cb27837bccf51d5102e0bcee53271654eb9,248,B,sensitivity,2,3,5,2,51203,42003,553052,S_C,r3,3e56e119afbb8aabbd44551af3351ee6a55c0b96c7d9e6aac153faecff6a9110,dd38a6dc0c729eb26b133f73a06b99d12c5088e5248da46847456f733bcb326f,-0.4996241418752463,0,0,False,False,True,336
ef85b4c921546129b8d4f7440f8a09a41aa652e5,68c78e1191889609dead05ea5a9fb11525ce92e2,ddc9b0b4c38da995fedf43ceef12f17dfb4db353,2d19c5fe6edadd0823925ed7dd051cb27837bccf51d5102e0bcee53271654eb9,249,B,sensitivity,2,3,6,1,51203,42003,553061,S_C,r3,3e56e119afbb8aabbd44551af3351ee6a55c0b96c7d9e6aac153faecff6a9110,dd38a6dc0c729eb26b133f73a06b99d12c5088e5248da46847456f733bcb326f,-0.5648521080609881,0,0,False,False,True,336
ef85b4c921546129b8d4f7440f8a09a41aa652e5,68c78e1191889609dead05ea5a9fb11525ce92e2,ddc9b0b4c38da995fedf43ceef12f17dfb4db353,2d19c5fe6edadd0823925ed7dd051cb27837bccf51d5102e0bcee53271654eb9,250,B,sensitivity,2,3,6,2,51203,42003,553062,S_C,r3,3e56e119afbb8aabbd44551af3351ee6a55c0b96c7d9e6aac153faecff6a9110,dd38a6dc0c729eb26b133f73a06b99d12c5088e5248da46847456f733bcb326f,-0.5462901249895158,0,0,False,False,True,336
ef85b4c921546129b8d4f7440f8a09a41aa652e5,68c78e1191889609dead05ea5a9fb11525ce92e2,ddc9b0b4c38da995fedf43ceef12f17dfb4db353,2d19c5fe6edadd0823925ed7dd051cb27837bccf51d5102e0bcee53271654eb9,251,B,sensitivity,2,3,7,1,51203,42003,553071,S_C,r3,3e56e119afbb8aabbd44551af3351ee6a55c0b96c7d9e6aac153faecff6a9110,dd38a6dc0c729eb26b133f73a06b99d12c5088e5248da46847456f733bcb326f,-0.5306319535555838,0,0,False,False,True,336
ef85b4c921546129b8d4f7440f8a09a41aa652e5,68c78e1191889609dead05ea5a9fb11525ce92e2,ddc9b0b4c38da995fedf43ceef12f17dfb4db353,2d19c5fe6edadd0823925ed7dd051cb27837bccf51d5102e0bcee53271654eb9,252,B,sensitivity,2,3,7,2,51203,42003,553072,S_C,r3,3e56e119afbb8aabbd44551af3351ee6a55c0b96c7d9e6aac153faecff6a9110,dd38a6dc0c729eb26b133f73a06b99d12c5088e5248da46847456f733bcb326f,-0.566840094999219,0,0,False,False,True,336
ef85b4c921546129b8d4f7440f8a09a41aa652e5,68c78e1191889609dead05ea5a9fb11525ce92e2,ddc9b0b4c38da995fedf43ceef12f17dfb4db353,2d19c5fe6edadd0823925ed7dd051cb27837bccf51d5102e0bcee53271654eb9,253,B,sensitivity,4,1,1,1,51401,42001,571011,S_C,r1,387bda3b61226f2e22e1ca9065e35213fccc999c0b4abfa89dcce5562c2093ce,2ed450a0e79277ccd6dda97bafa504854a564af0cb41a3cd02c7b0332341dbd5,-0.6015975787410187,0,0,False,False,True,336
ef85b4c921546129b8d4f7440f8a09a41aa652e5,68c78e1191889609dead05ea5a9fb11525ce92e2,ddc9b0b4c38da995fedf43ceef12f17dfb4db353,2d19c5fe6edadd0823925ed7dd051cb27837bccf51d5102e0bcee53271654eb9,254,B,sensitivity,4,1,1,2,51401,42001,571012,S_C,r1,387bda3b61226f2e22e1ca9065e35213fccc999c0b4abfa89dcce5562c2093ce,2ed450a0e79277ccd6dda97bafa504854a564af0cb41a3cd02c7b0332341dbd5,-0.6278495546759001,0,0,False,False,True,336
ef85b4c921546129b8d4f7440f8a09a41aa652e5,68c78e1191889609dead05ea5a9fb11525ce92e2,ddc9b0b4c38da995fedf43ceef12f17dfb4db353,2d19c5fe6edadd0823925ed7dd051cb27837bccf51d5102e0bcee53271654eb9,255,B,sensitivity,4,1,2,1,51401,42001,571021,S_C,r1,387bda3b61226f2e22e1ca9065e35213fccc999c0b4abfa89dcce5562c2093ce,2ed450a0e79277ccd6dda97bafa504854a564af0cb41a3cd02c7b0332341dbd5,-0.5484302813701775,0,0,False,False,True,336
ef85b4c921546129b8d4f7440f8a09a41aa652e5,68c78e1191889609dead05ea5a9fb11525ce92e2,ddc9b0b4c38da995fedf43ceef12f17dfb4db353,2d19c5fe6edadd0823925ed7dd051cb27837bccf51d5102e0bcee53271654eb9,256,B,sensitivity,4,1,2,2,51401,42001,571022,S_C,r1,387bda3b61226f2e22e1ca9065e35213fccc999c0b4abfa89dcce5562c2093ce,2ed450a0e79277ccd6dda97bafa504854a564af0cb41a3cd02c7b0332341dbd5,-0.5431003610556201,0,0,False,False,True,336
ef85b4c921546129b8d4f7440f8a09a41aa652e5,68c78e1191889609dead05ea5a9fb11525ce92e2,ddc9b0b4c38da995fedf43ceef12f17dfb4db353,2d19c5fe6edadd0823925ed7dd051cb27837bccf51d5102e0bcee53271654eb9,257,B,sensitivity,4,1,3,1,51401,42001,571031,S_C,r1,387bda3b61226f2e22e1ca9065e35213fccc999c0b4abfa89dcce5562c2093ce,2ed450a0e79277ccd6dda97bafa504854a564af0cb41a3cd02c7b0332341dbd5,-0.5402938358513845,0,0,False,False,True,336
ef85b4c921546129b8d4f7440f8a09a41aa652e5,68c78e1191889609dead05ea5a9fb11525ce92e2,ddc9b0b4c38da995fedf43ceef12f17dfb4db353,2d19c5fe6edadd0823925ed7dd051cb27837bccf51d5102e0bcee53271654eb9,258,B,sensitivity,4,1,3,2,51401,42001,571032,S_C,r1,387bda3b61226f2e22e1ca9065e35213fccc999c0b4abfa89dcce5562c2093ce,2ed450a0e79277ccd6dda97bafa504854a564af0cb41a3cd02c7b0332341dbd5,-0.507050457602603,0,0,False,False,True,336
ef85b4c921546129b8d4f7440f8a09a41aa652e5,68c78e1191889609dead05ea5a9fb11525ce92e2,ddc9b0b4c38da995fedf43ceef12f17dfb4db353,2d19c5fe6edadd0823925ed7dd051cb27837bccf51d5102e0bcee53271654eb9,259,B,sensitivity,4,1,4,1,51401,42001,571041,S_C,r1,387bda3b61226f2e22e1ca9065e35213fccc999c0b4abfa89dcce5562c2093ce,2ed450a0e79277ccd6dda97bafa504854a564af0cb41a3cd02c7b0332341dbd5,-0.4806412237899509,0,0,False,False,True,336
ef85b4c921546129b8d4f7440f8a09a41aa652e5,68c78e1191889609dead05ea5a9fb11525ce92e2,ddc9b0b4c38da995fedf43ceef12f17dfb4db353,2d19c5fe6edadd0823925ed7dd051cb27837bccf51d5102e0bcee53271654eb9,260,B,sensitivity,4,1,4,2,51401,42001,571042,S_C,r1,387bda3b61226f2e22e1ca9065e35213fccc999c0b4abfa89dcce5562c2093ce,2ed450a0e79277ccd6dda97bafa504854a564af0cb41a3cd02c7b0332341dbd5,-0.46225055743524596,0,0,False,False,True,336
ef85b4c921546129b8d4f7440f8a09a41aa652e5,68c78e1191889609dead05ea5a9fb11525ce92e2,ddc9b0b4c38da995fedf43ceef12f17dfb4db353,2d19c5fe6edadd0823925ed7dd051cb27837bccf51d5102e0bcee53271654eb9,261,B,sensitivity,4,1,5,1,51401,42001,571051,S_C,r1,387bda3b61226f2e22e1ca9065e35213fccc999c0b4abfa89dcce5562c2093ce,2ed450a0e79277ccd6dda97bafa504854a564af0cb41a3cd02c7b0332341dbd5,-0.5136560312453773,0,0,False,False,True,336
ef85b4c921546129b8d4f7440f8a09a41aa652e5,68c78e1191889609dead05ea5a9fb11525ce92e2,ddc9b0b4c38da995fedf43ceef12f17dfb4db353,2d19c5fe6edadd0823925ed7dd051cb27837bccf51d5102e0bcee53271654eb9,262,B,sensitivity,4,1,5,2,51401,42001,571052,S_C,r1,387bda3b61226f2e22e1ca9065e35213fccc999c0b4abfa89dcce5562c2093ce,2ed450a0e79277ccd6dda97bafa504854a564af0cb41a3cd02c7b0332341dbd5,-0.5232220978906656,0,0,False,False,True,336
ef85b4c921546129b8d4f7440f8a09a41aa652e5,68c78e1191889609dead05ea5a9fb11525ce92e2,ddc9b0b4c38da995fedf43ceef12f17dfb4db353,2d19c5fe6edadd0823925ed7dd051cb27837bccf51d5102e0bcee53271654eb9,263,B,sensitivity,4,1,6,1,51401,42001,571061,S_C,r1,387bda3b61226f2e22e1ca9065e35213fccc999c0b4abfa89dcce5562c2093ce,2ed450a0e79277ccd6dda97bafa504854a564af0cb41a3cd02c7b0332341dbd5,-0.5524944841659014,0,0,False,False,True,336
ef85b4c921546129b8d4f7440f8a09a41aa652e5,68c78e1191889609dead05ea5a9fb11525ce92e2,ddc9b0b4c38da995fedf43ceef12f17dfb4db353,2d19c5fe6edadd0823925ed7dd051cb27837bccf51d5102e0bcee53271654eb9,264,B,sensitivity,4,1,6,2,51401,42001,571062,S_C,r1,387bda3b61226f2e22e1ca9065e35213fccc999c0b4abfa89dcce5562c2093ce,2ed450a0e79277ccd6dda97bafa504854a564af0cb41a3cd02c7b0332341dbd5,-0.5826251563528508,0,0,False,False,True,336
ef85b4c921546129b8d4f7440f8a09a41aa652e5,68c78e1191889609dead05ea5a9fb11525ce92e2,ddc9b0b4c38da995fedf43ceef12f17dfb4db353,2d19c5fe6edadd0823925ed7dd051cb27837bccf51d5102e0bcee53271654eb9,265,B,sensitivity,4,1,7,1,51401,42001,571071,S_C,r1,387bda3b61226f2e22e1ca9065e35213fccc999c0b4abfa89dcce5562c2093ce,2ed450a0e79277ccd6dda97bafa504854a564af0cb41a3cd02c7b0332341dbd5,-0.5579880549109479,0,0,False,False,True,336
ef85b4c921546129b8d4f7440f8a09a41aa652e5,68c78e1191889609dead05ea5a9fb11525ce92e2,ddc9b0b4c38da995fedf43ceef12f17dfb4db353,2d19c5fe6edadd0823925ed7dd051cb27837bccf51d5102e0bcee53271654eb9,266,B,sensitivity,4,1,7,2,51401,42001,571072,S_C,r1,387bda3b61226f2e22e1ca9065e35213fccc999c0b4abfa89dcce5562c2093ce,2ed450a0e79277ccd6dda97bafa504854a564af0cb41a3cd02c7b0332341dbd5,-0.6257161020364859,0,0,False,False,True,336
ef85b4c921546129b8d4f7440f8a09a41aa652e5,68c78e1191889609dead05ea5a9fb11525ce92e2,ddc9b0b4c38da995fedf43ceef12f17dfb4db353,2d19c5fe6edadd0823925ed7dd051cb27837bccf51d5102e0bcee53271654eb9,267,B,sensitivity,4,2,1,1,51402,42002,572011,S_C,r2,cb94a1861b00649eb0a7829154922ce5351407adcb7efa36b7f8d7aaf0b75578,ed37ddf1607a13084d9d4abcb81153324c0ad6022561dd00e240e14f4b85b96a,-0.6112017788110742,0,0,False,False,True,336
ef85b4c921546129b8d4f7440f8a09a41aa652e5,68c78e1191889609dead05ea5a9fb11525ce92e2,ddc9b0b4c38da995fedf43ceef12f17dfb4db353,2d19c5fe6edadd0823925ed7dd051cb27837bccf51d5102e0bcee53271654eb9,268,B,sensitivity,4,2,1,2,51402,42002,572012,S_C,r2,cb94a1861b00649eb0a7829154922ce5351407adcb7efa36b7f8d7aaf0b75578,ed37ddf1607a13084d9d4abcb81153324c0ad6022561dd00e240e14f4b85b96a,-0.611663030024555,0,0,False,False,True,336
ef85b4c921546129b8d4f7440f8a09a41aa652e5,68c78e1191889609dead05ea5a9fb11525ce92e2,ddc9b0b4c38da995fedf43ceef12f17dfb4db353,2d19c5fe6edadd0823925ed7dd051cb27837bccf51d5102e0bcee53271654eb9,269,B,sensitivity,4,2,2,1,51402,42002,572021,S_C,r2,cb94a1861b00649eb0a7829154922ce5351407adcb7efa36b7f8d7aaf0b75578,ed37ddf1607a13084d9d4abcb81153324c0ad6022561dd00e240e14f4b85b96a,-0.5427967978070958,0,0,False,False,True,336
ef85b4c921546129b8d4f7440f8a09a41aa652e5,68c78e1191889609dead05ea5a9fb11525ce92e2,ddc9b0b4c38da995fedf43ceef12f17dfb4db353,2d19c5fe6edadd0823925ed7dd051cb27837bccf51d5102e0bcee53271654eb9,270,B,sensitivity,4,2,2,2,51402,42002,572022,S_C,r2,cb94a1861b00649eb0a7829154922ce5351407adcb7efa36b7f8d7aaf0b75578,ed37ddf1607a13084d9d4abcb81153324c0ad6022561dd00e240e14f4b85b96a,-0.5498856436290406,0,0,False,False,True,336
ef85b4c921546129b8d4f7440f8a09a41aa652e5,68c78e1191889609dead05ea5a9fb11525ce92e2,ddc9b0b4c38da995fedf43ceef12f17dfb4db353,2d19c5fe6edadd0823925ed7dd051cb27837bccf51d5102e0bcee53271654eb9,271,B,sensitivity,4,2,3,1,51402,42002,572031,S_C,r2,cb94a1861b00649eb0a7829154922ce5351407adcb7efa36b7f8d7aaf0b75578,ed37ddf1607a13084d9d4abcb81153324c0ad6022561dd00e240e14f4b85b96a,-0.49586180267139246,0,0,False,False,True,336
ef85b4c921546129b8d4f7440f8a09a41aa652e5,68c78e1191889609dead05ea5a9fb11525ce92e2,ddc9b0b4c38da995fedf43ceef12f17dfb4db353,2d19c5fe6edadd0823925ed7dd051cb27837bccf51d5102e0bcee53271654eb9,272,B,sensitivity,4,2,3,2,51402,42002,572032,S_C,r2,cb94a1861b00649eb0a7829154922ce5351407adcb7efa36b7f8d7aaf0b75578,ed37ddf1607a13084d9d4abcb81153324c0ad6022561dd00e240e14f4b85b96a,-0.5035063976313806,0,0,False,False,True,336
ef85b4c921546129b8d4f7440f8a09a41aa652e5,68c78e1191889609dead05ea5a9fb11525ce92e2,ddc9b0b4c38da995fedf43ceef12f17dfb4db353,2d19c5fe6edadd0823925ed7dd051cb27837bccf51d5102e0bcee53271654eb9,273,B,sensitivity,4,2,4,1,51402,42002,572041,S_C,r2,cb94a1861b00649eb0a7829154922ce5351407adcb7efa36b7f8d7aaf0b75578,ed37ddf1607a13084d9d4abcb81153324c0ad6022561dd00e240e14f4b85b96a,-0.4984493399155573,0,0,False,False,True,336
ef85b4c921546129b8d4f7440f8a09a41aa652e5,68c78e1191889609dead05ea5a9fb11525ce92e2,ddc9b0b4c38da995fedf43ceef12f17dfb4db353,2d19c5fe6edadd0823925ed7dd051cb27837bccf51d5102e0bcee53271654eb9,274,B,sensitivity,4,2,4,2,51402,42002,572042,S_C,r2,cb94a1861b00649eb0a7829154922ce5351407adcb7efa36b7f8d7aaf0b75578,ed37ddf1607a13084d9d4abcb81153324c0ad6022561dd00e240e14f4b85b96a,-0.46517202681191927,0,0,False,False,True,336
ef85b4c921546129b8d4f7440f8a09a41aa652e5,68c78e1191889609dead05ea5a9fb11525ce92e2,ddc9b0b4c38da995fedf43ceef12f17dfb4db353,2d19c5fe6edadd0823925ed7dd051cb27837bccf51d5102e0bcee53271654eb9,275,B,sensitivity,4,2,5,1,51402,42002,572051,S_C,r2,cb94a1861b00649eb0a7829154922ce5351407adcb7efa36b7f8d7aaf0b75578,ed37ddf1607a13084d9d4abcb81153324c0ad6022561dd00e240e14f4b85b96a,-0.48101583683179355,0,0,False,False,True,336
ef85b4c921546129b8d4f7440f8a09a41aa652e5,68c78e1191889609dead05ea5a9fb11525ce92e2,ddc9b0b4c38da995fedf43ceef12f17dfb4db353,2d19c5fe6edadd0823925ed7dd051cb27837bccf51d5102e0bcee53271654eb9,276,B,sensitivity,4,2,5,2,51402,42002,572052,S_C,r2,cb94a1861b00649eb0a7829154922ce5351407adcb7efa36b7f8d7aaf0b75578,ed37ddf1607a13084d9d4abcb81153324c0ad6022561dd00e240e14f4b85b96a,-0.5523110718271523,0,0,False,False,True,336
ef85b4c921546129b8d4f7440f8a09a41aa652e5,68c78e1191889609dead05ea5a9fb11525ce92e2,ddc9b0b4c38da995fedf43ceef12f17dfb4db353,2d19c5fe6edadd0823925ed7dd051cb27837bccf51d5102e0bcee53271654eb9,277,B,sensitivity,4,2,6,1,51402,42002,572061,S_C,r2,cb94a1861b00649eb0a7829154922ce5351407adcb7efa36b7f8d7aaf0b75578,ed37ddf1607a13084d9d4abcb81153324c0ad6022561dd00e240e14f4b85b96a,-0.5230158198069684,0,0,False,False,True,336
ef85b4c921546129b8d4f7440f8a09a41aa652e5,68c78e1191889609dead05ea5a9fb11525ce92e2,ddc9b0b4c38da995fedf43ceef12f17dfb4db353,2d19c5fe6edadd0823925ed7dd051cb27837bccf51d5102e0bcee53271654eb9,278,B,sensitivity,4,2,6,2,51402,42002,572062,S_C,r2,cb94a1861b00649eb0a7829154922ce5351407adcb7efa36b7f8d7aaf0b75578,ed37ddf1607a13084d9d4abcb81153324c0ad6022561dd00e240e14f4b85b96a,-0.5341184044912233,0,0,False,False,True,336
ef85b4c921546129b8d4f7440f8a09a41aa652e5,68c78e1191889609dead05ea5a9fb11525ce92e2,ddc9b0b4c38da995fedf43ceef12f17dfb4db353,2d19c5fe6edadd0823925ed7dd051cb27837bccf51d5102e0bcee53271654eb9,279,B,sensitivity,4,2,7,1,51402,42002,572071,S_C,r2,cb94a1861b00649eb0a7829154922ce5351407adcb7efa36b7f8d7aaf0b75578,ed37ddf1607a13084d9d4abcb81153324c0ad6022561dd00e240e14f4b85b96a,-0.5475209248574002,0,0,False,False,True,336
ef85b4c921546129b8d4f7440f8a09a41aa652e5,68c78e1191889609dead05ea5a9fb11525ce92e2,ddc9b0b4c38da995fedf43ceef12f17dfb4db353,2d19c5fe6edadd0823925ed7dd051cb27837bccf51d5102e0bcee53271654eb9,280,B,sensitivity,4,2,7,2,51402,42002,572072,S_C,r2,cb94a1861b00649eb0a7829154922ce5351407adcb7efa36b7f8d7aaf0b75578,ed37ddf1607a13084d9d4abcb81153324c0ad6022561dd00e240e14f4b85b96a,-0.506729027465825,0,0,False,False,True,336
ef85b4c921546129b8d4f7440f8a09a41aa652e5,68c78e1191889609dead05ea5a9fb11525ce92e2,ddc9b0b4c38da995fedf43ceef12f17dfb4db353,2d19c5fe6edadd0823925ed7dd051cb27837bccf51d5102e0bcee53271654eb9,281,B,sensitivity,4,3,1,1,51403,42003,573011,S_C,r3,3e56e119afbb8aabbd44551af3351ee6a55c0b96c7d9e6aac153faecff6a9110,dd38a6dc0c729eb26b133f73a06b99d12c5088e5248da46847456f733bcb326f,-0.5789838642425212,0,0,False,False,True,336
ef85b4c921546129b8d4f7440f8a09a41aa652e5,68c78e1191889609dead05ea5a9fb11525ce92e2,ddc9b0b4c38da995fedf43ceef12f17dfb4db353,2d19c5fe6edadd0823925ed7dd051cb27837bccf51d5102e0bcee53271654eb9,282,B,sensitivity,4,3,1,2,51403,42003,573012,S_C,r3,3e56e119afbb8aabbd44551af3351ee6a55c0b96c7d9e6aac153faecff6a9110,dd38a6dc0c729eb26b133f73a06b99d12c5088e5248da46847456f733bcb326f,-0.5836545119888138,0,0,False,False,True,336
ef85b4c921546129b8d4f7440f8a09a41aa652e5,68c78e1191889609dead05ea5a9fb11525ce92e2,ddc9b0b4c38da995fedf43ceef12f17dfb4db353,2d19c5fe6edadd0823925ed7dd051cb27837bccf51d5102e0bcee53271654eb9,283,B,sensitivity,4,3,2,1,51403,42003,573021,S_C,r3,3e56e119afbb8aabbd44551af3351ee6a55c0b96c7d9e6aac153faecff6a9110,dd38a6dc0c729eb26b133f73a06b99d12c5088e5248da46847456f733bcb326f,-0.5751835626946523,0,0,False,False,True,336
ef85b4c921546129b8d4f7440f8a09a41aa652e5,68c78e1191889609dead05ea5a9fb11525ce92e2,ddc9b0b4c38da995fedf43ceef12f17dfb4db353,2d19c5fe6edadd0823925ed7dd051cb27837bccf51d5102e0bcee53271654eb9,284,B,sensitivity,4,3,2,2,51403,42003,573022,S_C,r3,3e56e119afbb8aabbd44551af3351ee6a55c0b96c7d9e6aac153faecff6a9110,dd38a6dc0c729eb26b133f73a06b99d12c5088e5248da46847456f733bcb326f,-0.5706400773184434,0,0,False,False,True,336
ef85b4c921546129b8d4f7440f8a09a41aa652e5,68c78e1191889609dead05ea5a9fb11525ce92e2,ddc9b0b4c38da995fedf43ceef12f17dfb4db353,2d19c5fe6edadd0823925ed7dd051cb27837bccf51d5102e0bcee53271654eb9,285,B,sensitivity,4,3,3,1,51403,42003,573031,S_C,r3,3e56e119afbb8aabbd44551af3351ee6a55c0b96c7d9e6aac153faecff6a9110,dd38a6dc0c729eb26b133f73a06b99d12c5088e5248da46847456f733bcb326f,-0.5132474922361874,0,0,False,False,True,336
ef85b4c921546129b8d4f7440f8a09a41aa652e5,68c78e1191889609dead05ea5a9fb11525ce92e2,ddc9b0b4c38da995fedf43ceef12f17dfb4db353,2d19c5fe6edadd0823925ed7dd051cb27837bccf51d5102e0bcee53271654eb9,286,B,sensitivity,4,3,3,2,51403,42003,573032,S_C,r3,3e56e119afbb8aabbd44551af3351ee6a55c0b96c7d9e6aac153faecff6a9110,dd38a6dc0c729eb26b133f73a06b99d12c5088e5248da46847456f733bcb326f,-0.5046662611405818,0,0,False,False,True,336
ef85b4c921546129b8d4f7440f8a09a41aa652e5,68c78e1191889609dead05ea5a9fb11525ce92e2,ddc9b0b4c38da995fedf43ceef12f17dfb4db353,2d19c5fe6edadd0823925ed7dd051cb27837bccf51d5102e0bcee53271654eb9,287,B,sensitivity,4,3,4,1,51403,42003,573041,S_C,r3,3e56e119afbb8aabbd44551af3351ee6a55c0b96c7d9e6aac153faecff6a9110,dd38a6dc0c729eb26b133f73a06b99d12c5088e5248da46847456f733bcb326f,-0.48365705191434116,0,0,False,False,True,336
ef85b4c921546129b8d4f7440f8a09a41aa652e5,68c78e1191889609dead05ea5a9fb11525ce92e2,ddc9b0b4c38da995fedf43ceef12f17dfb4db353,2d19c5fe6edadd0823925ed7dd051cb27837bccf51d5102e0bcee53271654eb9,288,B,sensitivity,4,3,4,2,51403,42003,573042,S_C,r3,3e56e119afbb8aabbd44551af3351ee6a55c0b96c7d9e6aac153faecff6a9110,dd38a6dc0c729eb26b133f73a06b99d12c5088e5248da46847456f733bcb326f,-0.47635491225678295,0,0,False,False,True,336
ef85b4c921546129b8d4f7440f8a09a41aa652e5,68c78e1191889609dead05ea5a9fb11525ce92e2,ddc9b0b4c38da995fedf43ceef12f17dfb4db353,2d19c5fe6edadd0823925ed7dd051cb27837bccf51d5102e0bcee53271654eb9,289,B,sensitivity,4,3,5,1,51403,42003,573051,S_C,r3,3e56e119afbb8aabbd44551af3351ee6a55c0b96c7d9e6aac153faecff6a9110,dd38a6dc0c729eb26b133f73a06b99d12c5088e5248da46847456f733bcb326f,-0.5320835649089738,0,0,False,False,True,336
ef85b4c921546129b8d4f7440f8a09a41aa652e5,68c78e1191889609dead05ea5a9fb11525ce92e2,ddc9b0b4c38da995fedf43ceef12f17dfb4db353,2d19c5fe6edadd0823925ed7dd051cb27837bccf51d5102e0bcee53271654eb9,290,B,sensitivity,4,3,5,2,51403,42003,573052,S_C,r3,3e56e119afbb8aabbd44551af3351ee6a55c0b96c7d9e6aac153faecff6a9110,dd38a6dc0c729eb26b133f73a06b99d12c5088e5248da46847456f733bcb326f,-0.5512985803287284,0,0,False,False,True,336
ef85b4c921546129b8d4f7440f8a09a41aa652e5,68c78e1191889609dead05ea5a9fb11525ce92e2,ddc9b0b4c38da995fedf43ceef12f17dfb4db353,2d19c5fe6edadd0823925ed7dd051cb27837bccf51d5102e0bcee53271654eb9,291,B,sensitivity,4,3,6,1,51403,42003,573061,S_C,r3,3e56e119afbb8aabbd44551af3351ee6a55c0b96c7d9e6aac153faecff6a9110,dd38a6dc0c729eb26b133f73a06b99d12c5088e5248da46847456f733bcb326f,-0.5616592362003611,0,0,False,False,True,336
ef85b4c921546129b8d4f7440f8a09a41aa652e5,68c78e1191889609dead05ea5a9fb11525ce92e2,ddc9b0b4c38da995fedf43ceef12f17dfb4db353,2d19c5fe6edadd0823925ed7dd051cb27837bccf51d5102e0bcee53271654eb9,292,B,sensitivity,4,3,6,2,51403,42003,573062,S_C,r3,3e56e119afbb8aabbd44551af3351ee6a55c0b96c7d9e6aac153faecff6a9110,dd38a6dc0c729eb26b133f73a06b99d12c5088e5248da46847456f733bcb326f,-0.5968624696519471,0,0,False,False,True,336
ef85b4c921546129b8d4f7440f8a09a41aa652e5,68c78e1191889609dead05ea5a9fb11525ce92e2,ddc9b0b4c38da995fedf43ceef12f17dfb4db353,2d19c5fe6edadd0823925ed7dd051cb27837bccf51d5102e0bcee53271654eb9,293,B,sensitivity,4,3,7,1,51403,42003,573071,S_C,r3,3e56e119afbb8aabbd44551af3351ee6a55c0b96c7d9e6aac153faecff6a9110,dd38a6dc0c729eb26b133f73a06b99d12c5088e5248da46847456f733bcb326f,-0.5753053070275749,0,0,False,False,True,336
ef85b4c921546129b8d4f7440f8a09a41aa652e5,68c78e1191889609dead05ea5a9fb11525ce92e2,ddc9b0b4c38da995fedf43ceef12f17dfb4db353,2d19c5fe6edadd0823925ed7dd051cb27837bccf51d5102e0bcee53271654eb9,294,B,sensitivity,4,3,7,2,51403,42003,573072,S_C,r3,3e56e119afbb8aabbd44551af3351ee6a55c0b96c7d9e6aac153faecff6a9110,dd38a6dc0c729eb26b133f73a06b99d12c5088e5248da46847456f733bcb326f,-0.5825975478059291,0,0,False,False,True,336
ef85b4c921546129b8d4f7440f8a09a41aa652e5,68c78e1191889609dead05ea5a9fb11525ce92e2,ddc9b0b4c38da995fedf43ceef12f17dfb4db353,2d19c5fe6edadd0823925ed7dd051cb27837bccf51d5102e0bcee53271654eb9,295,B,sensitivity,5,1,1,1,51501,42001,581011,S_C,r1,387bda3b61226f2e22e1ca9065e35213fccc999c0b4abfa89dcce5562c2093ce,2ed450a0e79277ccd6dda97bafa504854a564af0cb41a3cd02c7b0332341dbd5,-0.6185812661456926,0,0,False,False,True,336
ef85b4c921546129b8d4f7440f8a09a41aa652e5,68c78e1191889609dead05ea5a9fb11525ce92e2,ddc9b0b4c38da995fedf43ceef12f17dfb4db353,2d19c5fe6edadd0823925ed7dd051cb27837bccf51d5102e0bcee53271654eb9,296,B,sensitivity,5,1,1,2,51501,42001,581012,S_C,r1,387bda3b61226f2e22e1ca9065e35213fccc999c0b4abfa89dcce5562c2093ce,2ed450a0e79277ccd6dda97bafa504854a564af0cb41a3cd02c7b0332341dbd5,-0.6191055447636971,0,0,False,False,True,336
ef85b4c921546129b8d4f7440f8a09a41aa652e5,68c78e1191889609dead05ea5a9fb11525ce92e2,ddc9b0b4c38da995fedf43ceef12f17dfb4db353,2d19c5fe6edadd0823925ed7dd051cb27837bccf51d5102e0bcee53271654eb9,297,B,sensitivity,5,1,2,1,51501,42001,581021,S_C,r1,387bda3b61226f2e22e1ca9065e35213fccc999c0b4abfa89dcce5562c2093ce,2ed450a0e79277ccd6dda97bafa504854a564af0cb41a3cd02c7b0332341dbd5,-0.6206910441300303,0,0,False,False,True,336
ef85b4c921546129b8d4f7440f8a09a41aa652e5,68c78e1191889609dead05ea5a9fb11525ce92e2,ddc9b0b4c38da995fedf43ceef12f17dfb4db353,2d19c5fe6edadd0823925ed7dd051cb27837bccf51d5102e0bcee53271654eb9,298,B,sensitivity,5,1,2,2,51501,42001,581022,S_C,r1,387bda3b61226f2e22e1ca9065e35213fccc999c0b4abfa89dcce5562c2093ce,2ed450a0e79277ccd6dda97bafa504854a564af0cb41a3cd02c7b0332341dbd5,-0.6197609401820733,0,0,False,False,True,336
ef85b4c921546129b8d4f7440f8a09a41aa652e5,68c78e1191889609dead05ea5a9fb11525ce92e2,ddc9b0b4c38da995fedf43ceef12f17dfb4db353,2d19c5fe6edadd0823925ed7dd051cb27837bccf51d5102e0bcee53271654eb9,299,B,sensitivity,5,1,3,1,51501,42001,581031,S_C,r1,387bda3b61226f2e22e1ca9065e35213fccc999c0b4abfa89dcce5562c2093ce,2ed450a0e79277ccd6dda97bafa504854a564af0cb41a3cd02c7b0332341dbd5,-0.5832345034784765,0,0,False,False,True,336
ef85b4c921546129b8d4f7440f8a09a41aa652e5,68c78e1191889609dead05ea5a9fb11525ce92e2,ddc9b0b4c38da995fedf43ceef12f17dfb4db353,2d19c5fe6edadd0823925ed7dd051cb27837bccf51d5102e0bcee53271654eb9,300,B,sensitivity,5,1,3,2,51501,42001,581032,S_C,r1,387bda3b61226f2e22e1ca9065e35213fccc999c0b4abfa89dcce5562c2093ce,2ed450a0e79277ccd6dda97bafa504854a564af0cb41a3cd02c7b0332341dbd5,-0.547436158962492,0,0,False,False,True,336
ef85b4c921546129b8d4f7440f8a09a41aa652e5,68c78e1191889609dead05ea5a9fb11525ce92e2,ddc9b0b4c38da995fedf43ceef12f17dfb4db353,2d19c5fe6edadd0823925ed7dd051cb27837bccf51d5102e0bcee53271654eb9,301,B,sensitivity,5,1,4,1,51501,42001,581041,S_C,r1,387bda3b61226f2e22e1ca9065e35213fccc999c0b4abfa89dcce5562c2093ce,2ed450a0e79277ccd6dda97bafa504854a564af0cb41a3cd02c7b0332341dbd5,-0.563869844971198,0,0,False,False,True,336
ef85b4c921546129b8d4f7440f8a09a41aa652e5,68c78e1191889609dead05ea5a9fb11525ce92e2,ddc9b0b4c38da995fedf43ceef12f17dfb4db353,2d19c5fe6edadd0823925ed7dd051cb27837bccf51d5102e0bcee53271654eb9,302,B,sensitivity,5,1,4,2,51501,42001,581042,S_C,r1,387bda3b61226f2e22e1ca9065e35213fccc999c0b4abfa89dcce5562c2093ce,2ed450a0e79277ccd6dda97bafa504854a564af0cb41a3cd02c7b0332341dbd5,-0.585424261612021,0,0,False,False,True,336
ef85b4c921546129b8d4f7440f8a09a41aa652e5,68c78e1191889609dead05ea5a9fb11525ce92e2,ddc9b0b4c38da995fedf43ceef12f17dfb4db353,2d19c5fe6edadd0823925ed7dd051cb27837bccf51d5102e0bcee53271654eb9,303,B,sensitivity,5,1,5,1,51501,42001,581051,S_C,r1,387bda3b61226f2e22e1ca9065e35213fccc999c0b4abfa89dcce5562c2093ce,2ed450a0e79277ccd6dda97bafa504854a564af0cb41a3cd02c7b0332341dbd5,-0.605118971941479,0,0,False,False,True,336
ef85b4c921546129b8d4f7440f8a09a41aa652e5,68c78e1191889609dead05ea5a9fb11525ce92e2,ddc9b0b4c38da995fedf43ceef12f17dfb4db353,2d19c5fe6edadd0823925ed7dd051cb27837bccf51d5102e0bcee53271654eb9,304,B,sensitivity,5,1,5,2,51501,42001,581052,S_C,r1,387bda3b61226f2e22e1ca9065e35213fccc999c0b4abfa89dcce5562c2093ce,2ed450a0e79277ccd6dda97bafa504854a564af0cb41a3cd02c7b0332341dbd5,-0.559282185983913,0,0,False,False,True,336
ef85b4c921546129b8d4f7440f8a09a41aa652e5,68c78e1191889609dead05ea5a9fb11525ce92e2,ddc9b0b4c38da995fedf43ceef12f17dfb4db353,2d19c5fe6edadd0823925ed7dd051cb27837bccf51d5102e0bcee53271654eb9,305,B,sensitivity,5,1,6,1,51501,42001,581061,S_C,r1,387bda3b61226f2e22e1ca9065e35213fccc999c0b4abfa89dcce5562c2093ce,2ed450a0e79277ccd6dda97bafa504854a564af0cb41a3cd02c7b0332341dbd5,-0.5989382459226238,0,0,False,False,True,336
ef85b4c921546129b8d4f7440f8a09a41aa652e5,68c78e1191889609dead05ea5a9fb11525ce92e2,ddc9b0b4c38da995fedf43ceef12f17dfb4db353,2d19c5fe6edadd0823925ed7dd051cb27837bccf51d5102e0bcee53271654eb9,306,B,sensitivity,5,1,6,2,51501,42001,581062,S_C,r1,387bda3b61226f2e22e1ca9065e35213fccc999c0b4abfa89dcce5562c2093ce,2ed450a0e79277ccd6dda97bafa504854a564af0cb41a3cd02c7b0332341dbd5,-0.5988504487279267,0,0,False,False,True,336
ef85b4c921546129b8d4f7440f8a09a41aa652e5,68c78e1191889609dead05ea5a9fb11525ce92e2,ddc9b0b4c38da995fedf43ceef12f17dfb4db353,2d19c5fe6edadd0823925ed7dd051cb27837bccf51d5102e0bcee53271654eb9,307,B,sensitivity,5,1,7,1,51501,42001,581071,S_C,r1,387bda3b61226f2e22e1ca9065e35213fccc999c0b4abfa89dcce5562c2093ce,2ed450a0e79277ccd6dda97bafa504854a564af0cb41a3cd02c7b0332341dbd5,-0.6166175845228592,0,0,False,False,True,336
ef85b4c921546129b8d4f7440f8a09a41aa652e5,68c78e1191889609dead05ea5a9fb11525ce92e2,ddc9b0b4c38da995fedf43ceef12f17dfb4db353,2d19c5fe6edadd0823925ed7dd051cb27837bccf51d5102e0bcee53271654eb9,308,B,sensitivity,5,1,7,2,51501,42001,581072,S_C,r1,387bda3b61226f2e22e1ca9065e35213fccc999c0b4abfa89dcce5562c2093ce,2ed450a0e79277ccd6dda97bafa504854a564af0cb41a3cd02c7b0332341dbd5,-0.6600145363271624,0,0,False,False,True,336
ef85b4c921546129b8d4f7440f8a09a41aa652e5,68c78e1191889609dead05ea5a9fb11525ce92e2,ddc9b0b4c38da995fedf43ceef12f17dfb4db353,2d19c5fe6edadd0823925ed7dd051cb27837bccf51d5102e0bcee53271654eb9,309,B,sensitivity,5,2,1,1,51502,42002,582011,S_C,r2,cb94a1861b00649eb0a7829154922ce5351407adcb7efa36b7f8d7aaf0b75578,ed37ddf1607a13084d9d4abcb81153324c0ad6022561dd00e240e14f4b85b96a,-0.601905824528346,0,0,False,False,True,336
ef85b4c921546129b8d4f7440f8a09a41aa652e5,68c78e1191889609dead05ea5a9fb11525ce92e2,ddc9b0b4c38da995fedf43ceef12f17dfb4db353,2d19c5fe6edadd0823925ed7dd051cb27837bccf51d5102e0bcee53271654eb9,310,B,sensitivity,5,2,1,2,51502,42002,582012,S_C,r2,cb94a1861b00649eb0a7829154922ce5351407adcb7efa36b7f8d7aaf0b75578,ed37ddf1607a13084d9d4abcb81153324c0ad6022561dd00e240e14f4b85b96a,-0.6005399997019076,0,0,False,False,True,336
ef85b4c921546129b8d4f7440f8a09a41aa652e5,68c78e1191889609dead05ea5a9fb11525ce92e2,ddc9b0b4c38da995fedf43ceef12f17dfb4db353,2d19c5fe6edadd0823925ed7dd051cb27837bccf51d5102e0bcee53271654eb9,311,B,sensitivity,5,2,2,1,51502,42002,582021,S_C,r2,cb94a1861b00649eb0a7829154922ce5351407adcb7efa36b7f8d7aaf0b75578,ed37ddf1607a13084d9d4abcb81153324c0ad6022561dd00e240e14f4b85b96a,-0.5653719772341216,0,0,False,False,True,336
ef85b4c921546129b8d4f7440f8a09a41aa652e5,68c78e1191889609dead05ea5a9fb11525ce92e2,ddc9b0b4c38da995fedf43ceef12f17dfb4db353,2d19c5fe6edadd0823925ed7dd051cb27837bccf51d5102e0bcee53271654eb9,312,B,sensitivity,5,2,2,2,51502,42002,582022,S_C,r2,cb94a1861b00649eb0a7829154922ce5351407adcb7efa36b7f8d7aaf0b75578,ed37ddf1607a13084d9d4abcb81153324c0ad6022561dd00e240e14f4b85b96a,-0.5434093480954745,0,0,False,False,True,336
ef85b4c921546129b8d4f7440f8a09a41aa652e5,68c78e1191889609dead05ea5a9fb11525ce92e2,ddc9b0b4c38da995fedf43ceef12f17dfb4db353,2d19c5fe6edadd0823925ed7dd051cb27837bccf51d5102e0bcee53271654eb9,313,B,sensitivity,5,2,3,1,51502,42002,582031,S_C,r2,cb94a1861b00649eb0a7829154922ce5351407adcb7efa36b7f8d7aaf0b75578,ed37ddf1607a13084d9d4abcb81153324c0ad6022561dd00e240e14f4b85b96a,-0.5152123409544073,0,0,False,False,True,336
ef85b4c921546129b8d4f7440f8a09a41aa652e5,68c78e1191889609dead05ea5a9fb11525ce92e2,ddc9b0b4c38da995fedf43ceef12f17dfb4db353,2d19c5fe6edadd0823925ed7dd051cb27837bccf51d5102e0bcee53271654eb9,314,B,sensitivity,5,2,3,2,51502,42002,582032,S_C,r2,cb94a1861b00649eb0a7829154922ce5351407adcb7efa36b7f8d7aaf0b75578,ed37ddf1607a13084d9d4abcb81153324c0ad6022561dd00e240e14f4b85b96a,-0.52264947481782,0,0,False,False,True,336
ef85b4c921546129b8d4f7440f8a09a41aa652e5,68c78e1191889609dead05ea5a9fb11525ce92e2,ddc9b0b4c38da995fedf43ceef12f17dfb4db353,2d19c5fe6edadd0823925ed7dd051cb27837bccf51d5102e0bcee53271654eb9,315,B,sensitivity,5,2,4,1,51502,42002,582041,S_C,r2,cb94a1861b00649eb0a7829154922ce5351407adcb7efa36b7f8d7aaf0b75578,ed37ddf1607a13084d9d4abcb81153324c0ad6022561dd00e240e14f4b85b96a,-0.47725864026216114,0,0,False,False,True,336
ef85b4c921546129b8d4f7440f8a09a41aa652e5,68c78e1191889609dead05ea5a9fb11525ce92e2,ddc9b0b4c38da995fedf43ceef12f17dfb4db353,2d19c5fe6edadd0823925ed7dd051cb27837bccf51d5102e0bcee53271654eb9,316,B,sensitivity,5,2,4,2,51502,42002,582042,S_C,r2,cb94a1861b00649eb0a7829154922ce5351407adcb7efa36b7f8d7aaf0b75578,ed37ddf1607a13084d9d4abcb81153324c0ad6022561dd00e240e14f4b85b96a,-0.4882470807819641,0,0,False,False,True,336
ef85b4c921546129b8d4f7440f8a09a41aa652e5,68c78e1191889609dead05ea5a9fb11525ce92e2,ddc9b0b4c38da995fedf43ceef12f17dfb4db353,2d19c5fe6edadd0823925ed7dd051cb27837bccf51d5102e0bcee53271654eb9,317,B,sensitivity,5,2,5,1,51502,42002,582051,S_C,r2,cb94a1861b00649eb0a7829154922ce5351407adcb7efa36b7f8d7aaf0b75578,ed37ddf1607a13084d9d4abcb81153324c0ad6022561dd00e240e14f4b85b96a,-0.49759763225754994,0,0,False,False,True,336
ef85b4c921546129b8d4f7440f8a09a41aa652e5,68c78e1191889609dead05ea5a9fb11525ce92e2,ddc9b0b4c38da995fedf43ceef12f17dfb4db353,2d19c5fe6edadd0823925ed7dd051cb27837bccf51d5102e0bcee53271654eb9,318,B,sensitivity,5,2,5,2,51502,42002,582052,S_C,r2,cb94a1861b00649eb0a7829154922ce5351407adcb7efa36b7f8d7aaf0b75578,ed37ddf1607a13084d9d4abcb81153324c0ad6022561dd00e240e14f4b85b96a,-0.49448664545929644,0,0,False,False,True,336
ef85b4c921546129b8d4f7440f8a09a41aa652e5,68c78e1191889609dead05ea5a9fb11525ce92e2,ddc9b0b4c38da995fedf43ceef12f17dfb4db353,2d19c5fe6edadd0823925ed7dd051cb27837bccf51d5102e0bcee53271654eb9,319,B,sensitivity,5,2,6,1,51502,42002,582061,S_C,r2,cb94a1861b00649eb0a7829154922ce5351407adcb7efa36b7f8d7aaf0b75578,ed37ddf1607a13084d9d4abcb81153324c0ad6022561dd00e240e14f4b85b96a,-0.4610519044952314,0,0,False,False,True,336
ef85b4c921546129b8d4f7440f8a09a41aa652e5,68c78e1191889609dead05ea5a9fb11525ce92e2,ddc9b0b4c38da995fedf43ceef12f17dfb4db353,2d19c5fe6edadd0823925ed7dd051cb27837bccf51d5102e0bcee53271654eb9,320,B,sensitivity,5,2,6,2,51502,42002,582062,S_C,r2,cb94a1861b00649eb0a7829154922ce5351407adcb7efa36b7f8d7aaf0b75578,ed37ddf1607a13084d9d4abcb81153324c0ad6022561dd00e240e14f4b85b96a,-0.5175588539458525,0,0,False,False,True,336
ef85b4c921546129b8d4f7440f8a09a41aa652e5,68c78e1191889609dead05ea5a9fb11525ce92e2,ddc9b0b4c38da995fedf43ceef12f17dfb4db353,2d19c5fe6edadd0823925ed7dd051cb27837bccf51d5102e0bcee53271654eb9,321,B,sensitivity,5,2,7,1,51502,42002,582071,S_C,r2,cb94a1861b00649eb0a7829154922ce5351407adcb7efa36b7f8d7aaf0b75578,ed37ddf1607a13084d9d4abcb81153324c0ad6022561dd00e240e14f4b85b96a,-0.5527093933527616,0,0,False,False,True,336
ef85b4c921546129b8d4f7440f8a09a41aa652e5,68c78e1191889609dead05ea5a9fb11525ce92e2,ddc9b0b4c38da995fedf43ceef12f17dfb4db353,2d19c5fe6edadd0823925ed7dd051cb27837bccf51d5102e0bcee53271654eb9,322,B,sensitivity,5,2,7,2,51502,42002,582072,S_C,r2,cb94a1861b00649eb0a7829154922ce5351407adcb7efa36b7f8d7aaf0b75578,ed37ddf1607a13084d9d4abcb81153324c0ad6022561dd00e240e14f4b85b96a,-0.5483350174554797,0,0,False,False,True,336
ef85b4c921546129b8d4f7440f8a09a41aa652e5,68c78e1191889609dead05ea5a9fb11525ce92e2,ddc9b0b4c38da995fedf43ceef12f17dfb4db353,2d19c5fe6edadd0823925ed7dd051cb27837bccf51d5102e0bcee53271654eb9,323,B,sensitivity,5,3,1,1,51503,42003,583011,S_C,r3,3e56e119afbb8aabbd44551af3351ee6a55c0b96c7d9e6aac153faecff6a9110,dd38a6dc0c729eb26b133f73a06b99d12c5088e5248da46847456f733bcb326f,-0.6238942655130275,0,0,False,False,True,336
ef85b4c921546129b8d4f7440f8a09a41aa652e5,68c78e1191889609dead05ea5a9fb11525ce92e2,ddc9b0b4c38da995fedf43ceef12f17dfb4db353,2d19c5fe6edadd0823925ed7dd051cb27837bccf51d5102e0bcee53271654eb9,324,B,sensitivity,5,3,1,2,51503,42003,583012,S_C,r3,3e56e119afbb8aabbd44551af3351ee6a55c0b96c7d9e6aac153faecff6a9110,dd38a6dc0c729eb26b133f73a06b99d12c5088e5248da46847456f733bcb326f,-0.6291699023443666,0,0,False,False,True,336
ef85b4c921546129b8d4f7440f8a09a41aa652e5,68c78e1191889609dead05ea5a9fb11525ce92e2,ddc9b0b4c38da995fedf43ceef12f17dfb4db353,2d19c5fe6edadd0823925ed7dd051cb27837bccf51d5102e0bcee53271654eb9,325,B,sensitivity,5,3,2,1,51503,42003,583021,S_C,r3,3e56e119afbb8aabbd44551af3351ee6a55c0b96c7d9e6aac153faecff6a9110,dd38a6dc0c729eb26b133f73a06b99d12c5088e5248da46847456f733bcb326f,-0.5763743136505323,0,0,False,False,True,336
ef85b4c921546129b8d4f7440f8a09a41aa652e5,68c78e1191889609dead05ea5a9fb11525ce92e2,ddc9b0b4c38da995fedf43ceef12f17dfb4db353,2d19c5fe6edadd0823925ed7dd051cb27837bccf51d5102e0bcee53271654eb9,326,B,sensitivity,5,3,2,2,51503,42003,583022,S_C,r3,3e56e119afbb8aabbd44551af3351ee6a55c0b96c7d9e6aac153faecff6a9110,dd38a6dc0c729eb26b133f73a06b99d12c5088e5248da46847456f733bcb326f,-0.6070124880765012,0,0,False,False,True,336
ef85b4c921546129b8d4f7440f8a09a41aa652e5,68c78e1191889609dead05ea5a9fb11525ce92e2,ddc9b0b4c38da995fedf43ceef12f17dfb4db353,2d19c5fe6edadd0823925ed7dd051cb27837bccf51d5102e0bcee53271654eb9,327,B,sensitivity,5,3,3,1,51503,42003,583031,S_C,r3,3e56e119afbb8aabbd44551af3351ee6a55c0b96c7d9e6aac153faecff6a9110,dd38a6dc0c729eb26b133f73a06b99d12c5088e5248da46847456f733bcb326f,-0.5629351884873962,0,0,False,False,True,336
ef85b4c921546129b8d4f7440f8a09a41aa652e5,68c78e1191889609dead05ea5a9fb11525ce92e2,ddc9b0b4c38da995fedf43ceef12f17dfb4db353,2d19c5fe6edadd0823925ed7dd051cb27837bccf51d5102e0bcee53271654eb9,328,B,sensitivity,5,3,3,2,51503,42003,583032,S_C,r3,3e56e119afbb8aabbd44551af3351ee6a55c0b96c7d9e6aac153faecff6a9110,dd38a6dc0c729eb26b133f73a06b99d12c5088e5248da46847456f733bcb326f,-0.5634199684717337,0,0,False,False,True,336
ef85b4c921546129b8d4f7440f8a09a41aa652e5,68c78e1191889609dead05ea5a9fb11525ce92e2,ddc9b0b4c38da995fedf43ceef12f17dfb4db353,2d19c5fe6edadd0823925ed7dd051cb27837bccf51d5102e0bcee53271654eb9,329,B,sensitivity,5,3,4,1,51503,42003,583041,S_C,r3,3e56e119afbb8aabbd44551af3351ee6a55c0b96c7d9e6aac153faecff6a9110,dd38a6dc0c729eb26b133f73a06b99d12c5088e5248da46847456f733bcb326f,-0.5322674290255721,0,0,False,False,True,336
ef85b4c921546129b8d4f7440f8a09a41aa652e5,68c78e1191889609dead05ea5a9fb11525ce92e2,ddc9b0b4c38da995fedf43ceef12f17dfb4db353,2d19c5fe6edadd0823925ed7dd051cb27837bccf51d5102e0bcee53271654eb9,330,B,sensitivity,5,3,4,2,51503,42003,583042,S_C,r3,3e56e119afbb8aabbd44551af3351ee6a55c0b96c7d9e6aac153faecff6a9110,dd38a6dc0c729eb26b133f73a06b99d12c5088e5248da46847456f733bcb326f,-0.5381805226075278,0,0,False,False,True,336
ef85b4c921546129b8d4f7440f8a09a41aa652e5,68c78e1191889609dead05ea5a9fb11525ce92e2,ddc9b0b4c38da995fedf43ceef12f17dfb4db353,2d19c5fe6edadd0823925ed7dd051cb27837bccf51d5102e0bcee53271654eb9,331,B,sensitivity,5,3,5,1,51503,42003,583051,S_C,r3,3e56e119afbb8aabbd44551af3351ee6a55c0b96c7d9e6aac153faecff6a9110,dd38a6dc0c729eb26b133f73a06b99d12c5088e5248da46847456f733bcb326f,-0.4825147928947875,0,0,False,False,True,336
ef85b4c921546129b8d4f7440f8a09a41aa652e5,68c78e1191889609dead05ea5a9fb11525ce92e2,ddc9b0b4c38da995fedf43ceef12f17dfb4db353,2d19c5fe6edadd0823925ed7dd051cb27837bccf51d5102e0bcee53271654eb9,332,B,sensitivity,5,3,5,2,51503,42003,583052,S_C,r3,3e56e119afbb8aabbd44551af3351ee6a55c0b96c7d9e6aac153faecff6a9110,dd38a6dc0c729eb26b133f73a06b99d12c5088e5248da46847456f733bcb326f,-0.4944872048171063,0,0,False,False,True,336
ef85b4c921546129b8d4f7440f8a09a41aa652e5,68c78e1191889609dead05ea5a9fb11525ce92e2,ddc9b0b4c38da995fedf43ceef12f17dfb4db353,2d19c5fe6edadd0823925ed7dd051cb27837bccf51d5102e0bcee53271654eb9,333,B,sensitivity,5,3,6,1,51503,42003,583061,S_C,r3,3e56e119afbb8aabbd44551af3351ee6a55c0b96c7d9e6aac153faecff6a9110,dd38a6dc0c729eb26b133f73a06b99d12c5088e5248da46847456f733bcb326f,-0.5725948312627492,0,0,False,False,True,336
ef85b4c921546129b8d4f7440f8a09a41aa652e5,68c78e1191889609dead05ea5a9fb11525ce92e2,ddc9b0b4c38da995fedf43ceef12f17dfb4db353,2d19c5fe6edadd0823925ed7dd051cb27837bccf51d5102e0bcee53271654eb9,334,B,sensitivity,5,3,6,2,51503,42003,583062,S_C,r3,3e56e119afbb8aabbd44551af3351ee6a55c0b96c7d9e6aac153faecff6a9110,dd38a6dc0c729eb26b133f73a06b99d12c5088e5248da46847456f733bcb326f,-0.5537231395088933,0,0,False,False,True,336
ef85b4c921546129b8d4f7440f8a09a41aa652e5,68c78e1191889609dead05ea5a9fb11525ce92e2,ddc9b0b4c38da995fedf43ceef12f17dfb4db353,2d19c5fe6edadd0823925ed7dd051cb27837bccf51d5102e0bcee53271654eb9,335,B,sensitivity,5,3,7,1,51503,42003,583071,S_C,r3,3e56e119afbb8aabbd44551af3351ee6a55c0b96c7d9e6aac153faecff6a9110,dd38a6dc0c729eb26b133f73a06b99d12c5088e5248da46847456f733bcb326f,-0.5691309753669493,0,0,False,False,True,336
ef85b4c921546129b8d4f7440f8a09a41aa652e5,68c78e1191889609dead05ea5a9fb11525ce92e2,ddc9b0b4c38da995fedf43ceef12f17dfb4db353,2d19c5fe6edadd0823925ed7dd051cb27837bccf51d5102e0bcee53271654eb9,336,B,sensitivity,5,3,7,2,51503,42003,583072,S_C,r3,3e56e119afbb8aabbd44551af3351ee6a55c0b96c7d9e6aac153faecff6a9110,dd38a6dc0c729eb26b133f73a06b99d12c5088e5248da46847456f733bcb326f,-0.6064190620060269,0,0,False,False,True,336
