estimand,role,K_TRUE,replicate,K,start,pre_fit_test_mask_hash,pre_fit_train_mask_hash,post_fit_test_mask_hash,post_fit_train_mask_hash,anchor_mask_hash,anchor_train_mask_hash,pre_fit_passed,post_fit_passed,fit_boundary_status,boundary_version
A,primary,1,1,1,1,387bda3b61226f2e22e1ca9065e35213fccc999c0b4abfa89dcce5562c2093ce,2ed450a0e79277ccd6dda97bafa504854a564af0cb41a3cd02c7b0332341dbd5,387bda3b61226f2e22e1ca9065e35213fccc999c0b4abfa89dcce5562c2093ce,2ed450a0e79277ccd6dda97bafa504854a564af0cb41a3cd02c7b0332341dbd5,387bda3b61226f2e22e1ca9065e35213fccc999c0b4abfa89dcce5562c2093ce,2ed450a0e79277ccd6dda97bafa504854a564af0cb41a3cd02c7b0332341dbd5,True,True,clean,phase8b-leakage-boundary-v1
A,primary,1,1,1,2,387bda3b61226f2e22e1ca9065e35213fccc999c0b4abfa89dcce5562c2093ce,2ed450a0e79277ccd6dda97bafa504854a564af0cb41a3cd02c7b0332341dbd5,387bda3b61226f2e22e1ca9065e35213fccc999c0b4abfa89dcce5562c2093ce,2ed450a0e79277ccd6dda97bafa504854a564af0cb41a3cd02c7b0332341dbd5,387bda3b61226f2e22e1ca9065e35213fccc999c0b4abfa89dcce5562c2093ce,2ed450a0e79277ccd6dda97bafa504854a564af0cb41a3cd02c7b0332341dbd5,True,True,clean,phase8b-leakage-boundary-v1
A,primary,1,1,2,1,387bda3b61226f2e22e1ca9065e35213fccc999c0b4abfa89dcce5562c2093ce,2ed450a0e79277ccd6dda97bafa504854a564af0cb41a3cd02c7b0332341dbd5,387bda3b61226f2e22e1ca9065e35213fccc999c0b4abfa89dcce5562c2093ce,2ed450a0e79277ccd6dda97bafa504854a564af0cb41a3cd02c7b0332341dbd5,387bda3b61226f2e22e1ca9065e35213fccc999c0b4abfa89dcce5562c2093ce,2ed450a0e79277ccd6dda97bafa504854a564af0cb41a3cd02c7b0332341dbd5,True,True,clean,phase8b-leakage-boundary-v1
A,primary,1,1,2,2,387bda3b61226f2e22e1ca9065e35213fccc999c0b4abfa89dcce5562c2093ce,2ed450a0e79277ccd6dda97bafa504854a564af0cb41a3cd02c7b0332341dbd5,387bda3b61226f2e22e1ca9065e35213fccc999c0b4abfa89dcce5562c2093ce,2ed450a0e79277ccd6dda97bafa504854a564af0cb41a3cd02c7b0332341dbd5,387bda3b61226f2e22e1ca9065e35213fccc999c0b4abfa89dcce5562c2093ce,2ed450a0e79277ccd6dda97bafa504854a564af0cb41a3cd02c7b0332341dbd5,True,True,clean,phase8b-leakage-boundary-v1
A,primary,1,1,3,1,387bda3b61226f2e22e1ca9065e35213fccc999c0b4abfa89dcce5562c2093ce,2ed450a0e79277ccd6dda97bafa504854a564af0cb41a3cd02c7b0332341dbd5,387bda3b61226f2e22e1ca9065e35213fccc999c0b4abfa89dcce5562c2093ce,2ed450a0e79277ccd6dda97bafa504854a564af0cb41a3cd02c7b0332341dbd5,387bda3b61226f2e22e1ca9065e35213fccc999c0b4abfa89dcce5562c2093ce,2ed450a0e79277ccd6dda97bafa504854a564af0cb41a3cd02c7b0332341dbd5,True,True,clean,phase8b-leakage-boundary-v1
A,primary,1,1,3,2,387bda3b61226f2e22e1ca9065e35213fccc999c0b4abfa89dcce5562c2093ce,2ed450a0e79277ccd6dda97bafa504854a564af0cb41a3cd02c7b0332341dbd5,387bda3b61226f2e22e1ca9065e35213fccc999c0b4abfa89dcce5562c2093ce,2ed450a0e79277ccd6dda97bafa504854a564af0cb41a3cd02c7b0332341dbd5,387bda3b61226f2e22e1ca9065e35213fccc999c0b4abfa89dcce5562c2093ce,2ed450a0e79277ccd6dda97bafa504854a564af0cb41a3cd02c7b0332341dbd5,True,True,clean,phase8b-leakage-boundary-v1
A,primary,1,1,4,1,387bda3b61226f2e22e1ca9065e35213fccc999c0b4abfa89dcce5562c2093ce,2ed450a0e79277ccd6dda97bafa504854a564af0cb41a3cd02c7b0332341dbd5,387bda3b61226f2e22e1ca9065e35213fccc999c0b4abfa89dcce5562c2093ce,2ed450a0e79277ccd6dda97bafa504854a564af0cb41a3cd02c7b0332341dbd5,387bda3b61226f2e22e1ca9065e35213fccc999c0b4abfa89dcce5562c2093ce,2ed450a0e79277ccd6dda97bafa504854a564af0cb41a3cd02c7b0332341dbd5,True,True,clean,phase8b-leakage-boundary-v1
A,primary,1,1,4,2,387bda3b61226f2e22e1ca9065e35213fccc999c0b4abfa89dcce5562c2093ce,2ed450a0e79277ccd6dda97bafa504854a564af0cb41a3cd02c7b0332341dbd5,387bda3b61226f2e22e1ca9065e35213fccc999c0b4abfa89dcce5562c2093ce,2ed450a0e79277ccd6dda97bafa504854a564af0cb41a3cd02c7b0332341dbd5,387bda3b61226f2e22e1ca9065e35213fccc999c0b4abfa89dcce5562c2093ce,2ed450a0e79277ccd6dda97bafa504854a564af0cb41a3cd02c7b0332341dbd5,True,True,clean,phase8b-leakage-boundary-v1
A,primary,1,1,5,1,387bda3b61226f2e22e1ca9065e35213fccc999c0b4abfa89dcce5562c2093ce,2ed450a0e79277ccd6dda97bafa504854a564af0cb41a3cd02c7b0332341dbd5,387bda3b61226f2e22e1ca9065e35213fccc999c0b4abfa89dcce5562c2093ce,2ed450a0e79277ccd6dda97bafa504854a564af0cb41a3cd02c7b0332341dbd5,387bda3b61226f2e22e1ca9065e35213fccc999c0b4abfa89dcce5562c2093ce,2ed450a0e79277ccd6dda97bafa504854a564af0cb41a3cd02c7b0332341dbd5,True,True,clean,phase8b-leakage-boundary-v1
A,primary,1,1,5,2,387bda3b61226f2e22e1ca9065e35213fccc999c0b4abfa89dcce5562c2093ce,2ed450a0e79277ccd6dda97bafa504854a564af0cb41a3cd02c7b0332341dbd5,387bda3b61226f2e22e1ca9065e35213fccc999c0b4abfa89dcce5562c2093ce,2ed450a0e79277ccd6dda97bafa504854a564af0cb41a3cd02c7b0332341dbd5,387bda3b61226f2e22e1ca9065e35213fccc999c0b4abfa89dcce5562c2093ce,2ed450a0e79277ccd6dda97bafa504854a564af0cb41a3cd02c7b0332341dbd5,True,True,clean,phase8b-leakage-boundary-v1
A,primary,1,1,6,1,387bda3b61226f2e22e1ca9065e35213fccc999c0b4abfa89dcce5562c2093ce,2ed450a0e79277ccd6dda97bafa504854a564af0cb41a3cd02c7b0332341dbd5,387bda3b61226f2e22e1ca9065e35213fccc999c0b4abfa89dcce5562c2093ce,2ed450a0e79277ccd6dda97bafa504854a564af0cb41a3cd02c7b0332341dbd5,387bda3b61226f2e22e1ca9065e35213fccc999c0b4abfa89dcce5562c2093ce,2ed450a0e79277ccd6dda97bafa504854a564af0cb41a3cd02c7b0332341dbd5,True,True,clean,phase8b-leakage-boundary-v1
A,primary,1,1,6,2,387bda3b61226f2e22e1ca9065e35213fccc999c0b4abfa89dcce5562c2093ce,2ed450a0e79277ccd6dda97bafa504854a564af0cb41a3cd02c7b0332341dbd5,387bda3b61226f2e22e1ca9065e35213fccc999c0b4abfa89dcce5562c2093ce,2ed450a0e79277ccd6dda97bafa504854a564af0cb41a3cd02c7b0332341dbd5,387bda3b61226f2e22e1ca9065e35213fccc999c0b4abfa89dcce5562c2093ce,2ed450a0e79277ccd6dda97bafa504854a564af0cb41a3cd02c7b0332341dbd5,True,True,clean,phase8b-leakage-boundary-v1
A,primary,1,1,7,1,387bda3b61226f2e22e1ca9065e35213fccc999c0b4abfa89dcce5562c2093ce,2ed450a0e79277ccd6dda97bafa504854a564af0cb41a3cd02c7b0332341dbd5,387bda3b61226f2e22e1ca9065e35213fccc999c0b4abfa89dcce5562c2093ce,2ed450a0e79277ccd6dda97bafa504854a564af0cb41a3cd02c7b0332341dbd5,387bda3b61226f2e22e1ca9065e35213fccc999c0b4abfa89dcce5562c2093ce,2ed450a0e79277ccd6dda97bafa504854a564af0cb41a3cd02c7b0332341dbd5,True,True,clean,phase8b-leakage-boundary-v1
A,primary,1,1,7,2,387bda3b61226f2e22e1ca9065e35213fccc999c0b4abfa89dcce5562c2093ce,2ed450a0e79277ccd6dda97bafa504854a564af0cb41a3cd02c7b0332341dbd5,387bda3b61226f2e22e1ca9065e35213fccc999c0b4abfa89dcce5562c2093ce,2ed450a0e79277ccd6dda97bafa504854a564af0cb41a3cd02c7b0332341dbd5,387bda3b61226f2e22e1ca9065e35213fccc999c0b4abfa89dcce5562c2093ce,2ed450a0e79277ccd6dda97bafa504854a564af0cb41a3cd02c7b0332341dbd5,True,True,clean,phase8b-leakage-boundary-v1
A,primary,1,2,1,1,cb94a1861b00649eb0a7829154922ce5351407adcb7efa36b7f8d7aaf0b75578,ed37ddf1607a13084d9d4abcb81153324c0ad6022561dd00e240e14f4b85b96a,cb94a1861b00649eb0a7829154922ce5351407adcb7efa36b7f8d7aaf0b75578,ed37ddf1607a13084d9d4abcb81153324c0ad6022561dd00e240e14f4b85b96a,cb94a1861b00649eb0a7829154922ce5351407adcb7efa36b7f8d7aaf0b75578,ed37ddf1607a13084d9d4abcb81153324c0ad6022561dd00e240e14f4b85b96a,True,True,clean,phase8b-leakage-boundary-v1
A,primary,1,2,1,2,cb94a1861b00649eb0a7829154922ce5351407adcb7efa36b7f8d7aaf0b75578,ed37ddf1607a13084d9d4abcb81153324c0ad6022561dd00e240e14f4b85b96a,cb94a1861b00649eb0a7829154922ce5351407adcb7efa36b7f8d7aaf0b75578,ed37ddf1607a13084d9d4abcb81153324c0ad6022561dd00e240e14f4b85b96a,cb94a1861b00649eb0a7829154922ce5351407adcb7efa36b7f8d7aaf0b75578,ed37ddf1607a13084d9d4abcb81153324c0ad6022561dd00e240e14f4b85b96a,True,True,clean,phase8b-leakage-boundary-v1
A,primary,1,2,2,1,cb94a1861b00649eb0a7829154922ce5351407adcb7efa36b7f8d7aaf0b75578,ed37ddf1607a13084d9d4abcb81153324c0ad6022561dd00e240e14f4b85b96a,cb94a1861b00649eb0a7829154922ce5351407adcb7efa36b7f8d7aaf0b75578,ed37ddf1607a13084d9d4abcb81153324c0ad6022561dd00e240e14f4b85b96a,cb94a1861b00649eb0a7829154922ce5351407adcb7efa36b7f8d7aaf0b75578,ed37ddf1607a13084d9d4abcb81153324c0ad6022561dd00e240e14f4b85b96a,True,True,clean,phase8b-leakage-boundary-v1
A,primary,1,2,2,2,cb94a1861b00649eb0a7829154922ce5351407adcb7efa36b7f8d7aaf0b75578,ed37ddf1607a13084d9d4abcb81153324c0ad6022561dd00e240e14f4b85b96a,cb94a1861b00649eb0a7829154922ce5351407adcb7efa36b7f8d7aaf0b75578,ed37ddf1607a13084d9d4abcb81153324c0ad6022561dd00e240e14f4b85b96a,cb94a1861b00649eb0a7829154922ce5351407adcb7efa36b7f8d7aaf0b75578,ed37ddf1607a13084d9d4abcb81153324c0ad6022561dd00e240e14f4b85b96a,True,True,clean,phase8b-leakage-boundary-v1
A,primary,1,2,3,1,cb94a1861b00649eb0a7829154922ce5351407adcb7efa36b7f8d7aaf0b75578,ed37ddf1607a13084d9d4abcb81153324c0ad6022561dd00e240e14f4b85b96a,cb94a1861b00649eb0a7829154922ce5351407adcb7efa36b7f8d7aaf0b75578,ed37ddf1607a13084d9d4abcb81153324c0ad6022561dd00e240e14f4b85b96a,cb94a1861b00649eb0a7829154922ce5351407adcb7efa36b7f8d7aaf0b75578,ed37ddf1607a13084d9d4abcb81153324c0ad6022561dd00e240e14f4b85b96a,True,True,clean,phase8b-leakage-boundary-v1
A,primary,1,2,3,2,cb94a1861b00649eb0a7829154922ce5351407adcb7efa36b7f8d7aaf0b75578,ed37ddf1607a13084d9d4abcb81153324c0ad6022561dd00e240e14f4b85b96a,cb94a1861b00649eb0a7829154922ce5351407adcb7efa36b7f8d7aaf0b75578,ed37ddf1607a13084d9d4abcb81153324c0ad6022561dd00e240e14f4b85b96a,cb94a1861b00649eb0a7829154922ce5351407adcb7efa36b7f8d7aaf0b75578,ed37ddf1607a13084d9d4abcb81153324c0ad6022561dd00e240e14f4b85b96a,True,True,clean,phase8b-leakage-boundary-v1
A,primary,1,2,4,1,cb94a1861b00649eb0a7829154922ce5351407adcb7efa36b7f8d7aaf0b75578,ed37ddf1607a13084d9d4abcb81153324c0ad6022561dd00e240e14f4b85b96a,cb94a1861b00649eb0a7829154922ce5351407adcb7efa36b7f8d7aaf0b75578,ed37ddf1607a13084d9d4abcb81153324c0ad6022561dd00e240e14f4b85b96a,cb94a1861b00649eb0a7829154922ce5351407adcb7efa36b7f8d7aaf0b75578,ed37ddf1607a13084d9d4abcb81153324c0ad6022561dd00e240e14f4b85b96a,True,True,clean,phase8b-leakage-boundary-v1
A,primary,1,2,4,2,cb94a1861b00649eb0a7829154922ce5351407adcb7efa36b7f8d7aaf0b75578,ed37ddf1607a13084d9d4abcb81153324c0ad6022561dd00e240e14f4b85b96a,cb94a1861b00649eb0a7829154922ce5351407adcb7efa36b7f8d7aaf0b75578,ed37ddf1607a13084d9d4abcb81153324c0ad6022561dd00e240e14f4b85b96a,cb94a1861b00649eb0a7829154922ce5351407adcb7efa36b7f8d7aaf0b75578,ed37ddf1607a13084d9d4abcb81153324c0ad6022561dd00e240e14f4b85b96a,True,True,clean,phase8b-leakage-boundary-v1
A,primary,1,2,5,1,cb94a1861b00649eb0a7829154922ce5351407adcb7efa36b7f8d7aaf0b75578,ed37ddf1607a13084d9d4abcb81153324c0ad6022561dd00e240e14f4b85b96a,cb94a1861b00649eb0a7829154922ce5351407adcb7efa36b7f8d7aaf0b75578,ed37ddf1607a13084d9d4abcb81153324c0ad6022561dd00e240e14f4b85b96a,cb94a1861b00649eb0a7829154922ce5351407adcb7efa36b7f8d7aaf0b75578,ed37ddf1607a13084d9d4abcb81153324c0ad6022561dd00e240e14f4b85b96a,True,True,clean,phase8b-leakage-boundary-v1
A,primary,1,2,5,2,cb94a1861b00649eb0a7829154922ce5351407adcb7efa36b7f8d7aaf0b75578,ed37ddf1607a13084d9d4abcb81153324c0ad6022561dd00e240e14f4b85b96a,cb94a1861b00649eb0a7829154922ce5351407adcb7efa36b7f8d7aaf0b75578,ed37ddf1607a13084d9d4abcb81153324c0ad6022561dd00e240e14f4b85b96a,cb94a1861b00649eb0a7829154922ce5351407adcb7efa36b7f8d7aaf0b75578,ed37ddf1607a13084d9d4abcb81153324c0ad6022561dd00e240e14f4b85b96a,True,True,clean,phase8b-leakage-boundary-v1
A,primary,1,2,6,1,cb94a1861b00649eb0a7829154922ce5351407adcb7efa36b7f8d7aaf0b75578,ed37ddf1607a13084d9d4abcb81153324c0ad6022561dd00e240e14f4b85b96a,cb94a1861b00649eb0a7829154922ce5351407adcb7efa36b7f8d7aaf0b75578,ed37ddf1607a13084d9d4abcb81153324c0ad6022561dd00e240e14f4b85b96a,cb94a1861b00649eb0a7829154922ce5351407adcb7efa36b7f8d7aaf0b75578,ed37ddf1607a13084d9d4abcb81153324c0ad6022561dd00e240e14f4b85b96a,True,True,clean,phase8b-leakage-boundary-v1
A,primary,1,2,6,2,cb94a1861b00649eb0a7829154922ce5351407adcb7efa36b7f8d7aaf0b75578,ed37ddf1607a13084d9d4abcb81153324c0ad6022561dd00e240e14f4b85b96a,cb94a1861b00649eb0a7829154922ce5351407adcb7efa36b7f8d7aaf0b75578,ed37ddf1607a13084d9d4abcb81153324c0ad6022561dd00e240e14f4b85b96a,cb94a1861b00649eb0a7829154922ce5351407adcb7efa36b7f8d7aaf0b75578,ed37ddf1607a13084d9d4abcb81153324c0ad6022561dd00e240e14f4b85b96a,True,True,clean,phase8b-leakage-boundary-v1
A,primary,1,2,7,1,cb94a1861b00649eb0a7829154922ce5351407adcb7efa36b7f8d7aaf0b75578,ed37ddf1607a13084d9d4abcb81153324c0ad6022561dd00e240e14f4b85b96a,cb94a1861b00649eb0a7829154922ce5351407adcb7efa36b7f8d7aaf0b75578,ed37ddf1607a13084d9d4abcb81153324c0ad6022561dd00e240e14f4b85b96a,cb94a1861b00649eb0a7829154922ce5351407adcb7efa36b7f8d7aaf0b75578,ed37ddf1607a13084d9d4abcb81153324c0ad6022561dd00e240e14f4b85b96a,True,True,clean,phase8b-leakage-boundary-v1
A,primary,1,2,7,2,cb94a1861b00649eb0a7829154922ce5351407adcb7efa36b7f8d7aaf0b75578,ed37ddf1607a13084d9d4abcb81153324c0ad6022561dd00e240e14f4b85b96a,cb94a1861b00649eb0a7829154922ce5351407adcb7efa36b7f8d7aaf0b75578,ed37ddf1607a13084d9d4abcb81153324c0ad6022561dd00e240e14f4b85b96a,cb94a1861b00649eb0a7829154922ce5351407adcb7efa36b7f8d7aaf0b75578,ed37ddf1607a13084d9d4abcb81153324c0ad6022561dd00e240e14f4b85b96a,True,True,clean,phase8b-leakage-boundary-v1
A,primary,1,3,1,1,3e56e119afbb8aabbd44551af3351ee6a55c0b96c7d9e6aac153faecff6a9110,dd38a6dc0c729eb26b133f73a06b99d12c5088e5248da46847456f733bcb326f,3e56e119afbb8aabbd44551af3351ee6a55c0b96c7d9e6aac153faecff6a9110,dd38a6dc0c729eb26b133f73a06b99d12c5088e5248da46847456f733bcb326f,3e56e119afbb8aabbd44551af3351ee6a55c0b96c7d9e6aac153faecff6a9110,dd38a6dc0c729eb26b133f73a06b99d12c5088e5248da46847456f733bcb326f,True,True,clean,phase8b-leakage-boundary-v1
A,primary,1,3,1,2,3e56e119afbb8aabbd44551af3351ee6a55c0b96c7d9e6aac153faecff6a9110,dd38a6dc0c729eb26b133f73a06b99d12c5088e5248da46847456f733bcb326f,3e56e119afbb8aabbd44551af3351ee6a55c0b96c7d9e6aac153faecff6a9110,dd38a6dc0c729eb26b133f73a06b99d12c5088e5248da46847456f733bcb326f,3e56e119afbb8aabbd44551af3351ee6a55c0b96c7d9e6aac153faecff6a9110,dd38a6dc0c729eb26b133f73a06b99d12c5088e5248da46847456f733bcb326f,True,True,clean,phase8b-leakage-boundary-v1
A,primary,1,3,2,1,3e56e119afbb8aabbd44551af3351ee6a55c0b96c7d9e6aac153faecff6a9110,dd38a6dc0c729eb26b133f73a06b99d12c5088e5248da46847456f733bcb326f,3e56e119afbb8aabbd44551af3351ee6a55c0b96c7d9e6aac153faecff6a9110,dd38a6dc0c729eb26b133f73a06b99d12c5088e5248da46847456f733bcb326f,3e56e119afbb8aabbd44551af3351ee6a55c0b96c7d9e6aac153faecff6a9110,dd38a6dc0c729eb26b133f73a06b99d12c5088e5248da46847456f733bcb326f,True,True,clean,phase8b-leakage-boundary-v1
A,primary,1,3,2,2,3e56e119afbb8aabbd44551af3351ee6a55c0b96c7d9e6aac153faecff6a9110,dd38a6dc0c729eb26b133f73a06b99d12c5088e5248da46847456f733bcb326f,3e56e119afbb8aabbd44551af3351ee6a55c0b96c7d9e6aac153faecff6a9110,dd38a6dc0c729eb26b133f73a06b99d12c5088e5248da46847456f733bcb326f,3e56e119afbb8aabbd44551af3351ee6a55c0b96c7d9e6aac153faecff6a9110,dd38a6dc0c729eb26b133f73a06b99d12c5088e5248da46847456f733bcb326f,True,True,clean,phase8b-leakage-boundary-v1
A,primary,1,3,3,1,3e56e119afbb8aabbd44551af3351ee6a55c0b96c7d9e6aac153faecff6a9110,dd38a6dc0c729eb26b133f73a06b99d12c5088e5248da46847456f733bcb326f,3e56e119afbb8aabbd44551af3351ee6a55c0b96c7d9e6aac153faecff6a9110,dd38a6dc0c729eb26b133f73a06b99d12c5088e5248da46847456f733bcb326f,3e56e119afbb8aabbd44551af3351ee6a55c0b96c7d9e6aac153faecff6a9110,dd38a6dc0c729eb26b133f73a06b99d12c5088e5248da46847456f733bcb326f,True,True,clean,phase8b-leakage-boundary-v1
A,primary,1,3,3,2,3e56e119afbb8aabbd44551af3351ee6a55c0b96c7d9e6aac153faecff6a9110,dd38a6dc0c729eb26b133f73a06b99d12c5088e5248da46847456f733bcb326f,3e56e119afbb8aabbd44551af3351ee6a55c0b96c7d9e6aac153faecff6a9110,dd38a6dc0c729eb26b133f73a06b99d12c5088e5248da46847456f733bcb326f,3e56e119afbb8aabbd44551af3351ee6a55c0b96c7d9e6aac153faecff6a9110,dd38a6dc0c729eb26b133f73a06b99d12c5088e5248da46847456f733bcb326f,True,True,clean,phase8b-leakage-boundary-v1
A,primary,1,3,4,1,3e56e119afbb8aabbd44551af3351ee6a55c0b96c7d9e6aac153faecff6a9110,dd38a6dc0c729eb26b133f73a06b99d12c5088e5248da46847456f733bcb326f,3e56e119afbb8aabbd44551af3351ee6a55c0b96c7d9e6aac153faecff6a9110,dd38a6dc0c729eb26b133f73a06b99d12c5088e5248da46847456f733bcb326f,3e56e119afbb8aabbd44551af3351ee6a55c0b96c7d9e6aac153faecff6a9110,dd38a6dc0c729eb26b133f73a06b99d12c5088e5248da46847456f733bcb326f,True,True,clean,phase8b-leakage-boundary-v1
A,primary,1,3,4,2,3e56e119afbb8aabbd44551af3351ee6a55c0b96c7d9e6aac153faecff6a9110,dd38a6dc0c729eb26b133f73a06b99d12c5088e5248da46847456f733bcb326f,3e56e119afbb8aabbd44551af3351ee6a55c0b96c7d9e6aac153faecff6a9110,dd38a6dc0c729eb26b133f73a06b99d12c5088e5248da46847456f733bcb326f,3e56e119afbb8aabbd44551af3351ee6a55c0b96c7d9e6aac153faecff6a9110,dd38a6dc0c729eb26b133f73a06b99d12c5088e5248da46847456f733bcb326f,True,True,clean,phase8b-leakage-boundary-v1
A,primary,1,3,5,1,3e56e119afbb8aabbd44551af3351ee6a55c0b96c7d9e6aac153faecff6a9110,dd38a6dc0c729eb26b133f73a06b99d12c5088e5248da46847456f733bcb326f,3e56e119afbb8aabbd44551af3351ee6a55c0b96c7d9e6aac153faecff6a9110,dd38a6dc0c729eb26b133f73a06b99d12c5088e5248da46847456f733bcb326f,3e56e119afbb8aabbd44551af3351ee6a55c0b96c7d9e6aac153faecff6a9110,dd38a6dc0c729eb26b133f73a06b99d12c5088e5248da46847456f733bcb326f,True,True,clean,phase8b-leakage-boundary-v1
A,primary,1,3,5,2,3e56e119afbb8aabbd44551af3351ee6a55c0b96c7d9e6aac153faecff6a9110,dd38a6dc0c729eb26b133f73a06b99d12c5088e5248da46847456f733bcb326f,3e56e119afbb8aabbd44551af3351ee6a55c0b96c7d9e6aac153faecff6a9110,dd38a6dc0c729eb26b133f73a06b99d12c5088e5248da46847456f733bcb326f,3e56e119afbb8aabbd44551af3351ee6a55c0b96c7d9e6aac153faecff6a9110,dd38a6dc0c729eb26b133f73a06b99d12c5088e5248da46847456f733bcb326f,True,True,clean,phase8b-leakage-boundary-v1
A,primary,1,3,6,1,3e56e119afbb8aabbd44551af3351ee6a55c0b96c7d9e6aac153faecff6a9110,dd38a6dc0c729eb26b133f73a06b99d12c5088e5248da46847456f733bcb326f,3e56e119afbb8aabbd44551af3351ee6a55c0b96c7d9e6aac153faecff6a9110,dd38a6dc0c729eb26b133f73a06b99d12c5088e5248da46847456f733bcb326f,3e56e119afbb8aabbd44551af3351ee6a55c0b96c7d9e6aac153faecff6a9110,dd38a6dc0c729eb26b133f73a06b99d12c5088e5248da46847456f733bcb326f,True,True,clean,phase8b-leakage-boundary-v1
A,primary,1,3,6,2,3e56e119afbb8aabbd44551af3351ee6a55c0b96c7d9e6aac153faecff6a9110,dd38a6dc0c729eb26b133f73a06b99d12c5088e5248da46847456f733bcb326f,3e56e119afbb8aabbd44551af3351ee6a55c0b96c7d9e6aac153faecff6a9110,dd38a6dc0c729eb26b133f73a06b99d12c5088e5248da46847456f733bcb326f,3e56e119afbb8aabbd44551af3351ee6a55c0b96c7d9e6aac153faecff6a9110,dd38a6dc0c729eb26b133f73a06b99d12c5088e5248da46847456f733bcb326f,True,True,clean,phase8b-leakage-boundary-v1
A,primary,1,3,7,1,3e56e119afbb8aabbd44551af3351ee6a55c0b96c7d9e6aac153faecff6a9110,dd38a6dc0c729eb26b133f73a06b99d12c5088e5248da46847456f733bcb326f,3e56e119afbb8aabbd44551af3351ee6a55c0b96c7d9e6aac153faecff6a9110,dd38a6dc0c729eb26b133f73a06b99d12c5088e5248da46847456f733bcb326f,3e56e119afbb8aabbd44551af3351ee6a55c0b96c7d9e6aac153faecff6a9110,dd38a6dc0c729eb26b133f73a06b99d12c5088e5248da46847456f733bcb326f,True,True,clean,phase8b-leakage-boundary-v1
A,primary,1,3,7,2,3e56e119afbb8aabbd44551af3351ee6a55c0b96c7d9e6aac153faecff6a9110,dd38a6dc0c729eb26b133f73a06b99d12c5088e5248da46847456f733bcb326f,3e56e119afbb8aabbd44551af3351ee6a55c0b96c7d9e6aac153faecff6a9110,dd38a6dc0c729eb26b133f73a06b99d12c5088e5248da46847456f733bcb326f,3e56e119afbb8aabbd44551af3351ee6a55c0b96c7d9e6aac153faecff6a9110,dd38a6dc0c729eb26b133f73a06b99d12c5088e5248da46847456f733bcb326f,True,True,clean,phase8b-leakage-boundary-v1
A,primary,2,1,1,1,387bda3b61226f2e22e1ca9065e35213fccc999c0b4abfa89dcce5562c2093ce,2ed450a0e79277ccd6dda97bafa504854a564af0cb41a3cd02c7b0332341dbd5,387bda3b61226f2e22e1ca9065e35213fccc999c0b4abfa89dcce5562c2093ce,2ed450a0e79277ccd6dda97bafa504854a564af0cb41a3cd02c7b0332341dbd5,387bda3b61226f2e22e1ca9065e35213fccc999c0b4abfa89dcce5562c2093ce,2ed450a0e79277ccd6dda97bafa504854a564af0cb41a3cd02c7b0332341dbd5,True,True,clean,phase8b-leakage-boundary-v1
A,primary,2,1,1,2,387bda3b61226f2e22e1ca9065e35213fccc999c0b4abfa89dcce5562c2093ce,2ed450a0e79277ccd6dda97bafa504854a564af0cb41a3cd02c7b0332341dbd5,387bda3b61226f2e22e1ca9065e35213fccc999c0b4abfa89dcce5562c2093ce,2ed450a0e79277ccd6dda97bafa504854a564af0cb41a3cd02c7b0332341dbd5,387bda3b61226f2e22e1ca9065e35213fccc999c0b4abfa89dcce5562c2093ce,2ed450a0e79277ccd6dda97bafa504854a564af0cb41a3cd02c7b0332341dbd5,True,True,clean,phase8b-leakage-boundary-v1
A,primary,2,1,2,1,387bda3b61226f2e22e1ca9065e35213fccc999c0b4abfa89dcce5562c2093ce,2ed450a0e79277ccd6dda97bafa504854a564af0cb41a3cd02c7b0332341dbd5,387bda3b61226f2e22e1ca9065e35213fccc999c0b4abfa89dcce5562c2093ce,2ed450a0e79277ccd6dda97bafa504854a564af0cb41a3cd02c7b0332341dbd5,387bda3b61226f2e22e1ca9065e35213fccc999c0b4abfa89dcce5562c2093ce,2ed450a0e79277ccd6dda97bafa504854a564af0cb41a3cd02c7b0332341dbd5,True,True,clean,phase8b-leakage-boundary-v1
A,primary,2,1,2,2,387bda3b61226f2e22e1ca9065e35213fccc999c0b4abfa89dcce5562c2093ce,2ed450a0e79277ccd6dda97bafa504854a564af0cb41a3cd02c7b0332341dbd5,387bda3b61226f2e22e1ca9065e35213fccc999c0b4abfa89dcce5562c2093ce,2ed450a0e79277ccd6dda97bafa504854a564af0cb41a3cd02c7b0332341dbd5,387bda3b61226f2e22e1ca9065e35213fccc999c0b4abfa89dcce5562c2093ce,2ed450a0e79277ccd6dda97bafa504854a564af0cb41a3cd02c7b0332341dbd5,True,True,clean,phase8b-leakage-boundary-v1
A,primary,2,1,3,1,387bda3b61226f2e22e1ca9065e35213fccc999c0b4abfa89dcce5562c2093ce,2ed450a0e79277ccd6dda97bafa504854a564af0cb41a3cd02c7b0332341dbd5,387bda3b61226f2e22e1ca9065e35213fccc999c0b4abfa89dcce5562c2093ce,2ed450a0e79277ccd6dda97bafa504854a564af0cb41a3cd02c7b0332341dbd5,387bda3b61226f2e22e1ca9065e35213fccc999c0b4abfa89dcce5562c2093ce,2ed450a0e79277ccd6dda97bafa504854a564af0cb41a3cd02c7b0332341dbd5,True,True,clean,phase8b-leakage-boundary-v1
A,primary,2,1,3,2,387bda3b61226f2e22e1ca9065e35213fccc999c0b4abfa89dcce5562c2093ce,2ed450a0e79277ccd6dda97bafa504854a564af0cb41a3cd02c7b0332341dbd5,387bda3b61226f2e22e1ca9065e35213fccc999c0b4abfa89dcce5562c2093ce,2ed450a0e79277ccd6dda97bafa504854a564af0cb41a3cd02c7b0332341dbd5,387bda3b61226f2e22e1ca9065e35213fccc999c0b4abfa89dcce5562c2093ce,2ed450a0e79277ccd6dda97bafa504854a564af0cb41a3cd02c7b0332341dbd5,True,True,clean,phase8b-leakage-boundary-v1
A,primary,2,1,4,1,387bda3b61226f2e22e1ca9065e35213fccc999c0b4abfa89dcce5562c2093ce,2ed450a0e79277ccd6dda97bafa504854a564af0cb41a3cd02c7b0332341dbd5,387bda3b61226f2e22e1ca9065e35213fccc999c0b4abfa89dcce5562c2093ce,2ed450a0e79277ccd6dda97bafa504854a564af0cb41a3cd02c7b0332341dbd5,387bda3b61226f2e22e1ca9065e35213fccc999c0b4abfa89dcce5562c2093ce,2ed450a0e79277ccd6dda97bafa504854a564af0cb41a3cd02c7b0332341dbd5,True,True,clean,phase8b-leakage-boundary-v1
A,primary,2,1,4,2,387bda3b61226f2e22e1ca9065e35213fccc999c0b4abfa89dcce5562c2093ce,2ed450a0e79277ccd6dda97bafa504854a564af0cb41a3cd02c7b0332341dbd5,387bda3b61226f2e22e1ca9065e35213fccc999c0b4abfa89dcce5562c2093ce,2ed450a0e79277ccd6dda97bafa504854a564af0cb41a3cd02c7b0332341dbd5,387bda3b61226f2e22e1ca9065e35213fccc999c0b4abfa89dcce5562c2093ce,2ed450a0e79277ccd6dda97bafa504854a564af0cb41a3cd02c7b0332341dbd5,True,True,clean,phase8b-leakage-boundary-v1
A,primary,2,1,5,1,387bda3b61226f2e22e1ca9065e35213fccc999c0b4abfa89dcce5562c2093ce,2ed450a0e79277ccd6dda97bafa504854a564af0cb41a3cd02c7b0332341dbd5,387bda3b61226f2e22e1ca9065e35213fccc999c0b4abfa89dcce5562c2093ce,2ed450a0e79277ccd6dda97bafa504854a564af0cb41a3cd02c7b0332341dbd5,387bda3b61226f2e22e1ca9065e35213fccc999c0b4abfa89dcce5562c2093ce,2ed450a0e79277ccd6dda97bafa504854a564af0cb41a3cd02c7b0332341dbd5,True,True,clean,phase8b-leakage-boundary-v1
A,primary,2,1,5,2,387bda3b61226f2e22e1ca9065e35213fccc999c0b4abfa89dcce5562c2093ce,2ed450a0e79277ccd6dda97bafa504854a564af0cb41a3cd02c7b0332341dbd5,387bda3b61226f2e22e1ca9065e35213fccc999c0b4abfa89dcce5562c2093ce,2ed450a0e79277ccd6dda97bafa504854a564af0cb41a3cd02c7b0332341dbd5,387bda3b61226f2e22e1ca9065e35213fccc999c0b4abfa89dcce5562c2093ce,2ed450a0e79277ccd6dda97bafa504854a564af0cb41a3cd02c7b0332341dbd5,True,True,clean,phase8b-leakage-boundary-v1
A,primary,2,1,6,1,387bda3b61226f2e22e1ca9065e35213fccc999c0b4abfa89dcce5562c2093ce,2ed450a0e79277ccd6dda97bafa504854a564af0cb41a3cd02c7b0332341dbd5,387bda3b61226f2e22e1ca9065e35213fccc999c0b4abfa89dcce5562c2093ce,2ed450a0e79277ccd6dda97bafa504854a564af0cb41a3cd02c7b0332341dbd5,387bda3b61226f2e22e1ca9065e35213fccc999c0b4abfa89dcce5562c2093ce,2ed450a0e79277ccd6dda97bafa504854a564af0cb41a3cd02c7b0332341dbd5,True,True,clean,phase8b-leakage-boundary-v1
A,primary,2,1,6,2,387bda3b61226f2e22e1ca9065e35213fccc999c0b4abfa89dcce5562c2093ce,2ed450a0e79277ccd6dda97bafa504854a564af0cb41a3cd02c7b0332341dbd5,387bda3b61226f2e22e1ca9065e35213fccc999c0b4abfa89dcce5562c2093ce,2ed450a0e79277ccd6dda97bafa504854a564af0cb41a3cd02c7b0332341dbd5,387bda3b61226f2e22e1ca9065e35213fccc999c0b4abfa89dcce5562c2093ce,2ed450a0e79277ccd6dda97bafa504854a564af0cb41a3cd02c7b0332341dbd5,True,True,clean,phase8b-leakage-boundary-v1
A,primary,2,1,7,1,387bda3b61226f2e22e1ca9065e35213fccc999c0b4abfa89dcce5562c2093ce,2ed450a0e79277ccd6dda97bafa504854a564af0cb41a3cd02c7b0332341dbd5,387bda3b61226f2e22e1ca9065e35213fccc999c0b4abfa89dcce5562c2093ce,2ed450a0e79277ccd6dda97bafa504854a564af0cb41a3cd02c7b0332341dbd5,387bda3b61226f2e22e1ca9065e35213fccc999c0b4abfa89dcce5562c2093ce,2ed450a0e79277ccd6dda97bafa504854a564af0cb41a3cd02c7b0332341dbd5,True,True,clean,phase8b-leakage-boundary-v1
A,primary,2,1,7,2,387bda3b61226f2e22e1ca9065e35213fccc999c0b4abfa89dcce5562c2093ce,2ed450a0e79277ccd6dda97bafa504854a564af0cb41a3cd02c7b0332341dbd5,387bda3b61226f2e22e1ca9065e35213fccc999c0b4abfa89dcce5562c2093ce,2ed450a0e79277ccd6dda97bafa504854a564af0cb41a3cd02c7b0332341dbd5,387bda3b61226f2e22e1ca9065e35213fccc999c0b4abfa89dcce5562c2093ce,2ed450a0e79277ccd6dda97bafa504854a564af0cb41a3cd02c7b0332341dbd5,True,True,clean,phase8b-leakage-boundary-v1
A,primary,2,2,1,1,cb94a1861b00649eb0a7829154922ce5351407adcb7efa36b7f8d7aaf0b75578,ed37ddf1607a13084d9d4abcb81153324c0ad6022561dd00e240e14f4b85b96a,cb94a1861b00649eb0a7829154922ce5351407adcb7efa36b7f8d7aaf0b75578,ed37ddf1607a13084d9d4abcb81153324c0ad6022561dd00e240e14f4b85b96a,cb94a1861b00649eb0a7829154922ce5351407adcb7efa36b7f8d7aaf0b75578,ed37ddf1607a13084d9d4abcb81153324c0ad6022561dd00e240e14f4b85b96a,True,True,clean,phase8b-leakage-boundary-v1
A,primary,2,2,1,2,cb94a1861b00649eb0a7829154922ce5351407adcb7efa36b7f8d7aaf0b75578,ed37ddf1607a13084d9d4abcb81153324c0ad6022561dd00e240e14f4b85b96a,cb94a1861b00649eb0a7829154922ce5351407adcb7efa36b7f8d7aaf0b75578,ed37ddf1607a13084d9d4abcb81153324c0ad6022561dd00e240e14f4b85b96a,cb94a1861b00649eb0a7829154922ce5351407adcb7efa36b7f8d7aaf0b75578,ed37ddf1607a13084d9d4abcb81153324c0ad6022561dd00e240e14f4b85b96a,True,True,clean,phase8b-leakage-boundary-v1
A,primary,2,2,2,1,cb94a1861b00649eb0a7829154922ce5351407adcb7efa36b7f8d7aaf0b75578,ed37ddf1607a13084d9d4abcb81153324c0ad6022561dd00e240e14f4b85b96a,cb94a1861b00649eb0a7829154922ce5351407adcb7efa36b7f8d7aaf0b75578,ed37ddf1607a13084d9d4abcb81153324c0ad6022561dd00e240e14f4b85b96a,cb94a1861b00649eb0a7829154922ce5351407adcb7efa36b7f8d7aaf0b75578,ed37ddf1607a13084d9d4abcb81153324c0ad6022561dd00e240e14f4b85b96a,True,True,clean,phase8b-leakage-boundary-v1
A,primary,2,2,2,2,cb94a1861b00649eb0a7829154922ce5351407adcb7efa36b7f8d7aaf0b75578,ed37ddf1607a13084d9d4abcb81153324c0ad6022561dd00e240e14f4b85b96a,cb94a1861b00649eb0a7829154922ce5351407adcb7efa36b7f8d7aaf0b75578,ed37ddf1607a13084d9d4abcb81153324c0ad6022561dd00e240e14f4b85b96a,cb94a1861b00649eb0a7829154922ce5351407adcb7efa36b7f8d7aaf0b75578,ed37ddf1607a13084d9d4abcb81153324c0ad6022561dd00e240e14f4b85b96a,True,True,clean,phase8b-leakage-boundary-v1
A,primary,2,2,3,1,cb94a1861b00649eb0a7829154922ce5351407adcb7efa36b7f8d7aaf0b75578,ed37ddf1607a13084d9d4abcb81153324c0ad6022561dd00e240e14f4b85b96a,cb94a1861b00649eb0a7829154922ce5351407adcb7efa36b7f8d7aaf0b75578,ed37ddf1607a13084d9d4abcb81153324c0ad6022561dd00e240e14f4b85b96a,cb94a1861b00649eb0a7829154922ce5351407adcb7efa36b7f8d7aaf0b75578,ed37ddf1607a13084d9d4abcb81153324c0ad6022561dd00e240e14f4b85b96a,True,True,clean,phase8b-leakage-boundary-v1
A,primary,2,2,3,2,cb94a1861b00649eb0a7829154922ce5351407adcb7efa36b7f8d7aaf0b75578,ed37ddf1607a13084d9d4abcb81153324c0ad6022561dd00e240e14f4b85b96a,cb94a1861b00649eb0a7829154922ce5351407adcb7efa36b7f8d7aaf0b75578,ed37ddf1607a13084d9d4abcb81153324c0ad6022561dd00e240e14f4b85b96a,cb94a1861b00649eb0a7829154922ce5351407adcb7efa36b7f8d7aaf0b75578,ed37ddf1607a13084d9d4abcb81153324c0ad6022561dd00e240e14f4b85b96a,True,True,clean,phase8b-leakage-boundary-v1
A,primary,2,2,4,1,cb94a1861b00649eb0a7829154922ce5351407adcb7efa36b7f8d7aaf0b75578,ed37ddf1607a13084d9d4abcb81153324c0ad6022561dd00e240e14f4b85b96a,cb94a1861b00649eb0a7829154922ce5351407adcb7efa36b7f8d7aaf0b75578,ed37ddf1607a13084d9d4abcb81153324c0ad6022561dd00e240e14f4b85b96a,cb94a1861b00649eb0a7829154922ce5351407adcb7efa36b7f8d7aaf0b75578,ed37ddf1607a13084d9d4abcb81153324c0ad6022561dd00e240e14f4b85b96a,True,True,clean,phase8b-leakage-boundary-v1
A,primary,2,2,4,2,cb94a1861b00649eb0a7829154922ce5351407adcb7efa36b7f8d7aaf0b75578,ed37ddf1607a13084d9d4abcb81153324c0ad6022561dd00e240e14f4b85b96a,cb94a1861b00649eb0a7829154922ce5351407adcb7efa36b7f8d7aaf0b75578,ed37ddf1607a13084d9d4abcb81153324c0ad6022561dd00e240e14f4b85b96a,cb94a1861b00649eb0a7829154922ce5351407adcb7efa36b7f8d7aaf0b75578,ed37ddf1607a13084d9d4abcb81153324c0ad6022561dd00e240e14f4b85b96a,True,True,clean,phase8b-leakage-boundary-v1
A,primary,2,2,5,1,cb94a1861b00649eb0a7829154922ce5351407adcb7efa36b7f8d7aaf0b75578,ed37ddf1607a13084d9d4abcb81153324c0ad6022561dd00e240e14f4b85b96a,cb94a1861b00649eb0a7829154922ce5351407adcb7efa36b7f8d7aaf0b75578,ed37ddf1607a13084d9d4abcb81153324c0ad6022561dd00e240e14f4b85b96a,cb94a1861b00649eb0a7829154922ce5351407adcb7efa36b7f8d7aaf0b75578,ed37ddf1607a13084d9d4abcb81153324c0ad6022561dd00e240e14f4b85b96a,True,True,clean,phase8b-leakage-boundary-v1
A,primary,2,2,5,2,cb94a1861b00649eb0a7829154922ce5351407adcb7efa36b7f8d7aaf0b75578,ed37ddf1607a13084d9d4abcb81153324c0ad6022561dd00e240e14f4b85b96a,cb94a1861b00649eb0a7829154922ce5351407adcb7efa36b7f8d7aaf0b75578,ed37ddf1607a13084d9d4abcb81153324c0ad6022561dd00e240e14f4b85b96a,cb94a1861b00649eb0a7829154922ce5351407adcb7efa36b7f8d7aaf0b75578,ed37ddf1607a13084d9d4abcb81153324c0ad6022561dd00e240e14f4b85b96a,True,True,clean,phase8b-leakage-boundary-v1
A,primary,2,2,6,1,cb94a1861b00649eb0a7829154922ce5351407adcb7efa36b7f8d7aaf0b75578,ed37ddf1607a13084d9d4abcb81153324c0ad6022561dd00e240e14f4b85b96a,cb94a1861b00649eb0a7829154922ce5351407adcb7efa36b7f8d7aaf0b75578,ed37ddf1607a13084d9d4abcb81153324c0ad6022561dd00e240e14f4b85b96a,cb94a1861b00649eb0a7829154922ce5351407adcb7efa36b7f8d7aaf0b75578,ed37ddf1607a13084d9d4abcb81153324c0ad6022561dd00e240e14f4b85b96a,True,True,clean,phase8b-leakage-boundary-v1
A,primary,2,2,6,2,cb94a1861b00649eb0a7829154922ce5351407adcb7efa36b7f8d7aaf0b75578,ed37ddf1607a13084d9d4abcb81153324c0ad6022561dd00e240e14f4b85b96a,cb94a1861b00649eb0a7829154922ce5351407adcb7efa36b7f8d7aaf0b75578,ed37ddf1607a13084d9d4abcb81153324c0ad6022561dd00e240e14f4b85b96a,cb94a1861b00649eb0a7829154922ce5351407adcb7efa36b7f8d7aaf0b75578,ed37ddf1607a13084d9d4abcb81153324c0ad6022561dd00e240e14f4b85b96a,True,True,clean,phase8b-leakage-boundary-v1
A,primary,2,2,7,1,cb94a1861b00649eb0a7829154922ce5351407adcb7efa36b7f8d7aaf0b75578,ed37ddf1607a13084d9d4abcb81153324c0ad6022561dd00e240e14f4b85b96a,cb94a1861b00649eb0a7829154922ce5351407adcb7efa36b7f8d7aaf0b75578,ed37ddf1607a13084d9d4abcb81153324c0ad6022561dd00e240e14f4b85b96a,cb94a1861b00649eb0a7829154922ce5351407adcb7efa36b7f8d7aaf0b75578,ed37ddf1607a13084d9d4abcb81153324c0ad6022561dd00e240e14f4b85b96a,True,True,clean,phase8b-leakage-boundary-v1
A,primary,2,2,7,2,cb94a1861b00649eb0a7829154922ce5351407adcb7efa36b7f8d7aaf0b75578,ed37ddf1607a13084d9d4abcb81153324c0ad6022561dd00e240e14f4b85b96a,cb94a1861b00649eb0a7829154922ce5351407adcb7efa36b7f8d7aaf0b75578,ed37ddf1607a13084d9d4abcb81153324c0ad6022561dd00e240e14f4b85b96a,cb94a1861b00649eb0a7829154922ce5351407adcb7efa36b7f8d7aaf0b75578,ed37ddf1607a13084d9d4abcb81153324c0ad6022561dd00e240e14f4b85b96a,True,True,clean,phase8b-leakage-boundary-v1
A,primary,2,3,1,1,3e56e119afbb8aabbd44551af3351ee6a55c0b96c7d9e6aac153faecff6a9110,dd38a6dc0c729eb26b133f73a06b99d12c5088e5248da46847456f733bcb326f,3e56e119afbb8aabbd44551af3351ee6a55c0b96c7d9e6aac153faecff6a9110,dd38a6dc0c729eb26b133f73a06b99d12c5088e5248da46847456f733bcb326f,3e56e119afbb8aabbd44551af3351ee6a55c0b96c7d9e6aac153faecff6a9110,dd38a6dc0c729eb26b133f73a06b99d12c5088e5248da46847456f733bcb326f,True,True,clean,phase8b-leakage-boundary-v1
A,primary,2,3,1,2,3e56e119afbb8aabbd44551af3351ee6a55c0b96c7d9e6aac153faecff6a9110,dd38a6dc0c729eb26b133f73a06b99d12c5088e5248da46847456f733bcb326f,3e56e119afbb8aabbd44551af3351ee6a55c0b96c7d9e6aac153faecff6a9110,dd38a6dc0c729eb26b133f73a06b99d12c5088e5248da46847456f733bcb326f,3e56e119afbb8aabbd44551af3351ee6a55c0b96c7d9e6aac153faecff6a9110,dd38a6dc0c729eb26b133f73a06b99d12c5088e5248da46847456f733bcb326f,True,True,clean,phase8b-leakage-boundary-v1
A,primary,2,3,2,1,3e56e119afbb8aabbd44551af3351ee6a55c0b96c7d9e6aac153faecff6a9110,dd38a6dc0c729eb26b133f73a06b99d12c5088e5248da46847456f733bcb326f,3e56e119afbb8aabbd44551af3351ee6a55c0b96c7d9e6aac153faecff6a9110,dd38a6dc0c729eb26b133f73a06b99d12c5088e5248da46847456f733bcb326f,3e56e119afbb8aabbd44551af3351ee6a55c0b96c7d9e6aac153faecff6a9110,dd38a6dc0c729eb26b133f73a06b99d12c5088e5248da46847456f733bcb326f,True,True,clean,phase8b-leakage-boundary-v1
A,primary,2,3,2,2,3e56e119afbb8aabbd44551af3351ee6a55c0b96c7d9e6aac153faecff6a9110,dd38a6dc0c729eb26b133f73a06b99d12c5088e5248da46847456f733bcb326f,3e56e119afbb8aabbd44551af3351ee6a55c0b96c7d9e6aac153faecff6a9110,dd38a6dc0c729eb26b133f73a06b99d12c5088e5248da46847456f733bcb326f,3e56e119afbb8aabbd44551af3351ee6a55c0b96c7d9e6aac153faecff6a9110,dd38a6dc0c729eb26b133f73a06b99d12c5088e5248da46847456f733bcb326f,True,True,clean,phase8b-leakage-boundary-v1
A,primary,2,3,3,1,3e56e119afbb8aabbd44551af3351ee6a55c0b96c7d9e6aac153faecff6a9110,dd38a6dc0c729eb26b133f73a06b99d12c5088e5248da46847456f733bcb326f,3e56e119afbb8aabbd44551af3351ee6a55c0b96c7d9e6aac153faecff6a9110,dd38a6dc0c729eb26b133f73a06b99d12c5088e5248da46847456f733bcb326f,3e56e119afbb8aabbd44551af3351ee6a55c0b96c7d9e6aac153faecff6a9110,dd38a6dc0c729eb26b133f73a06b99d12c5088e5248da46847456f733bcb326f,True,True,clean,phase8b-leakage-boundary-v1
A,primary,2,3,3,2,3e56e119afbb8aabbd44551af3351ee6a55c0b96c7d9e6aac153faecff6a9110,dd38a6dc0c729eb26b133f73a06b99d12c5088e5248da46847456f733bcb326f,3e56e119afbb8aabbd44551af3351ee6a55c0b96c7d9e6aac153faecff6a9110,dd38a6dc0c729eb26b133f73a06b99d12c5088e5248da46847456f733bcb326f,3e56e119afbb8aabbd44551af3351ee6a55c0b96c7d9e6aac153faecff6a9110,dd38a6dc0c729eb26b133f73a06b99d12c5088e5248da46847456f733bcb326f,True,True,clean,phase8b-leakage-boundary-v1
A,primary,2,3,4,1,3e56e119afbb8aabbd44551af3351ee6a55c0b96c7d9e6aac153faecff6a9110,dd38a6dc0c729eb26b133f73a06b99d12c5088e5248da46847456f733bcb326f,3e56e119afbb8aabbd44551af3351ee6a55c0b96c7d9e6aac153faecff6a9110,dd38a6dc0c729eb26b133f73a06b99d12c5088e5248da46847456f733bcb326f,3e56e119afbb8aabbd44551af3351ee6a55c0b96c7d9e6aac153faecff6a9110,dd38a6dc0c729eb26b133f73a06b99d12c5088e5248da46847456f733bcb326f,True,True,clean,phase8b-leakage-boundary-v1
A,primary,2,3,4,2,3e56e119afbb8aabbd44551af3351ee6a55c0b96c7d9e6aac153faecff6a9110,dd38a6dc0c729eb26b133f73a06b99d12c5088e5248da46847456f733bcb326f,3e56e119afbb8aabbd44551af3351ee6a55c0b96c7d9e6aac153faecff6a9110,dd38a6dc0c729eb26b133f73a06b99d12c5088e5248da46847456f733bcb326f,3e56e119afbb8aabbd44551af3351ee6a55c0b96c7d9e6aac153faecff6a9110,dd38a6dc0c729eb26b133f73a06b99d12c5088e5248da46847456f733bcb326f,True,True,clean,phase8b-leakage-boundary-v1
A,primary,2,3,5,1,3e56e119afbb8aabbd44551af3351ee6a55c0b96c7d9e6aac153faecff6a9110,dd38a6dc0c729eb26b133f73a06b99d12c5088e5248da46847456f733bcb326f,3e56e119afbb8aabbd44551af3351ee6a55c0b96c7d9e6aac153faecff6a9110,dd38a6dc0c729eb26b133f73a06b99d12c5088e5248da46847456f733bcb326f,3e56e119afbb8aabbd44551af3351ee6a55c0b96c7d9e6aac153faecff6a9110,dd38a6dc0c729eb26b133f73a06b99d12c5088e5248da46847456f733bcb326f,True,True,clean,phase8b-leakage-boundary-v1
A,primary,2,3,5,2,3e56e119afbb8aabbd44551af3351ee6a55c0b96c7d9e6aac153faecff6a9110,dd38a6dc0c729eb26b133f73a06b99d12c5088e5248da46847456f733bcb326f,3e56e119afbb8aabbd44551af3351ee6a55c0b96c7d9e6aac153faecff6a9110,dd38a6dc0c729eb26b133f73a06b99d12c5088e5248da46847456f733bcb326f,3e56e119afbb8aabbd44551af3351ee6a55c0b96c7d9e6aac153faecff6a9110,dd38a6dc0c729eb26b133f73a06b99d12c5088e5248da46847456f733bcb326f,True,True,clean,phase8b-leakage-boundary-v1
A,primary,2,3,6,1,3e56e119afbb8aabbd44551af3351ee6a55c0b96c7d9e6aac153faecff6a9110,dd38a6dc0c729eb26b133f73a06b99d12c5088e5248da46847456f733bcb326f,3e56e119afbb8aabbd44551af3351ee6a55c0b96c7d9e6aac153faecff6a9110,dd38a6dc0c729eb26b133f73a06b99d12c5088e5248da46847456f733bcb326f,3e56e119afbb8aabbd44551af3351ee6a55c0b96c7d9e6aac153faecff6a9110,dd38a6dc0c729eb26b133f73a06b99d12c5088e5248da46847456f733bcb326f,True,True,clean,phase8b-leakage-boundary-v1
A,primary,2,3,6,2,3e56e119afbb8aabbd44551af3351ee6a55c0b96c7d9e6aac153faecff6a9110,dd38a6dc0c729eb26b133f73a06b99d12c5088e5248da46847456f733bcb326f,3e56e119afbb8aabbd44551af3351ee6a55c0b96c7d9e6aac153faecff6a9110,dd38a6dc0c729eb26b133f73a06b99d12c5088e5248da46847456f733bcb326f,3e56e119afbb8aabbd44551af3351ee6a55c0b96c7d9e6aac153faecff6a9110,dd38a6dc0c729eb26b133f73a06b99d12c5088e5248da46847456f733bcb326f,True,True,clean,phase8b-leakage-boundary-v1
A,primary,2,3,7,1,3e56e119afbb8aabbd44551af3351ee6a55c0b96c7d9e6aac153faecff6a9110,dd38a6dc0c729eb26b133f73a06b99d12c5088e5248da46847456f733bcb326f,3e56e119afbb8aabbd44551af3351ee6a55c0b96c7d9e6aac153faecff6a9110,dd38a6dc0c729eb26b133f73a06b99d12c5088e5248da46847456f733bcb326f,3e56e119afbb8aabbd44551af3351ee6a55c0b96c7d9e6aac153faecff6a9110,dd38a6dc0c729eb26b133f73a06b99d12c5088e5248da46847456f733bcb326f,True,True,clean,phase8b-leakage-boundary-v1
A,primary,2,3,7,2,3e56e119afbb8aabbd44551af3351ee6a55c0b96c7d9e6aac153faecff6a9110,dd38a6dc0c729eb26b133f73a06b99d12c5088e5248da46847456f733bcb326f,3e56e119afbb8aabbd44551af3351ee6a55c0b96c7d9e6aac153faecff6a9110,dd38a6dc0c729eb26b133f73a06b99d12c5088e5248da46847456f733bcb326f,3e56e119afbb8aabbd44551af3351ee6a55c0b96c7d9e6aac153faecff6a9110,dd38a6dc0c729eb26b133f73a06b99d12c5088e5248da46847456f733bcb326f,True,True,clean,phase8b-leakage-boundary-v1
A,primary,4,1,1,1,387bda3b61226f2e22e1ca9065e35213fccc999c0b4abfa89dcce5562c2093ce,2ed450a0e79277ccd6dda97bafa504854a564af0cb41a3cd02c7b0332341dbd5,387bda3b61226f2e22e1ca9065e35213fccc999c0b4abfa89dcce5562c2093ce,2ed450a0e79277ccd6dda97bafa504854a564af0cb41a3cd02c7b0332341dbd5,387bda3b61226f2e22e1ca9065e35213fccc999c0b4abfa89dcce5562c2093ce,2ed450a0e79277ccd6dda97bafa504854a564af0cb41a3cd02c7b0332341dbd5,True,True,clean,phase8b-leakage-boundary-v1
A,primary,4,1,1,2,387bda3b61226f2e22e1ca9065e35213fccc999c0b4abfa89dcce5562c2093ce,2ed450a0e79277ccd6dda97bafa504854a564af0cb41a3cd02c7b0332341dbd5,387bda3b61226f2e22e1ca9065e35213fccc999c0b4abfa89dcce5562c2093ce,2ed450a0e79277ccd6dda97bafa504854a564af0cb41a3cd02c7b0332341dbd5,387bda3b61226f2e22e1ca9065e35213fccc999c0b4abfa89dcce5562c2093ce,2ed450a0e79277ccd6dda97bafa504854a564af0cb41a3cd02c7b0332341dbd5,True,True,clean,phase8b-leakage-boundary-v1
A,primary,4,1,2,1,387bda3b61226f2e22e1ca9065e35213fccc999c0b4abfa89dcce5562c2093ce,2ed450a0e79277ccd6dda97bafa504854a564af0cb41a3cd02c7b0332341dbd5,387bda3b61226f2e22e1ca9065e35213fccc999c0b4abfa89dcce5562c2093ce,2ed450a0e79277ccd6dda97bafa504854a564af0cb41a3cd02c7b0332341dbd5,387bda3b61226f2e22e1ca9065e35213fccc999c0b4abfa89dcce5562c2093ce,2ed450a0e79277ccd6dda97bafa504854a564af0cb41a3cd02c7b0332341dbd5,True,True,clean,phase8b-leakage-boundary-v1
A,primary,4,1,2,2,387bda3b61226f2e22e1ca9065e35213fccc999c0b4abfa89dcce5562c2093ce,2ed450a0e79277ccd6dda97bafa504854a564af0cb41a3cd02c7b0332341dbd5,387bda3b61226f2e22e1ca9065e35213fccc999c0b4abfa89dcce5562c2093ce,2ed450a0e79277ccd6dda97bafa504854a564af0cb41a3cd02c7b0332341dbd5,387bda3b61226f2e22e1ca9065e35213fccc999c0b4abfa89dcce5562c2093ce,2ed450a0e79277ccd6dda97bafa504854a564af0cb41a3cd02c7b0332341dbd5,True,True,clean,phase8b-leakage-boundary-v1
A,primary,4,1,3,1,387bda3b61226f2e22e1ca9065e35213fccc999c0b4abfa89dcce5562c2093ce,2ed450a0e79277ccd6dda97bafa504854a564af0cb41a3cd02c7b0332341dbd5,387bda3b61226f2e22e1ca9065e35213fccc999c0b4abfa89dcce5562c2093ce,2ed450a0e79277ccd6dda97bafa504854a564af0cb41a3cd02c7b0332341dbd5,387bda3b61226f2e22e1ca9065e35213fccc999c0b4abfa89dcce5562c2093ce,2ed450a0e79277ccd6dda97bafa504854a564af0cb41a3cd02c7b0332341dbd5,True,True,clean,phase8b-leakage-boundary-v1
A,primary,4,1,3,2,387bda3b61226f2e22e1ca9065e35213fccc999c0b4abfa89dcce5562c2093ce,2ed450a0e79277ccd6dda97bafa504854a564af0cb41a3cd02c7b0332341dbd5,387bda3b61226f2e22e1ca9065e35213fccc999c0b4abfa89dcce5562c2093ce,2ed450a0e79277ccd6dda97bafa504854a564af0cb41a3cd02c7b0332341dbd5,387bda3b61226f2e22e1ca9065e35213fccc999c0b4abfa89dcce5562c2093ce,2ed450a0e79277ccd6dda97bafa504854a564af0cb41a3cd02c7b0332341dbd5,True,True,clean,phase8b-leakage-boundary-v1
A,primary,4,1,4,1,387bda3b61226f2e22e1ca9065e35213fccc999c0b4abfa89dcce5562c2093ce,2ed450a0e79277ccd6dda97bafa504854a564af0cb41a3cd02c7b0332341dbd5,387bda3b61226f2e22e1ca9065e35213fccc999c0b4abfa89dcce5562c2093ce,2ed450a0e79277ccd6dda97bafa504854a564af0cb41a3cd02c7b0332341dbd5,387bda3b61226f2e22e1ca9065e35213fccc999c0b4abfa89dcce5562c2093ce,2ed450a0e79277ccd6dda97bafa504854a564af0cb41a3cd02c7b0332341dbd5,True,True,clean,phase8b-leakage-boundary-v1
A,primary,4,1,4,2,387bda3b61226f2e22e1ca9065e35213fccc999c0b4abfa89dcce5562c2093ce,2ed450a0e79277ccd6dda97bafa504854a564af0cb41a3cd02c7b0332341dbd5,387bda3b61226f2e22e1ca9065e35213fccc999c0b4abfa89dcce5562c2093ce,2ed450a0e79277ccd6dda97bafa504854a564af0cb41a3cd02c7b0332341dbd5,387bda3b61226f2e22e1ca9065e35213fccc999c0b4abfa89dcce5562c2093ce,2ed450a0e79277ccd6dda97bafa504854a564af0cb41a3cd02c7b0332341dbd5,True,True,clean,phase8b-leakage-boundary-v1
A,primary,4,1,5,1,387bda3b61226f2e22e1ca9065e35213fccc999c0b4abfa89dcce5562c2093ce,2ed450a0e79277ccd6dda97bafa504854a564af0cb41a3cd02c7b0332341dbd5,387bda3b61226f2e22e1ca9065e35213fccc999c0b4abfa89dcce5562c2093ce,2ed450a0e79277ccd6dda97bafa504854a564af0cb41a3cd02c7b0332341dbd5,387bda3b61226f2e22e1ca9065e35213fccc999c0b4abfa89dcce5562c2093ce,2ed450a0e79277ccd6dda97bafa504854a564af0cb41a3cd02c7b0332341dbd5,True,True,clean,phase8b-leakage-boundary-v1
A,primary,4,1,5,2,387bda3b61226f2e22e1ca9065e35213fccc999c0b4abfa89dcce5562c2093ce,2ed450a0e79277ccd6dda97bafa504854a564af0cb41a3cd02c7b0332341dbd5,387bda3b61226f2e22e1ca9065e35213fccc999c0b4abfa89dcce5562c2093ce,2ed450a0e79277ccd6dda97bafa504854a564af0cb41a3cd02c7b0332341dbd5,387bda3b61226f2e22e1ca9065e35213fccc999c0b4abfa89dcce5562c2093ce,2ed450a0e79277ccd6dda97bafa504854a564af0cb41a3cd02c7b0332341dbd5,True,True,clean,phase8b-leakage-boundary-v1
A,primary,4,1,6,1,387bda3b61226f2e22e1ca9065e35213fccc999c0b4abfa89dcce5562c2093ce,2ed450a0e79277ccd6dda97bafa504854a564af0cb41a3cd02c7b0332341dbd5,387bda3b61226f2e22e1ca9065e35213fccc999c0b4abfa89dcce5562c2093ce,2ed450a0e79277ccd6dda97bafa504854a564af0cb41a3cd02c7b0332341dbd5,387bda3b61226f2e22e1ca9065e35213fccc999c0b4abfa89dcce5562c2093ce,2ed450a0e79277ccd6dda97bafa504854a564af0cb41a3cd02c7b0332341dbd5,True,True,clean,phase8b-leakage-boundary-v1
A,primary,4,1,6,2,387bda3b61226f2e22e1ca9065e35213fccc999c0b4abfa89dcce5562c2093ce,2ed450a0e79277ccd6dda97bafa504854a564af0cb41a3cd02c7b0332341dbd5,387bda3b61226f2e22e1ca9065e35213fccc999c0b4abfa89dcce5562c2093ce,2ed450a0e79277ccd6dda97bafa504854a564af0cb41a3cd02c7b0332341dbd5,387bda3b61226f2e22e1ca9065e35213fccc999c0b4abfa89dcce5562c2093ce,2ed450a0e79277ccd6dda97bafa504854a564af0cb41a3cd02c7b0332341dbd5,True,True,clean,phase8b-leakage-boundary-v1
A,primary,4,1,7,1,387bda3b61226f2e22e1ca9065e35213fccc999c0b4abfa89dcce5562c2093ce,2ed450a0e79277ccd6dda97bafa504854a564af0cb41a3cd02c7b0332341dbd5,387bda3b61226f2e22e1ca9065e35213fccc999c0b4abfa89dcce5562c2093ce,2ed450a0e79277ccd6dda97bafa504854a564af0cb41a3cd02c7b0332341dbd5,387bda3b61226f2e22e1ca9065e35213fccc999c0b4abfa89dcce5562c2093ce,2ed450a0e79277ccd6dda97bafa504854a564af0cb41a3cd02c7b0332341dbd5,True,True,clean,phase8b-leakage-boundary-v1
A,primary,4,1,7,2,387bda3b61226f2e22e1ca9065e35213fccc999c0b4abfa89dcce5562c2093ce,2ed450a0e79277ccd6dda97bafa504854a564af0cb41a3cd02c7b0332341dbd5,387bda3b61226f2e22e1ca9065e35213fccc999c0b4abfa89dcce5562c2093ce,2ed450a0e79277ccd6dda97bafa504854a564af0cb41a3cd02c7b0332341dbd5,387bda3b61226f2e22e1ca9065e35213fccc999c0b4abfa89dcce5562c2093ce,2ed450a0e79277ccd6dda97bafa504854a564af0cb41a3cd02c7b0332341dbd5,True,True,clean,phase8b-leakage-boundary-v1
A,primary,4,2,1,1,cb94a1861b00649eb0a7829154922ce5351407adcb7efa36b7f8d7aaf0b75578,ed37ddf1607a13084d9d4abcb81153324c0ad6022561dd00e240e14f4b85b96a,cb94a1861b00649eb0a7829154922ce5351407adcb7efa36b7f8d7aaf0b75578,ed37ddf1607a13084d9d4abcb81153324c0ad6022561dd00e240e14f4b85b96a,cb94a1861b00649eb0a7829154922ce5351407adcb7efa36b7f8d7aaf0b75578,ed37ddf1607a13084d9d4abcb81153324c0ad6022561dd00e240e14f4b85b96a,True,True,clean,phase8b-leakage-boundary-v1
A,primary,4,2,1,2,cb94a1861b00649eb0a7829154922ce5351407adcb7efa36b7f8d7aaf0b75578,ed37ddf1607a13084d9d4abcb81153324c0ad6022561dd00e240e14f4b85b96a,cb94a1861b00649eb0a7829154922ce5351407adcb7efa36b7f8d7aaf0b75578,ed37ddf1607a13084d9d4abcb81153324c0ad6022561dd00e240e14f4b85b96a,cb94a1861b00649eb0a7829154922ce5351407adcb7efa36b7f8d7aaf0b75578,ed37ddf1607a13084d9d4abcb81153324c0ad6022561dd00e240e14f4b85b96a,True,True,clean,phase8b-leakage-boundary-v1
A,primary,4,2,2,1,cb94a1861b00649eb0a7829154922ce5351407adcb7efa36b7f8d7aaf0b75578,ed37ddf1607a13084d9d4abcb81153324c0ad6022561dd00e240e14f4b85b96a,cb94a1861b00649eb0a7829154922ce5351407adcb7efa36b7f8d7aaf0b75578,ed37ddf1607a13084d9d4abcb81153324c0ad6022561dd00e240e14f4b85b96a,cb94a1861b00649eb0a7829154922ce5351407adcb7efa36b7f8d7aaf0b75578,ed37ddf1607a13084d9d4abcb81153324c0ad6022561dd00e240e14f4b85b96a,True,True,clean,phase8b-leakage-boundary-v1
A,primary,4,2,2,2,cb94a1861b00649eb0a7829154922ce5351407adcb7efa36b7f8d7aaf0b75578,ed37ddf1607a13084d9d4abcb81153324c0ad6022561dd00e240e14f4b85b96a,cb94a1861b00649eb0a7829154922ce5351407adcb7efa36b7f8d7aaf0b75578,ed37ddf1607a13084d9d4abcb81153324c0ad6022561dd00e240e14f4b85b96a,cb94a1861b00649eb0a7829154922ce5351407adcb7efa36b7f8d7aaf0b75578,ed37ddf1607a13084d9d4abcb81153324c0ad6022561dd00e240e14f4b85b96a,True,True,clean,phase8b-leakage-boundary-v1
A,primary,4,2,3,1,cb94a1861b00649eb0a7829154922ce5351407adcb7efa36b7f8d7aaf0b75578,ed37ddf1607a13084d9d4abcb81153324c0ad6022561dd00e240e14f4b85b96a,cb94a1861b00649eb0a7829154922ce5351407adcb7efa36b7f8d7aaf0b75578,ed37ddf1607a13084d9d4abcb81153324c0ad6022561dd00e240e14f4b85b96a,cb94a1861b00649eb0a7829154922ce5351407adcb7efa36b7f8d7aaf0b75578,ed37ddf1607a13084d9d4abcb81153324c0ad6022561dd00e240e14f4b85b96a,True,True,clean,phase8b-leakage-boundary-v1
A,primary,4,2,3,2,cb94a1861b00649eb0a7829154922ce5351407adcb7efa36b7f8d7aaf0b75578,ed37ddf1607a13084d9d4abcb81153324c0ad6022561dd00e240e14f4b85b96a,cb94a1861b00649eb0a7829154922ce5351407adcb7efa36b7f8d7aaf0b75578,ed37ddf1607a13084d9d4abcb81153324c0ad6022561dd00e240e14f4b85b96a,cb94a1861b00649eb0a7829154922ce5351407adcb7efa36b7f8d7aaf0b75578,ed37ddf1607a13084d9d4abcb81153324c0ad6022561dd00e240e14f4b85b96a,True,True,clean,phase8b-leakage-boundary-v1
A,primary,4,2,4,1,cb94a1861b00649eb0a7829154922ce5351407adcb7efa36b7f8d7aaf0b75578,ed37ddf1607a13084d9d4abcb81153324c0ad6022561dd00e240e14f4b85b96a,cb94a1861b00649eb0a7829154922ce5351407adcb7efa36b7f8d7aaf0b75578,ed37ddf1607a13084d9d4abcb81153324c0ad6022561dd00e240e14f4b85b96a,cb94a1861b00649eb0a7829154922ce5351407adcb7efa36b7f8d7aaf0b75578,ed37ddf1607a13084d9d4abcb81153324c0ad6022561dd00e240e14f4b85b96a,True,True,clean,phase8b-leakage-boundary-v1
A,primary,4,2,4,2,cb94a1861b00649eb0a7829154922ce5351407adcb7efa36b7f8d7aaf0b75578,ed37ddf1607a13084d9d4abcb81153324c0ad6022561dd00e240e14f4b85b96a,cb94a1861b00649eb0a7829154922ce5351407adcb7efa36b7f8d7aaf0b75578,ed37ddf1607a13084d9d4abcb81153324c0ad6022561dd00e240e14f4b85b96a,cb94a1861b00649eb0a7829154922ce5351407adcb7efa36b7f8d7aaf0b75578,ed37ddf1607a13084d9d4abcb81153324c0ad6022561dd00e240e14f4b85b96a,True,True,clean,phase8b-leakage-boundary-v1
A,primary,4,2,5,1,cb94a1861b00649eb0a7829154922ce5351407adcb7efa36b7f8d7aaf0b75578,ed37ddf1607a13084d9d4abcb81153324c0ad6022561dd00e240e14f4b85b96a,cb94a1861b00649eb0a7829154922ce5351407adcb7efa36b7f8d7aaf0b75578,ed37ddf1607a13084d9d4abcb81153324c0ad6022561dd00e240e14f4b85b96a,cb94a1861b00649eb0a7829154922ce5351407adcb7efa36b7f8d7aaf0b75578,ed37ddf1607a13084d9d4abcb81153324c0ad6022561dd00e240e14f4b85b96a,True,True,clean,phase8b-leakage-boundary-v1
A,primary,4,2,5,2,cb94a1861b00649eb0a7829154922ce5351407adcb7efa36b7f8d7aaf0b75578,ed37ddf1607a13084d9d4abcb81153324c0ad6022561dd00e240e14f4b85b96a,cb94a1861b00649eb0a7829154922ce5351407adcb7efa36b7f8d7aaf0b75578,ed37ddf1607a13084d9d4abcb81153324c0ad6022561dd00e240e14f4b85b96a,cb94a1861b00649eb0a7829154922ce5351407adcb7efa36b7f8d7aaf0b75578,ed37ddf1607a13084d9d4abcb81153324c0ad6022561dd00e240e14f4b85b96a,True,True,clean,phase8b-leakage-boundary-v1
A,primary,4,2,6,1,cb94a1861b00649eb0a7829154922ce5351407adcb7efa36b7f8d7aaf0b75578,ed37ddf1607a13084d9d4abcb81153324c0ad6022561dd00e240e14f4b85b96a,cb94a1861b00649eb0a7829154922ce5351407adcb7efa36b7f8d7aaf0b75578,ed37ddf1607a13084d9d4abcb81153324c0ad6022561dd00e240e14f4b85b96a,cb94a1861b00649eb0a7829154922ce5351407adcb7efa36b7f8d7aaf0b75578,ed37ddf1607a13084d9d4abcb81153324c0ad6022561dd00e240e14f4b85b96a,True,True,clean,phase8b-leakage-boundary-v1
A,primary,4,2,6,2,cb94a1861b00649eb0a7829154922ce5351407adcb7efa36b7f8d7aaf0b75578,ed37ddf1607a13084d9d4abcb81153324c0ad6022561dd00e240e14f4b85b96a,cb94a1861b00649eb0a7829154922ce5351407adcb7efa36b7f8d7aaf0b75578,ed37ddf1607a13084d9d4abcb81153324c0ad6022561dd00e240e14f4b85b96a,cb94a1861b00649eb0a7829154922ce5351407adcb7efa36b7f8d7aaf0b75578,ed37ddf1607a13084d9d4abcb81153324c0ad6022561dd00e240e14f4b85b96a,True,True,clean,phase8b-leakage-boundary-v1
A,primary,4,2,7,1,cb94a1861b00649eb0a7829154922ce5351407adcb7efa36b7f8d7aaf0b75578,ed37ddf1607a13084d9d4abcb81153324c0ad6022561dd00e240e14f4b85b96a,cb94a1861b00649eb0a7829154922ce5351407adcb7efa36b7f8d7aaf0b75578,ed37ddf1607a13084d9d4abcb81153324c0ad6022561dd00e240e14f4b85b96a,cb94a1861b00649eb0a7829154922ce5351407adcb7efa36b7f8d7aaf0b75578,ed37ddf1607a13084d9d4abcb81153324c0ad6022561dd00e240e14f4b85b96a,True,True,clean,phase8b-leakage-boundary-v1
A,primary,4,2,7,2,cb94a1861b00649eb0a7829154922ce5351407adcb7efa36b7f8d7aaf0b75578,ed37ddf1607a13084d9d4abcb81153324c0ad6022561dd00e240e14f4b85b96a,cb94a1861b00649eb0a7829154922ce5351407adcb7efa36b7f8d7aaf0b75578,ed37ddf1607a13084d9d4abcb81153324c0ad6022561dd00e240e14f4b85b96a,cb94a1861b00649eb0a7829154922ce5351407adcb7efa36b7f8d7aaf0b75578,ed37ddf1607a13084d9d4abcb81153324c0ad6022561dd00e240e14f4b85b96a,True,True,clean,phase8b-leakage-boundary-v1
A,primary,4,3,1,1,3e56e119afbb8aabbd44551af3351ee6a55c0b96c7d9e6aac153faecff6a9110,dd38a6dc0c729eb26b133f73a06b99d12c5088e5248da46847456f733bcb326f,3e56e119afbb8aabbd44551af3351ee6a55c0b96c7d9e6aac153faecff6a9110,dd38a6dc0c729eb26b133f73a06b99d12c5088e5248da46847456f733bcb326f,3e56e119afbb8aabbd44551af3351ee6a55c0b96c7d9e6aac153faecff6a9110,dd38a6dc0c729eb26b133f73a06b99d12c5088e5248da46847456f733bcb326f,True,True,clean,phase8b-leakage-boundary-v1
A,primary,4,3,1,2,3e56e119afbb8aabbd44551af3351ee6a55c0b96c7d9e6aac153faecff6a9110,dd38a6dc0c729eb26b133f73a06b99d12c5088e5248da46847456f733bcb326f,3e56e119afbb8aabbd44551af3351ee6a55c0b96c7d9e6aac153faecff6a9110,dd38a6dc0c729eb26b133f73a06b99d12c5088e5248da46847456f733bcb326f,3e56e119afbb8aabbd44551af3351ee6a55c0b96c7d9e6aac153faecff6a9110,dd38a6dc0c729eb26b133f73a06b99d12c5088e5248da46847456f733bcb326f,True,True,clean,phase8b-leakage-boundary-v1
A,primary,4,3,2,1,3e56e119afbb8aabbd44551af3351ee6a55c0b96c7d9e6aac153faecff6a9110,dd38a6dc0c729eb26b133f73a06b99d12c5088e5248da46847456f733bcb326f,3e56e119afbb8aabbd44551af3351ee6a55c0b96c7d9e6aac153faecff6a9110,dd38a6dc0c729eb26b133f73a06b99d12c5088e5248da46847456f733bcb326f,3e56e119afbb8aabbd44551af3351ee6a55c0b96c7d9e6aac153faecff6a9110,dd38a6dc0c729eb26b133f73a06b99d12c5088e5248da46847456f733bcb326f,True,True,clean,phase8b-leakage-boundary-v1
A,primary,4,3,2,2,3e56e119afbb8aabbd44551af3351ee6a55c0b96c7d9e6aac153faecff6a9110,dd38a6dc0c729eb26b133f73a06b99d12c5088e5248da46847456f733bcb326f,3e56e119afbb8aabbd44551af3351ee6a55c0b96c7d9e6aac153faecff6a9110,dd38a6dc0c729eb26b133f73a06b99d12c5088e5248da46847456f733bcb326f,3e56e119afbb8aabbd44551af3351ee6a55c0b96c7d9e6aac153faecff6a9110,dd38a6dc0c729eb26b133f73a06b99d12c5088e5248da46847456f733bcb326f,True,True,clean,phase8b-leakage-boundary-v1
A,primary,4,3,3,1,3e56e119afbb8aabbd44551af3351ee6a55c0b96c7d9e6aac153faecff6a9110,dd38a6dc0c729eb26b133f73a06b99d12c5088e5248da46847456f733bcb326f,3e56e119afbb8aabbd44551af3351ee6a55c0b96c7d9e6aac153faecff6a9110,dd38a6dc0c729eb26b133f73a06b99d12c5088e5248da46847456f733bcb326f,3e56e119afbb8aabbd44551af3351ee6a55c0b96c7d9e6aac153faecff6a9110,dd38a6dc0c729eb26b133f73a06b99d12c5088e5248da46847456f733bcb326f,True,True,clean,phase8b-leakage-boundary-v1
A,primary,4,3,3,2,3e56e119afbb8aabbd44551af3351ee6a55c0b96c7d9e6aac153faecff6a9110,dd38a6dc0c729eb26b133f73a06b99d12c5088e5248da46847456f733bcb326f,3e56e119afbb8aabbd44551af3351ee6a55c0b96c7d9e6aac153faecff6a9110,dd38a6dc0c729eb26b133f73a06b99d12c5088e5248da46847456f733bcb326f,3e56e119afbb8aabbd44551af3351ee6a55c0b96c7d9e6aac153faecff6a9110,dd38a6dc0c729eb26b133f73a06b99d12c5088e5248da46847456f733bcb326f,True,True,clean,phase8b-leakage-boundary-v1
A,primary,4,3,4,1,3e56e119afbb8aabbd44551af3351ee6a55c0b96c7d9e6aac153faecff6a9110,dd38a6dc0c729eb26b133f73a06b99d12c5088e5248da46847456f733bcb326f,3e56e119afbb8aabbd44551af3351ee6a55c0b96c7d9e6aac153faecff6a9110,dd38a6dc0c729eb26b133f73a06b99d12c5088e5248da46847456f733bcb326f,3e56e119afbb8aabbd44551af3351ee6a55c0b96c7d9e6aac153faecff6a9110,dd38a6dc0c729eb26b133f73a06b99d12c5088e5248da46847456f733bcb326f,True,True,clean,phase8b-leakage-boundary-v1
A,primary,4,3,4,2,3e56e119afbb8aabbd44551af3351ee6a55c0b96c7d9e6aac153faecff6a9110,dd38a6dc0c729eb26b133f73a06b99d12c5088e5248da46847456f733bcb326f,3e56e119afbb8aabbd44551af3351ee6a55c0b96c7d9e6aac153faecff6a9110,dd38a6dc0c729eb26b133f73a06b99d12c5088e5248da46847456f733bcb326f,3e56e119afbb8aabbd44551af3351ee6a55c0b96c7d9e6aac153faecff6a9110,dd38a6dc0c729eb26b133f73a06b99d12c5088e5248da46847456f733bcb326f,True,True,clean,phase8b-leakage-boundary-v1
A,primary,4,3,5,1,3e56e119afbb8aabbd44551af3351ee6a55c0b96c7d9e6aac153faecff6a9110,dd38a6dc0c729eb26b133f73a06b99d12c5088e5248da46847456f733bcb326f,3e56e119afbb8aabbd44551af3351ee6a55c0b96c7d9e6aac153faecff6a9110,dd38a6dc0c729eb26b133f73a06b99d12c5088e5248da46847456f733bcb326f,3e56e119afbb8aabbd44551af3351ee6a55c0b96c7d9e6aac153faecff6a9110,dd38a6dc0c729eb26b133f73a06b99d12c5088e5248da46847456f733bcb326f,True,True,clean,phase8b-leakage-boundary-v1
A,primary,4,3,5,2,3e56e119afbb8aabbd44551af3351ee6a55c0b96c7d9e6aac153faecff6a9110,dd38a6dc0c729eb26b133f73a06b99d12c5088e5248da46847456f733bcb326f,3e56e119afbb8aabbd44551af3351ee6a55c0b96c7d9e6aac153faecff6a9110,dd38a6dc0c729eb26b133f73a06b99d12c5088e5248da46847456f733bcb326f,3e56e119afbb8aabbd44551af3351ee6a55c0b96c7d9e6aac153faecff6a9110,dd38a6dc0c729eb26b133f73a06b99d12c5088e5248da46847456f733bcb326f,True,True,clean,phase8b-leakage-boundary-v1
A,primary,4,3,6,1,3e56e119afbb8aabbd44551af3351ee6a55c0b96c7d9e6aac153faecff6a9110,dd38a6dc0c729eb26b133f73a06b99d12c5088e5248da46847456f733bcb326f,3e56e119afbb8aabbd44551af3351ee6a55c0b96c7d9e6aac153faecff6a9110,dd38a6dc0c729eb26b133f73a06b99d12c5088e5248da46847456f733bcb326f,3e56e119afbb8aabbd44551af3351ee6a55c0b96c7d9e6aac153faecff6a9110,dd38a6dc0c729eb26b133f73a06b99d12c5088e5248da46847456f733bcb326f,True,True,clean,phase8b-leakage-boundary-v1
A,primary,4,3,6,2,3e56e119afbb8aabbd44551af3351ee6a55c0b96c7d9e6aac153faecff6a9110,dd38a6dc0c729eb26b133f73a06b99d12c5088e5248da46847456f733bcb326f,3e56e119afbb8aabbd44551af3351ee6a55c0b96c7d9e6aac153faecff6a9110,dd38a6dc0c729eb26b133f73a06b99d12c5088e5248da46847456f733bcb326f,3e56e119afbb8aabbd44551af3351ee6a55c0b96c7d9e6aac153faecff6a9110,dd38a6dc0c729eb26b133f73a06b99d12c5088e5248da46847456f733bcb326f,True,True,clean,phase8b-leakage-boundary-v1
A,primary,4,3,7,1,3e56e119afbb8aabbd44551af3351ee6a55c0b96c7d9e6aac153faecff6a9110,dd38a6dc0c729eb26b133f73a06b99d12c5088e5248da46847456f733bcb326f,3e56e119afbb8aabbd44551af3351ee6a55c0b96c7d9e6aac153faecff6a9110,dd38a6dc0c729eb26b133f73a06b99d12c5088e5248da46847456f733bcb326f,3e56e119afbb8aabbd44551af3351ee6a55c0b96c7d9e6aac153faecff6a9110,dd38a6dc0c729eb26b133f73a06b99d12c5088e5248da46847456f733bcb326f,True,True,clean,phase8b-leakage-boundary-v1
A,primary,4,3,7,2,3e56e119afbb8aabbd44551af3351ee6a55c0b96c7d9e6aac153faecff6a9110,dd38a6dc0c729eb26b133f73a06b99d12c5088e5248da46847456f733bcb326f,3e56e119afbb8aabbd44551af3351ee6a55c0b96c7d9e6aac153faecff6a9110,dd38a6dc0c729eb26b133f73a06b99d12c5088e5248da46847456f733bcb326f,3e56e119afbb8aabbd44551af3351ee6a55c0b96c7d9e6aac153faecff6a9110,dd38a6dc0c729eb26b133f73a06b99d12c5088e5248da46847456f733bcb326f,True,True,clean,phase8b-leakage-boundary-v1
A,primary,5,1,1,1,387bda3b61226f2e22e1ca9065e35213fccc999c0b4abfa89dcce5562c2093ce,2ed450a0e79277ccd6dda97bafa504854a564af0cb41a3cd02c7b0332341dbd5,387bda3b61226f2e22e1ca9065e35213fccc999c0b4abfa89dcce5562c2093ce,2ed450a0e79277ccd6dda97bafa504854a564af0cb41a3cd02c7b0332341dbd5,387bda3b61226f2e22e1ca9065e35213fccc999c0b4abfa89dcce5562c2093ce,2ed450a0e79277ccd6dda97bafa504854a564af0cb41a3cd02c7b0332341dbd5,True,True,clean,phase8b-leakage-boundary-v1
A,primary,5,1,1,2,387bda3b61226f2e22e1ca9065e35213fccc999c0b4abfa89dcce5562c2093ce,2ed450a0e79277ccd6dda97bafa504854a564af0cb41a3cd02c7b0332341dbd5,387bda3b61226f2e22e1ca9065e35213fccc999c0b4abfa89dcce5562c2093ce,2ed450a0e79277ccd6dda97bafa504854a564af0cb41a3cd02c7b0332341dbd5,387bda3b61226f2e22e1ca9065e35213fccc999c0b4abfa89dcce5562c2093ce,2ed450a0e79277ccd6dda97bafa504854a564af0cb41a3cd02c7b0332341dbd5,True,True,clean,phase8b-leakage-boundary-v1
A,primary,5,1,2,1,387bda3b61226f2e22e1ca9065e35213fccc999c0b4abfa89dcce5562c2093ce,2ed450a0e79277ccd6dda97bafa504854a564af0cb41a3cd02c7b0332341dbd5,387bda3b61226f2e22e1ca9065e35213fccc999c0b4abfa89dcce5562c2093ce,2ed450a0e79277ccd6dda97bafa504854a564af0cb41a3cd02c7b0332341dbd5,387bda3b61226f2e22e1ca9065e35213fccc999c0b4abfa89dcce5562c2093ce,2ed450a0e79277ccd6dda97bafa504854a564af0cb41a3cd02c7b0332341dbd5,True,True,clean,phase8b-leakage-boundary-v1
A,primary,5,1,2,2,387bda3b61226f2e22e1ca9065e35213fccc999c0b4abfa89dcce5562c2093ce,2ed450a0e79277ccd6dda97bafa504854a564af0cb41a3cd02c7b0332341dbd5,387bda3b61226f2e22e1ca9065e35213fccc999c0b4abfa89dcce5562c2093ce,2ed450a0e79277ccd6dda97bafa504854a564af0cb41a3cd02c7b0332341dbd5,387bda3b61226f2e22e1ca9065e35213fccc999c0b4abfa89dcce5562c2093ce,2ed450a0e79277ccd6dda97bafa504854a564af0cb41a3cd02c7b0332341dbd5,True,True,clean,phase8b-leakage-boundary-v1
A,primary,5,1,3,1,387bda3b61226f2e22e1ca9065e35213fccc999c0b4abfa89dcce5562c2093ce,2ed450a0e79277ccd6dda97bafa504854a564af0cb41a3cd02c7b0332341dbd5,387bda3b61226f2e22e1ca9065e35213fccc999c0b4abfa89dcce5562c2093ce,2ed450a0e79277ccd6dda97bafa504854a564af0cb41a3cd02c7b0332341dbd5,387bda3b61226f2e22e1ca9065e35213fccc999c0b4abfa89dcce5562c2093ce,2ed450a0e79277ccd6dda97bafa504854a564af0cb41a3cd02c7b0332341dbd5,True,True,clean,phase8b-leakage-boundary-v1
A,primary,5,1,3,2,387bda3b61226f2e22e1ca9065e35213fccc999c0b4abfa89dcce5562c2093ce,2ed450a0e79277ccd6dda97bafa504854a564af0cb41a3cd02c7b0332341dbd5,387bda3b61226f2e22e1ca9065e35213fccc999c0b4abfa89dcce5562c2093ce,2ed450a0e79277ccd6dda97bafa504854a564af0cb41a3cd02c7b0332341dbd5,387bda3b61226f2e22e1ca9065e35213fccc999c0b4abfa89dcce5562c2093ce,2ed450a0e79277ccd6dda97bafa504854a564af0cb41a3cd02c7b0332341dbd5,True,True,clean,phase8b-leakage-boundary-v1
A,primary,5,1,4,1,387bda3b61226f2e22e1ca9065e35213fccc999c0b4abfa89dcce5562c2093ce,2ed450a0e79277ccd6dda97bafa504854a564af0cb41a3cd02c7b0332341dbd5,387bda3b61226f2e22e1ca9065e35213fccc999c0b4abfa89dcce5562c2093ce,2ed450a0e79277ccd6dda97bafa504854a564af0cb41a3cd02c7b0332341dbd5,387bda3b61226f2e22e1ca9065e35213fccc999c0b4abfa89dcce5562c2093ce,2ed450a0e79277ccd6dda97bafa504854a564af0cb41a3cd02c7b0332341dbd5,True,True,clean,phase8b-leakage-boundary-v1
A,primary,5,1,4,2,387bda3b61226f2e22e1ca9065e35213fccc999c0b4abfa89dcce5562c2093ce,2ed450a0e79277ccd6dda97bafa504854a564af0cb41a3cd02c7b0332341dbd5,387bda3b61226f2e22e1ca9065e35213fccc999c0b4abfa89dcce5562c2093ce,2ed450a0e79277ccd6dda97bafa504854a564af0cb41a3cd02c7b0332341dbd5,387bda3b61226f2e22e1ca9065e35213fccc999c0b4abfa89dcce5562c2093ce,2ed450a0e79277ccd6dda97bafa504854a564af0cb41a3cd02c7b0332341dbd5,True,True,clean,phase8b-leakage-boundary-v1
A,primary,5,1,5,1,387bda3b61226f2e22e1ca9065e35213fccc999c0b4abfa89dcce5562c2093ce,2ed450a0e79277ccd6dda97bafa504854a564af0cb41a3cd02c7b0332341dbd5,387bda3b61226f2e22e1ca9065e35213fccc999c0b4abfa89dcce5562c2093ce,2ed450a0e79277ccd6dda97bafa504854a564af0cb41a3cd02c7b0332341dbd5,387bda3b61226f2e22e1ca9065e35213fccc999c0b4abfa89dcce5562c2093ce,2ed450a0e79277ccd6dda97bafa504854a564af0cb41a3cd02c7b0332341dbd5,True,True,clean,phase8b-leakage-boundary-v1
A,primary,5,1,5,2,387bda3b61226f2e22e1ca9065e35213fccc999c0b4abfa89dcce5562c2093ce,2ed450a0e79277ccd6dda97bafa504854a564af0cb41a3cd02c7b0332341dbd5,387bda3b61226f2e22e1ca9065e35213fccc999c0b4abfa89dcce5562c2093ce,2ed450a0e79277ccd6dda97bafa504854a564af0cb41a3cd02c7b0332341dbd5,387bda3b61226f2e22e1ca9065e35213fccc999c0b4abfa89dcce5562c2093ce,2ed450a0e79277ccd6dda97bafa504854a564af0cb41a3cd02c7b0332341dbd5,True,True,clean,phase8b-leakage-boundary-v1
A,primary,5,1,6,1,387bda3b61226f2e22e1ca9065e35213fccc999c0b4abfa89dcce5562c2093ce,2ed450a0e79277ccd6dda97bafa504854a564af0cb41a3cd02c7b0332341dbd5,387bda3b61226f2e22e1ca9065e35213fccc999c0b4abfa89dcce5562c2093ce,2ed450a0e79277ccd6dda97bafa504854a564af0cb41a3cd02c7b0332341dbd5,387bda3b61226f2e22e1ca9065e35213fccc999c0b4abfa89dcce5562c2093ce,2ed450a0e79277ccd6dda97bafa504854a564af0cb41a3cd02c7b0332341dbd5,True,True,clean,phase8b-leakage-boundary-v1
A,primary,5,1,6,2,387bda3b61226f2e22e1ca9065e35213fccc999c0b4abfa89dcce5562c2093ce,2ed450a0e79277ccd6dda97bafa504854a564af0cb41a3cd02c7b0332341dbd5,387bda3b61226f2e22e1ca9065e35213fccc999c0b4abfa89dcce5562c2093ce,2ed450a0e79277ccd6dda97bafa504854a564af0cb41a3cd02c7b0332341dbd5,387bda3b61226f2e22e1ca9065e35213fccc999c0b4abfa89dcce5562c2093ce,2ed450a0e79277ccd6dda97bafa504854a564af0cb41a3cd02c7b0332341dbd5,True,True,clean,phase8b-leakage-boundary-v1
A,primary,5,1,7,1,387bda3b61226f2e22e1ca9065e35213fccc999c0b4abfa89dcce5562c2093ce,2ed450a0e79277ccd6dda97bafa504854a564af0cb41a3cd02c7b0332341dbd5,387bda3b61226f2e22e1ca9065e35213fccc999c0b4abfa89dcce5562c2093ce,2ed450a0e79277ccd6dda97bafa504854a564af0cb41a3cd02c7b0332341dbd5,387bda3b61226f2e22e1ca9065e35213fccc999c0b4abfa89dcce5562c2093ce,2ed450a0e79277ccd6dda97bafa504854a564af0cb41a3cd02c7b0332341dbd5,True,True,clean,phase8b-leakage-boundary-v1
A,primary,5,1,7,2,387bda3b61226f2e22e1ca9065e35213fccc999c0b4abfa89dcce5562c2093ce,2ed450a0e79277ccd6dda97bafa504854a564af0cb41a3cd02c7b0332341dbd5,387bda3b61226f2e22e1ca9065e35213fccc999c0b4abfa89dcce5562c2093ce,2ed450a0e79277ccd6dda97bafa504854a564af0cb41a3cd02c7b0332341dbd5,387bda3b61226f2e22e1ca9065e35213fccc999c0b4abfa89dcce5562c2093ce,2ed450a0e79277ccd6dda97bafa504854a564af0cb41a3cd02c7b0332341dbd5,True,True,clean,phase8b-leakage-boundary-v1
A,primary,5,2,1,1,cb94a1861b00649eb0a7829154922ce5351407adcb7efa36b7f8d7aaf0b75578,ed37ddf1607a13084d9d4abcb81153324c0ad6022561dd00e240e14f4b85b96a,cb94a1861b00649eb0a7829154922ce5351407adcb7efa36b7f8d7aaf0b75578,ed37ddf1607a13084d9d4abcb81153324c0ad6022561dd00e240e14f4b85b96a,cb94a1861b00649eb0a7829154922ce5351407adcb7efa36b7f8d7aaf0b75578,ed37ddf1607a13084d9d4abcb81153324c0ad6022561dd00e240e14f4b85b96a,True,True,clean,phase8b-leakage-boundary-v1
A,primary,5,2,1,2,cb94a1861b00649eb0a7829154922ce5351407adcb7efa36b7f8d7aaf0b75578,ed37ddf1607a13084d9d4abcb81153324c0ad6022561dd00e240e14f4b85b96a,cb94a1861b00649eb0a7829154922ce5351407adcb7efa36b7f8d7aaf0b75578,ed37ddf1607a13084d9d4abcb81153324c0ad6022561dd00e240e14f4b85b96a,cb94a1861b00649eb0a7829154922ce5351407adcb7efa36b7f8d7aaf0b75578,ed37ddf1607a13084d9d4abcb81153324c0ad6022561dd00e240e14f4b85b96a,True,True,clean,phase8b-leakage-boundary-v1
A,primary,5,2,2,1,cb94a1861b00649eb0a7829154922ce5351407adcb7efa36b7f8d7aaf0b75578,ed37ddf1607a13084d9d4abcb81153324c0ad6022561dd00e240e14f4b85b96a,cb94a1861b00649eb0a7829154922ce5351407adcb7efa36b7f8d7aaf0b75578,ed37ddf1607a13084d9d4abcb81153324c0ad6022561dd00e240e14f4b85b96a,cb94a1861b00649eb0a7829154922ce5351407adcb7efa36b7f8d7aaf0b75578,ed37ddf1607a13084d9d4abcb81153324c0ad6022561dd00e240e14f4b85b96a,True,True,clean,phase8b-leakage-boundary-v1
A,primary,5,2,2,2,cb94a1861b00649eb0a7829154922ce5351407adcb7efa36b7f8d7aaf0b75578,ed37ddf1607a13084d9d4abcb81153324c0ad6022561dd00e240e14f4b85b96a,cb94a1861b00649eb0a7829154922ce5351407adcb7efa36b7f8d7aaf0b75578,ed37ddf1607a13084d9d4abcb81153324c0ad6022561dd00e240e14f4b85b96a,cb94a1861b00649eb0a7829154922ce5351407adcb7efa36b7f8d7aaf0b75578,ed37ddf1607a13084d9d4abcb81153324c0ad6022561dd00e240e14f4b85b96a,True,True,clean,phase8b-leakage-boundary-v1
A,primary,5,2,3,1,cb94a1861b00649eb0a7829154922ce5351407adcb7efa36b7f8d7aaf0b75578,ed37ddf1607a13084d9d4abcb81153324c0ad6022561dd00e240e14f4b85b96a,cb94a1861b00649eb0a7829154922ce5351407adcb7efa36b7f8d7aaf0b75578,ed37ddf1607a13084d9d4abcb81153324c0ad6022561dd00e240e14f4b85b96a,cb94a1861b00649eb0a7829154922ce5351407adcb7efa36b7f8d7aaf0b75578,ed37ddf1607a13084d9d4abcb81153324c0ad6022561dd00e240e14f4b85b96a,True,True,clean,phase8b-leakage-boundary-v1
A,primary,5,2,3,2,cb94a1861b00649eb0a7829154922ce5351407adcb7efa36b7f8d7aaf0b75578,ed37ddf1607a13084d9d4abcb81153324c0ad6022561dd00e240e14f4b85b96a,cb94a1861b00649eb0a7829154922ce5351407adcb7efa36b7f8d7aaf0b75578,ed37ddf1607a13084d9d4abcb81153324c0ad6022561dd00e240e14f4b85b96a,cb94a1861b00649eb0a7829154922ce5351407adcb7efa36b7f8d7aaf0b75578,ed37ddf1607a13084d9d4abcb81153324c0ad6022561dd00e240e14f4b85b96a,True,True,clean,phase8b-leakage-boundary-v1
A,primary,5,2,4,1,cb94a1861b00649eb0a7829154922ce5351407adcb7efa36b7f8d7aaf0b75578,ed37ddf1607a13084d9d4abcb81153324c0ad6022561dd00e240e14f4b85b96a,cb94a1861b00649eb0a7829154922ce5351407adcb7efa36b7f8d7aaf0b75578,ed37ddf1607a13084d9d4abcb81153324c0ad6022561dd00e240e14f4b85b96a,cb94a1861b00649eb0a7829154922ce5351407adcb7efa36b7f8d7aaf0b75578,ed37ddf1607a13084d9d4abcb81153324c0ad6022561dd00e240e14f4b85b96a,True,True,clean,phase8b-leakage-boundary-v1
A,primary,5,2,4,2,cb94a1861b00649eb0a7829154922ce5351407adcb7efa36b7f8d7aaf0b75578,ed37ddf1607a13084d9d4abcb81153324c0ad6022561dd00e240e14f4b85b96a,cb94a1861b00649eb0a7829154922ce5351407adcb7efa36b7f8d7aaf0b75578,ed37ddf1607a13084d9d4abcb81153324c0ad6022561dd00e240e14f4b85b96a,cb94a1861b00649eb0a7829154922ce5351407adcb7efa36b7f8d7aaf0b75578,ed37ddf1607a13084d9d4abcb81153324c0ad6022561dd00e240e14f4b85b96a,True,True,clean,phase8b-leakage-boundary-v1
A,primary,5,2,5,1,cb94a1861b00649eb0a7829154922ce5351407adcb7efa36b7f8d7aaf0b75578,ed37ddf1607a13084d9d4abcb81153324c0ad6022561dd00e240e14f4b85b96a,cb94a1861b00649eb0a7829154922ce5351407adcb7efa36b7f8d7aaf0b75578,ed37ddf1607a13084d9d4abcb81153324c0ad6022561dd00e240e14f4b85b96a,cb94a1861b00649eb0a7829154922ce5351407adcb7efa36b7f8d7aaf0b75578,ed37ddf1607a13084d9d4abcb81153324c0ad6022561dd00e240e14f4b85b96a,True,True,clean,phase8b-leakage-boundary-v1
A,primary,5,2,5,2,cb94a1861b00649eb0a7829154922ce5351407adcb7efa36b7f8d7aaf0b75578,ed37ddf1607a13084d9d4abcb81153324c0ad6022561dd00e240e14f4b85b96a,cb94a1861b00649eb0a7829154922ce5351407adcb7efa36b7f8d7aaf0b75578,ed37ddf1607a13084d9d4abcb81153324c0ad6022561dd00e240e14f4b85b96a,cb94a1861b00649eb0a7829154922ce5351407adcb7efa36b7f8d7aaf0b75578,ed37ddf1607a13084d9d4abcb81153324c0ad6022561dd00e240e14f4b85b96a,True,True,clean,phase8b-leakage-boundary-v1
A,primary,5,2,6,1,cb94a1861b00649eb0a7829154922ce5351407adcb7efa36b7f8d7aaf0b75578,ed37ddf1607a13084d9d4abcb81153324c0ad6022561dd00e240e14f4b85b96a,cb94a1861b00649eb0a7829154922ce5351407adcb7efa36b7f8d7aaf0b75578,ed37ddf1607a13084d9d4abcb81153324c0ad6022561dd00e240e14f4b85b96a,cb94a1861b00649eb0a7829154922ce5351407adcb7efa36b7f8d7aaf0b75578,ed37ddf1607a13084d9d4abcb81153324c0ad6022561dd00e240e14f4b85b96a,True,True,clean,phase8b-leakage-boundary-v1
A,primary,5,2,6,2,cb94a1861b00649eb0a7829154922ce5351407adcb7efa36b7f8d7aaf0b75578,ed37ddf1607a13084d9d4abcb81153324c0ad6022561dd00e240e14f4b85b96a,cb94a1861b00649eb0a7829154922ce5351407adcb7efa36b7f8d7aaf0b75578,ed37ddf1607a13084d9d4abcb81153324c0ad6022561dd00e240e14f4b85b96a,cb94a1861b00649eb0a7829154922ce5351407adcb7efa36b7f8d7aaf0b75578,ed37ddf1607a13084d9d4abcb81153324c0ad6022561dd00e240e14f4b85b96a,True,True,clean,phase8b-leakage-boundary-v1
A,primary,5,2,7,1,cb94a1861b00649eb0a7829154922ce5351407adcb7efa36b7f8d7aaf0b75578,ed37ddf1607a13084d9d4abcb81153324c0ad6022561dd00e240e14f4b85b96a,cb94a1861b00649eb0a7829154922ce5351407adcb7efa36b7f8d7aaf0b75578,ed37ddf1607a13084d9d4abcb81153324c0ad6022561dd00e240e14f4b85b96a,cb94a1861b00649eb0a7829154922ce5351407adcb7efa36b7f8d7aaf0b75578,ed37ddf1607a13084d9d4abcb81153324c0ad6022561dd00e240e14f4b85b96a,True,True,clean,phase8b-leakage-boundary-v1
A,primary,5,2,7,2,cb94a1861b00649eb0a7829154922ce5351407adcb7efa36b7f8d7aaf0b75578,ed37ddf1607a13084d9d4abcb81153324c0ad6022561dd00e240e14f4b85b96a,cb94a1861b00649eb0a7829154922ce5351407adcb7efa36b7f8d7aaf0b75578,ed37ddf1607a13084d9d4abcb81153324c0ad6022561dd00e240e14f4b85b96a,cb94a1861b00649eb0a7829154922ce5351407adcb7efa36b7f8d7aaf0b75578,ed37ddf1607a13084d9d4abcb81153324c0ad6022561dd00e240e14f4b85b96a,True,True,clean,phase8b-leakage-boundary-v1
A,primary,5,3,1,1,3e56e119afbb8aabbd44551af3351ee6a55c0b96c7d9e6aac153faecff6a9110,dd38a6dc0c729eb26b133f73a06b99d12c5088e5248da46847456f733bcb326f,3e56e119afbb8aabbd44551af3351ee6a55c0b96c7d9e6aac153faecff6a9110,dd38a6dc0c729eb26b133f73a06b99d12c5088e5248da46847456f733bcb326f,3e56e119afbb8aabbd44551af3351ee6a55c0b96c7d9e6aac153faecff6a9110,dd38a6dc0c729eb26b133f73a06b99d12c5088e5248da46847456f733bcb326f,True,True,clean,phase8b-leakage-boundary-v1
A,primary,5,3,1,2,3e56e119afbb8aabbd44551af3351ee6a55c0b96c7d9e6aac153faecff6a9110,dd38a6dc0c729eb26b133f73a06b99d12c5088e5248da46847456f733bcb326f,3e56e119afbb8aabbd44551af3351ee6a55c0b96c7d9e6aac153faecff6a9110,dd38a6dc0c729eb26b133f73a06b99d12c5088e5248da46847456f733bcb326f,3e56e119afbb8aabbd44551af3351ee6a55c0b96c7d9e6aac153faecff6a9110,dd38a6dc0c729eb26b133f73a06b99d12c5088e5248da46847456f733bcb326f,True,True,clean,phase8b-leakage-boundary-v1
A,primary,5,3,2,1,3e56e119afbb8aabbd44551af3351ee6a55c0b96c7d9e6aac153faecff6a9110,dd38a6dc0c729eb26b133f73a06b99d12c5088e5248da46847456f733bcb326f,3e56e119afbb8aabbd44551af3351ee6a55c0b96c7d9e6aac153faecff6a9110,dd38a6dc0c729eb26b133f73a06b99d12c5088e5248da46847456f733bcb326f,3e56e119afbb8aabbd44551af3351ee6a55c0b96c7d9e6aac153faecff6a9110,dd38a6dc0c729eb26b133f73a06b99d12c5088e5248da46847456f733bcb326f,True,True,clean,phase8b-leakage-boundary-v1
A,primary,5,3,2,2,3e56e119afbb8aabbd44551af3351ee6a55c0b96c7d9e6aac153faecff6a9110,dd38a6dc0c729eb26b133f73a06b99d12c5088e5248da46847456f733bcb326f,3e56e119afbb8aabbd44551af3351ee6a55c0b96c7d9e6aac153faecff6a9110,dd38a6dc0c729eb26b133f73a06b99d12c5088e5248da46847456f733bcb326f,3e56e119afbb8aabbd44551af3351ee6a55c0b96c7d9e6aac153faecff6a9110,dd38a6dc0c729eb26b133f73a06b99d12c5088e5248da46847456f733bcb326f,True,True,clean,phase8b-leakage-boundary-v1
A,primary,5,3,3,1,3e56e119afbb8aabbd44551af3351ee6a55c0b96c7d9e6aac153faecff6a9110,dd38a6dc0c729eb26b133f73a06b99d12c5088e5248da46847456f733bcb326f,3e56e119afbb8aabbd44551af3351ee6a55c0b96c7d9e6aac153faecff6a9110,dd38a6dc0c729eb26b133f73a06b99d12c5088e5248da46847456f733bcb326f,3e56e119afbb8aabbd44551af3351ee6a55c0b96c7d9e6aac153faecff6a9110,dd38a6dc0c729eb26b133f73a06b99d12c5088e5248da46847456f733bcb326f,True,True,clean,phase8b-leakage-boundary-v1
A,primary,5,3,3,2,3e56e119afbb8aabbd44551af3351ee6a55c0b96c7d9e6aac153faecff6a9110,dd38a6dc0c729eb26b133f73a06b99d12c5088e5248da46847456f733bcb326f,3e56e119afbb8aabbd44551af3351ee6a55c0b96c7d9e6aac153faecff6a9110,dd38a6dc0c729eb26b133f73a06b99d12c5088e5248da46847456f733bcb326f,3e56e119afbb8aabbd44551af3351ee6a55c0b96c7d9e6aac153faecff6a9110,dd38a6dc0c729eb26b133f73a06b99d12c5088e5248da46847456f733bcb326f,True,True,clean,phase8b-leakage-boundary-v1
A,primary,5,3,4,1,3e56e119afbb8aabbd44551af3351ee6a55c0b96c7d9e6aac153faecff6a9110,dd38a6dc0c729eb26b133f73a06b99d12c5088e5248da46847456f733bcb326f,3e56e119afbb8aabbd44551af3351ee6a55c0b96c7d9e6aac153faecff6a9110,dd38a6dc0c729eb26b133f73a06b99d12c5088e5248da46847456f733bcb326f,3e56e119afbb8aabbd44551af3351ee6a55c0b96c7d9e6aac153faecff6a9110,dd38a6dc0c729eb26b133f73a06b99d12c5088e5248da46847456f733bcb326f,True,True,clean,phase8b-leakage-boundary-v1
A,primary,5,3,4,2,3e56e119afbb8aabbd44551af3351ee6a55c0b96c7d9e6aac153faecff6a9110,dd38a6dc0c729eb26b133f73a06b99d12c5088e5248da46847456f733bcb326f,3e56e119afbb8aabbd44551af3351ee6a55c0b96c7d9e6aac153faecff6a9110,dd38a6dc0c729eb26b133f73a06b99d12c5088e5248da46847456f733bcb326f,3e56e119afbb8aabbd44551af3351ee6a55c0b96c7d9e6aac153faecff6a9110,dd38a6dc0c729eb26b133f73a06b99d12c5088e5248da46847456f733bcb326f,True,True,clean,phase8b-leakage-boundary-v1
A,primary,5,3,5,1,3e56e119afbb8aabbd44551af3351ee6a55c0b96c7d9e6aac153faecff6a9110,dd38a6dc0c729eb26b133f73a06b99d12c5088e5248da46847456f733bcb326f,3e56e119afbb8aabbd44551af3351ee6a55c0b96c7d9e6aac153faecff6a9110,dd38a6dc0c729eb26b133f73a06b99d12c5088e5248da46847456f733bcb326f,3e56e119afbb8aabbd44551af3351ee6a55c0b96c7d9e6aac153faecff6a9110,dd38a6dc0c729eb26b133f73a06b99d12c5088e5248da46847456f733bcb326f,True,True,clean,phase8b-leakage-boundary-v1
A,primary,5,3,5,2,3e56e119afbb8aabbd44551af3351ee6a55c0b96c7d9e6aac153faecff6a9110,dd38a6dc0c729eb26b133f73a06b99d12c5088e5248da46847456f733bcb326f,3e56e119afbb8aabbd44551af3351ee6a55c0b96c7d9e6aac153faecff6a9110,dd38a6dc0c729eb26b133f73a06b99d12c5088e5248da46847456f733bcb326f,3e56e119afbb8aabbd44551af3351ee6a55c0b96c7d9e6aac153faecff6a9110,dd38a6dc0c729eb26b133f73a06b99d12c5088e5248da46847456f733bcb326f,True,True,clean,phase8b-leakage-boundary-v1
A,primary,5,3,6,1,3e56e119afbb8aabbd44551af3351ee6a55c0b96c7d9e6aac153faecff6a9110,dd38a6dc0c729eb26b133f73a06b99d12c5088e5248da46847456f733bcb326f,3e56e119afbb8aabbd44551af3351ee6a55c0b96c7d9e6aac153faecff6a9110,dd38a6dc0c729eb26b133f73a06b99d12c5088e5248da46847456f733bcb326f,3e56e119afbb8aabbd44551af3351ee6a55c0b96c7d9e6aac153faecff6a9110,dd38a6dc0c729eb26b133f73a06b99d12c5088e5248da46847456f733bcb326f,True,True,clean,phase8b-leakage-boundary-v1
A,primary,5,3,6,2,3e56e119afbb8aabbd44551af3351ee6a55c0b96c7d9e6aac153faecff6a9110,dd38a6dc0c729eb26b133f73a06b99d12c5088e5248da46847456f733bcb326f,3e56e119afbb8aabbd44551af3351ee6a55c0b96c7d9e6aac153faecff6a9110,dd38a6dc0c729eb26b133f73a06b99d12c5088e5248da46847456f733bcb326f,3e56e119afbb8aabbd44551af3351ee6a55c0b96c7d9e6aac153faecff6a9110,dd38a6dc0c729eb26b133f73a06b99d12c5088e5248da46847456f733bcb326f,True,True,clean,phase8b-leakage-boundary-v1
A,primary,5,3,7,1,3e56e119afbb8aabbd44551af3351ee6a55c0b96c7d9e6aac153faecff6a9110,dd38a6dc0c729eb26b133f73a06b99d12c5088e5248da46847456f733bcb326f,3e56e119afbb8aabbd44551af3351ee6a55c0b96c7d9e6aac153faecff6a9110,dd38a6dc0c729eb26b133f73a06b99d12c5088e5248da46847456f733bcb326f,3e56e119afbb8aabbd44551af3351ee6a55c0b96c7d9e6aac153faecff6a9110,dd38a6dc0c729eb26b133f73a06b99d12c5088e5248da46847456f733bcb326f,True,True,clean,phase8b-leakage-boundary-v1
A,primary,5,3,7,2,3e56e119afbb8aabbd44551af3351ee6a55c0b96c7d9e6aac153faecff6a9110,dd38a6dc0c729eb26b133f73a06b99d12c5088e5248da46847456f733bcb326f,3e56e119afbb8aabbd44551af3351ee6a55c0b96c7d9e6aac153faecff6a9110,dd38a6dc0c729eb26b133f73a06b99d12c5088e5248da46847456f733bcb326f,3e56e119afbb8aabbd44551af3351ee6a55c0b96c7d9e6aac153faecff6a9110,dd38a6dc0c729eb26b133f73a06b99d12c5088e5248da46847456f733bcb326f,True,True,clean,phase8b-leakage-boundary-v1
B,sensitivity,1,1,1,1,387bda3b61226f2e22e1ca9065e35213fccc999c0b4abfa89dcce5562c2093ce,2ed450a0e79277ccd6dda97bafa504854a564af0cb41a3cd02c7b0332341dbd5,387bda3b61226f2e22e1ca9065e35213fccc999c0b4abfa89dcce5562c2093ce,2ed450a0e79277ccd6dda97bafa504854a564af0cb41a3cd02c7b0332341dbd5,387bda3b61226f2e22e1ca9065e35213fccc999c0b4abfa89dcce5562c2093ce,2ed450a0e79277ccd6dda97bafa504854a564af0cb41a3cd02c7b0332341dbd5,True,True,clean,phase8b-leakage-boundary-v1
B,sensitivity,1,1,1,2,387bda3b61226f2e22e1ca9065e35213fccc999c0b4abfa89dcce5562c2093ce,2ed450a0e79277ccd6dda97bafa504854a564af0cb41a3cd02c7b0332341dbd5,387bda3b61226f2e22e1ca9065e35213fccc999c0b4abfa89dcce5562c2093ce,2ed450a0e79277ccd6dda97bafa504854a564af0cb41a3cd02c7b0332341dbd5,387bda3b61226f2e22e1ca9065e35213fccc999c0b4abfa89dcce5562c2093ce,2ed450a0e79277ccd6dda97bafa504854a564af0cb41a3cd02c7b0332341dbd5,True,True,clean,phase8b-leakage-boundary-v1
B,sensitivity,1,1,2,1,387bda3b61226f2e22e1ca9065e35213fccc999c0b4abfa89dcce5562c2093ce,2ed450a0e79277ccd6dda97bafa504854a564af0cb41a3cd02c7b0332341dbd5,387bda3b61226f2e22e1ca9065e35213fccc999c0b4abfa89dcce5562c2093ce,2ed450a0e79277ccd6dda97bafa504854a564af0cb41a3cd02c7b0332341dbd5,387bda3b61226f2e22e1ca9065e35213fccc999c0b4abfa89dcce5562c2093ce,2ed450a0e79277ccd6dda97bafa504854a564af0cb41a3cd02c7b0332341dbd5,True,True,clean,phase8b-leakage-boundary-v1
B,sensitivity,1,1,2,2,387bda3b61226f2e22e1ca9065e35213fccc999c0b4abfa89dcce5562c2093ce,2ed450a0e79277ccd6dda97bafa504854a564af0cb41a3cd02c7b0332341dbd5,387bda3b61226f2e22e1ca9065e35213fccc999c0b4abfa89dcce5562c2093ce,2ed450a0e79277ccd6dda97bafa504854a564af0cb41a3cd02c7b0332341dbd5,387bda3b61226f2e22e1ca9065e35213fccc999c0b4abfa89dcce5562c2093ce,2ed450a0e79277ccd6dda97bafa504854a564af0cb41a3cd02c7b0332341dbd5,True,True,clean,phase8b-leakage-boundary-v1
B,sensitivity,1,1,3,1,387bda3b61226f2e22e1ca9065e35213fccc999c0b4abfa89dcce5562c2093ce,2ed450a0e79277ccd6dda97bafa504854a564af0cb41a3cd02c7b0332341dbd5,387bda3b61226f2e22e1ca9065e35213fccc999c0b4abfa89dcce5562c2093ce,2ed450a0e79277ccd6dda97bafa504854a564af0cb41a3cd02c7b0332341dbd5,387bda3b61226f2e22e1ca9065e35213fccc999c0b4abfa89dcce5562c2093ce,2ed450a0e79277ccd6dda97bafa504854a564af0cb41a3cd02c7b0332341dbd5,True,True,clean,phase8b-leakage-boundary-v1
B,sensitivity,1,1,3,2,387bda3b61226f2e22e1ca9065e35213fccc999c0b4abfa89dcce5562c2093ce,2ed450a0e79277ccd6dda97bafa504854a564af0cb41a3cd02c7b0332341dbd5,387bda3b61226f2e22e1ca9065e35213fccc999c0b4abfa89dcce5562c2093ce,2ed450a0e79277ccd6dda97bafa504854a564af0cb41a3cd02c7b0332341dbd5,387bda3b61226f2e22e1ca9065e35213fccc999c0b4abfa89dcce5562c2093ce,2ed450a0e79277ccd6dda97bafa504854a564af0cb41a3cd02c7b0332341dbd5,True,True,clean,phase8b-leakage-boundary-v1
B,sensitivity,1,1,4,1,387bda3b61226f2e22e1ca9065e35213fccc999c0b4abfa89dcce5562c2093ce,2ed450a0e79277ccd6dda97bafa504854a564af0cb41a3cd02c7b0332341dbd5,387bda3b61226f2e22e1ca9065e35213fccc999c0b4abfa89dcce5562c2093ce,2ed450a0e79277ccd6dda97bafa504854a564af0cb41a3cd02c7b0332341dbd5,387bda3b61226f2e22e1ca9065e35213fccc999c0b4abfa89dcce5562c2093ce,2ed450a0e79277ccd6dda97bafa504854a564af0cb41a3cd02c7b0332341dbd5,True,True,clean,phase8b-leakage-boundary-v1
B,sensitivity,1,1,4,2,387bda3b61226f2e22e1ca9065e35213fccc999c0b4abfa89dcce5562c2093ce,2ed450a0e79277ccd6dda97bafa504854a564af0cb41a3cd02c7b0332341dbd5,387bda3b61226f2e22e1ca9065e35213fccc999c0b4abfa89dcce5562c2093ce,2ed450a0e79277ccd6dda97bafa504854a564af0cb41a3cd02c7b0332341dbd5,387bda3b61226f2e22e1ca9065e35213fccc999c0b4abfa89dcce5562c2093ce,2ed450a0e79277ccd6dda97bafa504854a564af0cb41a3cd02c7b0332341dbd5,True,True,clean,phase8b-leakage-boundary-v1
B,sensitivity,1,1,5,1,387bda3b61226f2e22e1ca9065e35213fccc999c0b4abfa89dcce5562c2093ce,2ed450a0e79277ccd6dda97bafa504854a564af0cb41a3cd02c7b0332341dbd5,387bda3b61226f2e22e1ca9065e35213fccc999c0b4abfa89dcce5562c2093ce,2ed450a0e79277ccd6dda97bafa504854a564af0cb41a3cd02c7b0332341dbd5,387bda3b61226f2e22e1ca9065e35213fccc999c0b4abfa89dcce5562c2093ce,2ed450a0e79277ccd6dda97bafa504854a564af0cb41a3cd02c7b0332341dbd5,True,True,clean,phase8b-leakage-boundary-v1
B,sensitivity,1,1,5,2,387bda3b61226f2e22e1ca9065e35213fccc999c0b4abfa89dcce5562c2093ce,2ed450a0e79277ccd6dda97bafa504854a564af0cb41a3cd02c7b0332341dbd5,387bda3b61226f2e22e1ca9065e35213fccc999c0b4abfa89dcce5562c2093ce,2ed450a0e79277ccd6dda97bafa504854a564af0cb41a3cd02c7b0332341dbd5,387bda3b61226f2e22e1ca9065e35213fccc999c0b4abfa89dcce5562c2093ce,2ed450a0e79277ccd6dda97bafa504854a564af0cb41a3cd02c7b0332341dbd5,True,True,clean,phase8b-leakage-boundary-v1
B,sensitivity,1,1,6,1,387bda3b61226f2e22e1ca9065e35213fccc999c0b4abfa89dcce5562c2093ce,2ed450a0e79277ccd6dda97bafa504854a564af0cb41a3cd02c7b0332341dbd5,387bda3b61226f2e22e1ca9065e35213fccc999c0b4abfa89dcce5562c2093ce,2ed450a0e79277ccd6dda97bafa504854a564af0cb41a3cd02c7b0332341dbd5,387bda3b61226f2e22e1ca9065e35213fccc999c0b4abfa89dcce5562c2093ce,2ed450a0e79277ccd6dda97bafa504854a564af0cb41a3cd02c7b0332341dbd5,True,True,clean,phase8b-leakage-boundary-v1
B,sensitivity,1,1,6,2,387bda3b61226f2e22e1ca9065e35213fccc999c0b4abfa89dcce5562c2093ce,2ed450a0e79277ccd6dda97bafa504854a564af0cb41a3cd02c7b0332341dbd5,387bda3b61226f2e22e1ca9065e35213fccc999c0b4abfa89dcce5562c2093ce,2ed450a0e79277ccd6dda97bafa504854a564af0cb41a3cd02c7b0332341dbd5,387bda3b61226f2e22e1ca9065e35213fccc999c0b4abfa89dcce5562c2093ce,2ed450a0e79277ccd6dda97bafa504854a564af0cb41a3cd02c7b0332341dbd5,True,True,clean,phase8b-leakage-boundary-v1
B,sensitivity,1,1,7,1,387bda3b61226f2e22e1ca9065e35213fccc999c0b4abfa89dcce5562c2093ce,2ed450a0e79277ccd6dda97bafa504854a564af0cb41a3cd02c7b0332341dbd5,387bda3b61226f2e22e1ca9065e35213fccc999c0b4abfa89dcce5562c2093ce,2ed450a0e79277ccd6dda97bafa504854a564af0cb41a3cd02c7b0332341dbd5,387bda3b61226f2e22e1ca9065e35213fccc999c0b4abfa89dcce5562c2093ce,2ed450a0e79277ccd6dda97bafa504854a564af0cb41a3cd02c7b0332341dbd5,True,True,clean,phase8b-leakage-boundary-v1
B,sensitivity,1,1,7,2,387bda3b61226f2e22e1ca9065e35213fccc999c0b4abfa89dcce5562c2093ce,2ed450a0e79277ccd6dda97bafa504854a564af0cb41a3cd02c7b0332341dbd5,387bda3b61226f2e22e1ca9065e35213fccc999c0b4abfa89dcce5562c2093ce,2ed450a0e79277ccd6dda97bafa504854a564af0cb41a3cd02c7b0332341dbd5,387bda3b61226f2e22e1ca9065e35213fccc999c0b4abfa89dcce5562c2093ce,2ed450a0e79277ccd6dda97bafa504854a564af0cb41a3cd02c7b0332341dbd5,True,True,clean,phase8b-leakage-boundary-v1
B,sensitivity,1,2,1,1,cb94a1861b00649eb0a7829154922ce5351407adcb7efa36b7f8d7aaf0b75578,ed37ddf1607a13084d9d4abcb81153324c0ad6022561dd00e240e14f4b85b96a,cb94a1861b00649eb0a7829154922ce5351407adcb7efa36b7f8d7aaf0b75578,ed37ddf1607a13084d9d4abcb81153324c0ad6022561dd00e240e14f4b85b96a,cb94a1861b00649eb0a7829154922ce5351407adcb7efa36b7f8d7aaf0b75578,ed37ddf1607a13084d9d4abcb81153324c0ad6022561dd00e240e14f4b85b96a,True,True,clean,phase8b-leakage-boundary-v1
B,sensitivity,1,2,1,2,cb94a1861b00649eb0a7829154922ce5351407adcb7efa36b7f8d7aaf0b75578,ed37ddf1607a13084d9d4abcb81153324c0ad6022561dd00e240e14f4b85b96a,cb94a1861b00649eb0a7829154922ce5351407adcb7efa36b7f8d7aaf0b75578,ed37ddf1607a13084d9d4abcb81153324c0ad6022561dd00e240e14f4b85b96a,cb94a1861b00649eb0a7829154922ce5351407adcb7efa36b7f8d7aaf0b75578,ed37ddf1607a13084d9d4abcb81153324c0ad6022561dd00e240e14f4b85b96a,True,True,clean,phase8b-leakage-boundary-v1
B,sensitivity,1,2,2,1,cb94a1861b00649eb0a7829154922ce5351407adcb7efa36b7f8d7aaf0b75578,ed37ddf1607a13084d9d4abcb81153324c0ad6022561dd00e240e14f4b85b96a,cb94a1861b00649eb0a7829154922ce5351407adcb7efa36b7f8d7aaf0b75578,ed37ddf1607a13084d9d4abcb81153324c0ad6022561dd00e240e14f4b85b96a,cb94a1861b00649eb0a7829154922ce5351407adcb7efa36b7f8d7aaf0b75578,ed37ddf1607a13084d9d4abcb81153324c0ad6022561dd00e240e14f4b85b96a,True,True,clean,phase8b-leakage-boundary-v1
B,sensitivity,1,2,2,2,cb94a1861b00649eb0a7829154922ce5351407adcb7efa36b7f8d7aaf0b75578,ed37ddf1607a13084d9d4abcb81153324c0ad6022561dd00e240e14f4b85b96a,cb94a1861b00649eb0a7829154922ce5351407adcb7efa36b7f8d7aaf0b75578,ed37ddf1607a13084d9d4abcb81153324c0ad6022561dd00e240e14f4b85b96a,cb94a1861b00649eb0a7829154922ce5351407adcb7efa36b7f8d7aaf0b75578,ed37ddf1607a13084d9d4abcb81153324c0ad6022561dd00e240e14f4b85b96a,True,True,clean,phase8b-leakage-boundary-v1
B,sensitivity,1,2,3,1,cb94a1861b00649eb0a7829154922ce5351407adcb7efa36b7f8d7aaf0b75578,ed37ddf1607a13084d9d4abcb81153324c0ad6022561dd00e240e14f4b85b96a,cb94a1861b00649eb0a7829154922ce5351407adcb7efa36b7f8d7aaf0b75578,ed37ddf1607a13084d9d4abcb81153324c0ad6022561dd00e240e14f4b85b96a,cb94a1861b00649eb0a7829154922ce5351407adcb7efa36b7f8d7aaf0b75578,ed37ddf1607a13084d9d4abcb81153324c0ad6022561dd00e240e14f4b85b96a,True,True,clean,phase8b-leakage-boundary-v1
B,sensitivity,1,2,3,2,cb94a1861b00649eb0a7829154922ce5351407adcb7efa36b7f8d7aaf0b75578,ed37ddf1607a13084d9d4abcb81153324c0ad6022561dd00e240e14f4b85b96a,cb94a1861b00649eb0a7829154922ce5351407adcb7efa36b7f8d7aaf0b75578,ed37ddf1607a13084d9d4abcb81153324c0ad6022561dd00e240e14f4b85b96a,cb94a1861b00649eb0a7829154922ce5351407adcb7efa36b7f8d7aaf0b75578,ed37ddf1607a13084d9d4abcb81153324c0ad6022561dd00e240e14f4b85b96a,True,True,clean,phase8b-leakage-boundary-v1
B,sensitivity,1,2,4,1,cb94a1861b00649eb0a7829154922ce5351407adcb7efa36b7f8d7aaf0b75578,ed37ddf1607a13084d9d4abcb81153324c0ad6022561dd00e240e14f4b85b96a,cb94a1861b00649eb0a7829154922ce5351407adcb7efa36b7f8d7aaf0b75578,ed37ddf1607a13084d9d4abcb81153324c0ad6022561dd00e240e14f4b85b96a,cb94a1861b00649eb0a7829154922ce5351407adcb7efa36b7f8d7aaf0b75578,ed37ddf1607a13084d9d4abcb81153324c0ad6022561dd00e240e14f4b85b96a,True,True,clean,phase8b-leakage-boundary-v1
B,sensitivity,1,2,4,2,cb94a1861b00649eb0a7829154922ce5351407adcb7efa36b7f8d7aaf0b75578,ed37ddf1607a13084d9d4abcb81153324c0ad6022561dd00e240e14f4b85b96a,cb94a1861b00649eb0a7829154922ce5351407adcb7efa36b7f8d7aaf0b75578,ed37ddf1607a13084d9d4abcb81153324c0ad6022561dd00e240e14f4b85b96a,cb94a1861b00649eb0a7829154922ce5351407adcb7efa36b7f8d7aaf0b75578,ed37ddf1607a13084d9d4abcb81153324c0ad6022561dd00e240e14f4b85b96a,True,True,clean,phase8b-leakage-boundary-v1
B,sensitivity,1,2,5,1,cb94a1861b00649eb0a7829154922ce5351407adcb7efa36b7f8d7aaf0b75578,ed37ddf1607a13084d9d4abcb81153324c0ad6022561dd00e240e14f4b85b96a,cb94a1861b00649eb0a7829154922ce5351407adcb7efa36b7f8d7aaf0b75578,ed37ddf1607a13084d9d4abcb81153324c0ad6022561dd00e240e14f4b85b96a,cb94a1861b00649eb0a7829154922ce5351407adcb7efa36b7f8d7aaf0b75578,ed37ddf1607a13084d9d4abcb81153324c0ad6022561dd00e240e14f4b85b96a,True,True,clean,phase8b-leakage-boundary-v1
B,sensitivity,1,2,5,2,cb94a1861b00649eb0a7829154922ce5351407adcb7efa36b7f8d7aaf0b75578,ed37ddf1607a13084d9d4abcb81153324c0ad6022561dd00e240e14f4b85b96a,cb94a1861b00649eb0a7829154922ce5351407adcb7efa36b7f8d7aaf0b75578,ed37ddf1607a13084d9d4abcb81153324c0ad6022561dd00e240e14f4b85b96a,cb94a1861b00649eb0a7829154922ce5351407adcb7efa36b7f8d7aaf0b75578,ed37ddf1607a13084d9d4abcb81153324c0ad6022561dd00e240e14f4b85b96a,True,True,clean,phase8b-leakage-boundary-v1
B,sensitivity,1,2,6,1,cb94a1861b00649eb0a7829154922ce5351407adcb7efa36b7f8d7aaf0b75578,ed37ddf1607a13084d9d4abcb81153324c0ad6022561dd00e240e14f4b85b96a,cb94a1861b00649eb0a7829154922ce5351407adcb7efa36b7f8d7aaf0b75578,ed37ddf1607a13084d9d4abcb81153324c0ad6022561dd00e240e14f4b85b96a,cb94a1861b00649eb0a7829154922ce5351407adcb7efa36b7f8d7aaf0b75578,ed37ddf1607a13084d9d4abcb81153324c0ad6022561dd00e240e14f4b85b96a,True,True,clean,phase8b-leakage-boundary-v1
B,sensitivity,1,2,6,2,cb94a1861b00649eb0a7829154922ce5351407adcb7efa36b7f8d7aaf0b75578,ed37ddf1607a13084d9d4abcb81153324c0ad6022561dd00e240e14f4b85b96a,cb94a1861b00649eb0a7829154922ce5351407adcb7efa36b7f8d7aaf0b75578,ed37ddf1607a13084d9d4abcb81153324c0ad6022561dd00e240e14f4b85b96a,cb94a1861b00649eb0a7829154922ce5351407adcb7efa36b7f8d7aaf0b75578,ed37ddf1607a13084d9d4abcb81153324c0ad6022561dd00e240e14f4b85b96a,True,True,clean,phase8b-leakage-boundary-v1
B,sensitivity,1,2,7,1,cb94a1861b00649eb0a7829154922ce5351407adcb7efa36b7f8d7aaf0b75578,ed37ddf1607a13084d9d4abcb81153324c0ad6022561dd00e240e14f4b85b96a,cb94a1861b00649eb0a7829154922ce5351407adcb7efa36b7f8d7aaf0b75578,ed37ddf1607a13084d9d4abcb81153324c0ad6022561dd00e240e14f4b85b96a,cb94a1861b00649eb0a7829154922ce5351407adcb7efa36b7f8d7aaf0b75578,ed37ddf1607a13084d9d4abcb81153324c0ad6022561dd00e240e14f4b85b96a,True,True,clean,phase8b-leakage-boundary-v1
B,sensitivity,1,2,7,2,cb94a1861b00649eb0a7829154922ce5351407adcb7efa36b7f8d7aaf0b75578,ed37ddf1607a13084d9d4abcb81153324c0ad6022561dd00e240e14f4b85b96a,cb94a1861b00649eb0a7829154922ce5351407adcb7efa36b7f8d7aaf0b75578,ed37ddf1607a13084d9d4abcb81153324c0ad6022561dd00e240e14f4b85b96a,cb94a1861b00649eb0a7829154922ce5351407adcb7efa36b7f8d7aaf0b75578,ed37ddf1607a13084d9d4abcb81153324c0ad6022561dd00e240e14f4b85b96a,True,True,clean,phase8b-leakage-boundary-v1
B,sensitivity,1,3,1,1,3e56e119afbb8aabbd44551af3351ee6a55c0b96c7d9e6aac153faecff6a9110,dd38a6dc0c729eb26b133f73a06b99d12c5088e5248da46847456f733bcb326f,3e56e119afbb8aabbd44551af3351ee6a55c0b96c7d9e6aac153faecff6a9110,dd38a6dc0c729eb26b133f73a06b99d12c5088e5248da46847456f733bcb326f,3e56e119afbb8aabbd44551af3351ee6a55c0b96c7d9e6aac153faecff6a9110,dd38a6dc0c729eb26b133f73a06b99d12c5088e5248da46847456f733bcb326f,True,True,clean,phase8b-leakage-boundary-v1
B,sensitivity,1,3,1,2,3e56e119afbb8aabbd44551af3351ee6a55c0b96c7d9e6aac153faecff6a9110,dd38a6dc0c729eb26b133f73a06b99d12c5088e5248da46847456f733bcb326f,3e56e119afbb8aabbd44551af3351ee6a55c0b96c7d9e6aac153faecff6a9110,dd38a6dc0c729eb26b133f73a06b99d12c5088e5248da46847456f733bcb326f,3e56e119afbb8aabbd44551af3351ee6a55c0b96c7d9e6aac153faecff6a9110,dd38a6dc0c729eb26b133f73a06b99d12c5088e5248da46847456f733bcb326f,True,True,clean,phase8b-leakage-boundary-v1
B,sensitivity,1,3,2,1,3e56e119afbb8aabbd44551af3351ee6a55c0b96c7d9e6aac153faecff6a9110,dd38a6dc0c729eb26b133f73a06b99d12c5088e5248da46847456f733bcb326f,3e56e119afbb8aabbd44551af3351ee6a55c0b96c7d9e6aac153faecff6a9110,dd38a6dc0c729eb26b133f73a06b99d12c5088e5248da46847456f733bcb326f,3e56e119afbb8aabbd44551af3351ee6a55c0b96c7d9e6aac153faecff6a9110,dd38a6dc0c729eb26b133f73a06b99d12c5088e5248da46847456f733bcb326f,True,True,clean,phase8b-leakage-boundary-v1
B,sensitivity,1,3,2,2,3e56e119afbb8aabbd44551af3351ee6a55c0b96c7d9e6aac153faecff6a9110,dd38a6dc0c729eb26b133f73a06b99d12c5088e5248da46847456f733bcb326f,3e56e119afbb8aabbd44551af3351ee6a55c0b96c7d9e6aac153faecff6a9110,dd38a6dc0c729eb26b133f73a06b99d12c5088e5248da46847456f733bcb326f,3e56e119afbb8aabbd44551af3351ee6a55c0b96c7d9e6aac153faecff6a9110,dd38a6dc0c729eb26b133f73a06b99d12c5088e5248da46847456f733bcb326f,True,True,clean,phase8b-leakage-boundary-v1
B,sensitivity,1,3,3,1,3e56e119afbb8aabbd44551af3351ee6a55c0b96c7d9e6aac153faecff6a9110,dd38a6dc0c729eb26b133f73a06b99d12c5088e5248da46847456f733bcb326f,3e56e119afbb8aabbd44551af3351ee6a55c0b96c7d9e6aac153faecff6a9110,dd38a6dc0c729eb26b133f73a06b99d12c5088e5248da46847456f733bcb326f,3e56e119afbb8aabbd44551af3351ee6a55c0b96c7d9e6aac153faecff6a9110,dd38a6dc0c729eb26b133f73a06b99d12c5088e5248da46847456f733bcb326f,True,True,clean,phase8b-leakage-boundary-v1
B,sensitivity,1,3,3,2,3e56e119afbb8aabbd44551af3351ee6a55c0b96c7d9e6aac153faecff6a9110,dd38a6dc0c729eb26b133f73a06b99d12c5088e5248da46847456f733bcb326f,3e56e119afbb8aabbd44551af3351ee6a55c0b96c7d9e6aac153faecff6a9110,dd38a6dc0c729eb26b133f73a06b99d12c5088e5248da46847456f733bcb326f,3e56e119afbb8aabbd44551af3351ee6a55c0b96c7d9e6aac153faecff6a9110,dd38a6dc0c729eb26b133f73a06b99d12c5088e5248da46847456f733bcb326f,True,True,clean,phase8b-leakage-boundary-v1
B,sensitivity,1,3,4,1,3e56e119afbb8aabbd44551af3351ee6a55c0b96c7d9e6aac153faecff6a9110,dd38a6dc0c729eb26b133f73a06b99d12c5088e5248da46847456f733bcb326f,3e56e119afbb8aabbd44551af3351ee6a55c0b96c7d9e6aac153faecff6a9110,dd38a6dc0c729eb26b133f73a06b99d12c5088e5248da46847456f733bcb326f,3e56e119afbb8aabbd44551af3351ee6a55c0b96c7d9e6aac153faecff6a9110,dd38a6dc0c729eb26b133f73a06b99d12c5088e5248da46847456f733bcb326f,True,True,clean,phase8b-leakage-boundary-v1
B,sensitivity,1,3,4,2,3e56e119afbb8aabbd44551af3351ee6a55c0b96c7d9e6aac153faecff6a9110,dd38a6dc0c729eb26b133f73a06b99d12c5088e5248da46847456f733bcb326f,3e56e119afbb8aabbd44551af3351ee6a55c0b96c7d9e6aac153faecff6a9110,dd38a6dc0c729eb26b133f73a06b99d12c5088e5248da46847456f733bcb326f,3e56e119afbb8aabbd44551af3351ee6a55c0b96c7d9e6aac153faecff6a9110,dd38a6dc0c729eb26b133f73a06b99d12c5088e5248da46847456f733bcb326f,True,True,clean,phase8b-leakage-boundary-v1
B,sensitivity,1,3,5,1,3e56e119afbb8aabbd44551af3351ee6a55c0b96c7d9e6aac153faecff6a9110,dd38a6dc0c729eb26b133f73a06b99d12c5088e5248da46847456f733bcb326f,3e56e119afbb8aabbd44551af3351ee6a55c0b96c7d9e6aac153faecff6a9110,dd38a6dc0c729eb26b133f73a06b99d12c5088e5248da46847456f733bcb326f,3e56e119afbb8aabbd44551af3351ee6a55c0b96c7d9e6aac153faecff6a9110,dd38a6dc0c729eb26b133f73a06b99d12c5088e5248da46847456f733bcb326f,True,True,clean,phase8b-leakage-boundary-v1
B,sensitivity,1,3,5,2,3e56e119afbb8aabbd44551af3351ee6a55c0b96c7d9e6aac153faecff6a9110,dd38a6dc0c729eb26b133f73a06b99d12c5088e5248da46847456f733bcb326f,3e56e119afbb8aabbd44551af3351ee6a55c0b96c7d9e6aac153faecff6a9110,dd38a6dc0c729eb26b133f73a06b99d12c5088e5248da46847456f733bcb326f,3e56e119afbb8aabbd44551af3351ee6a55c0b96c7d9e6aac153faecff6a9110,dd38a6dc0c729eb26b133f73a06b99d12c5088e5248da46847456f733bcb326f,True,True,clean,phase8b-leakage-boundary-v1
B,sensitivity,1,3,6,1,3e56e119afbb8aabbd44551af3351ee6a55c0b96c7d9e6aac153faecff6a9110,dd38a6dc0c729eb26b133f73a06b99d12c5088e5248da46847456f733bcb326f,3e56e119afbb8aabbd44551af3351ee6a55c0b96c7d9e6aac153faecff6a9110,dd38a6dc0c729eb26b133f73a06b99d12c5088e5248da46847456f733bcb326f,3e56e119afbb8aabbd44551af3351ee6a55c0b96c7d9e6aac153faecff6a9110,dd38a6dc0c729eb26b133f73a06b99d12c5088e5248da46847456f733bcb326f,True,True,clean,phase8b-leakage-boundary-v1
B,sensitivity,1,3,6,2,3e56e119afbb8aabbd44551af3351ee6a55c0b96c7d9e6aac153faecff6a9110,dd38a6dc0c729eb26b133f73a06b99d12c5088e5248da46847456f733bcb326f,3e56e119afbb8aabbd44551af3351ee6a55c0b96c7d9e6aac153faecff6a9110,dd38a6dc0c729eb26b133f73a06b99d12c5088e5248da46847456f733bcb326f,3e56e119afbb8aabbd44551af3351ee6a55c0b96c7d9e6aac153faecff6a9110,dd38a6dc0c729eb26b133f73a06b99d12c5088e5248da46847456f733bcb326f,True,True,clean,phase8b-leakage-boundary-v1
B,sensitivity,1,3,7,1,3e56e119afbb8aabbd44551af3351ee6a55c0b96c7d9e6aac153faecff6a9110,dd38a6dc0c729eb26b133f73a06b99d12c5088e5248da46847456f733bcb326f,3e56e119afbb8aabbd44551af3351ee6a55c0b96c7d9e6aac153faecff6a9110,dd38a6dc0c729eb26b133f73a06b99d12c5088e5248da46847456f733bcb326f,3e56e119afbb8aabbd44551af3351ee6a55c0b96c7d9e6aac153faecff6a9110,dd38a6dc0c729eb26b133f73a06b99d12c5088e5248da46847456f733bcb326f,True,True,clean,phase8b-leakage-boundary-v1
B,sensitivity,1,3,7,2,3e56e119afbb8aabbd44551af3351ee6a55c0b96c7d9e6aac153faecff6a9110,dd38a6dc0c729eb26b133f73a06b99d12c5088e5248da46847456f733bcb326f,3e56e119afbb8aabbd44551af3351ee6a55c0b96c7d9e6aac153faecff6a9110,dd38a6dc0c729eb26b133f73a06b99d12c5088e5248da46847456f733bcb326f,3e56e119afbb8aabbd44551af3351ee6a55c0b96c7d9e6aac153faecff6a9110,dd38a6dc0c729eb26b133f73a06b99d12c5088e5248da46847456f733bcb326f,True,True,clean,phase8b-leakage-boundary-v1
B,sensitivity,2,1,1,1,387bda3b61226f2e22e1ca9065e35213fccc999c0b4abfa89dcce5562c2093ce,2ed450a0e79277ccd6dda97bafa504854a564af0cb41a3cd02c7b0332341dbd5,387bda3b61226f2e22e1ca9065e35213fccc999c0b4abfa89dcce5562c2093ce,2ed450a0e79277ccd6dda97bafa504854a564af0cb41a3cd02c7b0332341dbd5,387bda3b61226f2e22e1ca9065e35213fccc999c0b4abfa89dcce5562c2093ce,2ed450a0e79277ccd6dda97bafa504854a564af0cb41a3cd02c7b0332341dbd5,True,True,clean,phase8b-leakage-boundary-v1
B,sensitivity,2,1,1,2,387bda3b61226f2e22e1ca9065e35213fccc999c0b4abfa89dcce5562c2093ce,2ed450a0e79277ccd6dda97bafa504854a564af0cb41a3cd02c7b0332341dbd5,387bda3b61226f2e22e1ca9065e35213fccc999c0b4abfa89dcce5562c2093ce,2ed450a0e79277ccd6dda97bafa504854a564af0cb41a3cd02c7b0332341dbd5,387bda3b61226f2e22e1ca9065e35213fccc999c0b4abfa89dcce5562c2093ce,2ed450a0e79277ccd6dda97bafa504854a564af0cb41a3cd02c7b0332341dbd5,True,True,clean,phase8b-leakage-boundary-v1
B,sensitivity,2,1,2,1,387bda3b61226f2e22e1ca9065e35213fccc999c0b4abfa89dcce5562c2093ce,2ed450a0e79277ccd6dda97bafa504854a564af0cb41a3cd02c7b0332341dbd5,387bda3b61226f2e22e1ca9065e35213fccc999c0b4abfa89dcce5562c2093ce,2ed450a0e79277ccd6dda97bafa504854a564af0cb41a3cd02c7b0332341dbd5,387bda3b61226f2e22e1ca9065e35213fccc999c0b4abfa89dcce5562c2093ce,2ed450a0e79277ccd6dda97bafa504854a564af0cb41a3cd02c7b0332341dbd5,True,True,clean,phase8b-leakage-boundary-v1
B,sensitivity,2,1,2,2,387bda3b61226f2e22e1ca9065e35213fccc999c0b4abfa89dcce5562c2093ce,2ed450a0e79277ccd6dda97bafa504854a564af0cb41a3cd02c7b0332341dbd5,387bda3b61226f2e22e1ca9065e35213fccc999c0b4abfa89dcce5562c2093ce,2ed450a0e79277ccd6dda97bafa504854a564af0cb41a3cd02c7b0332341dbd5,387bda3b61226f2e22e1ca9065e35213fccc999c0b4abfa89dcce5562c2093ce,2ed450a0e79277ccd6dda97bafa504854a564af0cb41a3cd02c7b0332341dbd5,True,True,clean,phase8b-leakage-boundary-v1
B,sensitivity,2,1,3,1,387bda3b61226f2e22e1ca9065e35213fccc999c0b4abfa89dcce5562c2093ce,2ed450a0e79277ccd6dda97bafa504854a564af0cb41a3cd02c7b0332341dbd5,387bda3b61226f2e22e1ca9065e35213fccc999c0b4abfa89dcce5562c2093ce,2ed450a0e79277ccd6dda97bafa504854a564af0cb41a3cd02c7b0332341dbd5,387bda3b61226f2e22e1ca9065e35213fccc999c0b4abfa89dcce5562c2093ce,2ed450a0e79277ccd6dda97bafa504854a564af0cb41a3cd02c7b0332341dbd5,True,True,clean,phase8b-leakage-boundary-v1
B,sensitivity,2,1,3,2,387bda3b61226f2e22e1ca9065e35213fccc999c0b4abfa89dcce5562c2093ce,2ed450a0e79277ccd6dda97bafa504854a564af0cb41a3cd02c7b0332341dbd5,387bda3b61226f2e22e1ca9065e35213fccc999c0b4abfa89dcce5562c2093ce,2ed450a0e79277ccd6dda97bafa504854a564af0cb41a3cd02c7b0332341dbd5,387bda3b61226f2e22e1ca9065e35213fccc999c0b4abfa89dcce5562c2093ce,2ed450a0e79277ccd6dda97bafa504854a564af0cb41a3cd02c7b0332341dbd5,True,True,clean,phase8b-leakage-boundary-v1
B,sensitivity,2,1,4,1,387bda3b61226f2e22e1ca9065e35213fccc999c0b4abfa89dcce5562c2093ce,2ed450a0e79277ccd6dda97bafa504854a564af0cb41a3cd02c7b0332341dbd5,387bda3b61226f2e22e1ca9065e35213fccc999c0b4abfa89dcce5562c2093ce,2ed450a0e79277ccd6dda97bafa504854a564af0cb41a3cd02c7b0332341dbd5,387bda3b61226f2e22e1ca9065e35213fccc999c0b4abfa89dcce5562c2093ce,2ed450a0e79277ccd6dda97bafa504854a564af0cb41a3cd02c7b0332341dbd5,True,True,clean,phase8b-leakage-boundary-v1
B,sensitivity,2,1,4,2,387bda3b61226f2e22e1ca9065e35213fccc999c0b4abfa89dcce5562c2093ce,2ed450a0e79277ccd6dda97bafa504854a564af0cb41a3cd02c7b0332341dbd5,387bda3b61226f2e22e1ca9065e35213fccc999c0b4abfa89dcce5562c2093ce,2ed450a0e79277ccd6dda97bafa504854a564af0cb41a3cd02c7b0332341dbd5,387bda3b61226f2e22e1ca9065e35213fccc999c0b4abfa89dcce5562c2093ce,2ed450a0e79277ccd6dda97bafa504854a564af0cb41a3cd02c7b0332341dbd5,True,True,clean,phase8b-leakage-boundary-v1
B,sensitivity,2,1,5,1,387bda3b61226f2e22e1ca9065e35213fccc999c0b4abfa89dcce5562c2093ce,2ed450a0e79277ccd6dda97bafa504854a564af0cb41a3cd02c7b0332341dbd5,387bda3b61226f2e22e1ca9065e35213fccc999c0b4abfa89dcce5562c2093ce,2ed450a0e79277ccd6dda97bafa504854a564af0cb41a3cd02c7b0332341dbd5,387bda3b61226f2e22e1ca9065e35213fccc999c0b4abfa89dcce5562c2093ce,2ed450a0e79277ccd6dda97bafa504854a564af0cb41a3cd02c7b0332341dbd5,True,True,clean,phase8b-leakage-boundary-v1
B,sensitivity,2,1,5,2,387bda3b61226f2e22e1ca9065e35213fccc999c0b4abfa89dcce5562c2093ce,2ed450a0e79277ccd6dda97bafa504854a564af0cb41a3cd02c7b0332341dbd5,387bda3b61226f2e22e1ca9065e35213fccc999c0b4abfa89dcce5562c2093ce,2ed450a0e79277ccd6dda97bafa504854a564af0cb41a3cd02c7b0332341dbd5,387bda3b61226f2e22e1ca9065e35213fccc999c0b4abfa89dcce5562c2093ce,2ed450a0e79277ccd6dda97bafa504854a564af0cb41a3cd02c7b0332341dbd5,True,True,clean,phase8b-leakage-boundary-v1
B,sensitivity,2,1,6,1,387bda3b61226f2e22e1ca9065e35213fccc999c0b4abfa89dcce5562c2093ce,2ed450a0e79277ccd6dda97bafa504854a564af0cb41a3cd02c7b0332341dbd5,387bda3b61226f2e22e1ca9065e35213fccc999c0b4abfa89dcce5562c2093ce,2ed450a0e79277ccd6dda97bafa504854a564af0cb41a3cd02c7b0332341dbd5,387bda3b61226f2e22e1ca9065e35213fccc999c0b4abfa89dcce5562c2093ce,2ed450a0e79277ccd6dda97bafa504854a564af0cb41a3cd02c7b0332341dbd5,True,True,clean,phase8b-leakage-boundary-v1
B,sensitivity,2,1,6,2,387bda3b61226f2e22e1ca9065e35213fccc999c0b4abfa89dcce5562c2093ce,2ed450a0e79277ccd6dda97bafa504854a564af0cb41a3cd02c7b0332341dbd5,387bda3b61226f2e22e1ca9065e35213fccc999c0b4abfa89dcce5562c2093ce,2ed450a0e79277ccd6dda97bafa504854a564af0cb41a3cd02c7b0332341dbd5,387bda3b61226f2e22e1ca9065e35213fccc999c0b4abfa89dcce5562c2093ce,2ed450a0e79277ccd6dda97bafa504854a564af0cb41a3cd02c7b0332341dbd5,True,True,clean,phase8b-leakage-boundary-v1
B,sensitivity,2,1,7,1,387bda3b61226f2e22e1ca9065e35213fccc999c0b4abfa89dcce5562c2093ce,2ed450a0e79277ccd6dda97bafa504854a564af0cb41a3cd02c7b0332341dbd5,387bda3b61226f2e22e1ca9065e35213fccc999c0b4abfa89dcce5562c2093ce,2ed450a0e79277ccd6dda97bafa504854a564af0cb41a3cd02c7b0332341dbd5,387bda3b61226f2e22e1ca9065e35213fccc999c0b4abfa89dcce5562c2093ce,2ed450a0e79277ccd6dda97bafa504854a564af0cb41a3cd02c7b0332341dbd5,True,True,clean,phase8b-leakage-boundary-v1
B,sensitivity,2,1,7,2,387bda3b61226f2e22e1ca9065e35213fccc999c0b4abfa89dcce5562c2093ce,2ed450a0e79277ccd6dda97bafa504854a564af0cb41a3cd02c7b0332341dbd5,387bda3b61226f2e22e1ca9065e35213fccc999c0b4abfa89dcce5562c2093ce,2ed450a0e79277ccd6dda97bafa504854a564af0cb41a3cd02c7b0332341dbd5,387bda3b61226f2e22e1ca9065e35213fccc999c0b4abfa89dcce5562c2093ce,2ed450a0e79277ccd6dda97bafa504854a564af0cb41a3cd02c7b0332341dbd5,True,True,clean,phase8b-leakage-boundary-v1
B,sensitivity,2,2,1,1,cb94a1861b00649eb0a7829154922ce5351407adcb7efa36b7f8d7aaf0b75578,ed37ddf1607a13084d9d4abcb81153324c0ad6022561dd00e240e14f4b85b96a,cb94a1861b00649eb0a7829154922ce5351407adcb7efa36b7f8d7aaf0b75578,ed37ddf1607a13084d9d4abcb81153324c0ad6022561dd00e240e14f4b85b96a,cb94a1861b00649eb0a7829154922ce5351407adcb7efa36b7f8d7aaf0b75578,ed37ddf1607a13084d9d4abcb81153324c0ad6022561dd00e240e14f4b85b96a,True,True,clean,phase8b-leakage-boundary-v1
B,sensitivity,2,2,1,2,cb94a1861b00649eb0a7829154922ce5351407adcb7efa36b7f8d7aaf0b75578,ed37ddf1607a13084d9d4abcb81153324c0ad6022561dd00e240e14f4b85b96a,cb94a1861b00649eb0a7829154922ce5351407adcb7efa36b7f8d7aaf0b75578,ed37ddf1607a13084d9d4abcb81153324c0ad6022561dd00e240e14f4b85b96a,cb94a1861b00649eb0a7829154922ce5351407adcb7efa36b7f8d7aaf0b75578,ed37ddf1607a13084d9d4abcb81153324c0ad6022561dd00e240e14f4b85b96a,True,True,clean,phase8b-leakage-boundary-v1
B,sensitivity,2,2,2,1,cb94a1861b00649eb0a7829154922ce5351407adcb7efa36b7f8d7aaf0b75578,ed37ddf1607a13084d9d4abcb81153324c0ad6022561dd00e240e14f4b85b96a,cb94a1861b00649eb0a7829154922ce5351407adcb7efa36b7f8d7aaf0b75578,ed37ddf1607a13084d9d4abcb81153324c0ad6022561dd00e240e14f4b85b96a,cb94a1861b00649eb0a7829154922ce5351407adcb7efa36b7f8d7aaf0b75578,ed37ddf1607a13084d9d4abcb81153324c0ad6022561dd00e240e14f4b85b96a,True,True,clean,phase8b-leakage-boundary-v1
B,sensitivity,2,2,2,2,cb94a1861b00649eb0a7829154922ce5351407adcb7efa36b7f8d7aaf0b75578,ed37ddf1607a13084d9d4abcb81153324c0ad6022561dd00e240e14f4b85b96a,cb94a1861b00649eb0a7829154922ce5351407adcb7efa36b7f8d7aaf0b75578,ed37ddf1607a13084d9d4abcb81153324c0ad6022561dd00e240e14f4b85b96a,cb94a1861b00649eb0a7829154922ce5351407adcb7efa36b7f8d7aaf0b75578,ed37ddf1607a13084d9d4abcb81153324c0ad6022561dd00e240e14f4b85b96a,True,True,clean,phase8b-leakage-boundary-v1
B,sensitivity,2,2,3,1,cb94a1861b00649eb0a7829154922ce5351407adcb7efa36b7f8d7aaf0b75578,ed37ddf1607a13084d9d4abcb81153324c0ad6022561dd00e240e14f4b85b96a,cb94a1861b00649eb0a7829154922ce5351407adcb7efa36b7f8d7aaf0b75578,ed37ddf1607a13084d9d4abcb81153324c0ad6022561dd00e240e14f4b85b96a,cb94a1861b00649eb0a7829154922ce5351407adcb7efa36b7f8d7aaf0b75578,ed37ddf1607a13084d9d4abcb81153324c0ad6022561dd00e240e14f4b85b96a,True,True,clean,phase8b-leakage-boundary-v1
B,sensitivity,2,2,3,2,cb94a1861b00649eb0a7829154922ce5351407adcb7efa36b7f8d7aaf0b75578,ed37ddf1607a13084d9d4abcb81153324c0ad6022561dd00e240e14f4b85b96a,cb94a1861b00649eb0a7829154922ce5351407adcb7efa36b7f8d7aaf0b75578,ed37ddf1607a13084d9d4abcb81153324c0ad6022561dd00e240e14f4b85b96a,cb94a1861b00649eb0a7829154922ce5351407adcb7efa36b7f8d7aaf0b75578,ed37ddf1607a13084d9d4abcb81153324c0ad6022561dd00e240e14f4b85b96a,True,True,clean,phase8b-leakage-boundary-v1
B,sensitivity,2,2,4,1,cb94a1861b00649eb0a7829154922ce5351407adcb7efa36b7f8d7aaf0b75578,ed37ddf1607a13084d9d4abcb81153324c0ad6022561dd00e240e14f4b85b96a,cb94a1861b00649eb0a7829154922ce5351407adcb7efa36b7f8d7aaf0b75578,ed37ddf1607a13084d9d4abcb81153324c0ad6022561dd00e240e14f4b85b96a,cb94a1861b00649eb0a7829154922ce5351407adcb7efa36b7f8d7aaf0b75578,ed37ddf1607a13084d9d4abcb81153324c0ad6022561dd00e240e14f4b85b96a,True,True,clean,phase8b-leakage-boundary-v1
B,sensitivity,2,2,4,2,cb94a1861b00649eb0a7829154922ce5351407adcb7efa36b7f8d7aaf0b75578,ed37ddf1607a13084d9d4abcb81153324c0ad6022561dd00e240e14f4b85b96a,cb94a1861b00649eb0a7829154922ce5351407adcb7efa36b7f8d7aaf0b75578,ed37ddf1607a13084d9d4abcb81153324c0ad6022561dd00e240e14f4b85b96a,cb94a1861b00649eb0a7829154922ce5351407adcb7efa36b7f8d7aaf0b75578,ed37ddf1607a13084d9d4abcb81153324c0ad6022561dd00e240e14f4b85b96a,True,True,clean,phase8b-leakage-boundary-v1
B,sensitivity,2,2,5,1,cb94a1861b00649eb0a7829154922ce5351407adcb7efa36b7f8d7aaf0b75578,ed37ddf1607a13084d9d4abcb81153324c0ad6022561dd00e240e14f4b85b96a,cb94a1861b00649eb0a7829154922ce5351407adcb7efa36b7f8d7aaf0b75578,ed37ddf1607a13084d9d4abcb81153324c0ad6022561dd00e240e14f4b85b96a,cb94a1861b00649eb0a7829154922ce5351407adcb7efa36b7f8d7aaf0b75578,ed37ddf1607a13084d9d4abcb81153324c0ad6022561dd00e240e14f4b85b96a,True,True,clean,phase8b-leakage-boundary-v1
B,sensitivity,2,2,5,2,cb94a1861b00649eb0a7829154922ce5351407adcb7efa36b7f8d7aaf0b75578,ed37ddf1607a13084d9d4abcb81153324c0ad6022561dd00e240e14f4b85b96a,cb94a1861b00649eb0a7829154922ce5351407adcb7efa36b7f8d7aaf0b75578,ed37ddf1607a13084d9d4abcb81153324c0ad6022561dd00e240e14f4b85b96a,cb94a1861b00649eb0a7829154922ce5351407adcb7efa36b7f8d7aaf0b75578,ed37ddf1607a13084d9d4abcb81153324c0ad6022561dd00e240e14f4b85b96a,True,True,clean,phase8b-leakage-boundary-v1
B,sensitivity,2,2,6,1,cb94a1861b00649eb0a7829154922ce5351407adcb7efa36b7f8d7aaf0b75578,ed37ddf1607a13084d9d4abcb81153324c0ad6022561dd00e240e14f4b85b96a,cb94a1861b00649eb0a7829154922ce5351407adcb7efa36b7f8d7aaf0b75578,ed37ddf1607a13084d9d4abcb81153324c0ad6022561dd00e240e14f4b85b96a,cb94a1861b00649eb0a7829154922ce5351407adcb7efa36b7f8d7aaf0b75578,ed37ddf1607a13084d9d4abcb81153324c0ad6022561dd00e240e14f4b85b96a,True,True,clean,phase8b-leakage-boundary-v1
B,sensitivity,2,2,6,2,cb94a1861b00649eb0a7829154922ce5351407adcb7efa36b7f8d7aaf0b75578,ed37ddf1607a13084d9d4abcb81153324c0ad6022561dd00e240e14f4b85b96a,cb94a1861b00649eb0a7829154922ce5351407adcb7efa36b7f8d7aaf0b75578,ed37ddf1607a13084d9d4abcb81153324c0ad6022561dd00e240e14f4b85b96a,cb94a1861b00649eb0a7829154922ce5351407adcb7efa36b7f8d7aaf0b75578,ed37ddf1607a13084d9d4abcb81153324c0ad6022561dd00e240e14f4b85b96a,True,True,clean,phase8b-leakage-boundary-v1
B,sensitivity,2,2,7,1,cb94a1861b00649eb0a7829154922ce5351407adcb7efa36b7f8d7aaf0b75578,ed37ddf1607a13084d9d4abcb81153324c0ad6022561dd00e240e14f4b85b96a,cb94a1861b00649eb0a7829154922ce5351407adcb7efa36b7f8d7aaf0b75578,ed37ddf1607a13084d9d4abcb81153324c0ad6022561dd00e240e14f4b85b96a,cb94a1861b00649eb0a7829154922ce5351407adcb7efa36b7f8d7aaf0b75578,ed37ddf1607a13084d9d4abcb81153324c0ad6022561dd00e240e14f4b85b96a,True,True,clean,phase8b-leakage-boundary-v1
B,sensitivity,2,2,7,2,cb94a1861b00649eb0a7829154922ce5351407adcb7efa36b7f8d7aaf0b75578,ed37ddf1607a13084d9d4abcb81153324c0ad6022561dd00e240e14f4b85b96a,cb94a1861b00649eb0a7829154922ce5351407adcb7efa36b7f8d7aaf0b75578,ed37ddf1607a13084d9d4abcb81153324c0ad6022561dd00e240e14f4b85b96a,cb94a1861b00649eb0a7829154922ce5351407adcb7efa36b7f8d7aaf0b75578,ed37ddf1607a13084d9d4abcb81153324c0ad6022561dd00e240e14f4b85b96a,True,True,clean,phase8b-leakage-boundary-v1
B,sensitivity,2,3,1,1,3e56e119afbb8aabbd44551af3351ee6a55c0b96c7d9e6aac153faecff6a9110,dd38a6dc0c729eb26b133f73a06b99d12c5088e5248da46847456f733bcb326f,3e56e119afbb8aabbd44551af3351ee6a55c0b96c7d9e6aac153faecff6a9110,dd38a6dc0c729eb26b133f73a06b99d12c5088e5248da46847456f733bcb326f,3e56e119afbb8aabbd44551af3351ee6a55c0b96c7d9e6aac153faecff6a9110,dd38a6dc0c729eb26b133f73a06b99d12c5088e5248da46847456f733bcb326f,True,True,clean,phase8b-leakage-boundary-v1
B,sensitivity,2,3,1,2,3e56e119afbb8aabbd44551af3351ee6a55c0b96c7d9e6aac153faecff6a9110,dd38a6dc0c729eb26b133f73a06b99d12c5088e5248da46847456f733bcb326f,3e56e119afbb8aabbd44551af3351ee6a55c0b96c7d9e6aac153faecff6a9110,dd38a6dc0c729eb26b133f73a06b99d12c5088e5248da46847456f733bcb326f,3e56e119afbb8aabbd44551af3351ee6a55c0b96c7d9e6aac153faecff6a9110,dd38a6dc0c729eb26b133f73a06b99d12c5088e5248da46847456f733bcb326f,True,True,clean,phase8b-leakage-boundary-v1
B,sensitivity,2,3,2,1,3e56e119afbb8aabbd44551af3351ee6a55c0b96c7d9e6aac153faecff6a9110,dd38a6dc0c729eb26b133f73a06b99d12c5088e5248da46847456f733bcb326f,3e56e119afbb8aabbd44551af3351ee6a55c0b96c7d9e6aac153faecff6a9110,dd38a6dc0c729eb26b133f73a06b99d12c5088e5248da46847456f733bcb326f,3e56e119afbb8aabbd44551af3351ee6a55c0b96c7d9e6aac153faecff6a9110,dd38a6dc0c729eb26b133f73a06b99d12c5088e5248da46847456f733bcb326f,True,True,clean,phase8b-leakage-boundary-v1
B,sensitivity,2,3,2,2,3e56e119afbb8aabbd44551af3351ee6a55c0b96c7d9e6aac153faecff6a9110,dd38a6dc0c729eb26b133f73a06b99d12c5088e5248da46847456f733bcb326f,3e56e119afbb8aabbd44551af3351ee6a55c0b96c7d9e6aac153faecff6a9110,dd38a6dc0c729eb26b133f73a06b99d12c5088e5248da46847456f733bcb326f,3e56e119afbb8aabbd44551af3351ee6a55c0b96c7d9e6aac153faecff6a9110,dd38a6dc0c729eb26b133f73a06b99d12c5088e5248da46847456f733bcb326f,True,True,clean,phase8b-leakage-boundary-v1
B,sensitivity,2,3,3,1,3e56e119afbb8aabbd44551af3351ee6a55c0b96c7d9e6aac153faecff6a9110,dd38a6dc0c729eb26b133f73a06b99d12c5088e5248da46847456f733bcb326f,3e56e119afbb8aabbd44551af3351ee6a55c0b96c7d9e6aac153faecff6a9110,dd38a6dc0c729eb26b133f73a06b99d12c5088e5248da46847456f733bcb326f,3e56e119afbb8aabbd44551af3351ee6a55c0b96c7d9e6aac153faecff6a9110,dd38a6dc0c729eb26b133f73a06b99d12c5088e5248da46847456f733bcb326f,True,True,clean,phase8b-leakage-boundary-v1
B,sensitivity,2,3,3,2,3e56e119afbb8aabbd44551af3351ee6a55c0b96c7d9e6aac153faecff6a9110,dd38a6dc0c729eb26b133f73a06b99d12c5088e5248da46847456f733bcb326f,3e56e119afbb8aabbd44551af3351ee6a55c0b96c7d9e6aac153faecff6a9110,dd38a6dc0c729eb26b133f73a06b99d12c5088e5248da46847456f733bcb326f,3e56e119afbb8aabbd44551af3351ee6a55c0b96c7d9e6aac153faecff6a9110,dd38a6dc0c729eb26b133f73a06b99d12c5088e5248da46847456f733bcb326f,True,True,clean,phase8b-leakage-boundary-v1
B,sensitivity,2,3,4,1,3e56e119afbb8aabbd44551af3351ee6a55c0b96c7d9e6aac153faecff6a9110,dd38a6dc0c729eb26b133f73a06b99d12c5088e5248da46847456f733bcb326f,3e56e119afbb8aabbd44551af3351ee6a55c0b96c7d9e6aac153faecff6a9110,dd38a6dc0c729eb26b133f73a06b99d12c5088e5248da46847456f733bcb326f,3e56e119afbb8aabbd44551af3351ee6a55c0b96c7d9e6aac153faecff6a9110,dd38a6dc0c729eb26b133f73a06b99d12c5088e5248da46847456f733bcb326f,True,True,clean,phase8b-leakage-boundary-v1
B,sensitivity,2,3,4,2,3e56e119afbb8aabbd44551af3351ee6a55c0b96c7d9e6aac153faecff6a9110,dd38a6dc0c729eb26b133f73a06b99d12c5088e5248da46847456f733bcb326f,3e56e119afbb8aabbd44551af3351ee6a55c0b96c7d9e6aac153faecff6a9110,dd38a6dc0c729eb26b133f73a06b99d12c5088e5248da46847456f733bcb326f,3e56e119afbb8aabbd44551af3351ee6a55c0b96c7d9e6aac153faecff6a9110,dd38a6dc0c729eb26b133f73a06b99d12c5088e5248da46847456f733bcb326f,True,True,clean,phase8b-leakage-boundary-v1
B,sensitivity,2,3,5,1,3e56e119afbb8aabbd44551af3351ee6a55c0b96c7d9e6aac153faecff6a9110,dd38a6dc0c729eb26b133f73a06b99d12c5088e5248da46847456f733bcb326f,3e56e119afbb8aabbd44551af3351ee6a55c0b96c7d9e6aac153faecff6a9110,dd38a6dc0c729eb26b133f73a06b99d12c5088e5248da46847456f733bcb326f,3e56e119afbb8aabbd44551af3351ee6a55c0b96c7d9e6aac153faecff6a9110,dd38a6dc0c729eb26b133f73a06b99d12c5088e5248da46847456f733bcb326f,True,True,clean,phase8b-leakage-boundary-v1
B,sensitivity,2,3,5,2,3e56e119afbb8aabbd44551af3351ee6a55c0b96c7d9e6aac153faecff6a9110,dd38a6dc0c729eb26b133f73a06b99d12c5088e5248da46847456f733bcb326f,3e56e119afbb8aabbd44551af3351ee6a55c0b96c7d9e6aac153faecff6a9110,dd38a6dc0c729eb26b133f73a06b99d12c5088e5248da46847456f733bcb326f,3e56e119afbb8aabbd44551af3351ee6a55c0b96c7d9e6aac153faecff6a9110,dd38a6dc0c729eb26b133f73a06b99d12c5088e5248da46847456f733bcb326f,True,True,clean,phase8b-leakage-boundary-v1
B,sensitivity,2,3,6,1,3e56e119afbb8aabbd44551af3351ee6a55c0b96c7d9e6aac153faecff6a9110,dd38a6dc0c729eb26b133f73a06b99d12c5088e5248da46847456f733bcb326f,3e56e119afbb8aabbd44551af3351ee6a55c0b96c7d9e6aac153faecff6a9110,dd38a6dc0c729eb26b133f73a06b99d12c5088e5248da46847456f733bcb326f,3e56e119afbb8aabbd44551af3351ee6a55c0b96c7d9e6aac153faecff6a9110,dd38a6dc0c729eb26b133f73a06b99d12c5088e5248da46847456f733bcb326f,True,True,clean,phase8b-leakage-boundary-v1
B,sensitivity,2,3,6,2,3e56e119afbb8aabbd44551af3351ee6a55c0b96c7d9e6aac153faecff6a9110,dd38a6dc0c729eb26b133f73a06b99d12c5088e5248da46847456f733bcb326f,3e56e119afbb8aabbd44551af3351ee6a55c0b96c7d9e6aac153faecff6a9110,dd38a6dc0c729eb26b133f73a06b99d12c5088e5248da46847456f733bcb326f,3e56e119afbb8aabbd44551af3351ee6a55c0b96c7d9e6aac153faecff6a9110,dd38a6dc0c729eb26b133f73a06b99d12c5088e5248da46847456f733bcb326f,True,True,clean,phase8b-leakage-boundary-v1
B,sensitivity,2,3,7,1,3e56e119afbb8aabbd44551af3351ee6a55c0b96c7d9e6aac153faecff6a9110,dd38a6dc0c729eb26b133f73a06b99d12c5088e5248da46847456f733bcb326f,3e56e119afbb8aabbd44551af3351ee6a55c0b96c7d9e6aac153faecff6a9110,dd38a6dc0c729eb26b133f73a06b99d12c5088e5248da46847456f733bcb326f,3e56e119afbb8aabbd44551af3351ee6a55c0b96c7d9e6aac153faecff6a9110,dd38a6dc0c729eb26b133f73a06b99d12c5088e5248da46847456f733bcb326f,True,True,clean,phase8b-leakage-boundary-v1
B,sensitivity,2,3,7,2,3e56e119afbb8aabbd44551af3351ee6a55c0b96c7d9e6aac153faecff6a9110,dd38a6dc0c729eb26b133f73a06b99d12c5088e5248da46847456f733bcb326f,3e56e119afbb8aabbd44551af3351ee6a55c0b96c7d9e6aac153faecff6a9110,dd38a6dc0c729eb26b133f73a06b99d12c5088e5248da46847456f733bcb326f,3e56e119afbb8aabbd44551af3351ee6a55c0b96c7d9e6aac153faecff6a9110,dd38a6dc0c729eb26b133f73a06b99d12c5088e5248da46847456f733bcb326f,True,True,clean,phase8b-leakage-boundary-v1
B,sensitivity,4,1,1,1,387bda3b61226f2e22e1ca9065e35213fccc999c0b4abfa89dcce5562c2093ce,2ed450a0e79277ccd6dda97bafa504854a564af0cb41a3cd02c7b0332341dbd5,387bda3b61226f2e22e1ca9065e35213fccc999c0b4abfa89dcce5562c2093ce,2ed450a0e79277ccd6dda97bafa504854a564af0cb41a3cd02c7b0332341dbd5,387bda3b61226f2e22e1ca9065e35213fccc999c0b4abfa89dcce5562c2093ce,2ed450a0e79277ccd6dda97bafa504854a564af0cb41a3cd02c7b0332341dbd5,True,True,clean,phase8b-leakage-boundary-v1
B,sensitivity,4,1,1,2,387bda3b61226f2e22e1ca9065e35213fccc999c0b4abfa89dcce5562c2093ce,2ed450a0e79277ccd6dda97bafa504854a564af0cb41a3cd02c7b0332341dbd5,387bda3b61226f2e22e1ca9065e35213fccc999c0b4abfa89dcce5562c2093ce,2ed450a0e79277ccd6dda97bafa504854a564af0cb41a3cd02c7b0332341dbd5,387bda3b61226f2e22e1ca9065e35213fccc999c0b4abfa89dcce5562c2093ce,2ed450a0e79277ccd6dda97bafa504854a564af0cb41a3cd02c7b0332341dbd5,True,True,clean,phase8b-leakage-boundary-v1
B,sensitivity,4,1,2,1,387bda3b61226f2e22e1ca9065e35213fccc999c0b4abfa89dcce5562c2093ce,2ed450a0e79277ccd6dda97bafa504854a564af0cb41a3cd02c7b0332341dbd5,387bda3b61226f2e22e1ca9065e35213fccc999c0b4abfa89dcce5562c2093ce,2ed450a0e79277ccd6dda97bafa504854a564af0cb41a3cd02c7b0332341dbd5,387bda3b61226f2e22e1ca9065e35213fccc999c0b4abfa89dcce5562c2093ce,2ed450a0e79277ccd6dda97bafa504854a564af0cb41a3cd02c7b0332341dbd5,True,True,clean,phase8b-leakage-boundary-v1
B,sensitivity,4,1,2,2,387bda3b61226f2e22e1ca9065e35213fccc999c0b4abfa89dcce5562c2093ce,2ed450a0e79277ccd6dda97bafa504854a564af0cb41a3cd02c7b0332341dbd5,387bda3b61226f2e22e1ca9065e35213fccc999c0b4abfa89dcce5562c2093ce,2ed450a0e79277ccd6dda97bafa504854a564af0cb41a3cd02c7b0332341dbd5,387bda3b61226f2e22e1ca9065e35213fccc999c0b4abfa89dcce5562c2093ce,2ed450a0e79277ccd6dda97bafa504854a564af0cb41a3cd02c7b0332341dbd5,True,True,clean,phase8b-leakage-boundary-v1
B,sensitivity,4,1,3,1,387bda3b61226f2e22e1ca9065e35213fccc999c0b4abfa89dcce5562c2093ce,2ed450a0e79277ccd6dda97bafa504854a564af0cb41a3cd02c7b0332341dbd5,387bda3b61226f2e22e1ca9065e35213fccc999c0b4abfa89dcce5562c2093ce,2ed450a0e79277ccd6dda97bafa504854a564af0cb41a3cd02c7b0332341dbd5,387bda3b61226f2e22e1ca9065e35213fccc999c0b4abfa89dcce5562c2093ce,2ed450a0e79277ccd6dda97bafa504854a564af0cb41a3cd02c7b0332341dbd5,True,True,clean,phase8b-leakage-boundary-v1
B,sensitivity,4,1,3,2,387bda3b61226f2e22e1ca9065e35213fccc999c0b4abfa89dcce5562c2093ce,2ed450a0e79277ccd6dda97bafa504854a564af0cb41a3cd02c7b0332341dbd5,387bda3b61226f2e22e1ca9065e35213fccc999c0b4abfa89dcce5562c2093ce,2ed450a0e79277ccd6dda97bafa504854a564af0cb41a3cd02c7b0332341dbd5,387bda3b61226f2e22e1ca9065e35213fccc999c0b4abfa89dcce5562c2093ce,2ed450a0e79277ccd6dda97bafa504854a564af0cb41a3cd02c7b0332341dbd5,True,True,clean,phase8b-leakage-boundary-v1
B,sensitivity,4,1,4,1,387bda3b61226f2e22e1ca9065e35213fccc999c0b4abfa89dcce5562c2093ce,2ed450a0e79277ccd6dda97bafa504854a564af0cb41a3cd02c7b0332341dbd5,387bda3b61226f2e22e1ca9065e35213fccc999c0b4abfa89dcce5562c2093ce,2ed450a0e79277ccd6dda97bafa504854a564af0cb41a3cd02c7b0332341dbd5,387bda3b61226f2e22e1ca9065e35213fccc999c0b4abfa89dcce5562c2093ce,2ed450a0e79277ccd6dda97bafa504854a564af0cb41a3cd02c7b0332341dbd5,True,True,clean,phase8b-leakage-boundary-v1
B,sensitivity,4,1,4,2,387bda3b61226f2e22e1ca9065e35213fccc999c0b4abfa89dcce5562c2093ce,2ed450a0e79277ccd6dda97bafa504854a564af0cb41a3cd02c7b0332341dbd5,387bda3b61226f2e22e1ca9065e35213fccc999c0b4abfa89dcce5562c2093ce,2ed450a0e79277ccd6dda97bafa504854a564af0cb41a3cd02c7b0332341dbd5,387bda3b61226f2e22e1ca9065e35213fccc999c0b4abfa89dcce5562c2093ce,2ed450a0e79277ccd6dda97bafa504854a564af0cb41a3cd02c7b0332341dbd5,True,True,clean,phase8b-leakage-boundary-v1
B,sensitivity,4,1,5,1,387bda3b61226f2e22e1ca9065e35213fccc999c0b4abfa89dcce5562c2093ce,2ed450a0e79277ccd6dda97bafa504854a564af0cb41a3cd02c7b0332341dbd5,387bda3b61226f2e22e1ca9065e35213fccc999c0b4abfa89dcce5562c2093ce,2ed450a0e79277ccd6dda97bafa504854a564af0cb41a3cd02c7b0332341dbd5,387bda3b61226f2e22e1ca9065e35213fccc999c0b4abfa89dcce5562c2093ce,2ed450a0e79277ccd6dda97bafa504854a564af0cb41a3cd02c7b0332341dbd5,True,True,clean,phase8b-leakage-boundary-v1
B,sensitivity,4,1,5,2,387bda3b61226f2e22e1ca9065e35213fccc999c0b4abfa89dcce5562c2093ce,2ed450a0e79277ccd6dda97bafa504854a564af0cb41a3cd02c7b0332341dbd5,387bda3b61226f2e22e1ca9065e35213fccc999c0b4abfa89dcce5562c2093ce,2ed450a0e79277ccd6dda97bafa504854a564af0cb41a3cd02c7b0332341dbd5,387bda3b61226f2e22e1ca9065e35213fccc999c0b4abfa89dcce5562c2093ce,2ed450a0e79277ccd6dda97bafa504854a564af0cb41a3cd02c7b0332341dbd5,True,True,clean,phase8b-leakage-boundary-v1
B,sensitivity,4,1,6,1,387bda3b61226f2e22e1ca9065e35213fccc999c0b4abfa89dcce5562c2093ce,2ed450a0e79277ccd6dda97bafa504854a564af0cb41a3cd02c7b0332341dbd5,387bda3b61226f2e22e1ca9065e35213fccc999c0b4abfa89dcce5562c2093ce,2ed450a0e79277ccd6dda97bafa504854a564af0cb41a3cd02c7b0332341dbd5,387bda3b61226f2e22e1ca9065e35213fccc999c0b4abfa89dcce5562c2093ce,2ed450a0e79277ccd6dda97bafa504854a564af0cb41a3cd02c7b0332341dbd5,True,True,clean,phase8b-leakage-boundary-v1
B,sensitivity,4,1,6,2,387bda3b61226f2e22e1ca9065e35213fccc999c0b4abfa89dcce5562c2093ce,2ed450a0e79277ccd6dda97bafa504854a564af0cb41a3cd02c7b0332341dbd5,387bda3b61226f2e22e1ca9065e35213fccc999c0b4abfa89dcce5562c2093ce,2ed450a0e79277ccd6dda97bafa504854a564af0cb41a3cd02c7b0332341dbd5,387bda3b61226f2e22e1ca9065e35213fccc999c0b4abfa89dcce5562c2093ce,2ed450a0e79277ccd6dda97bafa504854a564af0cb41a3cd02c7b0332341dbd5,True,True,clean,phase8b-leakage-boundary-v1
B,sensitivity,4,1,7,1,387bda3b61226f2e22e1ca9065e35213fccc999c0b4abfa89dcce5562c2093ce,2ed450a0e79277ccd6dda97bafa504854a564af0cb41a3cd02c7b0332341dbd5,387bda3b61226f2e22e1ca9065e35213fccc999c0b4abfa89dcce5562c2093ce,2ed450a0e79277ccd6dda97bafa504854a564af0cb41a3cd02c7b0332341dbd5,387bda3b61226f2e22e1ca9065e35213fccc999c0b4abfa89dcce5562c2093ce,2ed450a0e79277ccd6dda97bafa504854a564af0cb41a3cd02c7b0332341dbd5,True,True,clean,phase8b-leakage-boundary-v1
B,sensitivity,4,1,7,2,387bda3b61226f2e22e1ca9065e35213fccc999c0b4abfa89dcce5562c2093ce,2ed450a0e79277ccd6dda97bafa504854a564af0cb41a3cd02c7b0332341dbd5,387bda3b61226f2e22e1ca9065e35213fccc999c0b4abfa89dcce5562c2093ce,2ed450a0e79277ccd6dda97bafa504854a564af0cb41a3cd02c7b0332341dbd5,387bda3b61226f2e22e1ca9065e35213fccc999c0b4abfa89dcce5562c2093ce,2ed450a0e79277ccd6dda97bafa504854a564af0cb41a3cd02c7b0332341dbd5,True,True,clean,phase8b-leakage-boundary-v1
B,sensitivity,4,2,1,1,cb94a1861b00649eb0a7829154922ce5351407adcb7efa36b7f8d7aaf0b75578,ed37ddf1607a13084d9d4abcb81153324c0ad6022561dd00e240e14f4b85b96a,cb94a1861b00649eb0a7829154922ce5351407adcb7efa36b7f8d7aaf0b75578,ed37ddf1607a13084d9d4abcb81153324c0ad6022561dd00e240e14f4b85b96a,cb94a1861b00649eb0a7829154922ce5351407adcb7efa36b7f8d7aaf0b75578,ed37ddf1607a13084d9d4abcb81153324c0ad6022561dd00e240e14f4b85b96a,True,True,clean,phase8b-leakage-boundary-v1
B,sensitivity,4,2,1,2,cb94a1861b00649eb0a7829154922ce5351407adcb7efa36b7f8d7aaf0b75578,ed37ddf1607a13084d9d4abcb81153324c0ad6022561dd00e240e14f4b85b96a,cb94a1861b00649eb0a7829154922ce5351407adcb7efa36b7f8d7aaf0b75578,ed37ddf1607a13084d9d4abcb81153324c0ad6022561dd00e240e14f4b85b96a,cb94a1861b00649eb0a7829154922ce5351407adcb7efa36b7f8d7aaf0b75578,ed37ddf1607a13084d9d4abcb81153324c0ad6022561dd00e240e14f4b85b96a,True,True,clean,phase8b-leakage-boundary-v1
B,sensitivity,4,2,2,1,cb94a1861b00649eb0a7829154922ce5351407adcb7efa36b7f8d7aaf0b75578,ed37ddf1607a13084d9d4abcb81153324c0ad6022561dd00e240e14f4b85b96a,cb94a1861b00649eb0a7829154922ce5351407adcb7efa36b7f8d7aaf0b75578,ed37ddf1607a13084d9d4abcb81153324c0ad6022561dd00e240e14f4b85b96a,cb94a1861b00649eb0a7829154922ce5351407adcb7efa36b7f8d7aaf0b75578,ed37ddf1607a13084d9d4abcb81153324c0ad6022561dd00e240e14f4b85b96a,True,True,clean,phase8b-leakage-boundary-v1
B,sensitivity,4,2,2,2,cb94a1861b00649eb0a7829154922ce5351407adcb7efa36b7f8d7aaf0b75578,ed37ddf1607a13084d9d4abcb81153324c0ad6022561dd00e240e14f4b85b96a,cb94a1861b00649eb0a7829154922ce5351407adcb7efa36b7f8d7aaf0b75578,ed37ddf1607a13084d9d4abcb81153324c0ad6022561dd00e240e14f4b85b96a,cb94a1861b00649eb0a7829154922ce5351407adcb7efa36b7f8d7aaf0b75578,ed37ddf1607a13084d9d4abcb81153324c0ad6022561dd00e240e14f4b85b96a,True,True,clean,phase8b-leakage-boundary-v1
B,sensitivity,4,2,3,1,cb94a1861b00649eb0a7829154922ce5351407adcb7efa36b7f8d7aaf0b75578,ed37ddf1607a13084d9d4abcb81153324c0ad6022561dd00e240e14f4b85b96a,cb94a1861b00649eb0a7829154922ce5351407adcb7efa36b7f8d7aaf0b75578,ed37ddf1607a13084d9d4abcb81153324c0ad6022561dd00e240e14f4b85b96a,cb94a1861b00649eb0a7829154922ce5351407adcb7efa36b7f8d7aaf0b75578,ed37ddf1607a13084d9d4abcb81153324c0ad6022561dd00e240e14f4b85b96a,True,True,clean,phase8b-leakage-boundary-v1
B,sensitivity,4,2,3,2,cb94a1861b00649eb0a7829154922ce5351407adcb7efa36b7f8d7aaf0b75578,ed37ddf1607a13084d9d4abcb81153324c0ad6022561dd00e240e14f4b85b96a,cb94a1861b00649eb0a7829154922ce5351407adcb7efa36b7f8d7aaf0b75578,ed37ddf1607a13084d9d4abcb81153324c0ad6022561dd00e240e14f4b85b96a,cb94a1861b00649eb0a7829154922ce5351407adcb7efa36b7f8d7aaf0b75578,ed37ddf1607a13084d9d4abcb81153324c0ad6022561dd00e240e14f4b85b96a,True,True,clean,phase8b-leakage-boundary-v1
B,sensitivity,4,2,4,1,cb94a1861b00649eb0a7829154922ce5351407adcb7efa36b7f8d7aaf0b75578,ed37ddf1607a13084d9d4abcb81153324c0ad6022561dd00e240e14f4b85b96a,cb94a1861b00649eb0a7829154922ce5351407adcb7efa36b7f8d7aaf0b75578,ed37ddf1607a13084d9d4abcb81153324c0ad6022561dd00e240e14f4b85b96a,cb94a1861b00649eb0a7829154922ce5351407adcb7efa36b7f8d7aaf0b75578,ed37ddf1607a13084d9d4abcb81153324c0ad6022561dd00e240e14f4b85b96a,True,True,clean,phase8b-leakage-boundary-v1
B,sensitivity,4,2,4,2,cb94a1861b00649eb0a7829154922ce5351407adcb7efa36b7f8d7aaf0b75578,ed37ddf1607a13084d9d4abcb81153324c0ad6022561dd00e240e14f4b85b96a,cb94a1861b00649eb0a7829154922ce5351407adcb7efa36b7f8d7aaf0b75578,ed37ddf1607a13084d9d4abcb81153324c0ad6022561dd00e240e14f4b85b96a,cb94a1861b00649eb0a7829154922ce5351407adcb7efa36b7f8d7aaf0b75578,ed37ddf1607a13084d9d4abcb81153324c0ad6022561dd00e240e14f4b85b96a,True,True,clean,phase8b-leakage-boundary-v1
B,sensitivity,4,2,5,1,cb94a1861b00649eb0a7829154922ce5351407adcb7efa36b7f8d7aaf0b75578,ed37ddf1607a13084d9d4abcb81153324c0ad6022561dd00e240e14f4b85b96a,cb94a1861b00649eb0a7829154922ce5351407adcb7efa36b7f8d7aaf0b75578,ed37ddf1607a13084d9d4abcb81153324c0ad6022561dd00e240e14f4b85b96a,cb94a1861b00649eb0a7829154922ce5351407adcb7efa36b7f8d7aaf0b75578,ed37ddf1607a13084d9d4abcb81153324c0ad6022561dd00e240e14f4b85b96a,True,True,clean,phase8b-leakage-boundary-v1
B,sensitivity,4,2,5,2,cb94a1861b00649eb0a7829154922ce5351407adcb7efa36b7f8d7aaf0b75578,ed37ddf1607a13084d9d4abcb81153324c0ad6022561dd00e240e14f4b85b96a,cb94a1861b00649eb0a7829154922ce5351407adcb7efa36b7f8d7aaf0b75578,ed37ddf1607a13084d9d4abcb81153324c0ad6022561dd00e240e14f4b85b96a,cb94a1861b00649eb0a7829154922ce5351407adcb7efa36b7f8d7aaf0b75578,ed37ddf1607a13084d9d4abcb81153324c0ad6022561dd00e240e14f4b85b96a,True,True,clean,phase8b-leakage-boundary-v1
B,sensitivity,4,2,6,1,cb94a1861b00649eb0a7829154922ce5351407adcb7efa36b7f8d7aaf0b75578,ed37ddf1607a13084d9d4abcb81153324c0ad6022561dd00e240e14f4b85b96a,cb94a1861b00649eb0a7829154922ce5351407adcb7efa36b7f8d7aaf0b75578,ed37ddf1607a13084d9d4abcb81153324c0ad6022561dd00e240e14f4b85b96a,cb94a1861b00649eb0a7829154922ce5351407adcb7efa36b7f8d7aaf0b75578,ed37ddf1607a13084d9d4abcb81153324c0ad6022561dd00e240e14f4b85b96a,True,True,clean,phase8b-leakage-boundary-v1
B,sensitivity,4,2,6,2,cb94a1861b00649eb0a7829154922ce5351407adcb7efa36b7f8d7aaf0b75578,ed37ddf1607a13084d9d4abcb81153324c0ad6022561dd00e240e14f4b85b96a,cb94a1861b00649eb0a7829154922ce5351407adcb7efa36b7f8d7aaf0b75578,ed37ddf1607a13084d9d4abcb81153324c0ad6022561dd00e240e14f4b85b96a,cb94a1861b00649eb0a7829154922ce5351407adcb7efa36b7f8d7aaf0b75578,ed37ddf1607a13084d9d4abcb81153324c0ad6022561dd00e240e14f4b85b96a,True,True,clean,phase8b-leakage-boundary-v1
B,sensitivity,4,2,7,1,cb94a1861b00649eb0a7829154922ce5351407adcb7efa36b7f8d7aaf0b75578,ed37ddf1607a13084d9d4abcb81153324c0ad6022561dd00e240e14f4b85b96a,cb94a1861b00649eb0a7829154922ce5351407adcb7efa36b7f8d7aaf0b75578,ed37ddf1607a13084d9d4abcb81153324c0ad6022561dd00e240e14f4b85b96a,cb94a1861b00649eb0a7829154922ce5351407adcb7efa36b7f8d7aaf0b75578,ed37ddf1607a13084d9d4abcb81153324c0ad6022561dd00e240e14f4b85b96a,True,True,clean,phase8b-leakage-boundary-v1
B,sensitivity,4,2,7,2,cb94a1861b00649eb0a7829154922ce5351407adcb7efa36b7f8d7aaf0b75578,ed37ddf1607a13084d9d4abcb81153324c0ad6022561dd00e240e14f4b85b96a,cb94a1861b00649eb0a7829154922ce5351407adcb7efa36b7f8d7aaf0b75578,ed37ddf1607a13084d9d4abcb81153324c0ad6022561dd00e240e14f4b85b96a,cb94a1861b00649eb0a7829154922ce5351407adcb7efa36b7f8d7aaf0b75578,ed37ddf1607a13084d9d4abcb81153324c0ad6022561dd00e240e14f4b85b96a,True,True,clean,phase8b-leakage-boundary-v1
B,sensitivity,4,3,1,1,3e56e119afbb8aabbd44551af3351ee6a55c0b96c7d9e6aac153faecff6a9110,dd38a6dc0c729eb26b133f73a06b99d12c5088e5248da46847456f733bcb326f,3e56e119afbb8aabbd44551af3351ee6a55c0b96c7d9e6aac153faecff6a9110,dd38a6dc0c729eb26b133f73a06b99d12c5088e5248da46847456f733bcb326f,3e56e119afbb8aabbd44551af3351ee6a55c0b96c7d9e6aac153faecff6a9110,dd38a6dc0c729eb26b133f73a06b99d12c5088e5248da46847456f733bcb326f,True,True,clean,phase8b-leakage-boundary-v1
B,sensitivity,4,3,1,2,3e56e119afbb8aabbd44551af3351ee6a55c0b96c7d9e6aac153faecff6a9110,dd38a6dc0c729eb26b133f73a06b99d12c5088e5248da46847456f733bcb326f,3e56e119afbb8aabbd44551af3351ee6a55c0b96c7d9e6aac153faecff6a9110,dd38a6dc0c729eb26b133f73a06b99d12c5088e5248da46847456f733bcb326f,3e56e119afbb8aabbd44551af3351ee6a55c0b96c7d9e6aac153faecff6a9110,dd38a6dc0c729eb26b133f73a06b99d12c5088e5248da46847456f733bcb326f,True,True,clean,phase8b-leakage-boundary-v1
B,sensitivity,4,3,2,1,3e56e119afbb8aabbd44551af3351ee6a55c0b96c7d9e6aac153faecff6a9110,dd38a6dc0c729eb26b133f73a06b99d12c5088e5248da46847456f733bcb326f,3e56e119afbb8aabbd44551af3351ee6a55c0b96c7d9e6aac153faecff6a9110,dd38a6dc0c729eb26b133f73a06b99d12c5088e5248da46847456f733bcb326f,3e56e119afbb8aabbd44551af3351ee6a55c0b96c7d9e6aac153faecff6a9110,dd38a6dc0c729eb26b133f73a06b99d12c5088e5248da46847456f733bcb326f,True,True,clean,phase8b-leakage-boundary-v1
B,sensitivity,4,3,2,2,3e56e119afbb8aabbd44551af3351ee6a55c0b96c7d9e6aac153faecff6a9110,dd38a6dc0c729eb26b133f73a06b99d12c5088e5248da46847456f733bcb326f,3e56e119afbb8aabbd44551af3351ee6a55c0b96c7d9e6aac153faecff6a9110,dd38a6dc0c729eb26b133f73a06b99d12c5088e5248da46847456f733bcb326f,3e56e119afbb8aabbd44551af3351ee6a55c0b96c7d9e6aac153faecff6a9110,dd38a6dc0c729eb26b133f73a06b99d12c5088e5248da46847456f733bcb326f,True,True,clean,phase8b-leakage-boundary-v1
B,sensitivity,4,3,3,1,3e56e119afbb8aabbd44551af3351ee6a55c0b96c7d9e6aac153faecff6a9110,dd38a6dc0c729eb26b133f73a06b99d12c5088e5248da46847456f733bcb326f,3e56e119afbb8aabbd44551af3351ee6a55c0b96c7d9e6aac153faecff6a9110,dd38a6dc0c729eb26b133f73a06b99d12c5088e5248da46847456f733bcb326f,3e56e119afbb8aabbd44551af3351ee6a55c0b96c7d9e6aac153faecff6a9110,dd38a6dc0c729eb26b133f73a06b99d12c5088e5248da46847456f733bcb326f,True,True,clean,phase8b-leakage-boundary-v1
B,sensitivity,4,3,3,2,3e56e119afbb8aabbd44551af3351ee6a55c0b96c7d9e6aac153faecff6a9110,dd38a6dc0c729eb26b133f73a06b99d12c5088e5248da46847456f733bcb326f,3e56e119afbb8aabbd44551af3351ee6a55c0b96c7d9e6aac153faecff6a9110,dd38a6dc0c729eb26b133f73a06b99d12c5088e5248da46847456f733bcb326f,3e56e119afbb8aabbd44551af3351ee6a55c0b96c7d9e6aac153faecff6a9110,dd38a6dc0c729eb26b133f73a06b99d12c5088e5248da46847456f733bcb326f,True,True,clean,phase8b-leakage-boundary-v1
B,sensitivity,4,3,4,1,3e56e119afbb8aabbd44551af3351ee6a55c0b96c7d9e6aac153faecff6a9110,dd38a6dc0c729eb26b133f73a06b99d12c5088e5248da46847456f733bcb326f,3e56e119afbb8aabbd44551af3351ee6a55c0b96c7d9e6aac153faecff6a9110,dd38a6dc0c729eb26b133f73a06b99d12c5088e5248da46847456f733bcb326f,3e56e119afbb8aabbd44551af3351ee6a55c0b96c7d9e6aac153faecff6a9110,dd38a6dc0c729eb26b133f73a06b99d12c5088e5248da46847456f733bcb326f,True,True,clean,phase8b-leakage-boundary-v1
B,sensitivity,4,3,4,2,3e56e119afbb8aabbd44551af3351ee6a55c0b96c7d9e6aac153faecff6a9110,dd38a6dc0c729eb26b133f73a06b99d12c5088e5248da46847456f733bcb326f,3e56e119afbb8aabbd44551af3351ee6a55c0b96c7d9e6aac153faecff6a9110,dd38a6dc0c729eb26b133f73a06b99d12c5088e5248da46847456f733bcb326f,3e56e119afbb8aabbd44551af3351ee6a55c0b96c7d9e6aac153faecff6a9110,dd38a6dc0c729eb26b133f73a06b99d12c5088e5248da46847456f733bcb326f,True,True,clean,phase8b-leakage-boundary-v1
B,sensitivity,4,3,5,1,3e56e119afbb8aabbd44551af3351ee6a55c0b96c7d9e6aac153faecff6a9110,dd38a6dc0c729eb26b133f73a06b99d12c5088e5248da46847456f733bcb326f,3e56e119afbb8aabbd44551af3351ee6a55c0b96c7d9e6aac153faecff6a9110,dd38a6dc0c729eb26b133f73a06b99d12c5088e5248da46847456f733bcb326f,3e56e119afbb8aabbd44551af3351ee6a55c0b96c7d9e6aac153faecff6a9110,dd38a6dc0c729eb26b133f73a06b99d12c5088e5248da46847456f733bcb326f,True,True,clean,phase8b-leakage-boundary-v1
B,sensitivity,4,3,5,2,3e56e119afbb8aabbd44551af3351ee6a55c0b96c7d9e6aac153faecff6a9110,dd38a6dc0c729eb26b133f73a06b99d12c5088e5248da46847456f733bcb326f,3e56e119afbb8aabbd44551af3351ee6a55c0b96c7d9e6aac153faecff6a9110,dd38a6dc0c729eb26b133f73a06b99d12c5088e5248da46847456f733bcb326f,3e56e119afbb8aabbd44551af3351ee6a55c0b96c7d9e6aac153faecff6a9110,dd38a6dc0c729eb26b133f73a06b99d12c5088e5248da46847456f733bcb326f,True,True,clean,phase8b-leakage-boundary-v1
B,sensitivity,4,3,6,1,3e56e119afbb8aabbd44551af3351ee6a55c0b96c7d9e6aac153faecff6a9110,dd38a6dc0c729eb26b133f73a06b99d12c5088e5248da46847456f733bcb326f,3e56e119afbb8aabbd44551af3351ee6a55c0b96c7d9e6aac153faecff6a9110,dd38a6dc0c729eb26b133f73a06b99d12c5088e5248da46847456f733bcb326f,3e56e119afbb8aabbd44551af3351ee6a55c0b96c7d9e6aac153faecff6a9110,dd38a6dc0c729eb26b133f73a06b99d12c5088e5248da46847456f733bcb326f,True,True,clean,phase8b-leakage-boundary-v1
B,sensitivity,4,3,6,2,3e56e119afbb8aabbd44551af3351ee6a55c0b96c7d9e6aac153faecff6a9110,dd38a6dc0c729eb26b133f73a06b99d12c5088e5248da46847456f733bcb326f,3e56e119afbb8aabbd44551af3351ee6a55c0b96c7d9e6aac153faecff6a9110,dd38a6dc0c729eb26b133f73a06b99d12c5088e5248da46847456f733bcb326f,3e56e119afbb8aabbd44551af3351ee6a55c0b96c7d9e6aac153faecff6a9110,dd38a6dc0c729eb26b133f73a06b99d12c5088e5248da46847456f733bcb326f,True,True,clean,phase8b-leakage-boundary-v1
B,sensitivity,4,3,7,1,3e56e119afbb8aabbd44551af3351ee6a55c0b96c7d9e6aac153faecff6a9110,dd38a6dc0c729eb26b133f73a06b99d12c5088e5248da46847456f733bcb326f,3e56e119afbb8aabbd44551af3351ee6a55c0b96c7d9e6aac153faecff6a9110,dd38a6dc0c729eb26b133f73a06b99d12c5088e5248da46847456f733bcb326f,3e56e119afbb8aabbd44551af3351ee6a55c0b96c7d9e6aac153faecff6a9110,dd38a6dc0c729eb26b133f73a06b99d12c5088e5248da46847456f733bcb326f,True,True,clean,phase8b-leakage-boundary-v1
B,sensitivity,4,3,7,2,3e56e119afbb8aabbd44551af3351ee6a55c0b96c7d9e6aac153faecff6a9110,dd38a6dc0c729eb26b133f73a06b99d12c5088e5248da46847456f733bcb326f,3e56e119afbb8aabbd44551af3351ee6a55c0b96c7d9e6aac153faecff6a9110,dd38a6dc0c729eb26b133f73a06b99d12c5088e5248da46847456f733bcb326f,3e56e119afbb8aabbd44551af3351ee6a55c0b96c7d9e6aac153faecff6a9110,dd38a6dc0c729eb26b133f73a06b99d12c5088e5248da46847456f733bcb326f,True,True,clean,phase8b-leakage-boundary-v1
B,sensitivity,5,1,1,1,387bda3b61226f2e22e1ca9065e35213fccc999c0b4abfa89dcce5562c2093ce,2ed450a0e79277ccd6dda97bafa504854a564af0cb41a3cd02c7b0332341dbd5,387bda3b61226f2e22e1ca9065e35213fccc999c0b4abfa89dcce5562c2093ce,2ed450a0e79277ccd6dda97bafa504854a564af0cb41a3cd02c7b0332341dbd5,387bda3b61226f2e22e1ca9065e35213fccc999c0b4abfa89dcce5562c2093ce,2ed450a0e79277ccd6dda97bafa504854a564af0cb41a3cd02c7b0332341dbd5,True,True,clean,phase8b-leakage-boundary-v1
B,sensitivity,5,1,1,2,387bda3b61226f2e22e1ca9065e35213fccc999c0b4abfa89dcce5562c2093ce,2ed450a0e79277ccd6dda97bafa504854a564af0cb41a3cd02c7b0332341dbd5,387bda3b61226f2e22e1ca9065e35213fccc999c0b4abfa89dcce5562c2093ce,2ed450a0e79277ccd6dda97bafa504854a564af0cb41a3cd02c7b0332341dbd5,387bda3b61226f2e22e1ca9065e35213fccc999c0b4abfa89dcce5562c2093ce,2ed450a0e79277ccd6dda97bafa504854a564af0cb41a3cd02c7b0332341dbd5,True,True,clean,phase8b-leakage-boundary-v1
B,sensitivity,5,1,2,1,387bda3b61226f2e22e1ca9065e35213fccc999c0b4abfa89dcce5562c2093ce,2ed450a0e79277ccd6dda97bafa504854a564af0cb41a3cd02c7b0332341dbd5,387bda3b61226f2e22e1ca9065e35213fccc999c0b4abfa89dcce5562c2093ce,2ed450a0e79277ccd6dda97bafa504854a564af0cb41a3cd02c7b0332341dbd5,387bda3b61226f2e22e1ca9065e35213fccc999c0b4abfa89dcce5562c2093ce,2ed450a0e79277ccd6dda97bafa504854a564af0cb41a3cd02c7b0332341dbd5,True,True,clean,phase8b-leakage-boundary-v1
B,sensitivity,5,1,2,2,387bda3b61226f2e22e1ca9065e35213fccc999c0b4abfa89dcce5562c2093ce,2ed450a0e79277ccd6dda97bafa504854a564af0cb41a3cd02c7b0332341dbd5,387bda3b61226f2e22e1ca9065e35213fccc999c0b4abfa89dcce5562c2093ce,2ed450a0e79277ccd6dda97bafa504854a564af0cb41a3cd02c7b0332341dbd5,387bda3b61226f2e22e1ca9065e35213fccc999c0b4abfa89dcce5562c2093ce,2ed450a0e79277ccd6dda97bafa504854a564af0cb41a3cd02c7b0332341dbd5,True,True,clean,phase8b-leakage-boundary-v1
B,sensitivity,5,1,3,1,387bda3b61226f2e22e1ca9065e35213fccc999c0b4abfa89dcce5562c2093ce,2ed450a0e79277ccd6dda97bafa504854a564af0cb41a3cd02c7b0332341dbd5,387bda3b61226f2e22e1ca9065e35213fccc999c0b4abfa89dcce5562c2093ce,2ed450a0e79277ccd6dda97bafa504854a564af0cb41a3cd02c7b0332341dbd5,387bda3b61226f2e22e1ca9065e35213fccc999c0b4abfa89dcce5562c2093ce,2ed450a0e79277ccd6dda97bafa504854a564af0cb41a3cd02c7b0332341dbd5,True,True,clean,phase8b-leakage-boundary-v1
B,sensitivity,5,1,3,2,387bda3b61226f2e22e1ca9065e35213fccc999c0b4abfa89dcce5562c2093ce,2ed450a0e79277ccd6dda97bafa504854a564af0cb41a3cd02c7b0332341dbd5,387bda3b61226f2e22e1ca9065e35213fccc999c0b4abfa89dcce5562c2093ce,2ed450a0e79277ccd6dda97bafa504854a564af0cb41a3cd02c7b0332341dbd5,387bda3b61226f2e22e1ca9065e35213fccc999c0b4abfa89dcce5562c2093ce,2ed450a0e79277ccd6dda97bafa504854a564af0cb41a3cd02c7b0332341dbd5,True,True,clean,phase8b-leakage-boundary-v1
B,sensitivity,5,1,4,1,387bda3b61226f2e22e1ca9065e35213fccc999c0b4abfa89dcce5562c2093ce,2ed450a0e79277ccd6dda97bafa504854a564af0cb41a3cd02c7b0332341dbd5,387bda3b61226f2e22e1ca9065e35213fccc999c0b4abfa89dcce5562c2093ce,2ed450a0e79277ccd6dda97bafa504854a564af0cb41a3cd02c7b0332341dbd5,387bda3b61226f2e22e1ca9065e35213fccc999c0b4abfa89dcce5562c2093ce,2ed450a0e79277ccd6dda97bafa504854a564af0cb41a3cd02c7b0332341dbd5,True,True,clean,phase8b-leakage-boundary-v1
B,sensitivity,5,1,4,2,387bda3b61226f2e22e1ca9065e35213fccc999c0b4abfa89dcce5562c2093ce,2ed450a0e79277ccd6dda97bafa504854a564af0cb41a3cd02c7b0332341dbd5,387bda3b61226f2e22e1ca9065e35213fccc999c0b4abfa89dcce5562c2093ce,2ed450a0e79277ccd6dda97bafa504854a564af0cb41a3cd02c7b0332341dbd5,387bda3b61226f2e22e1ca9065e35213fccc999c0b4abfa89dcce5562c2093ce,2ed450a0e79277ccd6dda97bafa504854a564af0cb41a3cd02c7b0332341dbd5,True,True,clean,phase8b-leakage-boundary-v1
B,sensitivity,5,1,5,1,387bda3b61226f2e22e1ca9065e35213fccc999c0b4abfa89dcce5562c2093ce,2ed450a0e79277ccd6dda97bafa504854a564af0cb41a3cd02c7b0332341dbd5,387bda3b61226f2e22e1ca9065e35213fccc999c0b4abfa89dcce5562c2093ce,2ed450a0e79277ccd6dda97bafa504854a564af0cb41a3cd02c7b0332341dbd5,387bda3b61226f2e22e1ca9065e35213fccc999c0b4abfa89dcce5562c2093ce,2ed450a0e79277ccd6dda97bafa504854a564af0cb41a3cd02c7b0332341dbd5,True,True,clean,phase8b-leakage-boundary-v1
B,sensitivity,5,1,5,2,387bda3b61226f2e22e1ca9065e35213fccc999c0b4abfa89dcce5562c2093ce,2ed450a0e79277ccd6dda97bafa504854a564af0cb41a3cd02c7b0332341dbd5,387bda3b61226f2e22e1ca9065e35213fccc999c0b4abfa89dcce5562c2093ce,2ed450a0e79277ccd6dda97bafa504854a564af0cb41a3cd02c7b0332341dbd5,387bda3b61226f2e22e1ca9065e35213fccc999c0b4abfa89dcce5562c2093ce,2ed450a0e79277ccd6dda97bafa504854a564af0cb41a3cd02c7b0332341dbd5,True,True,clean,phase8b-leakage-boundary-v1
B,sensitivity,5,1,6,1,387bda3b61226f2e22e1ca9065e35213fccc999c0b4abfa89dcce5562c2093ce,2ed450a0e79277ccd6dda97bafa504854a564af0cb41a3cd02c7b0332341dbd5,387bda3b61226f2e22e1ca9065e35213fccc999c0b4abfa89dcce5562c2093ce,2ed450a0e79277ccd6dda97bafa504854a564af0cb41a3cd02c7b0332341dbd5,387bda3b61226f2e22e1ca9065e35213fccc999c0b4abfa89dcce5562c2093ce,2ed450a0e79277ccd6dda97bafa504854a564af0cb41a3cd02c7b0332341dbd5,True,True,clean,phase8b-leakage-boundary-v1
B,sensitivity,5,1,6,2,387bda3b61226f2e22e1ca9065e35213fccc999c0b4abfa89dcce5562c2093ce,2ed450a0e79277ccd6dda97bafa504854a564af0cb41a3cd02c7b0332341dbd5,387bda3b61226f2e22e1ca9065e35213fccc999c0b4abfa89dcce5562c2093ce,2ed450a0e79277ccd6dda97bafa504854a564af0cb41a3cd02c7b0332341dbd5,387bda3b61226f2e22e1ca9065e35213fccc999c0b4abfa89dcce5562c2093ce,2ed450a0e79277ccd6dda97bafa504854a564af0cb41a3cd02c7b0332341dbd5,True,True,clean,phase8b-leakage-boundary-v1
B,sensitivity,5,1,7,1,387bda3b61226f2e22e1ca9065e35213fccc999c0b4abfa89dcce5562c2093ce,2ed450a0e79277ccd6dda97bafa504854a564af0cb41a3cd02c7b0332341dbd5,387bda3b61226f2e22e1ca9065e35213fccc999c0b4abfa89dcce5562c2093ce,2ed450a0e79277ccd6dda97bafa504854a564af0cb41a3cd02c7b0332341dbd5,387bda3b61226f2e22e1ca9065e35213fccc999c0b4abfa89dcce5562c2093ce,2ed450a0e79277ccd6dda97bafa504854a564af0cb41a3cd02c7b0332341dbd5,True,True,clean,phase8b-leakage-boundary-v1
B,sensitivity,5,1,7,2,387bda3b61226f2e22e1ca9065e35213fccc999c0b4abfa89dcce5562c2093ce,2ed450a0e79277ccd6dda97bafa504854a564af0cb41a3cd02c7b0332341dbd5,387bda3b61226f2e22e1ca9065e35213fccc999c0b4abfa89dcce5562c2093ce,2ed450a0e79277ccd6dda97bafa504854a564af0cb41a3cd02c7b0332341dbd5,387bda3b61226f2e22e1ca9065e35213fccc999c0b4abfa89dcce5562c2093ce,2ed450a0e79277ccd6dda97bafa504854a564af0cb41a3cd02c7b0332341dbd5,True,True,clean,phase8b-leakage-boundary-v1
B,sensitivity,5,2,1,1,cb94a1861b00649eb0a7829154922ce5351407adcb7efa36b7f8d7aaf0b75578,ed37ddf1607a13084d9d4abcb81153324c0ad6022561dd00e240e14f4b85b96a,cb94a1861b00649eb0a7829154922ce5351407adcb7efa36b7f8d7aaf0b75578,ed37ddf1607a13084d9d4abcb81153324c0ad6022561dd00e240e14f4b85b96a,cb94a1861b00649eb0a7829154922ce5351407adcb7efa36b7f8d7aaf0b75578,ed37ddf1607a13084d9d4abcb81153324c0ad6022561dd00e240e14f4b85b96a,True,True,clean,phase8b-leakage-boundary-v1
B,sensitivity,5,2,1,2,cb94a1861b00649eb0a7829154922ce5351407adcb7efa36b7f8d7aaf0b75578,ed37ddf1607a13084d9d4abcb81153324c0ad6022561dd00e240e14f4b85b96a,cb94a1861b00649eb0a7829154922ce5351407adcb7efa36b7f8d7aaf0b75578,ed37ddf1607a13084d9d4abcb81153324c0ad6022561dd00e240e14f4b85b96a,cb94a1861b00649eb0a7829154922ce5351407adcb7efa36b7f8d7aaf0b75578,ed37ddf1607a13084d9d4abcb81153324c0ad6022561dd00e240e14f4b85b96a,True,True,clean,phase8b-leakage-boundary-v1
B,sensitivity,5,2,2,1,cb94a1861b00649eb0a7829154922ce5351407adcb7efa36b7f8d7aaf0b75578,ed37ddf1607a13084d9d4abcb81153324c0ad6022561dd00e240e14f4b85b96a,cb94a1861b00649eb0a7829154922ce5351407adcb7efa36b7f8d7aaf0b75578,ed37ddf1607a13084d9d4abcb81153324c0ad6022561dd00e240e14f4b85b96a,cb94a1861b00649eb0a7829154922ce5351407adcb7efa36b7f8d7aaf0b75578,ed37ddf1607a13084d9d4abcb81153324c0ad6022561dd00e240e14f4b85b96a,True,True,clean,phase8b-leakage-boundary-v1
B,sensitivity,5,2,2,2,cb94a1861b00649eb0a7829154922ce5351407adcb7efa36b7f8d7aaf0b75578,ed37ddf1607a13084d9d4abcb81153324c0ad6022561dd00e240e14f4b85b96a,cb94a1861b00649eb0a7829154922ce5351407adcb7efa36b7f8d7aaf0b75578,ed37ddf1607a13084d9d4abcb81153324c0ad6022561dd00e240e14f4b85b96a,cb94a1861b00649eb0a7829154922ce5351407adcb7efa36b7f8d7aaf0b75578,ed37ddf1607a13084d9d4abcb81153324c0ad6022561dd00e240e14f4b85b96a,True,True,clean,phase8b-leakage-boundary-v1
B,sensitivity,5,2,3,1,cb94a1861b00649eb0a7829154922ce5351407adcb7efa36b7f8d7aaf0b75578,ed37ddf1607a13084d9d4abcb81153324c0ad6022561dd00e240e14f4b85b96a,cb94a1861b00649eb0a7829154922ce5351407adcb7efa36b7f8d7aaf0b75578,ed37ddf1607a13084d9d4abcb81153324c0ad6022561dd00e240e14f4b85b96a,cb94a1861b00649eb0a7829154922ce5351407adcb7efa36b7f8d7aaf0b75578,ed37ddf1607a13084d9d4abcb81153324c0ad6022561dd00e240e14f4b85b96a,True,True,clean,phase8b-leakage-boundary-v1
B,sensitivity,5,2,3,2,cb94a1861b00649eb0a7829154922ce5351407adcb7efa36b7f8d7aaf0b75578,ed37ddf1607a13084d9d4abcb81153324c0ad6022561dd00e240e14f4b85b96a,cb94a1861b00649eb0a7829154922ce5351407adcb7efa36b7f8d7aaf0b75578,ed37ddf1607a13084d9d4abcb81153324c0ad6022561dd00e240e14f4b85b96a,cb94a1861b00649eb0a7829154922ce5351407adcb7efa36b7f8d7aaf0b75578,ed37ddf1607a13084d9d4abcb81153324c0ad6022561dd00e240e14f4b85b96a,True,True,clean,phase8b-leakage-boundary-v1
B,sensitivity,5,2,4,1,cb94a1861b00649eb0a7829154922ce5351407adcb7efa36b7f8d7aaf0b75578,ed37ddf1607a13084d9d4abcb81153324c0ad6022561dd00e240e14f4b85b96a,cb94a1861b00649eb0a7829154922ce5351407adcb7efa36b7f8d7aaf0b75578,ed37ddf1607a13084d9d4abcb81153324c0ad6022561dd00e240e14f4b85b96a,cb94a1861b00649eb0a7829154922ce5351407adcb7efa36b7f8d7aaf0b75578,ed37ddf1607a13084d9d4abcb81153324c0ad6022561dd00e240e14f4b85b96a,True,True,clean,phase8b-leakage-boundary-v1
B,sensitivity,5,2,4,2,cb94a1861b00649eb0a7829154922ce5351407adcb7efa36b7f8d7aaf0b75578,ed37ddf1607a13084d9d4abcb81153324c0ad6022561dd00e240e14f4b85b96a,cb94a1861b00649eb0a7829154922ce5351407adcb7efa36b7f8d7aaf0b75578,ed37ddf1607a13084d9d4abcb81153324c0ad6022561dd00e240e14f4b85b96a,cb94a1861b00649eb0a7829154922ce5351407adcb7efa36b7f8d7aaf0b75578,ed37ddf1607a13084d9d4abcb81153324c0ad6022561dd00e240e14f4b85b96a,True,True,clean,phase8b-leakage-boundary-v1
B,sensitivity,5,2,5,1,cb94a1861b00649eb0a7829154922ce5351407adcb7efa36b7f8d7aaf0b75578,ed37ddf1607a13084d9d4abcb81153324c0ad6022561dd00e240e14f4b85b96a,cb94a1861b00649eb0a7829154922ce5351407adcb7efa36b7f8d7aaf0b75578,ed37ddf1607a13084d9d4abcb81153324c0ad6022561dd00e240e14f4b85b96a,cb94a1861b00649eb0a7829154922ce5351407adcb7efa36b7f8d7aaf0b75578,ed37ddf1607a13084d9d4abcb81153324c0ad6022561dd00e240e14f4b85b96a,True,True,clean,phase8b-leakage-boundary-v1
B,sensitivity,5,2,5,2,cb94a1861b00649eb0a7829154922ce5351407adcb7efa36b7f8d7aaf0b75578,ed37ddf1607a13084d9d4abcb81153324c0ad6022561dd00e240e14f4b85b96a,cb94a1861b00649eb0a7829154922ce5351407adcb7efa36b7f8d7aaf0b75578,ed37ddf1607a13084d9d4abcb81153324c0ad6022561dd00e240e14f4b85b96a,cb94a1861b00649eb0a7829154922ce5351407adcb7efa36b7f8d7aaf0b75578,ed37ddf1607a13084d9d4abcb81153324c0ad6022561dd00e240e14f4b85b96a,True,True,clean,phase8b-leakage-boundary-v1
B,sensitivity,5,2,6,1,cb94a1861b00649eb0a7829154922ce5351407adcb7efa36b7f8d7aaf0b75578,ed37ddf1607a13084d9d4abcb81153324c0ad6022561dd00e240e14f4b85b96a,cb94a1861b00649eb0a7829154922ce5351407adcb7efa36b7f8d7aaf0b75578,ed37ddf1607a13084d9d4abcb81153324c0ad6022561dd00e240e14f4b85b96a,cb94a1861b00649eb0a7829154922ce5351407adcb7efa36b7f8d7aaf0b75578,ed37ddf1607a13084d9d4abcb81153324c0ad6022561dd00e240e14f4b85b96a,True,True,clean,phase8b-leakage-boundary-v1
B,sensitivity,5,2,6,2,cb94a1861b00649eb0a7829154922ce5351407adcb7efa36b7f8d7aaf0b75578,ed37ddf1607a13084d9d4abcb81153324c0ad6022561dd00e240e14f4b85b96a,cb94a1861b00649eb0a7829154922ce5351407adcb7efa36b7f8d7aaf0b75578,ed37ddf1607a13084d9d4abcb81153324c0ad6022561dd00e240e14f4b85b96a,cb94a1861b00649eb0a7829154922ce5351407adcb7efa36b7f8d7aaf0b75578,ed37ddf1607a13084d9d4abcb81153324c0ad6022561dd00e240e14f4b85b96a,True,True,clean,phase8b-leakage-boundary-v1
B,sensitivity,5,2,7,1,cb94a1861b00649eb0a7829154922ce5351407adcb7efa36b7f8d7aaf0b75578,ed37ddf1607a13084d9d4abcb81153324c0ad6022561dd00e240e14f4b85b96a,cb94a1861b00649eb0a7829154922ce5351407adcb7efa36b7f8d7aaf0b75578,ed37ddf1607a13084d9d4abcb81153324c0ad6022561dd00e240e14f4b85b96a,cb94a1861b00649eb0a7829154922ce5351407adcb7efa36b7f8d7aaf0b75578,ed37ddf1607a13084d9d4abcb81153324c0ad6022561dd00e240e14f4b85b96a,True,True,clean,phase8b-leakage-boundary-v1
B,sensitivity,5,2,7,2,cb94a1861b00649eb0a7829154922ce5351407adcb7efa36b7f8d7aaf0b75578,ed37ddf1607a13084d9d4abcb81153324c0ad6022561dd00e240e14f4b85b96a,cb94a1861b00649eb0a7829154922ce5351407adcb7efa36b7f8d7aaf0b75578,ed37ddf1607a13084d9d4abcb81153324c0ad6022561dd00e240e14f4b85b96a,cb94a1861b00649eb0a7829154922ce5351407adcb7efa36b7f8d7aaf0b75578,ed37ddf1607a13084d9d4abcb81153324c0ad6022561dd00e240e14f4b85b96a,True,True,clean,phase8b-leakage-boundary-v1
B,sensitivity,5,3,1,1,3e56e119afbb8aabbd44551af3351ee6a55c0b96c7d9e6aac153faecff6a9110,dd38a6dc0c729eb26b133f73a06b99d12c5088e5248da46847456f733bcb326f,3e56e119afbb8aabbd44551af3351ee6a55c0b96c7d9e6aac153faecff6a9110,dd38a6dc0c729eb26b133f73a06b99d12c5088e5248da46847456f733bcb326f,3e56e119afbb8aabbd44551af3351ee6a55c0b96c7d9e6aac153faecff6a9110,dd38a6dc0c729eb26b133f73a06b99d12c5088e5248da46847456f733bcb326f,True,True,clean,phase8b-leakage-boundary-v1
B,sensitivity,5,3,1,2,3e56e119afbb8aabbd44551af3351ee6a55c0b96c7d9e6aac153faecff6a9110,dd38a6dc0c729eb26b133f73a06b99d12c5088e5248da46847456f733bcb326f,3e56e119afbb8aabbd44551af3351ee6a55c0b96c7d9e6aac153faecff6a9110,dd38a6dc0c729eb26b133f73a06b99d12c5088e5248da46847456f733bcb326f,3e56e119afbb8aabbd44551af3351ee6a55c0b96c7d9e6aac153faecff6a9110,dd38a6dc0c729eb26b133f73a06b99d12c5088e5248da46847456f733bcb326f,True,True,clean,phase8b-leakage-boundary-v1
B,sensitivity,5,3,2,1,3e56e119afbb8aabbd44551af3351ee6a55c0b96c7d9e6aac153faecff6a9110,dd38a6dc0c729eb26b133f73a06b99d12c5088e5248da46847456f733bcb326f,3e56e119afbb8aabbd44551af3351ee6a55c0b96c7d9e6aac153faecff6a9110,dd38a6dc0c729eb26b133f73a06b99d12c5088e5248da46847456f733bcb326f,3e56e119afbb8aabbd44551af3351ee6a55c0b96c7d9e6aac153faecff6a9110,dd38a6dc0c729eb26b133f73a06b99d12c5088e5248da46847456f733bcb326f,True,True,clean,phase8b-leakage-boundary-v1
B,sensitivity,5,3,2,2,3e56e119afbb8aabbd44551af3351ee6a55c0b96c7d9e6aac153faecff6a9110,dd38a6dc0c729eb26b133f73a06b99d12c5088e5248da46847456f733bcb326f,3e56e119afbb8aabbd44551af3351ee6a55c0b96c7d9e6aac153faecff6a9110,dd38a6dc0c729eb26b133f73a06b99d12c5088e5248da46847456f733bcb326f,3e56e119afbb8aabbd44551af3351ee6a55c0b96c7d9e6aac153faecff6a9110,dd38a6dc0c729eb26b133f73a06b99d12c5088e5248da46847456f733bcb326f,True,True,clean,phase8b-leakage-boundary-v1
B,sensitivity,5,3,3,1,3e56e119afbb8aabbd44551af3351ee6a55c0b96c7d9e6aac153faecff6a9110,dd38a6dc0c729eb26b133f73a06b99d12c5088e5248da46847456f733bcb326f,3e56e119afbb8aabbd44551af3351ee6a55c0b96c7d9e6aac153faecff6a9110,dd38a6dc0c729eb26b133f73a06b99d12c5088e5248da46847456f733bcb326f,3e56e119afbb8aabbd44551af3351ee6a55c0b96c7d9e6aac153faecff6a9110,dd38a6dc0c729eb26b133f73a06b99d12c5088e5248da46847456f733bcb326f,True,True,clean,phase8b-leakage-boundary-v1
B,sensitivity,5,3,3,2,3e56e119afbb8aabbd44551af3351ee6a55c0b96c7d9e6aac153faecff6a9110,dd38a6dc0c729eb26b133f73a06b99d12c5088e5248da46847456f733bcb326f,3e56e119afbb8aabbd44551af3351ee6a55c0b96c7d9e6aac153faecff6a9110,dd38a6dc0c729eb26b133f73a06b99d12c5088e5248da46847456f733bcb326f,3e56e119afbb8aabbd44551af3351ee6a55c0b96c7d9e6aac153faecff6a9110,dd38a6dc0c729eb26b133f73a06b99d12c5088e5248da46847456f733bcb326f,True,True,clean,phase8b-leakage-boundary-v1
B,sensitivity,5,3,4,1,3e56e119afbb8aabbd44551af3351ee6a55c0b96c7d9e6aac153faecff6a9110,dd38a6dc0c729eb26b133f73a06b99d12c5088e5248da46847456f733bcb326f,3e56e119afbb8aabbd44551af3351ee6a55c0b96c7d9e6aac153faecff6a9110,dd38a6dc0c729eb26b133f73a06b99d12c5088e5248da46847456f733bcb326f,3e56e119afbb8aabbd44551af3351ee6a55c0b96c7d9e6aac153faecff6a9110,dd38a6dc0c729eb26b133f73a06b99d12c5088e5248da46847456f733bcb326f,True,True,clean,phase8b-leakage-boundary-v1
B,sensitivity,5,3,4,2,3e56e119afbb8aabbd44551af3351ee6a55c0b96c7d9e6aac153faecff6a9110,dd38a6dc0c729eb26b133f73a06b99d12c5088e5248da46847456f733bcb326f,3e56e119afbb8aabbd44551af3351ee6a55c0b96c7d9e6aac153faecff6a9110,dd38a6dc0c729eb26b133f73a06b99d12c5088e5248da46847456f733bcb326f,3e56e119afbb8aabbd44551af3351ee6a55c0b96c7d9e6aac153faecff6a9110,dd38a6dc0c729eb26b133f73a06b99d12c5088e5248da46847456f733bcb326f,True,True,clean,phase8b-leakage-boundary-v1
B,sensitivity,5,3,5,1,3e56e119afbb8aabbd44551af3351ee6a55c0b96c7d9e6aac153faecff6a9110,dd38a6dc0c729eb26b133f73a06b99d12c5088e5248da46847456f733bcb326f,3e56e119afbb8aabbd44551af3351ee6a55c0b96c7d9e6aac153faecff6a9110,dd38a6dc0c729eb26b133f73a06b99d12c5088e5248da46847456f733bcb326f,3e56e119afbb8aabbd44551af3351ee6a55c0b96c7d9e6aac153faecff6a9110,dd38a6dc0c729eb26b133f73a06b99d12c5088e5248da46847456f733bcb326f,True,True,clean,phase8b-leakage-boundary-v1
B,sensitivity,5,3,5,2,3e56e119afbb8aabbd44551af3351ee6a55c0b96c7d9e6aac153faecff6a9110,dd38a6dc0c729eb26b133f73a06b99d12c5088e5248da46847456f733bcb326f,3e56e119afbb8aabbd44551af3351ee6a55c0b96c7d9e6aac153faecff6a9110,dd38a6dc0c729eb26b133f73a06b99d12c5088e5248da46847456f733bcb326f,3e56e119afbb8aabbd44551af3351ee6a55c0b96c7d9e6aac153faecff6a9110,dd38a6dc0c729eb26b133f73a06b99d12c5088e5248da46847456f733bcb326f,True,True,clean,phase8b-leakage-boundary-v1
B,sensitivity,5,3,6,1,3e56e119afbb8aabbd44551af3351ee6a55c0b96c7d9e6aac153faecff6a9110,dd38a6dc0c729eb26b133f73a06b99d12c5088e5248da46847456f733bcb326f,3e56e119afbb8aabbd44551af3351ee6a55c0b96c7d9e6aac153faecff6a9110,dd38a6dc0c729eb26b133f73a06b99d12c5088e5248da46847456f733bcb326f,3e56e119afbb8aabbd44551af3351ee6a55c0b96c7d9e6aac153faecff6a9110,dd38a6dc0c729eb26b133f73a06b99d12c5088e5248da46847456f733bcb326f,True,True,clean,phase8b-leakage-boundary-v1
B,sensitivity,5,3,6,2,3e56e119afbb8aabbd44551af3351ee6a55c0b96c7d9e6aac153faecff6a9110,dd38a6dc0c729eb26b133f73a06b99d12c5088e5248da46847456f733bcb326f,3e56e119afbb8aabbd44551af3351ee6a55c0b96c7d9e6aac153faecff6a9110,dd38a6dc0c729eb26b133f73a06b99d12c5088e5248da46847456f733bcb326f,3e56e119afbb8aabbd44551af3351ee6a55c0b96c7d9e6aac153faecff6a9110,dd38a6dc0c729eb26b133f73a06b99d12c5088e5248da46847456f733bcb326f,True,True,clean,phase8b-leakage-boundary-v1
B,sensitivity,5,3,7,1,3e56e119afbb8aabbd44551af3351ee6a55c0b96c7d9e6aac153faecff6a9110,dd38a6dc0c729eb26b133f73a06b99d12c5088e5248da46847456f733bcb326f,3e56e119afbb8aabbd44551af3351ee6a55c0b96c7d9e6aac153faecff6a9110,dd38a6dc0c729eb26b133f73a06b99d12c5088e5248da46847456f733bcb326f,3e56e119afbb8aabbd44551af3351ee6a55c0b96c7d9e6aac153faecff6a9110,dd38a6dc0c729eb26b133f73a06b99d12c5088e5248da46847456f733bcb326f,True,True,clean,phase8b-leakage-boundary-v1
B,sensitivity,5,3,7,2,3e56e119afbb8aabbd44551af3351ee6a55c0b96c7d9e6aac153faecff6a9110,dd38a6dc0c729eb26b133f73a06b99d12c5088e5248da46847456f733bcb326f,3e56e119afbb8aabbd44551af3351ee6a55c0b96c7d9e6aac153faecff6a9110,dd38a6dc0c729eb26b133f73a06b99d12c5088e5248da46847456f733bcb326f,3e56e119afbb8aabbd44551af3351ee6a55c0b96c7d9e6aac153faecff6a9110,dd38a6dc0c729eb26b133f73a06b99d12c5088e5248da46847456f733bcb326f,True,True,clean,phase8b-leakage-boundary-v1
