model,rmse_Z,rmse_X,Q_final,w0_est,w_est
bernoulli,0.20703965540198652,0.31356268654979425,-7292.078497033037,0.6671568357552018,0.7341450053726901
poisson,0.1675357530413977,0.3097834322525076,-3624.272796946766,0.02278988823631883,0.4861403557072729
