model,k,num_iter,auc_strong,auc_exist,rmse_count,spearman,high_threshold,w0,w,Q_final,elapsed_s
Bernoulli,5,20,0.48608683111794276,,41.685154491534774,-0.031015861091131223,83.0,1.386308066472127,-0.008157898453834123,-29090.864425898162,237.5072283744812
Poisson,5,20,0.946855903259167,,26.441317752513392,0.8985466146709123,83.0,3.2363948638968663,0.32970834286418743,7984203.670997404,170.5687882900238
