n,rmse_Z_mean,rmse_Z_std,rmse_Z_min,rmse_X_mean,rmse_X_std,rmse_X_min,Q_mean,n_trials
50,0.1876370177255256,0.007688806418276513,0.17825818417619277,0.3053762771622796,0.006018702279072729,0.2969555687536544,-726.969321415517,5
100,0.16854285353797974,0.011964326527281514,0.15879705000058197,0.30323800954424945,0.006169440429054411,0.2951870725090795,-1878.7912064746372,5
150,0.15673026598512926,0.007576470992292374,0.14573581004289854,0.3044191808153228,0.0029047385167353403,0.300951513328307,-2305.0129739987633,5
200,0.14508773505879835,0.006580278701387783,0.13934915835181186,0.306844412081715,0.007308483718182175,0.29880800083607917,-1279.7343150236447,5
250,0.13895368566218558,0.0039969020641638184,0.13526261471835066,0.30797881085588524,0.005323478391234624,0.3018352093515288,1369.3692689659297,5
