family,rmse_Z_mean,rmse_Z_std,rmse_Z_min,rmse_X_mean,rmse_X_std,w0_true,w0_est_mean,w_true,w_est_mean,sigma_y_true,sigma_y_est_mean,n_trials,nan_count
bernoulli,0.18242039060137177,0.013065068652321082,0.17105224010632944,0.3071087836060117,0.006531008145271264,-1.0,-0.9944111858947184,1.5,1.465423808659036,,1.0,5,0
gaussian,0.02872979375239328,0.0013041787880511378,0.027280422369448987,0.3114252747483,0.003684985063363581,0.0,0.00018982337999220596,0.5,0.4999877446948792,0.1,0.10172949544957026,5,0
poisson,0.1780206660243177,0.036670871378767844,0.15446493317038645,0.30749251260777094,0.0056661543131253265,0.0,0.029457032168282195,0.5,0.479075938029158,,1.0,5,0
