replicate,start_label,column,candidate_family,score,neg2_score,sigma_sq,optimizer,optimiser_iterations,optimiser_converged,optimiser_gradient_inf,scipy_success,loading_norm,family_x_true,selected_family,k,dataset_status
rep01,start_B,3,bernoulli,-51.69882051605324,103.39764103210648,,bfgs,4,True,3.1734614935885476e-13,True,0.1759279373614707,bernoulli,bernoulli,1,completed
rep01,start_B,3,poisson,-74.79832530171458,149.59665060342917,,bfgs,3,True,1.4047385477056196e-11,True,0.07369530485095192,bernoulli,bernoulli,1,completed
rep01,start_B,4,bernoulli,-51.981109764285506,103.96221952857101,,bfgs,2,True,1.4050396957010492e-11,True,0.022930943898625353,bernoulli,bernoulli,1,completed
rep01,start_B,4,poisson,-74.9534474643884,149.9068949287768,,bfgs,4,True,2.1316282072803005e-15,True,0.03533197470869762,bernoulli,bernoulli,1,completed
rep01,start_B,5,bernoulli,-48.37665789360348,96.75331578720696,,bfgs,3,True,1.0265965855182913e-11,True,0.6623018370078778,bernoulli,bernoulli,1,completed
rep01,start_B,5,poisson,-74.44610220908457,148.89220441816914,,bfgs,7,True,1.3322676295501878e-15,True,0.1196703239835952,bernoulli,bernoulli,1,completed
rep01,start_B,6,bernoulli,-49.335324244428264,98.67064848885653,,bfgs,3,True,1.5351364623938933e-11,True,0.5576778103592571,bernoulli,bernoulli,1,completed
rep01,start_B,6,poisson,-74.02753392308598,148.05506784617197,,bfgs,5,True,1.3322676295501878e-15,True,0.16203001770408307,bernoulli,bernoulli,1,completed
rep01,start_B,7,bernoulli,-51.84716859434836,103.69433718869672,,bfgs,3,True,6.203242364222206e-11,True,0.12200806045528187,bernoulli,bernoulli,1,completed
rep01,start_B,7,poisson,-74.8650381142929,149.7300762285858,,bfgs,4,True,2.0969892489119956e-13,True,0.06024833908538795,bernoulli,bernoulli,1,completed
rep01,start_B,8,bernoulli,-49.96121261675031,99.92242523350062,,bfgs,3,True,1.88544291290782e-11,True,0.48190016760366977,bernoulli,bernoulli,1,completed
rep01,start_B,8,poisson,-74.21296150357814,148.42592300715629,,bfgs,5,True,7.105427357601002e-16,True,0.14578728865512194,bernoulli,bernoulli,1,completed
rep01,start_B,3,bernoulli,-38.337347761699334,76.67469552339867,,bfgs,5,True,3.995044295379557e-11,True,1.684439255864041,bernoulli,bernoulli,2,completed
rep01,start_B,3,poisson,-70.03882479172287,140.07764958344575,,bfgs,9,True,6.31311225518516e-09,False,0.38730172819490766,bernoulli,bernoulli,2,completed
rep01,start_B,4,bernoulli,-51.451851710410054,102.90370342082011,,bfgs,5,True,2.1376123093830303e-12,True,0.2623005623778335,bernoulli,bernoulli,2,completed
rep01,start_B,4,poisson,-74.1803056339921,148.3606112679842,,bfgs,5,True,3.710720619665153e-11,True,0.15813194972538858,bernoulli,bernoulli,2,completed
rep01,start_B,5,bernoulli,-47.03023510044911,94.06047020089822,,bfgs,5,False,1.0239559167235513e-08,False,0.7603964363860483,bernoulli,bernoulli,2,completed
rep01,start_B,5,poisson,-73.83467582434676,147.66935164869352,,bfgs,9,True,7.688436831632117e-11,True,0.17963151413117487,bernoulli,bernoulli,2,completed
rep01,start_B,6,bernoulli,-49.6648174643594,99.3296349287188,,bfgs,4,True,3.1826141722035575e-11,True,0.49599398298224573,bernoulli,bernoulli,2,completed
rep01,start_B,6,poisson,-73.93814694877797,147.87629389755594,,bfgs,6,True,6.197709012667473e-13,True,0.1586952113270918,bernoulli,bernoulli,2,completed
rep01,start_B,7,bernoulli,-50.48680652863226,100.97361305726452,,bfgs,5,True,1.270255012286725e-11,True,0.432332729442398,bernoulli,bernoulli,2,completed
rep01,start_B,7,poisson,-73.64888197039352,147.29776394078704,,bfgs,7,True,3.830225026035805e-12,True,0.20030465870438044,bernoulli,bernoulli,2,completed
rep01,start_B,8,bernoulli,-49.236292299193096,98.47258459838619,,bfgs,5,True,1.0368886860234739e-10,False,0.5454203667291524,bernoulli,bernoulli,2,completed
rep01,start_B,8,poisson,-73.21321725127441,146.42643450254883,,bfgs,8,True,8.881784197001252e-16,True,0.2189323280416577,bernoulli,bernoulli,2,completed
rep01,start_B,3,bernoulli,-35.359634032896075,70.71926806579215,,bfgs,6,False,2.947562122157521e-08,False,1.8046877205656482,bernoulli,bernoulli,3,completed
rep01,start_B,3,poisson,-69.4054334493089,138.8108668986178,,bfgs,12,True,8.518043326244395e-10,False,0.37662737803438767,bernoulli,bernoulli,3,completed
rep01,start_B,4,bernoulli,-51.03146797456972,102.06293594913944,,bfgs,6,True,7.565809090337439e-13,True,0.360711420441702,bernoulli,bernoulli,3,completed
rep01,start_B,4,poisson,-74.18044149078221,148.36088298156443,,bfgs,9,True,3.517408586617421e-13,True,0.14311484036285563,bernoulli,bernoulli,3,completed
rep01,start_B,5,bernoulli,-43.4270725458007,86.8541450916014,,bfgs,7,True,6.233393934351739e-09,False,1.163159896349155,bernoulli,bernoulli,3,completed
rep01,start_B,5,poisson,-73.50230788974389,147.00461577948778,,bfgs,11,True,4.764701966308849e-11,True,0.19589018864595775,bernoulli,bernoulli,3,completed
rep01,start_B,6,bernoulli,-49.09134711432661,98.18269422865322,,bfgs,7,True,1.6859846851957626e-13,True,0.5278204053688574,bernoulli,bernoulli,3,completed
rep01,start_B,6,poisson,-73.71210380000329,147.42420760000658,,bfgs,8,True,2.388533815178562e-13,True,0.16722835616370327,bernoulli,bernoulli,3,completed
rep01,start_B,7,bernoulli,-50.19901296607277,100.39802593214554,,bfgs,6,True,5.06561181889964e-11,True,0.4732861454731296,bernoulli,bernoulli,3,completed
rep01,start_B,7,poisson,-73.74260433865113,147.48520867730227,,bfgs,10,True,7.301990123664837e-11,True,0.17694155852048324,bernoulli,bernoulli,3,completed
rep01,start_B,8,bernoulli,-47.482484828796245,94.96496965759249,,bfgs,8,True,2.158956347031449e-12,True,0.7710074722786467,bernoulli,bernoulli,3,completed
rep01,start_B,8,poisson,-72.5438176656723,145.0876353313446,,bfgs,11,True,6.091149806763951e-12,True,0.2629806015190064,bernoulli,bernoulli,3,completed
rep01,start_B,3,bernoulli,-37.16542592430643,74.33085184861287,,bfgs,8,True,7.62780949514763e-12,True,1.521590133256324,bernoulli,bernoulli,4,completed
rep01,start_B,3,poisson,-70.09362775834101,140.18725551668203,,bfgs,12,True,1.5221451210578607e-09,False,0.3304571555251853,bernoulli,bernoulli,4,completed
rep01,start_B,4,bernoulli,-49.70295336312883,99.40590672625765,,bfgs,8,True,3.4296065987149404e-11,True,0.6053530081457801,bernoulli,bernoulli,4,completed
rep01,start_B,4,poisson,-74.19562370765989,148.39124741531978,,bfgs,13,False,3.056254920252854e-08,False,0.14093583617642066,bernoulli,bernoulli,4,completed
rep01,start_B,5,bernoulli,-40.8476347788642,81.6952695577284,,bfgs,8,True,1.6540924185903804e-11,True,1.4397232109864242,bernoulli,bernoulli,4,completed
rep01,start_B,5,poisson,-73.40942336387238,146.81884672774476,,bfgs,12,True,2.1668411509523368e-11,True,0.19813873403716792,bernoulli,bernoulli,4,completed
rep01,start_B,6,bernoulli,-49.09792898416397,98.19585796832794,,bfgs,7,True,3.3457681070103716e-13,True,0.5512213222480441,bernoulli,bernoulli,4,completed
rep01,start_B,6,poisson,-73.53249542181906,147.06499084363813,,bfgs,11,True,1.6398455926491807e-10,False,0.19153280693512292,bernoulli,bernoulli,4,completed
rep01,start_B,7,bernoulli,-49.466672895856945,98.93334579171389,,bfgs,9,True,3.7104763705997356e-13,True,0.586214919808398,bernoulli,bernoulli,4,completed
rep01,start_B,7,poisson,-73.55722630525088,147.11445261050176,,bfgs,11,True,3.2666610749743085e-09,False,0.20216036369330537,bernoulli,bernoulli,4,completed
rep01,start_B,8,bernoulli,-46.35788636691223,92.71577273382447,,bfgs,8,True,1.0878875578157476e-11,True,0.8753356572398668,bernoulli,bernoulli,4,completed
rep01,start_B,8,poisson,-72.28036610419385,144.5607322083877,,bfgs,11,False,1.2460134837244397e-07,False,0.2670523449218614,bernoulli,bernoulli,4,completed
rep01,start_B,3,bernoulli,-33.200088838261934,66.40017767652387,,bfgs,9,True,2.2895286111435096e-09,False,2.218314798510575,bernoulli,bernoulli,5,completed
rep01,start_B,3,poisson,-69.75577875742772,139.51155751485544,,bfgs,20,False,1.0867854349783101e-08,False,0.343773184694853,bernoulli,bernoulli,5,completed
rep01,start_B,4,bernoulli,-49.55736505358699,99.11473010717398,,bfgs,9,False,3.626188829208843e-08,False,0.6866588980760883,bernoulli,bernoulli,5,completed
rep01,start_B,4,poisson,-73.98452458348906,147.96904916697812,,bfgs,12,True,7.146508274047392e-10,False,0.18246301095908785,bernoulli,bernoulli,5,completed
rep01,start_B,5,bernoulli,-27.20296263426379,54.40592526852758,,bfgs,10,True,4.540658959939492e-11,True,3.610518407065379,bernoulli,bernoulli,5,completed
rep01,start_B,5,poisson,-71.95815839253491,143.91631678506982,,bfgs,32,True,9.324338606786497e-10,False,0.32010319399391673,bernoulli,bernoulli,5,completed
rep01,start_B,6,bernoulli,-40.485986381276135,80.97197276255227,,bfgs,9,True,2.3033815299555725e-09,False,1.8903776210945065,bernoulli,bernoulli,5,completed
rep01,start_B,6,poisson,-72.21105917868151,144.42211835736302,,bfgs,16,True,2.7403649571766663e-09,False,0.33602577595341987,bernoulli,bernoulli,5,completed
rep01,start_B,7,bernoulli,-48.66200477938783,97.32400955877566,,bfgs,9,True,7.606678842364545e-10,False,0.7559167659189016,bernoulli,bernoulli,5,completed
rep01,start_B,7,poisson,-73.46629755019822,146.93259510039644,,bfgs,15,True,2.862609882470224e-09,False,0.21835701036554414,bernoulli,bernoulli,5,completed
rep01,start_B,8,bernoulli,-37.92401854728679,75.84803709457358,,bfgs,9,True,6.818908382388856e-10,False,2.033981789170837,bernoulli,bernoulli,5,completed
rep01,start_B,8,poisson,-70.7508557758928,141.5017115517856,,bfgs,19,False,1.5042179590807338e-08,False,0.37445508844952796,bernoulli,bernoulli,5,completed
rep02,start_B,3,bernoulli,-51.867589506910164,103.73517901382033,,bfgs,4,True,1.3322676295501878e-16,True,0.11261626032468047,bernoulli,bernoulli,1,completed
rep02,start_B,3,poisson,-74.77738744674451,149.55477489348903,,bfgs,3,False,1.9531215018631086e-07,False,0.07754012565366059,bernoulli,bernoulli,1,completed
rep02,start_B,4,bernoulli,-51.96437052489883,103.92874104979767,,bfgs,4,True,9.769962616701378e-16,True,0.04809213009752219,bernoulli,bernoulli,1,completed
rep02,start_B,4,poisson,-74.94936471024775,149.8987294204955,,bfgs,3,True,3.842481888227667e-14,True,0.03687355878356591,bernoulli,bernoulli,1,completed
rep02,start_B,5,bernoulli,-51.61105036261663,103.22210072523326,,bfgs,4,True,1.1990408665951691e-15,True,0.20119980099973006,bernoulli,bernoulli,1,completed
rep02,start_B,5,poisson,-74.99994583795485,149.9998916759097,,bfgs,5,True,8.881784197001252e-16,True,0.001201647674511987,bernoulli,bernoulli,1,completed
rep02,start_B,6,bernoulli,-50.81481449303795,101.6296289860759,,bfgs,3,True,1.682414207948568e-11,True,0.360181752203182,bernoulli,bernoulli,1,completed
rep02,start_B,6,poisson,-74.94287221600416,149.88574443200832,,bfgs,5,True,6.581402089977927e-14,True,0.03885573907788913,bernoulli,bernoulli,1,completed
rep02,start_B,7,bernoulli,-48.17913286352273,96.35826572704546,,bfgs,3,True,2.34141595001347e-12,True,0.6784591942004058,bernoulli,bernoulli,1,completed
rep02,start_B,7,poisson,-73.40619638563685,146.8123927712737,,bfgs,5,True,1.9539925233402757e-15,True,0.20807625685938647,bernoulli,bernoulli,1,completed
rep02,start_B,8,bernoulli,-51.945012530146016,103.89002506029203,,bfgs,4,True,3.4416913763379854e-16,True,0.06619545791423974,bernoulli,bernoulli,1,completed
rep02,start_B,8,poisson,-74.96108385882849,149.92216771765698,,bfgs,4,True,5.4599880172645495e-12,True,0.032313631006043335,bernoulli,bernoulli,1,completed
rep02,start_B,3,bernoulli,-49.45798009121097,98.91596018242194,,bfgs,5,True,2.3714852304124178e-11,True,0.5635532267344393,bernoulli,bernoulli,2,completed
rep02,start_B,3,poisson,-74.14541675096439,148.29083350192877,,bfgs,6,True,2.2350121753333952e-12,True,0.1502674653949131,bernoulli,bernoulli,2,completed
rep02,start_B,4,bernoulli,-47.81695844296232,95.63391688592463,,bfgs,5,True,2.5530519920380355e-10,False,0.7659904243181077,bernoulli,bernoulli,2,completed
rep02,start_B,4,poisson,-73.89850181658585,147.7970036331717,,bfgs,8,True,6.666293295154446e-10,False,0.17441417192731684,bernoulli,bernoulli,2,completed
rep02,start_B,5,bernoulli,-51.444142947638646,102.88828589527729,,bfgs,5,True,1.4210854715202005e-15,True,0.2298161059519697,bernoulli,bernoulli,2,completed
rep02,start_B,5,poisson,-74.98298745341819,149.96597490683638,,bfgs,8,True,4.620659410647931e-12,True,0.02148811315758448,bernoulli,bernoulli,2,completed
rep02,start_B,6,bernoulli,-50.36735894732147,100.73471789464294,,bfgs,6,True,8.038014698286134e-15,True,0.4040657394838789,bernoulli,bernoulli,2,completed
rep02,start_B,6,poisson,-74.87257871984552,149.74515743969104,,bfgs,6,False,1.4724400685395266e-07,False,0.05471939594506018,bernoulli,bernoulli,2,completed
rep02,start_B,7,bernoulli,-40.067299735895425,80.13459947179085,,bfgs,6,True,2.0099655273497775e-11,True,1.495116666063932,bernoulli,bernoulli,2,completed
rep02,start_B,7,poisson,-71.86136190269063,143.72272380538126,,bfgs,8,True,1.3234290330288444e-10,False,0.29438132118386146,bernoulli,bernoulli,2,completed
rep02,start_B,8,bernoulli,-50.733534436526554,101.46706887305311,,bfgs,5,True,2.702140733390479e-11,True,0.39266453425275455,bernoulli,bernoulli,2,completed
rep02,start_B,8,poisson,-74.69932891122986,149.3986578224597,,bfgs,5,True,3.559760486382402e-10,False,0.09632771830873514,bernoulli,bernoulli,2,completed
rep02,start_B,3,bernoulli,-48.24985665253534,96.49971330507069,,bfgs,9,True,6.252465212241986e-12,True,0.6844907510093788,bernoulli,bernoulli,3,completed
rep02,start_B,3,poisson,-74.27829739328509,148.55659478657017,,bfgs,10,True,5.702977978749857e-10,False,0.12945520778986883,bernoulli,bernoulli,3,completed
rep02,start_B,4,bernoulli,-46.39285961347879,92.78571922695758,,bfgs,6,True,2.4546284560500455e-09,False,0.9187007593526543,bernoulli,bernoulli,3,completed
rep02,start_B,4,poisson,-73.14108150247397,146.28216300494793,,bfgs,12,True,1.6847385708729235e-10,False,0.24109443622183307,bernoulli,bernoulli,3,completed
rep02,start_B,5,bernoulli,-47.29751028009296,94.59502056018592,,bfgs,8,True,3.105293799876563e-13,True,0.8210905705216671,bernoulli,bernoulli,3,completed
rep02,start_B,5,poisson,-73.10827077205207,146.21654154410413,,bfgs,10,True,1.7673804642015512e-10,False,0.24742397635819843,bernoulli,bernoulli,3,completed
rep02,start_B,6,bernoulli,-50.5067629866683,101.0135259733366,,bfgs,6,True,1.3804068998979347e-12,True,0.3807227628520239,bernoulli,bernoulli,3,completed
rep02,start_B,6,poisson,-74.69700286716872,149.39400573433744,,bfgs,8,True,1.0506724379411025e-10,False,0.09601550596113863,bernoulli,bernoulli,3,completed
rep02,start_B,7,bernoulli,-40.754278820733326,81.50855764146665,,bfgs,7,True,7.631271392583017e-10,False,1.3597536782328241,bernoulli,bernoulli,3,completed
rep02,start_B,7,poisson,-71.06679823449853,142.13359646899707,,bfgs,10,True,2.324557657473747e-10,False,0.32914875893560525,bernoulli,bernoulli,3,completed
rep02,start_B,8,bernoulli,-50.54099755962342,101.08199511924684,,bfgs,6,True,8.034704990222962e-09,False,0.43960769014330714,bernoulli,bernoulli,3,completed
rep02,start_B,8,poisson,-74.7375728247448,149.4751456494896,,bfgs,8,True,4.329576697159609e-11,True,0.08855511312815212,bernoulli,bernoulli,3,completed
rep02,start_B,3,bernoulli,-47.38841466412201,94.77682932824402,,bfgs,8,True,1.6320331752694984e-10,False,0.7579435889674129,bernoulli,bernoulli,4,completed
rep02,start_B,3,poisson,-74.05163483165022,148.10326966330044,,bfgs,13,True,2.7551738668307735e-11,True,0.15452769492205418,bernoulli,bernoulli,4,completed
rep02,start_B,4,bernoulli,-46.83626361449228,93.67252722898456,,bfgs,8,True,1.7453061218475342e-11,True,0.799321410923678,bernoulli,bernoulli,4,completed
rep02,start_B,4,poisson,-73.58773708155266,147.17547416310532,,bfgs,13,True,4.056222868698001e-09,False,0.19510657047894464,bernoulli,bernoulli,4,completed
rep02,start_B,5,bernoulli,-45.70383152854872,91.40766305709744,,bfgs,9,True,4.761480099091386e-12,True,0.9581046296386673,bernoulli,bernoulli,4,completed
rep02,start_B,5,poisson,-73.06289149308914,146.12578298617828,,bfgs,13,True,9.188587668518267e-10,False,0.23387675243013029,bernoulli,bernoulli,4,completed
rep02,start_B,6,bernoulli,-50.319454158275896,100.63890831655179,,bfgs,9,True,9.35918009759007e-13,True,0.3935792109079448,bernoulli,bernoulli,4,completed
rep02,start_B,6,poisson,-74.71781826752276,149.43563653504552,,bfgs,9,False,3.3872073323948373e-08,False,0.10203980752542001,bernoulli,bernoulli,4,completed
rep02,start_B,7,bernoulli,-40.098979806714624,80.19795961342925,,bfgs,7,False,1.348231482012352e-08,False,1.3760120758440795,bernoulli,bernoulli,4,completed
rep02,start_B,7,poisson,-70.56975268599814,141.13950537199628,,bfgs,10,False,1.268773287738112e-07,False,0.3497426988975716,bernoulli,bernoulli,4,completed
rep02,start_B,8,bernoulli,-50.28925236646634,100.57850473293269,,bfgs,8,True,3.4559910488951572e-12,True,0.4741160951675992,bernoulli,bernoulli,4,completed
rep02,start_B,8,poisson,-74.52786325143558,149.05572650287115,,bfgs,10,True,3.1324021154688354e-11,True,0.10821551197196008,bernoulli,bernoulli,4,completed
rep02,start_B,3,bernoulli,-46.59299392946118,93.18598785892236,,bfgs,9,True,5.482338139017884e-10,False,0.8120609544636622,bernoulli,bernoulli,5,completed
rep02,start_B,3,poisson,-73.76816376944262,147.53632753888525,,bfgs,15,False,1.915201042201886e-08,False,0.18383842459042504,bernoulli,bernoulli,5,completed
rep02,start_B,4,bernoulli,-46.09132010590819,92.18264021181638,,bfgs,12,True,3.35054206601626e-12,True,0.8737593942538989,bernoulli,bernoulli,5,completed
rep02,start_B,4,poisson,-72.2916726889145,144.583345377829,,bfgs,14,True,1.576914154810538e-11,True,0.3083223156748364,bernoulli,bernoulli,5,completed
rep02,start_B,5,bernoulli,-45.53059497179946,91.06118994359892,,bfgs,10,True,7.203180274473198e-11,True,0.9605535224826,bernoulli,bernoulli,5,completed
rep02,start_B,5,poisson,-72.35416224461906,144.70832448923812,,bfgs,14,True,1.113870773394865e-09,False,0.2814197276153982,bernoulli,bernoulli,5,completed
rep02,start_B,6,bernoulli,-48.33895726439505,96.6779145287901,,bfgs,10,True,3.912054680199617e-10,False,0.7926671267867019,bernoulli,bernoulli,5,completed
rep02,start_B,6,poisson,-74.78516419432378,149.57032838864757,,bfgs,12,True,9.603244865985516e-09,False,0.07131276761854556,bernoulli,bernoulli,5,completed
rep02,start_B,7,bernoulli,-40.23663525295804,80.47327050591608,,bfgs,9,True,3.1868729877260193e-12,True,1.2104457510973172,bernoulli,bernoulli,5,completed
rep02,start_B,7,poisson,-70.54469930503105,141.0893986100621,,bfgs,13,True,1.0875522704623108e-12,True,0.3227250160502243,bernoulli,bernoulli,5,completed
rep02,start_B,8,bernoulli,-50.215908062889184,100.43181612577837,,bfgs,9,True,2.8337332480532496e-12,True,0.43496956331137593,bernoulli,bernoulli,5,completed
rep02,start_B,8,poisson,-73.9662910379687,147.9325820759374,,bfgs,14,False,1.7984869415954564e-08,False,0.21768865412205674,bernoulli,bernoulli,5,completed
rep03,start_B,3,bernoulli,-51.88593835124281,103.77187670248561,,bfgs,3,True,4.503064587879635e-14,True,0.10351340677752896,bernoulli,bernoulli,1,completed
rep03,start_B,3,poisson,-74.98690219998102,149.97380439996203,,bfgs,4,True,9.273328771541855e-11,True,0.018653856373355843,bernoulli,bernoulli,1,completed
rep03,start_B,4,bernoulli,-51.98559366082058,103.97118732164115,,bfgs,3,True,6.217248937900876e-16,True,0.006888739696092313,bernoulli,bernoulli,1,completed
rep03,start_B,4,poisson,-74.99891023980473,149.99782047960946,,bfgs,4,True,1.4210854715202004e-14,True,0.0053934589827482815,bernoulli,bernoulli,1,completed
rep03,start_B,5,bernoulli,-51.331304745529465,102.66260949105893,,bfgs,3,True,7.396967482975469e-11,True,0.26733666613552165,bernoulli,bernoulli,1,completed
rep03,start_B,5,poisson,-74.79940984523621,149.59881969047242,,bfgs,4,True,3.810285420513537e-13,True,0.07352053702486733,bernoulli,bernoulli,1,completed
rep03,start_B,6,bernoulli,-51.52495044711668,103.04990089423336,,bfgs,3,True,2.3665647219672793e-11,True,0.22358021867915842,bernoulli,bernoulli,1,completed
rep03,start_B,6,poisson,-74.91338075936949,149.82676151873898,,bfgs,5,True,5.240252676230739e-15,True,0.04780887200994677,bernoulli,bernoulli,1,completed
rep03,start_B,7,bernoulli,-51.09133595808621,102.18267191617242,,bfgs,4,True,8.205218726686781e-11,True,0.3138401438169282,bernoulli,bernoulli,1,completed
rep03,start_B,7,poisson,-74.81911175488074,149.63822350976147,,bfgs,5,False,3.305248776896974e-08,False,0.06889641812741831,bernoulli,bernoulli,1,completed
rep03,start_B,8,bernoulli,-51.25059637002575,102.5011927400515,,bfgs,3,True,1.2467410215322162e-09,False,0.28373954848701044,bernoulli,bernoulli,1,completed
rep03,start_B,8,poisson,-74.7772940783386,149.5545881566772,,bfgs,4,True,1.240252345269255e-12,True,0.07748176632456426,bernoulli,bernoulli,1,completed
rep03,start_B,3,bernoulli,-44.91011445574799,89.82022891149597,,bfgs,6,True,7.072120666862247e-14,True,1.2049867215162726,bernoulli,bernoulli,2,completed
rep03,start_B,3,poisson,-71.73277441658273,143.46554883316546,,bfgs,9,True,2.113864638886298e-14,True,0.3669587756889588,bernoulli,bernoulli,2,completed
rep03,start_B,4,bernoulli,-51.879014207171245,103.75802841434249,,bfgs,6,True,5.39035482916006e-13,True,0.12633551585757744,bernoulli,bernoulli,2,completed
rep03,start_B,4,poisson,-74.8708073127336,149.7416146254672,,bfgs,6,True,5.497189092817934e-11,True,0.06900393581231958,bernoulli,bernoulli,2,completed
rep03,start_B,5,bernoulli,-51.22854780253351,102.45709560506702,,bfgs,4,False,1.2506109960952472e-07,False,0.27175094190091886,bernoulli,bernoulli,2,completed
rep03,start_B,5,poisson,-74.26677643609699,148.53355287219398,,bfgs,6,True,8.372919024779435e-11,True,0.15695201062885777,bernoulli,bernoulli,2,completed
rep03,start_B,6,bernoulli,-48.73090413355711,97.46180826711422,,bfgs,5,False,1.9263123163248962e-08,False,0.7219499247282208,bernoulli,bernoulli,2,completed
rep03,start_B,6,poisson,-74.851448228073,149.702896456146,,bfgs,11,True,1.1265317567676902e-10,False,0.0677760439306339,bernoulli,bernoulli,2,completed
rep03,start_B,7,bernoulli,-48.178709769625584,96.35741953925117,,bfgs,6,True,5.834459582132468e-11,True,0.7588207698314315,bernoulli,bernoulli,2,completed
rep03,start_B,7,poisson,-74.74951578486179,149.49903156972357,,bfgs,9,True,1.30972797052209e-09,False,0.08090290483666787,bernoulli,bernoulli,2,completed
rep03,start_B,8,bernoulli,-51.327734158574934,102.65546831714987,,bfgs,5,True,6.144418307485466e-13,True,0.24244240102276127,bernoulli,bernoulli,2,completed
rep03,start_B,8,poisson,-74.38137409043982,148.76274818087964,,bfgs,6,True,1.197876686731547e-10,False,0.14149350808828956,bernoulli,bernoulli,2,completed
rep03,start_B,3,bernoulli,-46.545207798408924,93.09041559681785,,bfgs,7,True,3.057870401335094e-10,False,0.9315530197853727,bernoulli,bernoulli,3,completed
rep03,start_B,3,poisson,-71.85891540527822,143.71783081055645,,bfgs,10,True,2.776814334026767e-10,False,0.331983495200274,bernoulli,bernoulli,3,completed
rep03,start_B,4,bernoulli,-50.86442274478013,101.72884548956026,,bfgs,7,True,1.8407497748285095e-13,True,0.42059934169716434,bernoulli,bernoulli,3,completed
rep03,start_B,4,poisson,-74.83328025860027,149.66656051720054,,bfgs,7,True,7.251490519166736e-11,True,0.07439985278632961,bernoulli,bernoulli,3,completed
rep03,start_B,5,bernoulli,-49.60683590102293,99.21367180204587,,bfgs,7,True,3.2629898782943202e-12,True,0.5798005572695784,bernoulli,bernoulli,3,completed
rep03,start_B,5,poisson,-74.22685354053476,148.45370708106952,,bfgs,8,True,1.3412497779086152e-09,False,0.15341678592777638,bernoulli,bernoulli,3,completed
rep03,start_B,6,bernoulli,-47.287357704678975,94.57471540935795,,bfgs,6,True,3.048272745331815e-12,True,0.8821739945829595,bernoulli,bernoulli,3,completed
rep03,start_B,6,poisson,-73.56568783593433,147.13137567186865,,bfgs,11,True,9.514473653382538e-11,True,0.23737634675408995,bernoulli,bernoulli,3,completed
rep03,start_B,7,bernoulli,-46.80586687393717,93.61173374787434,,bfgs,7,True,9.56212353742103e-10,False,0.8852176091297688,bernoulli,bernoulli,3,completed
rep03,start_B,7,poisson,-74.7094072699962,149.4188145399924,,bfgs,10,False,1.8613961838553904e-08,False,0.08116785498168658,bernoulli,bernoulli,3,completed
rep03,start_B,8,bernoulli,-50.97249385801033,101.94498771602066,,bfgs,7,True,2.0120527466360728e-11,True,0.29690807626843535,bernoulli,bernoulli,3,completed
rep03,start_B,8,poisson,-73.84681845439705,147.6936369087941,,bfgs,10,True,1.1781113862241454e-10,False,0.1967672627229233,bernoulli,bernoulli,3,completed
rep03,start_B,3,bernoulli,-46.051518155684036,92.10303631136807,,bfgs,8,True,2.3251603420426648e-10,False,0.9056669545701816,bernoulli,bernoulli,4,completed
rep03,start_B,3,poisson,-71.50695290922609,143.01390581845217,,bfgs,13,False,3.248264257016409e-08,False,0.33779769110879787,bernoulli,bernoulli,4,completed
rep03,start_B,4,bernoulli,-51.216408626687965,102.43281725337593,,bfgs,8,True,8.483239111178876e-12,True,0.3202839340879498,bernoulli,bernoulli,4,completed
rep03,start_B,4,poisson,-74.73606711426034,149.47213422852067,,bfgs,9,True,1.6720536066827664e-11,True,0.10308909878181668,bernoulli,bernoulli,4,completed
rep03,start_B,5,bernoulli,-48.02191326170238,96.04382652340476,,bfgs,8,True,5.429541150014928e-10,False,0.9058356251387198,bernoulli,bernoulli,4,completed
rep03,start_B,5,poisson,-73.0223594591306,146.0447189182612,,bfgs,8,False,9.214483660535678e-08,False,0.312652444653742,bernoulli,bernoulli,4,completed
rep03,start_B,6,bernoulli,-46.67530461277816,93.35060922555633,,bfgs,8,True,2.6483792936460303e-11,True,0.9587800087089133,bernoulli,bernoulli,4,completed
rep03,start_B,6,poisson,-73.80936488945363,147.61872977890727,,bfgs,12,True,8.569694287530183e-10,False,0.19868304386342692,bernoulli,bernoulli,4,completed
rep03,start_B,7,bernoulli,-46.267547350446065,92.53509470089213,,bfgs,8,True,9.313010168598979e-10,False,0.879233779113896,bernoulli,bernoulli,4,completed
rep03,start_B,7,poisson,-74.44632104204473,148.89264208408946,,bfgs,12,True,4.812854026425839e-09,False,0.1321993324763866,bernoulli,bernoulli,4,completed
rep03,start_B,8,bernoulli,-49.77765587411046,99.55531174822092,,bfgs,8,True,5.721474322095687e-10,False,0.6436490297450186,bernoulli,bernoulli,4,completed
rep03,start_B,8,poisson,-73.0850739490261,146.1701478980522,,bfgs,10,True,6.614964687123859e-11,True,0.29391531374227364,bernoulli,bernoulli,4,completed
rep03,start_B,3,bernoulli,-43.949780182084986,87.89956036416997,,bfgs,11,True,7.551292924290465e-13,True,1.1461306195897076,bernoulli,bernoulli,5,completed
rep03,start_B,3,poisson,-71.27254034366582,142.54508068733165,,bfgs,14,True,3.5999292435917596e-10,False,0.33797444903056945,bernoulli,bernoulli,5,completed
rep03,start_B,4,bernoulli,-50.61853869672034,101.23707739344069,,bfgs,9,True,1.2269973481693341e-09,False,0.4201218547674881,bernoulli,bernoulli,5,completed
rep03,start_B,4,poisson,-74.75076694931607,149.50153389863215,,bfgs,14,True,5.6725616204289505e-09,False,0.09603598304756629,bernoulli,bernoulli,5,completed
rep03,start_B,5,bernoulli,-45.68965032010847,91.37930064021694,,bfgs,10,True,8.448575172792516e-12,True,1.0953500919325823,bernoulli,bernoulli,5,completed
rep03,start_B,5,poisson,-73.05915660239418,146.11831320478836,,bfgs,13,True,2.1635952585086217e-09,False,0.26625586258929734,bernoulli,bernoulli,5,completed
rep03,start_B,6,bernoulli,-46.069600309422164,92.13920061884433,,bfgs,10,True,3.5301139789112315e-11,True,0.9544466916980592,bernoulli,bernoulli,5,completed
rep03,start_B,6,poisson,-73.36924902564466,146.73849805128933,,bfgs,14,True,5.00882464393726e-09,False,0.2274264235876231,bernoulli,bernoulli,5,completed
rep03,start_B,7,bernoulli,-40.393519111527326,80.78703822305465,,bfgs,9,True,1.0050839716058135e-09,False,1.6453136666333323,bernoulli,bernoulli,5,completed
rep03,start_B,7,poisson,-73.62284411286959,147.24568822573917,,bfgs,16,True,8.659308470271298e-09,False,0.23595348589393603,bernoulli,bernoulli,5,completed
rep03,start_B,8,bernoulli,-50.020896936551736,100.04179387310347,,bfgs,10,True,1.2452261444195755e-13,True,0.5613207061657904,bernoulli,bernoulli,5,completed
rep03,start_B,8,poisson,-73.50656842775672,147.01313685551344,,bfgs,10,True,5.446231021721814e-10,False,0.22649814181109468,bernoulli,bernoulli,5,completed
rep04,start_B,3,bernoulli,-48.283216529355755,96.56643305871151,,bfgs,5,True,3.108624468950438e-16,True,0.6826666447430161,bernoulli,bernoulli,1,completed
rep04,start_B,3,poisson,-74.78263395947201,149.56526791894402,,bfgs,8,True,1.6040502259784262e-12,True,0.07448286131199999,bernoulli,bernoulli,1,completed
rep04,start_B,4,bernoulli,-50.18225833449709,100.36451666899418,,bfgs,4,True,6.217248937900876e-16,True,0.456548220919406,bernoulli,bernoulli,1,completed
rep04,start_B,4,poisson,-73.67175271999756,147.3435054399951,,bfgs,4,True,7.204903340607416e-13,True,0.19576494399236488,bernoulli,bernoulli,1,completed
rep04,start_B,5,bernoulli,-50.677853430986026,101.35570686197205,,bfgs,4,True,2.970956813896919e-14,True,0.3845325452807593,bernoulli,bernoulli,1,completed
rep04,start_B,5,poisson,-74.98978576114004,149.97957152228008,,bfgs,5,True,4.415889875986068e-12,True,0.016429579313853627,bernoulli,bernoulli,1,completed
rep04,start_B,6,bernoulli,-50.36216207680659,100.72432415361318,,bfgs,3,True,2.9673552504050346e-11,True,0.43144782394107134,bernoulli,bernoulli,1,completed
rep04,start_B,6,poisson,-74.9731415580635,149.946283116127,,bfgs,5,True,6.480060932290143e-12,True,0.02656528081183424,bernoulli,bernoulli,1,completed
rep04,start_B,7,bernoulli,-51.458599408926105,102.91719881785221,,bfgs,4,True,9.769962616701378e-16,True,0.23997257090788632,bernoulli,bernoulli,1,completed
rep04,start_B,7,poisson,-74.29329355163189,148.58658710326378,,bfgs,5,True,7.216449660063518e-16,True,0.14162889202609863,bernoulli,bernoulli,1,completed
rep04,start_B,8,bernoulli,-51.98593573262177,103.97187146524354,,bfgs,3,True,8.215650382226158e-15,True,0.0033115529561164874,bernoulli,bernoulli,1,completed
rep04,start_B,8,poisson,-74.77452231292236,149.54904462584472,,bfgs,5,True,6.883382752675971e-16,True,0.07903962672633644,bernoulli,bernoulli,1,completed
rep04,start_B,3,bernoulli,-43.631280094304856,87.26256018860971,,bfgs,5,True,4.929916030960157e-10,False,1.1481329996808176,bernoulli,bernoulli,2,completed
rep04,start_B,3,poisson,-73.01168300605026,146.02336601210052,,bfgs,10,True,2.078337502098293e-13,True,0.24132191792460483,bernoulli,bernoulli,2,completed
rep04,start_B,4,bernoulli,-49.441128508045175,98.88225701609035,,bfgs,5,True,7.786837841194939e-12,True,0.5495439545988856,bernoulli,bernoulli,2,completed
rep04,start_B,4,poisson,-73.21696056319603,146.43392112639205,,bfgs,7,True,1.4668710690557418e-12,True,0.22426713056511308,bernoulli,bernoulli,2,completed
rep04,start_B,5,bernoulli,-46.14930731694632,92.29861463389264,,bfgs,5,True,1.4137668813418714e-11,True,0.9197682507278971,bernoulli,bernoulli,2,completed
rep04,start_B,5,poisson,-74.56003181027343,149.12006362054686,,bfgs,11,True,3.012905480659356e-11,True,0.10743516125616703,bernoulli,bernoulli,2,completed
rep04,start_B,6,bernoulli,-50.32947566131047,100.65895132262094,,bfgs,5,True,2.9469759965650156e-13,True,0.4319249167859836,bernoulli,bernoulli,2,completed
rep04,start_B,6,poisson,-74.79633415802839,149.59266831605677,,bfgs,7,True,7.437597204784651e-11,True,0.07684299481602684,bernoulli,bernoulli,2,completed
rep04,start_B,7,bernoulli,-50.80635619572642,101.61271239145285,,bfgs,5,True,2.7537971902802384e-13,True,0.3660316485500068,bernoulli,bernoulli,2,completed
rep04,start_B,7,poisson,-73.83446929808731,147.66893859617463,,bfgs,7,True,9.905383180353055e-11,True,0.1799032263387455,bernoulli,bernoulli,2,completed
rep04,start_B,8,bernoulli,-51.89636532769153,103.79273065538305,,bfgs,5,True,4.329958613880081e-12,True,0.09472874478318888,bernoulli,bernoulli,2,completed
rep04,start_B,8,poisson,-74.75552975941359,149.51105951882718,,bfgs,8,True,6.772360450213455e-15,True,0.08041795113195711,bernoulli,bernoulli,2,completed
rep04,start_B,3,bernoulli,-41.698255931121864,83.39651186224373,,bfgs,7,True,8.105516258183343e-12,True,1.2581446927295552,bernoulli,bernoulli,3,completed
rep04,start_B,3,poisson,-72.5969667113817,145.1939334227634,,bfgs,11,False,1.2953316996799913e-08,False,0.24759244774874398,bernoulli,bernoulli,3,completed
rep04,start_B,4,bernoulli,-49.289031106469665,98.57806221293933,,bfgs,7,True,4.1282837148770567e-10,False,0.5806979925327204,bernoulli,bernoulli,3,completed
rep04,start_B,4,poisson,-73.4740906051309,146.9481812102618,,bfgs,11,False,3.903472176602918e-08,False,0.2003404639523911,bernoulli,bernoulli,3,completed
rep04,start_B,5,bernoulli,-42.88304459526579,85.76608919053157,,bfgs,8,True,7.942086988066421e-11,True,1.2493564518837847,bernoulli,bernoulli,3,completed
rep04,start_B,5,poisson,-74.38008260399756,148.76016520799513,,bfgs,11,True,7.559508574672691e-12,True,0.12971364780643846,bernoulli,bernoulli,3,completed
rep04,start_B,6,bernoulli,-49.37066628025593,98.74133256051186,,bfgs,7,True,5.074406250749064e-09,False,0.5606331801389494,bernoulli,bernoulli,3,completed
rep04,start_B,6,poisson,-74.7579346030777,149.5158692061554,,bfgs,9,True,7.913661947966944e-11,True,0.07853002197924738,bernoulli,bernoulli,3,completed
rep04,start_B,7,bernoulli,-44.43212118522344,88.86424237044687,,bfgs,7,True,4.913834228403858e-10,False,1.1223839593835228,bernoulli,bernoulli,3,completed
rep04,start_B,7,poisson,-71.50417524485479,143.00835048970958,,bfgs,10,True,2.5956998772613816e-10,False,0.3348753026118599,bernoulli,bernoulli,3,completed
rep04,start_B,8,bernoulli,-50.22332906474682,100.44665812949364,,bfgs,7,True,1.127986593019159e-12,True,0.49956278280096494,bernoulli,bernoulli,3,completed
rep04,start_B,8,poisson,-73.75221773816047,147.50443547632094,,bfgs,8,False,8.90056584879062e-08,False,0.20230232337668333,bernoulli,bernoulli,3,completed
rep04,start_B,3,bernoulli,-41.05325540036308,82.10651080072616,,bfgs,7,False,2.276179742466411e-08,False,1.2413566022970868,bernoulli,bernoulli,4,completed
rep04,start_B,3,poisson,-72.6603977559806,145.3207955119612,,bfgs,11,True,1.7257148376970122e-09,False,0.22588421185607707,bernoulli,bernoulli,4,completed
rep04,start_B,4,bernoulli,-46.52943288127981,93.05886576255962,,bfgs,9,True,6.282037584570688e-10,False,0.9461360827940442,bernoulli,bernoulli,4,completed
rep04,start_B,4,poisson,-72.6552408483066,145.3104816966132,,bfgs,14,True,3.106981338873993e-10,False,0.26079344211293726,bernoulli,bernoulli,4,completed
rep04,start_B,5,bernoulli,-43.77273461284028,87.54546922568056,,bfgs,8,True,8.992362410253918e-13,True,1.0491016961707713,bernoulli,bernoulli,4,completed
rep04,start_B,5,poisson,-74.48947096866883,148.97894193733765,,bfgs,16,True,1.0871303857129533e-13,True,0.10566976133804357,bernoulli,bernoulli,4,completed
rep04,start_B,6,bernoulli,-47.59278435596995,95.1855687119399,,bfgs,8,True,1.16399956340274e-10,False,0.7677329163059182,bernoulli,bernoulli,4,completed
rep04,start_B,6,poisson,-74.60856652738299,149.21713305476598,,bfgs,14,True,2.975593993426173e-10,False,0.10691696729782026,bernoulli,bernoulli,4,completed
rep04,start_B,7,bernoulli,-44.65646135591176,89.31292271182352,,bfgs,8,True,5.30416599531236e-11,True,1.069205696527011,bernoulli,bernoulli,4,completed
rep04,start_B,7,poisson,-71.44222061226378,142.88444122452756,,bfgs,12,True,2.1476698197631094e-11,True,0.32857598805709987,bernoulli,bernoulli,4,completed
rep04,start_B,8,bernoulli,-47.506490260818744,95.01298052163749,,bfgs,9,True,3.875726406477043e-11,True,0.9594461098521716,bernoulli,bernoulli,4,completed
rep04,start_B,8,poisson,-73.1385027586072,146.2770055172144,,bfgs,8,False,5.136294007890285e-07,False,0.24736683514311095,bernoulli,bernoulli,4,completed
rep04,start_B,3,bernoulli,-37.0714630031887,74.1429260063774,,bfgs,10,True,1.0347278589506459e-11,True,1.6805519523191934,bernoulli,bernoulli,5,completed
rep04,start_B,3,poisson,-70.89344467600588,141.78688935201177,,bfgs,14,True,3.299246742471951e-09,False,0.36253985569064356,bernoulli,bernoulli,5,completed
rep04,start_B,4,bernoulli,-47.10741981997769,94.21483963995539,,bfgs,11,True,4.425499966487223e-11,True,0.8298468075704506,bernoulli,bernoulli,5,completed
rep04,start_B,4,poisson,-72.23789375663155,144.4757875132631,,bfgs,14,True,7.494867126922599e-09,False,0.3118823898771263,bernoulli,bernoulli,5,completed
rep04,start_B,5,bernoulli,-42.17513122694732,84.35026245389464,,bfgs,9,True,1.01349710845966e-09,False,1.1954965452434432,bernoulli,bernoulli,5,completed
rep04,start_B,5,poisson,-74.25418287205153,148.50836574410306,,bfgs,15,False,2.849910671898215e-08,False,0.13453202604534698,bernoulli,bernoulli,5,completed
rep04,start_B,6,bernoulli,-44.95427358460038,89.90854716920076,,bfgs,8,False,1.4333576991987229e-08,False,1.1566031198514095,bernoulli,bernoulli,5,completed
rep04,start_B,6,poisson,-73.0381173542645,146.076234708529,,bfgs,15,True,3.205258614080719e-10,False,0.3008889186992802,bernoulli,bernoulli,5,completed
rep04,start_B,7,bernoulli,-39.072075184786215,78.14415036957243,,bfgs,9,True,7.472594187873937e-09,False,1.6904995133894882,bernoulli,bernoulli,5,completed
rep04,start_B,7,poisson,-68.81357796807156,137.6271559361431,,bfgs,14,True,1.50917145447238e-10,False,0.4868448853494449,bernoulli,bernoulli,5,completed
rep04,start_B,8,bernoulli,-45.375001385771114,90.75000277154223,,bfgs,9,True,2.0749766349581478e-10,False,1.238387491388713,bernoulli,bernoulli,5,completed
rep04,start_B,8,poisson,-73.54004083124467,147.08008166248933,,bfgs,12,True,2.183103653408125e-09,False,0.19426608079748303,bernoulli,bernoulli,5,completed
rep05,start_B,3,bernoulli,-51.110565100965104,102.22113020193021,,bfgs,5,True,2.6908891115340337e-09,False,0.3104728898858779,bernoulli,bernoulli,1,completed
rep05,start_B,3,poisson,-74.93139804903012,149.86279609806024,,bfgs,5,True,1.8127721546079555e-13,True,0.04254242461091468,bernoulli,bernoulli,1,completed
rep05,start_B,4,bernoulli,-51.9317250999238,103.8634501998476,,bfgs,4,True,1.6653345369377348e-15,True,0.07618944339447256,bernoulli,bernoulli,1,completed
rep05,start_B,4,poisson,-74.89753130626461,149.79506261252922,,bfgs,4,True,3.2332692079251047e-12,True,0.05253504376638124,bernoulli,bernoulli,1,completed
rep05,start_B,5,bernoulli,-47.82402532587255,95.6480506517451,,bfgs,4,True,1.3322676295501878e-15,True,0.7189255282070963,bernoulli,bernoulli,1,completed
rep05,start_B,5,poisson,-73.5458586260003,147.0917172520006,,bfgs,4,True,3.998659181547737e-11,True,0.19877302321439339,bernoulli,bernoulli,1,completed
rep05,start_B,6,bernoulli,-50.4006976306927,100.8013952613854,,bfgs,2,True,3.058620023921321e-12,True,0.42321923075096873,bernoulli,bernoulli,1,completed
rep05,start_B,6,poisson,-74.30941856923208,148.61883713846416,,bfgs,4,True,1.837152652228724e-12,True,0.13696221896984612,bernoulli,bernoulli,1,completed
rep05,start_B,7,bernoulli,-50.232809370785745,100.46561874157149,,bfgs,3,True,1.5649614937274238e-11,True,0.44642756047630094,bernoulli,bernoulli,1,completed
rep05,start_B,7,poisson,-74.25551815792193,148.51103631584385,,bfgs,4,True,6.969536059386883e-12,True,0.14222234456053306,bernoulli,bernoulli,1,completed
rep05,start_B,8,bernoulli,-48.26359681306637,96.52719362613274,,bfgs,4,True,1.1191048088221578e-14,True,0.6743999843167359,bernoulli,bernoulli,1,completed
rep05,start_B,8,poisson,-74.46043763800992,148.92087527601984,,bfgs,7,True,9.769962616701378e-16,True,0.11784201587292259,bernoulli,bernoulli,1,completed
rep05,start_B,3,bernoulli,-50.74950915917014,101.49901831834028,,bfgs,4,True,3.2169422681249673e-11,True,0.35490636811910986,bernoulli,bernoulli,2,completed
rep05,start_B,3,poisson,-74.86698793247335,149.7339758649467,,bfgs,6,True,6.316928313765402e-10,False,0.05752166059338291,bernoulli,bernoulli,2,completed
rep05,start_B,4,bernoulli,-49.98624972138684,99.97249944277368,,bfgs,6,True,4.1726622157511884e-13,True,0.5132684272403841,bernoulli,bernoulli,2,completed
rep05,start_B,4,poisson,-73.80832623380789,147.61665246761578,,bfgs,6,True,7.009985925066076e-11,True,0.19314458548451408,bernoulli,bernoulli,2,completed
rep05,start_B,5,bernoulli,-44.97105502397555,89.9421100479511,,bfgs,6,True,7.161315984660632e-12,True,0.9926660237191327,bernoulli,bernoulli,2,completed
rep05,start_B,5,poisson,-73.28680164639563,146.57360329279126,,bfgs,8,True,3.436970708037279e-11,True,0.20970422471126154,bernoulli,bernoulli,2,completed
rep05,start_B,6,bernoulli,-48.534234529046195,97.06846905809239,,bfgs,5,True,1.3717104785371248e-09,False,0.6429469579674838,bernoulli,bernoulli,2,completed
rep05,start_B,6,poisson,-74.0387113997791,148.0774227995582,,bfgs,9,True,1.5128165387068292e-11,True,0.1551223063794655,bernoulli,bernoulli,2,completed
rep05,start_B,7,bernoulli,-49.78909208270752,99.57818416541504,,bfgs,5,True,6.034728272652501e-13,True,0.4815336078359716,bernoulli,bernoulli,2,completed
rep05,start_B,7,poisson,-74.0788681602078,148.1577363204156,,bfgs,5,True,2.6391111518364596e-09,False,0.1507737732693905,bernoulli,bernoulli,2,completed
rep05,start_B,8,bernoulli,-47.787994109654264,95.57598821930853,,bfgs,6,True,2.0528467814528996e-12,True,0.7055954334112596,bernoulli,bernoulli,2,completed
rep05,start_B,8,poisson,-74.58442558325763,149.16885116651525,,bfgs,9,True,1.1498456631287013e-10,False,0.09933613605595086,bernoulli,bernoulli,2,completed
rep05,start_B,3,bernoulli,-46.83043373844428,93.66086747688855,,bfgs,6,True,1.831880425129384e-10,False,0.8995698960836181,bernoulli,bernoulli,3,completed
rep05,start_B,3,poisson,-74.23988606536322,148.47977213072645,,bfgs,11,True,7.988694328275869e-09,False,0.15371648371012525,bernoulli,bernoulli,3,completed
rep05,start_B,4,bernoulli,-49.85042358411607,99.70084716823214,,bfgs,8,True,7.21724013885705e-11,True,0.5014280401594571,bernoulli,bernoulli,3,completed
rep05,start_B,4,poisson,-73.71128824215425,147.4225764843085,,bfgs,8,True,4.1462389077651095e-13,True,0.1905566167991641,bernoulli,bernoulli,3,completed
rep05,start_B,5,bernoulli,-44.30567457181475,88.6113491436295,,bfgs,8,True,6.171607669358537e-12,True,0.9840367320883314,bernoulli,bernoulli,3,completed
rep05,start_B,5,poisson,-73.24988904485312,146.49977808970624,,bfgs,9,True,1.0212852785684845e-11,True,0.19788448609116502,bernoulli,bernoulli,3,completed
rep05,start_B,6,bernoulli,-47.74906151273827,95.49812302547654,,bfgs,6,True,5.427036597893675e-12,True,0.6974266238994694,bernoulli,bernoulli,3,completed
rep05,start_B,6,poisson,-74.0067864266609,148.0135728533218,,bfgs,10,True,9.375384468768288e-10,False,0.1498211380520852,bernoulli,bernoulli,3,completed
rep05,start_B,7,bernoulli,-48.42761273196652,96.85522546393304,,bfgs,7,True,1.2179723896110772e-11,True,0.6623930373638593,bernoulli,bernoulli,3,completed
rep05,start_B,7,poisson,-73.59993842370875,147.1998768474175,,bfgs,9,True,8.715224097954888e-11,True,0.18941914581447336,bernoulli,bernoulli,3,completed
rep05,start_B,8,bernoulli,-46.458471677426736,92.91694335485347,,bfgs,6,True,3.6978843542812e-09,False,0.7857379382742715,bernoulli,bernoulli,3,completed
rep05,start_B,8,poisson,-74.3888971139842,148.7777942279684,,bfgs,11,True,1.739296637270904e-10,False,0.11449526343732533,bernoulli,bernoulli,3,completed
rep05,start_B,3,bernoulli,-46.55955339544839,93.11910679089678,,bfgs,10,True,4.254803176451105e-10,False,0.8717635297573103,bernoulli,bernoulli,4,completed
rep05,start_B,3,poisson,-73.89620772597209,147.79241545194418,,bfgs,11,True,1.8573652837972076e-09,False,0.17846054266080677,bernoulli,bernoulli,4,completed
rep05,start_B,4,bernoulli,-48.21747851321821,96.43495702643642,,bfgs,7,True,1.5253380780677617e-09,False,0.7310828498729365,bernoulli,bernoulli,4,completed
rep05,start_B,4,poisson,-73.85193658435053,147.70387316870105,,bfgs,9,False,8.399788926638508e-08,False,0.17252862804429275,bernoulli,bernoulli,4,completed
rep05,start_B,5,bernoulli,-42.292628249630795,84.58525649926159,,bfgs,9,True,1.1087150642019595e-11,True,1.1432152083283422,bernoulli,bernoulli,4,completed
rep05,start_B,5,poisson,-72.79590685087253,145.59181370174505,,bfgs,12,True,5.499511956941205e-12,True,0.21937891676940413,bernoulli,bernoulli,4,completed
rep05,start_B,6,bernoulli,-47.27031657993973,94.54063315987946,,bfgs,8,True,2.3175337204861535e-10,False,0.7693091723252251,bernoulli,bernoulli,4,completed
rep05,start_B,6,poisson,-73.86964379404378,147.73928758808756,,bfgs,12,False,1.5441448342201625e-08,False,0.1603868913859944,bernoulli,bernoulli,4,completed
rep05,start_B,7,bernoulli,-45.175158180843084,90.35031636168617,,bfgs,8,True,6.545199382479439e-10,False,1.1364708222065194,bernoulli,bernoulli,4,completed
rep05,start_B,7,poisson,-73.53394081872129,147.06788163744258,,bfgs,11,False,1.2354301759387453e-08,False,0.20204794222691497,bernoulli,bernoulli,4,completed
rep05,start_B,8,bernoulli,-45.33337608364926,90.66675216729853,,bfgs,8,True,1.1344836181592654e-11,True,0.9198510448306928,bernoulli,bernoulli,4,completed
rep05,start_B,8,poisson,-74.11182394582808,148.22364789165616,,bfgs,11,False,4.774830339560055e-07,False,0.14363567980470693,bernoulli,bernoulli,4,completed
rep05,start_B,3,bernoulli,-45.379617865094986,90.75923573018997,,bfgs,9,True,2.8864066692335654e-11,True,1.0167033248716175,bernoulli,bernoulli,5,completed
rep05,start_B,3,poisson,-72.88224921568167,145.76449843136334,,bfgs,15,True,3.159223993520754e-11,True,0.27814580063878885,bernoulli,bernoulli,5,completed
rep05,start_B,4,bernoulli,-45.59478343667521,91.18956687335042,,bfgs,10,True,3.1663560662309465e-13,True,1.135544792541293,bernoulli,bernoulli,5,completed
rep05,start_B,4,poisson,-73.25802867579345,146.5160573515869,,bfgs,11,True,2.7387957235447403e-09,False,0.23654506238239134,bernoulli,bernoulli,5,completed
rep05,start_B,5,bernoulli,-41.31599735004732,82.63199470009464,,bfgs,10,True,1.1541473332599139e-10,False,1.2431589102919647,bernoulli,bernoulli,5,completed
rep05,start_B,5,poisson,-72.12938557065483,144.25877114130967,,bfgs,13,True,2.9370870180400743e-09,False,0.2731911858861545,bernoulli,bernoulli,5,completed
rep05,start_B,6,bernoulli,-45.47576463100012,90.95152926200024,,bfgs,9,True,8.18389578327583e-11,True,1.0436484212375032,bernoulli,bernoulli,5,completed
rep05,start_B,6,poisson,-73.63226097478184,147.2645219495637,,bfgs,13,False,6.450854481698797e-08,False,0.18548370037222997,bernoulli,bernoulli,5,completed
rep05,start_B,7,bernoulli,-44.120533680223915,88.24106736044783,,bfgs,10,True,6.612932423877282e-11,True,1.2452335068856806,bernoulli,bernoulli,5,completed
rep05,start_B,7,poisson,-72.92551695450342,145.85103390900684,,bfgs,15,True,5.75166936300775e-10,False,0.2577594515061099,bernoulli,bernoulli,5,completed
rep05,start_B,8,bernoulli,-45.440069887873676,90.88013977574735,,bfgs,11,True,4.1399770278616186e-10,False,0.8790511856511936,bernoulli,bernoulli,5,completed
rep05,start_B,8,poisson,-73.53743758401649,147.07487516803297,,bfgs,12,False,1.2539032657743475e-07,False,0.21340450954626333,bernoulli,bernoulli,5,completed
rep06,start_B,3,bernoulli,-51.91177387827795,103.8235477565559,,bfgs,4,True,4.0945025148175774e-14,True,0.08910419775024214,bernoulli,bernoulli,1,completed
rep06,start_B,3,poisson,-74.98090946382608,149.96181892765216,,bfgs,5,True,3.2862601528904635e-15,True,0.022595801615916653,bernoulli,bernoulli,1,completed
rep06,start_B,4,bernoulli,-51.9202817762383,103.8405635524766,,bfgs,4,True,6.679101716144942e-14,True,0.08383411737629058,bernoulli,bernoulli,1,completed
rep06,start_B,4,poisson,-74.8374122791958,149.6748245583916,,bfgs,3,True,5.853123419274908e-09,False,0.06607385855780995,bernoulli,bernoulli,1,completed
rep06,start_B,5,bernoulli,-51.4066047728636,102.8132095457272,,bfgs,4,True,1.9634072145890968e-12,True,0.25083022928374676,bernoulli,bernoulli,1,completed
rep06,start_B,5,poisson,-74.5702762249792,149.1405524499584,,bfgs,4,True,5.850431250564725e-13,True,0.10751541585068919,bernoulli,bernoulli,1,completed
rep06,start_B,6,bernoulli,-49.03113479490638,98.06226958981276,,bfgs,3,True,6.926894613457079e-11,True,0.5881377136990241,bernoulli,bernoulli,1,completed
rep06,start_B,6,poisson,-74.67520212164072,149.35040424328145,,bfgs,5,True,2.6645352591003757e-15,True,0.09223959326382061,bernoulli,bernoulli,1,completed
rep06,start_B,7,bernoulli,-51.97247649408901,103.94495298817802,,bfgs,3,True,2.6030504862717406e-09,False,0.03804231326697517,bernoulli,bernoulli,1,completed
rep06,start_B,7,poisson,-74.95321753640843,149.90643507281686,,bfgs,4,True,9.745981799369474e-13,True,0.03539679817785097,bernoulli,bernoulli,1,completed
rep06,start_B,8,bernoulli,-47.63250215387348,95.26500430774696,,bfgs,4,True,1.3562644340936457e-10,False,0.730531517117953,bernoulli,bernoulli,1,completed
rep06,start_B,8,poisson,-74.45009580288729,148.90019160577458,,bfgs,6,True,3.2415292672283156e-12,True,0.11959560332057466,bernoulli,bernoulli,1,completed
rep06,start_B,3,bernoulli,-47.864984808487506,95.72996961697501,,bfgs,6,True,2.724709347035059e-12,True,0.740387583581567,bernoulli,bernoulli,2,completed
rep06,start_B,3,poisson,-74.52129195505343,149.04258391010686,,bfgs,10,True,6.532616808607727e-11,True,0.1142051883927925,bernoulli,bernoulli,2,completed
rep06,start_B,4,bernoulli,-51.73493728584932,103.46987457169864,,bfgs,7,True,5.551115123125783e-14,True,0.1598709982768673,bernoulli,bernoulli,2,completed
rep06,start_B,4,poisson,-74.65647252566764,149.31294505133528,,bfgs,6,True,1.5422774168882825e-12,True,0.09553937253075592,bernoulli,bernoulli,2,completed
rep06,start_B,5,bernoulli,-49.13033183604919,98.26066367209837,,bfgs,5,True,2.130451370874198e-12,True,0.5899789914225145,bernoulli,bernoulli,2,completed
rep06,start_B,5,poisson,-73.60086536858367,147.20173073716734,,bfgs,6,True,6.022293774776699e-13,True,0.19741693646819716,bernoulli,bernoulli,2,completed
rep06,start_B,6,bernoulli,-48.09689664314682,96.19379328629364,,bfgs,5,True,3.298774586824038e-11,True,0.6799020007427163,bernoulli,bernoulli,2,completed
rep06,start_B,6,poisson,-74.52042851770872,149.04085703541745,,bfgs,10,True,8.484293267940756e-11,True,0.10868644704220821,bernoulli,bernoulli,2,completed
rep06,start_B,7,bernoulli,-49.95050063683432,99.90100127366864,,bfgs,7,True,7.245071209638354e-12,True,0.49727922395783053,bernoulli,bernoulli,2,completed
rep06,start_B,7,poisson,-74.79719465819687,149.59438931639374,,bfgs,9,True,2.021695699738757e-09,False,0.07589610952315848,bernoulli,bernoulli,2,completed
rep06,start_B,8,bernoulli,-42.708895136318475,85.41779027263695,,bfgs,6,True,2.0692336732963667e-13,True,1.2079824775124577,bernoulli,bernoulli,2,completed
rep06,start_B,8,poisson,-72.59901373795587,145.19802747591174,,bfgs,7,False,7.457383472894707e-08,False,0.25848812935029086,bernoulli,bernoulli,2,completed
rep06,start_B,3,bernoulli,-48.576326220839576,97.15265244167915,,bfgs,8,True,6.570796029503612e-09,False,0.6284789308749836,bernoulli,bernoulli,3,completed
rep06,start_B,3,poisson,-74.55421692468818,149.10843384937635,,bfgs,10,True,4.834903179207206e-09,False,0.10687729612338717,bernoulli,bernoulli,3,completed
rep06,start_B,4,bernoulli,-42.85944016194722,85.71888032389444,,bfgs,6,True,1.6441958905488718e-11,True,1.2768354548166192,bernoulli,bernoulli,3,completed
rep06,start_B,4,poisson,-72.57422470181915,145.1484494036383,,bfgs,10,True,8.811158469512747e-11,True,0.2662431980433778,bernoulli,bernoulli,3,completed
rep06,start_B,5,bernoulli,-48.43989424671958,96.87978849343916,,bfgs,7,True,1.7679191444130993e-12,True,0.6493690737294837,bernoulli,bernoulli,3,completed
rep06,start_B,5,poisson,-73.36431202420354,146.72862404840708,,bfgs,7,True,3.583842111964941e-11,True,0.20687246238508497,bernoulli,bernoulli,3,completed
rep06,start_B,6,bernoulli,-48.0823908057147,96.1647816114294,,bfgs,7,True,1.4910517265320777e-11,True,0.6586963390262369,bernoulli,bernoulli,3,completed
rep06,start_B,6,poisson,-74.63658931263663,149.27317862527326,,bfgs,12,True,8.939828433085494e-10,False,0.09222350049663451,bernoulli,bernoulli,3,completed
rep06,start_B,7,bernoulli,-43.67798390626274,87.35596781252548,,bfgs,7,True,8.84401329948048e-10,False,1.157624912780347,bernoulli,bernoulli,3,completed
rep06,start_B,7,poisson,-73.28774460980533,146.57548921961066,,bfgs,9,False,1.1968243684989943e-08,False,0.21848920451506565,bernoulli,bernoulli,3,completed
rep06,start_B,8,bernoulli,-40.41236915270666,80.82473830541332,,bfgs,7,True,5.162692495730426e-12,True,1.4324978820478502,bernoulli,bernoulli,3,completed
rep06,start_B,8,poisson,-72.55674180731172,145.11348361462345,,bfgs,8,False,2.258531881516035e-08,False,0.257134123416848,bernoulli,bernoulli,3,completed
rep06,start_B,3,bernoulli,-47.125732257864165,94.25146451572833,,bfgs,8,True,1.735185310713927e-09,False,0.9487659573055094,bernoulli,bernoulli,4,completed
rep06,start_B,3,poisson,-73.99409115454323,147.98818230908645,,bfgs,12,True,1.3315190616758343e-11,True,0.2017207159440576,bernoulli,bernoulli,4,completed
rep06,start_B,4,bernoulli,-41.42619230998474,82.85238461996948,,bfgs,8,True,2.1834295482747735e-11,True,1.3169454297842151,bernoulli,bernoulli,4,completed
rep06,start_B,4,poisson,-72.11632281245554,144.23264562491107,,bfgs,12,False,3.33613162983859e-08,False,0.2674989123463571,bernoulli,bernoulli,4,completed
rep06,start_B,5,bernoulli,-45.32405109754692,90.64810219509384,,bfgs,8,True,1.640543256797855e-11,True,1.0487825929463903,bernoulli,bernoulli,4,completed
rep06,start_B,5,poisson,-72.43330239926865,144.8666047985373,,bfgs,13,True,5.879146147691472e-09,False,0.2835629877889842,bernoulli,bernoulli,4,completed
rep06,start_B,6,bernoulli,-48.15913652155581,96.31827304311162,,bfgs,10,True,1.7684576025800425e-12,True,0.6401132683519231,bernoulli,bernoulli,4,completed
rep06,start_B,6,poisson,-74.57288734046648,149.14577468093296,,bfgs,14,True,3.43480577313926e-11,True,0.09729279887190956,bernoulli,bernoulli,4,completed
rep06,start_B,7,bernoulli,-41.546759303236115,83.09351860647223,,bfgs,9,False,4.7631111693702266e-08,False,1.4200475127568883,bernoulli,bernoulli,4,completed
rep06,start_B,7,poisson,-72.51800195030391,145.03600390060782,,bfgs,11,True,6.747598035872215e-11,True,0.2719841884657913,bernoulli,bernoulli,4,completed
rep06,start_B,8,bernoulli,-41.750311374622086,83.50062274924417,,bfgs,8,True,2.419062172798192e-12,True,1.2100924896799297,bernoulli,bernoulli,4,completed
rep06,start_B,8,poisson,-72.57871597638263,145.15743195276525,,bfgs,10,True,2.7512883638003415e-11,True,0.2384882326235558,bernoulli,bernoulli,4,completed
rep06,start_B,3,bernoulli,-40.00335167746226,80.00670335492453,,bfgs,10,True,2.4883112237361615e-11,True,1.8366937873756641,bernoulli,bernoulli,5,completed
rep06,start_B,3,poisson,-73.18452466985285,146.3690493397057,,bfgs,14,True,2.101372020835157e-10,False,0.2810906746444795,bernoulli,bernoulli,5,completed
rep06,start_B,4,bernoulli,-42.24391644205419,84.48783288410839,,bfgs,9,True,2.558482314896082e-10,False,1.2037819562555698,bernoulli,bernoulli,5,completed
rep06,start_B,4,poisson,-72.29906990006893,144.59813980013786,,bfgs,14,False,1.2175805830239029e-08,False,0.2582604277467245,bernoulli,bernoulli,5,completed
rep06,start_B,5,bernoulli,-48.19901578380077,96.39803156760154,,bfgs,9,True,5.811195968874472e-12,True,0.646243540924141,bernoulli,bernoulli,5,completed
rep06,start_B,5,poisson,-72.88255750600982,145.76511501201963,,bfgs,9,False,2.464990034312109e-08,False,0.23148332763622528,bernoulli,bernoulli,5,completed
rep06,start_B,6,bernoulli,-47.15753594054816,94.31507188109632,,bfgs,9,True,3.169047246842638e-11,True,0.6680003592475141,bernoulli,bernoulli,5,completed
rep06,start_B,6,poisson,-74.42394652626163,148.84789305252326,,bfgs,15,True,4.298232880728392e-11,True,0.1138723919600572,bernoulli,bernoulli,5,completed
rep06,start_B,7,bernoulli,-43.680902484409486,87.36180496881897,,bfgs,10,False,1.0012521389768381e-08,False,1.1695108714157305,bernoulli,bernoulli,5,completed
rep06,start_B,7,poisson,-73.14720344283022,146.29440688566044,,bfgs,14,True,7.715879490888256e-10,False,0.23666074633507303,bernoulli,bernoulli,5,completed
rep06,start_B,8,bernoulli,-43.002081220668195,86.00416244133639,,bfgs,9,True,4.4695713796727433e-11,True,1.056010985187685,bernoulli,bernoulli,5,completed
rep06,start_B,8,poisson,-72.98921295650305,145.9784259130061,,bfgs,13,True,9.013620405617928e-11,True,0.20864006742763117,bernoulli,bernoulli,5,completed
rep07,start_B,3,bernoulli,-50.32518661066724,100.65037322133448,,bfgs,3,False,1.0865679200833255e-08,False,0.43620835034817784,bernoulli,bernoulli,1,completed
rep07,start_B,3,poisson,-74.16740812262603,148.33481624525206,,bfgs,4,True,8.127187811624026e-12,True,0.15192655478377556,bernoulli,bernoulli,1,completed
rep07,start_B,4,bernoulli,-50.65955992032327,101.31911984064654,,bfgs,3,True,4.0723868721670445e-12,True,0.38702706013385435,bernoulli,bernoulli,1,completed
rep07,start_B,4,poisson,-74.90796519108582,149.81593038217164,,bfgs,5,True,8.445444343863074e-12,True,0.04905103284865743,bernoulli,bernoulli,1,completed
rep07,start_B,5,bernoulli,-51.017752339992896,102.03550467998579,,bfgs,4,True,7.105427357601002e-16,True,0.32812566653523345,bernoulli,bernoulli,1,completed
rep07,start_B,5,poisson,-74.42006238777495,148.8401247755499,,bfgs,4,True,1.5276668818842153e-14,True,0.12653965070515263,bernoulli,bernoulli,1,completed
rep07,start_B,6,bernoulli,-51.741034996408075,103.48206999281615,,bfgs,4,True,4.440892098500626e-16,True,0.16250940350337012,bernoulli,bernoulli,1,completed
rep07,start_B,6,poisson,-74.7334990649052,149.4669981298104,,bfgs,4,True,3.174243090597884e-11,True,0.08540910382259409,bernoulli,bernoulli,1,completed
rep07,start_B,7,bernoulli,-51.785602446047655,103.57120489209531,,bfgs,4,True,4.688956067866457e-09,False,0.14684718991815324,bernoulli,bernoulli,1,completed
rep07,start_B,7,poisson,-74.99822750302175,149.9964550060435,,bfgs,5,True,3.907985046680551e-15,True,0.006883689145757133,bernoulli,bernoulli,1,completed
rep07,start_B,8,bernoulli,-49.92231864999591,99.84463729999182,,bfgs,3,True,2.89227468641684e-09,False,0.49050517493617934,bernoulli,bernoulli,1,completed
rep07,start_B,8,poisson,-74.80724028404552,149.61448056809104,,bfgs,5,True,5.1086246344311805e-12,True,0.07063877626374158,bernoulli,bernoulli,1,completed
rep07,start_B,3,bernoulli,-44.38442569723322,88.76885139446644,,bfgs,6,True,9.738904405143245e-11,True,1.0405772454679312,bernoulli,bernoulli,2,completed
rep07,start_B,3,poisson,-69.98693581649385,139.9738716329877,,bfgs,9,True,2.9256597144922125e-12,True,0.38798290393252527,bernoulli,bernoulli,2,completed
rep07,start_B,4,bernoulli,-49.709678727071605,99.41935745414321,,bfgs,6,True,7.636389298681934e-11,True,0.5240424895993344,bernoulli,bernoulli,2,completed
rep07,start_B,4,poisson,-73.07324928047592,146.14649856095184,,bfgs,6,True,8.720795752203969e-11,True,0.2381872273127666,bernoulli,bernoulli,2,completed
rep07,start_B,5,bernoulli,-48.028211407981146,96.05642281596229,,bfgs,5,True,4.067302050714261e-14,True,0.6929468612852477,bernoulli,bernoulli,2,completed
rep07,start_B,5,poisson,-71.48393811411965,142.9678762282393,,bfgs,6,True,1.889016942868693e-10,False,0.32304759156066065,bernoulli,bernoulli,2,completed
rep07,start_B,6,bernoulli,-50.84662220321171,101.69324440642342,,bfgs,6,True,9.760219299437267e-11,True,0.3525661902284333,bernoulli,bernoulli,2,completed
rep07,start_B,6,poisson,-73.02107719705009,146.04215439410018,,bfgs,6,True,3.325005826226857e-11,True,0.23974465498584216,bernoulli,bernoulli,2,completed
rep07,start_B,7,bernoulli,-50.96833842389646,101.93667684779292,,bfgs,5,True,2.8768099014087054e-13,True,0.34287518066268496,bernoulli,bernoulli,2,completed
rep07,start_B,7,poisson,-74.53230749745498,149.06461499490996,,bfgs,6,True,9.853631244283178e-11,True,0.11410191377448431,bernoulli,bernoulli,2,completed
rep07,start_B,8,bernoulli,-49.370660798533514,98.74132159706703,,bfgs,5,True,8.260059303211165e-15,True,0.566073379883006,bernoulli,bernoulli,2,completed
rep07,start_B,8,poisson,-74.2173891776943,148.4347783553886,,bfgs,6,True,1.5286616417142796e-11,True,0.14961038735366478,bernoulli,bernoulli,2,completed
rep07,start_B,3,bernoulli,-43.25882246358063,86.51764492716126,,bfgs,9,True,1.4032526252094614e-10,False,1.111537829953636,bernoulli,bernoulli,3,completed
rep07,start_B,3,poisson,-70.06243453330453,140.12486906660905,,bfgs,10,True,6.815929154413425e-10,False,0.36833542756136056,bernoulli,bernoulli,3,completed
rep07,start_B,4,bernoulli,-48.26859649396761,96.53719298793521,,bfgs,8,True,3.985117125182569e-10,False,0.6692865970613068,bernoulli,bernoulli,3,completed
rep07,start_B,4,poisson,-72.92493636808112,145.84987273616224,,bfgs,7,True,3.1372682229857674e-12,True,0.2351199944272332,bernoulli,bernoulli,3,completed
rep07,start_B,5,bernoulli,-46.94796309324905,93.8959261864981,,bfgs,7,True,6.367086857750336e-11,True,0.8105526853711761,bernoulli,bernoulli,3,completed
rep07,start_B,5,poisson,-71.69030706973595,143.3806141394719,,bfgs,12,True,3.5296210398882977e-12,True,0.3008852597201859,bernoulli,bernoulli,3,completed
rep07,start_B,6,bernoulli,-49.80004404708565,99.6000880941713,,bfgs,7,True,1.580957587066223e-14,True,0.49090258721327446,bernoulli,bernoulli,3,completed
rep07,start_B,6,poisson,-72.4089419086137,144.8178838172274,,bfgs,8,False,8.076649793409274e-08,False,0.2717835916473401,bernoulli,bernoulli,3,completed
rep07,start_B,7,bernoulli,-47.62537996459763,95.25075992919525,,bfgs,7,True,9.880424478581062e-10,False,0.7571231040139773,bernoulli,bernoulli,3,completed
rep07,start_B,7,poisson,-73.82149199468242,147.64298398936484,,bfgs,11,False,1.55534931156609e-08,False,0.1780453762837541,bernoulli,bernoulli,3,completed
rep07,start_B,8,bernoulli,-44.82404043861421,89.64808087722842,,bfgs,6,True,8.052822852988584e-11,True,1.013366077153503,bernoulli,bernoulli,3,completed
rep07,start_B,8,poisson,-73.63499143956663,147.26998287913327,,bfgs,11,True,4.769007411198345e-12,True,0.18918577670586562,bernoulli,bernoulli,3,completed
rep07,start_B,3,bernoulli,-42.89126976864797,85.78253953729595,,bfgs,8,True,7.942791979687058e-11,True,1.1224390098271761,bernoulli,bernoulli,4,completed
rep07,start_B,3,poisson,-69.325612666548,138.651225333096,,bfgs,12,True,1.7387868922469352e-11,True,0.395705117228329,bernoulli,bernoulli,4,completed
rep07,start_B,4,bernoulli,-48.53253145451269,97.06506290902539,,bfgs,8,True,2.3529178605485868e-11,True,0.587463494952926,bernoulli,bernoulli,4,completed
rep07,start_B,4,poisson,-72.7603050771042,145.5206101542084,,bfgs,9,True,4.700806410795621e-12,True,0.23740900995051473,bernoulli,bernoulli,4,completed
rep07,start_B,5,bernoulli,-46.639602163040436,93.27920432608087,,bfgs,9,True,1.184563558354057e-11,True,0.7698647032792509,bernoulli,bernoulli,4,completed
rep07,start_B,5,poisson,-71.34101824068914,142.68203648137828,,bfgs,13,True,2.1131781213767907e-09,False,0.29451325831692843,bernoulli,bernoulli,4,completed
rep07,start_B,6,bernoulli,-49.61940884075809,99.23881768151618,,bfgs,8,True,3.671937753857435e-10,False,0.5443543633779893,bernoulli,bernoulli,4,completed
rep07,start_B,6,poisson,-72.25727425935482,144.51454851870963,,bfgs,10,True,7.183380557052033e-11,True,0.26249999779613176,bernoulli,bernoulli,4,completed
rep07,start_B,7,bernoulli,-46.15370453731156,92.30740907462312,,bfgs,6,False,4.99815918431068e-08,False,0.9437678886617215,bernoulli,bernoulli,4,completed
rep07,start_B,7,poisson,-73.67610307174397,147.35220614348793,,bfgs,11,False,1.05000249495113e-08,False,0.18130377359936545,bernoulli,bernoulli,4,completed
rep07,start_B,8,bernoulli,-43.68600653590484,87.37201307180968,,bfgs,8,True,7.740728058536206e-11,True,1.138705900572279,bernoulli,bernoulli,4,completed
rep07,start_B,8,poisson,-73.39136158196769,146.78272316393537,,bfgs,12,True,2.0314078419403358e-09,False,0.19393989512212062,bernoulli,bernoulli,4,completed
rep07,start_B,3,bernoulli,-42.668246316543176,85.33649263308635,,bfgs,10,True,9.29478716216181e-13,True,1.0872266026451882,bernoulli,bernoulli,5,completed
rep07,start_B,3,poisson,-69.7939162631299,139.5878325262598,,bfgs,12,False,1.2175968100436307e-07,False,0.3340435181492575,bernoulli,bernoulli,5,completed
rep07,start_B,4,bernoulli,-45.932179031232856,91.86435806246571,,bfgs,9,True,2.786138297850016e-09,False,0.9641076049767006,bernoulli,bernoulli,5,completed
rep07,start_B,4,poisson,-72.2504151446418,144.5008302892836,,bfgs,14,True,7.718692907054958e-09,False,0.26940223481572245,bernoulli,bernoulli,5,completed
rep07,start_B,5,bernoulli,-44.15434402345096,88.30868804690192,,bfgs,9,True,2.402762122599711e-09,False,1.2474057300912882,bernoulli,bernoulli,5,completed
rep07,start_B,5,poisson,-70.90251304863507,141.80502609727014,,bfgs,16,True,3.948109394968924e-09,False,0.34052301485313674,bernoulli,bernoulli,5,completed
rep07,start_B,6,bernoulli,-47.7727532915918,95.5455065831836,,bfgs,9,True,1.5650304607817133e-09,False,0.9381064047012281,bernoulli,bernoulli,5,completed
rep07,start_B,6,poisson,-71.89496721086194,143.78993442172387,,bfgs,13,True,1.2511965685746419e-09,False,0.30055735739473793,bernoulli,bernoulli,5,completed
rep07,start_B,7,bernoulli,-45.50417359730706,91.00834719461412,,bfgs,11,True,2.896096695792494e-11,True,0.9164803298657649,bernoulli,bernoulli,5,completed
rep07,start_B,7,poisson,-73.54488211841108,147.08976423682216,,bfgs,14,True,7.150888770013353e-10,False,0.18821435799686997,bernoulli,bernoulli,5,completed
rep07,start_B,8,bernoulli,-41.45920942903467,82.91841885806934,,bfgs,11,True,1.274215843949378e-10,False,1.350348895646028,bernoulli,bernoulli,5,completed
rep07,start_B,8,poisson,-73.06185495243516,146.1237099048703,,bfgs,13,True,6.785766615280409e-10,False,0.23337175127848137,bernoulli,bernoulli,5,completed
rep08,start_B,3,bernoulli,-51.42785364956433,102.85570729912865,,bfgs,5,True,1.8618537156456228e-09,False,0.2469558431386506,bernoulli,bernoulli,1,completed
rep08,start_B,3,poisson,-74.28092812924997,148.56185625849994,,bfgs,4,True,1.2566836460337073e-12,True,0.14121381310718667,bernoulli,bernoulli,1,completed
rep08,start_B,4,bernoulli,-47.46999051839034,94.93998103678068,,bfgs,3,True,2.8244073746463983e-14,True,0.7662361164912977,bernoulli,bernoulli,1,completed
rep08,start_B,4,poisson,-74.68999010778049,149.37998021556098,,bfgs,7,True,2.4868995751603505e-15,True,0.08912910454376695,bernoulli,bernoulli,1,completed
rep08,start_B,5,bernoulli,-50.87148776759843,101.74297553519686,,bfgs,3,True,5.307980277535762e-10,False,0.3531882560014496,bernoulli,bernoulli,1,completed
rep08,start_B,5,poisson,-73.99451765583294,147.98903531166587,,bfgs,4,True,2.76676459520786e-12,True,0.16731221437776517,bernoulli,bernoulli,1,completed
rep08,start_B,6,bernoulli,-47.89250930657978,95.78501861315956,,bfgs,4,True,2.7000623958883806e-14,True,0.7226678638354163,bernoulli,bernoulli,1,completed
rep08,start_B,6,poisson,-74.73856233191638,149.47712466383277,,bfgs,7,True,2.4868995751603505e-15,True,0.08199710003857118,bernoulli,bernoulli,1,completed
rep08,start_B,7,bernoulli,-49.16209098617291,98.32418197234583,,bfgs,3,True,9.727432193074037e-11,True,0.5835905185702454,bernoulli,bernoulli,1,completed
rep08,start_B,7,poisson,-73.28538086265812,146.57076172531623,,bfgs,5,True,1.7763568394002506e-16,True,0.21899072570420589,bernoulli,bernoulli,1,completed
rep08,start_B,8,bernoulli,-51.011750337518066,102.02350067503613,,bfgs,4,True,3.5020653044171012e-12,True,0.32921528662984,bernoulli,bernoulli,1,completed
rep08,start_B,8,poisson,-74.99945054494613,149.99890108989226,,bfgs,5,True,1.6324053220273526e-12,True,0.003824988827574007,bernoulli,bernoulli,1,completed
rep08,start_B,3,bernoulli,-51.17210798414048,102.34421596828096,,bfgs,5,True,1.80585857378901e-10,False,0.2947035961137896,bernoulli,bernoulli,2,completed
rep08,start_B,3,poisson,-74.46462279190641,148.92924558381281,,bfgs,7,True,1.0566196806394146e-10,False,0.1094362789574253,bernoulli,bernoulli,2,completed
rep08,start_B,4,bernoulli,-47.33465614791263,94.66931229582526,,bfgs,5,True,1.1953282808008226e-11,True,0.7133055422328308,bernoulli,bernoulli,2,completed
rep08,start_B,4,poisson,-74.58637932409377,149.17275864818754,,bfgs,9,True,4.1888590374128396e-10,False,0.09278248393828467,bernoulli,bernoulli,2,completed
rep08,start_B,5,bernoulli,-50.774929870806076,101.54985974161215,,bfgs,6,True,1.786304437700892e-12,True,0.34672651318154984,bernoulli,bernoulli,2,completed
rep08,start_B,5,poisson,-73.9950973651266,147.9901947302532,,bfgs,6,True,4.175859658062109e-12,True,0.1616212310869607,bernoulli,bernoulli,2,completed
rep08,start_B,6,bernoulli,-47.413193064426444,94.82638612885289,,bfgs,5,True,2.348214511727065e-10,False,0.703463069696568,bernoulli,bernoulli,2,completed
rep08,start_B,6,poisson,-74.58793178415753,149.17586356831507,,bfgs,9,False,9.513367036362296e-08,False,0.09262990668372043,bernoulli,bernoulli,2,completed
rep08,start_B,7,bernoulli,-46.9586564470491,93.9173128940982,,bfgs,4,True,1.7628032367156267e-11,True,0.8289596198431863,bernoulli,bernoulli,2,completed
rep08,start_B,7,poisson,-72.5633074579742,145.1266149159484,,bfgs,7,False,1.4417628406704354e-07,False,0.2648739242932865,bernoulli,bernoulli,2,completed
rep08,start_B,8,bernoulli,-49.29869758859559,98.59739517719117,,bfgs,5,True,1.3018919275964435e-12,True,0.5890448178015071,bernoulli,bernoulli,2,completed
rep08,start_B,8,poisson,-74.86810615793048,149.73621231586097,,bfgs,7,False,2.026764153242877e-07,False,0.0638559082234659,bernoulli,bernoulli,2,completed
rep08,start_B,3,bernoulli,-49.86305407613687,99.72610815227374,,bfgs,6,False,3.4546820648628794e-08,False,0.503140128109023,bernoulli,bernoulli,3,completed
rep08,start_B,3,poisson,-74.42097404294321,148.84194808588643,,bfgs,8,True,6.163158872141139e-11,True,0.11236120029378406,bernoulli,bernoulli,3,completed
rep08,start_B,4,bernoulli,-46.64994190546853,93.29988381093706,,bfgs,7,True,4.4605430460364914e-12,True,0.7908693521517263,bernoulli,bernoulli,3,completed
rep08,start_B,4,poisson,-74.4749641168492,148.9499282336984,,bfgs,10,True,9.776890408375038e-12,True,0.10559110537971736,bernoulli,bernoulli,3,completed
rep08,start_B,5,bernoulli,-49.3511404831541,98.7022809663082,,bfgs,6,True,6.494891735542296e-09,False,0.5395677300060511,bernoulli,bernoulli,3,completed
rep08,start_B,5,poisson,-73.93097277106222,147.86194554212443,,bfgs,8,True,7.64282859222476e-11,True,0.15996456002736642,bernoulli,bernoulli,3,completed
rep08,start_B,6,bernoulli,-45.74853027404147,91.49706054808294,,bfgs,7,True,2.7760016507727415e-13,True,0.8326345276078374,bernoulli,bernoulli,3,completed
rep08,start_B,6,poisson,-73.85572468133064,147.71144936266128,,bfgs,11,True,8.66498428564455e-10,False,0.16548832079469772,bernoulli,bernoulli,3,completed
rep08,start_B,7,bernoulli,-47.49600887880728,94.99201775761456,,bfgs,9,True,3.134342563271275e-10,False,0.7604908054612641,bernoulli,bernoulli,3,completed
rep08,start_B,7,poisson,-72.86786149665362,145.73572299330723,,bfgs,13,True,1.0148073492644016e-10,False,0.24336721287459795,bernoulli,bernoulli,3,completed
rep08,start_B,8,bernoulli,-48.9891434600594,97.9782869201188,,bfgs,7,True,1.1485088435847502e-10,False,0.6059021785037192,bernoulli,bernoulli,3,completed
rep08,start_B,8,poisson,-74.7372390480688,149.4744780961376,,bfgs,11,True,2.559588097028609e-11,True,0.08565608352702433,bernoulli,bernoulli,3,completed
rep08,start_B,3,bernoulli,-50.374671408824995,100.74934281764999,,bfgs,9,True,2.5576873952104505e-12,True,0.4099335501319064,bernoulli,bernoulli,4,completed
rep08,start_B,3,poisson,-74.37650675646071,148.75301351292143,,bfgs,9,True,1.9411849905281996e-11,True,0.11818282525568771,bernoulli,bernoulli,4,completed
rep08,start_B,4,bernoulli,-44.70152057603739,89.40304115207478,,bfgs,9,True,4.202149739285232e-12,True,1.0290603662868807,bernoulli,bernoulli,4,completed
rep08,start_B,4,poisson,-74.33298547553613,148.66597095107227,,bfgs,14,True,1.1204048799839939e-09,False,0.1277065424470567,bernoulli,bernoulli,4,completed
rep08,start_B,5,bernoulli,-45.791011843363734,91.58202368672747,,bfgs,8,True,4.527499264384005e-10,False,1.1242257462585237,bernoulli,bernoulli,4,completed
rep08,start_B,5,poisson,-73.21050168823041,146.42100337646082,,bfgs,11,True,6.834724786131119e-10,False,0.2342617621701209,bernoulli,bernoulli,4,completed
rep08,start_B,6,bernoulli,-46.858856367924076,93.71771273584815,,bfgs,7,False,7.366607448489049e-08,False,0.6998196703946892,bernoulli,bernoulli,4,completed
rep08,start_B,6,poisson,-74.26552592423945,148.5310518484789,,bfgs,12,False,3.849315683979171e-08,False,0.13132361353317187,bernoulli,bernoulli,4,completed
rep08,start_B,7,bernoulli,-43.09643484166385,86.1928696833277,,bfgs,8,True,9.694645086710808e-12,True,1.3674068211717583,bernoulli,bernoulli,4,completed
rep08,start_B,7,poisson,-71.42755707566425,142.8551141513285,,bfgs,14,True,3.6298521410849104e-10,False,0.3470402956625076,bernoulli,bernoulli,4,completed
rep08,start_B,8,bernoulli,-48.16091654616946,96.32183309233892,,bfgs,8,True,9.057471217488455e-10,False,0.7228435029146423,bernoulli,bernoulli,4,completed
rep08,start_B,8,poisson,-74.4236108846276,148.8472217692552,,bfgs,13,True,1.3036187240800245e-09,False,0.15955940793860923,bernoulli,bernoulli,4,completed
rep08,start_B,3,bernoulli,-49.02934037184481,98.05868074368962,,bfgs,9,True,1.1056355830874054e-11,True,0.6545059114045554,bernoulli,bernoulli,5,completed
rep08,start_B,3,poisson,-73.88085558055019,147.76171116110038,,bfgs,14,True,6.922062034675492e-10,False,0.19268936524288038,bernoulli,bernoulli,5,completed
rep08,start_B,4,bernoulli,-44.29605123182272,88.59210246364545,,bfgs,9,True,1.1770295849089507e-10,False,1.0738165692848796,bernoulli,bernoulli,5,completed
rep08,start_B,4,poisson,-74.3138465566998,148.6276931133996,,bfgs,13,False,1.1951705358725917e-07,False,0.13302570405222838,bernoulli,bernoulli,5,completed
rep08,start_B,5,bernoulli,-44.420844066108806,88.84168813221761,,bfgs,10,True,8.675642426680952e-11,True,1.3041846014133223,bernoulli,bernoulli,5,completed
rep08,start_B,5,poisson,-72.9911896969883,145.9823793939766,,bfgs,14,False,3.99169739040417e-08,False,0.26229309221532915,bernoulli,bernoulli,5,completed
rep08,start_B,6,bernoulli,-44.95304281355002,89.90608562710004,,bfgs,8,False,4.299536782159663e-08,False,0.8447312464156177,bernoulli,bernoulli,5,completed
rep08,start_B,6,poisson,-73.82990593309859,147.65981186619717,,bfgs,15,True,7.759473419355345e-09,False,0.1556251991083217,bernoulli,bernoulli,5,completed
rep08,start_B,7,bernoulli,-41.77058307775225,83.5411661555045,,bfgs,9,True,3.776795765020324e-09,False,1.4745864218008502,bernoulli,bernoulli,5,completed
rep08,start_B,7,poisson,-70.84770081969936,141.6954016393987,,bfgs,13,False,1.100369720674621e-07,False,0.3797217530679929,bernoulli,bernoulli,5,completed
rep08,start_B,8,bernoulli,-40.47336190861969,80.94672381723937,,bfgs,10,True,4.619646887249473e-11,True,1.9167976426369475,bernoulli,bernoulli,5,completed
rep08,start_B,8,poisson,-73.0326778973013,146.0653557946026,,bfgs,17,False,1.2928310733073545e-07,False,0.3237367748298533,bernoulli,bernoulli,5,completed
rep09,start_B,3,bernoulli,-51.40825537549059,102.81651075098118,,bfgs,4,True,8.808953566585842e-12,True,0.2510118049325034,bernoulli,bernoulli,1,completed
rep09,start_B,3,poisson,-73.95541797882808,147.91083595765616,,bfgs,4,True,1.3429257705865893e-13,True,0.1694799903650555,bernoulli,bernoulli,1,completed
rep09,start_B,4,bernoulli,-51.976082067146635,103.95216413429327,,bfgs,4,True,4.884981308350689e-16,True,0.03259489561683494,bernoulli,bernoulli,1,completed
rep09,start_B,4,poisson,-74.52582017285701,149.05164034571402,,bfgs,4,True,2.9904967391303216e-13,True,0.1138594553591056,bernoulli,bernoulli,1,completed
rep09,start_B,5,bernoulli,-51.95366351308512,103.90732702617024,,bfgs,4,True,1.3322676295501878e-15,True,0.058801379587365706,bernoulli,bernoulli,1,completed
rep09,start_B,5,poisson,-74.46829946541399,148.93659893082798,,bfgs,4,True,5.0455639666324716e-12,True,0.12062356876436964,bernoulli,bernoulli,1,completed
rep09,start_B,6,bernoulli,-48.682816041929755,97.36563208385951,,bfgs,4,True,7.750333708145263e-12,True,0.6328767828318284,bernoulli,bernoulli,1,completed
rep09,start_B,6,poisson,-74.93495650160034,149.86991300320068,,bfgs,7,True,3.3485481054640334e-11,True,0.04136942343166468,bernoulli,bernoulli,1,completed
rep09,start_B,7,bernoulli,-49.45505607527457,98.91011215054914,,bfgs,5,True,1.7319479184152442e-15,True,0.5456248914486705,bernoulli,bernoulli,1,completed
rep09,start_B,7,poisson,-74.97794464885587,149.95588929771174,,bfgs,5,False,2.413172031978661e-07,False,0.02416038888742381,bernoulli,bernoulli,1,completed
rep09,start_B,8,bernoulli,-51.296933617891725,102.59386723578345,,bfgs,3,True,2.2004620348070603e-12,True,0.2747147341147942,bernoulli,bernoulli,1,completed
rep09,start_B,8,poisson,-74.95103895792492,149.90207791584984,,bfgs,5,True,2.0250467969162856e-14,True,0.036312014921294156,bernoulli,bernoulli,1,completed
rep09,start_B,3,bernoulli,-51.01719361366233,102.03438722732466,,bfgs,5,True,8.144098728735116e-11,True,0.3009537268412781,bernoulli,bernoulli,2,completed
rep09,start_B,3,poisson,-73.76228379977717,147.52456759955433,,bfgs,5,False,3.259144911282874e-07,False,0.16614050304774067,bernoulli,bernoulli,2,completed
rep09,start_B,4,bernoulli,-51.45754063220534,102.91508126441067,,bfgs,5,True,4.0228620434845653e-11,True,0.2729783554532198,bernoulli,bernoulli,2,completed
rep09,start_B,4,poisson,-74.31040913627048,148.62081827254096,,bfgs,6,True,2.851425762173676e-11,True,0.13486308221364923,bernoulli,bernoulli,2,completed
rep09,start_B,5,bernoulli,-51.96270161571685,103.9254032314337,,bfgs,5,True,3.8467007357212426e-13,True,0.046160513569304,bernoulli,bernoulli,2,completed
rep09,start_B,5,poisson,-74.49188244795724,148.98376489591448,,bfgs,6,True,4.085620730620576e-15,True,0.10676818026056904,bernoulli,bernoulli,2,completed
rep09,start_B,6,bernoulli,-43.264362244163635,86.52872448832727,,bfgs,6,True,1.9672434348194658e-09,False,1.1963845436382492,bernoulli,bernoulli,2,completed
rep09,start_B,6,poisson,-73.64185263895035,147.2837052779007,,bfgs,10,True,9.37638855447176e-13,True,0.21114561473088642,bernoulli,bernoulli,2,completed
rep09,start_B,7,bernoulli,-47.15620073456601,94.31240146913203,,bfgs,5,True,8.890665981198253e-14,True,0.7203438561132441,bernoulli,bernoulli,2,completed
rep09,start_B,7,poisson,-74.80680582567199,149.61361165134397,,bfgs,9,True,1.8207657603852566e-15,True,0.06769647528118201,bernoulli,bernoulli,2,completed
rep09,start_B,8,bernoulli,-45.17582211156732,90.35164422313464,,bfgs,6,True,3.204965182135311e-10,False,1.0739746388376188,bernoulli,bernoulli,2,completed
rep09,start_B,8,poisson,-73.55044948122593,147.10089896245185,,bfgs,7,True,3.322564445795706e-13,True,0.2213628778662228,bernoulli,bernoulli,2,completed
rep09,start_B,3,bernoulli,-50.799028042546084,101.59805608509217,,bfgs,7,True,1.9931584160914896e-12,True,0.3218529829912598,bernoulli,bernoulli,3,completed
rep09,start_B,3,poisson,-73.67519270575431,147.35038541150863,,bfgs,8,True,5.232166344626421e-09,False,0.16889477881529594,bernoulli,bernoulli,3,completed
rep09,start_B,4,bernoulli,-49.783757143155455,99.56751428631091,,bfgs,7,True,4.330198422053399e-11,True,0.5337725992426559,bernoulli,bernoulli,3,completed
rep09,start_B,4,poisson,-74.0042356551971,148.0084713103942,,bfgs,8,True,2.673932186780803e-11,True,0.16132012717006783,bernoulli,bernoulli,3,completed
rep09,start_B,5,bernoulli,-46.23527283204554,92.47054566409108,,bfgs,6,False,2.5973438511073255e-08,False,1.0187609067187158,bernoulli,bernoulli,3,completed
rep09,start_B,5,poisson,-73.71839253513801,147.43678507027602,,bfgs,11,True,5.190823770817588e-10,False,0.19617012273378015,bernoulli,bernoulli,3,completed
rep09,start_B,6,bernoulli,-35.57670018354128,71.15340036708255,,bfgs,8,True,1.0564313868144382e-10,False,1.9272000134359997,bernoulli,bernoulli,3,completed
rep09,start_B,6,poisson,-72.40261419110895,144.8052283822179,,bfgs,13,False,1.6259060758860854e-08,False,0.25973885656562057,bernoulli,bernoulli,3,completed
rep09,start_B,7,bernoulli,-46.10742979231219,92.21485958462438,,bfgs,6,True,2.892797112963308e-13,True,0.83769015357745,bernoulli,bernoulli,3,completed
rep09,start_B,7,poisson,-74.18131122791911,148.36262245583822,,bfgs,10,True,5.483140985695911e-09,False,0.15619753005011308,bernoulli,bernoulli,3,completed
rep09,start_B,8,bernoulli,-44.445204290180016,88.89040858036003,,bfgs,8,True,3.152469396638935e-11,True,1.113904630652954,bernoulli,bernoulli,3,completed
rep09,start_B,8,poisson,-72.90058831513686,145.80117663027372,,bfgs,8,False,2.8401578331949117e-07,False,0.25858962365318666,bernoulli,bernoulli,3,completed
rep09,start_B,3,bernoulli,-50.27166773116064,100.54333546232128,,bfgs,7,False,9.87229014093316e-08,False,0.47208553871927234,bernoulli,bernoulli,4,completed
rep09,start_B,3,poisson,-72.65053367163064,145.30106734326128,,bfgs,9,True,2.060888237842562e-10,False,0.29792715206005277,bernoulli,bernoulli,4,completed
rep09,start_B,4,bernoulli,-48.871282681818386,97.74256536363677,,bfgs,8,True,2.572925872357246e-10,False,0.657553662159748,bernoulli,bernoulli,4,completed
rep09,start_B,4,poisson,-73.74304066362107,147.48608132724215,,bfgs,9,True,4.785634444282038e-10,False,0.18230621551038018,bernoulli,bernoulli,4,completed
rep09,start_B,5,bernoulli,-42.675067786776964,85.35013557355393,,bfgs,9,True,1.398337001745631e-12,True,1.384860375607597,bernoulli,bernoulli,4,completed
rep09,start_B,5,poisson,-73.43179322318744,146.86358644637488,,bfgs,11,True,8.206919588360506e-11,True,0.198930872292959,bernoulli,bernoulli,4,completed
rep09,start_B,6,bernoulli,-36.74425586144757,73.48851172289514,,bfgs,7,True,1.4227490297002987e-09,False,1.6648326109403317,bernoulli,bernoulli,4,completed
rep09,start_B,6,poisson,-72.24038316230103,144.48076632460206,,bfgs,17,False,1.2347686599578633e-08,False,0.279994162457473,bernoulli,bernoulli,4,completed
rep09,start_B,7,bernoulli,-45.77314003334994,91.54628006669988,,bfgs,8,True,9.767763264889595e-11,True,0.8833301654550229,bernoulli,bernoulli,4,completed
rep09,start_B,7,poisson,-74.4454806846624,148.8909613693248,,bfgs,13,True,1.4907416870379997e-09,False,0.1211730738361609,bernoulli,bernoulli,4,completed
rep09,start_B,8,bernoulli,-44.18687129172527,88.37374258345054,,bfgs,8,True,1.3686469735318952e-10,False,1.033186700783134,bernoulli,bernoulli,4,completed
rep09,start_B,8,poisson,-72.49754034115765,144.9950806823153,,bfgs,11,True,1.557800666240894e-10,False,0.28503030000397783,bernoulli,bernoulli,4,completed
rep09,start_B,3,bernoulli,-46.51789587011522,93.03579174023044,,bfgs,10,True,1.1467804483800137e-11,True,1.066395207437181,bernoulli,bernoulli,5,completed
rep09,start_B,3,poisson,-72.04629430036725,144.0925886007345,,bfgs,12,True,1.0281233642217558e-09,False,0.3162968801385181,bernoulli,bernoulli,5,completed
rep09,start_B,4,bernoulli,-47.84643522072145,95.6928704414429,,bfgs,9,True,2.7637960808846176e-10,False,0.8049751426595461,bernoulli,bernoulli,5,completed
rep09,start_B,4,poisson,-73.9853792837601,147.9707585675202,,bfgs,15,True,7.76609665464889e-09,False,0.14791483699494173,bernoulli,bernoulli,5,completed
rep09,start_B,5,bernoulli,-44.55576243236471,89.11152486472942,,bfgs,9,True,3.909267731749821e-09,False,1.1296056806422672,bernoulli,bernoulli,5,completed
rep09,start_B,5,poisson,-72.50893805754583,145.01787611509167,,bfgs,14,True,9.881540918854626e-10,False,0.3107833161619725,bernoulli,bernoulli,5,completed
rep09,start_B,6,bernoulli,-34.221900044055396,68.44380008811079,,bfgs,9,True,6.028032739635592e-10,False,1.9493473291523498,bernoulli,bernoulli,5,completed
rep09,start_B,6,poisson,-72.24942505519918,144.49885011039837,,bfgs,17,False,6.949373518028157e-08,False,0.2750422900711371,bernoulli,bernoulli,5,completed
rep09,start_B,7,bernoulli,-43.8049254851265,87.609850970253,,bfgs,10,True,1.022154583196766e-11,True,1.1918577508548525,bernoulli,bernoulli,5,completed
rep09,start_B,7,poisson,-73.70323156414346,147.40646312828693,,bfgs,14,False,1.8622963571246486e-08,False,0.21746856470634032,bernoulli,bernoulli,5,completed
rep09,start_B,8,bernoulli,-42.132723993985735,84.26544798797147,,bfgs,9,True,1.6838210825653732e-10,False,1.374113890847982,bernoulli,bernoulli,5,completed
rep09,start_B,8,poisson,-72.07072162607149,144.14144325214298,,bfgs,12,False,2.8225515870117234e-07,False,0.3218601570022014,bernoulli,bernoulli,5,completed
rep10,start_B,3,bernoulli,-48.26634423378532,96.53268846757064,,bfgs,3,True,9.325873406851315e-16,True,0.6746932509855617,bernoulli,bernoulli,1,completed
rep10,start_B,3,poisson,-73.81850311775315,147.6370062355063,,bfgs,4,True,9.208696027940277e-11,True,0.17770490896407318,bernoulli,bernoulli,1,completed
rep10,start_B,4,bernoulli,-50.244290476563236,100.48858095312647,,bfgs,4,True,1.2716019348602003e-10,False,0.4449367721269833,bernoulli,bernoulli,1,completed
rep10,start_B,4,poisson,-74.36568643299668,148.73137286599336,,bfgs,5,True,9.769962616701378e-16,True,0.13043207554582623,bernoulli,bernoulli,1,completed
rep10,start_B,5,bernoulli,-50.131372380414724,100.26274476082945,,bfgs,4,True,3.68594044175552e-15,True,0.460089863452689,bernoulli,bernoulli,1,completed
rep10,start_B,5,poisson,-74.33272195326774,148.66544390653547,,bfgs,5,True,7.549516567451064e-16,True,0.13376845414468205,bernoulli,bernoulli,1,completed
rep10,start_B,6,bernoulli,-51.96322927778776,103.92645855557552,,bfgs,3,True,5.4143356464919634e-11,True,0.04934565233055201,bernoulli,bernoulli,1,completed
rep10,start_B,6,poisson,-74.9956332171736,149.9912664343472,,bfgs,4,True,1.9326762412674725e-13,True,0.010798291953940315,bernoulli,bernoulli,1,completed
rep10,start_B,7,bernoulli,-50.711925633549626,101.42385126709925,,bfgs,4,True,1.7763568394002506e-16,True,0.37729322727360914,bernoulli,bernoulli,1,completed
rep10,start_B,7,poisson,-74.82580965810696,149.65161931621392,,bfgs,5,True,3.241851231905457e-14,True,0.06774922299675443,bernoulli,bernoulli,1,completed
rep10,start_B,8,bernoulli,-51.46766181258249,102.93532362516498,,bfgs,4,True,1.6791013024430869e-13,True,0.2373631014405977,bernoulli,bernoulli,1,completed
rep10,start_B,8,poisson,-74.95289976341705,149.9057995268341,,bfgs,5,True,1.5099033134902129e-15,True,0.0353435503279218,bernoulli,bernoulli,1,completed
rep10,start_B,3,bernoulli,-44.9562662686721,89.9125325373442,,bfgs,5,True,2.5408342096966408e-11,True,1.0671631705648734,bernoulli,bernoulli,2,completed
rep10,start_B,3,poisson,-73.4968737064956,146.9937474129912,,bfgs,7,True,7.286926617666723e-12,True,0.21058638479468314,bernoulli,bernoulli,2,completed
rep10,start_B,4,bernoulli,-45.501459420163975,91.00291884032795,,bfgs,5,True,1.071143174158351e-13,True,1.0390717156265121,bernoulli,bernoulli,2,completed
rep10,start_B,4,poisson,-73.66884171922815,147.3376834384563,,bfgs,9,True,9.224034869248498e-11,True,0.20446401437658956,bernoulli,bernoulli,2,completed
rep10,start_B,5,bernoulli,-50.58881448731281,101.17762897462562,,bfgs,6,True,1.2808420990495506e-11,True,0.3797159334227865,bernoulli,bernoulli,2,completed
rep10,start_B,5,poisson,-74.6057399647521,149.2114799295042,,bfgs,6,True,5.5128301923446085e-11,True,0.09529322862242685,bernoulli,bernoulli,2,completed
rep10,start_B,6,bernoulli,-50.34851277226411,100.69702554452822,,bfgs,5,True,5.539559921885484e-11,True,0.4674216025918194,bernoulli,bernoulli,2,completed
rep10,start_B,6,poisson,-74.74192314002164,149.48384628004328,,bfgs,5,False,1.6119291953997638e-08,False,0.09000744050780918,bernoulli,bernoulli,2,completed
rep10,start_B,7,bernoulli,-50.14888222873169,100.29776445746339,,bfgs,5,True,4.655253960095252e-12,True,0.43578876191779725,bernoulli,bernoulli,2,completed
rep10,start_B,7,poisson,-74.58704918366747,149.17409836733495,,bfgs,7,True,1.1535217225855376e-13,True,0.10167854827667461,bernoulli,bernoulli,2,completed
rep10,start_B,8,bernoulli,-44.195067605169335,88.39013521033867,,bfgs,5,True,1.5242784812130593e-11,True,1.1604737526957176,bernoulli,bernoulli,2,completed
rep10,start_B,8,poisson,-73.60180447055386,147.20360894110772,,bfgs,8,True,1.3444378832438986e-09,False,0.20252671490207225,bernoulli,bernoulli,2,completed
rep10,start_B,3,bernoulli,-41.134051863282835,82.26810372656567,,bfgs,7,True,4.951212773107727e-11,True,1.4623346024695014,bernoulli,bernoulli,3,completed
rep10,start_B,3,poisson,-73.16252007609951,146.32504015219902,,bfgs,11,True,4.805911886507363e-09,False,0.22152346018961694,bernoulli,bernoulli,3,completed
rep10,start_B,4,bernoulli,-44.82970982550539,89.65941965101078,,bfgs,7,True,8.148437480315352e-12,True,1.0154772266807268,bernoulli,bernoulli,3,completed
rep10,start_B,4,poisson,-73.21018158492899,146.42036316985798,,bfgs,11,False,1.1387166942711246e-08,False,0.22923189718465192,bernoulli,bernoulli,3,completed
rep10,start_B,5,bernoulli,-49.88782472895379,99.77564945790758,,bfgs,7,True,9.415055401973405e-11,True,0.4261875653112076,bernoulli,bernoulli,3,completed
rep10,start_B,5,poisson,-74.23660957303044,148.47321914606087,,bfgs,8,True,3.091553679723802e-11,True,0.132461808647375,bernoulli,bernoulli,3,completed
rep10,start_B,6,bernoulli,-50.53381893580293,101.06763787160585,,bfgs,6,True,6.019185150307749e-12,True,0.4003901650311818,bernoulli,bernoulli,3,completed
rep10,start_B,6,poisson,-74.71016045452988,149.42032090905977,,bfgs,8,True,1.3366530104974572e-11,True,0.09473478232960465,bernoulli,bernoulli,3,completed
rep10,start_B,7,bernoulli,-48.598883498907874,97.19776699781575,,bfgs,7,True,3.744560217455728e-13,True,0.74081596698081,bernoulli,bernoulli,3,completed
rep10,start_B,7,poisson,-74.59593431969446,149.19186863938893,,bfgs,9,True,7.767131027236473e-09,False,0.11159453612463542,bernoulli,bernoulli,3,completed
rep10,start_B,8,bernoulli,-43.08384091179768,86.16768182359536,,bfgs,7,True,4.3997658849548314e-10,False,1.1644799144819054,bernoulli,bernoulli,3,completed
rep10,start_B,8,poisson,-73.60025021220399,147.20050042440798,,bfgs,11,True,4.559330690767638e-12,True,0.18395362213280222,bernoulli,bernoulli,3,completed
rep10,start_B,3,bernoulli,-41.4142005762423,82.8284011524846,,bfgs,8,True,4.77630823780828e-11,True,1.3017846610079986,bernoulli,bernoulli,4,completed
rep10,start_B,3,poisson,-73.14831002479755,146.2966200495951,,bfgs,12,True,4.765403627260412e-11,True,0.21186677961954717,bernoulli,bernoulli,4,completed
rep10,start_B,4,bernoulli,-44.259804992094566,88.51960998418913,,bfgs,8,True,2.999211612397801e-09,False,1.0616339102522663,bernoulli,bernoulli,4,completed
rep10,start_B,4,poisson,-73.35980854793293,146.71961709586586,,bfgs,11,False,4.1817566103219407e-07,False,0.21487655664962474,bernoulli,bernoulli,4,completed
rep10,start_B,5,bernoulli,-50.009315462921144,100.01863092584229,,bfgs,9,True,8.051337374581635e-13,True,0.38933562092005936,bernoulli,bernoulli,4,completed
rep10,start_B,5,poisson,-74.35264062589678,148.70528125179356,,bfgs,10,True,1.4302993789350182e-09,False,0.109976039722547,bernoulli,bernoulli,4,completed
rep10,start_B,6,bernoulli,-49.378238803066324,98.75647760613265,,bfgs,9,True,8.413802987661256e-11,True,0.5979478093388978,bernoulli,bernoulli,4,completed
rep10,start_B,6,poisson,-74.43973520729963,148.87947041459927,,bfgs,12,True,3.641267287690653e-11,True,0.1460407852907525,bernoulli,bernoulli,4,completed
rep10,start_B,7,bernoulli,-46.35981838216897,92.71963676433793,,bfgs,8,True,1.0001963257622037e-09,False,1.0161890553604482,bernoulli,bernoulli,4,completed
rep10,start_B,7,poisson,-74.03126930381502,148.06253860763005,,bfgs,11,False,7.735395248786859e-08,False,0.18149376726760943,bernoulli,bernoulli,4,completed
rep10,start_B,8,bernoulli,-42.6401013949068,85.2802027898136,,bfgs,8,True,7.335554386145305e-12,True,1.1779689395626547,bernoulli,bernoulli,4,completed
rep10,start_B,8,poisson,-73.68844718612571,147.37689437225143,,bfgs,12,False,9.459953099061336e-08,False,0.17458729293612646,bernoulli,bernoulli,4,completed
rep10,start_B,3,bernoulli,-40.875403265466936,81.75080653093387,,bfgs,11,True,7.7250472685364e-11,True,1.2938525571316533,bernoulli,bernoulli,5,completed
rep10,start_B,3,poisson,-72.63023900333158,145.26047800666316,,bfgs,14,True,5.301744154806442e-10,False,0.24327499090114982,bernoulli,bernoulli,5,completed
rep10,start_B,4,bernoulli,-41.60622687147791,83.21245374295582,,bfgs,9,True,5.5941236976053684e-09,False,1.389390702118048,bernoulli,bernoulli,5,completed
rep10,start_B,4,poisson,-71.80455019247708,143.60910038495416,,bfgs,13,True,2.1266460592528348e-09,False,0.3446733351056097,bernoulli,bernoulli,5,completed
rep10,start_B,5,bernoulli,-48.109188799255136,96.21837759851027,,bfgs,10,False,1.0077591117152452e-08,False,0.7250749166814594,bernoulli,bernoulli,5,completed
rep10,start_B,5,poisson,-74.29711073999422,148.59422147998845,,bfgs,16,True,1.076015720968826e-10,False,0.11063555594880219,bernoulli,bernoulli,5,completed
rep10,start_B,6,bernoulli,-49.454966527156806,98.90993305431361,,bfgs,9,True,2.757616357484949e-12,True,0.5714021805029963,bernoulli,bernoulli,5,completed
rep10,start_B,6,poisson,-73.92421259976456,147.84842519952912,,bfgs,11,True,1.780090658209943e-11,True,0.21177142006316324,bernoulli,bernoulli,5,completed
rep10,start_B,7,bernoulli,-48.48667765337475,96.9733553067495,,bfgs,9,True,8.58690896166081e-13,True,0.7014832028778585,bernoulli,bernoulli,5,completed
rep10,start_B,7,poisson,-74.35707937926804,148.7141587585361,,bfgs,12,True,5.904077227114612e-12,True,0.13477337793113936,bernoulli,bernoulli,5,completed
rep10,start_B,8,bernoulli,-39.8119198654205,79.623839730841,,bfgs,9,True,3.884448318558498e-13,True,1.4086141508308834,bernoulli,bernoulli,5,completed
rep10,start_B,8,poisson,-73.1248151651586,146.2496303303172,,bfgs,13,True,4.081402840694359e-10,False,0.21189640830288115,bernoulli,bernoulli,5,completed
rep11,start_B,3,bernoulli,-51.82302899539424,103.64605799078848,,bfgs,4,True,9.325873406851315e-15,True,0.13230219835520157,bernoulli,bernoulli,1,completed
rep11,start_B,3,poisson,-74.60421933271047,149.20843866542094,,bfgs,5,True,3.552713678800501e-16,True,0.10493635454092072,bernoulli,bernoulli,1,completed
rep11,start_B,4,bernoulli,-51.78968103160257,103.57936206320514,,bfgs,3,True,7.683933489488481e-11,True,0.14530476119886124,bernoulli,bernoulli,1,completed
rep11,start_B,4,poisson,-74.96000367706085,149.9200073541217,,bfgs,5,True,3.630873379734112e-13,True,0.032901857735807304,bernoulli,bernoulli,1,completed
rep11,start_B,5,bernoulli,-51.75824542529733,103.51649085059466,,bfgs,4,True,8.917311333789258e-14,True,0.15660473487292073,bernoulli,bernoulli,1,completed
rep11,start_B,5,poisson,-74.96656008194148,149.93312016388296,,bfgs,5,True,1.2381207170619746e-12,True,0.030066098079486164,bernoulli,bernoulli,1,completed
rep11,start_B,6,bernoulli,-51.69116120137916,103.38232240275832,,bfgs,4,True,7.460698725481052e-15,True,0.17842237822572046,bernoulli,bernoulli,1,completed
rep11,start_B,6,poisson,-74.51001595070188,149.02003190140377,,bfgs,5,True,1.1102230246251565e-15,True,0.11698973816215745,bernoulli,bernoulli,1,completed
rep11,start_B,7,bernoulli,-49.86055384625496,99.72110769250992,,bfgs,4,True,3.3750779948604757e-15,True,0.497099253801397,bernoulli,bernoulli,1,completed
rep11,start_B,7,poisson,-73.65277800179209,147.30555600358417,,bfgs,4,True,3.0309088572266774e-14,True,0.19605915829055715,bernoulli,bernoulli,1,completed
rep11,start_B,8,bernoulli,-50.374691462855445,100.74938292571089,,bfgs,2,True,8.477663016037696e-14,True,0.4283618228428164,bernoulli,bernoulli,1,completed
rep11,start_B,8,poisson,-73.86172943632839,147.72345887265678,,bfgs,4,False,7.463056332923656e-08,False,0.17988312431351278,bernoulli,bernoulli,1,completed
rep11,start_B,3,bernoulli,-49.06580353108945,98.1316070621789,,bfgs,6,True,7.065459328714496e-11,True,0.6065267987669326,bernoulli,bernoulli,2,completed
rep11,start_B,3,poisson,-74.44102809495726,148.88205618991452,,bfgs,9,True,9.817114232646418e-10,False,0.11999082248666745,bernoulli,bernoulli,2,completed
rep11,start_B,4,bernoulli,-49.92141928230931,99.84283856461862,,bfgs,5,True,1.6822419013351464e-10,False,0.5097524208682782,bernoulli,bernoulli,2,completed
rep11,start_B,4,poisson,-74.94608713303495,149.8921742660699,,bfgs,6,True,4.424904886946024e-12,True,0.03743160805030213,bernoulli,bernoulli,2,completed
rep11,start_B,5,bernoulli,-50.74445059314191,101.48890118628383,,bfgs,6,True,3.935324377479787e-09,False,0.378970335390012,bernoulli,bernoulli,2,completed
rep11,start_B,5,poisson,-73.91124020374552,147.82248040749104,,bfgs,6,True,1.8195317696978463e-09,False,0.18436404811078264,bernoulli,bernoulli,2,completed
rep11,start_B,6,bernoulli,-49.34119714870279,98.68239429740558,,bfgs,6,True,4.006928122635145e-12,True,0.5642510297770327,bernoulli,bernoulli,2,completed
rep11,start_B,6,poisson,-74.30091794278337,148.60183588556674,,bfgs,9,False,1.7074978941877816e-07,False,0.13452837072696383,bernoulli,bernoulli,2,completed
rep11,start_B,7,bernoulli,-49.279889367593924,98.55977873518785,,bfgs,5,True,3.6562282090812915e-10,False,0.5551145351239744,bernoulli,bernoulli,2,completed
rep11,start_B,7,poisson,-72.8875085651191,145.7750171302382,,bfgs,5,True,3.607580900677476e-10,False,0.24683052683439635,bernoulli,bernoulli,2,completed
rep11,start_B,8,bernoulli,-50.00612168736757,100.01224337473514,,bfgs,4,True,2.6251179008340842e-11,True,0.4587560114307904,bernoulli,bernoulli,2,completed
rep11,start_B,8,poisson,-73.51674511036943,147.03349022073886,,bfgs,4,False,1.8488064545962855e-08,False,0.202415164657566,bernoulli,bernoulli,2,completed
rep11,start_B,3,bernoulli,-47.50215677413746,95.00431354827492,,bfgs,6,True,5.240430311914679e-12,True,0.7644493942877889,bernoulli,bernoulli,3,completed
rep11,start_B,3,poisson,-73.70150862213822,147.40301724427644,,bfgs,10,False,9.397360258844856e-08,False,0.19504851062433295,bernoulli,bernoulli,3,completed
rep11,start_B,4,bernoulli,-48.929395270699686,97.85879054139937,,bfgs,5,False,7.196783222696012e-08,False,0.6212825777395801,bernoulli,bernoulli,3,completed
rep11,start_B,4,poisson,-74.87197178026074,149.74394356052147,,bfgs,10,False,1.2116530250239067e-07,False,0.0601352739377569,bernoulli,bernoulli,3,completed
rep11,start_B,5,bernoulli,-48.08419496128771,96.16838992257541,,bfgs,7,True,1.84625648103065e-12,True,0.7201046010875267,bernoulli,bernoulli,3,completed
rep11,start_B,5,poisson,-73.79354746202318,147.58709492404637,,bfgs,10,True,1.828261986247526e-11,True,0.18383602846637354,bernoulli,bernoulli,3,completed
rep11,start_B,6,bernoulli,-49.41735498250684,98.83470996501369,,bfgs,7,True,8.602382695066524e-12,True,0.5383190668002562,bernoulli,bernoulli,3,completed
rep11,start_B,6,poisson,-74.42243400152805,148.8448680030561,,bfgs,8,True,3.2634506208495394e-12,True,0.12373746621446768,bernoulli,bernoulli,3,completed
rep11,start_B,7,bernoulli,-43.558947925143826,87.11789585028765,,bfgs,7,True,4.67964393902065e-09,False,1.1652697570959287,bernoulli,bernoulli,3,completed
rep11,start_B,7,poisson,-70.4284974845717,140.8569949691434,,bfgs,10,True,3.3459578163697046e-10,False,0.3748889212007141,bernoulli,bernoulli,3,completed
rep11,start_B,8,bernoulli,-49.134162798757174,98.26832559751435,,bfgs,8,True,1.411581962429409e-12,True,0.5731131616448683,bernoulli,bernoulli,3,completed
rep11,start_B,8,poisson,-72.70662487989297,145.41324975978594,,bfgs,9,True,7.288014636230856e-12,True,0.26148826849741286,bernoulli,bernoulli,3,completed
rep11,start_B,3,bernoulli,-48.13411013199819,96.26822026399638,,bfgs,8,False,2.9715512450678715e-08,False,0.677884273136086,bernoulli,bernoulli,4,completed
rep11,start_B,3,poisson,-73.73775037461418,147.47550074922836,,bfgs,12,True,4.062516367753233e-09,False,0.18124138084691271,bernoulli,bernoulli,4,completed
rep11,start_B,4,bernoulli,-49.08903887260216,98.17807774520432,,bfgs,8,False,9.935439759800602e-08,False,0.5489997517036133,bernoulli,bernoulli,4,completed
rep11,start_B,4,poisson,-74.7963264459539,149.5926528919078,,bfgs,14,True,5.494237953485026e-10,False,0.07354301039951486,bernoulli,bernoulli,4,completed
rep11,start_B,5,bernoulli,-40.32606892355598,80.65213784711196,,bfgs,10,True,3.999467423909664e-13,True,1.9096269279155167,bernoulli,bernoulli,4,completed
rep11,start_B,5,poisson,-71.9571528467537,143.9143056935074,,bfgs,16,True,4.809666442895378e-10,False,0.3572765707450091,bernoulli,bernoulli,4,completed
rep11,start_B,6,bernoulli,-48.63233169705852,97.26466339411704,,bfgs,8,True,1.4394394565186986e-10,False,0.6910250920871043,bernoulli,bernoulli,4,completed
rep11,start_B,6,poisson,-74.17684294883743,148.35368589767486,,bfgs,13,True,3.1389880694732143e-10,False,0.15807720351391644,bernoulli,bernoulli,4,completed
rep11,start_B,7,bernoulli,-43.78266828392951,87.56533656785902,,bfgs,8,True,8.674185814072643e-11,True,1.0751565477631457,bernoulli,bernoulli,4,completed
rep11,start_B,7,poisson,-69.84470638542936,139.68941277085872,,bfgs,11,True,5.252856605242329e-09,False,0.38046738654455714,bernoulli,bernoulli,4,completed
rep11,start_B,8,bernoulli,-47.85436382875779,95.70872765751558,,bfgs,7,True,1.2424088424722867e-10,False,0.6583765899277487,bernoulli,bernoulli,4,completed
rep11,start_B,8,poisson,-72.07672977883415,144.1534595576683,,bfgs,9,True,4.028129607647202e-09,False,0.26824623642044376,bernoulli,bernoulli,4,completed
rep11,start_B,3,bernoulli,-46.89912533881147,93.79825067762295,,bfgs,10,True,4.611955262134871e-12,True,0.8232378750868473,bernoulli,bernoulli,5,completed
rep11,start_B,3,poisson,-72.96386100257061,145.92772200514122,,bfgs,14,True,3.3757535433665e-09,False,0.24816212303116153,bernoulli,bernoulli,5,completed
rep11,start_B,4,bernoulli,-50.11619095261674,100.23238190523348,,bfgs,10,True,1.3797674114357505e-11,True,0.4644082271195486,bernoulli,bernoulli,5,completed
rep11,start_B,4,poisson,-74.28858121567764,148.57716243135528,,bfgs,9,True,1.206093003247588e-10,False,0.1739306928977825,bernoulli,bernoulli,5,completed
rep11,start_B,5,bernoulli,-45.1993361721915,90.398672344383,,bfgs,8,False,2.8493786130567854e-08,False,1.1622483097338852,bernoulli,bernoulli,5,completed
rep11,start_B,5,poisson,-72.12545549727352,144.25091099454704,,bfgs,14,False,1.0220223423118568e-08,False,0.35411208769875413,bernoulli,bernoulli,5,completed
rep11,start_B,6,bernoulli,-47.9979620604456,95.9959241208912,,bfgs,9,True,7.57322471400812e-10,False,0.7188608790473272,bernoulli,bernoulli,5,completed
rep11,start_B,6,poisson,-74.0902080552092,148.1804161104184,,bfgs,13,False,2.5894207267285197e-08,False,0.16674419729299544,bernoulli,bernoulli,5,completed
rep11,start_B,7,bernoulli,-42.508483439305095,85.01696687861019,,bfgs,8,True,3.178308727314061e-10,False,1.1258058199517758,bernoulli,bernoulli,5,completed
rep11,start_B,7,poisson,-69.39641682424153,138.79283364848305,,bfgs,13,True,4.138723030955305e-09,False,0.36573863420250996,bernoulli,bernoulli,5,completed
rep11,start_B,8,bernoulli,-47.94612897269061,95.89225794538122,,bfgs,8,False,7.449007535242914e-08,False,0.6961684893206452,bernoulli,bernoulli,5,completed
rep11,start_B,8,poisson,-72.08863002401313,144.17726004802626,,bfgs,9,True,2.2773889336857866e-10,False,0.2669043496960091,bernoulli,bernoulli,5,completed
rep12,start_B,3,bernoulli,-42.13974233800734,84.27948467601468,,bfgs,4,True,4.197975300712642e-12,True,1.2368790273290255,bernoulli,bernoulli,1,completed
rep12,start_B,3,poisson,-72.1779004087429,144.3558008174858,,bfgs,6,True,6.032507826603251e-13,True,0.2728605072927764,bernoulli,bernoulli,1,completed
rep12,start_B,4,bernoulli,-50.85084571748358,101.70169143496716,,bfgs,3,True,1.0728751220767663e-12,True,0.35507492927215456,bernoulli,bernoulli,1,completed
rep12,start_B,4,poisson,-74.89123816944554,149.7824763388911,,bfgs,5,True,1.587618925213974e-14,True,0.05360298705528009,bernoulli,bernoulli,1,completed
rep12,start_B,5,bernoulli,-51.873116762154964,103.74623352430993,,bfgs,3,True,1.7932322293745528e-12,True,0.10996899506498337,bernoulli,bernoulli,1,completed
rep12,start_B,5,poisson,-74.99905403744255,149.9981080748851,,bfgs,5,True,8.881784197001252e-16,True,0.005024239276220304,bernoulli,bernoulli,1,completed
rep12,start_B,6,bernoulli,-51.078134605809296,102.15626921161859,,bfgs,3,False,6.915222581227453e-08,False,0.31625618251082105,bernoulli,bernoulli,1,completed
rep12,start_B,6,poisson,-74.92452464582692,149.84904929165384,,bfgs,5,True,1.909583602355269e-15,True,0.044693816063076264,bernoulli,bernoulli,1,completed
rep12,start_B,7,bernoulli,-51.12513868398311,102.25027736796622,,bfgs,4,True,1.3568328682822538e-10,False,0.3077023457183381,bernoulli,bernoulli,1,completed
rep12,start_B,7,poisson,-74.93110888522554,149.86221777045108,,bfgs,5,True,3.552713678800501e-16,True,0.0427081994590929,bernoulli,bernoulli,1,completed
rep12,start_B,8,bernoulli,-51.90555649994392,103.81111299988784,,bfgs,4,True,1.4432899320127035e-15,True,0.09278583827189177,bernoulli,bernoulli,1,completed
rep12,start_B,8,poisson,-74.88372786580581,149.76745573161162,,bfgs,4,True,2.220446049250313e-15,True,0.055843759354008586,bernoulli,bernoulli,1,completed
rep12,start_B,3,bernoulli,-40.77883932708638,81.55767865417276,,bfgs,5,True,2.1511681325137032e-13,True,1.2697379495734369,bernoulli,bernoulli,2,completed
rep12,start_B,3,poisson,-71.05782985936992,142.11565971873983,,bfgs,7,True,1.201996724375931e-10,False,0.318185246707357,bernoulli,bernoulli,2,completed
rep12,start_B,4,bernoulli,-50.672016790459466,101.34403358091893,,bfgs,5,True,8.260059303211165e-15,True,0.3576772711702194,bernoulli,bernoulli,2,completed
rep12,start_B,4,poisson,-74.76143141413253,149.52286282826506,,bfgs,6,True,4.475495529732143e-11,True,0.08132975563348158,bernoulli,bernoulli,2,completed
rep12,start_B,5,bernoulli,-50.653311307755146,101.30662261551029,,bfgs,5,True,2.382485320140404e-11,True,0.3939426269398917,bernoulli,bernoulli,2,completed
rep12,start_B,5,poisson,-74.13071536923854,148.2614307384771,,bfgs,6,True,1.8341208551930776e-10,False,0.16853797714735338,bernoulli,bernoulli,2,completed
rep12,start_B,6,bernoulli,-48.14847950398581,96.29695900797162,,bfgs,5,True,6.858907886098109e-11,True,0.7552713730113092,bernoulli,bernoulli,2,completed
rep12,start_B,6,poisson,-74.83206913285366,149.66413826570732,,bfgs,8,False,1.9736032412787098e-07,False,0.07223440329484196,bernoulli,bernoulli,2,completed
rep12,start_B,7,bernoulli,-51.17805068688741,102.35610137377482,,bfgs,5,True,4.072653325692954e-12,True,0.27888136480356357,bernoulli,bernoulli,2,completed
rep12,start_B,7,poisson,-74.55662180951563,149.11324361903127,,bfgs,7,True,6.523309670214417e-13,True,0.11890269819954043,bernoulli,bernoulli,2,completed
rep12,start_B,8,bernoulli,-51.21239085502543,102.42478171005087,,bfgs,6,True,9.2175156396479e-13,True,0.3216647227147321,bernoulli,bernoulli,2,completed
rep12,start_B,8,poisson,-74.91146294513945,149.8229258902789,,bfgs,6,True,1.4255586711087177e-10,False,0.04545154439745774,bernoulli,bernoulli,2,completed
rep12,start_B,3,bernoulli,-40.10457045345354,80.20914090690708,,bfgs,7,True,3.271702908591578e-11,True,1.3029894003387335,bernoulli,bernoulli,3,completed
rep12,start_B,3,poisson,-71.26582614053355,142.5316522810671,,bfgs,9,True,1.6685675063854434e-11,True,0.2960343904724788,bernoulli,bernoulli,3,completed
rep12,start_B,4,bernoulli,-46.226121759755884,92.45224351951177,,bfgs,7,True,1.3674394949703127e-12,True,0.9102060900448675,bernoulli,bernoulli,3,completed
rep12,start_B,4,poisson,-73.44455477279337,146.88910954558673,,bfgs,11,True,1.2802292559399575e-10,False,0.20734922057149807,bernoulli,bernoulli,3,completed
rep12,start_B,5,bernoulli,-50.60802469535197,101.21604939070394,,bfgs,7,True,7.951994618338176e-11,True,0.40458480532898133,bernoulli,bernoulli,3,completed
rep12,start_B,5,poisson,-74.41560168029643,148.83120336059287,,bfgs,8,True,4.562876299019081e-10,False,0.13627455548421985,bernoulli,bernoulli,3,completed
rep12,start_B,6,bernoulli,-47.084017243195284,94.16803448639057,,bfgs,6,True,1.5881272519280287e-09,False,0.8280125684064913,bernoulli,bernoulli,3,completed
rep12,start_B,6,poisson,-74.58766529892839,149.17533059785677,,bfgs,10,True,3.388525016134736e-11,True,0.10981791447933718,bernoulli,bernoulli,3,completed
rep12,start_B,7,bernoulli,-50.585890755068036,101.17178151013607,,bfgs,7,True,4.549249865704042e-13,True,0.40601751167245864,bernoulli,bernoulli,3,completed
rep12,start_B,7,poisson,-74.3217513199377,148.6435026398754,,bfgs,8,True,5.297362548617457e-12,True,0.14054973942239132,bernoulli,bernoulli,3,completed
rep12,start_B,8,bernoulli,-49.7770607154097,99.5541214308194,,bfgs,7,True,4.1946304207840514e-10,False,0.536170504344789,bernoulli,bernoulli,3,completed
rep12,start_B,8,poisson,-74.2248158876533,148.4496317753066,,bfgs,11,True,1.0328057964414938e-09,False,0.14543768415582764,bernoulli,bernoulli,3,completed
rep12,start_B,3,bernoulli,-36.859799084241885,73.71959816848377,,bfgs,8,True,3.7619494186458267e-10,False,1.674546012846761,bernoulli,bernoulli,4,completed
rep12,start_B,3,poisson,-71.06420752670907,142.12841505341814,,bfgs,15,True,8.477901847214753e-09,False,0.28625050047706824,bernoulli,bernoulli,4,completed
rep12,start_B,4,bernoulli,-47.423351136382514,94.84670227276503,,bfgs,8,True,6.5782268521275e-11,True,0.7132464777034454,bernoulli,bernoulli,4,completed
rep12,start_B,4,poisson,-73.57560083654036,147.15120167308072,,bfgs,12,True,1.5763790273126688e-10,False,0.19516426960745814,bernoulli,bernoulli,4,completed
rep12,start_B,5,bernoulli,-50.4810665809797,100.9621331619594,,bfgs,8,True,6.124301066279259e-12,True,0.40578453812021814,bernoulli,bernoulli,4,completed
rep12,start_B,5,poisson,-74.26672523730224,148.53345047460448,,bfgs,10,True,2.2547279598938984e-10,False,0.1518716030488253,bernoulli,bernoulli,4,completed
rep12,start_B,6,bernoulli,-45.633244675987804,91.26648935197561,,bfgs,7,False,2.1795131477375662e-08,False,0.9985384667646948,bernoulli,bernoulli,4,completed
rep12,start_B,6,poisson,-73.6139514681289,147.2279029362578,,bfgs,13,True,7.4824363371917e-11,True,0.24321997025576586,bernoulli,bernoulli,4,completed
rep12,start_B,7,bernoulli,-49.34621225500507,98.69242451001014,,bfgs,8,True,4.341398796015028e-10,False,0.6012300541304657,bernoulli,bernoulli,4,completed
rep12,start_B,7,poisson,-73.48558582161502,146.97117164323004,,bfgs,10,False,1.3145510615042434e-07,False,0.23964201126023055,bernoulli,bernoulli,4,completed
rep12,start_B,8,bernoulli,-49.28954850412229,98.57909700824457,,bfgs,8,True,8.962580011484534e-10,False,0.5699644746218864,bernoulli,bernoulli,4,completed
rep12,start_B,8,poisson,-74.13137291969464,148.26274583938928,,bfgs,14,True,3.988419816636224e-10,False,0.15015706972182535,bernoulli,bernoulli,4,completed
rep12,start_B,3,bernoulli,-39.774573637756006,79.54914727551201,,bfgs,10,True,1.7536949670216016e-11,True,1.1285145813037738,bernoulli,bernoulli,5,completed
rep12,start_B,3,poisson,-70.77778622621163,141.55557245242326,,bfgs,15,True,5.762872845593848e-10,False,0.27780681751045433,bernoulli,bernoulli,5,completed
rep12,start_B,4,bernoulli,-46.266776785158086,92.53355357031617,,bfgs,8,True,2.730929704597429e-10,False,0.801267181800641,bernoulli,bernoulli,5,completed
rep12,start_B,4,poisson,-72.97793216294016,145.95586432588033,,bfgs,15,True,2.217004357873975e-11,True,0.2318477140895262,bernoulli,bernoulli,5,completed
rep12,start_B,5,bernoulli,-49.5332790210273,99.0665580420546,,bfgs,9,True,1.1649392561707828e-10,False,0.499937988052808,bernoulli,bernoulli,5,completed
rep12,start_B,5,poisson,-74.0465459979678,148.0930919959356,,bfgs,11,True,5.723732598994502e-10,False,0.15904538231440365,bernoulli,bernoulli,5,completed
rep12,start_B,6,bernoulli,-40.096484148723285,80.19296829744657,,bfgs,9,True,9.876122142316035e-11,True,1.7858087706563675,bernoulli,bernoulli,5,completed
rep12,start_B,6,poisson,-72.31645765174753,144.63291530349505,,bfgs,16,True,5.825372184631305e-10,False,0.34676236001385125,bernoulli,bernoulli,5,completed
rep12,start_B,7,bernoulli,-43.53112576158411,87.06225152316821,,bfgs,9,True,3.669518022775264e-11,True,1.5400217664725326,bernoulli,bernoulli,5,completed
rep12,start_B,7,poisson,-72.47402608717286,144.94805217434572,,bfgs,13,True,4.409658416193452e-10,False,0.3214872278566461,bernoulli,bernoulli,5,completed
rep12,start_B,8,bernoulli,-48.20285929946216,96.40571859892432,,bfgs,11,True,2.260134301934613e-11,True,0.7608754035784855,bernoulli,bernoulli,5,completed
rep12,start_B,8,poisson,-72.97495529241075,145.9499105848215,,bfgs,16,True,9.774625553404804e-13,True,0.26298940056786774,bernoulli,bernoulli,5,completed
rep13,start_B,3,bernoulli,-50.0621249293301,100.1242498586602,,bfgs,4,True,2.525979425627156e-13,True,0.4703895122441544,bernoulli,bernoulli,1,completed
rep13,start_B,3,poisson,-74.67703596853733,149.35407193707465,,bfgs,4,False,2.7173972627636545e-08,False,0.0923238127603627,bernoulli,bernoulli,1,completed
rep13,start_B,4,bernoulli,-48.482487327986576,96.96497465597315,,bfgs,3,True,5.4309090558035676e-11,True,0.6552897056816194,bernoulli,bernoulli,1,completed
rep13,start_B,4,poisson,-74.36537181669466,148.73074363338932,,bfgs,8,True,4.618527782440651e-15,True,0.12893711397269264,bernoulli,bernoulli,1,completed
rep13,start_B,5,bernoulli,-47.96917915619097,95.93835831238194,,bfgs,4,True,7.256053535797946e-11,True,0.7090752159278088,bernoulli,bernoulli,1,completed
rep13,start_B,5,poisson,-73.81208651155768,147.62417302311536,,bfgs,5,True,5.524469770534779e-14,True,0.17669075128614473,bernoulli,bernoulli,1,completed
rep13,start_B,6,bernoulli,-51.464647801808596,102.92929560361719,,bfgs,4,True,3.6448899454200046e-10,False,0.2382199882867424,bernoulli,bernoulli,1,completed
rep13,start_B,6,poisson,-74.94037395951847,149.88074791903693,,bfgs,5,True,6.439293542825908e-16,True,0.03981599496641585,bernoulli,bernoulli,1,completed
rep13,start_B,7,bernoulli,-50.39859159401236,100.79718318802472,,bfgs,4,True,9.992007221626409e-16,True,0.42444224075778775,bernoulli,bernoulli,1,completed
rep13,start_B,7,poisson,-74.74277443051605,149.4855488610321,,bfgs,5,True,9.281464485866308e-15,True,0.08246308471208628,bernoulli,bernoulli,1,completed
rep13,start_B,8,bernoulli,-51.56042835577259,103.12085671154519,,bfgs,3,False,1.458260559861202e-07,False,0.21482996768423834,bernoulli,bernoulli,1,completed
rep13,start_B,8,poisson,-74.95602379661071,149.91204759322142,,bfgs,4,True,2.7220536935601557e-11,True,0.03420340048494545,bernoulli,bernoulli,1,completed
rep13,start_B,3,bernoulli,-47.90808002583876,95.81616005167751,,bfgs,5,True,1.74294800814323e-11,True,0.7201169075546117,bernoulli,bernoulli,2,completed
rep13,start_B,3,poisson,-73.80338587616782,147.60677175233565,,bfgs,7,True,4.4994385994812094e-11,True,0.18589900466818737,bernoulli,bernoulli,2,completed
rep13,start_B,4,bernoulli,-45.28577814180056,90.57155628360113,,bfgs,6,True,1.0177192422133884e-12,True,0.960434537617227,bernoulli,bernoulli,2,completed
rep13,start_B,4,poisson,-74.08228528075318,148.16457056150637,,bfgs,8,True,1.1648637610051083e-11,True,0.15155111852461195,bernoulli,bernoulli,2,completed
rep13,start_B,5,bernoulli,-46.29292423311203,92.58584846622406,,bfgs,5,True,2.381197461431839e-11,True,0.8697678021310057,bernoulli,bernoulli,2,completed
rep13,start_B,5,poisson,-73.69730595332777,147.39461190665554,,bfgs,7,False,1.6757062493155674e-08,False,0.1801878407742527,bernoulli,bernoulli,2,completed
rep13,start_B,6,bernoulli,-51.64195708982923,103.28391417965847,,bfgs,6,True,4.440892098500626e-16,True,0.18617947299269294,bernoulli,bernoulli,2,completed
rep13,start_B,6,poisson,-74.86428867665899,149.72857735331797,,bfgs,6,True,7.163281079414219e-12,True,0.06362084980155139,bernoulli,bernoulli,2,completed
rep13,start_B,7,bernoulli,-50.79530686679601,101.59061373359202,,bfgs,6,True,7.58504370423907e-14,True,0.349704585489504,bernoulli,bernoulli,2,completed
rep13,start_B,7,poisson,-74.70757972053488,149.41515944106976,,bfgs,7,True,5.3859583459825444e-11,True,0.09016825115427662,bernoulli,bernoulli,2,completed
rep13,start_B,8,bernoulli,-49.475309173248846,98.95061834649769,,bfgs,6,True,8.184919408904534e-12,True,0.5684917907072652,bernoulli,bernoulli,2,completed
rep13,start_B,8,poisson,-74.03814339707193,148.07628679414387,,bfgs,7,True,2.0153439805881136e-09,False,0.16946919973663122,bernoulli,bernoulli,2,completed
rep13,start_B,3,bernoulli,-48.12694299781218,96.25388599562436,,bfgs,7,True,3.279772842201822e-11,True,0.6912826134889604,bernoulli,bernoulli,3,completed
rep13,start_B,3,poisson,-73.8161717230046,147.6323434460092,,bfgs,9,True,1.5433876260351199e-10,False,0.18359578100222226,bernoulli,bernoulli,3,completed
rep13,start_B,4,bernoulli,-43.34186080974588,86.68372161949176,,bfgs,7,True,1.4541423620784145e-13,True,1.1340588407869967,bernoulli,bernoulli,3,completed
rep13,start_B,4,poisson,-73.86414093665503,147.72828187331007,,bfgs,9,False,9.922909285364768e-08,False,0.16372116111383073,bernoulli,bernoulli,3,completed
rep13,start_B,5,bernoulli,-45.507283929329375,91.01456785865875,,bfgs,7,True,4.188367963564587e-09,False,0.9259088272384336,bernoulli,bernoulli,3,completed
rep13,start_B,5,poisson,-73.45217662930752,146.90435325861503,,bfgs,12,True,6.324484269626396e-11,True,0.19160998812823388,bernoulli,bernoulli,3,completed
rep13,start_B,6,bernoulli,-51.536170838374616,103.07234167674923,,bfgs,7,True,4.349409721271513e-12,True,0.21733342487247412,bernoulli,bernoulli,3,completed
rep13,start_B,6,poisson,-74.81154911197837,149.62309822395673,,bfgs,8,True,1.0071188327742675e-11,True,0.07520607883729348,bernoulli,bernoulli,3,completed
rep13,start_B,7,bernoulli,-46.69155152198006,93.38310304396012,,bfgs,6,True,6.397322838136433e-10,False,0.860267475409551,bernoulli,bernoulli,3,completed
rep13,start_B,7,poisson,-74.01487832599778,148.02975665199557,,bfgs,10,False,1.0380973058943254e-08,False,0.16628492952157242,bernoulli,bernoulli,3,completed
rep13,start_B,8,bernoulli,-49.77609584535579,99.55219169071158,,bfgs,6,False,3.5328847136639754e-08,False,0.5125856137824647,bernoulli,bernoulli,3,completed
rep13,start_B,8,poisson,-74.14331656513606,148.28663313027212,,bfgs,7,True,1.1057301851913337e-09,False,0.15505771219035347,bernoulli,bernoulli,3,completed
rep13,start_B,3,bernoulli,-48.22261221951013,96.44522443902027,,bfgs,9,True,9.32082189208927e-12,True,0.6690031711353881,bernoulli,bernoulli,4,completed
rep13,start_B,3,poisson,-73.59753757219673,147.19507514439346,,bfgs,9,True,2.9526658895662194e-11,True,0.18712419293019708,bernoulli,bernoulli,4,completed
rep13,start_B,4,bernoulli,-43.14637210581167,86.29274421162334,,bfgs,10,True,1.1106964681317777e-09,False,1.1347755259749384,bernoulli,bernoulli,4,completed
rep13,start_B,4,poisson,-73.93797653362063,147.87595306724126,,bfgs,12,True,5.394964475158304e-11,True,0.1684623869455691,bernoulli,bernoulli,4,completed
rep13,start_B,5,bernoulli,-43.36232966494681,86.72465932989363,,bfgs,7,True,2.6530166952198897e-12,True,1.1748402371778095,bernoulli,bernoulli,4,completed
rep13,start_B,5,poisson,-73.09828780397706,146.19657560795412,,bfgs,12,True,5.5924154196418385e-11,True,0.2404402247535722,bernoulli,bernoulli,4,completed
rep13,start_B,6,bernoulli,-50.814562410672764,101.62912482134553,,bfgs,8,True,5.260740509882566e-10,False,0.4779522828709581,bernoulli,bernoulli,4,completed
rep13,start_B,6,poisson,-74.46332401332792,148.92664802665584,,bfgs,12,True,4.728051283819923e-12,True,0.13067764427047723,bernoulli,bernoulli,4,completed
rep13,start_B,7,bernoulli,-44.43916006792411,88.87832013584821,,bfgs,8,True,1.6318335571696707e-11,True,1.2040097956419897,bernoulli,bernoulli,4,completed
rep13,start_B,7,poisson,-73.18177784388119,146.36355568776239,,bfgs,11,True,3.441092744083107e-10,False,0.24958433435491095,bernoulli,bernoulli,4,completed
rep13,start_B,8,bernoulli,-48.6763024858107,97.3526049716214,,bfgs,9,True,3.2413050021773415e-10,False,0.708967768518489,bernoulli,bernoulli,4,completed
rep13,start_B,8,poisson,-73.31130633127978,146.62261266255956,,bfgs,9,True,5.1165649495032996e-11,True,0.22507912546026387,bernoulli,bernoulli,4,completed
rep13,start_B,3,bernoulli,-47.28838204538279,94.57676409076558,,bfgs,9,True,2.1662582838644086e-11,True,0.8228271342137662,bernoulli,bernoulli,5,completed
rep13,start_B,3,poisson,-73.0690021701464,146.1380043402928,,bfgs,11,True,3.610924892427647e-11,True,0.24949516390849988,bernoulli,bernoulli,5,completed
rep13,start_B,4,bernoulli,-38.87006461619866,77.74012923239732,,bfgs,9,True,2.3390407416501445e-09,False,1.6465605318266694,bernoulli,bernoulli,5,completed
rep13,start_B,4,poisson,-72.4830681568204,144.9661363136408,,bfgs,16,True,6.088913018231778e-09,False,0.3096880812645211,bernoulli,bernoulli,5,completed
rep13,start_B,5,bernoulli,-44.34680893281814,88.69361786563628,,bfgs,8,False,6.149457432158556e-08,False,0.9777108089048683,bernoulli,bernoulli,5,completed
rep13,start_B,5,poisson,-73.32476035805352,146.64952071610705,,bfgs,15,True,3.923495839330826e-09,False,0.1925466219827009,bernoulli,bernoulli,5,completed
rep13,start_B,6,bernoulli,-50.46970417304293,100.93940834608586,,bfgs,10,True,2.4571455981003963e-13,True,0.4978474084535977,bernoulli,bernoulli,5,completed
rep13,start_B,6,poisson,-74.32492512425824,148.6498502485165,,bfgs,10,True,2.102835383599455e-09,False,0.1490051054669133,bernoulli,bernoulli,5,completed
rep13,start_B,7,bernoulli,-38.668305329086124,77.33661065817225,,bfgs,9,False,8.196196192855609e-08,False,1.9213026522133676,bernoulli,bernoulli,5,completed
rep13,start_B,7,poisson,-72.94090032779938,145.88180065559877,,bfgs,14,True,4.676645737333729e-11,True,0.2572029791909468,bernoulli,bernoulli,5,completed
rep13,start_B,8,bernoulli,-47.45888166268355,94.9177633253671,,bfgs,9,True,1.9992709709981681e-10,False,0.9142731493032202,bernoulli,bernoulli,5,completed
rep13,start_B,8,poisson,-73.66444612206223,147.32889224412446,,bfgs,14,True,4.325973712582254e-09,False,0.1978832396025239,bernoulli,bernoulli,5,completed
rep14,start_B,3,bernoulli,-51.98465688593226,103.96931377186452,,bfgs,3,True,6.770432214864286e-10,False,0.012140169525118748,bernoulli,bernoulli,1,completed
rep14,start_B,3,poisson,-74.91453816290439,149.82907632580878,,bfgs,4,True,1.3421264100088592e-12,True,0.047849497547715926,bernoulli,bernoulli,1,completed
rep14,start_B,4,bernoulli,-51.4486006368567,102.8972012737134,,bfgs,4,True,3.212718979739293e-12,True,0.241680802685871,bernoulli,bernoulli,1,completed
rep14,start_B,4,poisson,-74.99699184546702,149.99398369093404,,bfgs,5,True,1.2434497875801752e-15,True,0.008951069491609346,bernoulli,bernoulli,1,completed
rep14,start_B,5,bernoulli,-51.94710517176672,103.89421034353344,,bfgs,3,True,1.2989307407451634e-10,False,0.06448651284203301,bernoulli,bernoulli,1,completed
rep14,start_B,5,poisson,-74.83201156712536,149.66402313425073,,bfgs,4,True,2.842170943040401e-15,True,0.06712040632210349,bernoulli,bernoulli,1,completed
rep14,start_B,6,bernoulli,-51.54624580643234,103.09249161286468,,bfgs,4,True,1.1954881529163685e-13,True,0.2182538080677327,bernoulli,bernoulli,1,completed
rep14,start_B,6,poisson,-74.99959237034602,149.99918474069204,,bfgs,5,True,1.3322676295501878e-15,True,0.003296281436008663,bernoulli,bernoulli,1,completed
rep14,start_B,7,bernoulli,-51.83167927956267,103.66335855912534,,bfgs,4,True,5.07538846505895e-09,False,0.12866050352080485,bernoulli,bernoulli,1,completed
rep14,start_B,7,poisson,-74.74215304874424,149.48430609748848,,bfgs,3,True,2.6141650621980263e-09,False,0.08317677364364014,bernoulli,bernoulli,1,completed
rep14,start_B,8,bernoulli,-44.60669467250769,89.21338934501539,,bfgs,3,True,3.0212055079914535e-11,True,1.0147621559540383,bernoulli,bernoulli,1,completed
rep14,start_B,8,poisson,-74.0342169330091,148.0684338660182,,bfgs,6,True,2.0736612427185718e-11,True,0.15762788690569537,bernoulli,bernoulli,1,completed
rep14,start_B,3,bernoulli,-49.33612558868432,98.67225117736864,,bfgs,5,True,1.1709873071197309e-10,False,0.57330367273836,bernoulli,bernoulli,2,completed
rep14,start_B,3,poisson,-74.19628892999425,148.3925778599885,,bfgs,7,True,5.4622972811557705e-15,True,0.15153947970274007,bernoulli,bernoulli,2,completed
rep14,start_B,4,bernoulli,-51.44987578360194,102.89975156720388,,bfgs,6,True,1.1901590823981678e-13,True,0.2347674629724886,bernoulli,bernoulli,2,completed
rep14,start_B,4,poisson,-74.99125876002661,149.98251752005322,,bfgs,7,True,1.1726120074939673e-12,True,0.014827411550228157,bernoulli,bernoulli,2,completed
rep14,start_B,5,bernoulli,-51.84514395820393,103.69028791640785,,bfgs,5,True,9.389355959399382e-12,True,0.1194018050769356,bernoulli,bernoulli,2,completed
rep14,start_B,5,poisson,-74.79165147703108,149.58330295406216,,bfgs,6,True,2.5828228444879643e-13,True,0.07255534585193238,bernoulli,bernoulli,2,completed
rep14,start_B,6,bernoulli,-51.090368329396604,102.18073665879321,,bfgs,5,True,1.4005774318093245e-11,True,0.31885012083831266,bernoulli,bernoulli,2,completed
rep14,start_B,6,poisson,-74.90155211283927,149.80310422567854,,bfgs,6,True,1.9132264661436693e-10,False,0.052620142995960684,bernoulli,bernoulli,2,completed
rep14,start_B,7,bernoulli,-51.70326506392853,103.40653012785705,,bfgs,5,True,5.551115123125783e-15,True,0.1779687596252392,bernoulli,bernoulli,2,completed
rep14,start_B,7,poisson,-74.74857447407693,149.49714894815386,,bfgs,6,True,1.7528201112781971e-12,True,0.08151711561409924,bernoulli,bernoulli,2,completed
rep14,start_B,8,bernoulli,-44.111896038220706,88.22379207644141,,bfgs,6,True,7.725287076709719e-12,True,1.019220651372711,bernoulli,bernoulli,2,completed
rep14,start_B,8,poisson,-73.76984099951729,147.53968199903457,,bfgs,8,True,1.1313971981508075e-11,True,0.17377120468310087,bernoulli,bernoulli,2,completed
rep14,start_B,3,bernoulli,-49.274176149603306,98.54835229920661,,bfgs,7,True,5.212630327378065e-12,True,0.5642874533468335,bernoulli,bernoulli,3,completed
rep14,start_B,3,poisson,-74.3341752216121,148.6683504432242,,bfgs,8,False,5.835743914772706e-08,False,0.13311030550746586,bernoulli,bernoulli,3,completed
rep14,start_B,4,bernoulli,-51.54325188099638,103.08650376199276,,bfgs,6,True,2.1205837086313295e-10,False,0.21590216882070265,bernoulli,bernoulli,3,completed
rep14,start_B,4,poisson,-74.9473382764775,149.894676552955,,bfgs,8,True,2.9763122522119544e-12,True,0.04038247176379396,bernoulli,bernoulli,3,completed
rep14,start_B,5,bernoulli,-48.76736231428536,97.53472462857071,,bfgs,7,True,1.95543634617934e-09,False,0.6776676895873293,bernoulli,bernoulli,3,completed
rep14,start_B,5,poisson,-74.44908806601691,148.89817613203383,,bfgs,10,True,7.3195522087843304e-09,False,0.11801288094290033,bernoulli,bernoulli,3,completed
rep14,start_B,6,bernoulli,-49.34259124681125,98.6851824936225,,bfgs,7,True,1.873079469305594e-12,True,0.5646241454430416,bernoulli,bernoulli,3,completed
rep14,start_B,6,poisson,-73.93094020362389,147.86188040724778,,bfgs,8,True,3.440909557284044e-10,False,0.1824334712888897,bernoulli,bernoulli,3,completed
rep14,start_B,7,bernoulli,-51.48495494356249,102.96990988712498,,bfgs,7,True,9.298410930114187e-11,True,0.22778155422310123,bernoulli,bernoulli,3,completed
rep14,start_B,7,poisson,-74.66437681063037,149.32875362126074,,bfgs,8,True,2.477951177581872e-12,True,0.09287077884058122,bernoulli,bernoulli,3,completed
rep14,start_B,8,bernoulli,-40.857846839732204,81.71569367946441,,bfgs,7,True,2.949311905808827e-11,True,1.2693116027690328,bernoulli,bernoulli,3,completed
rep14,start_B,8,poisson,-72.7843469761425,145.568693952285,,bfgs,9,True,1.3736833892608046e-11,True,0.23851529153596704,bernoulli,bernoulli,3,completed
rep14,start_B,3,bernoulli,-48.733698759760905,97.46739751952181,,bfgs,9,True,6.23501250629488e-14,True,0.5794607284463119,bernoulli,bernoulli,4,completed
rep14,start_B,3,poisson,-74.00956152913402,148.01912305826804,,bfgs,9,True,1.9945929352616077e-10,False,0.16168522969126647,bernoulli,bernoulli,4,completed
rep14,start_B,4,bernoulli,-50.083077223594344,100.16615444718869,,bfgs,10,True,6.925215956243847e-12,True,0.5998041544778612,bernoulli,bernoulli,4,completed
rep14,start_B,4,poisson,-74.57933635524144,149.15867271048288,,bfgs,9,True,3.3040792324356973e-13,True,0.1568961735167969,bernoulli,bernoulli,4,completed
rep14,start_B,5,bernoulli,-49.369944407301205,98.73988881460241,,bfgs,8,True,3.716249974416996e-10,False,0.5503264495749308,bernoulli,bernoulli,4,completed
rep14,start_B,5,poisson,-74.5928705025,149.185741005,,bfgs,13,True,7.949449098987316e-10,False,0.093077992468783,bernoulli,bernoulli,4,completed
rep14,start_B,6,bernoulli,-48.637475515973065,97.27495103194613,,bfgs,7,True,4.799948882805438e-10,False,0.6111625180881063,bernoulli,bernoulli,4,completed
rep14,start_B,6,poisson,-73.83228894513243,147.66457789026487,,bfgs,10,True,1.5155590671334096e-10,False,0.17206092629906117,bernoulli,bernoulli,4,completed
rep14,start_B,7,bernoulli,-49.023950133124345,98.04790026624869,,bfgs,8,True,3.735407538840718e-11,True,0.8158205280418683,bernoulli,bernoulli,4,completed
rep14,start_B,7,poisson,-74.13211362625802,148.26422725251604,,bfgs,10,True,1.3239630433647954e-10,False,0.1790140167855025,bernoulli,bernoulli,4,completed
rep14,start_B,8,bernoulli,-41.65242898874951,83.30485797749903,,bfgs,7,True,1.2753989864222604e-09,False,1.1472175131508582,bernoulli,bernoulli,4,completed
rep14,start_B,8,poisson,-72.67589357360407,145.35178714720814,,bfgs,11,True,5.283283144308371e-10,False,0.23050832721629266,bernoulli,bernoulli,4,completed
rep14,start_B,3,bernoulli,-48.38308829489426,96.76617658978851,,bfgs,10,True,2.8864688417229446e-13,True,0.6726112208252051,bernoulli,bernoulli,5,completed
rep14,start_B,3,poisson,-74.15437012967843,148.30874025935685,,bfgs,13,True,2.4446820123813495e-09,False,0.1475795725219451,bernoulli,bernoulli,5,completed
rep14,start_B,4,bernoulli,-49.27436199118866,98.54872398237733,,bfgs,10,True,2.1007340311740562e-11,True,0.7407647266295769,bernoulli,bernoulli,5,completed
rep14,start_B,4,poisson,-74.47986884920418,148.95973769840836,,bfgs,11,True,3.4699082718248064e-09,False,0.15560116858296924,bernoulli,bernoulli,5,completed
rep14,start_B,5,bernoulli,-47.835127412266516,95.67025482453303,,bfgs,9,True,7.109068889121773e-12,True,0.7041588212824639,bernoulli,bernoulli,5,completed
rep14,start_B,5,poisson,-74.18442188189226,148.36884376378453,,bfgs,10,True,3.050437769047676e-09,False,0.13635649515460932,bernoulli,bernoulli,5,completed
rep14,start_B,6,bernoulli,-46.55125414542544,93.10250829085088,,bfgs,10,True,2.761291195696458e-11,True,0.9387717383900341,bernoulli,bernoulli,5,completed
rep14,start_B,6,poisson,-73.45428261357712,146.90856522715424,,bfgs,13,True,3.5830527433944326e-10,False,0.21948991357204614,bernoulli,bernoulli,5,completed
rep14,start_B,7,bernoulli,-49.782689184533794,99.56537836906759,,bfgs,9,True,1.145446937300676e-09,False,0.6573276102898639,bernoulli,bernoulli,5,completed
rep14,start_B,7,poisson,-74.18342977955491,148.36685955910983,,bfgs,10,False,1.8425422197709818e-07,False,0.18148361421389575,bernoulli,bernoulli,5,completed
rep14,start_B,8,bernoulli,-40.12056969804056,80.24113939608112,,bfgs,9,True,8.546230390038546e-12,True,1.2202427716430218,bernoulli,bernoulli,5,completed
rep14,start_B,8,poisson,-72.82275375568679,145.64550751137358,,bfgs,13,True,2.0529626887366702e-10,False,0.2057654163331401,bernoulli,bernoulli,5,completed
rep15,start_B,3,bernoulli,-51.73898164747915,103.4779632949583,,bfgs,4,True,4.4293457790445244e-13,True,0.1630272051522484,bernoulli,bernoulli,1,completed
rep15,start_B,3,poisson,-74.53116721905981,149.06233443811962,,bfgs,4,True,4.773959005888173e-15,True,0.11253537693302686,bernoulli,bernoulli,1,completed
rep15,start_B,4,bernoulli,-49.29807381229174,98.59614762458348,,bfgs,4,True,6.793987594733153e-11,True,0.5613172777896388,bernoulli,bernoulli,1,completed
rep15,start_B,4,poisson,-74.86156005703577,149.72312011407155,,bfgs,7,True,3.468949572038582e-11,True,0.06035131164756727,bernoulli,bernoulli,1,completed
rep15,start_B,5,bernoulli,-50.972710433139,101.945420866278,,bfgs,4,True,7.545075675352564e-14,True,0.33458751797326514,bernoulli,bernoulli,1,completed
rep15,start_B,5,poisson,-74.11896397639734,148.23792795279468,,bfgs,4,True,5.4804161209176524e-12,True,0.15431631803998347,bernoulli,bernoulli,1,completed
rep15,start_B,6,bernoulli,-50.681093738340564,101.36218747668113,,bfgs,3,False,2.4165691803190725e-07,False,0.381632811934542,bernoulli,bernoulli,1,completed
rep15,start_B,6,poisson,-73.9887966886619,147.9775933773238,,bfgs,4,True,8.753886504564434e-13,True,0.16530556071309965,bernoulli,bernoulli,1,completed
rep15,start_B,7,bernoulli,-51.16856474926856,102.33712949853712,,bfgs,4,True,1.9882762103407003e-12,True,0.29949503449964276,bernoulli,bernoulli,1,completed
rep15,start_B,7,poisson,-74.21172807178094,148.42345614356188,,bfgs,4,True,5.240252676230739e-15,True,0.14597068459280899,bernoulli,bernoulli,1,completed
rep15,start_B,8,bernoulli,-51.74954842204663,103.49909684409326,,bfgs,4,True,6.7501559897209515e-15,True,0.15947365562487917,bernoulli,bernoulli,1,completed
rep15,start_B,8,poisson,-74.53851262778991,149.07702525557983,,bfgs,2,True,6.001217300877215e-11,True,0.11164821352534433,bernoulli,bernoulli,1,completed
rep15,start_B,3,bernoulli,-51.35176249423695,102.7035249884739,,bfgs,6,True,1.2705392293810292e-13,True,0.25441325778832147,bernoulli,bernoulli,2,completed
rep15,start_B,3,poisson,-74.30844133924822,148.61688267849644,,bfgs,6,True,2.806643806252396e-14,True,0.13644963687719597,bernoulli,bernoulli,2,completed
rep15,start_B,4,bernoulli,-49.05707980571707,98.11415961143415,,bfgs,6,True,3.770761480836882e-13,True,0.6099608058112909,bernoulli,bernoulli,2,completed
rep15,start_B,4,poisson,-74.84492524026363,149.68985048052727,,bfgs,9,True,3.1610269957127457e-12,True,0.06652123029875602,bernoulli,bernoulli,2,completed
rep15,start_B,5,bernoulli,-41.96611720347765,83.9322344069553,,bfgs,5,True,1.3128178544263846e-10,False,1.3013604583307394,bernoulli,bernoulli,2,completed
rep15,start_B,5,poisson,-71.71415202237056,143.4283040447411,,bfgs,9,True,3.726019848215856e-09,False,0.31037270755523716,bernoulli,bernoulli,2,completed
rep15,start_B,6,bernoulli,-45.73937475801054,91.47874951602108,,bfgs,5,True,7.86322118528915e-12,True,0.9515990865221196,bernoulli,bernoulli,2,completed
rep15,start_B,6,poisson,-72.66660010655832,145.33320021311664,,bfgs,9,True,8.247952321127627e-11,True,0.26274698496844506,bernoulli,bernoulli,2,completed
rep15,start_B,7,bernoulli,-50.87990802467793,101.75981604935586,,bfgs,5,True,2.613442795507126e-11,True,0.3379654777841458,bernoulli,bernoulli,2,completed
rep15,start_B,7,poisson,-74.16696132195217,148.33392264390434,,bfgs,6,True,2.3625545964023332e-14,True,0.14807512049403684,bernoulli,bernoulli,2,completed
rep15,start_B,8,bernoulli,-50.06813945222131,100.13627890444262,,bfgs,5,True,9.896830022171343e-11,True,0.47858417589872554,bernoulli,bernoulli,2,completed
rep15,start_B,8,poisson,-74.08255722323729,148.16511444647458,,bfgs,6,True,5.789354595719942e-09,False,0.1648840863818135,bernoulli,bernoulli,2,completed
rep15,start_B,3,bernoulli,-50.013334236912,100.026668473824,,bfgs,5,False,2.588081638776885e-07,False,0.5069142702084167,bernoulli,bernoulli,3,completed
rep15,start_B,3,poisson,-73.22962108867054,146.45924217734108,,bfgs,7,True,2.7520666634472946e-09,False,0.24031758552204882,bernoulli,bernoulli,3,completed
rep15,start_B,4,bernoulli,-48.15120391793273,96.30240783586547,,bfgs,7,True,4.4676440325019937e-11,True,0.7028516391193089,bernoulli,bernoulli,3,completed
rep15,start_B,4,poisson,-74.75012940681692,149.50025881363385,,bfgs,11,True,8.042830956789259e-10,False,0.08042665952296245,bernoulli,bernoulli,3,completed
rep15,start_B,5,bernoulli,-41.88088368221545,83.7617673644309,,bfgs,7,True,1.7216450487467228e-11,True,1.2927240473906472,bernoulli,bernoulli,3,completed
rep15,start_B,5,poisson,-71.22671392396403,142.45342784792805,,bfgs,11,True,1.495692458775011e-13,True,0.3278707460405432,bernoulli,bernoulli,3,completed
rep15,start_B,6,bernoulli,-32.90215156539517,65.80430313079034,,bfgs,8,True,5.7219695648313974e-11,True,2.4244900256729154,bernoulli,bernoulli,3,completed
rep15,start_B,6,poisson,-68.3030031740517,136.6060063481034,,bfgs,20,True,9.763708153087691e-09,False,0.47372936165467144,bernoulli,bernoulli,3,completed
rep15,start_B,7,bernoulli,-45.93024195282216,91.86048390564432,,bfgs,8,True,4.189738467275106e-09,False,0.9806424204824661,bernoulli,bernoulli,3,completed
rep15,start_B,7,poisson,-71.69851369674521,143.39702739349042,,bfgs,9,True,6.461905732724204e-11,True,0.3353638088247887,bernoulli,bernoulli,3,completed
rep15,start_B,8,bernoulli,-49.53893377373559,99.07786754747119,,bfgs,7,True,3.8475889141409424e-13,True,0.5392074794700609,bernoulli,bernoulli,3,completed
rep15,start_B,8,poisson,-73.94009979010889,147.88019958021778,,bfgs,7,True,1.6205443376104966e-10,False,0.17069872249720483,bernoulli,bernoulli,3,completed
rep15,start_B,3,bernoulli,-49.89093780997994,99.78187561995988,,bfgs,10,True,3.495259637276149e-11,True,0.5390818623872109,bernoulli,bernoulli,4,completed
rep15,start_B,3,poisson,-73.65396175958224,147.3079235191645,,bfgs,11,True,2.20108375970085e-12,True,0.18989083703929263,bernoulli,bernoulli,4,completed
rep15,start_B,4,bernoulli,-43.06308735328621,86.12617470657241,,bfgs,8,True,2.0034325309836732e-10,False,1.4140718165354489,bernoulli,bernoulli,4,completed
rep15,start_B,4,poisson,-74.4863430381509,148.9726860763018,,bfgs,15,True,8.122649219899358e-11,True,0.13603055171523762,bernoulli,bernoulli,4,completed
rep15,start_B,5,bernoulli,-42.97321126489472,85.94642252978944,,bfgs,8,True,1.103495073095928e-12,True,1.0967039690709797,bernoulli,bernoulli,4,completed
rep15,start_B,5,poisson,-71.12695010732625,142.2539002146525,,bfgs,11,True,6.014300168999398e-10,False,0.33785359793631814,bernoulli,bernoulli,4,completed
rep15,start_B,6,bernoulli,-30.94837869857674,61.89675739715348,,bfgs,8,True,7.89958043423411e-11,True,2.472678807707918,bernoulli,bernoulli,4,completed
rep15,start_B,6,poisson,-67.76834337731474,135.53668675462947,,bfgs,19,False,1.0259419818137161e-07,False,0.4847035373178381,bernoulli,bernoulli,4,completed
rep15,start_B,7,bernoulli,-45.07191499926339,90.14382999852678,,bfgs,8,True,1.493996548695975e-09,False,1.0766117413396568,bernoulli,bernoulli,4,completed
rep15,start_B,7,poisson,-71.12179814543524,142.24359629087047,,bfgs,11,True,2.0577576531621843e-09,False,0.3809400958454914,bernoulli,bernoulli,4,completed
rep15,start_B,8,bernoulli,-48.73838087058833,97.47676174117666,,bfgs,7,True,2.274256338807845e-11,True,0.650887135291151,bernoulli,bernoulli,4,completed
rep15,start_B,8,poisson,-73.07792907163986,146.15585814327972,,bfgs,10,False,1.1323259290207943e-07,False,0.26540587581780956,bernoulli,bernoulli,4,completed
rep15,start_B,3,bernoulli,-48.77442853193777,97.54885706387554,,bfgs,10,True,9.539946610459537e-12,True,0.6185361470760654,bernoulli,bernoulli,5,completed
rep15,start_B,3,poisson,-72.21804263404385,144.4360852680877,,bfgs,13,True,1.369215851809713e-11,True,0.3012282327505929,bernoulli,bernoulli,5,completed
rep15,start_B,4,bernoulli,-44.89658884762402,89.79317769524803,,bfgs,10,True,1.503241975342462e-10,False,1.1255702293768763,bernoulli,bernoulli,5,completed
rep15,start_B,4,poisson,-74.33948663980472,148.67897327960944,,bfgs,12,False,4.9161385318186034e-08,False,0.15745730030761787,bernoulli,bernoulli,5,completed
rep15,start_B,5,bernoulli,-41.28465023185794,82.56930046371588,,bfgs,9,True,1.0612177803182022e-12,True,1.218541870646251,bernoulli,bernoulli,5,completed
rep15,start_B,5,poisson,-68.95595479078574,137.91190958157148,,bfgs,13,True,1.002156047036351e-09,False,0.492537392498104,bernoulli,bernoulli,5,completed
rep15,start_B,6,bernoulli,-30.5210793001791,61.0421586003582,,bfgs,9,True,2.2321522408219607e-10,False,2.6115989910390764,bernoulli,bernoulli,5,completed
rep15,start_B,6,poisson,-64.71958807686542,129.43917615373084,,bfgs,19,False,2.1429391483529514e-08,False,0.662925317561263,bernoulli,bernoulli,5,completed
rep15,start_B,7,bernoulli,-41.39959903514954,82.79919807029908,,bfgs,10,True,7.802603008144616e-12,True,1.5670972182197895,bernoulli,bernoulli,5,completed
rep15,start_B,7,poisson,-69.18104489114758,138.36208978229516,,bfgs,13,True,1.9548664020874184e-09,False,0.49493120485178116,bernoulli,bernoulli,5,completed
rep15,start_B,8,bernoulli,-48.822486962806444,97.64497392561289,,bfgs,10,True,4.805499775883959e-10,False,0.6285716229710234,bernoulli,bernoulli,5,completed
rep15,start_B,8,poisson,-72.08673188810425,144.1734637762085,,bfgs,10,True,9.545339629823956e-10,False,0.3714232772211192,bernoulli,bernoulli,5,completed
rep16,start_B,3,bernoulli,-51.75914951586503,103.51829903173007,,bfgs,4,True,5.964118088286341e-14,True,0.15629437859496703,bernoulli,bernoulli,1,completed
rep16,start_B,3,poisson,-74.22700452215618,148.45400904431236,,bfgs,4,True,1.0537348771322287e-12,True,0.14631322500159455,bernoulli,bernoulli,1,completed
rep16,start_B,4,bernoulli,-51.75989547070591,103.51979094141181,,bfgs,4,True,1.2878587085651815e-15,True,0.15603484521719282,bernoulli,bernoulli,1,completed
rep16,start_B,4,poisson,-74.22770325993201,148.45540651986403,,bfgs,4,True,4.629630012686903e-14,True,0.14624634218837188,bernoulli,bernoulli,1,completed
rep16,start_B,5,bernoulli,-48.05075452393341,96.10150904786683,,bfgs,4,True,2.1636048508355544e-11,True,0.7042260844978275,bernoulli,bernoulli,1,completed
rep16,start_B,5,poisson,-72.36688726681791,144.73377453363582,,bfgs,5,True,6.483702463810914e-15,True,0.27099912468371873,bernoulli,bernoulli,1,completed
rep16,start_B,6,bernoulli,-51.682082340243106,103.36416468048621,,bfgs,4,True,1.3369749751745985e-12,True,0.18118855246933974,bernoulli,bernoulli,1,completed
rep16,start_B,6,poisson,-74.87130413493675,149.7426082698735,,bfgs,5,True,4.6629367034256575e-14,True,0.05914219537184079,bernoulli,bernoulli,1,completed
rep16,start_B,7,bernoulli,-51.28546438425051,102.57092876850102,,bfgs,4,True,2.5091040356528538e-14,True,0.27733865544991615,bernoulli,bernoulli,1,completed
rep16,start_B,7,poisson,-74.9532473079031,149.9064946158062,,bfgs,5,True,3.7864156254840964e-13,True,0.03552210335294306,bernoulli,bernoulli,1,completed
rep16,start_B,8,bernoulli,-51.838695182718084,103.67739036543617,,bfgs,3,True,4.710720702405524e-12,True,0.12574538052189016,bernoulli,bernoulli,1,completed
rep16,start_B,8,poisson,-74.30731838783646,148.61463677567292,,bfgs,4,True,8.659739592076221e-14,True,0.1384180898483498,bernoulli,bernoulli,1,completed
rep16,start_B,3,bernoulli,-51.849784156119924,103.69956831223985,,bfgs,5,True,2.9320013084088715e-11,True,0.11569123550963435,bernoulli,bernoulli,2,completed
rep16,start_B,3,poisson,-74.51079769928815,149.0215953985763,,bfgs,5,True,9.71667191151937e-13,True,0.10766000897370781,bernoulli,bernoulli,2,completed
rep16,start_B,4,bernoulli,-45.58654457565414,91.17308915130828,,bfgs,5,True,5.380185186254494e-12,True,0.9874089378129892,bernoulli,bernoulli,2,completed
rep16,start_B,4,poisson,-72.82742590358575,145.6548518071715,,bfgs,9,True,1.4207333087767893e-10,False,0.24050866904362628,bernoulli,bernoulli,2,completed
rep16,start_B,5,bernoulli,-45.78141254827852,91.56282509655703,,bfgs,6,True,7.688685244033877e-11,True,0.8750550447383922,bernoulli,bernoulli,2,completed
rep16,start_B,5,poisson,-72.15149607013461,144.30299214026923,,bfgs,9,True,1.0229981722842396e-10,False,0.26154934495111687,bernoulli,bernoulli,2,completed
rep16,start_B,6,bernoulli,-46.62475317262931,93.24950634525862,,bfgs,6,True,7.224798537208698e-12,True,0.9023142925752701,bernoulli,bernoulli,2,completed
rep16,start_B,6,poisson,-73.46071930010444,146.9214386002089,,bfgs,8,True,5.702743166580149e-10,False,0.20928320787667856,bernoulli,bernoulli,2,completed
rep16,start_B,7,bernoulli,-47.09438044930014,94.18876089860028,,bfgs,5,True,2.2904607321905245e-09,False,0.8560385526700582,bernoulli,bernoulli,2,completed
rep16,start_B,7,poisson,-73.78283561031905,147.5656712206381,,bfgs,8,True,3.278698146313985e-11,True,0.18961624019615336,bernoulli,bernoulli,2,completed
rep16,start_B,8,bernoulli,-51.80586819459215,103.6117363891843,,bfgs,5,True,7.864806583768314e-11,True,0.1316027610729676,bernoulli,bernoulli,2,completed
rep16,start_B,8,poisson,-74.46298268133694,148.92596536267388,,bfgs,6,True,5.698656824204562e-13,True,0.11287609418774007,bernoulli,bernoulli,2,completed
rep16,start_B,3,bernoulli,-47.43227165253213,94.86454330506426,,bfgs,7,True,3.4733927956054346e-10,False,0.8023715279965716,bernoulli,bernoulli,3,completed
rep16,start_B,3,poisson,-73.43902990355899,146.87805980711798,,bfgs,10,True,3.1484932994096937e-09,False,0.19380164457507051,bernoulli,bernoulli,3,completed
rep16,start_B,4,bernoulli,-45.16984167987425,90.3396833597485,,bfgs,7,True,9.00652774582511e-11,True,1.0057003442461192,bernoulli,bernoulli,3,completed
rep16,start_B,4,poisson,-72.13290234231417,144.26580468462834,,bfgs,11,True,2.1739410271948147e-11,True,0.28091045064203907,bernoulli,bernoulli,3,completed
rep16,start_B,5,bernoulli,-39.66540477875425,79.3308095575085,,bfgs,6,True,7.338574192772285e-13,True,1.4319507719228919,bernoulli,bernoulli,3,completed
rep16,start_B,5,poisson,-70.67371691239171,141.34743382478342,,bfgs,10,True,7.973848847875332e-09,False,0.31706546976695976,bernoulli,bernoulli,3,completed
rep16,start_B,6,bernoulli,-34.30542843164521,68.61085686329042,,bfgs,6,True,3.340421272923777e-11,True,2.060663624974264,bernoulli,bernoulli,3,completed
rep16,start_B,6,poisson,-70.17565199515161,140.35130399030322,,bfgs,14,False,2.145462225655592e-08,False,0.37845047781084473,bernoulli,bernoulli,3,completed
rep16,start_B,7,bernoulli,-46.13022316436578,92.26044632873156,,bfgs,6,False,3.85924086276912e-07,False,0.928811834235115,bernoulli,bernoulli,3,completed
rep16,start_B,7,poisson,-72.95035977920827,145.90071955841654,,bfgs,11,True,4.662549471512456e-10,False,0.2522204025276666,bernoulli,bernoulli,3,completed
rep16,start_B,8,bernoulli,-51.784403620111696,103.56880724022339,,bfgs,7,True,2.264854970235319e-15,True,0.1390171039893378,bernoulli,bernoulli,3,completed
rep16,start_B,8,poisson,-74.33995241507304,148.67990483014609,,bfgs,8,True,2.3060026110854893e-14,True,0.1231594720807536,bernoulli,bernoulli,3,completed
rep16,start_B,3,bernoulli,-46.91316934522331,93.82633869044662,,bfgs,8,True,2.3672077631431423e-10,False,0.8264525418243769,bernoulli,bernoulli,4,completed
rep16,start_B,3,poisson,-73.49326116866393,146.98652233732787,,bfgs,12,True,2.0042130954855963e-09,False,0.18320838022298971,bernoulli,bernoulli,4,completed
rep16,start_B,4,bernoulli,-44.679929307527615,89.35985861505523,,bfgs,9,True,4.94340013368344e-10,False,1.000538153342283,bernoulli,bernoulli,4,completed
rep16,start_B,4,poisson,-72.38595538300176,144.77191076600351,,bfgs,10,True,1.23960289810654e-09,False,0.24483914656744538,bernoulli,bernoulli,4,completed
rep16,start_B,5,bernoulli,-39.173544765297706,78.34708953059541,,bfgs,8,False,1.0237506042898303e-08,False,1.5095008359232887,bernoulli,bernoulli,4,completed
rep16,start_B,5,poisson,-70.87588721534705,141.7517744306941,,bfgs,12,False,3.86761972143157e-08,False,0.30993054998929875,bernoulli,bernoulli,4,completed
rep16,start_B,6,bernoulli,-33.74760239698751,67.49520479397502,,bfgs,9,True,1.7556622822212376e-12,True,1.9731984088694106,bernoulli,bernoulli,4,completed
rep16,start_B,6,poisson,-70.32661742851232,140.65323485702464,,bfgs,17,True,6.028495747045781e-09,False,0.337787330027938,bernoulli,bernoulli,4,completed
rep16,start_B,7,bernoulli,-46.02461774015562,92.04923548031124,,bfgs,8,True,8.702482090505726e-09,False,1.0154659463281985,bernoulli,bernoulli,4,completed
rep16,start_B,7,poisson,-73.22792636983309,146.45585273966617,,bfgs,13,True,1.2386510914175197e-09,False,0.23968672878823186,bernoulli,bernoulli,4,completed
rep16,start_B,8,bernoulli,-51.315200504634085,102.63040100926817,,bfgs,8,True,6.109424077749282e-12,True,0.3426494990786024,bernoulli,bernoulli,4,completed
rep16,start_B,8,poisson,-74.29548598545352,148.59097197090705,,bfgs,10,True,6.436680632937453e-11,True,0.12811470297469058,bernoulli,bernoulli,4,completed
rep16,start_B,3,bernoulli,-34.42207406640167,68.84414813280334,,bfgs,11,True,2.9955060654174305e-11,True,2.554062629617829,bernoulli,bernoulli,5,completed
rep16,start_B,3,poisson,-71.01986016350774,142.0397203270155,,bfgs,18,True,3.7053883517046415e-09,False,0.37797440705374713,bernoulli,bernoulli,5,completed
rep16,start_B,4,bernoulli,-40.541955633713016,81.08391126742603,,bfgs,9,False,5.021560127715929e-08,False,1.4692590794573788,bernoulli,bernoulli,5,completed
rep16,start_B,4,poisson,-71.12604343162316,142.25208686324632,,bfgs,12,True,3.3817397770974366e-10,False,0.3081264994762927,bernoulli,bernoulli,5,completed
rep16,start_B,5,bernoulli,-36.33537519341921,72.67075038683842,,bfgs,10,True,2.711107782715771e-10,False,1.844501924403215,bernoulli,bernoulli,5,completed
rep16,start_B,5,poisson,-70.00308300312545,140.0061660062509,,bfgs,15,False,1.9707754644882057e-08,False,0.34471516065546065,bernoulli,bernoulli,5,completed
rep16,start_B,6,bernoulli,-31.0217080467119,62.0434160934238,,bfgs,9,True,1.8624715103499056e-10,False,2.162696796072319,bernoulli,bernoulli,5,completed
rep16,start_B,6,poisson,-70.39567719089727,140.79135438179455,,bfgs,19,False,4.5113548541309e-08,False,0.3208716739839754,bernoulli,bernoulli,5,completed
rep16,start_B,7,bernoulli,-47.04852119160195,94.0970423832039,,bfgs,11,True,2.2288615397769718e-10,False,0.7728190690661844,bernoulli,bernoulli,5,completed
rep16,start_B,7,poisson,-73.35675586271388,146.71351172542776,,bfgs,14,True,3.0953414609236064e-09,False,0.19996369196785427,bernoulli,bernoulli,5,completed
rep16,start_B,8,bernoulli,-49.27662830038346,98.55325660076691,,bfgs,9,True,3.629116562819945e-10,False,0.7187640168825321,bernoulli,bernoulli,5,completed
rep16,start_B,8,poisson,-73.40970820119382,146.81941640238765,,bfgs,10,False,4.2913184972181993e-08,False,0.22830017001868488,bernoulli,bernoulli,5,completed
rep17,start_B,3,bernoulli,-47.11595652946628,94.23191305893256,,bfgs,3,True,6.0396132539608514e-15,True,0.8113254836131142,bernoulli,bernoulli,1,completed
rep17,start_B,3,poisson,-72.67015324049316,145.34030648098633,,bfgs,6,True,6.761879944860993e-12,True,0.24958882995357057,bernoulli,bernoulli,1,completed
rep17,start_B,4,bernoulli,-51.373736216861104,102.74747243372221,,bfgs,3,True,9.776144338502491e-11,True,0.259262257006377,bernoulli,bernoulli,1,completed
rep17,start_B,4,poisson,-74.27727122408082,148.55454244816164,,bfgs,4,True,5.800586677651154e-11,True,0.1398796663791113,bernoulli,bernoulli,1,completed
rep17,start_B,5,bernoulli,-51.94909213733298,103.89818427466597,,bfgs,4,True,1.3766765505351941e-14,True,0.06283121067984625,bernoulli,bernoulli,1,completed
rep17,start_B,5,poisson,-74.6923605863096,149.3847211726192,,bfgs,4,True,5.062172903080864e-13,True,0.09119897673756266,bernoulli,bernoulli,1,completed
rep17,start_B,6,bernoulli,-51.917931661023644,103.83586332204729,,bfgs,4,True,6.332712132461893e-14,True,0.08536920757048018,bernoulli,bernoulli,1,completed
rep17,start_B,6,poisson,-74.65280759839098,149.30561519678196,,bfgs,4,True,3.530509218307998e-14,True,0.0969027520835675,bernoulli,bernoulli,1,completed
rep17,start_B,7,bernoulli,-47.96195879501152,95.92391759002304,,bfgs,4,True,6.674785169025199e-11,True,0.721977032564214,bernoulli,bernoulli,1,completed
rep17,start_B,7,poisson,-74.73726010456548,149.47452020913096,,bfgs,6,True,1.3589129821411917e-14,True,0.08267755118117871,bernoulli,bernoulli,1,completed
rep17,start_B,8,bernoulli,-50.36382541792621,100.72765083585242,,bfgs,4,True,5.367750688378692e-11,True,0.4322527365031167,bernoulli,bernoulli,1,completed
rep17,start_B,8,poisson,-73.8090865365202,147.6181730730404,,bfgs,5,True,1.0391687510491465e-14,True,0.179380263406289,bernoulli,bernoulli,1,completed
rep17,start_B,3,bernoulli,-47.20341161959424,94.40682323918848,,bfgs,6,True,7.389733269747012e-12,True,0.7472532934305096,bernoulli,bernoulli,2,completed
rep17,start_B,3,poisson,-72.79120283595638,145.58240567191277,,bfgs,9,True,4.973799150320701e-15,True,0.23365786977039119,bernoulli,bernoulli,2,completed
rep17,start_B,4,bernoulli,-48.53763644142726,97.07527288285452,,bfgs,4,True,1.009071937119188e-09,False,0.6682959914613017,bernoulli,bernoulli,2,completed
rep17,start_B,4,poisson,-73.10761538890581,146.21523077781163,,bfgs,6,True,2.339728055744672e-09,False,0.2352579449707087,bernoulli,bernoulli,2,completed
rep17,start_B,5,bernoulli,-46.22003371042318,92.44006742084636,,bfgs,5,False,1.4702651984777049e-08,False,0.9476116949653459,bernoulli,bernoulli,2,completed
rep17,start_B,5,poisson,-74.13843717625517,148.27687435251033,,bfgs,9,True,3.051079744409435e-09,False,0.15414231650181923,bernoulli,bernoulli,2,completed
rep17,start_B,6,bernoulli,-50.40508390380294,100.81016780760588,,bfgs,5,True,7.701839166429636e-12,True,0.45378307545214513,bernoulli,bernoulli,2,completed
rep17,start_B,6,poisson,-74.17576885182181,148.35153770364363,,bfgs,6,True,1.738165167353145e-13,True,0.16144701542636572,bernoulli,bernoulli,2,completed
rep17,start_B,7,bernoulli,-48.101589263581204,96.20317852716241,,bfgs,6,True,3.641531520770513e-15,True,0.6597586202853205,bernoulli,bernoulli,2,completed
rep17,start_B,7,poisson,-74.6112463354153,149.2224926708306,,bfgs,9,True,1.0286660412361925e-12,True,0.09838896397276368,bernoulli,bernoulli,2,completed
rep17,start_B,8,bernoulli,-49.838760334734694,99.67752066946939,,bfgs,6,True,6.376762318183182e-09,False,0.47726123264275855,bernoulli,bernoulli,2,completed
rep17,start_B,8,poisson,-73.55796742688788,147.11593485377577,,bfgs,6,True,1.8032739745876825e-10,False,0.19380000601482064,bernoulli,bernoulli,2,completed
rep17,start_B,3,bernoulli,-46.646711757997096,93.29342351599419,,bfgs,7,True,4.088818172931497e-12,True,0.7774800769035211,bernoulli,bernoulli,3,completed
rep17,start_B,3,poisson,-72.58844864701207,145.17689729402414,,bfgs,12,True,5.111864709306247e-10,False,0.23563255365405544,bernoulli,bernoulli,3,completed
rep17,start_B,4,bernoulli,-49.22944803856713,98.45889607713426,,bfgs,9,True,1.2908675017797578e-09,False,0.5848406500700017,bernoulli,bernoulli,3,completed
rep17,start_B,4,poisson,-73.29837904305768,146.59675808611536,,bfgs,9,True,2.855077951835483e-10,False,0.2212059868612028,bernoulli,bernoulli,3,completed
rep17,start_B,5,bernoulli,-42.13619489281289,84.27238978562578,,bfgs,6,False,3.9630541626145543e-08,False,1.328277995210947,bernoulli,bernoulli,3,completed
rep17,start_B,5,poisson,-73.50258627184853,147.00517254369706,,bfgs,11,True,6.009439879051115e-09,False,0.20128256315806467,bernoulli,bernoulli,3,completed
rep17,start_B,6,bernoulli,-44.12395942146832,88.24791884293664,,bfgs,7,True,3.1208813311423002e-12,True,1.134579313906867,bernoulli,bernoulli,3,completed
rep17,start_B,6,poisson,-73.13273340930664,146.26546681861328,,bfgs,10,True,1.3424565903363827e-10,False,0.2348341123646533,bernoulli,bernoulli,3,completed
rep17,start_B,7,bernoulli,-48.77927011508316,97.55854023016632,,bfgs,7,True,2.12798667575953e-12,True,0.5697956606537027,bernoulli,bernoulli,3,completed
rep17,start_B,7,poisson,-74.62854028868955,149.2570805773791,,bfgs,11,True,6.7940401304866785e-09,False,0.09776387174700762,bernoulli,bernoulli,3,completed
rep17,start_B,8,bernoulli,-47.967845185305904,95.93569037061181,,bfgs,7,True,1.4965788608378715e-10,False,0.7037798832221088,bernoulli,bernoulli,3,completed
rep17,start_B,8,poisson,-72.74168802651326,145.48337605302652,,bfgs,8,True,1.2950174266279646e-11,True,0.24891004735654604,bernoulli,bernoulli,3,completed
rep17,start_B,3,bernoulli,-46.182689639956585,92.36537927991317,,bfgs,8,True,1.615619327210993e-09,False,0.7623888734798907,bernoulli,bernoulli,4,completed
rep17,start_B,3,poisson,-72.38210596506906,144.76421193013812,,bfgs,13,True,6.426725818187151e-10,False,0.23330936409609984,bernoulli,bernoulli,4,completed
rep17,start_B,4,bernoulli,-49.0651351028021,98.1302702056042,,bfgs,8,True,7.0930816775671704e-12,True,0.5589591799356878,bernoulli,bernoulli,4,completed
rep17,start_B,4,poisson,-73.17183955310765,146.3436791062153,,bfgs,9,True,5.1720228100293755e-11,True,0.21299337319580747,bernoulli,bernoulli,4,completed
rep17,start_B,5,bernoulli,-38.92961279354548,77.85922558709096,,bfgs,10,True,1.3319201852546315e-10,False,1.7341706284611562,bernoulli,bernoulli,4,completed
rep17,start_B,5,poisson,-72.97617560090822,145.95235120181644,,bfgs,14,True,9.02653463086267e-09,False,0.25402695354048455,bernoulli,bernoulli,4,completed
rep17,start_B,6,bernoulli,-41.97790881271596,83.95581762543192,,bfgs,8,True,8.743755941509335e-10,False,1.2752214830210096,bernoulli,bernoulli,4,completed
rep17,start_B,6,poisson,-72.70272476403497,145.40544952806994,,bfgs,11,True,3.127314407436188e-10,False,0.24245027391821783,bernoulli,bernoulli,4,completed
rep17,start_B,7,bernoulli,-47.77878198661897,95.55756397323793,,bfgs,8,True,3.5466367620529126e-10,False,0.6210062013787518,bernoulli,bernoulli,4,completed
rep17,start_B,7,poisson,-74.3602852891681,148.7205705783362,,bfgs,13,True,6.533222540738848e-09,False,0.12461765460265177,bernoulli,bernoulli,4,completed
rep17,start_B,8,bernoulli,-48.14813572832348,96.29627145664696,,bfgs,8,True,7.153388992264808e-13,True,0.6336144982577689,bernoulli,bernoulli,4,completed
rep17,start_B,8,poisson,-72.76647034318428,145.53294068636856,,bfgs,10,True,2.100886753453324e-09,False,0.23008579157517692,bernoulli,bernoulli,4,completed
rep17,start_B,3,bernoulli,-43.58937870903191,87.17875741806382,,bfgs,9,True,8.826652297955206e-10,False,1.0934964386663428,bernoulli,bernoulli,5,completed
rep17,start_B,3,poisson,-71.34918390841874,142.69836781683748,,bfgs,16,True,2.1544206418866453e-10,False,0.30720002390165196,bernoulli,bernoulli,5,completed
rep17,start_B,4,bernoulli,-49.61625110872223,99.23250221744446,,bfgs,11,True,3.473712872903434e-10,False,0.4778800778670734,bernoulli,bernoulli,5,completed
rep17,start_B,4,poisson,-73.57570943138988,147.15141886277976,,bfgs,11,True,1.8568142579056258e-10,False,0.17635061739943184,bernoulli,bernoulli,5,completed
rep17,start_B,5,bernoulli,-28.17095665956699,56.34191331913398,,bfgs,11,True,3.1311693238222916e-10,False,3.2224684488421005,bernoulli,bernoulli,5,completed
rep17,start_B,5,poisson,-70.57157263523365,141.1431452704673,,bfgs,26,False,1.5220239459878827e-07,False,0.40923913623145264,bernoulli,bernoulli,5,completed
rep17,start_B,6,bernoulli,-39.05273710380253,78.10547420760506,,bfgs,9,True,1.0870275513052974e-10,False,1.7192063070402923,bernoulli,bernoulli,5,completed
rep17,start_B,6,poisson,-72.79223561166646,145.5844712233329,,bfgs,15,False,2.9525255929030435e-08,False,0.23239203126784774,bernoulli,bernoulli,5,completed
rep17,start_B,7,bernoulli,-47.512323609459166,95.02464721891833,,bfgs,10,True,7.669577750668566e-11,True,0.6619419065015626,bernoulli,bernoulli,5,completed
rep17,start_B,7,poisson,-74.34721183589852,148.69442367179704,,bfgs,16,True,6.571232447072362e-12,True,0.1231994289535363,bernoulli,bernoulli,5,completed
rep17,start_B,8,bernoulli,-47.82136085199138,95.64272170398276,,bfgs,9,True,8.43956016183256e-12,True,0.6247790682456645,bernoulli,bernoulli,5,completed
rep17,start_B,8,poisson,-72.82386934170123,145.64773868340245,,bfgs,12,True,4.4640682261842814e-10,False,0.20785365321107027,bernoulli,bernoulli,5,completed
rep18,start_B,3,bernoulli,-51.8578705310659,103.7157410621318,,bfgs,4,True,3.490541189421492e-14,True,0.11719959580327806,bernoulli,bernoulli,1,completed
rep18,start_B,3,poisson,-74.99277319528262,149.98554639056525,,bfgs,3,False,1.9407274969296396e-07,False,0.01387348159505318,bernoulli,bernoulli,1,completed
rep18,start_B,4,bernoulli,-48.48748486277874,96.97496972555749,,bfgs,4,True,3.2346203937549943e-09,False,0.6521847872762544,bernoulli,bernoulli,1,completed
rep18,start_B,4,poisson,-74.33135085818587,148.66270171637174,,bfgs,6,True,8.909317728011956e-13,True,0.1320314750334433,bernoulli,bernoulli,1,completed
rep18,start_B,5,bernoulli,-51.94974974846749,103.89949949693498,,bfgs,4,True,6.6058269965196814e-15,True,0.06225723762540585,bernoulli,bernoulli,1,completed
rep18,start_B,5,poisson,-74.96422203327509,149.92844406655018,,bfgs,4,True,8.482103908136197e-15,True,0.030916674241462376,bernoulli,bernoulli,1,completed
rep18,start_B,6,bernoulli,-51.71170525079252,103.42341050158504,,bfgs,4,True,2.7089441800853818e-15,True,0.17192636521671556,bernoulli,bernoulli,1,completed
rep18,start_B,6,poisson,-74.9719397127792,149.9438794255584,,bfgs,4,True,5.877343056681639e-11,True,0.02731743687402707,bernoulli,bernoulli,1,completed
rep18,start_B,7,bernoulli,-51.45472088810234,102.90944177620467,,bfgs,4,True,4.3154368967179833e-14,True,0.2404008665271142,bernoulli,bernoulli,1,completed
rep18,start_B,7,poisson,-74.79069323545598,149.58138647091195,,bfgs,4,True,3.818412253053793e-12,True,0.07479244161867844,bernoulli,bernoulli,1,completed
rep18,start_B,8,bernoulli,-46.535850988076675,93.07170197615335,,bfgs,5,True,1.5987211554602255e-15,True,0.8453619527616678,bernoulli,bernoulli,1,completed
rep18,start_B,8,poisson,-73.5065058331944,147.0130116663888,,bfgs,5,True,3.552713678800501e-16,True,0.19849078716616658,bernoulli,bernoulli,1,completed
rep18,start_B,3,bernoulli,-51.64549251953184,103.29098503906368,,bfgs,5,False,4.35955485933448e-08,False,0.20007749748745218,bernoulli,bernoulli,2,completed
rep18,start_B,3,poisson,-74.983260966261,149.966521932522,,bfgs,5,True,4.5400581974441857e-10,False,0.02072174029775012,bernoulli,bernoulli,2,completed
rep18,start_B,4,bernoulli,-41.30773518235545,82.6154703647109,,bfgs,5,False,7.628851683705307e-08,False,1.3342706940543125,bernoulli,bernoulli,2,completed
rep18,start_B,4,poisson,-71.84282276717707,143.68564553435414,,bfgs,8,True,5.257483337572921e-12,True,0.29251332628232735,bernoulli,bernoulli,2,completed
rep18,start_B,5,bernoulli,-51.538675685779495,103.07735137155899,,bfgs,5,True,9.703216008460913e-11,True,0.23145994539224027,bernoulli,bernoulli,2,completed
rep18,start_B,5,poisson,-74.56090741997446,149.1218148399489,,bfgs,6,True,1.4810153103894662e-12,True,0.1143817409487884,bernoulli,bernoulli,2,completed
rep18,start_B,6,bernoulli,-49.17893523503304,98.35787047006608,,bfgs,4,False,1.3361066475425787e-08,False,0.6082713930561076,bernoulli,bernoulli,2,completed
rep18,start_B,6,poisson,-74.75340146887564,149.50680293775127,,bfgs,10,True,5.411227022023013e-14,True,0.08474432316616556,bernoulli,bernoulli,2,completed
rep18,start_B,7,bernoulli,-51.243909128259546,102.48781825651909,,bfgs,6,True,6.232170335351839e-12,True,0.28999623693151,bernoulli,bernoulli,2,completed
rep18,start_B,7,poisson,-74.47919212450122,148.95838424900245,,bfgs,6,True,7.154055126079584e-13,True,0.12284854966315442,bernoulli,bernoulli,2,completed
rep18,start_B,8,bernoulli,-46.252332752083205,92.50466550416641,,bfgs,6,True,3.1734170846675623e-12,True,0.8613327614300139,bernoulli,bernoulli,2,completed
rep18,start_B,8,poisson,-73.07349279692411,146.14698559384823,,bfgs,8,True,1.9591794853113242e-10,False,0.22700566309921782,bernoulli,bernoulli,2,completed
rep18,start_B,3,bernoulli,-48.283424332632464,96.56684866526493,,bfgs,7,True,1.4740937359647433e-10,False,0.720346393990658,bernoulli,bernoulli,3,completed
rep18,start_B,3,poisson,-73.87948444659555,147.7589688931911,,bfgs,10,True,8.128566486576005e-10,False,0.1851481480463296,bernoulli,bernoulli,3,completed
rep18,start_B,4,bernoulli,-40.324662846502385,80.64932569300477,,bfgs,7,True,2.078870409150113e-12,True,1.3646920990377958,bernoulli,bernoulli,3,completed
rep18,start_B,4,poisson,-71.67508603769883,143.35017207539767,,bfgs,8,True,8.446274790685493e-11,True,0.2935496495961914,bernoulli,bernoulli,3,completed
rep18,start_B,5,bernoulli,-49.73375669678789,99.46751339357579,,bfgs,5,True,4.2451419268729754e-09,False,0.5326264657613761,bernoulli,bernoulli,3,completed
rep18,start_B,5,poisson,-73.9978058299768,147.9956116599536,,bfgs,9,True,3.169957740745133e-09,False,0.17111289375252636,bernoulli,bernoulli,3,completed
rep18,start_B,6,bernoulli,-49.06829622379878,98.13659244759756,,bfgs,7,True,3.5753888738554454e-11,True,0.5987529256896766,bernoulli,bernoulli,3,completed
rep18,start_B,6,poisson,-74.70674751353943,149.41349502707885,,bfgs,11,True,3.3005109756345516e-11,True,0.0887231895226499,bernoulli,bernoulli,3,completed
rep18,start_B,7,bernoulli,-49.66717727332656,99.33435454665312,,bfgs,5,True,8.211742397179478e-12,True,0.5258194943546898,bernoulli,bernoulli,3,completed
rep18,start_B,7,poisson,-73.950507934917,147.901015869834,,bfgs,8,True,7.487434672270865e-10,False,0.17034031118909418,bernoulli,bernoulli,3,completed
rep18,start_B,8,bernoulli,-47.08947324477356,94.17894648954712,,bfgs,6,True,2.830192702418799e-09,False,0.762391175203017,bernoulli,bernoulli,3,completed
rep18,start_B,8,poisson,-73.4392649020842,146.8785298041684,,bfgs,10,False,3.402260775331456e-08,False,0.19718846499594425,bernoulli,bernoulli,3,completed
rep18,start_B,3,bernoulli,-48.575231915767226,97.15046383153445,,bfgs,10,True,1.0806466832491424e-12,True,0.6461444427190723,bernoulli,bernoulli,4,completed
rep18,start_B,3,poisson,-73.52814379635076,147.05628759270152,,bfgs,12,True,6.132941043901497e-10,False,0.21572828270327254,bernoulli,bernoulli,4,completed
rep18,start_B,4,bernoulli,-42.25405522113435,84.5081104422687,,bfgs,8,True,1.9932722139515135e-12,True,1.1137691567142447,bernoulli,bernoulli,4,completed
rep18,start_B,4,poisson,-71.97116834394346,143.94233668788692,,bfgs,12,True,1.867289434187569e-10,False,0.2875491695538422,bernoulli,bernoulli,4,completed
rep18,start_B,5,bernoulli,-42.723925416423846,85.44785083284769,,bfgs,10,True,1.0242617864975046e-11,True,1.5039118857303446,bernoulli,bernoulli,4,completed
rep18,start_B,5,poisson,-70.50880021065572,141.01760042131144,,bfgs,12,False,9.152347564267416e-08,False,0.4445348205224611,bernoulli,bernoulli,4,completed
rep18,start_B,6,bernoulli,-48.97341084336058,97.94682168672117,,bfgs,8,True,9.00524099733957e-12,True,0.5904504039138349,bernoulli,bernoulli,4,completed
rep18,start_B,6,poisson,-73.88069413189888,147.76138826379776,,bfgs,10,True,5.915927470123705e-14,True,0.21883979445830115,bernoulli,bernoulli,4,completed
rep18,start_B,7,bernoulli,-47.869906429012474,95.73981285802495,,bfgs,8,True,5.201088670858667e-10,False,0.8429483884081657,bernoulli,bernoulli,4,completed
rep18,start_B,7,poisson,-74.00587020439268,148.01174040878536,,bfgs,12,True,2.2969861901422917e-09,False,0.15145979478076543,bernoulli,bernoulli,4,completed
rep18,start_B,8,bernoulli,-36.708880983004136,73.41776196600827,,bfgs,9,True,5.167009974743619e-09,False,2.1819849433876826,bernoulli,bernoulli,4,completed
rep18,start_B,8,poisson,-68.91322888709992,137.82645777419984,,bfgs,13,True,7.87975209526337e-09,False,0.5091058780756221,bernoulli,bernoulli,4,completed
rep18,start_B,3,bernoulli,-45.61432325550322,91.22864651100645,,bfgs,10,True,2.575184510078543e-12,True,0.9958568564036083,bernoulli,bernoulli,5,completed
rep18,start_B,3,poisson,-73.44795745594436,146.89591491188872,,bfgs,14,True,1.4844059315066715e-10,False,0.20475250036710893,bernoulli,bernoulli,5,completed
rep18,start_B,4,bernoulli,-39.048663553661825,78.09732710732365,,bfgs,8,True,6.767094085091685e-09,False,1.5835248077720312,bernoulli,bernoulli,5,completed
rep18,start_B,4,poisson,-71.00816650562084,142.01633301124167,,bfgs,14,True,6.316110301440859e-10,False,0.3359559387330878,bernoulli,bernoulli,5,completed
rep18,start_B,5,bernoulli,-45.2601375969561,90.5202751939122,,bfgs,9,True,1.6075585307362417e-12,True,1.1630828126593522,bernoulli,bernoulli,5,completed
rep18,start_B,5,poisson,-72.0722415199871,144.1444830399742,,bfgs,13,False,1.464092051595145e-07,False,0.3328807197389889,bernoulli,bernoulli,5,completed
rep18,start_B,6,bernoulli,-48.28232087134384,96.56464174268768,,bfgs,9,True,2.5263302561029377e-10,False,0.6528604610871319,bernoulli,bernoulli,5,completed
rep18,start_B,6,poisson,-74.08996182867946,148.17992365735893,,bfgs,14,True,8.006031038121364e-09,False,0.18864376525467966,bernoulli,bernoulli,5,completed
rep18,start_B,7,bernoulli,-49.787637248645446,99.57527449729089,,bfgs,9,False,3.7697381483070555e-08,False,0.5223208682974165,bernoulli,bernoulli,5,completed
rep18,start_B,7,poisson,-74.1489420501531,148.2978841003062,,bfgs,13,True,1.3274954191455635e-09,False,0.13401353379770936,bernoulli,bernoulli,5,completed
rep18,start_B,8,bernoulli,-39.48222547344616,78.96445094689231,,bfgs,9,True,9.343640972048206e-10,False,1.6799121445444443,bernoulli,bernoulli,5,completed
rep18,start_B,8,poisson,-70.82450972109325,141.6490194421865,,bfgs,14,True,2.0519697052634456e-12,True,0.37756588078748254,bernoulli,bernoulli,5,completed
rep19,start_B,3,bernoulli,-51.864269009298994,103.72853801859799,,bfgs,4,True,2.072342297765317e-13,True,0.11423120359004152,bernoulli,bernoulli,1,completed
rep19,start_B,3,poisson,-74.88817882797788,149.77635765595576,,bfgs,5,True,1.993960552226781e-14,True,0.05511436293366564,bernoulli,bernoulli,1,completed
rep19,start_B,4,bernoulli,-48.24915675728488,96.49831351456976,,bfgs,5,True,1.183319220388057e-10,False,0.6795379044949187,bernoulli,bernoulli,1,completed
rep19,start_B,4,poisson,-72.8256693956194,145.6513387912388,,bfgs,4,True,4.8478998593282085e-12,True,0.24709564790308478,bernoulli,bernoulli,1,completed
rep19,start_B,5,bernoulli,-50.698048263955585,101.39609652791117,,bfgs,4,True,1.2878587085651815e-15,True,0.37991844025164834,bernoulli,bernoulli,1,completed
rep19,start_B,5,poisson,-74.99690379371796,149.99380758743592,,bfgs,5,True,1.0196288258157438e-12,True,0.009071028905583992,bernoulli,bernoulli,1,completed
rep19,start_B,6,bernoulli,-51.42553578016473,102.85107156032946,,bfgs,3,True,5.164091376741453e-13,True,0.24713393394263858,bernoulli,bernoulli,1,completed
rep19,start_B,6,poisson,-74.98193549427845,149.9638709885569,,bfgs,5,True,3.4596769893369126e-13,True,0.022034654432660984,bernoulli,bernoulli,1,completed
rep19,start_B,7,bernoulli,-51.071026421495574,102.14205284299115,,bfgs,4,True,8.881784197001252e-16,True,0.3179165441932171,bernoulli,bernoulli,1,completed
rep19,start_B,7,poisson,-74.99899883592138,149.99799767184277,,bfgs,5,True,1.128075410861129e-12,True,0.005171901577822792,bernoulli,bernoulli,1,completed
rep19,start_B,8,bernoulli,-51.8275264172481,103.6550528344962,,bfgs,4,True,1.7468693158662063e-12,True,0.13042151435509802,bernoulli,bernoulli,1,completed
rep19,start_B,8,poisson,-74.90411628968369,149.80823257936737,,bfgs,5,True,5.679900993982301e-14,True,0.051004092386820125,bernoulli,bernoulli,1,completed
rep19,start_B,3,bernoulli,-51.25099453905085,102.5019890781017,,bfgs,4,True,6.759925952337653e-13,True,0.29103653741239954,bernoulli,bernoulli,2,completed
rep19,start_B,3,poisson,-74.51054358975111,149.02108717950222,,bfgs,6,True,2.2324819770602745e-11,True,0.1212901639790691,bernoulli,bernoulli,2,completed
rep19,start_B,4,bernoulli,-44.1743161795931,88.3486323591862,,bfgs,6,True,4.0758063590828895e-12,True,1.1113955914272826,bernoulli,bernoulli,2,completed
rep19,start_B,4,poisson,-71.7026161254125,143.405232250825,,bfgs,10,True,2.68439670492171e-10,False,0.2959839520270842,bernoulli,bernoulli,2,completed
rep19,start_B,5,bernoulli,-46.991049884617695,93.98209976923539,,bfgs,5,True,3.4165203999236836e-11,True,0.8164520596007252,bernoulli,bernoulli,2,completed
rep19,start_B,5,poisson,-73.57844327651534,147.1568865530307,,bfgs,8,True,8.561585107536018e-10,False,0.20787189547431634,bernoulli,bernoulli,2,completed
rep19,start_B,6,bernoulli,-51.45515443528461,102.91030887056922,,bfgs,5,True,2.1735946376111315e-11,True,0.23149543821553395,bernoulli,bernoulli,2,completed
rep19,start_B,6,poisson,-74.80153669485598,149.60307338971197,,bfgs,7,True,1.208465549851212e-11,True,0.07741171697503951,bernoulli,bernoulli,2,completed
rep19,start_B,7,bernoulli,-51.005861857909665,102.01172371581933,,bfgs,6,True,3.483169308537981e-12,True,0.31471005876892805,bernoulli,bernoulli,2,completed
rep19,start_B,7,poisson,-74.81749027588442,149.63498055176885,,bfgs,6,True,1.7050356293513147e-09,False,0.07391511920770577,bernoulli,bernoulli,2,completed
rep19,start_B,8,bernoulli,-50.70796043021274,101.41592086042547,,bfgs,5,True,5.7013505028180586e-12,True,0.40159022183081466,bernoulli,bernoulli,2,completed
rep19,start_B,8,poisson,-74.86619328626969,149.73238657253938,,bfgs,6,True,1.6219807719153322e-10,False,0.058873518790316194,bernoulli,bernoulli,2,completed
rep19,start_B,3,bernoulli,-51.40219957770313,102.80439915540626,,bfgs,7,True,1.401381766186205e-09,False,0.24828995203201745,bernoulli,bernoulli,3,completed
rep19,start_B,3,poisson,-73.89491507176388,147.78983014352775,,bfgs,9,True,8.5060847254681e-13,True,0.18963777414023048,bernoulli,bernoulli,3,completed
rep19,start_B,4,bernoulli,-40.44382078129178,80.88764156258355,,bfgs,7,True,7.1754421071545945e-09,False,1.3294168638094133,bernoulli,bernoulli,3,completed
rep19,start_B,4,poisson,-70.69906963255424,141.39813926510848,,bfgs,10,False,2.5764004751849257e-08,False,0.33950736922560937,bernoulli,bernoulli,3,completed
rep19,start_B,5,bernoulli,-47.26187321638728,94.52374643277456,,bfgs,7,True,5.581046735869677e-12,True,0.7576911658534073,bernoulli,bernoulli,3,completed
rep19,start_B,5,poisson,-72.57072801068598,145.14145602137197,,bfgs,8,True,4.0996086525524335e-10,False,0.2738264346491438,bernoulli,bernoulli,3,completed
rep19,start_B,6,bernoulli,-49.32423604658099,98.64847209316198,,bfgs,7,True,2.3193846843128086e-11,True,0.5970429174525208,bernoulli,bernoulli,3,completed
rep19,start_B,6,poisson,-74.77910756795808,149.55821513591616,,bfgs,11,True,6.116236406228381e-11,True,0.0793158876491231,bernoulli,bernoulli,3,completed
rep19,start_B,7,bernoulli,-50.80927427663532,101.61854855327064,,bfgs,7,True,9.066258854772969e-12,True,0.36053866496851955,bernoulli,bernoulli,3,completed
rep19,start_B,7,poisson,-74.31654508561198,148.63309017122396,,bfgs,8,True,6.9612660968942915e-09,False,0.14747157119155638,bernoulli,bernoulli,3,completed
rep19,start_B,8,bernoulli,-51.09074262468294,102.18148524936588,,bfgs,6,True,6.407858688106671e-10,False,0.3130248825274524,bernoulli,bernoulli,3,completed
rep19,start_B,8,poisson,-73.85474571836377,147.70949143672755,,bfgs,8,True,4.294041122676617e-09,False,0.19574484497656658,bernoulli,bernoulli,3,completed
rep19,start_B,3,bernoulli,-50.375887279482995,100.75177455896599,,bfgs,7,True,2.964328116306092e-10,False,0.4307953331203286,bernoulli,bernoulli,4,completed
rep19,start_B,3,poisson,-73.29878971896065,146.5975794379213,,bfgs,10,True,7.055228179453365e-10,False,0.2340161344286574,bernoulli,bernoulli,4,completed
rep19,start_B,4,bernoulli,-38.62953492385369,77.25906984770738,,bfgs,8,True,2.8349322889198446e-12,True,1.524422773474598,bernoulli,bernoulli,4,completed
rep19,start_B,4,poisson,-71.41407596877923,142.82815193755846,,bfgs,15,False,6.611290963576266e-08,False,0.2942265983782047,bernoulli,bernoulli,4,completed
rep19,start_B,5,bernoulli,-42.27856119224252,84.55712238448504,,bfgs,8,True,3.974687246000031e-12,True,1.5052404738699812,bernoulli,bernoulli,4,completed
rep19,start_B,5,poisson,-72.15300732334674,144.30601464669348,,bfgs,12,True,3.1058196015010254e-10,False,0.30743693333235117,bernoulli,bernoulli,4,completed
rep19,start_B,6,bernoulli,-48.335746004390316,96.67149200878063,,bfgs,8,True,9.177787418934713e-11,True,0.6440909849318632,bernoulli,bernoulli,4,completed
rep19,start_B,6,poisson,-74.6800915911235,149.360183182247,,bfgs,13,False,1.679987651215242e-08,False,0.0935610565665599,bernoulli,bernoulli,4,completed
rep19,start_B,7,bernoulli,-50.04214175188162,100.08428350376325,,bfgs,8,True,8.791776195948842e-11,True,0.557272480986914,bernoulli,bernoulli,4,completed
rep19,start_B,7,poisson,-73.54358372503005,147.0871674500601,,bfgs,11,True,4.126410324545304e-11,True,0.23322723830236775,bernoulli,bernoulli,4,completed
rep19,start_B,8,bernoulli,-49.226022124462375,98.45204424892475,,bfgs,9,True,2.0582113791078883e-11,True,0.7354126820551659,bernoulli,bernoulli,4,completed
rep19,start_B,8,poisson,-73.7528337936561,147.5056675873122,,bfgs,12,True,1.815872074928393e-09,False,0.2018284836015903,bernoulli,bernoulli,4,completed
rep19,start_B,3,bernoulli,-38.17281306174292,76.34562612348584,,bfgs,9,True,6.2617910856488376e-12,True,2.194240657673813,bernoulli,bernoulli,5,completed
rep19,start_B,3,poisson,-70.98611614198485,141.9722322839697,,bfgs,18,False,1.5015281565333717e-08,False,0.4122222234016411,bernoulli,bernoulli,5,completed
rep19,start_B,4,bernoulli,-34.87062316762977,69.74124633525955,,bfgs,10,True,1.1964917945306296e-11,True,1.9449935888163785,bernoulli,bernoulli,5,completed
rep19,start_B,4,poisson,-70.40040459746845,140.8008091949369,,bfgs,17,True,1.4199156517236133e-09,False,0.344092909414203,bernoulli,bernoulli,5,completed
rep19,start_B,5,bernoulli,-45.168225322269166,90.33645064453833,,bfgs,8,False,1.5294408961530337e-08,False,0.9909314965037661,bernoulli,bernoulli,5,completed
rep19,start_B,5,poisson,-72.20617972221164,144.4123594444233,,bfgs,13,True,1.0508275805065637e-09,False,0.27067705315752427,bernoulli,bernoulli,5,completed
rep19,start_B,6,bernoulli,-46.76569866365174,93.53139732730348,,bfgs,10,True,2.7868463092772798e-11,True,0.8920834172305785,bernoulli,bernoulli,5,completed
rep19,start_B,6,poisson,-74.39072559410036,148.78145118820072,,bfgs,16,True,6.034459570924966e-10,False,0.1600236436795827,bernoulli,bernoulli,5,completed
rep19,start_B,7,bernoulli,-50.39599824593032,100.79199649186064,,bfgs,10,True,9.194423000735697e-13,True,0.44943925039560373,bernoulli,bernoulli,5,completed
rep19,start_B,7,poisson,-73.84389226988272,147.68778453976543,,bfgs,15,True,5.827383020573507e-11,True,0.1925087481720565,bernoulli,bernoulli,5,completed
rep19,start_B,8,bernoulli,-50.614197567509564,101.22839513501913,,bfgs,9,False,1.6135350655588355e-08,False,0.37280842566180006,bernoulli,bernoulli,5,completed
rep19,start_B,8,poisson,-73.53554248884818,147.07108497769636,,bfgs,13,True,6.16973139244692e-13,True,0.20257729771393157,bernoulli,bernoulli,5,completed
rep20,start_B,3,bernoulli,-49.859238318568394,99.71847663713679,,bfgs,4,False,5.210477189709906e-08,False,0.49760054366271134,bernoulli,bernoulli,1,completed
rep20,start_B,3,poisson,-74.00733567110187,148.01467134220374,,bfgs,5,True,3.4944269700076804e-15,True,0.16332403633459727,bernoulli,bernoulli,1,completed
rep20,start_B,4,bernoulli,-49.8283530844371,99.6567061688742,,bfgs,4,True,3.552713678800501e-16,True,0.5015195127452754,bernoulli,bernoulli,1,completed
rep20,start_B,4,poisson,-74.79929164358683,149.59858328717365,,bfgs,4,False,2.3824976698172405e-07,False,0.07255869639438761,bernoulli,bernoulli,1,completed
rep20,start_B,5,bernoulli,-51.251646827604716,102.50329365520943,,bfgs,4,True,2.4424906541753446e-16,True,0.2841422716825482,bernoulli,bernoulli,1,completed
rep20,start_B,5,poisson,-74.5062704036799,149.0125408073598,,bfgs,4,True,2.6128166297212375e-11,True,0.11530329475021839,bernoulli,bernoulli,1,completed
rep20,start_B,6,bernoulli,-51.03957343559649,102.07914687119298,,bfgs,4,True,1.1990408665951691e-15,True,0.32398037195188584,bernoulli,bernoulli,1,completed
rep20,start_B,6,poisson,-74.95634455693246,149.91268911386493,,bfgs,5,True,1.3089529460330596e-14,True,0.03400469935920561,bernoulli,bernoulli,1,completed
rep20,start_B,7,bernoulli,-49.04673899269714,98.09347798539429,,bfgs,3,True,1.6875389974302379e-15,True,0.5948551368179984,bernoulli,bernoulli,1,completed
rep20,start_B,7,poisson,-73.7493964197843,147.4987928395686,,bfgs,5,True,2.5490720645393594e-14,True,0.1831438532154238,bernoulli,bernoulli,1,completed
rep20,start_B,8,bernoulli,-51.98235688394262,103.96471376788524,,bfgs,4,True,1.3544720900426909e-15,True,0.019818416503126574,bernoulli,bernoulli,1,completed
rep20,start_B,8,poisson,-74.90702583910112,149.81405167820225,,bfgs,4,True,2.6913937745121076e-11,True,0.04996058270855799,bernoulli,bernoulli,1,completed
rep20,start_B,3,bernoulli,-48.18694777511024,96.37389555022048,,bfgs,5,True,5.875286035461613e-10,False,0.6645820179812292,bernoulli,bernoulli,2,completed
rep20,start_B,3,poisson,-73.80347267810973,147.60694535621946,,bfgs,9,True,2.1159185514818545e-13,True,0.17072220256492454,bernoulli,bernoulli,2,completed
rep20,start_B,4,bernoulli,-47.234165700218725,94.46833140043745,,bfgs,6,True,1.0303313757731302e-12,True,0.8089767068761893,bernoulli,bernoulli,2,completed
rep20,start_B,4,poisson,-74.51330219050664,149.02660438101327,,bfgs,8,False,2.7192076945681264e-08,False,0.11520583295179171,bernoulli,bernoulli,2,completed
rep20,start_B,5,bernoulli,-46.0522255073285,92.104451014657,,bfgs,5,True,5.460322594075251e-09,False,0.9588088811275449,bernoulli,bernoulli,2,completed
rep20,start_B,5,poisson,-72.77842528526455,145.5568505705291,,bfgs,8,True,1.1757190776506833e-10,False,0.25193479620516696,bernoulli,bernoulli,2,completed
rep20,start_B,6,bernoulli,-50.15820949263955,100.3164189852791,,bfgs,5,True,2.622924100137425e-12,True,0.4700146813222044,bernoulli,bernoulli,2,completed
rep20,start_B,6,poisson,-74.9008219989035,149.801643997807,,bfgs,6,True,5.807520742084904e-10,False,0.05259684051692303,bernoulli,bernoulli,2,completed
rep20,start_B,7,bernoulli,-45.99103237055291,91.98206474110582,,bfgs,4,False,5.130567064526303e-08,False,0.8800095098864369,bernoulli,bernoulli,2,completed
rep20,start_B,7,poisson,-73.33282335678898,146.66564671357796,,bfgs,9,True,2.6982860390489806e-13,True,0.20206067150952842,bernoulli,bernoulli,2,completed
rep20,start_B,8,bernoulli,-51.34253133529332,102.68506267058665,,bfgs,5,True,6.825384701869552e-12,True,0.28152226304729633,bernoulli,bernoulli,2,completed
rep20,start_B,8,poisson,-74.9482244292215,149.896448858443,,bfgs,6,True,2.533633025603166e-12,True,0.03656989954852421,bernoulli,bernoulli,2,completed
rep20,start_B,3,bernoulli,-46.556454463026185,93.11290892605237,,bfgs,7,True,8.591394262680296e-12,True,0.8445219162886749,bernoulli,bernoulli,3,completed
rep20,start_B,3,poisson,-73.21524091317467,146.43048182634934,,bfgs,12,True,2.2158629375823579e-10,False,0.21575179057229069,bernoulli,bernoulli,3,completed
rep20,start_B,4,bernoulli,-48.34065258280586,96.68130516561172,,bfgs,7,True,3.725819652800055e-12,True,0.6547482772811868,bernoulli,bernoulli,3,completed
rep20,start_B,4,poisson,-74.45704527978718,148.91409055957436,,bfgs,12,False,1.0880100487220545e-08,False,0.12644624290962347,bernoulli,bernoulli,3,completed
rep20,start_B,5,bernoulli,-41.442641254654546,82.88528250930909,,bfgs,7,True,1.9602364176307673e-11,True,1.5549220311141094,bernoulli,bernoulli,3,completed
rep20,start_B,5,poisson,-72.79174666793465,145.5834933358693,,bfgs,14,True,9.502171272046666e-12,True,0.23777529517411464,bernoulli,bernoulli,3,completed
rep20,start_B,6,bernoulli,-49.17326024461778,98.34652048923556,,bfgs,7,True,4.46709336188178e-13,True,0.5881190211593343,bernoulli,bernoulli,3,completed
rep20,start_B,6,poisson,-74.78536091487622,149.57072182975244,,bfgs,8,True,9.947682899635878e-10,False,0.07553511028142611,bernoulli,bernoulli,3,completed
rep20,start_B,7,bernoulli,-45.79543791577684,91.59087583155367,,bfgs,8,True,1.7512258310148354e-11,True,0.887061410809606,bernoulli,bernoulli,3,completed
rep20,start_B,7,poisson,-72.97796275230158,145.95592550460316,,bfgs,11,True,5.342499775906617e-11,True,0.22053912574286197,bernoulli,bernoulli,3,completed
rep20,start_B,8,bernoulli,-51.053082343671804,102.10616468734361,,bfgs,9,True,4.74195127608823e-10,False,0.35373162945835795,bernoulli,bernoulli,3,completed
rep20,start_B,8,poisson,-74.93169538129405,149.8633907625881,,bfgs,7,True,5.166474192908055e-10,False,0.04312104339279713,bernoulli,bernoulli,3,completed
rep20,start_B,3,bernoulli,-46.412221177381724,92.82444235476345,,bfgs,8,False,1.0752015766613e-08,False,0.9321415106074314,bernoulli,bernoulli,4,completed
rep20,start_B,3,poisson,-73.4229499477361,146.8458998954722,,bfgs,12,False,2.9375169408041302e-08,False,0.2112033719424521,bernoulli,bernoulli,4,completed
rep20,start_B,4,bernoulli,-46.33694040059403,92.67388080118806,,bfgs,8,True,5.67712010735022e-10,False,0.9018820534906715,bernoulli,bernoulli,4,completed
rep20,start_B,4,poisson,-74.14943864578329,148.29887729156658,,bfgs,12,True,9.776439302555673e-09,False,0.17283188691264517,bernoulli,bernoulli,4,completed
rep20,start_B,5,bernoulli,-42.77068409283378,85.54136818566757,,bfgs,8,True,2.212831695658224e-10,False,1.234366802635966,bernoulli,bernoulli,4,completed
rep20,start_B,5,poisson,-72.61606793377447,145.23213586754895,,bfgs,12,True,1.74961334309387e-10,False,0.23315723841577032,bernoulli,bernoulli,4,completed
rep20,start_B,6,bernoulli,-49.181627587915386,98.36325517583077,,bfgs,8,True,3.4866305398395526e-10,False,0.5534322171596189,bernoulli,bernoulli,4,completed
rep20,start_B,6,poisson,-74.78807036005007,149.57614072010014,,bfgs,13,True,1.400931826101015e-09,False,0.07371479939615441,bernoulli,bernoulli,4,completed
rep20,start_B,7,bernoulli,-46.0052243724306,92.0104487448612,,bfgs,7,True,1.6128187674269155e-11,True,0.7861433551418909,bernoulli,bernoulli,4,completed
rep20,start_B,7,poisson,-73.23300386548385,146.4660077309677,,bfgs,13,True,2.5025661543054414e-10,False,0.18022199719319693,bernoulli,bernoulli,4,completed
rep20,start_B,8,bernoulli,-48.89876834495561,97.79753668991123,,bfgs,7,True,2.081888839100543e-09,False,0.8382649360931572,bernoulli,bernoulli,4,completed
rep20,start_B,8,poisson,-74.41028191045748,148.82056382091497,,bfgs,9,False,1.0654240917284951e-08,False,0.18913986959203638,bernoulli,bernoulli,4,completed
rep20,start_B,3,bernoulli,-39.891759081572786,79.78351816314557,,bfgs,11,True,1.115057501888117e-09,False,1.8268594178146493,bernoulli,bernoulli,5,completed
rep20,start_B,3,poisson,-72.94541872496418,145.89083744992837,,bfgs,16,True,2.9876437712683668e-09,False,0.2443559795829757,bernoulli,bernoulli,5,completed
rep20,start_B,4,bernoulli,-46.28281770981344,92.56563541962689,,bfgs,9,True,8.971924536638199e-10,False,0.9048080810367235,bernoulli,bernoulli,5,completed
rep20,start_B,4,poisson,-73.51391089557993,147.02782179115985,,bfgs,14,False,1.5900370309296363e-08,False,0.23703404967779013,bernoulli,bernoulli,5,completed
rep20,start_B,5,bernoulli,-33.76097795576186,67.52195591152372,,bfgs,10,True,3.2525537818628436e-11,True,2.259228941086731,bernoulli,bernoulli,5,completed
rep20,start_B,5,poisson,-71.94092092857211,143.88184185714422,,bfgs,20,False,2.0074459338159657e-07,False,0.25627703436502386,bernoulli,bernoulli,5,completed
rep20,start_B,6,bernoulli,-46.5405757616183,93.0811515232366,,bfgs,9,True,7.401101953519173e-12,True,0.9913797782123616,bernoulli,bernoulli,5,completed
rep20,start_B,6,poisson,-74.11218149997573,148.22436299995147,,bfgs,17,True,5.480950804326312e-10,False,0.19945041660353938,bernoulli,bernoulli,5,completed
rep20,start_B,7,bernoulli,-41.69431452269508,83.38862904539016,,bfgs,9,True,1.291216022991648e-11,True,1.366824132461724,bernoulli,bernoulli,5,completed
rep20,start_B,7,poisson,-71.64043050650962,143.28086101301923,,bfgs,13,True,1.854381537214067e-10,False,0.3149697479773037,bernoulli,bernoulli,5,completed
rep20,start_B,8,bernoulli,-50.49329019164291,100.98658038328583,,bfgs,9,True,1.8621661990181337e-10,False,0.5030978269826478,bernoulli,bernoulli,5,completed
rep20,start_B,8,poisson,-74.29534823773058,148.59069647546116,,bfgs,11,True,1.7137932850630477e-09,False,0.18952239979298832,bernoulli,bernoulli,5,completed
