replicate,start_label,column,candidate_family,score,neg2_score,sigma_sq,optimizer,optimiser_iterations,optimiser_converged,optimiser_gradient_inf,scipy_success,loading_norm,family_x_true,selected_family,k,dataset_status
rep01,start_B,3,bernoulli,-51.70264116457863,103.40528232915726,,bfgs,3,True,5.3153037526953995e-11,True,0.17486555840331758,bernoulli,bernoulli,1,completed
rep01,start_B,3,poisson,-74.99162310437801,149.98324620875601,,bfgs,5,True,7.105427357601002e-16,True,0.01493137018116933,bernoulli,bernoulli,1,completed
rep01,start_B,4,bernoulli,-46.65443068179201,93.30886136358401,,bfgs,5,True,8.437694987151189e-16,True,0.8443690404279106,bernoulli,bernoulli,1,completed
rep01,start_B,4,poisson,-73.3400462130215,146.680092426043,,bfgs,8,True,8.881784197001253e-17,True,0.2095871264469254,bernoulli,bernoulli,1,completed
rep01,start_B,5,bernoulli,-50.89958439750309,101.79916879500618,,bfgs,3,True,3.122675451550094e-11,True,0.34804901597890575,bernoulli,bernoulli,1,completed
rep01,start_B,5,poisson,-74.52016435890002,149.04032871780004,,bfgs,5,True,3.0531133177191805e-15,True,0.11334363880709926,bernoulli,bernoulli,1,completed
rep01,start_B,6,bernoulli,-45.40239127394405,90.8047825478881,,bfgs,4,True,2.3869795029440866e-15,True,0.9651931955205951,bernoulli,bernoulli,1,completed
rep01,start_B,6,poisson,-73.03726027939523,146.07452055879045,,bfgs,6,True,3.752287369707119e-12,True,0.22748339475943838,bernoulli,bernoulli,1,completed
rep01,start_B,7,bernoulli,-51.10221054928415,102.2044210985683,,bfgs,4,True,8.881784197001253e-17,True,0.31261551817755173,bernoulli,bernoulli,1,completed
rep01,start_B,7,poisson,-74.5871865538058,149.1743731076116,,bfgs,5,True,9.437126635702953e-11,True,0.10514906707833663,bernoulli,bernoulli,1,completed
rep01,start_B,8,bernoulli,-48.27273700175532,96.54547400351063,,bfgs,3,True,3.658700009623317e-11,True,0.680084690113113,bernoulli,bernoulli,1,completed
rep01,start_B,8,poisson,-73.75662408995575,147.5132481799115,,bfgs,5,True,1.554312234475219e-16,True,0.18182530217520723,bernoulli,bernoulli,1,completed
rep01,start_B,3,bernoulli,-50.62633841287278,101.25267682574555,,bfgs,6,True,1.8103740728747652e-12,True,0.40978766358161844,bernoulli,bernoulli,2,completed
rep01,start_B,3,poisson,-74.95053221165588,149.90106442331177,,bfgs,6,True,9.117063659580538e-09,False,0.036406599345153376,bernoulli,bernoulli,2,completed
rep01,start_B,4,bernoulli,-39.7421239103863,79.4842478207726,,bfgs,6,True,3.049338559435455e-12,True,1.493426348915233,bernoulli,bernoulli,2,completed
rep01,start_B,4,poisson,-72.74966894167248,145.49933788334496,,bfgs,12,True,2.8469910873241134e-10,False,0.23569871037875212,bernoulli,bernoulli,2,completed
rep01,start_B,5,bernoulli,-45.294478747578225,90.58895749515645,,bfgs,5,True,1.2087655321124657e-09,False,1.0385627111383267,bernoulli,bernoulli,2,completed
rep01,start_B,5,poisson,-72.43968453963754,144.87936907927508,,bfgs,11,True,1.489264711551641e-10,False,0.27713948593920384,bernoulli,bernoulli,2,completed
rep01,start_B,6,bernoulli,-46.47931317382974,92.95862634765948,,bfgs,6,True,3.41318528995771e-11,True,0.7849382915976609,bernoulli,bernoulli,2,completed
rep01,start_B,6,poisson,-73.30488608580012,146.60977217160024,,bfgs,8,True,1.2261254234147145e-09,False,0.1947555749596745,bernoulli,bernoulli,2,completed
rep01,start_B,7,bernoulli,-39.96011839237394,79.92023678474789,,bfgs,7,True,6.368683358459748e-12,True,1.5934115283936063,bernoulli,bernoulli,2,completed
rep01,start_B,7,poisson,-73.26726561970833,146.53453123941665,,bfgs,11,True,5.617778997546452e-09,False,0.22432671771038387,bernoulli,bernoulli,2,completed
rep01,start_B,8,bernoulli,-48.140388591104255,96.28077718220851,,bfgs,5,True,1.744169253470318e-10,False,0.6384233087103154,bernoulli,bernoulli,2,completed
rep01,start_B,8,poisson,-73.48634800034225,146.9726960006845,,bfgs,7,True,3.705391549146952e-12,True,0.1915821624968866,bernoulli,bernoulli,2,completed
rep01,start_B,3,bernoulli,-47.55165855955435,95.1033171191087,,bfgs,7,True,1.1231726659843843e-11,True,0.8488108737332879,bernoulli,bernoulli,3,completed
rep01,start_B,3,poisson,-74.70547809011998,149.41095618023996,,bfgs,10,True,9.832665559539323e-09,False,0.10031979614019336,bernoulli,bernoulli,3,completed
rep01,start_B,4,bernoulli,-36.597609147333266,73.19521829466653,,bfgs,7,True,5.7934990138619466e-12,True,1.71770051038425,bernoulli,bernoulli,3,completed
rep01,start_B,4,poisson,-70.87764218622709,141.75528437245418,,bfgs,14,True,3.18221440309685e-09,False,0.33784287175625133,bernoulli,bernoulli,3,completed
rep01,start_B,5,bernoulli,-46.55995403310253,93.11990806620506,,bfgs,7,True,9.175815662842978e-12,True,0.8572742347762361,bernoulli,bernoulli,3,completed
rep01,start_B,5,poisson,-72.96161480449567,145.92322960899133,,bfgs,10,True,2.7863888973911344e-11,True,0.23442278361753874,bernoulli,bernoulli,3,completed
rep01,start_B,6,bernoulli,-44.19411893999329,88.38823787998658,,bfgs,7,True,8.797544914784794e-11,True,0.9441311193919847,bernoulli,bernoulli,3,completed
rep01,start_B,6,poisson,-72.25495273582465,144.5099054716493,,bfgs,10,True,1.6935945978957533e-10,False,0.2519862967754965,bernoulli,bernoulli,3,completed
rep01,start_B,7,bernoulli,-39.08065472837224,78.16130945674448,,bfgs,7,True,8.179235067018453e-13,True,1.6071417299019606,bernoulli,bernoulli,3,completed
rep01,start_B,7,poisson,-72.54573437549291,145.09146875098583,,bfgs,12,False,8.193163887337818e-08,False,0.2591567263367854,bernoulli,bernoulli,3,completed
rep01,start_B,8,bernoulli,-45.971009617912706,91.94201923582541,,bfgs,6,True,4.227529437628163e-12,True,0.8498709017415707,bernoulli,bernoulli,3,completed
rep01,start_B,8,poisson,-72.36294050932933,144.72588101865867,,bfgs,11,True,2.714079627708088e-10,False,0.2651535425484127,bernoulli,bernoulli,3,completed
rep01,start_B,3,bernoulli,-46.34646507704839,92.69293015409679,,bfgs,8,True,3.710098894771363e-12,True,0.9406684695145191,bernoulli,bernoulli,4,completed
rep01,start_B,3,poisson,-74.39597142290805,148.7919428458161,,bfgs,11,True,4.7929260560408696e-11,True,0.13774589385396527,bernoulli,bernoulli,4,completed
rep01,start_B,4,bernoulli,-35.783863800389305,71.56772760077861,,bfgs,8,True,1.7753709613543835e-11,True,1.7590950039860973,bernoulli,bernoulli,4,completed
rep01,start_B,4,poisson,-71.5632186705898,143.1264373411796,,bfgs,16,False,1.1845175595937007e-08,False,0.28695881310460764,bernoulli,bernoulli,4,completed
rep01,start_B,5,bernoulli,-45.03894356097311,90.07788712194622,,bfgs,7,True,1.333668286918055e-10,False,0.9652076672333059,bernoulli,bernoulli,4,completed
rep01,start_B,5,poisson,-72.44720919794007,144.89441839588014,,bfgs,12,True,9.733704398051657e-11,True,0.24487708760199803,bernoulli,bernoulli,4,completed
rep01,start_B,6,bernoulli,-40.859262173373764,81.71852434674753,,bfgs,9,True,5.222068555355009e-10,False,1.305202073779156,bernoulli,bernoulli,4,completed
rep01,start_B,6,poisson,-72.12740757287153,144.25481514574307,,bfgs,13,True,1.6473149067053327e-09,False,0.25350265603712824,bernoulli,bernoulli,4,completed
rep01,start_B,7,bernoulli,-38.29233364131306,76.58466728262611,,bfgs,8,True,3.3997750392700254e-09,False,1.6755224325768674,bernoulli,bernoulli,4,completed
rep01,start_B,7,poisson,-72.68544584339907,145.37089168679813,,bfgs,15,True,3.8346840480762975e-09,False,0.25895051350578013,bernoulli,bernoulli,4,completed
rep01,start_B,8,bernoulli,-46.57551368591491,93.15102737182983,,bfgs,8,True,5.071814079826709e-11,True,0.7888111331288165,bernoulli,bernoulli,4,completed
rep01,start_B,8,poisson,-72.66756931858544,145.33513863717087,,bfgs,11,False,2.796320785924955e-07,False,0.2442064907327876,bernoulli,bernoulli,4,completed
rep01,start_B,3,bernoulli,-39.99602596437474,79.99205192874948,,bfgs,9,True,1.906930613415625e-10,False,1.6978027095332353,bernoulli,bernoulli,5,completed
rep01,start_B,3,poisson,-72.96794971520097,145.93589943040195,,bfgs,13,False,1.2628598153874293e-07,False,0.2819551280321363,bernoulli,bernoulli,5,completed
rep01,start_B,4,bernoulli,-32.363404699786635,64.72680939957327,,bfgs,9,True,1.3415665023330804e-09,False,2.2097737825328205,bernoulli,bernoulli,5,completed
rep01,start_B,4,poisson,-71.16650267001718,142.33300534003436,,bfgs,23,False,3.531151687719003e-08,False,0.29975829572270707,bernoulli,bernoulli,5,completed
rep01,start_B,5,bernoulli,-40.83978810052393,81.67957620104787,,bfgs,10,True,4.4672487931052275e-12,True,1.47904862287047,bernoulli,bernoulli,5,completed
rep01,start_B,5,poisson,-72.1339332553389,144.2678665106778,,bfgs,18,False,2.228974222973079e-08,False,0.2574449607574107,bernoulli,bernoulli,5,completed
rep01,start_B,6,bernoulli,-42.017020023399574,84.03404004679915,,bfgs,9,True,1.7497456816784052e-10,False,1.2526531546801198,bernoulli,bernoulli,5,completed
rep01,start_B,6,poisson,-72.39976736047615,144.7995347209523,,bfgs,13,True,1.8821854297357276e-09,False,0.227962611007035,bernoulli,bernoulli,5,completed
rep01,start_B,7,bernoulli,-36.92800160827719,73.85600321655438,,bfgs,10,True,7.822198888618459e-10,False,1.7974069744608068,bernoulli,bernoulli,5,completed
rep01,start_B,7,poisson,-72.01969646540736,144.03939293081473,,bfgs,19,True,8.055833355946618e-09,False,0.3034173975508329,bernoulli,bernoulli,5,completed
rep01,start_B,8,bernoulli,-43.44644220186533,86.89288440373066,,bfgs,9,True,1.6595302021471524e-09,False,1.1859219084314074,bernoulli,bernoulli,5,completed
rep01,start_B,8,poisson,-72.25195760162734,144.50391520325468,,bfgs,14,False,2.0981640494743826e-07,False,0.2665387271085859,bernoulli,bernoulli,5,completed
rep02,start_B,3,bernoulli,-51.98032684246853,103.96065368493706,,bfgs,4,True,3.909672585677981e-12,True,0.024685925585809915,bernoulli,bernoulli,1,completed
rep02,start_B,3,poisson,-74.98983311968512,149.97966623937023,,bfgs,4,True,3.72541997251119e-12,True,0.016481722364060862,bernoulli,bernoulli,1,completed
rep02,start_B,4,bernoulli,-51.84661285376294,103.69322570752588,,bfgs,4,True,1.4557244298885053e-13,True,0.12231099842229684,bernoulli,bernoulli,1,completed
rep02,start_B,4,poisson,-74.93760502166934,149.87521004333868,,bfgs,3,True,1.4072746079563104e-09,False,0.040873469254180235,bernoulli,bernoulli,1,completed
rep02,start_B,5,bernoulli,-51.97448373264498,103.94896746528995,,bfgs,4,True,2.427336109889211e-12,True,0.03511573136480137,bernoulli,bernoulli,1,completed
rep02,start_B,5,poisson,-74.99991440547116,149.99982881094232,,bfgs,4,True,5.209166431541234e-13,True,0.0015109501075601828,bernoulli,bernoulli,1,completed
rep02,start_B,6,bernoulli,-51.98565434625681,103.97130869251362,,bfgs,4,True,2.242650509742816e-15,True,0.006401682881799399,bernoulli,bernoulli,1,completed
rep02,start_B,6,poisson,-74.99469708580405,149.9893941716081,,bfgs,4,True,1.264788274113471e-12,True,0.011900285011716673,bernoulli,bernoulli,1,completed
rep02,start_B,7,bernoulli,-51.5629589090188,103.1259178180376,,bfgs,2,False,2.2492979567800832e-08,False,0.21434654878768494,bernoulli,bernoulli,1,completed
rep02,start_B,7,poisson,-74.9319648156639,149.8639296313278,,bfgs,5,True,1.2434497875801752e-15,True,0.042445697104643944,bernoulli,bernoulli,1,completed
rep02,start_B,8,bernoulli,-48.54389542737852,97.08779085475705,,bfgs,5,True,2.6645352591003756e-16,True,0.6528405650012259,bernoulli,bernoulli,1,completed
rep02,start_B,8,poisson,-74.30007914111243,148.60015828222487,,bfgs,5,True,2.3849811014997613e-12,True,0.13447045892669643,bernoulli,bernoulli,1,completed
rep02,start_B,3,bernoulli,-49.739102822190134,99.47820564438027,,bfgs,5,True,2.6002400232982835e-11,True,0.5242864986899544,bernoulli,bernoulli,2,completed
rep02,start_B,3,poisson,-74.80675144337867,149.61350288675735,,bfgs,6,True,6.482986147915426e-10,False,0.07360989636951586,bernoulli,bernoulli,2,completed
rep02,start_B,4,bernoulli,-51.341413170424154,102.68282634084831,,bfgs,6,True,1.1515425168973082e-09,False,0.2576668177888766,bernoulli,bernoulli,2,completed
rep02,start_B,4,poisson,-74.3853948140285,148.770789628057,,bfgs,6,True,1.742495037149183e-14,True,0.12765513342256304,bernoulli,bernoulli,2,completed
rep02,start_B,5,bernoulli,-48.85067806203192,97.70135612406384,,bfgs,5,True,2.5406027281960064e-10,False,0.6117323680068826,bernoulli,bernoulli,2,completed
rep02,start_B,5,poisson,-74.79345964599709,149.58691929199418,,bfgs,10,True,7.054247186388807e-11,True,0.07291077039702139,bernoulli,bernoulli,2,completed
rep02,start_B,6,bernoulli,-49.326838794978,98.653677589956,,bfgs,4,False,1.3461401249248439e-08,False,0.5546042304251159,bernoulli,bernoulli,2,completed
rep02,start_B,6,poisson,-74.8495648771584,149.6991297543168,,bfgs,6,True,8.907307183503299e-12,True,0.06166597173755062,bernoulli,bernoulli,2,completed
rep02,start_B,7,bernoulli,-51.89447904374119,103.78895808748238,,bfgs,5,True,8.272653673202513e-11,True,0.0997320728245012,bernoulli,bernoulli,2,completed
rep02,start_B,7,poisson,-74.81498954472673,149.62997908945346,,bfgs,6,True,9.967638936458911e-11,True,0.07212133010676265,bernoulli,bernoulli,2,completed
rep02,start_B,8,bernoulli,-43.81403747480088,87.62807494960175,,bfgs,6,True,5.730749208510133e-13,True,1.0787865777668535,bernoulli,bernoulli,2,completed
rep02,start_B,8,poisson,-73.78863087481211,147.57726174962423,,bfgs,9,True,1.213176648029446e-09,False,0.17290712693807264,bernoulli,bernoulli,2,completed
rep02,start_B,3,bernoulli,-48.89303728677355,97.7860745735471,,bfgs,7,True,4.071335935051934e-10,False,0.5985882862884294,bernoulli,bernoulli,3,completed
rep02,start_B,3,poisson,-74.66163069675639,149.32326139351278,,bfgs,11,False,1.9540023465935975e-08,False,0.09425995212052304,bernoulli,bernoulli,3,completed
rep02,start_B,4,bernoulli,-49.15264431001509,98.30528862003018,,bfgs,7,True,1.6300008010006195e-10,False,0.5995323876551577,bernoulli,bernoulli,3,completed
rep02,start_B,4,poisson,-73.91681880685258,147.83363761370515,,bfgs,8,False,1.1697483945360964e-08,False,0.16918364576779354,bernoulli,bernoulli,3,completed
rep02,start_B,5,bernoulli,-48.39314333780267,96.78628667560534,,bfgs,7,True,3.518518809642046e-13,True,0.6444389286112294,bernoulli,bernoulli,3,completed
rep02,start_B,5,poisson,-74.68901821033502,149.37803642067004,,bfgs,12,False,1.0371441341860965e-08,False,0.08906087669797157,bernoulli,bernoulli,3,completed
rep02,start_B,6,bernoulli,-43.447697060899614,86.89539412179923,,bfgs,7,True,1.042730346512144e-11,True,1.1712466121671108,bernoulli,bernoulli,3,completed
rep02,start_B,6,poisson,-73.72534800299806,147.45069600599612,,bfgs,10,True,3.3748921435261537e-10,False,0.19117758168760327,bernoulli,bernoulli,3,completed
rep02,start_B,7,bernoulli,-51.416691785145304,102.83338357029061,,bfgs,7,True,2.732395198989934e-10,False,0.24188282388663718,bernoulli,bernoulli,3,completed
rep02,start_B,7,poisson,-74.56238904731183,149.12477809462365,,bfgs,7,True,6.439843103223097e-12,True,0.1044938995845661,bernoulli,bernoulli,3,completed
rep02,start_B,8,bernoulli,-43.585565336595934,87.17113067319187,,bfgs,7,True,1.0542646255995437e-09,False,1.0841298768822685,bernoulli,bernoulli,3,completed
rep02,start_B,8,poisson,-73.67732826406254,147.35465652812508,,bfgs,11,True,3.469805331945963e-10,False,0.18028970443840703,bernoulli,bernoulli,3,completed
rep02,start_B,3,bernoulli,-48.46148889182642,96.92297778365284,,bfgs,7,True,2.942027266250591e-09,False,0.6706244738720352,bernoulli,bernoulli,4,completed
rep02,start_B,3,poisson,-74.5254109845284,149.0508219690568,,bfgs,9,True,1.418208039893898e-09,False,0.11659364173508291,bernoulli,bernoulli,4,completed
rep02,start_B,4,bernoulli,-47.96772182776073,95.93544365552145,,bfgs,8,True,3.885425314820168e-12,True,0.7126930510397416,bernoulli,bernoulli,4,completed
rep02,start_B,4,poisson,-73.544793012064,147.089586024128,,bfgs,13,True,9.620091323547798e-09,False,0.1924463113755607,bernoulli,bernoulli,4,completed
rep02,start_B,5,bernoulli,-43.55075202546884,87.10150405093768,,bfgs,7,True,6.963920551328328e-11,True,1.2727643398311517,bernoulli,bernoulli,4,completed
rep02,start_B,5,poisson,-73.45602504291428,146.91205008582855,,bfgs,13,False,1.009390726558479e-08,False,0.24507312559334285,bernoulli,bernoulli,4,completed
rep02,start_B,6,bernoulli,-42.62689525837657,85.25379051675314,,bfgs,7,True,1.5732994906869635e-10,False,1.2965774074788343,bernoulli,bernoulli,4,completed
rep02,start_B,6,poisson,-73.51363650765022,147.02727301530044,,bfgs,12,True,1.1834913271613345e-09,False,0.225625222553202,bernoulli,bernoulli,4,completed
rep02,start_B,7,bernoulli,-48.36872700894929,96.73745401789859,,bfgs,8,True,5.673728820099199e-10,False,0.8565805707747468,bernoulli,bernoulli,4,completed
rep02,start_B,7,poisson,-73.75009765859488,147.50019531718976,,bfgs,11,True,1.139004890404749e-10,False,0.22786883853304454,bernoulli,bernoulli,4,completed
rep02,start_B,8,bernoulli,-41.059559487668515,82.11911897533703,,bfgs,8,True,7.344219232763293e-10,False,1.3271329005621817,bernoulli,bernoulli,4,completed
rep02,start_B,8,poisson,-73.58988037962165,147.1797607592433,,bfgs,13,True,5.517014756151184e-09,False,0.19062956780640916,bernoulli,bernoulli,4,completed
rep02,start_B,3,bernoulli,-48.53640464411882,97.07280928823764,,bfgs,9,True,5.617400988811028e-12,True,0.6304495838548075,bernoulli,bernoulli,5,completed
rep02,start_B,3,poisson,-74.47504358802951,148.95008717605901,,bfgs,14,False,2.3531321424741237e-08,False,0.1401603328970199,bernoulli,bernoulli,5,completed
rep02,start_B,4,bernoulli,-47.63429296314119,95.26858592628238,,bfgs,10,True,4.258130736900512e-10,False,0.7394869662277673,bernoulli,bernoulli,5,completed
rep02,start_B,4,poisson,-73.75861065770594,147.5172213154119,,bfgs,14,True,4.410203133936586e-09,False,0.18675314820682182,bernoulli,bernoulli,5,completed
rep02,start_B,5,bernoulli,-45.95688260565985,91.9137652113197,,bfgs,10,True,4.0049963345722975e-12,True,0.927742184416126,bernoulli,bernoulli,5,completed
rep02,start_B,5,poisson,-73.95088980139049,147.90177960278098,,bfgs,13,True,2.1077033007799175e-09,False,0.19527320523630937,bernoulli,bernoulli,5,completed
rep02,start_B,6,bernoulli,-44.77884194633993,89.55768389267986,,bfgs,9,True,1.5461778524183955e-10,False,0.9840806814537717,bernoulli,bernoulli,5,completed
rep02,start_B,6,poisson,-73.6910723126753,147.3821446253506,,bfgs,14,True,5.986591444795408e-10,False,0.20672822910775351,bernoulli,bernoulli,5,completed
rep02,start_B,7,bernoulli,-46.1861499830254,92.3722999660508,,bfgs,10,True,9.483847041025228e-12,True,1.0477041527107898,bernoulli,bernoulli,5,completed
rep02,start_B,7,poisson,-72.15504240374545,144.3100848074909,,bfgs,15,True,5.383271259318256e-09,False,0.32932045293293416,bernoulli,bernoulli,5,completed
rep02,start_B,8,bernoulli,-38.57006469180389,77.14012938360779,,bfgs,9,True,4.608924519811097e-10,False,1.6125591433969813,bernoulli,bernoulli,5,completed
rep02,start_B,8,poisson,-72.94084113283138,145.88168226566276,,bfgs,15,False,3.416826537261386e-08,False,0.219332116406328,bernoulli,bernoulli,5,completed
rep03,start_B,3,bernoulli,-51.958076857165096,103.91615371433019,,bfgs,3,False,1.3398293496891256e-08,False,0.0546476273276489,bernoulli,bernoulli,1,completed
rep03,start_B,3,poisson,-74.75618628523642,149.51237257047285,,bfgs,5,True,1.4210854715202005e-15,True,0.08217912919107008,bernoulli,bernoulli,1,completed
rep03,start_B,4,bernoulli,-51.923145535752624,103.84629107150525,,bfgs,4,True,1.2509993041476263e-13,True,0.08202279293158997,bernoulli,bernoulli,1,completed
rep03,start_B,4,poisson,-74.49951112376716,148.99902224753433,,bfgs,4,True,8.413985064237295e-11,True,0.11855334485829545,bernoulli,bernoulli,1,completed
rep03,start_B,5,bernoulli,-51.88542934000903,103.77085868001807,,bfgs,3,True,4.4521453190782265e-11,True,0.10383006902308203,bernoulli,bernoulli,1,completed
rep03,start_B,5,poisson,-74.82564648416006,149.65129296832012,,bfgs,4,False,1.1329937521509237e-07,False,0.06930973730589794,bernoulli,bernoulli,1,completed
rep03,start_B,6,bernoulli,-51.21542533179222,102.43085066358444,,bfgs,3,True,5.995204332975846e-16,True,0.2917268831691027,bernoulli,bernoulli,1,completed
rep03,start_B,6,poisson,-73.94302166891649,147.88604333783297,,bfgs,5,True,7.549516567451064e-16,True,0.17378144971425913,bernoulli,bernoulli,1,completed
rep03,start_B,7,bernoulli,-51.893102945026975,103.78620589005395,,bfgs,4,True,8.788059169262397e-12,True,0.09977457585256277,bernoulli,bernoulli,1,completed
rep03,start_B,7,poisson,-74.8203823516612,149.6407647033224,,bfgs,5,True,1.9378276761017334e-12,True,0.0703638845588916,bernoulli,bernoulli,1,completed
rep03,start_B,8,bernoulli,-50.682098208745785,101.36419641749157,,bfgs,5,True,1.4210854715202005e-15,True,0.3840271532371904,bernoulli,bernoulli,1,completed
rep03,start_B,8,poisson,-74.99994911919009,149.99989823838018,,bfgs,5,True,3.730349362740526e-15,True,0.0011651798142105067,bernoulli,bernoulli,1,completed
rep03,start_B,3,bernoulli,-50.44329451607292,100.88658903214584,,bfgs,6,True,7.264411294727324e-13,True,0.4374101142274426,bernoulli,bernoulli,2,completed
rep03,start_B,3,poisson,-74.06268243941838,148.12536487883676,,bfgs,6,True,1.2308021268836456e-11,True,0.16568919625229783,bernoulli,bernoulli,2,completed
rep03,start_B,4,bernoulli,-51.661338572638215,103.32267714527643,,bfgs,5,True,1.283417816466681e-13,True,0.18530881247425893,bernoulli,bernoulli,2,completed
rep03,start_B,4,poisson,-74.2898249977179,148.5796499954358,,bfgs,6,True,2.2833956947465593e-13,True,0.1356981529709423,bernoulli,bernoulli,2,completed
rep03,start_B,5,bernoulli,-51.445313209734444,102.89062641946889,,bfgs,6,True,3.7108094375071233e-13,True,0.25055491094621213,bernoulli,bernoulli,2,completed
rep03,start_B,5,poisson,-74.45991676552636,148.91983353105272,,bfgs,6,True,1.6104727107446592e-09,False,0.12425678076066458,bernoulli,bernoulli,2,completed
rep03,start_B,6,bernoulli,-50.64698485368259,101.29396970736518,,bfgs,6,True,7.466471885209103e-12,True,0.3810127141792253,bernoulli,bernoulli,2,completed
rep03,start_B,6,poisson,-73.77344916259364,147.54689832518727,,bfgs,6,False,2.5648059231997422e-08,False,0.17899864978222074,bernoulli,bernoulli,2,completed
rep03,start_B,7,bernoulli,-45.101774945986016,90.20354989197203,,bfgs,6,True,1.036060126580196e-12,True,1.0397292215080949,bernoulli,bernoulli,2,completed
rep03,start_B,7,poisson,-72.74849377273401,145.49698754546802,,bfgs,10,True,1.3167689161264207e-11,True,0.2580975982420536,bernoulli,bernoulli,2,completed
rep03,start_B,8,bernoulli,-50.009339587548276,100.01867917509655,,bfgs,6,True,1.8276047342169477e-11,True,0.47044262751745114,bernoulli,bernoulli,2,completed
rep03,start_B,8,poisson,-74.98768731424205,149.9753746284841,,bfgs,10,True,7.281979880202626e-12,True,0.018975960606762272,bernoulli,bernoulli,2,completed
rep03,start_B,3,bernoulli,-45.726774722933996,91.45354944586799,,bfgs,6,True,3.239622126116615e-10,False,0.9950606076761201,bernoulli,bernoulli,3,completed
rep03,start_B,3,poisson,-72.44812815802925,144.8962563160585,,bfgs,11,True,7.712941396675887e-13,True,0.2784492709632899,bernoulli,bernoulli,3,completed
rep03,start_B,4,bernoulli,-51.80758392372131,103.61516784744262,,bfgs,8,True,1.2592149545298526e-13,True,0.1413095058163238,bernoulli,bernoulli,3,completed
rep03,start_B,4,poisson,-74.38332349878655,148.7666469975731,,bfgs,8,True,1.9952907381881602e-11,True,0.12455688348571618,bernoulli,bernoulli,3,completed
rep03,start_B,5,bernoulli,-50.74524599087146,101.49049198174292,,bfgs,5,True,6.573028343836995e-09,False,0.36352231077888664,bernoulli,bernoulli,3,completed
rep03,start_B,5,poisson,-74.4588429120857,148.9176858241714,,bfgs,8,True,1.149791595267402e-10,False,0.12029076095942123,bernoulli,bernoulli,3,completed
rep03,start_B,6,bernoulli,-47.5791751104023,95.1583502208046,,bfgs,7,True,3.666871251084558e-10,False,0.785847244134761,bernoulli,bernoulli,3,completed
rep03,start_B,6,poisson,-73.3493476291206,146.6986952582412,,bfgs,12,True,3.135450787894456e-11,True,0.20739989303648562,bernoulli,bernoulli,3,completed
rep03,start_B,7,bernoulli,-45.02913823783281,90.05827647566562,,bfgs,7,True,8.166245457630339e-12,True,1.0068258220019286,bernoulli,bernoulli,3,completed
rep03,start_B,7,poisson,-72.8719109375572,145.7438218751144,,bfgs,10,True,7.685443392801971e-11,True,0.2400329295939401,bernoulli,bernoulli,3,completed
rep03,start_B,8,bernoulli,-41.3819415961623,82.7638831923246,,bfgs,8,True,1.9266943152018713e-09,False,1.3884185857161073,bernoulli,bernoulli,3,completed
rep03,start_B,8,poisson,-73.77884347126145,147.5576869425229,,bfgs,12,False,1.7626592307973254e-08,False,0.19323831615455728,bernoulli,bernoulli,3,completed
rep03,start_B,3,bernoulli,-47.174843648393704,94.34968729678741,,bfgs,9,True,1.3738801762919195e-13,True,0.8314578518511396,bernoulli,bernoulli,4,completed
rep03,start_B,3,poisson,-72.16227905715792,144.32455811431583,,bfgs,12,True,6.726622814312577e-10,False,0.29869550063862477,bernoulli,bernoulli,4,completed
rep03,start_B,4,bernoulli,-49.41991810193159,98.83983620386319,,bfgs,9,True,9.16619930374507e-09,False,0.6680888172494173,bernoulli,bernoulli,4,completed
rep03,start_B,4,poisson,-74.04181686354154,148.08363372708308,,bfgs,11,True,7.264452372979235e-11,True,0.15366894899457137,bernoulli,bernoulli,4,completed
rep03,start_B,5,bernoulli,-51.3458839235672,102.6917678471344,,bfgs,10,True,1.4736656339664478e-12,True,0.24701959583635094,bernoulli,bernoulli,4,completed
rep03,start_B,5,poisson,-74.25240330289162,148.50480660578324,,bfgs,10,True,7.489326936394036e-11,True,0.14733309078823686,bernoulli,bernoulli,4,completed
rep03,start_B,6,bernoulli,-47.356369119269104,94.71273823853821,,bfgs,9,True,6.923568524053181e-11,True,0.8011343402233309,bernoulli,bernoulli,4,completed
rep03,start_B,6,poisson,-73.20827712713361,146.41655425426723,,bfgs,12,False,1.502269055819738e-08,False,0.22510265919306283,bernoulli,bernoulli,4,completed
rep03,start_B,7,bernoulli,-45.82656721582218,91.65313443164436,,bfgs,9,True,7.629048504043112e-11,True,0.8835463563756534,bernoulli,bernoulli,4,completed
rep03,start_B,7,poisson,-72.87753028525417,145.75506057050833,,bfgs,12,False,1.820301669397395e-08,False,0.232985905489826,bernoulli,bernoulli,4,completed
rep03,start_B,8,bernoulli,-40.5972607528297,81.1945215056594,,bfgs,9,True,1.9385673066807385e-09,False,1.4744184716123898,bernoulli,bernoulli,4,completed
rep03,start_B,8,poisson,-73.35606935678466,146.71213871356932,,bfgs,14,False,4.201879932885788e-08,False,0.24111600386693938,bernoulli,bernoulli,4,completed
rep03,start_B,3,bernoulli,-39.59922597703785,79.1984519540757,,bfgs,11,True,1.3462564396604647e-13,True,1.7040012890290162,bernoulli,bernoulli,5,completed
rep03,start_B,3,poisson,-71.35423505419286,142.7084701083857,,bfgs,12,True,1.1816663203489952e-09,False,0.3345390690131655,bernoulli,bernoulli,5,completed
rep03,start_B,4,bernoulli,-48.83883303660017,97.67766607320034,,bfgs,9,True,7.751888020379738e-11,True,0.7374292548638182,bernoulli,bernoulli,5,completed
rep03,start_B,4,poisson,-73.18855952223736,146.3771190444747,,bfgs,12,True,1.2945822192023116e-11,True,0.22925341874135424,bernoulli,bernoulli,5,completed
rep03,start_B,5,bernoulli,-49.83841982582469,99.67683965164937,,bfgs,8,False,3.523146556716483e-08,False,0.5698902941622263,bernoulli,bernoulli,5,completed
rep03,start_B,5,poisson,-73.52062795932707,147.04125591865414,,bfgs,10,False,3.783882703833896e-08,False,0.21615226753585567,bernoulli,bernoulli,5,completed
rep03,start_B,6,bernoulli,-42.85602351370811,85.71204702741622,,bfgs,9,True,1.1020961920849004e-11,True,1.2690487632196925,bernoulli,bernoulli,5,completed
rep03,start_B,6,poisson,-72.66824990309014,145.33649980618029,,bfgs,11,True,2.407382293512228e-10,False,0.24657719345816928,bernoulli,bernoulli,5,completed
rep03,start_B,7,bernoulli,-44.4864991059495,88.972998211899,,bfgs,10,True,4.773141881742049e-11,True,1.0536676026514857,bernoulli,bernoulli,5,completed
rep03,start_B,7,poisson,-72.20459276139235,144.4091855227847,,bfgs,14,True,1.0513367953990382e-11,True,0.2732903522714232,bernoulli,bernoulli,5,completed
rep03,start_B,8,bernoulli,-38.40196255742402,76.80392511484804,,bfgs,10,True,7.218341480097479e-11,True,1.7682944375027627,bernoulli,bernoulli,5,completed
rep03,start_B,8,poisson,-72.65833105721265,145.3166621144253,,bfgs,17,True,6.866790513981868e-09,False,0.2953626115063035,bernoulli,bernoulli,5,completed
rep04,start_B,3,bernoulli,-49.210854490452384,98.42170898090477,,bfgs,4,True,9.189093930217495e-13,True,0.5793660803574676,bernoulli,bernoulli,1,completed
rep04,start_B,3,poisson,-74.42586806473396,148.85173612946792,,bfgs,5,True,1.2656542480726785e-15,True,0.12339345355795604,bernoulli,bernoulli,1,completed
rep04,start_B,4,bernoulli,-51.64600458533814,103.29200917067628,,bfgs,4,True,4.773959005888173e-16,True,0.1918937807673553,bernoulli,bernoulli,1,completed
rep04,start_B,4,poisson,-74.94575114797715,149.8915022959543,,bfgs,4,True,1.588773557159584e-12,True,0.03805394079526648,bernoulli,bernoulli,1,completed
rep04,start_B,5,bernoulli,-51.12096826884846,102.24193653769692,,bfgs,4,True,4.440892098500626e-16,True,0.30969196415602773,bernoulli,bernoulli,1,completed
rep04,start_B,5,poisson,-74.83660435649892,149.67320871299785,,bfgs,5,True,1.7877517244357933e-10,False,0.06601637742050401,bernoulli,bernoulli,1,completed
rep04,start_B,6,bernoulli,-43.13174435023914,86.26348870047828,,bfgs,4,True,2.159379342003831e-11,True,1.1990858769710404,bernoulli,bernoulli,1,completed
rep04,start_B,6,poisson,-73.23114274812133,146.46228549624266,,bfgs,5,False,6.281451521372716e-07,False,0.21438968980914716,bernoulli,bernoulli,1,completed
rep04,start_B,7,bernoulli,-51.8772367809205,103.754473561841,,bfgs,4,True,1.4095391520640986e-13,True,0.10798957292519311,bernoulli,bernoulli,1,completed
rep04,start_B,7,poisson,-74.98858999467036,149.97717998934073,,bfgs,4,True,6.681766251404042e-13,True,0.017449910431544983,bernoulli,bernoulli,1,completed
rep04,start_B,8,bernoulli,-51.749921070017265,103.49984214003453,,bfgs,3,False,1.4212814036795862e-08,False,0.15953577465790458,bernoulli,bernoulli,1,completed
rep04,start_B,8,poisson,-74.90986820539807,149.81973641079614,,bfgs,5,True,8.788131111714392e-10,False,0.04890736587047546,bernoulli,bernoulli,1,completed
rep04,start_B,3,bernoulli,-49.94549954502783,99.89099909005566,,bfgs,6,True,3.72089026257072e-12,True,0.43559013398785035,bernoulli,bernoulli,2,completed
rep04,start_B,3,poisson,-74.36426365767173,148.72852731534346,,bfgs,7,True,5.558137283756537e-13,True,0.13774719782375844,bernoulli,bernoulli,2,completed
rep04,start_B,4,bernoulli,-50.70821933236814,101.41643866473628,,bfgs,5,True,5.068968689236896e-10,False,0.40853061994123446,bernoulli,bernoulli,2,completed
rep04,start_B,4,poisson,-74.14514786928365,148.2902957385673,,bfgs,6,True,4.1650149995575704e-11,True,0.18024499764282093,bernoulli,bernoulli,2,completed
rep04,start_B,5,bernoulli,-50.547862459820365,101.09572491964073,,bfgs,6,True,5.10702591327572e-15,True,0.41142799467949526,bernoulli,bernoulli,2,completed
rep04,start_B,5,poisson,-74.1885984374978,148.3771968749956,,bfgs,7,True,2.6795997865036724e-09,False,0.1726756810708134,bernoulli,bernoulli,2,completed
rep04,start_B,6,bernoulli,-42.73356850574454,85.46713701148909,,bfgs,5,True,5.2075788126160205e-11,True,1.0748966077896276,bernoulli,bernoulli,2,completed
rep04,start_B,6,poisson,-73.0855419186415,146.171083837283,,bfgs,9,True,1.5649103457526793e-09,False,0.20795901745668896,bernoulli,bernoulli,2,completed
rep04,start_B,7,bernoulli,-45.59118781764803,91.18237563529605,,bfgs,5,True,1.2521921277652836e-10,False,1.090627674081176,bernoulli,bernoulli,2,completed
rep04,start_B,7,poisson,-72.22121504033593,144.44243008067187,,bfgs,8,True,4.0900616227190767e-13,True,0.32981822690235624,bernoulli,bernoulli,2,completed
rep04,start_B,8,bernoulli,-51.24266936222186,102.48533872444372,,bfgs,4,True,7.283063041541026e-15,True,0.26692014250175067,bernoulli,bernoulli,2,completed
rep04,start_B,8,poisson,-74.35213915844295,148.7042783168859,,bfgs,7,True,9.031675407555895e-12,True,0.13812134553673183,bernoulli,bernoulli,2,completed
rep04,start_B,3,bernoulli,-48.532384436759244,97.06476887351849,,bfgs,7,True,3.19258619541074e-11,True,0.5910511440567119,bernoulli,bernoulli,3,completed
rep04,start_B,3,poisson,-74.24302480385397,148.48604960770794,,bfgs,9,True,8.30925224459822e-11,True,0.1287025179529976,bernoulli,bernoulli,3,completed
rep04,start_B,4,bernoulli,-51.55630029553462,103.11260059106924,,bfgs,7,True,4.947819931544473e-13,True,0.2435041502810555,bernoulli,bernoulli,3,completed
rep04,start_B,4,poisson,-74.6044471040639,149.2088942081278,,bfgs,9,True,2.3370372304043486e-11,True,0.12113793358747456,bernoulli,bernoulli,3,completed
rep04,start_B,5,bernoulli,-49.852363659521515,99.70472731904303,,bfgs,8,True,4.694022948115162e-14,True,0.5473380472688234,bernoulli,bernoulli,3,completed
rep04,start_B,5,poisson,-74.04541265089462,148.09082530178924,,bfgs,8,True,1.2854299624720512e-09,False,0.18519946036460344,bernoulli,bernoulli,3,completed
rep04,start_B,6,bernoulli,-42.102223458977626,84.20444691795525,,bfgs,7,True,3.660627356794066e-13,True,1.0883227531076474,bernoulli,bernoulli,3,completed
rep04,start_B,6,poisson,-72.76132575888859,145.52265151777718,,bfgs,11,True,7.501342991211856e-10,False,0.2113212815382138,bernoulli,bernoulli,3,completed
rep04,start_B,7,bernoulli,-44.53601959699745,89.0720391939949,,bfgs,7,True,3.820577032520589e-09,False,1.1833368485010252,bernoulli,bernoulli,3,completed
rep04,start_B,7,poisson,-72.31753201302895,144.6350640260579,,bfgs,9,True,1.5562773292288057e-11,True,0.3143800338322498,bernoulli,bernoulli,3,completed
rep04,start_B,8,bernoulli,-48.02200897153152,96.04401794306304,,bfgs,7,True,7.056577544517495e-13,True,0.7252858921259245,bernoulli,bernoulli,3,completed
rep04,start_B,8,poisson,-73.95279667004812,147.90559334009623,,bfgs,9,True,2.364703433066495e-11,True,0.1749308884266767,bernoulli,bernoulli,3,completed
rep04,start_B,3,bernoulli,-47.68885442395164,95.37770884790328,,bfgs,10,True,8.329197331846672e-10,False,0.6849504476355888,bernoulli,bernoulli,4,completed
rep04,start_B,3,poisson,-74.23021417844627,148.46042835689255,,bfgs,9,False,2.0864519717778142e-07,False,0.13247809733692215,bernoulli,bernoulli,4,completed
rep04,start_B,4,bernoulli,-47.73689187689567,95.47378375379134,,bfgs,8,True,1.3521628261514707e-11,True,0.8520222537042085,bernoulli,bernoulli,4,completed
rep04,start_B,4,poisson,-73.96733384161696,147.93466768323393,,bfgs,14,True,6.15264283965189e-11,True,0.1926159641111189,bernoulli,bernoulli,4,completed
rep04,start_B,5,bernoulli,-48.16193363779827,96.32386727559654,,bfgs,8,True,4.57398563469269e-12,True,0.777101175087358,bernoulli,bernoulli,4,completed
rep04,start_B,5,poisson,-73.74368555977983,147.48737111955967,,bfgs,14,True,2.1550379258883369e-10,False,0.20955415684673334,bernoulli,bernoulli,4,completed
rep04,start_B,6,bernoulli,-42.38317210456101,84.76634420912202,,bfgs,9,True,3.442491181004925e-10,False,1.0560732508548305,bernoulli,bernoulli,4,completed
rep04,start_B,6,poisson,-72.5700640446407,145.1401280892814,,bfgs,10,True,2.0178337001297563e-09,False,0.23487555547503114,bernoulli,bernoulli,4,completed
rep04,start_B,7,bernoulli,-42.524964297070554,85.04992859414111,,bfgs,7,True,2.9157265046819704e-09,False,1.3009130322840532,bernoulli,bernoulli,4,completed
rep04,start_B,7,poisson,-71.1964233562793,142.3928467125586,,bfgs,12,True,4.754157290065564e-09,False,0.35814006937772,bernoulli,bernoulli,4,completed
rep04,start_B,8,bernoulli,-45.33509321894337,90.67018643788674,,bfgs,8,True,4.507900719374902e-11,True,1.1035223115058326,bernoulli,bernoulli,4,completed
rep04,start_B,8,poisson,-73.62118775977589,147.24237551955179,,bfgs,11,True,2.3172586072206514e-10,False,0.2110972753725255,bernoulli,bernoulli,4,completed
rep04,start_B,3,bernoulli,-39.99172858434629,79.98345716869258,,bfgs,9,True,1.447553188427264e-12,True,1.6159903960331916,bernoulli,bernoulli,5,completed
rep04,start_B,3,poisson,-70.39752161426676,140.79504322853353,,bfgs,13,True,8.411586627232736e-09,False,0.43050618992652295,bernoulli,bernoulli,5,completed
rep04,start_B,4,bernoulli,-47.35083862913558,94.70167725827116,,bfgs,10,True,5.991712237474189e-10,False,0.8472833880059392,bernoulli,bernoulli,5,completed
rep04,start_B,4,poisson,-73.46324765305516,146.92649530611033,,bfgs,14,False,1.9844031662330507e-08,False,0.23127851474091743,bernoulli,bernoulli,5,completed
rep04,start_B,5,bernoulli,-47.07707199442763,94.15414398885525,,bfgs,9,True,1.3002214860335925e-10,False,0.8824469015377373,bernoulli,bernoulli,5,completed
rep04,start_B,5,poisson,-73.87761392504113,147.75522785008226,,bfgs,14,False,8.370343920205415e-08,False,0.17834810707500115,bernoulli,bernoulli,5,completed
rep04,start_B,6,bernoulli,-34.05056463242279,68.10112926484558,,bfgs,9,True,3.0129010397672572e-12,True,2.2265846756947005,bernoulli,bernoulli,5,completed
rep04,start_B,6,poisson,-69.33460296789687,138.66920593579374,,bfgs,18,False,8.16064892827928e-08,False,0.46334004900482234,bernoulli,bernoulli,5,completed
rep04,start_B,7,bernoulli,-44.92637856274107,89.85275712548214,,bfgs,11,True,3.4311402608011575e-10,False,1.0314421812013725,bernoulli,bernoulli,5,completed
rep04,start_B,7,poisson,-71.30710349058951,142.61420698117902,,bfgs,12,False,3.0802305623911507e-07,False,0.36176836716473065,bernoulli,bernoulli,5,completed
rep04,start_B,8,bernoulli,-46.38670084744071,92.77340169488141,,bfgs,9,True,2.1872192945693315e-11,True,0.9594109113465628,bernoulli,bernoulli,5,completed
rep04,start_B,8,poisson,-73.36071144572225,146.7214228914445,,bfgs,13,False,9.450154748735784e-08,False,0.23156644708717056,bernoulli,bernoulli,5,completed
rep05,start_B,3,bernoulli,-51.9860333846889,103.9720667693778,,bfgs,3,True,1.144528916086074e-13,True,0.0007416959379431639,bernoulli,bernoulli,1,completed
rep05,start_B,3,poisson,-74.86015017011957,149.72030034023913,,bfgs,5,True,8.881784197001253e-17,True,0.061933520220833566,bernoulli,bernoulli,1,completed
rep05,start_B,4,bernoulli,-43.34896971682253,86.69793943364506,,bfgs,4,True,9.414691248821327e-15,True,1.1653958864888467,bernoulli,bernoulli,1,completed
rep05,start_B,4,poisson,-71.75775064994582,143.51550129989164,,bfgs,6,True,2.1316282072803005e-15,True,0.30730692189236597,bernoulli,bernoulli,1,completed
rep05,start_B,5,bernoulli,-47.52370436355254,95.04740872710508,,bfgs,4,True,8.062794876195767e-12,True,0.7599365310257838,bernoulli,bernoulli,1,completed
rep05,start_B,5,poisson,-74.58472586832977,149.16945173665954,,bfgs,7,False,4.456269877550767e-08,False,0.10225230033171007,bernoulli,bernoulli,1,completed
rep05,start_B,6,bernoulli,-51.18404356046001,102.36808712092002,,bfgs,4,True,1.0004219674897286e-13,True,0.2974500903553188,bernoulli,bernoulli,1,completed
rep05,start_B,6,poisson,-74.31495034023337,148.62990068046673,,bfgs,5,True,8.881784197001253e-17,True,0.1389926531318078,bernoulli,bernoulli,1,completed
rep05,start_B,7,bernoulli,-46.19779346166685,92.3955869233337,,bfgs,4,True,1.8540724511240113e-15,True,0.8920159079253365,bernoulli,bernoulli,1,completed
rep05,start_B,7,poisson,-72.55628890132171,145.11257780264341,,bfgs,6,True,1.4210854715202005e-15,True,0.2662238934058517,bernoulli,bernoulli,1,completed
rep05,start_B,8,bernoulli,-51.6303406785709,103.2606813571418,,bfgs,4,True,7.771561172376096e-15,True,0.19623964236658803,bernoulli,bernoulli,1,completed
rep05,start_B,8,poisson,-74.54303893423705,149.0860778684741,,bfgs,4,True,8.996510203473917e-11,True,0.11304036221298354,bernoulli,bernoulli,1,completed
rep05,start_B,3,bernoulli,-51.6202605577174,103.2405211154348,,bfgs,5,True,4.408160947377837e-10,False,0.20948071627637269,bernoulli,bernoulli,2,completed
rep05,start_B,3,poisson,-74.79634038011764,149.59268076023528,,bfgs,7,True,4.009376164404443e-13,True,0.07162234433899375,bernoulli,bernoulli,2,completed
rep05,start_B,4,bernoulli,-41.95302641972993,83.90605283945986,,bfgs,5,True,1.244553904378165e-10,False,1.2763961325774487,bernoulli,bernoulli,2,completed
rep05,start_B,4,poisson,-70.49456339041355,140.9891267808271,,bfgs,8,True,1.1617156125964812e-10,False,0.3633027592022697,bernoulli,bernoulli,2,completed
rep05,start_B,5,bernoulli,-41.85558823012453,83.71117646024906,,bfgs,6,True,6.277645070440485e-13,True,1.3238038131051266,bernoulli,bernoulli,2,completed
rep05,start_B,5,poisson,-72.81361462785026,145.6272292557005,,bfgs,8,True,5.339195729980872e-09,False,0.24562648407302487,bernoulli,bernoulli,2,completed
rep05,start_B,6,bernoulli,-50.887194607178756,101.77438921435751,,bfgs,5,True,8.877343304902752e-14,True,0.3391791159081975,bernoulli,bernoulli,2,completed
rep05,start_B,6,poisson,-74.00379483098156,148.00758966196312,,bfgs,6,True,5.839639882765369e-12,True,0.16212279621469466,bernoulli,bernoulli,2,completed
rep05,start_B,7,bernoulli,-47.736388666111296,95.47277733222259,,bfgs,7,True,3.759881295195555e-12,True,0.7071901439192415,bernoulli,bernoulli,2,completed
rep05,start_B,7,poisson,-72.66875225167533,145.33750450335066,,bfgs,10,True,3.039413165595306e-11,True,0.25169847696014586,bernoulli,bernoulli,2,completed
rep05,start_B,8,bernoulli,-50.81477610695539,101.62955221391078,,bfgs,5,False,2.803923799810093e-08,False,0.3688014316510337,bernoulli,bernoulli,2,completed
rep05,start_B,8,poisson,-73.7790936297417,147.5581872594834,,bfgs,5,True,7.191938600215054e-10,False,0.18766777866151538,bernoulli,bernoulli,2,completed
rep05,start_B,3,bernoulli,-49.564734726108995,99.12946945221799,,bfgs,7,True,8.408363449952106e-11,True,0.5757470467380736,bernoulli,bernoulli,3,completed
rep05,start_B,3,poisson,-74.22946434328409,148.45892868656819,,bfgs,8,True,1.5905660122328415e-11,True,0.16321505969085137,bernoulli,bernoulli,3,completed
rep05,start_B,4,bernoulli,-41.359645583945266,82.71929116789053,,bfgs,6,False,6.219434061094375e-08,False,1.2462787856468194,bernoulli,bernoulli,3,completed
rep05,start_B,4,poisson,-70.3621490574412,140.7242981148824,,bfgs,9,True,7.736854490403289e-11,True,0.3551234822460684,bernoulli,bernoulli,3,completed
rep05,start_B,5,bernoulli,-43.25435564061836,86.50871128123671,,bfgs,7,True,1.984004072141943e-11,True,1.1111383156608787,bernoulli,bernoulli,3,completed
rep05,start_B,5,poisson,-72.88829647824483,145.77659295648965,,bfgs,9,True,6.334817115316582e-11,True,0.224623840162831,bernoulli,bernoulli,3,completed
rep05,start_B,6,bernoulli,-50.10527994812723,100.21055989625447,,bfgs,6,True,6.262722396233044e-10,False,0.478994629439121,bernoulli,bernoulli,3,completed
rep05,start_B,6,poisson,-73.6984777389491,147.3969554778982,,bfgs,8,True,1.3244261243272604e-10,False,0.19514994037816724,bernoulli,bernoulli,3,completed
rep05,start_B,7,bernoulli,-45.88956936107668,91.77913872215336,,bfgs,7,True,1.1531597898795098e-11,True,0.8306469857366617,bernoulli,bernoulli,3,completed
rep05,start_B,7,poisson,-72.25172929323352,144.50345858646705,,bfgs,12,True,2.0087231877852219e-10,False,0.2625789613677205,bernoulli,bernoulli,3,completed
rep05,start_B,8,bernoulli,-49.30451794311848,98.60903588623697,,bfgs,6,True,9.239187193088582e-12,True,0.5538053472307364,bernoulli,bernoulli,3,completed
rep05,start_B,8,poisson,-73.39102925182274,146.7820585036455,,bfgs,7,True,2.834365664394767e-09,False,0.20133781967812595,bernoulli,bernoulli,3,completed
rep05,start_B,3,bernoulli,-49.039052799205706,98.07810559841141,,bfgs,8,True,1.7228235726918228e-09,False,0.5905181238273031,bernoulli,bernoulli,4,completed
rep05,start_B,3,poisson,-74.15044327191497,148.30088654382993,,bfgs,13,True,5.214489506855102e-10,False,0.16519973065891952,bernoulli,bernoulli,4,completed
rep05,start_B,4,bernoulli,-38.876909031003365,77.75381806200673,,bfgs,9,True,1.0682490447777581e-10,False,1.3520927075513427,bernoulli,bernoulli,4,completed
rep05,start_B,4,poisson,-69.55391425263801,139.10782850527602,,bfgs,14,True,3.2188396392740515e-10,False,0.3542712041685047,bernoulli,bernoulli,4,completed
rep05,start_B,5,bernoulli,-43.96561316099676,87.93122632199352,,bfgs,10,True,2.731148640577885e-13,True,0.9957827220940898,bernoulli,bernoulli,4,completed
rep05,start_B,5,poisson,-72.80958949412882,145.61917898825763,,bfgs,11,True,3.0998741351595526e-10,False,0.22245468064637552,bernoulli,bernoulli,4,completed
rep05,start_B,6,bernoulli,-48.59405312828285,97.1881062565657,,bfgs,9,True,1.1500245200579684e-12,True,0.6760369192464121,bernoulli,bernoulli,4,completed
rep05,start_B,6,poisson,-73.57213197683427,147.14426395366854,,bfgs,14,True,6.578768640963518e-11,True,0.18293774539439728,bernoulli,bernoulli,4,completed
rep05,start_B,7,bernoulli,-44.86972903577559,89.73945807155118,,bfgs,8,True,6.345857173073455e-12,True,1.0185193062192965,bernoulli,bernoulli,4,completed
rep05,start_B,7,poisson,-71.48052356948833,142.96104713897665,,bfgs,12,False,1.9854944710573363e-07,False,0.3157694332814688,bernoulli,bernoulli,4,completed
rep05,start_B,8,bernoulli,-48.35333409546465,96.7066681909293,,bfgs,7,True,7.488802356014901e-10,False,0.7497883922789336,bernoulli,bernoulli,4,completed
rep05,start_B,8,poisson,-72.68068594892623,145.36137189785245,,bfgs,9,False,1.1143220657316988e-08,False,0.2688322384959851,bernoulli,bernoulli,4,completed
rep05,start_B,3,bernoulli,-46.7939510283702,93.5879020567404,,bfgs,10,True,2.1655321980063036e-10,False,0.9128213567385044,bernoulli,bernoulli,5,completed
rep05,start_B,3,poisson,-73.28314356198878,146.56628712397756,,bfgs,13,True,7.208505792277719e-10,False,0.2529558631563967,bernoulli,bernoulli,5,completed
rep05,start_B,4,bernoulli,-39.12654639573886,78.25309279147773,,bfgs,11,True,4.8535753194300925e-11,True,1.475821050565733,bernoulli,bernoulli,5,completed
rep05,start_B,4,poisson,-70.22537050704992,140.45074101409983,,bfgs,18,False,1.7367038346316476e-08,False,0.3264463562608028,bernoulli,bernoulli,5,completed
rep05,start_B,5,bernoulli,-41.543911748165215,83.08782349633043,,bfgs,11,True,4.774127759787916e-10,False,1.2014228354848786,bernoulli,bernoulli,5,completed
rep05,start_B,5,poisson,-72.21795987879423,144.43591975758847,,bfgs,13,True,7.554780578900023e-10,False,0.2462470344807061,bernoulli,bernoulli,5,completed
rep05,start_B,6,bernoulli,-49.46309599069018,98.92619198138036,,bfgs,10,True,2.892281969479882e-11,True,0.5750792392660549,bernoulli,bernoulli,5,completed
rep05,start_B,6,poisson,-73.82605185555285,147.6521037111057,,bfgs,11,True,1.0484588197634536e-11,True,0.16425821302096408,bernoulli,bernoulli,5,completed
rep05,start_B,7,bernoulli,-45.51082682773625,91.0216536554725,,bfgs,10,True,1.5326211411093026e-10,False,0.8516720525370302,bernoulli,bernoulli,5,completed
rep05,start_B,7,poisson,-72.15145025518123,144.30290051036246,,bfgs,12,False,7.169372047144407e-08,False,0.25281910407210906,bernoulli,bernoulli,5,completed
rep05,start_B,8,bernoulli,-47.509277318536576,95.01855463707315,,bfgs,10,True,3.7020975174328896e-10,False,0.7818628123878406,bernoulli,bernoulli,5,completed
rep05,start_B,8,poisson,-72.49278373546973,144.98556747093946,,bfgs,13,True,1.4873642761870088e-09,False,0.26325855362137635,bernoulli,bernoulli,5,completed
rep06,start_B,3,bernoulli,-51.98603853159891,103.97207706319782,,bfgs,2,True,3.58286733614932e-12,True,3.330182424752242e-05,bernoulli,bernoulli,1,completed
rep06,start_B,3,poisson,-74.37041831902488,148.74083663804976,,bfgs,5,True,1.7763568394002505e-15,True,0.132681003298894,bernoulli,bernoulli,1,completed
rep06,start_B,4,bernoulli,-51.66541727225632,103.33083454451264,,bfgs,4,True,1.7763568394002505e-15,True,0.1860768939245879,bernoulli,bernoulli,1,completed
rep06,start_B,4,poisson,-73.82578538764764,147.65157077529528,,bfgs,4,True,9.174883075502293e-14,True,0.18226195098268722,bernoulli,bernoulli,1,completed
rep06,start_B,5,bernoulli,-51.13073684502827,102.26147369005653,,bfgs,5,True,5.329070518200751e-16,True,0.3070799914109985,bernoulli,bernoulli,1,completed
rep06,start_B,5,poisson,-74.89415836487342,149.78831672974684,,bfgs,5,True,7.283063041541026e-15,True,0.05371306184130731,bernoulli,bernoulli,1,completed
rep06,start_B,6,bernoulli,-50.66305818758055,101.3261163751611,,bfgs,3,True,3.260569314544881e-11,True,0.38541218338398614,bernoulli,bernoulli,1,completed
rep06,start_B,6,poisson,-73.09388282388254,146.18776564776508,,bfgs,4,True,2.1582735598713044e-14,True,0.23320142223662613,bernoulli,bernoulli,1,completed
rep06,start_B,7,bernoulli,-51.0803708458365,102.160741691673,,bfgs,3,True,2.3999957576847918e-11,True,0.31630153363294033,bernoulli,bernoulli,1,completed
rep06,start_B,7,poisson,-73.36114703153828,146.72229406307656,,bfgs,4,True,2.602362769721367e-14,True,0.21597086023470405,bernoulli,bernoulli,1,completed
rep06,start_B,8,bernoulli,-40.34134772441601,80.68269544883202,,bfgs,4,True,5.17452747317293e-13,True,1.423735947280716,bernoulli,bernoulli,1,completed
rep06,start_B,8,poisson,-74.38262257924923,148.76524515849846,,bfgs,8,True,7.771561172376095e-17,True,0.12424847231854465,bernoulli,bernoulli,1,completed
rep06,start_B,3,bernoulli,-51.952379003223186,103.90475800644637,,bfgs,5,True,5.431108895948e-11,True,0.06090960106277176,bernoulli,bernoulli,2,completed
rep06,start_B,3,poisson,-74.54099663143542,149.08199326287084,,bfgs,8,True,3.6581023543647007e-09,False,0.11086224097909947,bernoulli,bernoulli,2,completed
rep06,start_B,4,bernoulli,-51.17229428384461,102.34458856768921,,bfgs,6,True,1.7190471268691e-11,True,0.3006279097055015,bernoulli,bernoulli,2,completed
rep06,start_B,4,poisson,-73.98791488320293,147.97582976640587,,bfgs,6,True,2.7289814852338167e-11,True,0.16433483137773847,bernoulli,bernoulli,2,completed
rep06,start_B,5,bernoulli,-51.18925831864646,102.37851663729292,,bfgs,5,True,1.8207657603852566e-15,True,0.29253945887913074,bernoulli,bernoulli,2,completed
rep06,start_B,5,poisson,-74.90235649204347,149.80471298408693,,bfgs,7,True,6.020073328727448e-13,True,0.050295269825589885,bernoulli,bernoulli,2,completed
rep06,start_B,6,bernoulli,-45.17616515535343,90.35233031070686,,bfgs,5,True,3.946265536569627e-12,True,0.9894181108993465,bernoulli,bernoulli,2,completed
rep06,start_B,6,poisson,-72.54884637857798,145.09769275715595,,bfgs,9,True,1.9609025514455424e-11,True,0.25515312464398865,bernoulli,bernoulli,2,completed
rep06,start_B,7,bernoulli,-43.22048478349226,86.44096956698452,,bfgs,4,False,1.5704303075736447e-07,False,1.1737848330088887,bernoulli,bernoulli,2,completed
rep06,start_B,7,poisson,-72.31608570722673,144.63217141445347,,bfgs,7,True,1.5600801095416728e-09,False,0.2667983038725997,bernoulli,bernoulli,2,completed
rep06,start_B,8,bernoulli,-37.35966517441272,74.71933034882544,,bfgs,6,True,4.510614104447086e-13,True,1.685823968375338,bernoulli,bernoulli,2,completed
rep06,start_B,8,poisson,-74.03852148413989,148.07704296827978,,bfgs,12,True,6.20894446967668e-12,True,0.15058922298445665,bernoulli,bernoulli,2,completed
rep06,start_B,3,bernoulli,-46.13984581817395,92.2796916363479,,bfgs,7,True,2.466664206224323e-10,False,1.0364004794276516,bernoulli,bernoulli,3,completed
rep06,start_B,3,poisson,-73.90310266181996,147.80620532363992,,bfgs,12,True,4.262492581119659e-11,True,0.17972829728899115,bernoulli,bernoulli,3,completed
rep06,start_B,4,bernoulli,-47.80536840860303,95.61073681720606,,bfgs,7,True,1.3284742195196486e-10,False,0.814687370161518,bernoulli,bernoulli,3,completed
rep06,start_B,4,poisson,-71.94282413185388,143.88564826370776,,bfgs,11,True,7.946488800314455e-10,False,0.3090790754655725,bernoulli,bernoulli,3,completed
rep06,start_B,5,bernoulli,-49.64972259696499,99.29944519392998,,bfgs,7,True,2.082600758512854e-12,True,0.5765548520976654,bernoulli,bernoulli,3,completed
rep06,start_B,5,poisson,-74.81619533603791,149.63239067207581,,bfgs,8,True,4.554134847012392e-12,True,0.06816464953431578,bernoulli,bernoulli,3,completed
rep06,start_B,6,bernoulli,-43.50523313713628,87.01046627427256,,bfgs,8,True,4.6017900601214026e-11,True,1.1617265160424948,bernoulli,bernoulli,3,completed
rep06,start_B,6,poisson,-72.16772544336006,144.3354508867201,,bfgs,12,True,1.0535785577303614e-09,False,0.26236839785615207,bernoulli,bernoulli,3,completed
rep06,start_B,7,bernoulli,-43.40422246925034,86.80844493850068,,bfgs,7,True,2.672946308734936e-11,True,1.1203623767128241,bernoulli,bernoulli,3,completed
rep06,start_B,7,poisson,-71.88446287246495,143.7689257449299,,bfgs,11,True,1.509322178350203e-09,False,0.27319679680445186,bernoulli,bernoulli,3,completed
rep06,start_B,8,bernoulli,-37.35546109264195,74.7109221852839,,bfgs,7,True,1.6230439214837132e-11,True,1.6560430289271395,bernoulli,bernoulli,3,completed
rep06,start_B,8,poisson,-73.04379383367119,146.08758766734238,,bfgs,14,False,2.5741134457302194e-08,False,0.23927253817335511,bernoulli,bernoulli,3,completed
rep06,start_B,3,bernoulli,-46.55964418257696,93.11928836515392,,bfgs,10,True,3.4223792244603148e-09,False,0.9490113786153322,bernoulli,bernoulli,4,completed
rep06,start_B,3,poisson,-73.83939825015904,147.67879650031807,,bfgs,12,True,1.4780230372934967e-10,False,0.18198714234734276,bernoulli,bernoulli,4,completed
rep06,start_B,4,bernoulli,-45.89668316332892,91.79336632665785,,bfgs,7,False,3.4606577070661614e-08,False,0.9905223041247627,bernoulli,bernoulli,4,completed
rep06,start_B,4,poisson,-72.05179356698868,144.10358713397736,,bfgs,12,True,1.1111030318033955e-09,False,0.2886616444774856,bernoulli,bernoulli,4,completed
rep06,start_B,5,bernoulli,-48.84211885307071,97.68423770614142,,bfgs,7,True,3.231070966336347e-10,False,0.655608751116979,bernoulli,bernoulli,4,completed
rep06,start_B,5,poisson,-74.73603459652944,149.47206919305887,,bfgs,12,True,1.5356644844644052e-09,False,0.08944989784717448,bernoulli,bernoulli,4,completed
rep06,start_B,6,bernoulli,-37.95944774459515,75.9188954891903,,bfgs,7,False,3.679170044179614e-08,False,1.723968858545627,bernoulli,bernoulli,4,completed
rep06,start_B,6,poisson,-71.21447549619612,142.42895099239223,,bfgs,14,True,2.528038223204021e-10,False,0.32026811593016097,bernoulli,bernoulli,4,completed
rep06,start_B,7,bernoulli,-42.97963645366076,85.95927290732152,,bfgs,8,True,5.547086345814023e-09,False,1.0555188792975398,bernoulli,bernoulli,4,completed
rep06,start_B,7,poisson,-72.0062800515174,144.0125601030348,,bfgs,12,True,8.478128932232209e-09,False,0.24544203221930322,bernoulli,bernoulli,4,completed
rep06,start_B,8,bernoulli,-32.41081234626305,64.8216246925261,,bfgs,8,True,6.475042724218838e-13,True,2.223266467316193,bernoulli,bernoulli,4,completed
rep06,start_B,8,poisson,-72.71994670120924,145.43989340241848,,bfgs,21,False,5.6813827842283616e-08,False,0.2659672276342439,bernoulli,bernoulli,4,completed
rep06,start_B,3,bernoulli,-42.993026389702266,85.98605277940453,,bfgs,10,True,4.070166426117794e-12,True,1.4205068031525727,bernoulli,bernoulli,5,completed
rep06,start_B,3,poisson,-73.1539035144341,146.3078070288682,,bfgs,14,False,2.1194298049920234e-08,False,0.25083536343033735,bernoulli,bernoulli,5,completed
rep06,start_B,4,bernoulli,-45.539352437111646,91.07870487422329,,bfgs,9,True,4.407438192188806e-10,False,0.9675252863847885,bernoulli,bernoulli,5,completed
rep06,start_B,4,poisson,-70.84373427689866,141.68746855379732,,bfgs,15,True,4.949197629500191e-09,False,0.33484660177484243,bernoulli,bernoulli,5,completed
rep06,start_B,5,bernoulli,-48.62908822531362,97.25817645062725,,bfgs,10,True,1.9296471087670853e-10,False,0.6407704977944125,bernoulli,bernoulli,5,completed
rep06,start_B,5,poisson,-74.65095086393767,149.30190172787533,,bfgs,15,True,1.1947882683216449e-09,False,0.09522380564572067,bernoulli,bernoulli,5,completed
rep06,start_B,6,bernoulli,-39.11493597803193,78.22987195606386,,bfgs,9,True,5.3673954170108115e-12,True,1.5615659185278625,bernoulli,bernoulli,5,completed
rep06,start_B,6,poisson,-71.03496608792425,142.0699321758485,,bfgs,12,False,1.4147293829758213e-07,False,0.29449361380162686,bernoulli,bernoulli,5,completed
rep06,start_B,7,bernoulli,-42.85004680401598,85.70009360803196,,bfgs,10,True,5.728750807065808e-13,True,1.033962663233072,bernoulli,bernoulli,5,completed
rep06,start_B,7,poisson,-70.7688900513436,141.5377801026872,,bfgs,11,False,1.9177810426374008e-07,False,0.31026644495083733,bernoulli,bernoulli,5,completed
rep06,start_B,8,bernoulli,-30.383705794727042,60.767411589454085,,bfgs,9,True,7.28138105365872e-12,True,2.2794409364188195,bernoulli,bernoulli,5,completed
rep06,start_B,8,poisson,-71.18711680067318,142.37423360134636,,bfgs,29,True,7.431198367768843e-09,False,0.33957654251932345,bernoulli,bernoulli,5,completed
rep07,start_B,3,bernoulli,-51.205445173412144,102.41089034682429,,bfgs,3,True,2.796296527662889e-12,True,0.2923313660602774,bernoulli,bernoulli,1,completed
rep07,start_B,3,poisson,-74.99318459524895,149.9863691904979,,bfgs,5,True,1.3322676295501878e-15,True,0.013472414727078495,bernoulli,bernoulli,1,completed
rep07,start_B,4,bernoulli,-51.043084010676864,102.08616802135373,,bfgs,4,True,4.257331642776307e-09,False,0.322174602561681,bernoulli,bernoulli,1,completed
rep07,start_B,4,poisson,-74.98420737218818,149.96841474437636,,bfgs,5,True,7.105427357601002e-16,True,0.020500242596829723,bernoulli,bernoulli,1,completed
rep07,start_B,5,bernoulli,-51.68382182033541,103.36764364067082,,bfgs,4,True,8.656551031549498e-11,True,0.18044841336359976,bernoulli,bernoulli,1,completed
rep07,start_B,5,poisson,-74.60001994459876,149.2000398891975,,bfgs,5,True,1.7763568394002506e-16,True,0.10341000716336299,bernoulli,bernoulli,1,completed
rep07,start_B,6,bernoulli,-40.75475788737728,81.50951577475456,,bfgs,5,True,1.3766765505351941e-15,True,1.343748295058401,bernoulli,bernoulli,1,completed
rep07,start_B,6,poisson,-73.54814933969276,147.0962986793855,,bfgs,5,True,5.676862091519297e-09,False,0.19288525822218333,bernoulli,bernoulli,1,completed
rep07,start_B,7,bernoulli,-47.86211952817189,95.72423905634378,,bfgs,4,True,3.439364348878371e-11,True,0.7116915130999228,bernoulli,bernoulli,1,completed
rep07,start_B,7,poisson,-73.17905931618762,146.35811863237524,,bfgs,5,True,1.0440537323574972e-13,True,0.21922256994192654,bernoulli,bernoulli,1,completed
rep07,start_B,8,bernoulli,-51.961854976062114,103.92370995212423,,bfgs,4,True,8.437694987151189e-16,True,0.05080992943818661,bernoulli,bernoulli,1,completed
rep07,start_B,8,poisson,-74.81035924404584,149.62071848809168,,bfgs,4,True,1.2434497875801752e-15,True,0.0712270055434738,bernoulli,bernoulli,1,completed
rep07,start_B,3,bernoulli,-51.37568144308111,102.75136288616223,,bfgs,5,True,2.3140200866578197e-11,True,0.23720027754756023,bernoulli,bernoulli,2,completed
rep07,start_B,3,poisson,-74.7566407972361,149.5132815944722,,bfgs,6,True,3.5424108091319796e-12,True,0.09197405199300705,bernoulli,bernoulli,2,completed
rep07,start_B,4,bernoulli,-50.880824419739085,101.76164883947817,,bfgs,6,True,2.6511726147759872e-11,True,0.3581778461340334,bernoulli,bernoulli,2,completed
rep07,start_B,4,poisson,-74.09232191640223,148.18464383280445,,bfgs,7,True,8.96353746782097e-10,False,0.18015535845663075,bernoulli,bernoulli,2,completed
rep07,start_B,5,bernoulli,-44.91002328500336,89.82004657000672,,bfgs,5,True,5.449396489609626e-12,True,1.149929105797597,bernoulli,bernoulli,2,completed
rep07,start_B,5,poisson,-71.04540769673201,142.09081539346403,,bfgs,10,True,1.41895384331292e-12,True,0.3855445418810411,bernoulli,bernoulli,2,completed
rep07,start_B,6,bernoulli,-39.88574941258541,79.77149882517082,,bfgs,5,False,7.863796431806236e-08,False,1.329899479778893,bernoulli,bernoulli,2,completed
rep07,start_B,6,poisson,-73.68465657066432,147.36931314132863,,bfgs,10,True,1.4490684208112725e-09,False,0.1670454156354924,bernoulli,bernoulli,2,completed
rep07,start_B,7,bernoulli,-45.23294387591282,90.46588775182563,,bfgs,6,True,9.312226767477228e-10,False,0.9505677552667039,bernoulli,bernoulli,2,completed
rep07,start_B,7,poisson,-72.9447518096297,145.8895036192594,,bfgs,8,True,4.596736324913309e-11,True,0.21397244704258608,bernoulli,bernoulli,2,completed
rep07,start_B,8,bernoulli,-51.02379713302779,102.04759426605558,,bfgs,5,True,1.981572239628804e-10,False,0.3593711461506787,bernoulli,bernoulli,2,completed
rep07,start_B,8,poisson,-73.54241657751137,147.08483315502275,,bfgs,5,True,1.4005747672740655e-10,False,0.22464816830364578,bernoulli,bernoulli,2,completed
rep07,start_B,3,bernoulli,-51.19086545102317,102.38173090204634,,bfgs,7,True,6.243550565443457e-10,False,0.2868223670028565,bernoulli,bernoulli,3,completed
rep07,start_B,3,poisson,-74.49679854476442,148.99359708952883,,bfgs,9,True,2.1859065668650147e-10,False,0.1312351936752231,bernoulli,bernoulli,3,completed
rep07,start_B,4,bernoulli,-49.821146716028196,99.64229343205639,,bfgs,7,True,8.239720017400032e-12,True,0.5119420977466485,bernoulli,bernoulli,3,completed
rep07,start_B,4,poisson,-73.90259825566348,147.80519651132695,,bfgs,8,True,4.306777157125907e-12,True,0.1951036286787246,bernoulli,bernoulli,3,completed
rep07,start_B,5,bernoulli,-43.287992895625486,86.57598579125097,,bfgs,5,True,9.956178104175706e-09,False,1.2978283917239946,bernoulli,bernoulli,3,completed
rep07,start_B,5,poisson,-70.7676993829975,141.535398765995,,bfgs,9,True,9.405292544784061e-10,False,0.39292442257351756,bernoulli,bernoulli,3,completed
rep07,start_B,6,bernoulli,-39.617462502398894,79.23492500479779,,bfgs,7,True,3.8883085640151195e-11,True,1.343108916021615,bernoulli,bernoulli,3,completed
rep07,start_B,6,poisson,-73.59711945097817,147.19423890195634,,bfgs,12,True,5.1615791196724105e-09,False,0.17475351692066998,bernoulli,bernoulli,3,completed
rep07,start_B,7,bernoulli,-42.12662815207521,84.25325630415043,,bfgs,6,True,1.2782708225245187e-11,True,1.191978811133691,bernoulli,bernoulli,3,completed
rep07,start_B,7,poisson,-72.30946716479978,144.61893432959957,,bfgs,10,True,8.544642771113331e-11,True,0.2464861314792791,bernoulli,bernoulli,3,completed
rep07,start_B,8,bernoulli,-49.34340204805879,98.68680409611758,,bfgs,6,True,4.2019721036012927e-13,True,0.5768305537909579,bernoulli,bernoulli,3,completed
rep07,start_B,8,poisson,-73.57032355784239,147.14064711568477,,bfgs,7,False,6.634965306062668e-08,False,0.2107743684022708,bernoulli,bernoulli,3,completed
rep07,start_B,3,bernoulli,-46.87744496391515,93.7548899278303,,bfgs,8,True,1.0417584850319628e-09,False,0.8910659496911513,bernoulli,bernoulli,4,completed
rep07,start_B,3,poisson,-73.74258078977564,147.4851615795513,,bfgs,13,True,2.1412123629716005e-09,False,0.19688851195766593,bernoulli,bernoulli,4,completed
rep07,start_B,4,bernoulli,-50.49665638925591,100.99331277851182,,bfgs,8,True,9.52460208480943e-09,False,0.4152111493851177,bernoulli,bernoulli,4,completed
rep07,start_B,4,poisson,-74.42451359816172,148.84902719632345,,bfgs,12,True,1.9071890733357577e-10,False,0.1323707070770617,bernoulli,bernoulli,4,completed
rep07,start_B,5,bernoulli,-45.138077966410584,90.27615593282117,,bfgs,9,True,5.823228121926149e-10,False,1.0249455838319603,bernoulli,bernoulli,4,completed
rep07,start_B,5,poisson,-71.82694409568364,143.6538881913673,,bfgs,11,False,2.2059087285697386e-07,False,0.312465848377071,bernoulli,bernoulli,4,completed
rep07,start_B,6,bernoulli,-39.69273008472427,79.38546016944854,,bfgs,8,True,1.4856702534871147e-10,False,1.282240301896323,bernoulli,bernoulli,4,completed
rep07,start_B,6,poisson,-73.51769446777996,147.03538893555992,,bfgs,13,True,3.029399486820239e-09,False,0.17105289931671652,bernoulli,bernoulli,4,completed
rep07,start_B,7,bernoulli,-39.90387796534741,79.80775593069482,,bfgs,10,True,1.8328094597563903e-11,True,1.4575723277630712,bernoulli,bernoulli,4,completed
rep07,start_B,7,poisson,-72.62574530433024,145.25149060866048,,bfgs,16,False,1.038865438118819e-08,False,0.22590731251980847,bernoulli,bernoulli,4,completed
rep07,start_B,8,bernoulli,-49.86794393855913,99.73588787711826,,bfgs,8,True,1.4914234292007223e-10,False,0.529921713591038,bernoulli,bernoulli,4,completed
rep07,start_B,8,poisson,-73.86965755645174,147.73931511290348,,bfgs,9,True,2.0808863965271483e-09,False,0.18265911803056797,bernoulli,bernoulli,4,completed
rep07,start_B,3,bernoulli,-34.25100662451672,68.50201324903344,,bfgs,11,True,8.376389581954413e-11,True,2.3638832014089846,bernoulli,bernoulli,5,completed
rep07,start_B,3,poisson,-71.89347455239607,143.78694910479214,,bfgs,17,True,8.281007879418212e-09,False,0.33393932274156446,bernoulli,bernoulli,5,completed
rep07,start_B,4,bernoulli,-48.5006067521391,97.0012135042782,,bfgs,10,True,2.7535662638911164e-11,True,0.6560679198043006,bernoulli,bernoulli,5,completed
rep07,start_B,4,poisson,-74.18931659995192,148.37863319990385,,bfgs,10,True,3.601918763251888e-11,True,0.16316727872724002,bernoulli,bernoulli,5,completed
rep07,start_B,5,bernoulli,-40.36050373150762,80.72100746301524,,bfgs,10,True,1.7353751546878017e-09,False,1.6351897891632536,bernoulli,bernoulli,5,completed
rep07,start_B,5,poisson,-70.64879038006018,141.29758076012035,,bfgs,12,True,1.9533647588332316e-09,False,0.3982824654026097,bernoulli,bernoulli,5,completed
rep07,start_B,6,bernoulli,-37.08727602113309,74.17455204226619,,bfgs,10,True,2.5099189837618495e-09,False,1.5255663515388884,bernoulli,bernoulli,5,completed
rep07,start_B,6,poisson,-73.65404989260658,147.30809978521316,,bfgs,18,False,1.0300165520504834e-07,False,0.15576468407981175,bernoulli,bernoulli,5,completed
rep07,start_B,7,bernoulli,-40.69079998290791,81.38159996581582,,bfgs,12,True,7.116804923157361e-11,True,1.3126641897912847,bernoulli,bernoulli,5,completed
rep07,start_B,7,poisson,-72.17753404042325,144.3550680808465,,bfgs,14,True,1.9061016098831373e-10,False,0.2376529865777952,bernoulli,bernoulli,5,completed
rep07,start_B,8,bernoulli,-42.71516531233166,85.43033062466333,,bfgs,9,True,6.212543202099852e-10,False,1.3302791700781056,bernoulli,bernoulli,5,completed
rep07,start_B,8,poisson,-72.40631201266036,144.81262402532073,,bfgs,14,True,3.025202310880104e-12,True,0.2992992431981075,bernoulli,bernoulli,5,completed
rep08,start_B,3,bernoulli,-48.66396839852613,97.32793679705226,,bfgs,4,True,9.489165009313183e-11,True,0.6306844232678016,bernoulli,bernoulli,1,completed
rep08,start_B,3,poisson,-73.30027287581302,146.60054575162604,,bfgs,5,True,1.0137863881709563e-10,False,0.21529855221619898,bernoulli,bernoulli,1,completed
rep08,start_B,4,bernoulli,-42.39969180687453,84.79938361374906,,bfgs,5,True,4.636291350834654e-14,True,1.2099466784171942,bernoulli,bernoulli,1,completed
rep08,start_B,4,poisson,-73.89444569688285,147.7888913937657,,bfgs,7,True,3.9523939676655574e-15,True,0.1669735902074159,bernoulli,bernoulli,1,completed
rep08,start_B,5,bernoulli,-51.66490540968114,103.32981081936228,,bfgs,4,True,1.7763568394002506e-16,True,0.1860824776700664,bernoulli,bernoulli,1,completed
rep08,start_B,5,poisson,-74.98646400201754,149.97292800403508,,bfgs,5,True,2.1316282072803005e-15,True,0.019039667964570257,bernoulli,bernoulli,1,completed
rep08,start_B,6,bernoulli,-49.442241942952094,98.88448388590419,,bfgs,3,True,1.926125925422184e-11,True,0.5442604786544507,bernoulli,bernoulli,1,completed
rep08,start_B,6,poisson,-74.85143024784637,149.70286049569273,,bfgs,5,True,7.105427357601002e-16,True,0.06240819356662825,bernoulli,bernoulli,1,completed
rep08,start_B,7,bernoulli,-51.66840994991787,103.33681989983575,,bfgs,4,True,3.796962744218036e-15,True,0.18505337138368663,bernoulli,bernoulli,1,completed
rep08,start_B,7,poisson,-74.98610203574496,149.97220407148993,,bfgs,5,True,1.5987211554602255e-15,True,0.019293079762913178,bernoulli,bernoulli,1,completed
rep08,start_B,8,bernoulli,-50.753660767755115,101.50732153551023,,bfgs,4,True,1.0436096431476472e-15,True,0.3702426130898124,bernoulli,bernoulli,1,completed
rep08,start_B,8,poisson,-74.97691229417964,149.95382458835928,,bfgs,5,True,8.615330671091215e-14,True,0.02473576795982408,bernoulli,bernoulli,1,completed
rep08,start_B,3,bernoulli,-45.493032172876454,90.98606434575291,,bfgs,6,True,2.5076234422272136e-10,False,0.9623958700196881,bernoulli,bernoulli,2,completed
rep08,start_B,3,poisson,-72.37752175434132,144.75504350868263,,bfgs,10,True,4.167555189837913e-13,True,0.25219627791032223,bernoulli,bernoulli,2,completed
rep08,start_B,4,bernoulli,-38.008673497212634,76.01734699442527,,bfgs,6,True,5.099804301078592e-10,False,1.5761280787787022,bernoulli,bernoulli,2,completed
rep08,start_B,4,poisson,-73.59588228986405,147.1917645797281,,bfgs,8,False,1.2226923233882304e-07,False,0.17570035003927995,bernoulli,bernoulli,2,completed
rep08,start_B,5,bernoulli,-50.08115947209426,100.16231894418851,,bfgs,6,True,8.171063825557211e-12,True,0.5336757875012308,bernoulli,bernoulli,2,completed
rep08,start_B,5,poisson,-74.42786970480472,148.85573940960944,,bfgs,6,True,7.177424876658733e-10,False,0.13908171038118675,bernoulli,bernoulli,2,completed
rep08,start_B,6,bernoulli,-49.315731276623595,98.63146255324719,,bfgs,6,True,1.3230474493752808e-10,False,0.5540026915309215,bernoulli,bernoulli,2,completed
rep08,start_B,6,poisson,-74.72525190718378,149.45050381436755,,bfgs,8,True,2.919395281075765e-12,True,0.09755356092573123,bernoulli,bernoulli,2,completed
rep08,start_B,7,bernoulli,-49.266290806991606,98.53258161398321,,bfgs,6,True,6.7505320000549315e-09,False,0.6515286532417283,bernoulli,bernoulli,2,completed
rep08,start_B,7,poisson,-74.21602963614416,148.4320592722883,,bfgs,8,False,2.3948639416015993e-08,False,0.1638751131190657,bernoulli,bernoulli,2,completed
rep08,start_B,8,bernoulli,-50.28848007085582,100.57696014171164,,bfgs,4,False,1.875783086857652e-07,False,0.40288002550217017,bernoulli,bernoulli,2,completed
rep08,start_B,8,poisson,-74.93075047088952,149.86150094177904,,bfgs,7,True,2.6503244043851737e-12,True,0.04807464440690956,bernoulli,bernoulli,2,completed
rep08,start_B,3,bernoulli,-44.498926888107306,88.99785377621461,,bfgs,7,True,2.841930246688662e-10,False,1.003093271215178,bernoulli,bernoulli,3,completed
rep08,start_B,3,poisson,-72.05442800645531,144.10885601291062,,bfgs,11,True,7.046888850226196e-10,False,0.26690758586684865,bernoulli,bernoulli,3,completed
rep08,start_B,4,bernoulli,-39.257461718965445,78.51492343793089,,bfgs,7,True,2.8283647646176747e-11,True,1.3409684114869689,bernoulli,bernoulli,3,completed
rep08,start_B,4,poisson,-73.49262536819471,146.98525073638942,,bfgs,11,True,2.424268896739079e-09,False,0.17529809484317377,bernoulli,bernoulli,3,completed
rep08,start_B,5,bernoulli,-50.65049571893112,101.30099143786224,,bfgs,7,True,2.405808885441729e-12,True,0.42158438058569925,bernoulli,bernoulli,3,completed
rep08,start_B,5,poisson,-74.67319469007893,149.34638938015786,,bfgs,9,True,4.3857317777451496e-11,True,0.09751164423616458,bernoulli,bernoulli,3,completed
rep08,start_B,6,bernoulli,-42.710341146541694,85.42068229308339,,bfgs,7,True,1.951772077291025e-12,True,1.2327561782712622,bernoulli,bernoulli,3,completed
rep08,start_B,6,poisson,-73.42644843259765,146.8528968651953,,bfgs,11,True,3.216365396241372e-10,False,0.22138382044795013,bernoulli,bernoulli,3,completed
rep08,start_B,7,bernoulli,-48.21240711821512,96.42481423643024,,bfgs,7,True,1.0495826430201304e-12,True,0.7398097598101607,bernoulli,bernoulli,3,completed
rep08,start_B,7,poisson,-74.19560365559676,148.3912073111935,,bfgs,12,True,1.887799327970896e-09,False,0.1602213223286755,bernoulli,bernoulli,3,completed
rep08,start_B,8,bernoulli,-48.41183487216851,96.82366974433702,,bfgs,6,False,1.1801280308532114e-08,False,0.6790272510404808,bernoulli,bernoulli,3,completed
rep08,start_B,8,poisson,-74.53007895007583,149.06015790015167,,bfgs,11,True,1.0404417327691817e-10,False,0.12245935911764094,bernoulli,bernoulli,3,completed
rep08,start_B,3,bernoulli,-44.955597012001036,89.91119402400207,,bfgs,8,True,2.074857896605664e-09,False,0.8953311627877469,bernoulli,bernoulli,4,completed
rep08,start_B,3,poisson,-71.99438993918326,143.98877987836653,,bfgs,12,True,4.0889633901031173e-10,False,0.2560250740987785,bernoulli,bernoulli,4,completed
rep08,start_B,4,bernoulli,-38.81435638454674,77.62871276909348,,bfgs,8,True,1.4165890682704685e-11,True,1.3384366285522458,bernoulli,bernoulli,4,completed
rep08,start_B,4,poisson,-73.41559272402431,146.83118544804861,,bfgs,14,True,3.1782243503641894e-10,False,0.1868797316352336,bernoulli,bernoulli,4,completed
rep08,start_B,5,bernoulli,-49.82512857773156,99.65025715546312,,bfgs,8,True,2.3885782240995468e-11,True,0.5608317624854408,bernoulli,bernoulli,4,completed
rep08,start_B,5,poisson,-73.93036162075597,147.86072324151195,,bfgs,11,True,7.060187101615156e-10,False,0.20508831619282578,bernoulli,bernoulli,4,completed
rep08,start_B,6,bernoulli,-40.65341894174467,81.30683788348934,,bfgs,8,True,5.885707921038375e-10,False,1.4396798973600202,bernoulli,bernoulli,4,completed
rep08,start_B,6,poisson,-73.62017016515078,147.24034033030156,,bfgs,12,True,1.8407039281687077e-09,False,0.19793089034084543,bernoulli,bernoulli,4,completed
rep08,start_B,7,bernoulli,-48.05041602526838,96.10083205053677,,bfgs,10,True,1.5832890554179356e-13,True,0.7835949100141671,bernoulli,bernoulli,4,completed
rep08,start_B,7,poisson,-74.30343906118955,148.6068781223791,,bfgs,11,False,3.509395007927907e-08,False,0.14227576809324124,bernoulli,bernoulli,4,completed
rep08,start_B,8,bernoulli,-44.910673851197465,89.82134770239493,,bfgs,8,True,1.7909828287088202e-09,False,1.108203329058231,bernoulli,bernoulli,4,completed
rep08,start_B,8,poisson,-72.98654945582628,145.97309891165256,,bfgs,13,True,8.949154839399398e-09,False,0.2719130453416021,bernoulli,bernoulli,4,completed
rep08,start_B,3,bernoulli,-44.156208333986584,88.31241666797317,,bfgs,9,True,4.887496984906648e-09,False,1.0503513249673404,bernoulli,bernoulli,5,completed
rep08,start_B,3,poisson,-70.03725227461618,140.07450454923236,,bfgs,14,True,2.2476429606399507e-10,False,0.38919535156859375,bernoulli,bernoulli,5,completed
rep08,start_B,4,bernoulli,-38.42139950916946,76.84279901833892,,bfgs,10,True,7.80291387059151e-12,True,1.3040403740564057,bernoulli,bernoulli,5,completed
rep08,start_B,4,poisson,-72.42493306530892,144.84986613061784,,bfgs,16,True,7.891764575163051e-10,False,0.2738135171863258,bernoulli,bernoulli,5,completed
rep08,start_B,5,bernoulli,-50.57268527783607,101.14537055567214,,bfgs,10,True,6.750866532456712e-12,True,0.4203246340525056,bernoulli,bernoulli,5,completed
rep08,start_B,5,poisson,-73.26830324280813,146.53660648561626,,bfgs,10,True,4.4168756208051715e-09,False,0.2558239004198183,bernoulli,bernoulli,5,completed
rep08,start_B,6,bernoulli,-42.76200848898676,85.52401697797352,,bfgs,9,False,3.021959624760484e-08,False,1.1402538734509133,bernoulli,bernoulli,5,completed
rep08,start_B,6,poisson,-72.315702381912,144.631404763824,,bfgs,13,True,2.94997704042288e-10,False,0.3015021299199258,bernoulli,bernoulli,5,completed
rep08,start_B,7,bernoulli,-45.94153604055746,91.88307208111492,,bfgs,11,True,1.7089309967133203e-10,False,0.9914118470722701,bernoulli,bernoulli,5,completed
rep08,start_B,7,poisson,-73.00762019940616,146.01524039881232,,bfgs,13,True,8.039768850665041e-11,True,0.2519087378511797,bernoulli,bernoulli,5,completed
rep08,start_B,8,bernoulli,-43.0619593214047,86.1239186428094,,bfgs,9,True,9.22142362469458e-11,True,1.3603721716681867,bernoulli,bernoulli,5,completed
rep08,start_B,8,poisson,-72.35310475442004,144.7062095088401,,bfgs,11,True,2.7545610237211803e-11,True,0.3261352267336355,bernoulli,bernoulli,5,completed
rep09,start_B,3,bernoulli,-51.97559194751909,103.95118389503818,,bfgs,3,True,4.406455200722803e-11,True,0.033387828722522765,bernoulli,bernoulli,1,completed
rep09,start_B,3,poisson,-74.8520756855128,149.7041513710256,,bfgs,4,True,1.8524293210475663e-12,True,0.0631716818176064,bernoulli,bernoulli,1,completed
rep09,start_B,4,bernoulli,-47.58360397510325,95.1672079502065,,bfgs,4,True,1.4368950473908626e-12,True,0.747644452343966,bernoulli,bernoulli,1,completed
rep09,start_B,4,poisson,-74.53444333063221,149.06888666126443,,bfgs,7,True,1.0658141036401502e-15,True,0.10959248714956248,bernoulli,bernoulli,1,completed
rep09,start_B,5,bernoulli,-51.742350084224995,103.48470016844999,,bfgs,4,True,6.827893805905205e-11,True,0.16197651484554038,bernoulli,bernoulli,1,completed
rep09,start_B,5,poisson,-74.99261541855036,149.98523083710072,,bfgs,5,True,6.927791673660977e-15,True,0.014054363768517653,bernoulli,bernoulli,1,completed
rep09,start_B,6,bernoulli,-49.139668379579334,98.27933675915867,,bfgs,3,True,8.708589405159728e-13,True,0.582473540566328,bernoulli,bernoulli,1,completed
rep09,start_B,6,poisson,-74.75652864748358,149.51305729496715,,bfgs,8,True,1.2212453270876722e-15,True,0.07967693674005258,bernoulli,bernoulli,1,completed
rep09,start_B,7,bernoulli,-51.563359398988744,103.12671879797749,,bfgs,4,True,8.659739592076221e-16,True,0.21405667027724973,bernoulli,bernoulli,1,completed
rep09,start_B,7,poisson,-74.56484339955621,149.12968679911242,,bfgs,4,True,8.08242361927114e-15,True,0.108616000549712,bernoulli,bernoulli,1,completed
rep09,start_B,8,bernoulli,-50.89458477132982,101.78916954265964,,bfgs,4,True,6.306066779870889e-15,True,0.34843914007937293,bernoulli,bernoulli,1,completed
rep09,start_B,8,poisson,-74.26739196776832,148.53478393553664,,bfgs,4,True,2.597211334887106e-12,True,0.14105487288066476,bernoulli,bernoulli,1,completed
rep09,start_B,3,bernoulli,-51.97189224070487,103.94378448140974,,bfgs,5,True,9.747225249157054e-12,True,0.0394581793780128,bernoulli,bernoulli,2,completed
rep09,start_B,3,poisson,-74.66076886179023,149.32153772358046,,bfgs,7,True,3.197442310920451e-15,True,0.09439256178638104,bernoulli,bernoulli,2,completed
rep09,start_B,4,bernoulli,-46.95769047402742,93.91538094805485,,bfgs,6,True,2.8135271890050715e-13,True,0.7649639752973051,bernoulli,bernoulli,2,completed
rep09,start_B,4,poisson,-74.6174481018389,149.2348962036778,,bfgs,9,True,1.864484122648946e-11,True,0.09577180997849147,bernoulli,bernoulli,2,completed
rep09,start_B,5,bernoulli,-48.364554050450906,96.72910810090181,,bfgs,5,False,2.3987644670597773e-08,False,0.6779811702014938,bernoulli,bernoulli,2,completed
rep09,start_B,5,poisson,-74.82668582327628,149.65337164655256,,bfgs,8,True,9.872280770650832e-11,True,0.07059258863600176,bernoulli,bernoulli,2,completed
rep09,start_B,6,bernoulli,-44.23004730490336,88.46009460980672,,bfgs,5,True,1.2783124558879421e-11,True,1.1013014371801844,bernoulli,bernoulli,2,completed
rep09,start_B,6,poisson,-72.32113327965966,144.64226655931932,,bfgs,9,True,1.7392309814567853e-12,True,0.28612508247848206,bernoulli,bernoulli,2,completed
rep09,start_B,7,bernoulli,-51.730168711457374,103.46033742291475,,bfgs,5,True,1.576402341996186e-11,True,0.1591154762931543,bernoulli,bernoulli,2,completed
rep09,start_B,7,poisson,-74.33650650192558,148.67301300385117,,bfgs,7,True,5.906386491005833e-13,True,0.1317034331979693,bernoulli,bernoulli,2,completed
rep09,start_B,8,bernoulli,-50.84477778804799,101.68955557609598,,bfgs,5,True,5.576003658802619e-10,False,0.35028935833568753,bernoulli,bernoulli,2,completed
rep09,start_B,8,poisson,-74.16325279822466,148.32650559644932,,bfgs,5,False,2.0365332389360447e-07,False,0.14402213918421755,bernoulli,bernoulli,2,completed
rep09,start_B,3,bernoulli,-48.17297304044991,96.34594608089982,,bfgs,7,True,2.6071234060509595e-11,True,0.7808853738467072,bernoulli,bernoulli,3,completed
rep09,start_B,3,poisson,-74.41796171738358,148.83592343476715,,bfgs,11,True,2.0660117172610625e-09,False,0.13545242080520134,bernoulli,bernoulli,3,completed
rep09,start_B,4,bernoulli,-47.079073102720336,94.15814620544067,,bfgs,7,True,4.4349413030886355e-12,True,0.7082570535607782,bernoulli,bernoulli,3,completed
rep09,start_B,4,poisson,-74.52263507245239,149.04527014490478,,bfgs,10,True,1.1602274696542736e-11,True,0.10633208544819121,bernoulli,bernoulli,3,completed
rep09,start_B,5,bernoulli,-40.091529909767466,80.18305981953493,,bfgs,6,True,7.781576139009871e-09,False,1.5850432346784031,bernoulli,bernoulli,3,completed
rep09,start_B,5,poisson,-72.2478409793001,144.4956819586002,,bfgs,11,False,8.890252649607077e-08,False,0.30163389143416725,bernoulli,bernoulli,3,completed
rep09,start_B,6,bernoulli,-44.44578307234041,88.89156614468082,,bfgs,6,False,1.1990136283834828e-08,False,1.040670753261996,bernoulli,bernoulli,3,completed
rep09,start_B,6,poisson,-72.61007127301427,145.22014254602854,,bfgs,12,True,1.0396128402589966e-12,True,0.2672713968200098,bernoulli,bernoulli,3,completed
rep09,start_B,7,bernoulli,-51.2740822024972,102.5481644049944,,bfgs,7,True,1.1338268102178972e-10,False,0.28876462912364204,bernoulli,bernoulli,3,completed
rep09,start_B,7,poisson,-74.10779422090398,148.21558844180797,,bfgs,7,True,1.1669865074281916e-11,True,0.15694978101257231,bernoulli,bernoulli,3,completed
rep09,start_B,8,bernoulli,-46.835624711946316,93.67124942389263,,bfgs,6,False,9.849468876055312e-08,False,0.8916655084266217,bernoulli,bernoulli,3,completed
rep09,start_B,8,poisson,-72.69728153655925,145.3945630731185,,bfgs,10,True,3.767214096228599e-10,False,0.2650198939919301,bernoulli,bernoulli,3,completed
rep09,start_B,3,bernoulli,-47.9102769584243,95.8205539168486,,bfgs,7,False,6.143980053607834e-08,False,0.8278617548858505,bernoulli,bernoulli,4,completed
rep09,start_B,3,poisson,-74.42482333854157,148.84964667708314,,bfgs,13,False,4.434522864471546e-08,False,0.13042149776114081,bernoulli,bernoulli,4,completed
rep09,start_B,4,bernoulli,-46.07723198648694,92.15446397297389,,bfgs,9,True,7.904588095186682e-12,True,0.8077387990639843,bernoulli,bernoulli,4,completed
rep09,start_B,4,poisson,-73.88760802988227,147.77521605976455,,bfgs,14,True,1.5653979446028642e-09,False,0.1898937785913534,bernoulli,bernoulli,4,completed
rep09,start_B,5,bernoulli,-37.75901476316746,75.51802952633491,,bfgs,9,True,1.827189510805738e-10,False,1.7803090856280357,bernoulli,bernoulli,4,completed
rep09,start_B,5,poisson,-72.13274551209427,144.26549102418855,,bfgs,19,True,3.5777017792781863e-09,False,0.3020525066342531,bernoulli,bernoulli,4,completed
rep09,start_B,6,bernoulli,-44.2322638591307,88.4645277182614,,bfgs,8,True,2.1923129978063115e-12,True,0.9920023232085001,bernoulli,bernoulli,4,completed
rep09,start_B,6,poisson,-72.55898092160992,145.11796184321983,,bfgs,11,True,3.736841946988534e-10,False,0.2481439623307799,bernoulli,bernoulli,4,completed
rep09,start_B,7,bernoulli,-49.03597165810655,98.0719433162131,,bfgs,8,True,9.304557124778511e-13,True,0.6847387915119604,bernoulli,bernoulli,4,completed
rep09,start_B,7,poisson,-73.98276514653519,147.96553029307037,,bfgs,12,False,2.1499380409295553e-08,False,0.15595819098628577,bernoulli,bernoulli,4,completed
rep09,start_B,8,bernoulli,-45.737217414512585,91.47443482902517,,bfgs,9,True,7.595257756065621e-13,True,0.9623909242821922,bernoulli,bernoulli,4,completed
rep09,start_B,8,poisson,-72.77113678650025,145.5422735730005,,bfgs,12,True,1.2831814721891987e-09,False,0.24253110090322488,bernoulli,bernoulli,4,completed
rep09,start_B,3,bernoulli,-44.942447843348624,89.88489568669725,,bfgs,10,True,2.077786831478079e-11,True,1.090744456892684,bernoulli,bernoulli,5,completed
rep09,start_B,3,poisson,-73.684681101689,147.369362203378,,bfgs,13,True,1.9706902776306379e-10,False,0.20618498642182614,bernoulli,bernoulli,5,completed
rep09,start_B,4,bernoulli,-45.20500735766697,90.41001471533394,,bfgs,9,True,1.0670083705477395e-10,False,0.878322466262109,bernoulli,bernoulli,5,completed
rep09,start_B,4,poisson,-74.03003899429578,148.06007798859156,,bfgs,13,True,5.254184642922155e-09,False,0.1761857317494296,bernoulli,bernoulli,5,completed
rep09,start_B,5,bernoulli,-30.70483402474333,61.40966804948666,,bfgs,11,True,2.4551637944902893e-09,False,2.6272673343339688,bernoulli,bernoulli,5,completed
rep09,start_B,5,poisson,-70.0926286452566,140.1852572905132,,bfgs,23,False,2.8108155958328496e-08,False,0.40527883206594645,bernoulli,bernoulli,5,completed
rep09,start_B,6,bernoulli,-43.68942735202547,87.37885470405094,,bfgs,7,False,2.8944356060822686e-07,False,1.0102547572830318,bernoulli,bernoulli,5,completed
rep09,start_B,6,poisson,-71.96549259787506,143.9309851957501,,bfgs,14,True,2.4235113471604565e-09,False,0.2723935636089471,bernoulli,bernoulli,5,completed
rep09,start_B,7,bernoulli,-47.582301905499506,95.16460381099901,,bfgs,9,True,4.779223683470946e-11,True,0.8771596568204848,bernoulli,bernoulli,5,completed
rep09,start_B,7,poisson,-73.20226813796152,146.40453627592305,,bfgs,12,True,3.4418351724241346e-09,False,0.21868184625592837,bernoulli,bernoulli,5,completed
rep09,start_B,8,bernoulli,-48.67222553595084,97.34445107190167,,bfgs,10,True,7.075636077047421e-10,False,0.6556577501142019,bernoulli,bernoulli,5,completed
rep09,start_B,8,poisson,-72.91671203589587,145.83342407179174,,bfgs,8,False,2.719433341624722e-07,False,0.22851867960163316,bernoulli,bernoulli,5,completed
rep10,start_B,3,bernoulli,-50.81196258920509,101.62392517841018,,bfgs,3,True,1.303845920119784e-13,True,0.36142232097015187,bernoulli,bernoulli,1,completed
rep10,start_B,3,poisson,-74.59551469399571,149.19102938799142,,bfgs,4,True,2.3021584638627245e-13,True,0.10451193434143245,bernoulli,bernoulli,1,completed
rep10,start_B,4,bernoulli,-46.899193892964924,93.79838778592985,,bfgs,4,True,3.820633809326068e-11,True,0.8091362119950888,bernoulli,bernoulli,1,completed
rep10,start_B,4,poisson,-74.02367759686611,148.04735519373222,,bfgs,7,True,3.8370506771912005e-10,False,0.15770270885825674,bernoulli,bernoulli,1,completed
rep10,start_B,5,bernoulli,-51.975139841439066,103.95027968287813,,bfgs,3,True,1.1349008399719196e-09,False,0.034102488944012806,bernoulli,bernoulli,1,completed
rep10,start_B,5,poisson,-74.99811294490391,149.99622588980782,,bfgs,4,True,4.647584539441141e-11,True,0.007098390407739805,bernoulli,bernoulli,1,completed
rep10,start_B,6,bernoulli,-51.499996915919304,102.99999383183861,,bfgs,3,True,7.984279903894276e-12,True,0.22968030185322919,bernoulli,bernoulli,1,completed
rep10,start_B,6,poisson,-74.80245068951383,149.60490137902767,,bfgs,4,True,9.15795217437676e-14,True,0.07295474664376812,bernoulli,bernoulli,1,completed
rep10,start_B,7,bernoulli,-51.901139840135514,103.80227968027103,,bfgs,3,True,0.0,True,0.09530644633051616,bernoulli,bernoulli,1,completed
rep10,start_B,7,poisson,-74.9975027115099,149.9950054230198,,bfgs,5,True,1.3766765505351941e-15,True,0.00815409577211902,bernoulli,bernoulli,1,completed
rep10,start_B,8,bernoulli,-51.383699069094234,102.76739813818847,,bfgs,1,True,4.385028828934878e-09,False,0.25622041203861357,bernoulli,bernoulli,1,completed
rep10,start_B,8,poisson,-74.91571007594138,149.83142015188275,,bfgs,5,True,1.034727858950646e-14,True,0.04716600924463748,bernoulli,bernoulli,1,completed
rep10,start_B,3,bernoulli,-50.53166052563754,101.06332105127508,,bfgs,6,True,8.759215575082635e-12,True,0.44341458863924543,bernoulli,bernoulli,2,completed
rep10,start_B,3,poisson,-73.83033814079255,147.6606762815851,,bfgs,7,True,5.981923401066069e-10,False,0.19907715108699708,bernoulli,bernoulli,2,completed
rep10,start_B,4,bernoulli,-48.088970152335875,96.17794030467175,,bfgs,5,True,4.182987289880202e-13,True,0.6585659725646682,bernoulli,bernoulli,2,completed
rep10,start_B,4,poisson,-74.14946623092924,148.29893246185847,,bfgs,10,False,4.194286180592144e-08,False,0.1394109525476395,bernoulli,bernoulli,2,completed
rep10,start_B,5,bernoulli,-46.370151442090496,92.74030288418099,,bfgs,6,True,3.5595517200448514e-09,False,0.955993132701898,bernoulli,bernoulli,2,completed
rep10,start_B,5,poisson,-74.55630306414017,149.11260612828033,,bfgs,9,True,1.3219383351859016e-09,False,0.11372777183736316,bernoulli,bernoulli,2,completed
rep10,start_B,6,bernoulli,-47.99626230274046,95.99252460548092,,bfgs,6,False,1.548839030918181e-08,False,0.7060608884946568,bernoulli,bernoulli,2,completed
rep10,start_B,6,poisson,-74.47280033100466,148.94560066200933,,bfgs,10,True,6.938528640532126e-11,True,0.10957812914344035,bernoulli,bernoulli,2,completed
rep10,start_B,7,bernoulli,-50.93428718602509,101.86857437205018,,bfgs,5,True,8.047820188039622e-11,True,0.3759905989333999,bernoulli,bernoulli,2,completed
rep10,start_B,7,poisson,-74.9969251033323,149.9938502066646,,bfgs,7,True,5.646266787451282e-12,True,0.00890980523732655,bernoulli,bernoulli,2,completed
rep10,start_B,8,bernoulli,-50.72158449060585,101.4431689812117,,bfgs,6,True,3.3946179200938786e-12,True,0.40844824484118114,bernoulli,bernoulli,2,completed
rep10,start_B,8,poisson,-74.95822543876136,149.91645087752272,,bfgs,7,True,3.7055715787492895e-11,True,0.03112467477195531,bernoulli,bernoulli,2,completed
rep10,start_B,3,bernoulli,-44.09220994596495,88.1844198919299,,bfgs,7,True,3.0433700004550704e-11,True,1.2802584150208036,bernoulli,bernoulli,3,completed
rep10,start_B,3,poisson,-73.2858632401453,146.5717264802906,,bfgs,11,True,2.2873258842537327e-12,True,0.22248000600464718,bernoulli,bernoulli,3,completed
rep10,start_B,4,bernoulli,-47.17101801740493,94.34203603480987,,bfgs,7,True,9.752199048307375e-14,True,0.7199348184629846,bernoulli,bernoulli,3,completed
rep10,start_B,4,poisson,-73.7830752495511,147.5661504991022,,bfgs,12,True,3.154165817420562e-10,False,0.17285236861898645,bernoulli,bernoulli,3,completed
rep10,start_B,5,bernoulli,-43.07705821150515,86.1541164230103,,bfgs,6,False,1.4501807643618747e-08,False,1.2646286843881187,bernoulli,bernoulli,3,completed
rep10,start_B,5,poisson,-74.43976977618968,148.87953955237936,,bfgs,13,True,1.3907078155739328e-09,False,0.12055034911836385,bernoulli,bernoulli,3,completed
rep10,start_B,6,bernoulli,-44.17507272125145,88.3501454425029,,bfgs,8,True,3.5148772781212757e-12,True,1.1490374227898148,bernoulli,bernoulli,3,completed
rep10,start_B,6,poisson,-71.83574869149804,143.67149738299608,,bfgs,10,True,1.1889175588475353e-09,False,0.3516272484265953,bernoulli,bernoulli,3,completed
rep10,start_B,7,bernoulli,-49.85825513804298,99.71651027608596,,bfgs,7,True,9.764301545089892e-09,False,0.5562475855422668,bernoulli,bernoulli,3,completed
rep10,start_B,7,poisson,-74.91596254860454,149.83192509720908,,bfgs,10,True,9.10395758779714e-11,True,0.05993600117151887,bernoulli,bernoulli,3,completed
rep10,start_B,8,bernoulli,-48.61355830909629,97.22711661819258,,bfgs,8,True,4.088818172931497e-12,True,0.7386548101987147,bernoulli,bernoulli,3,completed
rep10,start_B,8,poisson,-74.95897093863088,149.91794187726177,,bfgs,11,True,7.312799477077192e-10,False,0.030716463907400633,bernoulli,bernoulli,3,completed
rep10,start_B,3,bernoulli,-45.97364594260062,91.94729188520124,,bfgs,8,True,2.0931665845047577e-10,False,1.0050288219481767,bernoulli,bernoulli,4,completed
rep10,start_B,3,poisson,-73.40222723835299,146.80445447670598,,bfgs,11,True,1.652088421622011e-09,False,0.22381472489264695,bernoulli,bernoulli,4,completed
rep10,start_B,4,bernoulli,-46.73625660298857,93.47251320597714,,bfgs,8,True,6.841123223466638e-11,True,0.7671390088196391,bernoulli,bernoulli,4,completed
rep10,start_B,4,poisson,-73.46951089339214,146.93902178678428,,bfgs,11,True,6.0039008431544975e-09,False,0.18981861698079647,bernoulli,bernoulli,4,completed
rep10,start_B,5,bernoulli,-44.37681035260463,88.75362070520926,,bfgs,8,True,2.3907154034219504e-12,True,1.085819637161752,bernoulli,bernoulli,4,completed
rep10,start_B,5,poisson,-74.44366119727893,148.88732239455786,,bfgs,11,False,1.2901904957729471e-07,False,0.1189477483717356,bernoulli,bernoulli,4,completed
rep10,start_B,6,bernoulli,-42.579788607066135,85.15957721413227,,bfgs,9,True,6.438209965153874e-11,True,1.2910454120994728,bernoulli,bernoulli,4,completed
rep10,start_B,6,poisson,-72.3030489109708,144.6060978219416,,bfgs,11,True,6.844689814933247e-10,False,0.30515169591270697,bernoulli,bernoulli,4,completed
rep10,start_B,7,bernoulli,-49.768170098834126,99.53634019766825,,bfgs,8,True,4.543697862402496e-10,False,0.5534071254574644,bernoulli,bernoulli,4,completed
rep10,start_B,7,poisson,-74.85265778679054,149.7053155735811,,bfgs,12,True,1.5878458103912862e-09,False,0.06963672825338596,bernoulli,bernoulli,4,completed
rep10,start_B,8,bernoulli,-49.794939795953425,99.58987959190685,,bfgs,8,True,2.7260682600172003e-11,True,0.5388737378143954,bernoulli,bernoulli,4,completed
rep10,start_B,8,poisson,-74.69619931690607,149.39239863381215,,bfgs,13,True,7.891358677625249e-11,True,0.099297151024691,bernoulli,bernoulli,4,completed
rep10,start_B,3,bernoulli,-42.82579819093094,85.65159638186188,,bfgs,9,True,3.351381394622876e-11,True,1.2169926479542343,bernoulli,bernoulli,5,completed
rep10,start_B,3,poisson,-73.29809115340272,146.59618230680545,,bfgs,14,True,1.5735559522056519e-10,False,0.20193393821378322,bernoulli,bernoulli,5,completed
rep10,start_B,4,bernoulli,-46.01317291629467,92.02634583258934,,bfgs,9,True,1.2922996006636822e-13,True,0.8805009960891736,bernoulli,bernoulli,5,completed
rep10,start_B,4,poisson,-73.23040949120372,146.46081898240743,,bfgs,15,False,2.0237552877944152e-08,False,0.21447677500823353,bernoulli,bernoulli,5,completed
rep10,start_B,5,bernoulli,-41.02688324892484,82.05376649784968,,bfgs,10,True,6.000365204705815e-11,True,1.3707007075592488,bernoulli,bernoulli,5,completed
rep10,start_B,5,poisson,-73.8767034475923,147.7534068951846,,bfgs,14,True,8.354331937354687e-09,False,0.17213548891085598,bernoulli,bernoulli,5,completed
rep10,start_B,6,bernoulli,-29.807301087809115,59.61460217561823,,bfgs,8,True,4.0481680230186613e-10,False,3.090537154558217,bernoulli,bernoulli,5,completed
rep10,start_B,6,poisson,-70.20377772341155,140.4075554468231,,bfgs,28,False,1.0002940586950615e-07,False,0.41623112734985745,bernoulli,bernoulli,5,completed
rep10,start_B,7,bernoulli,-48.94294980216908,97.88589960433816,,bfgs,10,True,1.9234893677833042e-10,False,0.706207959218856,bernoulli,bernoulli,5,completed
rep10,start_B,7,poisson,-74.65314881311994,149.30629762623988,,bfgs,14,True,3.431732009673283e-10,False,0.11011498217581057,bernoulli,bernoulli,5,completed
rep10,start_B,8,bernoulli,-48.53899993159921,97.07799986319841,,bfgs,10,True,3.2406730632317247e-10,False,0.7318006115188346,bernoulli,bernoulli,5,completed
rep10,start_B,8,poisson,-74.65864078870247,149.31728157740494,,bfgs,13,False,1.621646947835842e-08,False,0.10467175437381018,bernoulli,bernoulli,5,completed
rep11,start_B,3,bernoulli,-49.42049724546629,98.84099449093257,,bfgs,4,True,4.0807357493122253e-13,True,0.551152976971308,bernoulli,bernoulli,1,completed
rep11,start_B,3,poisson,-73.67284374273916,147.34568748547832,,bfgs,5,True,3.806732706834737e-13,True,0.18625296457639848,bernoulli,bernoulli,1,completed
rep11,start_B,4,bernoulli,-51.938081620955394,103.87616324191079,,bfgs,4,True,1.5099033134902129e-15,True,0.07159103773131259,bernoulli,bernoulli,1,completed
rep11,start_B,4,poisson,-74.77203410495612,149.54406820991224,,bfgs,4,True,7.112976874168453e-12,True,0.07789710274164413,bernoulli,bernoulli,1,completed
rep11,start_B,5,bernoulli,-51.89630876230619,103.79261752461238,,bfgs,3,True,2.4424906541753446e-16,True,0.09800903737079171,bernoulli,bernoulli,1,completed
rep11,start_B,5,poisson,-74.73204915616864,149.46409831233728,,bfgs,4,True,1.7763568394002506e-16,True,0.08442843004133826,bernoulli,bernoulli,1,completed
rep11,start_B,6,bernoulli,-51.938401255837995,103.87680251167599,,bfgs,4,True,7.993605777301127e-16,True,0.07135160170854703,bernoulli,bernoulli,1,completed
rep11,start_B,6,poisson,-74.93293114421658,149.86586228843316,,bfgs,4,True,1.871924837359984e-12,True,0.04229396843120856,bernoulli,bernoulli,1,completed
rep11,start_B,7,bernoulli,-51.65016470952187,103.30032941904373,,bfgs,4,True,2.3092638912203257e-15,True,0.1905628947764165,bernoulli,bernoulli,1,completed
rep11,start_B,7,poisson,-74.56857899119218,149.13715798238437,,bfgs,4,True,3.363986422755261e-10,False,0.1069962693755869,bernoulli,bernoulli,1,completed
rep11,start_B,8,bernoulli,-48.306530988001086,96.61306197600217,,bfgs,5,True,2.1316282072803005e-15,True,0.6754779243598779,bernoulli,bernoulli,1,completed
rep11,start_B,8,poisson,-73.31300709255865,146.6260141851173,,bfgs,6,True,1.426059270670521e-12,True,0.20933489357402854,bernoulli,bernoulli,1,completed
rep11,start_B,3,bernoulli,-45.53833408170683,91.07666816341366,,bfgs,6,True,1.2569056906386323e-12,True,0.9583762658449827,bernoulli,bernoulli,2,completed
rep11,start_B,3,poisson,-71.49319880904837,142.98639761809673,,bfgs,10,True,5.335305530707046e-11,True,0.3294446590693814,bernoulli,bernoulli,2,completed
rep11,start_B,4,bernoulli,-50.02635257194021,100.05270514388042,,bfgs,4,True,3.177951235500132e-11,True,0.5326901121014221,bernoulli,bernoulli,2,completed
rep11,start_B,4,poisson,-73.30100231423064,146.6020046284613,,bfgs,6,True,2.1316282072803005e-15,True,0.24134203509306784,bernoulli,bernoulli,2,completed
rep11,start_B,5,bernoulli,-51.80869940737978,103.61739881475955,,bfgs,5,True,1.9300117060083722e-13,True,0.15262962728688861,bernoulli,bernoulli,2,completed
rep11,start_B,5,poisson,-74.29990915304353,148.59981830608706,,bfgs,8,True,8.427425424173408e-14,True,0.15077075843620885,bernoulli,bernoulli,2,completed
rep11,start_B,6,bernoulli,-50.337839430109454,100.67567886021891,,bfgs,5,True,2.547269506436578e-10,False,0.48382901697668934,bernoulli,bernoulli,2,completed
rep11,start_B,6,poisson,-73.60472972601025,147.2094594520205,,bfgs,5,True,3.543146144535658e-10,False,0.22089083131916565,bernoulli,bernoulli,2,completed
rep11,start_B,7,bernoulli,-48.439325141893676,96.87865028378735,,bfgs,5,True,7.527445333721516e-11,True,0.7123943549404388,bernoulli,bernoulli,2,completed
rep11,start_B,7,poisson,-74.32850098330339,148.65700196660677,,bfgs,8,True,9.273076795324187e-09,False,0.12237432445876126,bernoulli,bernoulli,2,completed
rep11,start_B,8,bernoulli,-48.10860467339525,96.2172093467905,,bfgs,5,True,8.051337374581635e-13,True,0.6413972914506287,bernoulli,bernoulli,2,completed
rep11,start_B,8,poisson,-73.3167898770267,146.6335797540534,,bfgs,11,True,7.030509507899296e-11,True,0.19543890571002556,bernoulli,bernoulli,2,completed
rep11,start_B,3,bernoulli,-45.04746808065043,90.09493616130086,,bfgs,8,True,1.2322853848445447e-11,True,1.0159630803858584,bernoulli,bernoulli,3,completed
rep11,start_B,3,poisson,-71.43675755796176,142.8735151159235,,bfgs,9,True,2.897884510133508e-09,False,0.32826485959926377,bernoulli,bernoulli,3,completed
rep11,start_B,4,bernoulli,-46.027808487285924,92.05561697457185,,bfgs,7,True,6.661649010197834e-11,True,0.9854909374589805,bernoulli,bernoulli,3,completed
rep11,start_B,4,poisson,-72.48943473652756,144.9788694730551,,bfgs,10,False,3.7314789924636216e-08,False,0.2814525810590486,bernoulli,bernoulli,3,completed
rep11,start_B,5,bernoulli,-50.08044908601904,100.16089817203807,,bfgs,5,False,1.0657078357567684e-07,False,0.5203661537986259,bernoulli,bernoulli,3,completed
rep11,start_B,5,poisson,-73.6992485189626,147.3984970379252,,bfgs,9,True,1.3439717394536643e-10,False,0.20558399672095923,bernoulli,bernoulli,3,completed
rep11,start_B,6,bernoulli,-42.93319188166828,85.86638376333656,,bfgs,7,True,1.6662774271480885e-09,False,1.2858404235696728,bernoulli,bernoulli,3,completed
rep11,start_B,6,poisson,-71.99063863827664,143.98127727655327,,bfgs,10,True,1.2888574540959042e-09,False,0.3192085861303137,bernoulli,bernoulli,3,completed
rep11,start_B,7,bernoulli,-48.34928957548338,96.69857915096676,,bfgs,7,True,6.9947159175853816e-12,True,0.7338424518463287,bernoulli,bernoulli,3,completed
rep11,start_B,7,poisson,-74.43844582279353,148.87689164558705,,bfgs,11,True,8.716217081428113e-10,False,0.11260398338225613,bernoulli,bernoulli,3,completed
rep11,start_B,8,bernoulli,-48.13467601709306,96.26935203418611,,bfgs,9,True,1.156497120291533e-12,True,0.6207946385037257,bernoulli,bernoulli,3,completed
rep11,start_B,8,poisson,-73.31410490416754,146.62820980833507,,bfgs,11,True,1.7565682242093317e-11,True,0.186248655500665,bernoulli,bernoulli,3,completed
rep11,start_B,3,bernoulli,-44.3392725934912,88.6785451869824,,bfgs,8,True,6.2596150485205724e-12,True,1.0020744797092442,bernoulli,bernoulli,4,completed
rep11,start_B,3,poisson,-70.55345598274546,141.10691196549092,,bfgs,12,True,7.945941149500868e-09,False,0.37274546018862126,bernoulli,bernoulli,4,completed
rep11,start_B,4,bernoulli,-47.5886422113788,95.1772844227576,,bfgs,8,True,1.1916669873102136e-10,False,0.7587260686223523,bernoulli,bernoulli,4,completed
rep11,start_B,4,poisson,-72.69465179321381,145.38930358642762,,bfgs,13,True,5.6134563664045346e-11,True,0.25827602081491374,bernoulli,bernoulli,4,completed
rep11,start_B,5,bernoulli,-49.77948773668272,99.55897547336544,,bfgs,8,True,5.127315372277508e-09,False,0.5247581854417396,bernoulli,bernoulli,4,completed
rep11,start_B,5,poisson,-72.9022603290765,145.804520658153,,bfgs,10,True,2.682476463178318e-12,True,0.2708615606161535,bernoulli,bernoulli,4,completed
rep11,start_B,6,bernoulli,-41.914174911115396,83.82834982223079,,bfgs,8,True,1.6694890137003426e-09,False,1.2696756443543524,bernoulli,bernoulli,4,completed
rep11,start_B,6,poisson,-71.43598180929482,142.87196361858963,,bfgs,9,False,3.526325249580964e-08,False,0.3292518430504493,bernoulli,bernoulli,4,completed
rep11,start_B,7,bernoulli,-42.31903136254178,84.63806272508356,,bfgs,7,False,1.9311503418606434e-08,False,1.5003964779984846,bernoulli,bernoulli,4,completed
rep11,start_B,7,poisson,-71.6521545075595,143.304309015119,,bfgs,11,False,1.1982352461359368e-07,False,0.3823662266698384,bernoulli,bernoulli,4,completed
rep11,start_B,8,bernoulli,-47.259288553543854,94.51857710708771,,bfgs,8,True,3.823700467364688e-10,False,0.734317555696863,bernoulli,bernoulli,4,completed
rep11,start_B,8,poisson,-72.54577492289783,145.09154984579567,,bfgs,10,True,3.750667332269586e-09,False,0.27783007054460557,bernoulli,bernoulli,4,completed
rep11,start_B,3,bernoulli,-41.948407912355506,83.89681582471101,,bfgs,10,False,1.5855734192271596e-08,False,1.225887023185106,bernoulli,bernoulli,5,completed
rep11,start_B,3,poisson,-70.29226031515107,140.58452063030214,,bfgs,12,True,5.520492951660572e-09,False,0.3517521312701684,bernoulli,bernoulli,5,completed
rep11,start_B,4,bernoulli,-46.90654508852629,93.81309017705259,,bfgs,9,True,2.88737078690815e-10,False,0.8194891017713903,bernoulli,bernoulli,5,completed
rep11,start_B,4,poisson,-72.35186400814545,144.7037280162909,,bfgs,14,True,6.3056748711431965e-09,False,0.26572840078187776,bernoulli,bernoulli,5,completed
rep11,start_B,5,bernoulli,-50.037015357419705,100.07403071483941,,bfgs,10,True,4.411108367463612e-09,False,0.5194468134156764,bernoulli,bernoulli,5,completed
rep11,start_B,5,poisson,-73.37229040597236,146.74458081194473,,bfgs,11,True,1.1334354566017169e-10,False,0.22878133702604395,bernoulli,bernoulli,5,completed
rep11,start_B,6,bernoulli,-42.04715635957227,84.09431271914454,,bfgs,8,False,2.5619925048125937e-08,False,1.2435562170521701,bernoulli,bernoulli,5,completed
rep11,start_B,6,poisson,-71.91662936372816,143.83325872745633,,bfgs,12,True,1.0854053350550785e-09,False,0.29032417501451735,bernoulli,bernoulli,5,completed
rep11,start_B,7,bernoulli,-38.49870193693371,76.99740387386743,,bfgs,9,True,2.9144850088869133e-09,False,1.9609140981962032,bernoulli,bernoulli,5,completed
rep11,start_B,7,poisson,-71.0531436328874,142.1062872657748,,bfgs,16,True,6.345642233895888e-10,False,0.3891623831039598,bernoulli,bernoulli,5,completed
rep11,start_B,8,bernoulli,-44.1335429371493,88.2670858742986,,bfgs,10,True,4.833822231375961e-12,True,1.1197830648011338,bernoulli,bernoulli,5,completed
rep11,start_B,8,poisson,-72.08606952655832,144.17213905311664,,bfgs,14,True,4.6735567416078535e-09,False,0.27123023429401827,bernoulli,bernoulli,5,completed
rep12,start_B,3,bernoulli,-51.826420457487146,103.65284091497429,,bfgs,3,True,7.159073334150889e-12,True,0.13087258033792687,bernoulli,bernoulli,1,completed
rep12,start_B,3,poisson,-74.95215170393688,149.90430340787375,,bfgs,5,True,1.0658141036401502e-15,True,0.03592767242616045,bernoulli,bernoulli,1,completed
rep12,start_B,4,bernoulli,-50.95052646573867,101.90105293147734,,bfgs,4,True,1.3322676295501878e-15,True,0.3388555710692785,bernoulli,bernoulli,1,completed
rep12,start_B,4,poisson,-74.12918732915986,148.25837465831972,,bfgs,4,True,3.739231146937527e-13,True,0.1553160594720536,bernoulli,bernoulli,1,completed
rep12,start_B,5,bernoulli,-48.73434950051004,97.46869900102008,,bfgs,3,True,1.410427330483799e-13,True,0.6263413856878424,bernoulli,bernoulli,1,completed
rep12,start_B,5,poisson,-73.25968208527217,146.51936417054435,,bfgs,4,True,2.173952129425061e-11,True,0.2203086302589039,bernoulli,bernoulli,1,completed
rep12,start_B,6,bernoulli,-51.92804323619232,103.85608647238465,,bfgs,4,True,1.7763568394002506e-16,True,0.07873729094467395,bernoulli,bernoulli,1,completed
rep12,start_B,6,poisson,-74.91091311530285,149.8218262306057,,bfgs,5,True,3.222860422980034e-10,False,0.04911730021901154,bernoulli,bernoulli,1,completed
rep12,start_B,7,bernoulli,-49.688074005573256,99.37614801114651,,bfgs,4,True,3.0198066269804257e-15,True,0.5170010959745982,bernoulli,bernoulli,1,completed
rep12,start_B,7,poisson,-74.89246122445212,149.78492244890424,,bfgs,6,False,2.1317373199991607e-08,False,0.05301595041221739,bernoulli,bernoulli,1,completed
rep12,start_B,8,bernoulli,-45.532912517146826,91.06582503429365,,bfgs,4,True,2.661021403227437e-11,True,0.9396529124554847,bernoulli,bernoulli,1,completed
rep12,start_B,8,poisson,-72.23263852439669,144.46527704879338,,bfgs,5,False,1.4266652925698508e-08,False,0.27801578816283806,bernoulli,bernoulli,1,completed
rep12,start_B,3,bernoulli,-51.825076427477164,103.65015285495433,,bfgs,6,True,2.8321434086819862e-11,True,0.12904654692794187,bernoulli,bernoulli,2,completed
rep12,start_B,3,poisson,-74.84470162894573,149.68940325789146,,bfgs,6,True,2.3435475782207504e-11,True,0.06426139126764087,bernoulli,bernoulli,2,completed
rep12,start_B,4,bernoulli,-50.763055526348296,101.52611105269659,,bfgs,7,True,4.052402857723792e-12,True,0.36632955335043665,bernoulli,bernoulli,2,completed
rep12,start_B,4,poisson,-73.73895708721231,147.47791417442463,,bfgs,6,True,1.9966250874858816e-13,True,0.18289577394773873,bernoulli,bernoulli,2,completed
rep12,start_B,5,bernoulli,-48.48407439124636,96.96814878249272,,bfgs,5,True,5.861878094037821e-10,False,0.6519856023518732,bernoulli,bernoulli,2,completed
rep12,start_B,5,poisson,-72.82589608714314,145.65179217428627,,bfgs,5,True,8.18270962099632e-10,False,0.24096324094802204,bernoulli,bernoulli,2,completed
rep12,start_B,6,bernoulli,-51.66843869015256,103.33687738030513,,bfgs,5,True,8.665290707199347e-11,True,0.18513842990869253,bernoulli,bernoulli,2,completed
rep12,start_B,6,poisson,-74.9043449905723,149.8086899811446,,bfgs,6,True,4.11733545035986e-09,False,0.05002801412609263,bernoulli,bernoulli,2,completed
rep12,start_B,7,bernoulli,-46.26853634071426,92.53707268142853,,bfgs,6,True,2.1946888750790094e-13,True,0.8931697774569547,bernoulli,bernoulli,2,completed
rep12,start_B,7,poisson,-74.63163478794672,149.26326957589345,,bfgs,10,True,4.4932946252629333e-13,True,0.09908629233667743,bernoulli,bernoulli,2,completed
rep12,start_B,8,bernoulli,-45.72816041490355,91.4563208298071,,bfgs,5,True,1.2385381609192337e-11,True,0.9248364202634966,bernoulli,bernoulli,2,completed
rep12,start_B,8,poisson,-71.99608371467433,143.99216742934865,,bfgs,9,False,3.0504096149019946e-08,False,0.2846764374457372,bernoulli,bernoulli,2,completed
rep12,start_B,3,bernoulli,-51.652691560248954,103.30538312049791,,bfgs,5,True,2.542204224909028e-11,True,0.19214306956047056,bernoulli,bernoulli,3,completed
rep12,start_B,3,poisson,-74.43371823207637,148.86743646415275,,bfgs,8,True,1.3887557770431157e-12,True,0.13179672423023941,bernoulli,bernoulli,3,completed
rep12,start_B,4,bernoulli,-44.41661653088713,88.83323306177427,,bfgs,7,True,6.86925627491064e-11,True,1.0685196613400727,bernoulli,bernoulli,3,completed
rep12,start_B,4,poisson,-72.17655351689288,144.35310703378576,,bfgs,10,True,8.230109926898877e-11,True,0.27518666296853156,bernoulli,bernoulli,3,completed
rep12,start_B,5,bernoulli,-48.6161623031137,97.2323246062274,,bfgs,8,False,4.048427237890451e-08,False,0.610695227981523,bernoulli,bernoulli,3,completed
rep12,start_B,5,poisson,-72.4016302545492,144.8032605090984,,bfgs,8,True,3.481126498172671e-12,True,0.2688001624476894,bernoulli,bernoulli,3,completed
rep12,start_B,6,bernoulli,-47.290921534300615,94.58184306860123,,bfgs,7,True,9.486855745421963e-15,True,0.8428414586109485,bernoulli,bernoulli,3,completed
rep12,start_B,6,poisson,-74.17667847464604,148.35335694929208,,bfgs,11,True,1.8218783703893847e-10,False,0.15278451787179703,bernoulli,bernoulli,3,completed
rep12,start_B,7,bernoulli,-45.926155199087,91.852310398174,,bfgs,7,True,6.998936541435796e-10,False,0.9005947314255244,bernoulli,bernoulli,3,completed
rep12,start_B,7,poisson,-74.2962138414603,148.5924276829206,,bfgs,11,True,9.135607825783154e-11,True,0.14414877584928223,bernoulli,bernoulli,3,completed
rep12,start_B,8,bernoulli,-44.173447436910024,88.34689487382005,,bfgs,6,True,5.307209782756672e-10,False,1.0361475044200554,bernoulli,bernoulli,3,completed
rep12,start_B,8,poisson,-70.24922311870314,140.49844623740628,,bfgs,10,True,1.1146106260184751e-11,True,0.37559895623941353,bernoulli,bernoulli,3,completed
rep12,start_B,3,bernoulli,-51.34374304922189,102.68748609844378,,bfgs,8,True,1.0944178896465927e-11,True,0.2678129952383689,bernoulli,bernoulli,4,completed
rep12,start_B,3,poisson,-74.17787202143896,148.35574404287792,,bfgs,9,True,7.279510327862227e-13,True,0.15371591608242832,bernoulli,bernoulli,4,completed
rep12,start_B,4,bernoulli,-44.11113259801664,88.22226519603328,,bfgs,9,True,4.370104278450526e-12,True,1.1086362770812626,bernoulli,bernoulli,4,completed
rep12,start_B,4,poisson,-73.07047065511634,146.14094131023268,,bfgs,11,True,3.8058988849343224e-09,False,0.21677539893993764,bernoulli,bernoulli,4,completed
rep12,start_B,5,bernoulli,-47.26483921275553,94.52967842551107,,bfgs,9,True,4.655633656369673e-11,True,0.7009115223764805,bernoulli,bernoulli,4,completed
rep12,start_B,5,poisson,-72.33532377364216,144.67064754728432,,bfgs,9,True,2.1614771306133206e-09,False,0.25079220054322676,bernoulli,bernoulli,4,completed
rep12,start_B,6,bernoulli,-47.3976845740405,94.795369148081,,bfgs,9,True,1.4924950164640905e-12,True,0.857240544388463,bernoulli,bernoulli,4,completed
rep12,start_B,6,poisson,-74.4604873104718,148.9209746209436,,bfgs,13,True,3.8973269056441496e-13,True,0.13946362858643244,bernoulli,bernoulli,4,completed
rep12,start_B,7,bernoulli,-43.00075425633337,86.00150851266675,,bfgs,8,True,7.680467151160997e-10,False,1.1865163800818477,bernoulli,bernoulli,4,completed
rep12,start_B,7,poisson,-73.19556347671303,146.39112695342607,,bfgs,13,True,8.943709772779584e-10,False,0.23227639133986241,bernoulli,bernoulli,4,completed
rep12,start_B,8,bernoulli,-43.91518013286657,87.83036026573313,,bfgs,9,True,2.465387005656794e-10,False,1.0273358809180966,bernoulli,bernoulli,4,completed
rep12,start_B,8,poisson,-70.62102504470306,141.24205008940612,,bfgs,11,True,1.2907348523327756e-10,False,0.33934108792860296,bernoulli,bernoulli,4,completed
rep12,start_B,3,bernoulli,-50.578022444291854,101.15604488858371,,bfgs,11,True,1.1247620612664377e-10,False,0.4162530547615838,bernoulli,bernoulli,5,completed
rep12,start_B,3,poisson,-74.33142827557411,148.66285655114822,,bfgs,12,True,9.366836195567884e-11,True,0.13159270662907335,bernoulli,bernoulli,5,completed
rep12,start_B,4,bernoulli,-42.73910191343681,85.47820382687362,,bfgs,9,True,8.099814152728868e-11,True,1.211939267816986,bernoulli,bernoulli,5,completed
rep12,start_B,4,poisson,-72.42607249442771,144.85214498885543,,bfgs,12,True,1.780851022203933e-10,False,0.25026252055646725,bernoulli,bernoulli,5,completed
rep12,start_B,5,bernoulli,-48.06381675048254,96.12763350096508,,bfgs,11,True,3.908890988668645e-11,True,0.6712877138600326,bernoulli,bernoulli,5,completed
rep12,start_B,5,poisson,-72.92155869503307,145.84311739006614,,bfgs,11,True,1.8588770522853792e-09,False,0.22349834089342313,bernoulli,bernoulli,5,completed
rep12,start_B,6,bernoulli,-40.63577154396949,81.27154308793898,,bfgs,10,True,1.5420442700531112e-12,True,1.6475922840978028,bernoulli,bernoulli,5,completed
rep12,start_B,6,poisson,-72.43506024569498,144.87012049138997,,bfgs,14,True,4.664338248971945e-10,False,0.3025817805928242,bernoulli,bernoulli,5,completed
rep12,start_B,7,bernoulli,-46.20932359272932,92.41864718545864,,bfgs,9,False,4.921561735926616e-08,False,0.8136752973513078,bernoulli,bernoulli,5,completed
rep12,start_B,7,poisson,-73.90493330031234,147.80986660062467,,bfgs,14,True,1.1389271747930252e-10,False,0.1694197172763554,bernoulli,bernoulli,5,completed
rep12,start_B,8,bernoulli,-41.77938089692411,83.55876179384822,,bfgs,9,True,1.7406245333972947e-10,False,1.340315165635457,bernoulli,bernoulli,5,completed
rep12,start_B,8,poisson,-70.98670156969986,141.97340313939972,,bfgs,12,True,1.7651508255056569e-09,False,0.3287570218339925,bernoulli,bernoulli,5,completed
rep13,start_B,3,bernoulli,-49.427630909730375,98.85526181946075,,bfgs,3,True,4.375610984652667e-13,True,0.5498515077521301,bernoulli,bernoulli,1,completed
rep13,start_B,3,poisson,-73.62361208840883,147.24722417681767,,bfgs,5,True,7.260858581048524e-15,True,0.19236205314227048,bernoulli,bernoulli,1,completed
rep13,start_B,4,bernoulli,-51.18316313511026,102.36632627022053,,bfgs,4,True,3.2862601528904635e-15,True,0.29732868097263776,bernoulli,bernoulli,1,completed
rep13,start_B,4,poisson,-74.3098897692325,148.619779538465,,bfgs,5,True,3.1308289294429414e-15,True,0.1364315819699338,bernoulli,bernoulli,1,completed
rep13,start_B,5,bernoulli,-50.546540885548474,101.09308177109695,,bfgs,5,True,8.437694987151189e-16,True,0.4032185692505418,bernoulli,bernoulli,1,completed
rep13,start_B,5,poisson,-74.03933299646475,148.0786659929295,,bfgs,5,True,4.440892098500626e-15,True,0.16090022261844308,bernoulli,bernoulli,1,completed
rep13,start_B,6,bernoulli,-51.950675973626076,103.90135194725215,,bfgs,4,True,1.5321077739827161e-15,True,0.06145944061070661,bernoulli,bernoulli,1,completed
rep13,start_B,6,poisson,-74.91687593802332,149.83375187604665,,bfgs,4,True,1.1296796831317124e-12,True,0.04724682465890763,bernoulli,bernoulli,1,completed
rep13,start_B,7,bernoulli,-49.77701559756282,99.55403119512565,,bfgs,4,True,3.552713678800501e-16,True,0.50731263902927,bernoulli,bernoulli,1,completed
rep13,start_B,7,poisson,-73.74787193770563,147.49574387541125,,bfgs,5,True,5.062616992290714e-15,True,0.1835487582326615,bernoulli,bernoulli,1,completed
rep13,start_B,8,bernoulli,-51.27633346392609,102.55266692785219,,bfgs,5,True,3.552713678800501e-16,True,0.2790277809623429,bernoulli,bernoulli,1,completed
rep13,start_B,8,poisson,-74.99859528477346,149.99719056954692,,bfgs,5,True,1.0746958878371515e-14,True,0.006116877437461458,bernoulli,bernoulli,1,completed
rep13,start_B,3,bernoulli,-39.19285305032954,78.38570610065908,,bfgs,5,True,3.875268772546292e-10,False,1.570606307799195,bernoulli,bernoulli,2,completed
rep13,start_B,3,poisson,-71.99043032147343,143.98086064294685,,bfgs,9,True,7.746945973607922e-09,False,0.28597662084508385,bernoulli,bernoulli,2,completed
rep13,start_B,4,bernoulli,-41.578096256079974,83.15619251215995,,bfgs,6,True,3.116174873696309e-10,False,1.3600777249001106,bernoulli,bernoulli,2,completed
rep13,start_B,4,poisson,-72.64450373431312,145.28900746862624,,bfgs,10,True,1.8349766151004587e-13,True,0.25822788644788963,bernoulli,bernoulli,2,completed
rep13,start_B,5,bernoulli,-50.0097730900142,100.0195461800284,,bfgs,4,True,2.4355628625016833e-12,True,0.46071948868460993,bernoulli,bernoulli,2,completed
rep13,start_B,5,poisson,-73.87041047695159,147.74082095390318,,bfgs,7,True,7.112532784958602e-13,True,0.1676782782606549,bernoulli,bernoulli,2,completed
rep13,start_B,6,bernoulli,-46.39285832266942,92.78571664533884,,bfgs,6,True,8.639311488423119e-13,True,0.9117149374604445,bernoulli,bernoulli,2,completed
rep13,start_B,6,poisson,-73.45220422317462,146.90440844634924,,bfgs,9,True,2.2716253322840884e-10,False,0.20799019880481476,bernoulli,bernoulli,2,completed
rep13,start_B,7,bernoulli,-49.31340898503929,98.62681797007858,,bfgs,5,True,6.819491638054842e-11,True,0.5369507423050549,bernoulli,bernoulli,2,completed
rep13,start_B,7,poisson,-73.61629044768478,147.23258089536955,,bfgs,8,True,3.526276937115824e-10,False,0.18470421132486212,bernoulli,bernoulli,2,completed
rep13,start_B,8,bernoulli,-50.591219562555146,101.18243912511029,,bfgs,5,True,2.6645352591003757e-15,True,0.38453532720456757,bernoulli,bernoulli,2,completed
rep13,start_B,8,poisson,-74.94521632317449,149.89043264634898,,bfgs,6,True,5.930684415789145e-11,True,0.03828784207482514,bernoulli,bernoulli,2,completed
rep13,start_B,3,bernoulli,-38.70994310461737,77.41988620923475,,bfgs,7,True,3.5144864796166074e-11,True,1.5112280109985505,bernoulli,bernoulli,3,completed
rep13,start_B,3,poisson,-71.28230774054475,142.5646154810895,,bfgs,11,True,1.4133894055134988e-10,False,0.31099163403976277,bernoulli,bernoulli,3,completed
rep13,start_B,4,bernoulli,-39.116882156040276,78.23376431208055,,bfgs,7,True,1.4244161405940758e-12,True,1.502702575938867,bernoulli,bernoulli,3,completed
rep13,start_B,4,poisson,-71.69010029289122,143.38020058578243,,bfgs,12,False,1.2262915638494575e-08,False,0.29836228389378056,bernoulli,bernoulli,3,completed
rep13,start_B,5,bernoulli,-48.10624933029128,96.21249866058255,,bfgs,6,True,2.1920190107493908e-10,False,0.7185521970977922,bernoulli,bernoulli,3,completed
rep13,start_B,5,poisson,-73.08368041679726,146.16736083359453,,bfgs,11,True,1.0005582140593105e-09,False,0.23359770819630693,bernoulli,bernoulli,3,completed
rep13,start_B,6,bernoulli,-46.895372617395445,93.79074523479089,,bfgs,7,True,3.9363783344015245e-10,False,0.8160221492813354,bernoulli,bernoulli,3,completed
rep13,start_B,6,poisson,-73.43482581118536,146.86965162237072,,bfgs,10,True,8.619876701310148e-10,False,0.20439306416992992,bernoulli,bernoulli,3,completed
rep13,start_B,7,bernoulli,-49.74398405118604,99.48796810237208,,bfgs,6,False,1.0624374304768481e-07,False,0.47622623385351137,bernoulli,bernoulli,3,completed
rep13,start_B,7,poisson,-73.83591201329523,147.67182402659046,,bfgs,7,False,7.172586653503288e-08,False,0.1612913947386733,bernoulli,bernoulli,3,completed
rep13,start_B,8,bernoulli,-50.22169186730791,100.44338373461582,,bfgs,7,True,2.035236423836295e-11,True,0.4154451040800995,bernoulli,bernoulli,3,completed
rep13,start_B,8,poisson,-74.75877356392206,149.51754712784413,,bfgs,10,True,3.222708905292748e-12,True,0.08492814132656631,bernoulli,bernoulli,3,completed
rep13,start_B,3,bernoulli,-39.018744509867,78.037489019734,,bfgs,8,True,2.673206100922698e-12,True,1.4532862194509584,bernoulli,bernoulli,4,completed
rep13,start_B,3,poisson,-71.73058704941468,143.46117409882936,,bfgs,15,True,6.150164821860926e-11,True,0.2797791920019603,bernoulli,bernoulli,4,completed
rep13,start_B,4,bernoulli,-41.03410472655918,82.06820945311836,,bfgs,9,True,2.4015225363882566e-10,False,1.2801005625135202,bernoulli,bernoulli,4,completed
rep13,start_B,4,poisson,-72.43559588124671,144.87119176249342,,bfgs,15,True,1.982433772695913e-10,False,0.25021707125436027,bernoulli,bernoulli,4,completed
rep13,start_B,5,bernoulli,-45.04525804738835,90.0905160947767,,bfgs,9,True,2.0781725229568336e-10,False,1.1173360944511097,bernoulli,bernoulli,4,completed
rep13,start_B,5,poisson,-72.18102277348194,144.36204554696388,,bfgs,12,True,1.7226320814245355e-09,False,0.30266885503847235,bernoulli,bernoulli,4,completed
rep13,start_B,6,bernoulli,-46.452378169965336,92.90475633993067,,bfgs,8,True,1.0745391243460745e-10,False,0.8330596208589578,bernoulli,bernoulli,4,completed
rep13,start_B,6,poisson,-73.00195080915191,146.00390161830381,,bfgs,11,False,1.2343590483077094e-08,False,0.22943504022205913,bernoulli,bernoulli,4,completed
rep13,start_B,7,bernoulli,-49.39076507555192,98.78153015110384,,bfgs,8,True,5.950212367267227e-09,False,0.5000063268483366,bernoulli,bernoulli,4,completed
rep13,start_B,7,poisson,-73.73040758539075,147.4608151707815,,bfgs,9,True,9.981775350720312e-09,False,0.16069852586972896,bernoulli,bernoulli,4,completed
rep13,start_B,8,bernoulli,-45.70569831963401,91.41139663926802,,bfgs,7,False,6.120695461575565e-08,False,1.0970047897326465,bernoulli,bernoulli,4,completed
rep13,start_B,8,poisson,-73.51746752950552,147.03493505901105,,bfgs,12,True,6.913141170628023e-10,False,0.24484009459365216,bernoulli,bernoulli,4,completed
rep13,start_B,3,bernoulli,-33.06085070075719,66.12170140151439,,bfgs,11,True,8.792744310426315e-13,True,2.132602413894677,bernoulli,bernoulli,5,completed
rep13,start_B,3,poisson,-69.85075893246592,139.70151786493184,,bfgs,19,False,9.110112682009231e-08,False,0.37952781798947954,bernoulli,bernoulli,5,completed
rep13,start_B,4,bernoulli,-39.23883846298396,78.47767692596793,,bfgs,12,True,1.2018741557540124e-11,True,1.4798854911090462,bernoulli,bernoulli,5,completed
rep13,start_B,4,poisson,-71.62700090488315,143.2540018097663,,bfgs,16,True,5.872049957389436e-10,False,0.29149400636653483,bernoulli,bernoulli,5,completed
rep13,start_B,5,bernoulli,-44.3929784098356,88.7859568196712,,bfgs,9,True,1.7995915868596056e-11,True,1.181033420576502,bernoulli,bernoulli,5,completed
rep13,start_B,5,poisson,-71.41729796682625,142.8345959336525,,bfgs,12,True,2.042206403984892e-11,True,0.3334016778213198,bernoulli,bernoulli,5,completed
rep13,start_B,6,bernoulli,-45.97433113069278,91.94866226138556,,bfgs,11,True,4.317785240459671e-10,False,0.8464656214107079,bernoulli,bernoulli,5,completed
rep13,start_B,6,poisson,-72.62360848050132,145.24721696100264,,bfgs,14,False,3.256336569279483e-08,False,0.23911504201509756,bernoulli,bernoulli,5,completed
rep13,start_B,7,bernoulli,-49.10787825217869,98.21575650435739,,bfgs,9,True,3.0611069234964814e-13,True,0.5236549450834339,bernoulli,bernoulli,5,completed
rep13,start_B,7,poisson,-73.22103242765107,146.44206485530214,,bfgs,11,False,2.3391035600672793e-07,False,0.1933602250745891,bernoulli,bernoulli,5,completed
rep13,start_B,8,bernoulli,-42.99617482965219,85.99234965930438,,bfgs,11,True,1.0641303394010038e-09,False,1.3745417942769143,bernoulli,bernoulli,5,completed
rep13,start_B,8,poisson,-72.96528295828145,145.9305659165629,,bfgs,13,True,2.915103214373715e-10,False,0.27990766254666644,bernoulli,bernoulli,5,completed
rep14,start_B,3,bernoulli,-45.669550617956574,91.33910123591315,,bfgs,4,True,7.993605777301127e-16,True,0.9480370664821504,bernoulli,bernoulli,1,completed
rep14,start_B,3,poisson,-72.45252365398645,144.9050473079729,,bfgs,7,True,1.2434497875801752e-15,True,0.25758726877644894,bernoulli,bernoulli,1,completed
rep14,start_B,4,bernoulli,-51.55852243177513,103.11704486355026,,bfgs,4,True,5.620970355835197e-12,True,0.21558604374608703,bernoulli,bernoulli,1,completed
rep14,start_B,4,poisson,-74.47330312993918,148.94660625987837,,bfgs,4,True,4.1602077338609435e-11,True,0.11871132534589318,bernoulli,bernoulli,1,completed
rep14,start_B,5,bernoulli,-46.912923891857325,93.82584778371465,,bfgs,5,True,8.267466711231463e-11,True,0.8252518785333213,bernoulli,bernoulli,1,completed
rep14,start_B,5,poisson,-72.80181147297978,145.60362294595956,,bfgs,7,True,7.483791364393255e-13,True,0.23991269592190526,bernoulli,bernoulli,1,completed
rep14,start_B,6,bernoulli,-50.25713183582622,100.51426367165244,,bfgs,4,True,1.7459145240650286e-12,True,0.44635110476045464,bernoulli,bernoulli,1,completed
rep14,start_B,6,poisson,-73.89950724573791,147.79901449147582,,bfgs,5,True,6.217248937900876e-16,True,0.17106549119811004,bernoulli,bernoulli,1,completed
rep14,start_B,7,bernoulli,-49.06151511615057,98.12303023230113,,bfgs,2,True,3.299014394997357e-10,False,0.5964189294878274,bernoulli,bernoulli,1,completed
rep14,start_B,7,poisson,-73.47174366955383,146.94348733910766,,bfgs,4,False,3.550183723000089e-07,False,0.2010167684125289,bernoulli,bernoulli,1,completed
rep14,start_B,8,bernoulli,-51.80793778725065,103.6158755745013,,bfgs,4,True,3.1241675912951905e-12,True,0.13837780744486328,bernoulli,bernoulli,1,completed
rep14,start_B,8,poisson,-74.62746887733762,149.25493775467524,,bfgs,4,True,1.1298517677005292e-12,True,0.09989055229651778,bernoulli,bernoulli,1,completed
rep14,start_B,3,bernoulli,-43.32997307673279,86.65994615346558,,bfgs,5,True,2.3380142266660187e-11,True,1.1270791669625433,bernoulli,bernoulli,2,completed
rep14,start_B,3,poisson,-71.97887463685097,143.95774927370195,,bfgs,9,True,7.247699329582247e-10,False,0.2653177997143052,bernoulli,bernoulli,2,completed
rep14,start_B,4,bernoulli,-51.61144514882868,103.22289029765736,,bfgs,4,False,2.0902835569103216e-07,False,0.201983340496644,bernoulli,bernoulli,2,completed
rep14,start_B,4,poisson,-74.59948758092237,149.19897516184474,,bfgs,7,True,8.686384944667225e-14,True,0.10025066661112955,bernoulli,bernoulli,2,completed
rep14,start_B,5,bernoulli,-47.30968402707297,94.61936805414594,,bfgs,6,True,8.15516543184458e-10,False,0.7593672228530707,bernoulli,bernoulli,2,completed
rep14,start_B,5,poisson,-73.04785203073754,146.0957040614751,,bfgs,9,True,4.607104031606468e-10,False,0.21740082763472715,bernoulli,bernoulli,2,completed
rep14,start_B,6,bernoulli,-50.645054577727876,101.29010915545575,,bfgs,4,False,4.6840117295943176e-08,False,0.3762472376809212,bernoulli,bernoulli,2,completed
rep14,start_B,6,poisson,-74.0947268207696,148.1894536415392,,bfgs,6,True,7.355460684976833e-11,True,0.14815043229263558,bernoulli,bernoulli,2,completed
rep14,start_B,7,bernoulli,-47.41028525201252,94.82057050402504,,bfgs,5,True,1.0169642905566434e-13,True,0.7546324348266277,bernoulli,bernoulli,2,completed
rep14,start_B,7,poisson,-73.04827434327952,146.09654868655903,,bfgs,9,True,1.399373594779263e-09,False,0.21588840408997284,bernoulli,bernoulli,2,completed
rep14,start_B,8,bernoulli,-51.42112680628766,102.84225361257532,,bfgs,7,True,5.373923528395607e-13,True,0.2566319507219525,bernoulli,bernoulli,2,completed
rep14,start_B,8,poisson,-74.63756368179916,149.27512736359833,,bfgs,6,True,1.6964651905482242e-12,True,0.0977370590562005,bernoulli,bernoulli,2,completed
rep14,start_B,3,bernoulli,-43.8290755632117,87.6581511264234,,bfgs,7,True,2.688604894274249e-12,True,0.9922820497414955,bernoulli,bernoulli,3,completed
rep14,start_B,3,poisson,-71.84351894608923,143.68703789217847,,bfgs,10,True,6.444240652214717e-09,False,0.2530623315423482,bernoulli,bernoulli,3,completed
rep14,start_B,4,bernoulli,-50.85364709887382,101.70729419774764,,bfgs,7,True,4.073328341291926e-11,True,0.40080907478052835,bernoulli,bernoulli,3,completed
rep14,start_B,4,poisson,-74.5156981074941,149.0313962149882,,bfgs,7,True,8.590431477273341e-10,False,0.11170170346389556,bernoulli,bernoulli,3,completed
rep14,start_B,5,bernoulli,-44.71394283137898,89.42788566275796,,bfgs,6,False,2.0922404786460903e-08,False,1.0027726629094469,bernoulli,bernoulli,3,completed
rep14,start_B,5,poisson,-72.17017798026843,144.34035596053687,,bfgs,12,True,4.8121862050720666e-11,True,0.25720901845014477,bernoulli,bernoulli,3,completed
rep14,start_B,6,bernoulli,-44.723069450323315,89.44613890064663,,bfgs,9,True,8.504308368628698e-15,True,1.2262955455987585,bernoulli,bernoulli,3,completed
rep14,start_B,6,poisson,-72.81442907423265,145.6288581484653,,bfgs,11,True,1.3864465131518954e-13,True,0.26787775271480496,bernoulli,bernoulli,3,completed
rep14,start_B,7,bernoulli,-45.95012906980115,91.9002581396023,,bfgs,6,True,2.7559821091927005e-11,True,0.8831474248504293,bernoulli,bernoulli,3,completed
rep14,start_B,7,poisson,-72.29678921187288,144.59357842374575,,bfgs,12,True,1.6300068850227945e-09,False,0.255507225809655,bernoulli,bernoulli,3,completed
rep14,start_B,8,bernoulli,-51.17619454138945,102.3523890827789,,bfgs,6,True,8.16058332020475e-12,True,0.28371715151340604,bernoulli,bernoulli,3,completed
rep14,start_B,8,poisson,-74.51806534808794,149.0361306961759,,bfgs,8,True,1.9155699249040482e-11,True,0.10424980378217427,bernoulli,bernoulli,3,completed
rep14,start_B,3,bernoulli,-42.76460554960602,85.52921109921203,,bfgs,8,True,1.965613893872842e-10,False,1.037227126579037,bernoulli,bernoulli,4,completed
rep14,start_B,3,poisson,-71.3789773220141,142.7579546440282,,bfgs,12,True,3.5202187831373524e-10,False,0.27721327112623906,bernoulli,bernoulli,4,completed
rep14,start_B,4,bernoulli,-46.143720737231206,92.28744147446241,,bfgs,8,True,2.8753888159371854e-11,True,1.0410354544027258,bernoulli,bernoulli,4,completed
rep14,start_B,4,poisson,-73.73660414568697,147.47320829137394,,bfgs,12,True,5.381895018530258e-09,False,0.202893707571916,bernoulli,bernoulli,4,completed
rep14,start_B,5,bernoulli,-43.190277991502775,86.38055598300555,,bfgs,9,True,4.8950887787668765e-11,True,1.2020871050505681,bernoulli,bernoulli,4,completed
rep14,start_B,5,poisson,-71.95510908836648,143.91021817673297,,bfgs,12,True,2.373333707339498e-09,False,0.2732914834530992,bernoulli,bernoulli,4,completed
rep14,start_B,6,bernoulli,-38.74831606516875,77.4966321303375,,bfgs,7,False,2.788187183355717e-08,False,1.6671782360901914,bernoulli,bernoulli,4,completed
rep14,start_B,6,poisson,-72.19802754811872,144.39605509623743,,bfgs,13,True,1.7580237043901548e-09,False,0.27305910810002704,bernoulli,bernoulli,4,completed
rep14,start_B,7,bernoulli,-46.907549455809786,93.81509891161957,,bfgs,8,True,4.5339199061800174e-11,True,0.7916524324479537,bernoulli,bernoulli,4,completed
rep14,start_B,7,poisson,-72.53549260882089,145.07098521764178,,bfgs,9,True,2.5396111880127136e-10,False,0.24252528543123583,bernoulli,bernoulli,4,completed
rep14,start_B,8,bernoulli,-50.425902208708884,100.85180441741777,,bfgs,8,True,5.118572232731821e-13,True,0.42736979810121706,bernoulli,bernoulli,4,completed
rep14,start_B,8,poisson,-74.25618205339846,148.51236410679692,,bfgs,9,True,1.6025352156390226e-10,False,0.14336374574102628,bernoulli,bernoulli,4,completed
rep14,start_B,3,bernoulli,-38.691659557906526,77.38331911581305,,bfgs,10,True,7.958969594490383e-12,True,1.5699696069750482,bernoulli,bernoulli,5,completed
rep14,start_B,3,poisson,-70.42951776408646,140.8590355281729,,bfgs,13,True,8.666276585245214e-11,True,0.342190183630774,bernoulli,bernoulli,5,completed
rep14,start_B,4,bernoulli,-44.25615596388886,88.51231192777772,,bfgs,10,True,5.644409384331084e-11,True,1.2355315786296959,bernoulli,bernoulli,5,completed
rep14,start_B,4,poisson,-73.14123119226633,146.28246238453266,,bfgs,13,True,2.55241694446795e-10,False,0.253437547460648,bernoulli,bernoulli,5,completed
rep14,start_B,5,bernoulli,-43.79931362970414,87.59862725940827,,bfgs,9,False,1.844262138561703e-08,False,1.0953132561073837,bernoulli,bernoulli,5,completed
rep14,start_B,5,poisson,-72.00629135080946,144.01258270161892,,bfgs,14,True,2.196446224900228e-09,False,0.2726884090294559,bernoulli,bernoulli,5,completed
rep14,start_B,6,bernoulli,-36.309545716739876,72.61909143347975,,bfgs,10,True,8.048477440070201e-11,True,1.9153357835544549,bernoulli,bernoulli,5,completed
rep14,start_B,6,poisson,-71.63200828405066,143.2640165681013,,bfgs,16,True,1.591560927494129e-09,False,0.3078791782401688,bernoulli,bernoulli,5,completed
rep14,start_B,7,bernoulli,-45.80798996622974,91.61597993245948,,bfgs,9,True,1.6217582832211974e-12,True,0.8740004708555414,bernoulli,bernoulli,5,completed
rep14,start_B,7,poisson,-72.3177534649775,144.635506929955,,bfgs,16,True,8.051593169966509e-10,False,0.24522710618045615,bernoulli,bernoulli,5,completed
rep14,start_B,8,bernoulli,-50.02578963269508,100.05157926539016,,bfgs,8,True,2.8799673756907396e-10,False,0.5229629813449882,bernoulli,bernoulli,5,completed
rep14,start_B,8,poisson,-74.02462315806041,148.04924631612081,,bfgs,11,True,3.4052094477488028e-12,True,0.17370457836192893,bernoulli,bernoulli,5,completed
rep15,start_B,3,bernoulli,-48.08378027799985,96.1675605559997,,bfgs,3,True,5.662137425588298e-16,True,0.6980571174372596,bernoulli,bernoulli,1,completed
rep15,start_B,3,poisson,-74.94760914662892,149.89521829325784,,bfgs,7,True,4.440892098500626e-16,True,0.03704955856928527,bernoulli,bernoulli,1,completed
rep15,start_B,4,bernoulli,-49.14139320318335,98.2827864063667,,bfgs,3,True,5.013172543755218e-10,False,0.5831872765986331,bernoulli,bernoulli,1,completed
rep15,start_B,4,poisson,-72.45385556479454,144.90771112958907,,bfgs,4,True,2.142312993669293e-11,True,0.2704031257540099,bernoulli,bernoulli,1,completed
rep15,start_B,5,bernoulli,-51.92377938160523,103.84755876321046,,bfgs,4,True,3.3750779948604757e-15,True,0.08159243953472012,bernoulli,bernoulli,1,completed
rep15,start_B,5,poisson,-74.62257864397941,149.24515728795882,,bfgs,5,True,3.552713678800501e-16,True,0.10232439267647547,bernoulli,bernoulli,1,completed
rep15,start_B,6,bernoulli,-30.73477408658447,61.46954817316894,,bfgs,4,True,4.4408920985006264e-17,True,2.494123276039743,bernoulli,bernoulli,1,completed
rep15,start_B,6,poisson,-73.4863200754814,146.9726401509628,,bfgs,11,True,1.7552181930113875e-12,True,0.19030066449073477,bernoulli,bernoulli,1,completed
rep15,start_B,7,bernoulli,-51.703593935283706,103.40718787056741,,bfgs,4,True,6.050160372694791e-13,True,0.17454441977627408,bernoulli,bernoulli,1,completed
rep15,start_B,7,poisson,-74.77787536025173,149.55575072050345,,bfgs,5,True,3.8058445284150366e-13,True,0.07818215408941859,bernoulli,bernoulli,1,completed
rep15,start_B,8,bernoulli,-50.96303173554094,101.92606347108187,,bfgs,5,True,2.821641587047452e-10,False,0.33710994375233233,bernoulli,bernoulli,1,completed
rep15,start_B,8,poisson,-73.4158077514717,146.8316155029434,,bfgs,4,True,1.5296208744075557e-12,True,0.21248717664104244,bernoulli,bernoulli,1,completed
rep15,start_B,3,bernoulli,-46.44305514189081,92.88611028378162,,bfgs,5,False,3.651471121024486e-08,False,0.8298531218913463,bernoulli,bernoulli,2,completed
rep15,start_B,3,poisson,-74.4499896879739,148.8999793759478,,bfgs,10,True,4.327549985028156e-10,False,0.12293848907205565,bernoulli,bernoulli,2,completed
rep15,start_B,4,bernoulli,-51.674520780215154,103.34904156043031,,bfgs,5,True,1.555016670984344e-11,True,0.17215140712469418,bernoulli,bernoulli,2,completed
rep15,start_B,4,poisson,-74.07225993852464,148.14451987704928,,bfgs,6,True,3.263992132129801e-11,True,0.15680326765259125,bernoulli,bernoulli,2,completed
rep15,start_B,5,bernoulli,-50.49247638265193,100.98495276530386,,bfgs,5,True,2.6031626854106094e-09,False,0.42856199955250185,bernoulli,bernoulli,2,completed
rep15,start_B,5,poisson,-74.25892114009011,148.51784228018022,,bfgs,6,True,2.8086207318200883e-11,True,0.15284759876157986,bernoulli,bernoulli,2,completed
rep15,start_B,6,bernoulli,-38.72889733021783,77.45779466043567,,bfgs,6,True,3.913536161803677e-14,True,1.5251318081532768,bernoulli,bernoulli,2,completed
rep15,start_B,6,poisson,-74.02391844558645,148.0478368911729,,bfgs,11,True,6.230327365130961e-12,True,0.14392625376571702,bernoulli,bernoulli,2,completed
rep15,start_B,7,bernoulli,-51.27418993225532,102.54837986451064,,bfgs,7,True,9.036629777803284e-11,True,0.2951790857948885,bernoulli,bernoulli,2,completed
rep15,start_B,7,poisson,-74.78910445644927,149.57820891289853,,bfgs,6,True,1.7966288179405154e-11,True,0.07186101289479908,bernoulli,bernoulli,2,completed
rep15,start_B,8,bernoulli,-48.326478015229725,96.65295603045945,,bfgs,6,True,3.701544626366627e-12,True,0.634462432818328,bernoulli,bernoulli,2,completed
rep15,start_B,8,poisson,-72.29925290784385,144.5985058156877,,bfgs,6,True,8.92888385450874e-10,False,0.2712214178010609,bernoulli,bernoulli,2,completed
rep15,start_B,3,bernoulli,-45.86105946460056,91.72211892920112,,bfgs,7,True,6.374269112541242e-10,False,0.8775383554669256,bernoulli,bernoulli,3,completed
rep15,start_B,3,poisson,-74.2244291729922,148.4488583459844,,bfgs,11,True,7.209677299613304e-13,True,0.15089111050413256,bernoulli,bernoulli,3,completed
rep15,start_B,4,bernoulli,-46.29216333426688,92.58432666853376,,bfgs,7,True,9.11435371619973e-11,True,0.8159764589004808,bernoulli,bernoulli,3,completed
rep15,start_B,4,poisson,-72.30867952774157,144.61735905548315,,bfgs,8,True,1.3731815684536741e-11,True,0.25876557761753116,bernoulli,bernoulli,3,completed
rep15,start_B,5,bernoulli,-50.21514252354507,100.43028504709014,,bfgs,8,True,2.6914470652172897e-12,True,0.48447299361061674,bernoulli,bernoulli,3,completed
rep15,start_B,5,poisson,-73.72699200012421,147.45398400024843,,bfgs,10,True,1.908835589592428e-12,True,0.2015182527373873,bernoulli,bernoulli,3,completed
rep15,start_B,6,bernoulli,-31.624692716515817,63.249385433031634,,bfgs,7,True,3.51048079494376e-12,True,2.1753902242839254,bernoulli,bernoulli,3,completed
rep15,start_B,6,poisson,-73.14455629399274,146.28911258798547,,bfgs,19,False,5.856920062274895e-08,False,0.20370988140013008,bernoulli,bernoulli,3,completed
rep15,start_B,7,bernoulli,-50.69116845441064,101.38233690882127,,bfgs,8,True,8.502176740421419e-12,True,0.39040047366194364,bernoulli,bernoulli,3,completed
rep15,start_B,7,poisson,-74.59803915189919,149.19607830379837,,bfgs,8,True,2.5887902932453244e-11,True,0.09832812375036643,bernoulli,bernoulli,3,completed
rep15,start_B,8,bernoulli,-45.64281855867156,91.28563711734311,,bfgs,6,True,6.676805774930016e-11,True,0.9293514295414425,bernoulli,bernoulli,3,completed
rep15,start_B,8,poisson,-71.572475391446,143.144950782892,,bfgs,12,True,1.5466730118873783e-10,False,0.3123029345969993,bernoulli,bernoulli,3,completed
rep15,start_B,3,bernoulli,-45.678601986095714,91.35720397219143,,bfgs,8,True,1.6643459943566087e-10,False,0.8962833914377026,bernoulli,bernoulli,4,completed
rep15,start_B,3,poisson,-74.21213144419195,148.4242628883839,,bfgs,10,False,2.769165972527077e-07,False,0.1508738360236255,bernoulli,bernoulli,4,completed
rep15,start_B,4,bernoulli,-46.90591198474261,93.81182396948522,,bfgs,9,True,1.5781154161231825e-12,True,0.718121803135155,bernoulli,bernoulli,4,completed
rep15,start_B,4,poisson,-72.72376763790899,145.44753527581798,,bfgs,15,True,2.397513076957125e-10,False,0.20996873429758703,bernoulli,bernoulli,4,completed
rep15,start_B,5,bernoulli,-50.498853322724415,100.99770664544883,,bfgs,8,True,2.345138305770433e-10,False,0.4159706090017442,bernoulli,bernoulli,4,completed
rep15,start_B,5,poisson,-74.04698097078285,148.0939619415657,,bfgs,10,True,3.7421216125821386e-11,True,0.16526388319412377,bernoulli,bernoulli,4,completed
rep15,start_B,6,bernoulli,-31.03875134873968,62.07750269747936,,bfgs,9,True,1.0451488563489875e-10,False,2.0968527592669757,bernoulli,bernoulli,4,completed
rep15,start_B,6,poisson,-73.18086246174707,146.36172492349414,,bfgs,20,False,9.30239343333028e-08,False,0.1871298538854947,bernoulli,bernoulli,4,completed
rep15,start_B,7,bernoulli,-49.487420871854546,98.97484174370909,,bfgs,8,True,9.442713277962866e-12,True,0.5884263770067053,bernoulli,bernoulli,4,completed
rep15,start_B,7,poisson,-74.26858048310372,148.53716096620744,,bfgs,13,False,1.944166061473851e-08,False,0.1410263469907445,bernoulli,bernoulli,4,completed
rep15,start_B,8,bernoulli,-45.95365688985429,91.90731377970857,,bfgs,8,True,4.067536529817062e-10,False,0.8800352847478131,bernoulli,bernoulli,4,completed
rep15,start_B,8,poisson,-71.83073881937159,143.66147763874318,,bfgs,12,True,8.563913667103406e-09,False,0.29597206836453405,bernoulli,bernoulli,4,completed
rep15,start_B,3,bernoulli,-39.05351588524722,78.10703177049444,,bfgs,10,True,8.217231339813225e-11,True,1.736956388083997,bernoulli,bernoulli,5,completed
rep15,start_B,3,poisson,-73.175879384917,146.351758769834,,bfgs,14,False,1.1054691673173522e-08,False,0.26352275618724147,bernoulli,bernoulli,5,completed
rep15,start_B,4,bernoulli,-42.18253590694551,84.36507181389102,,bfgs,9,True,7.122096246092724e-11,True,1.2189287937803646,bernoulli,bernoulli,5,completed
rep15,start_B,4,poisson,-70.67604781038372,141.35209562076744,,bfgs,15,True,2.314500835431943e-09,False,0.35580502878520653,bernoulli,bernoulli,5,completed
rep15,start_B,5,bernoulli,-47.57758967364511,95.15517934729021,,bfgs,10,True,5.7220184146444805e-11,True,0.8058937171071272,bernoulli,bernoulli,5,completed
rep15,start_B,5,poisson,-72.68090073112208,145.36180146224416,,bfgs,14,True,3.8000604107857324e-09,False,0.2836937021163965,bernoulli,bernoulli,5,completed
rep15,start_B,6,bernoulli,-31.908268246151312,63.816536492302625,,bfgs,9,True,1.497566515240578e-11,True,1.9060434144385385,bernoulli,bernoulli,5,completed
rep15,start_B,6,poisson,-72.97139921836684,145.94279843673368,,bfgs,24,False,2.8309855579777834e-07,False,0.19758033282192933,bernoulli,bernoulli,5,completed
rep15,start_B,7,bernoulli,-49.566493855440704,99.13298771088141,,bfgs,10,True,5.809891501229458e-09,False,0.530419799727736,bernoulli,bernoulli,5,completed
rep15,start_B,7,poisson,-74.49240425291514,148.98480850583027,,bfgs,14,True,2.397072595972105e-10,False,0.12368079351547684,bernoulli,bernoulli,5,completed
rep15,start_B,8,bernoulli,-44.69651665725752,89.39303331451504,,bfgs,10,True,6.463785062749139e-12,True,1.016851065911718,bernoulli,bernoulli,5,completed
rep15,start_B,8,poisson,-71.99406219931569,143.98812439863138,,bfgs,14,False,5.4612581656954263e-08,False,0.27383355993459857,bernoulli,bernoulli,5,completed
rep16,start_B,3,bernoulli,-51.50296463173288,103.00592926346576,,bfgs,3,True,7.895373244082293e-12,True,0.22890391209119998,bernoulli,bernoulli,1,completed
rep16,start_B,3,poisson,-74.39336154561013,148.78672309122027,,bfgs,4,True,1.2923617731530613e-11,True,0.12731087496032456,bernoulli,bernoulli,1,completed
rep16,start_B,4,bernoulli,-51.71401496058481,103.42802992116962,,bfgs,4,True,1.9610979506978766e-13,True,0.17114370642093546,bernoulli,bernoulli,1,completed
rep16,start_B,4,poisson,-74.52032308675493,149.04064617350986,,bfgs,4,True,1.1163603375052844e-11,True,0.11325573423649098,bernoulli,bernoulli,1,completed
rep16,start_B,5,bernoulli,-49.743055724265886,99.48611144853177,,bfgs,4,True,1.7608137170554982e-14,True,0.5086793214742712,bernoulli,bernoulli,1,completed
rep16,start_B,5,poisson,-74.90544490353194,149.8108898070639,,bfgs,5,True,4.973799150320701e-15,True,0.05005040580890212,bernoulli,bernoulli,1,completed
rep16,start_B,6,bernoulli,-49.782013316250776,99.56402663250155,,bfgs,3,True,5.639749822705653e-09,False,0.5038951482984504,bernoulli,bernoulli,1,completed
rep16,start_B,6,poisson,-74.909257109689,149.818514219378,,bfgs,5,True,1.3322676295501878e-15,True,0.04903509783223443,bernoulli,bernoulli,1,completed
rep16,start_B,7,bernoulli,-50.90199737114092,101.80399474228184,,bfgs,3,True,1.3322676295501878e-15,True,0.3465063553775096,bernoulli,bernoulli,1,completed
rep16,start_B,7,poisson,-74.0980152145822,148.1960304291644,,bfgs,5,True,1.865174681370263e-15,True,0.15504670899947662,bernoulli,bernoulli,1,completed
rep16,start_B,8,bernoulli,-51.46230835824495,102.9246167164899,,bfgs,3,True,5.773159728050814e-16,True,0.23851002807971783,bernoulli,bernoulli,1,completed
rep16,start_B,8,poisson,-74.99502831673479,149.99005663346958,,bfgs,5,True,7.105427357601002e-16,True,0.011520317620889866,bernoulli,bernoulli,1,completed
rep16,start_B,3,bernoulli,-48.11227826998364,96.22455653996728,,bfgs,5,True,2.1316282072803006e-11,True,0.7554385282545887,bernoulli,bernoulli,2,completed
rep16,start_B,3,poisson,-73.25659671461639,146.51319342923279,,bfgs,6,True,3.344879928590672e-13,True,0.2309846961152859,bernoulli,bernoulli,2,completed
rep16,start_B,4,bernoulli,-50.88209674610769,101.76419349221538,,bfgs,6,True,2.6842794653703094e-11,True,0.34204034005505723,bernoulli,bernoulli,2,completed
rep16,start_B,4,poisson,-74.15979531751653,148.31959063503305,,bfgs,6,True,1.8598456108520623e-13,True,0.1509327897783158,bernoulli,bernoulli,2,completed
rep16,start_B,5,bernoulli,-48.54700226265591,97.09400452531182,,bfgs,5,True,4.818332399736391e-11,True,0.6263864981320832,bernoulli,bernoulli,2,completed
rep16,start_B,5,poisson,-74.37219887071277,148.74439774142553,,bfgs,7,True,4.163058120454366e-10,False,0.12915165679525614,bernoulli,bernoulli,2,completed
rep16,start_B,6,bernoulli,-50.74103356072289,101.48206712144578,,bfgs,5,True,9.585185978266964e-11,True,0.36391503244823575,bernoulli,bernoulli,2,completed
rep16,start_B,6,poisson,-74.70845871731744,149.41691743463488,,bfgs,7,True,2.6086410809256222e-11,True,0.09159214490323672,bernoulli,bernoulli,2,completed
rep16,start_B,7,bernoulli,-50.036764381227485,100.07352876245497,,bfgs,7,True,9.672262990534364e-13,True,0.4675471707790485,bernoulli,bernoulli,2,completed
rep16,start_B,7,poisson,-73.80120304676834,147.60240609353667,,bfgs,7,True,1.1958256607158545e-11,True,0.1819361660328073,bernoulli,bernoulli,2,completed
rep16,start_B,8,bernoulli,-46.117304354103815,92.23460870820763,,bfgs,4,False,9.176603823490837e-08,False,0.9607662474549615,bernoulli,bernoulli,2,completed
rep16,start_B,8,poisson,-74.40571386138858,148.81142772277715,,bfgs,8,False,1.5037697265185556e-08,False,0.1253924510902636,bernoulli,bernoulli,2,completed
rep16,start_B,3,bernoulli,-47.646597411815314,95.29319482363063,,bfgs,7,True,2.5548799520436206e-09,False,0.7823546641797499,bernoulli,bernoulli,3,completed
rep16,start_B,3,poisson,-72.17521866455563,144.35043732911126,,bfgs,12,True,9.742957218783487e-10,False,0.2909202632254954,bernoulli,bernoulli,3,completed
rep16,start_B,4,bernoulli,-50.82376556338521,101.64753112677042,,bfgs,8,True,8.7228890777169e-12,True,0.3493797868689571,bernoulli,bernoulli,3,completed
rep16,start_B,4,poisson,-73.68133204023009,147.36266408046018,,bfgs,7,True,3.886420074650232e-11,True,0.19000781385019916,bernoulli,bernoulli,3,completed
rep16,start_B,5,bernoulli,-49.38888686736076,98.77777373472152,,bfgs,9,True,8.054890088260436e-13,True,0.5217548756261878,bernoulli,bernoulli,3,completed
rep16,start_B,5,poisson,-73.9484750866961,147.8969501733922,,bfgs,12,True,1.2153480000165473e-09,False,0.1738382442360873,bernoulli,bernoulli,3,completed
rep16,start_B,6,bernoulli,-41.1474356131658,82.2948712263316,,bfgs,7,True,1.5274714826318813e-11,True,1.3974276598622106,bernoulli,bernoulli,3,completed
rep16,start_B,6,poisson,-73.510844170875,147.02168834175,,bfgs,12,True,2.268463017429667e-09,False,0.20579477726676337,bernoulli,bernoulli,3,completed
rep16,start_B,7,bernoulli,-42.43865640492228,84.87731280984455,,bfgs,7,True,4.211975213053165e-11,True,1.2472737194779577,bernoulli,bernoulli,3,completed
rep16,start_B,7,poisson,-72.8457220070915,145.691444014183,,bfgs,9,True,3.033802808971586e-09,False,0.2405628842110305,bernoulli,bernoulli,3,completed
rep16,start_B,8,bernoulli,-44.713059480224366,89.42611896044873,,bfgs,7,True,1.3243236507420874e-10,False,1.0563441697343323,bernoulli,bernoulli,3,completed
rep16,start_B,8,poisson,-73.43365675750105,146.8673135150021,,bfgs,11,True,5.995065421871004e-09,False,0.218745531940118,bernoulli,bernoulli,3,completed
rep16,start_B,3,bernoulli,-42.20860745009783,84.41721490019566,,bfgs,8,False,1.8030325854567763e-08,False,1.425184073399869,bernoulli,bernoulli,4,completed
rep16,start_B,3,poisson,-69.44268318004058,138.88536636008115,,bfgs,12,True,1.1053302717556335e-09,False,0.43544953958664795,bernoulli,bernoulli,4,completed
rep16,start_B,4,bernoulli,-49.97535259898158,99.95070519796316,,bfgs,8,True,3.943334547784616e-11,True,0.503661256152063,bernoulli,bernoulli,4,completed
rep16,start_B,4,poisson,-73.89204540402736,147.7840908080547,,bfgs,11,False,1.387223123039405e-08,False,0.16446571342661398,bernoulli,bernoulli,4,completed
rep16,start_B,5,bernoulli,-48.23263991084286,96.46527982168573,,bfgs,9,True,1.348803291278955e-09,False,0.7012280353210271,bernoulli,bernoulli,4,completed
rep16,start_B,5,poisson,-74.0611531552352,148.1223063104704,,bfgs,13,True,1.6330402363706754e-09,False,0.158810576337553,bernoulli,bernoulli,4,completed
rep16,start_B,6,bernoulli,-40.02885794116234,80.05771588232469,,bfgs,7,True,4.365068839717878e-09,False,1.4250487326113561,bernoulli,bernoulli,4,completed
rep16,start_B,6,poisson,-72.65716354424981,145.31432708849962,,bfgs,10,False,1.1889328516145881e-08,False,0.28721045942940565,bernoulli,bernoulli,4,completed
rep16,start_B,7,bernoulli,-41.387978607272295,82.77595721454459,,bfgs,8,True,2.1414070516811988e-11,True,1.2806894080415185,bernoulli,bernoulli,4,completed
rep16,start_B,7,poisson,-73.00088744010785,146.0017748802157,,bfgs,11,False,7.334671536796122e-08,False,0.2188139585740443,bernoulli,bernoulli,4,completed
rep16,start_B,8,bernoulli,-43.690325784208696,87.38065156841739,,bfgs,8,True,8.005163198987476e-12,True,1.1291784503997913,bernoulli,bernoulli,4,completed
rep16,start_B,8,poisson,-73.11729187179381,146.23458374358762,,bfgs,11,True,9.26747967255892e-10,False,0.2278811715763988,bernoulli,bernoulli,4,completed
rep16,start_B,3,bernoulli,-41.544162104832665,83.08832420966533,,bfgs,9,True,1.5263230679352092e-10,False,1.4492436724440898,bernoulli,bernoulli,5,completed
rep16,start_B,3,poisson,-70.27689099553916,140.55378199107832,,bfgs,15,True,6.7585182894625005e-09,False,0.39447650506656,bernoulli,bernoulli,5,completed
rep16,start_B,4,bernoulli,-48.56868805810137,97.13737611620274,,bfgs,9,True,3.2089478629870883e-09,False,0.7424239804861862,bernoulli,bernoulli,5,completed
rep16,start_B,4,poisson,-73.32864415335973,146.65728830671947,,bfgs,10,True,2.4314066315866966e-10,False,0.22473846012845872,bernoulli,bernoulli,5,completed
rep16,start_B,5,bernoulli,-44.147449503014364,88.29489900602873,,bfgs,9,True,3.597171449598591e-11,True,1.2081923660493137,bernoulli,bernoulli,5,completed
rep16,start_B,5,poisson,-72.98978320894389,145.97956641788778,,bfgs,15,True,2.4826322775339806e-09,False,0.269701804310647,bernoulli,bernoulli,5,completed
rep16,start_B,6,bernoulli,-39.79507608195041,79.59015216390083,,bfgs,9,True,5.9904969873514345e-12,True,1.3877552008510095,bernoulli,bernoulli,5,completed
rep16,start_B,6,poisson,-72.97393387009382,145.94786774018763,,bfgs,14,True,5.2110751991296665e-09,False,0.23220965025517984,bernoulli,bernoulli,5,completed
rep16,start_B,7,bernoulli,-42.31278043889034,84.62556087778069,,bfgs,9,True,1.200572086190732e-10,False,1.2153806631204502,bernoulli,bernoulli,5,completed
rep16,start_B,7,poisson,-73.12117977624455,146.2423595524891,,bfgs,13,False,1.4566767010393277e-07,False,0.20082881237783334,bernoulli,bernoulli,5,completed
rep16,start_B,8,bernoulli,-43.45909743448988,86.91819486897975,,bfgs,10,True,2.690920541947861e-11,True,1.1137591092295065,bernoulli,bernoulli,5,completed
rep16,start_B,8,poisson,-72.88307994181991,145.76615988363983,,bfgs,14,True,6.8588214441334115e-09,False,0.2521045313340122,bernoulli,bernoulli,5,completed
rep17,start_B,3,bernoulli,-49.47130546392152,98.94261092784303,,bfgs,4,True,5.808242775628969e-13,True,0.5454316999650729,bernoulli,bernoulli,1,completed
rep17,start_B,3,poisson,-74.76856106202445,149.5371221240489,,bfgs,5,True,8.104628079763643e-14,True,0.07797951167090726,bernoulli,bernoulli,1,completed
rep17,start_B,4,bernoulli,-40.68965333394192,81.37930666788384,,bfgs,5,True,8.881784197001252e-16,True,1.4132481798821876,bernoulli,bernoulli,1,completed
rep17,start_B,4,poisson,-71.5821099874072,143.1642199748144,,bfgs,7,False,1.611632018949649e-08,False,0.2977673209334932,bernoulli,bernoulli,1,completed
rep17,start_B,5,bernoulli,-51.70319044769261,103.40638089538523,,bfgs,4,True,1.2858780706892504e-11,True,0.17469168102198473,bernoulli,bernoulli,1,completed
rep17,start_B,5,poisson,-74.68260768454785,149.3652153690957,,bfgs,4,True,1.9423396224738098e-11,True,0.0922670720203173,bernoulli,bernoulli,1,completed
rep17,start_B,6,bernoulli,-51.27112665528265,102.5422533105653,,bfgs,3,True,3.4840930140944694e-11,True,0.28017837485114044,bernoulli,bernoulli,1,completed
rep17,start_B,6,poisson,-74.48285101817139,148.96570203634278,,bfgs,5,True,3.552713678800501e-16,True,0.11773701636314417,bernoulli,bernoulli,1,completed
rep17,start_B,7,bernoulli,-49.397875293853474,98.79575058770695,,bfgs,4,True,1.0880185641326535e-15,True,0.5541934102142251,bernoulli,bernoulli,1,completed
rep17,start_B,7,poisson,-74.75803041795493,149.51606083590985,,bfgs,5,True,4.7961634663806766e-15,True,0.07971660187042323,bernoulli,bernoulli,1,completed
rep17,start_B,8,bernoulli,-49.825401001765115,99.65080200353023,,bfgs,3,True,7.555023273653206e-12,True,0.5018353663185088,bernoulli,bernoulli,1,completed
rep17,start_B,8,poisson,-74.81832375591168,149.63664751182336,,bfgs,5,True,7.815970093361102e-14,True,0.06916290601767176,bernoulli,bernoulli,1,completed
rep17,start_B,3,bernoulli,-47.539361175823004,95.07872235164601,,bfgs,5,True,4.753540672197687e-10,False,0.7700207405319522,bernoulli,bernoulli,2,completed
rep17,start_B,3,poisson,-74.41904098688394,148.83808197376788,,bfgs,10,True,2.4998225711669876e-12,True,0.12514063770327877,bernoulli,bernoulli,2,completed
rep17,start_B,4,bernoulli,-36.4135413802656,72.8270827605312,,bfgs,7,True,1.1646239528317893e-14,True,1.8349832328923408,bernoulli,bernoulli,2,completed
rep17,start_B,4,poisson,-70.64805549752484,141.29611099504967,,bfgs,12,True,3.779302382156402e-09,False,0.3335021471061576,bernoulli,bernoulli,2,completed
rep17,start_B,5,bernoulli,-50.96453825456439,101.92907650912878,,bfgs,6,True,4.991562718714704e-13,True,0.3473746160380006,bernoulli,bernoulli,2,completed
rep17,start_B,5,poisson,-74.41557427373868,148.83114854747737,,bfgs,6,True,2.3021584638627245e-13,True,0.12675089173821735,bernoulli,bernoulli,2,completed
rep17,start_B,6,bernoulli,-51.28013825659688,102.56027651319376,,bfgs,7,True,3.522870883898577e-12,True,0.2760757573182284,bernoulli,bernoulli,2,completed
rep17,start_B,6,poisson,-74.42931685974011,148.85863371948022,,bfgs,6,True,5.994722052093948e-10,False,0.12141529708366665,bernoulli,bernoulli,2,completed
rep17,start_B,7,bernoulli,-49.91225372795226,99.82450745590452,,bfgs,5,True,4.5993786557119166e-11,True,0.4839345451976433,bernoulli,bernoulli,2,completed
rep17,start_B,7,poisson,-74.75666692323139,149.51333384646279,,bfgs,7,True,2.188843550854358e-12,True,0.08097593742425545,bernoulli,bernoulli,2,completed
rep17,start_B,8,bernoulli,-45.47788426776691,90.95576853553382,,bfgs,5,True,7.514211475267984e-11,True,0.9650521428154321,bernoulli,bernoulli,2,completed
rep17,start_B,8,poisson,-73.88332964927453,147.76665929854906,,bfgs,9,True,1.9826296160374567e-11,True,0.17454670837360783,bernoulli,bernoulli,2,completed
rep17,start_B,3,bernoulli,-47.43392362922708,94.86784725845416,,bfgs,7,True,2.3680157834604642e-11,True,0.7606002977696523,bernoulli,bernoulli,3,completed
rep17,start_B,3,poisson,-74.50856673568617,149.01713347137235,,bfgs,12,True,6.019562626136121e-11,True,0.11443051485500594,bernoulli,bernoulli,3,completed
rep17,start_B,4,bernoulli,-36.20297625511959,72.40595251023917,,bfgs,6,True,5.719115603319835e-09,False,1.8230140406618889,bernoulli,bernoulli,3,completed
rep17,start_B,4,poisson,-69.97331791243292,139.94663582486584,,bfgs,11,False,2.2034301139228775e-08,False,0.3625769669082063,bernoulli,bernoulli,3,completed
rep17,start_B,5,bernoulli,-50.63331252713146,101.26662505426292,,bfgs,8,True,5.541012093601693e-13,True,0.39016068385263675,bernoulli,bernoulli,3,completed
rep17,start_B,5,poisson,-74.10780176382778,148.21560352765556,,bfgs,7,True,7.689315850711864e-12,True,0.15630704926239838,bernoulli,bernoulli,3,completed
rep17,start_B,6,bernoulli,-50.59164004200008,101.18328008400016,,bfgs,7,False,9.19071748484157e-08,False,0.3943567679135871,bernoulli,bernoulli,3,completed
rep17,start_B,6,poisson,-74.05733581066208,148.11467162132416,,bfgs,8,True,2.0183180904354003e-09,False,0.15487184455006026,bernoulli,bernoulli,3,completed
rep17,start_B,7,bernoulli,-47.206196438168604,94.41239287633721,,bfgs,7,True,4.36238545287182e-11,True,0.8112789206522584,bernoulli,bernoulli,3,completed
rep17,start_B,7,poisson,-74.10195912581146,148.20391825162292,,bfgs,10,False,6.157318235278098e-07,False,0.15871623752591094,bernoulli,bernoulli,3,completed
rep17,start_B,8,bernoulli,-43.685007093668204,87.37001418733641,,bfgs,6,True,1.9470203227456295e-11,True,1.0970332482745289,bernoulli,bernoulli,3,completed
rep17,start_B,8,poisson,-73.49665393381574,146.99330786763147,,bfgs,10,True,1.6739432062706782e-11,True,0.19722699017105466,bernoulli,bernoulli,3,completed
rep17,start_B,3,bernoulli,-45.54156660960582,91.08313321921165,,bfgs,9,True,1.2429923756940298e-11,True,0.9727398100117793,bernoulli,bernoulli,4,completed
rep17,start_B,3,poisson,-73.47828871918807,146.95657743837614,,bfgs,11,True,1.3180046387617495e-09,False,0.2338867151084151,bernoulli,bernoulli,4,completed
rep17,start_B,4,bernoulli,-37.003560695161845,74.00712139032369,,bfgs,9,True,2.9997115902347106e-13,True,1.6126602331866546,bernoulli,bernoulli,4,completed
rep17,start_B,4,poisson,-70.13269130380552,140.26538260761103,,bfgs,15,False,1.3022408307250544e-08,False,0.3421152244831194,bernoulli,bernoulli,4,completed
rep17,start_B,5,bernoulli,-43.29115555144983,86.58231110289967,,bfgs,8,True,2.8258142492632034e-10,False,1.3382896510782565,bernoulli,bernoulli,4,completed
rep17,start_B,5,poisson,-73.31603776590669,146.63207553181337,,bfgs,13,True,4.507139550469219e-10,False,0.21791709656707878,bernoulli,bernoulli,4,completed
rep17,start_B,6,bernoulli,-50.551168645755226,101.10233729151045,,bfgs,8,True,1.772665125798767e-10,False,0.3955660041134653,bernoulli,bernoulli,4,completed
rep17,start_B,6,poisson,-73.92220870853001,147.84441741706001,,bfgs,12,True,1.1535944421936506e-10,False,0.16780475568667358,bernoulli,bernoulli,4,completed
rep17,start_B,7,bernoulli,-39.36358734458585,78.7271746891717,,bfgs,8,False,3.8880567365673355e-08,False,1.7760599619892632,bernoulli,bernoulli,4,completed
rep17,start_B,7,poisson,-71.51831738532942,143.03663477065885,,bfgs,15,False,6.084818191531837e-08,False,0.3747065724561534,bernoulli,bernoulli,4,completed
rep17,start_B,8,bernoulli,-42.37130375247539,84.74260750495078,,bfgs,7,True,1.6478546971399055e-09,False,1.2317375857943431,bernoulli,bernoulli,4,completed
rep17,start_B,8,poisson,-72.87002366267322,145.74004732534644,,bfgs,10,True,1.864736276502299e-09,False,0.26161143698707434,bernoulli,bernoulli,4,completed
rep17,start_B,3,bernoulli,-45.55432570448811,91.10865140897621,,bfgs,10,True,2.6579990153319244e-09,False,0.8745075517585226,bernoulli,bernoulli,5,completed
rep17,start_B,3,poisson,-73.56424261699286,147.1284852339857,,bfgs,13,False,3.138449793382847e-08,False,0.20424448730604267,bernoulli,bernoulli,5,completed
rep17,start_B,4,bernoulli,-37.222792980314445,74.44558596062889,,bfgs,9,True,3.476873788876844e-11,True,1.5308991207683733,bernoulli,bernoulli,5,completed
rep17,start_B,4,poisson,-70.22276330317791,140.44552660635583,,bfgs,15,True,6.531601082215843e-09,False,0.31488454203659605,bernoulli,bernoulli,5,completed
rep17,start_B,5,bernoulli,-36.10882944731024,72.21765889462048,,bfgs,10,True,2.7401767521695317e-10,False,2.214481382724662,bernoulli,bernoulli,5,completed
rep17,start_B,5,poisson,-72.48895231001606,144.97790462003212,,bfgs,18,False,1.887244385212483e-08,False,0.284306631649804,bernoulli,bernoulli,5,completed
rep17,start_B,6,bernoulli,-47.573421065057744,95.14684213011549,,bfgs,11,True,7.760903031339694e-13,True,0.9031945755445974,bernoulli,bernoulli,5,completed
rep17,start_B,6,poisson,-72.91459396944103,145.82918793888206,,bfgs,13,True,1.1811236433345585e-10,False,0.26286257024798176,bernoulli,bernoulli,5,completed
rep17,start_B,7,bernoulli,-40.17261304801762,80.34522609603523,,bfgs,11,True,5.978234618453371e-09,False,1.7344180455447653,bernoulli,bernoulli,5,completed
rep17,start_B,7,poisson,-72.30093738706289,144.60187477412578,,bfgs,18,False,1.221802668593952e-07,False,0.32800203377486203,bernoulli,bernoulli,5,completed
rep17,start_B,8,bernoulli,-40.27506010019234,80.55012020038468,,bfgs,10,True,2.5045030813131143e-09,False,1.4480465294931464,bernoulli,bernoulli,5,completed
rep17,start_B,8,poisson,-72.34844922330026,144.69689844660053,,bfgs,13,True,9.457761329656477e-09,False,0.2942688729781256,bernoulli,bernoulli,5,completed
rep18,start_B,3,bernoulli,-51.64303921041608,103.28607842083215,,bfgs,4,True,1.2434497875801753e-14,True,0.19267805806195773,bernoulli,bernoulli,1,completed
rep18,start_B,3,poisson,-74.94433626560803,149.88867253121606,,bfgs,4,True,3.1832314562052486e-13,True,0.03860151311515771,bernoulli,bernoulli,1,completed
rep18,start_B,4,bernoulli,-51.975211507560424,103.95042301512085,,bfgs,3,True,7.301572679807577e-11,True,0.033991409594825224,bernoulli,bernoulli,1,completed
rep18,start_B,4,poisson,-74.98825094917615,149.9765018983523,,bfgs,4,True,7.105427357601002e-16,True,0.017678022204783313,bernoulli,bernoulli,1,completed
rep18,start_B,5,bernoulli,-50.03820752937128,100.07641505874255,,bfgs,4,True,2.042810365310288e-15,True,0.47518049108664856,bernoulli,bernoulli,1,completed
rep18,start_B,5,poisson,-74.4517917639219,148.9035835278438,,bfgs,5,True,1.4297452111122766e-12,True,0.1192979302515291,bernoulli,bernoulli,1,completed
rep18,start_B,6,bernoulli,-50.909197953309224,101.81839590661845,,bfgs,3,False,1.4771160410376184e-07,False,0.34678428235801834,bernoulli,bernoulli,1,completed
rep18,start_B,6,poisson,-74.78908254390248,149.57816508780496,,bfgs,4,True,2.310995839138741e-11,True,0.07519661035601041,bernoulli,bernoulli,1,completed
rep18,start_B,7,bernoulli,-48.769936129717,97.539872259434,,bfgs,4,True,9.952678681202087e-11,True,0.6275104973221854,bernoulli,bernoulli,1,completed
rep18,start_B,7,poisson,-74.14303784329769,148.28607568659538,,bfgs,6,True,6.637890237470856e-12,True,0.14841123222507338,bernoulli,bernoulli,1,completed
rep18,start_B,8,bernoulli,-51.80091787881757,103.60183575763514,,bfgs,4,True,8.100187187665142e-14,True,0.1410759429093749,bernoulli,bernoulli,1,completed
rep18,start_B,8,poisson,-74.97486882760806,149.94973765521613,,bfgs,4,True,1.908251334725719e-12,True,0.02592428070705919,bernoulli,bernoulli,1,completed
rep18,start_B,3,bernoulli,-49.38049866602754,98.76099733205508,,bfgs,4,False,1.462819207986854e-08,False,0.5633794186531623,bernoulli,bernoulli,2,completed
rep18,start_B,3,poisson,-74.41172891658148,148.82345783316296,,bfgs,6,True,5.55310819549959e-10,False,0.12638850781802802,bernoulli,bernoulli,2,completed
rep18,start_B,4,bernoulli,-51.14212611642867,102.28425223285734,,bfgs,6,True,3.246647395371838e-12,True,0.320571847646566,bernoulli,bernoulli,2,completed
rep18,start_B,4,poisson,-74.74062350742277,149.48124701484554,,bfgs,7,True,2.280742261717705e-12,True,0.08655514706375163,bernoulli,bernoulli,2,completed
rep18,start_B,5,bernoulli,-49.421839756342706,98.84367951268541,,bfgs,6,True,7.350564601438237e-13,True,0.5269890313842134,bernoulli,bernoulli,2,completed
rep18,start_B,5,poisson,-74.2029125572105,148.405825114421,,bfgs,7,True,1.5774048733874224e-13,True,0.13751202746649832,bernoulli,bernoulli,2,completed
rep18,start_B,6,bernoulli,-50.55036257170357,101.10072514340715,,bfgs,5,True,1.1013412404281553e-13,True,0.39617761948942204,bernoulli,bernoulli,2,completed
rep18,start_B,6,poisson,-74.71019079709036,149.42038159418072,,bfgs,7,True,4.3485215428518133e-13,True,0.08716624928445961,bernoulli,bernoulli,2,completed
rep18,start_B,7,bernoulli,-45.81043076793537,91.62086153587074,,bfgs,5,True,5.954529314067259e-10,False,0.9002219567232409,bernoulli,bernoulli,2,completed
rep18,start_B,7,poisson,-73.3214642965547,146.6429285931094,,bfgs,9,True,8.417309516062233e-10,False,0.202457386085601,bernoulli,bernoulli,2,completed
rep18,start_B,8,bernoulli,-51.73519490138567,103.47038980277134,,bfgs,6,True,1.5987211554602255e-15,True,0.15713583916267887,bernoulli,bernoulli,2,completed
rep18,start_B,8,poisson,-74.97797299875042,149.95594599750083,,bfgs,6,False,3.885021726546256e-08,False,0.02325672101720296,bernoulli,bernoulli,2,completed
rep18,start_B,3,bernoulli,-48.26699389109643,96.53398778219287,,bfgs,6,False,1.0702646529026083e-07,False,0.6772560433963608,bernoulli,bernoulli,3,completed
rep18,start_B,3,poisson,-74.1540640951022,148.3081281902044,,bfgs,12,True,4.0547476487518e-11,True,0.14397124072120407,bernoulli,bernoulli,3,completed
rep18,start_B,4,bernoulli,-51.411283974168136,102.82256794833627,,bfgs,8,True,8.983480626056917e-13,True,0.24985565839797097,bernoulli,bernoulli,3,completed
rep18,start_B,4,poisson,-74.76555437292743,149.53110874585485,,bfgs,9,True,8.51576309468527e-12,True,0.07972384328941941,bernoulli,bernoulli,3,completed
rep18,start_B,5,bernoulli,-49.43031481859723,98.86062963719446,,bfgs,7,True,1.3417498223589064e-10,False,0.5040103850757338,bernoulli,bernoulli,3,completed
rep18,start_B,5,poisson,-74.15722804156363,148.31445608312725,,bfgs,9,True,2.7856472684106846e-11,True,0.1422121747894522,bernoulli,bernoulli,3,completed
rep18,start_B,6,bernoulli,-49.95011949915774,99.90023899831549,,bfgs,7,True,4.39213110325909e-12,True,0.44940396863008253,bernoulli,bernoulli,3,completed
rep18,start_B,6,poisson,-74.43813656408703,148.87627312817406,,bfgs,8,True,1.3221956862707885e-11,True,0.11610260825561168,bernoulli,bernoulli,3,completed
rep18,start_B,7,bernoulli,-46.28279260554558,92.56558521109116,,bfgs,8,True,1.872635380095744e-12,True,0.8484947859643356,bernoulli,bernoulli,3,completed
rep18,start_B,7,poisson,-73.26938210373092,146.53876420746184,,bfgs,11,True,3.898819045389246e-11,True,0.20919018502475112,bernoulli,bernoulli,3,completed
rep18,start_B,8,bernoulli,-51.686877259289986,103.37375451857997,,bfgs,7,True,1.9539925233402755e-14,True,0.16601755899753212,bernoulli,bernoulli,3,completed
rep18,start_B,8,poisson,-74.91932543632976,149.8386508726595,,bfgs,8,True,2.5634605549385013e-12,True,0.04558127144474677,bernoulli,bernoulli,3,completed
rep18,start_B,3,bernoulli,-47.77408247024044,95.54816494048087,,bfgs,7,True,7.72838962270761e-10,False,0.7135253467633186,bernoulli,bernoulli,4,completed
rep18,start_B,3,poisson,-74.30976934350923,148.61953868701846,,bfgs,14,True,9.111378318493735e-12,True,0.1278449811985591,bernoulli,bernoulli,4,completed
rep18,start_B,4,bernoulli,-50.50772595734135,101.0154519146827,,bfgs,9,True,8.359535286217579e-13,True,0.44881268657180484,bernoulli,bernoulli,4,completed
rep18,start_B,4,poisson,-73.95640148483135,147.9128029696627,,bfgs,9,True,1.479265143711217e-09,False,0.20126375558878457,bernoulli,bernoulli,4,completed
rep18,start_B,5,bernoulli,-48.25004390755701,96.50008781511401,,bfgs,9,True,8.905209902820844e-13,True,0.6980581187472796,bernoulli,bernoulli,4,completed
rep18,start_B,5,poisson,-73.15039944177052,146.30079888354103,,bfgs,13,True,2.2005952615700154e-12,True,0.2537578179313041,bernoulli,bernoulli,4,completed
rep18,start_B,6,bernoulli,-49.96937594172448,99.93875188344896,,bfgs,8,False,1.5141054809930665e-08,False,0.4384056751898518,bernoulli,bernoulli,4,completed
rep18,start_B,6,poisson,-74.40615811127759,148.81231622255518,,bfgs,10,True,3.1624702856447584e-12,True,0.12612782853964977,bernoulli,bernoulli,4,completed
rep18,start_B,7,bernoulli,-36.25607781593824,72.51215563187648,,bfgs,7,False,2.0557879018556767e-08,False,2.0550752624459308,bernoulli,bernoulli,4,completed
rep18,start_B,7,poisson,-69.3744816948698,138.7489633897396,,bfgs,15,True,6.118385353914845e-10,False,0.45479283685767924,bernoulli,bernoulli,4,completed
rep18,start_B,8,bernoulli,-51.49823825190401,102.99647650380803,,bfgs,9,True,2.894847250800581e-10,False,0.2026910986480774,bernoulli,bernoulli,4,completed
rep18,start_B,8,poisson,-74.5430041236328,149.0860082472656,,bfgs,10,True,2.8434588017489658e-12,True,0.1257474269259715,bernoulli,bernoulli,4,completed
rep18,start_B,3,bernoulli,-42.21187888461206,84.42375776922412,,bfgs,10,True,8.710469678874233e-10,False,1.414277197644026,bernoulli,bernoulli,5,completed
rep18,start_B,3,poisson,-73.44550501725024,146.89101003450048,,bfgs,14,True,3.852749408395084e-09,False,0.2387627226663475,bernoulli,bernoulli,5,completed
rep18,start_B,4,bernoulli,-49.37708045766457,98.75416091532914,,bfgs,9,True,1.6257128976349124e-11,True,0.5713963398100282,bernoulli,bernoulli,5,completed
rep18,start_B,4,poisson,-73.59834648197322,147.19669296394645,,bfgs,11,True,1.4887024391008196e-10,False,0.22844256028859175,bernoulli,bernoulli,5,completed
rep18,start_B,5,bernoulli,-37.3694109710389,74.7388219420778,,bfgs,10,True,3.104299040046499e-11,True,2.0343917184974902,bernoulli,bernoulli,5,completed
rep18,start_B,5,poisson,-70.11629658665706,140.23259317331411,,bfgs,12,True,5.69229796631987e-09,False,0.4438567364443353,bernoulli,bernoulli,5,completed
rep18,start_B,6,bernoulli,-48.25731048254692,96.51462096509384,,bfgs,9,False,1.3346250415935401e-08,False,0.6996776689128044,bernoulli,bernoulli,5,completed
rep18,start_B,6,poisson,-73.45493410043522,146.90986820087045,,bfgs,13,True,5.286619142452764e-10,False,0.2368817423553601,bernoulli,bernoulli,5,completed
rep18,start_B,7,bernoulli,-42.35260127918871,84.70520255837742,,bfgs,9,True,4.6919801377498516e-11,True,1.086663942135337,bernoulli,bernoulli,5,completed
rep18,start_B,7,poisson,-72.01367679702446,144.02735359404892,,bfgs,14,True,5.709532402420336e-10,False,0.2691149506444856,bernoulli,bernoulli,5,completed
rep18,start_B,8,bernoulli,-50.8980761348294,101.7961522696588,,bfgs,8,False,2.04389246594161e-07,False,0.4621301152470385,bernoulli,bernoulli,5,completed
rep18,start_B,8,poisson,-74.9063249405439,149.8126498810878,,bfgs,14,True,8.099725334886898e-11,True,0.056549705875290984,bernoulli,bernoulli,5,completed
rep19,start_B,3,bernoulli,-50.81520351330583,101.63040702661166,,bfgs,4,True,3.197442310920451e-15,True,0.3620014283836925,bernoulli,bernoulli,1,completed
rep19,start_B,3,poisson,-74.95083567825259,149.90167135650518,,bfgs,5,True,1.213251721310371e-13,True,0.03604761067318378,bernoulli,bernoulli,1,completed
rep19,start_B,4,bernoulli,-44.69421461640949,89.38842923281898,,bfgs,5,True,4.551026222543441e-13,True,1.0293836108407333,bernoulli,bernoulli,1,completed
rep19,start_B,4,poisson,-74.07999756725691,148.15999513451382,,bfgs,6,True,1.477995503762486e-12,True,0.15270345916024622,bernoulli,bernoulli,1,completed
rep19,start_B,5,bernoulli,-51.724698998374905,103.44939799674981,,bfgs,4,True,1.7763568394002506e-16,True,0.16785736216582423,bernoulli,bernoulli,1,completed
rep19,start_B,5,poisson,-74.99647186241911,149.99294372483823,,bfgs,5,True,5.329070518200751e-16,True,0.009709708711596807,bernoulli,bernoulli,1,completed
rep19,start_B,6,bernoulli,-48.763618483187976,97.52723696637595,,bfgs,3,True,2.6556534749033744e-12,True,0.6268044542902741,bernoulli,bernoulli,1,completed
rep19,start_B,6,poisson,-74.68621041101463,149.37242082202926,,bfgs,6,True,1.7704948618302296e-11,True,0.09029773931065954,bernoulli,bernoulli,1,completed
rep19,start_B,7,bernoulli,-49.55702069573681,99.11404139147362,,bfgs,5,True,4.440892098500626e-16,True,0.5352134155575141,bernoulli,bernoulli,1,completed
rep19,start_B,7,poisson,-73.81765506669933,147.63531013339866,,bfgs,5,True,7.993605777301127e-16,True,0.17894937435306577,bernoulli,bernoulli,1,completed
rep19,start_B,8,bernoulli,-49.06371448870566,98.12742897741133,,bfgs,3,True,1.817592742980878e-11,True,0.5931489886262726,bernoulli,bernoulli,1,completed
rep19,start_B,8,poisson,-74.72909006429317,149.45818012858635,,bfgs,8,True,1.4210854715202005e-15,True,0.08399384814188342,bernoulli,bernoulli,1,completed
rep19,start_B,3,bernoulli,-48.9422238774831,97.8844477549662,,bfgs,5,True,4.1980023901544427e-10,False,0.6318466680733745,bernoulli,bernoulli,2,completed
rep19,start_B,3,poisson,-73.80679152397883,147.61358304795766,,bfgs,7,True,1.0857093002414332e-12,True,0.19406745402448192,bernoulli,bernoulli,2,completed
rep19,start_B,4,bernoulli,-41.93194630940504,83.86389261881008,,bfgs,5,True,6.155584486577936e-10,False,1.242819033648736,bernoulli,bernoulli,2,completed
rep19,start_B,4,poisson,-73.84295139482938,147.68590278965877,,bfgs,8,True,1.3855760983005894e-10,False,0.16826883342199606,bernoulli,bernoulli,2,completed
rep19,start_B,5,bernoulli,-51.07719870013432,102.15439740026864,,bfgs,6,True,1.5987211554602255e-15,True,0.3308670096220541,bernoulli,bernoulli,2,completed
rep19,start_B,5,poisson,-74.36279483065053,148.72558966130106,,bfgs,6,True,6.261342555546889e-11,True,0.1394588718256383,bernoulli,bernoulli,2,completed
rep19,start_B,6,bernoulli,-48.4589249825245,96.917849965049,,bfgs,5,True,4.128075659082242e-12,True,0.629220149726878,bernoulli,bernoulli,2,completed
rep19,start_B,6,poisson,-74.83451747411587,149.66903494823174,,bfgs,9,True,3.242517365720232e-13,True,0.0629290731617533,bernoulli,bernoulli,2,completed
rep19,start_B,7,bernoulli,-39.61854135577091,79.23708271154182,,bfgs,6,True,8.472444079643538e-10,False,1.5346505150096634,bernoulli,bernoulli,2,completed
rep19,start_B,7,poisson,-70.15423566731968,140.30847133463936,,bfgs,9,True,1.57424295821329e-11,True,0.3742664195461052,bernoulli,bernoulli,2,completed
rep19,start_B,8,bernoulli,-42.1925259685363,84.3850519370726,,bfgs,5,True,1.464581345089755e-10,False,1.2680214906721041,bernoulli,bernoulli,2,completed
rep19,start_B,8,poisson,-74.17208458380352,148.34416916760705,,bfgs,9,True,8.476997148676447e-09,False,0.1491842057605653,bernoulli,bernoulli,2,completed
rep19,start_B,3,bernoulli,-48.145672837286924,96.29134567457385,,bfgs,7,True,1.6964207816272393e-14,True,0.6797157542345901,bernoulli,bernoulli,3,completed
rep19,start_B,3,poisson,-73.61234875419083,147.22469750838167,,bfgs,11,True,1.0094876046196077e-10,False,0.1917838083801944,bernoulli,bernoulli,3,completed
rep19,start_B,4,bernoulli,-28.810526820776225,57.62105364155245,,bfgs,8,True,2.5557218563676544e-10,False,2.9677594628957533,bernoulli,bernoulli,3,completed
rep19,start_B,4,poisson,-72.0374869673602,144.0749739347204,,bfgs,21,True,2.8917998662336687e-09,False,0.2809730836700038,bernoulli,bernoulli,3,completed
rep19,start_B,5,bernoulli,-51.05207709984711,102.10415419969422,,bfgs,7,True,5.677236458723201e-13,True,0.31644782811699995,bernoulli,bernoulli,3,completed
rep19,start_B,5,poisson,-74.26511485133359,148.53022970266719,,bfgs,10,True,2.1734698485431637e-10,False,0.1395711049388875,bernoulli,bernoulli,3,completed
rep19,start_B,6,bernoulli,-47.419990486058204,94.83998097211641,,bfgs,8,True,2.6688518062201182e-11,True,0.7531304994806648,bernoulli,bernoulli,3,completed
rep19,start_B,6,poisson,-74.13412665009483,148.26825330018966,,bfgs,10,True,6.789395712303304e-11,True,0.16108135330919987,bernoulli,bernoulli,3,completed
rep19,start_B,7,bernoulli,-40.216551726476574,80.43310345295315,,bfgs,7,True,4.661217190005118e-10,False,1.3673398669970944,bernoulli,bernoulli,3,completed
rep19,start_B,7,poisson,-70.5239561429199,141.0479122858398,,bfgs,10,True,2.244164676312721e-09,False,0.32935492566452856,bernoulli,bernoulli,3,completed
rep19,start_B,8,bernoulli,-40.67417425295052,81.34834850590104,,bfgs,7,True,1.2068517296626169e-09,False,1.31448624242979,bernoulli,bernoulli,3,completed
rep19,start_B,8,poisson,-73.93628659384201,147.87257318768403,,bfgs,12,True,8.473049817325773e-10,False,0.16035022458552858,bernoulli,bernoulli,3,completed
rep19,start_B,3,bernoulli,-44.608433496603936,89.21686699320787,,bfgs,7,True,2.0363011277169107e-10,False,1.2369451235348703,bernoulli,bernoulli,4,completed
rep19,start_B,3,poisson,-73.52574657599352,147.05149315198705,,bfgs,12,True,1.1514891262720539e-10,False,0.22419471104944208,bernoulli,bernoulli,4,completed
rep19,start_B,4,bernoulli,-30.715864570238534,61.43172914047707,,bfgs,8,True,1.708653618592848e-09,False,2.492736841772651,bernoulli,bernoulli,4,completed
rep19,start_B,4,poisson,-72.15363285599054,144.30726571198107,,bfgs,24,False,2.9173490423417546e-08,False,0.2532700392674307,bernoulli,bernoulli,4,completed
rep19,start_B,5,bernoulli,-48.02161083643074,96.04322167286148,,bfgs,8,True,1.9324275513099565e-11,True,0.8747800156458934,bernoulli,bernoulli,4,completed
rep19,start_B,5,poisson,-74.03084934786423,148.06169869572847,,bfgs,9,True,2.677125188199625e-12,True,0.18038570769021353,bernoulli,bernoulli,4,completed
rep19,start_B,6,bernoulli,-46.35759812956043,92.71519625912086,,bfgs,9,True,6.245532979676227e-11,True,0.8738711765609729,bernoulli,bernoulli,4,completed
rep19,start_B,6,poisson,-74.21126747612645,148.4225349522529,,bfgs,12,False,1.521925532266266e-08,False,0.14428797759986886,bernoulli,bernoulli,4,completed
rep19,start_B,7,bernoulli,-35.943174352068915,71.88634870413783,,bfgs,8,True,2.3027180162671357e-10,False,1.675902825529547,bernoulli,bernoulli,4,completed
rep19,start_B,7,poisson,-70.34176038997646,140.68352077995291,,bfgs,12,False,2.292723202401703e-08,False,0.3157937799721367,bernoulli,bernoulli,4,completed
rep19,start_B,8,bernoulli,-35.749486793160585,71.49897358632117,,bfgs,8,True,5.430300209496863e-10,False,1.8651094699705766,bernoulli,bernoulli,4,completed
rep19,start_B,8,poisson,-72.47359703505083,144.94719407010166,,bfgs,16,True,2.352487404877479e-09,False,0.28313519843096574,bernoulli,bernoulli,4,completed
rep19,start_B,3,bernoulli,-47.111316023374954,94.22263204674991,,bfgs,8,False,1.501729511854677e-08,False,0.8495922037405998,bernoulli,bernoulli,5,completed
rep19,start_B,3,poisson,-73.61123218656256,147.22246437312512,,bfgs,14,False,3.345729729514746e-08,False,0.20832636723095277,bernoulli,bernoulli,5,completed
rep19,start_B,4,bernoulli,-27.820347601448923,55.640695202897845,,bfgs,14,True,2.3725624798132115e-10,False,2.931214703888914,bernoulli,bernoulli,5,completed
rep19,start_B,4,poisson,-71.90402308121081,143.80804616242162,,bfgs,38,True,5.053258700371543e-10,False,0.2865951645171167,bernoulli,bernoulli,5,completed
rep19,start_B,5,bernoulli,-47.17852878651946,94.35705757303892,,bfgs,10,True,1.0197886979312897e-11,True,1.019052775868348,bernoulli,bernoulli,5,completed
rep19,start_B,5,poisson,-73.17315268287294,146.34630536574588,,bfgs,14,True,2.8977161337095937e-09,False,0.27471723628816325,bernoulli,bernoulli,5,completed
rep19,start_B,6,bernoulli,-45.16136638781383,90.32273277562766,,bfgs,9,True,1.4805848880250494e-09,False,1.069482297919527,bernoulli,bernoulli,5,completed
rep19,start_B,6,poisson,-73.13402829618546,146.26805659237093,,bfgs,14,True,4.146562027074196e-09,False,0.2783665382918531,bernoulli,bernoulli,5,completed
rep19,start_B,7,bernoulli,-31.99685459962213,63.99370919924426,,bfgs,8,False,2.0161006375474243e-08,False,2.2952139620180785,bernoulli,bernoulli,5,completed
rep19,start_B,7,poisson,-68.7739834857197,137.5479669714394,,bfgs,22,False,4.269527451583599e-08,False,0.4011609788993824,bernoulli,bernoulli,5,completed
rep19,start_B,8,bernoulli,-25.652214507977355,51.30442901595471,,bfgs,13,True,1.7799178797517357e-12,True,3.5307513027505157,bernoulli,bernoulli,5,completed
rep19,start_B,8,poisson,-71.65594402699567,143.31188805399134,,bfgs,24,False,4.3769571664853404e-07,False,0.31813129305153165,bernoulli,bernoulli,5,completed
rep20,start_B,3,bernoulli,-50.97297805070389,101.94595610140777,,bfgs,4,True,5.331335373170987e-11,True,0.3345547540398419,bernoulli,bernoulli,1,completed
rep20,start_B,3,poisson,-74.9937094400481,149.9874188800962,,bfgs,4,True,4.436683909148087e-10,False,0.012946575587411257,bernoulli,bernoulli,1,completed
rep20,start_B,4,bernoulli,-44.62747489182409,89.25494978364819,,bfgs,3,True,5.648768119925762e-11,True,1.0135050465315598,bernoulli,bernoulli,1,completed
rep20,start_B,4,poisson,-74.23478092532353,148.46956185064707,,bfgs,6,True,5.055511564933113e-13,True,0.14140974432689207,bernoulli,bernoulli,1,completed
rep20,start_B,5,bernoulli,-50.55473392785725,101.1094678557145,,bfgs,3,True,2.220146733122874e-10,False,0.4005904080529038,bernoulli,bernoulli,1,completed
rep20,start_B,5,poisson,-74.97034902934816,149.9406980586963,,bfgs,5,True,9.547918011776346e-16,True,0.028090971512193814,bernoulli,bernoulli,1,completed
rep20,start_B,6,bernoulli,-51.9393035792535,103.878607158507,,bfgs,4,True,7.589887829340114e-10,False,0.07066187386042799,bernoulli,bernoulli,1,completed
rep20,start_B,6,poisson,-74.90199039767148,149.80398079534297,,bfgs,4,True,4.618527782440651e-15,True,0.05115002246134347,bernoulli,bernoulli,1,completed
rep20,start_B,7,bernoulli,-46.89944646404358,93.79889292808716,,bfgs,4,True,5.407896352949138e-14,True,0.8068742840979732,bernoulli,bernoulli,1,completed
rep20,start_B,7,poisson,-72.7171309367565,145.434261873513,,bfgs,7,True,1.1546319456101628e-14,True,0.2435560752046942,bernoulli,bernoulli,1,completed
rep20,start_B,8,bernoulli,-48.56574660061913,97.13149320123826,,bfgs,3,True,2.7844393457598927e-14,True,0.6416491347140423,bernoulli,bernoulli,1,completed
rep20,start_B,8,poisson,-73.24511798387346,146.4902359677469,,bfgs,5,True,6.0240701316161e-14,True,0.21431920586705108,bernoulli,bernoulli,1,completed
rep20,start_B,3,bernoulli,-49.03050825210134,98.06101650420268,,bfgs,5,True,4.844891154931474e-10,False,0.6263536301325493,bernoulli,bernoulli,2,completed
rep20,start_B,3,poisson,-74.85858531022018,149.71717062044036,,bfgs,10,True,1.6657053514279596e-10,False,0.06429620771536276,bernoulli,bernoulli,2,completed
rep20,start_B,4,bernoulli,-42.48539175666137,84.97078351332274,,bfgs,6,True,1.121369663792393e-12,True,1.1567105574377516,bernoulli,bernoulli,2,completed
rep20,start_B,4,poisson,-73.32107440186121,146.64214880372242,,bfgs,9,True,2.941095145203576e-11,True,0.21186384420532745,bernoulli,bernoulli,2,completed
rep20,start_B,5,bernoulli,-49.86540307969605,99.7308061593921,,bfgs,4,True,3.806848170029298e-11,True,0.48229792934479143,bernoulli,bernoulli,2,completed
rep20,start_B,5,poisson,-74.94714921705236,149.8942984341047,,bfgs,6,True,4.5560204497974154e-10,False,0.035249527894078134,bernoulli,bernoulli,2,completed
rep20,start_B,6,bernoulli,-46.50756923877221,93.01513847754443,,bfgs,3,False,2.2614545887034153e-07,False,0.9660002189444651,bernoulli,bernoulli,2,completed
rep20,start_B,6,poisson,-74.280517569272,148.561035138544,,bfgs,9,True,1.2186723852281034e-10,False,0.14059168051263882,bernoulli,bernoulli,2,completed
rep20,start_B,7,bernoulli,-46.76848525992875,93.5369705198575,,bfgs,8,True,9.89088810854355e-12,True,0.7928006887314908,bernoulli,bernoulli,2,completed
rep20,start_B,7,poisson,-72.36550908767536,144.73101817535073,,bfgs,10,True,2.58345789205805e-11,True,0.26314590038304725,bernoulli,bernoulli,2,completed
rep20,start_B,8,bernoulli,-46.807305649135046,93.61461129827009,,bfgs,5,True,5.422012394618036e-10,False,0.8108072884641466,bernoulli,bernoulli,2,completed
rep20,start_B,8,poisson,-72.31793188078063,144.63586376156127,,bfgs,6,True,2.0022752789117247e-09,False,0.27320975981357265,bernoulli,bernoulli,2,completed
rep20,start_B,3,bernoulli,-49.144632325006846,98.28926465001369,,bfgs,7,True,4.6168542322533314e-10,False,0.6101460524271718,bernoulli,bernoulli,3,completed
rep20,start_B,3,poisson,-74.50106577336845,149.0021315467369,,bfgs,10,False,3.331867355349516e-08,False,0.12880754175499343,bernoulli,bernoulli,3,completed
rep20,start_B,4,bernoulli,-44.46591607103694,88.93183214207389,,bfgs,7,True,8.817229169011398e-10,False,0.9317512720799712,bernoulli,bernoulli,3,completed
rep20,start_B,4,poisson,-74.15955098647746,148.3191019729549,,bfgs,11,True,5.180782469693668e-11,True,0.13397092525825346,bernoulli,bernoulli,3,completed
rep20,start_B,5,bernoulli,-49.54360986720347,99.08721973440694,,bfgs,6,False,3.95386424045796e-08,False,0.49133075285537503,bernoulli,bernoulli,3,completed
rep20,start_B,5,poisson,-74.86224771032873,149.72449542065746,,bfgs,9,True,2.581885105712445e-09,False,0.05850426796366928,bernoulli,bernoulli,3,completed
rep20,start_B,6,bernoulli,-39.61455810051448,79.22911620102896,,bfgs,7,True,1.1510792319313623e-13,True,1.6949371385722025,bernoulli,bernoulli,3,completed
rep20,start_B,6,poisson,-72.25062365755348,144.50124731510695,,bfgs,13,False,5.390284156248093e-08,False,0.30103112559976297,bernoulli,bernoulli,3,completed
rep20,start_B,7,bernoulli,-45.42244897083832,90.84489794167663,,bfgs,7,True,1.0331929423124108e-09,False,0.924587090009486,bernoulli,bernoulli,3,completed
rep20,start_B,7,poisson,-72.17381463709467,144.34762927418933,,bfgs,12,True,4.423263511021957e-09,False,0.25823710684566653,bernoulli,bernoulli,3,completed
rep20,start_B,8,bernoulli,-46.860926994316046,93.72185398863209,,bfgs,8,True,5.90918203258184e-11,True,0.7907417842022564,bernoulli,bernoulli,3,completed
rep20,start_B,8,poisson,-72.76171749338137,145.52343498676274,,bfgs,12,True,5.805102709643961e-09,False,0.22421632196082397,bernoulli,bernoulli,3,completed
rep20,start_B,3,bernoulli,-49.23599211553078,98.47198423106155,,bfgs,8,True,1.2796430581829554e-12,True,0.5184767085916135,bernoulli,bernoulli,4,completed
rep20,start_B,3,poisson,-74.79293135154577,149.58586270309155,,bfgs,10,True,1.3234635609649104e-11,True,0.07353460239398532,bernoulli,bernoulli,4,completed
rep20,start_B,4,bernoulli,-44.481914265953684,88.96382853190737,,bfgs,7,False,8.593878706442126e-08,False,0.8471080742353869,bernoulli,bernoulli,4,completed
rep20,start_B,4,poisson,-73.97356379204234,147.94712758408468,,bfgs,13,True,6.63767629749401e-10,False,0.1400471299940075,bernoulli,bernoulli,4,completed
rep20,start_B,5,bernoulli,-49.26133872170401,98.52267744340801,,bfgs,8,True,1.4599661923853092e-09,False,0.5706051902829995,bernoulli,bernoulli,4,completed
rep20,start_B,5,poisson,-74.51573610240553,149.03147220481105,,bfgs,9,True,5.052367413327374e-11,True,0.1352726954137001,bernoulli,bernoulli,4,completed
rep20,start_B,6,bernoulli,-42.697839002742356,85.39567800548471,,bfgs,9,True,3.518252356116136e-11,True,1.3340036716245696,bernoulli,bernoulli,4,completed
rep20,start_B,6,poisson,-73.35654297966236,146.71308595932473,,bfgs,10,False,8.885333383501503e-08,False,0.21694216085490453,bernoulli,bernoulli,4,completed
rep20,start_B,7,bernoulli,-44.62605983784413,89.25211967568826,,bfgs,8,False,1.567544686276179e-08,False,0.974205401848516,bernoulli,bernoulli,4,completed
rep20,start_B,7,poisson,-72.20978177384487,144.41956354768973,,bfgs,14,True,2.369437979155009e-12,True,0.23461474539979668,bernoulli,bernoulli,4,completed
rep20,start_B,8,bernoulli,-45.899277438861915,91.79855487772383,,bfgs,9,True,6.419824671866081e-11,True,0.8549462816201716,bernoulli,bernoulli,4,completed
rep20,start_B,8,poisson,-72.20693902956884,144.4138780591377,,bfgs,14,False,1.9948448937157082e-08,False,0.25459550218486854,bernoulli,bernoulli,4,completed
rep20,start_B,3,bernoulli,-48.03394330156866,96.06788660313732,,bfgs,10,True,2.6442092959655385e-11,True,0.7100954145011584,bernoulli,bernoulli,5,completed
rep20,start_B,3,poisson,-74.41782291546689,148.83564583093377,,bfgs,14,False,2.5891745449868606e-07,False,0.13417025935032395,bernoulli,bernoulli,5,completed
rep20,start_B,4,bernoulli,-44.068766017364396,88.13753203472879,,bfgs,9,True,2.331384685305693e-09,False,0.876071688610101,bernoulli,bernoulli,5,completed
rep20,start_B,4,poisson,-73.90481695518093,147.80963391036187,,bfgs,15,True,1.7357003612161747e-10,False,0.14607217255058966,bernoulli,bernoulli,5,completed
rep20,start_B,5,bernoulli,-47.935771023244,95.871542046488,,bfgs,10,True,5.438391958989541e-11,True,0.6874929120745386,bernoulli,bernoulli,5,completed
rep20,start_B,5,poisson,-74.63142834060115,149.2628566812023,,bfgs,16,True,3.256046987587524e-10,False,0.10841566143912881,bernoulli,bernoulli,5,completed
rep20,start_B,6,bernoulli,-40.18255708026182,80.36511416052365,,bfgs,10,True,2.2729818027755755e-11,True,1.4813763258650274,bernoulli,bernoulli,5,completed
rep20,start_B,6,poisson,-72.40866232063637,144.81732464127273,,bfgs,15,True,1.2663518234035109e-09,False,0.2721218663437775,bernoulli,bernoulli,5,completed
rep20,start_B,7,bernoulli,-45.0124333109536,90.0248666219072,,bfgs,9,True,4.506905959544838e-10,False,0.9020090360998497,bernoulli,bernoulli,5,completed
rep20,start_B,7,poisson,-71.94028633067406,143.8805726613481,,bfgs,16,True,1.3699865242244868e-09,False,0.2578012349721465,bernoulli,bernoulli,5,completed
rep20,start_B,8,bernoulli,-46.3453431725956,92.6906863451912,,bfgs,9,True,5.17852427606158e-13,True,0.7445235876864421,bernoulli,bernoulli,5,completed
rep20,start_B,8,poisson,-72.46813120485098,144.93626240970195,,bfgs,11,True,1.7609998792522675e-09,False,0.21825209766469947,bernoulli,bernoulli,5,completed
