replicate,start_label,column,candidate_family,score,neg2_score,sigma_sq,optimizer,optimiser_iterations,optimiser_converged,optimiser_gradient_inf,scipy_success,loading_norm,family_x_true,selected_family,k,dataset_status
rep01,start_B,3,bernoulli,-51.4284403738729,102.8568807477458,,bfgs,5,True,3.552713678800501e-16,True,0.24647651365717954,bernoulli,bernoulli,1,completed
rep01,start_B,3,poisson,-74.93667712987852,149.87335425975704,,bfgs,5,True,8.348877145181177e-15,True,0.04135544030743678,bernoulli,bernoulli,1,completed
rep01,start_B,4,bernoulli,-49.653756060789995,99.30751212157999,,bfgs,4,True,9.663381206337362e-14,True,0.5215010492929513,bernoulli,bernoulli,1,completed
rep01,start_B,4,poisson,-73.0571579353149,146.1143158706298,,bfgs,5,True,8.881784197001252e-16,True,0.23240169004077657,bernoulli,bernoulli,1,completed
rep01,start_B,5,bernoulli,-51.96009376900249,103.92018753800498,,bfgs,4,True,6.710187960834446e-14,True,0.05263238346189926,bernoulli,bernoulli,1,completed
rep01,start_B,5,poisson,-74.49696705593502,148.99393411187003,,bfgs,4,True,3.7392311469375274e-14,True,0.11758507217346535,bernoulli,bernoulli,1,completed
rep01,start_B,6,bernoulli,-51.52200683726446,103.04401367452893,,bfgs,4,True,9.175860071763964e-12,True,0.224447973797529,bernoulli,bernoulli,1,completed
rep01,start_B,6,poisson,-74.91916935693459,149.83833871386918,,bfgs,5,True,6.661338147750939e-16,True,0.04675905118177481,bernoulli,bernoulli,1,completed
rep01,start_B,7,bernoulli,-49.605755638869596,99.21151127773919,,bfgs,5,True,2.1893598045608086e-14,True,0.527327433128991,bernoulli,bernoulli,1,completed
rep01,start_B,7,poisson,-73.03582743623001,146.07165487246002,,bfgs,5,True,2.0167459924280707e-10,False,0.23367669636134697,bernoulli,bernoulli,1,completed
rep01,start_B,8,bernoulli,-51.565161703413835,103.13032340682767,,bfgs,4,True,3.7759684268223737e-11,True,0.21358118363894,bernoulli,bernoulli,1,completed
rep01,start_B,8,poisson,-74.08539754442563,148.17079508885126,,bfgs,3,False,4.0924666320218963e-07,False,0.1590440414229463,bernoulli,bernoulli,1,completed
rep01,start_B,3,bernoulli,-46.07761535672901,92.15523071345802,,bfgs,5,True,5.257005941672333e-12,True,0.8809133167503059,bernoulli,bernoulli,2,completed
rep01,start_B,3,poisson,-73.89157283872252,147.78314567744505,,bfgs,10,True,1.13420384195706e-12,True,0.17905480197421986,bernoulli,bernoulli,2,completed
rep01,start_B,4,bernoulli,-49.75007179642908,99.50014359285817,,bfgs,5,True,3.3729907755741807e-12,True,0.5105815901344531,bernoulli,bernoulli,2,completed
rep01,start_B,4,poisson,-72.97492882747244,145.94985765494488,,bfgs,6,True,4.4417539091234914e-11,True,0.23802475474873916,bernoulli,bernoulli,2,completed
rep01,start_B,5,bernoulli,-47.75786321577833,95.51572643155666,,bfgs,6,True,5.009326287108706e-14,True,0.7307004364508431,bernoulli,bernoulli,2,completed
rep01,start_B,5,poisson,-73.27426279395031,146.54852558790063,,bfgs,10,True,1.6046236339661847e-09,False,0.20708398236032505,bernoulli,bernoulli,2,completed
rep01,start_B,6,bernoulli,-43.731100054330284,87.46220010866057,,bfgs,5,True,4.365157124652797e-11,True,1.1246544329755819,bernoulli,bernoulli,2,completed
rep01,start_B,6,poisson,-73.00830475415268,146.01660950830535,,bfgs,9,True,9.647260768019805e-10,False,0.21812287762513027,bernoulli,bernoulli,2,completed
rep01,start_B,7,bernoulli,-46.00797742266983,92.01595484533966,,bfgs,5,True,4.263389641323556e-11,True,0.8903038347879947,bernoulli,bernoulli,2,completed
rep01,start_B,7,poisson,-71.82031930986057,143.64063861972113,,bfgs,8,False,1.5900828009840494e-08,False,0.28920923757686245,bernoulli,bernoulli,2,completed
rep01,start_B,8,bernoulli,-50.816269261131296,101.63253852226259,,bfgs,6,True,1.1324274851176597e-14,True,0.35481160201848067,bernoulli,bernoulli,2,completed
rep01,start_B,8,poisson,-73.78074042972158,147.56148085944315,,bfgs,7,True,1.1985870074227022e-10,False,0.1795159903207794,bernoulli,bernoulli,2,completed
rep01,start_B,3,bernoulli,-46.207853804421255,92.41570760884251,,bfgs,7,True,2.2546089439856586e-10,False,0.8384371775025852,bernoulli,bernoulli,3,completed
rep01,start_B,3,poisson,-73.79376915052168,147.58753830104337,,bfgs,11,True,6.679744202209293e-10,False,0.17905425261104496,bernoulli,bernoulli,3,completed
rep01,start_B,4,bernoulli,-49.4320001732612,98.8640003465224,,bfgs,6,True,1.4809486970079889e-12,True,0.5474590408381451,bernoulli,bernoulli,3,completed
rep01,start_B,4,poisson,-72.37093345343445,144.7418669068689,,bfgs,9,True,1.455686460261063e-10,False,0.2774019455961957,bernoulli,bernoulli,3,completed
rep01,start_B,5,bernoulli,-45.640010953892,91.280021907784,,bfgs,7,False,2.4599572434613748e-08,False,0.9598859123315571,bernoulli,bernoulli,3,completed
rep01,start_B,5,poisson,-72.03423629642631,144.06847259285263,,bfgs,13,True,1.155697759713803e-11,True,0.3018989261209801,bernoulli,bernoulli,3,completed
rep01,start_B,6,bernoulli,-42.761218515158546,85.52243703031709,,bfgs,7,False,1.0123088900471089e-08,False,1.2025101508893223,bernoulli,bernoulli,3,completed
rep01,start_B,6,poisson,-72.3613966807829,144.7227933615658,,bfgs,8,True,3.7133112584797344e-09,False,0.263890706136881,bernoulli,bernoulli,3,completed
rep01,start_B,7,bernoulli,-45.284415485756014,90.56883097151203,,bfgs,7,True,3.697362416232863e-11,True,0.9415783341137299,bernoulli,bernoulli,3,completed
rep01,start_B,7,poisson,-71.67360409249883,143.34720818499767,,bfgs,10,True,3.2759001400428645e-09,False,0.27610779511195965,bernoulli,bernoulli,3,completed
rep01,start_B,8,bernoulli,-49.625280132720704,99.25056026544141,,bfgs,8,True,1.7318910749963834e-10,False,0.5285690863680765,bernoulli,bernoulli,3,completed
rep01,start_B,8,poisson,-73.44086564947231,146.88173129894463,,bfgs,9,False,8.064601462187681e-08,False,0.19069412580767137,bernoulli,bernoulli,3,completed
rep01,start_B,3,bernoulli,-46.44781041152883,92.89562082305766,,bfgs,7,False,1.1329095679357693e-07,False,0.8047698432430088,bernoulli,bernoulli,4,completed
rep01,start_B,3,poisson,-73.75040753823968,147.50081507647937,,bfgs,12,True,5.753363563343328e-10,False,0.17740275276003598,bernoulli,bernoulli,4,completed
rep01,start_B,4,bernoulli,-47.517545170421414,95.03509034084283,,bfgs,8,True,8.081992852737585e-11,True,0.8833197751493532,bernoulli,bernoulli,4,completed
rep01,start_B,4,poisson,-72.29257595154323,144.58515190308646,,bfgs,14,True,1.7746280556174554e-09,False,0.2813952934027971,bernoulli,bernoulli,4,completed
rep01,start_B,5,bernoulli,-45.578301896825266,91.15660379365053,,bfgs,7,True,2.694511280765255e-12,True,0.8735942130554226,bernoulli,bernoulli,4,completed
rep01,start_B,5,poisson,-72.50217806084065,145.0043561216813,,bfgs,12,False,1.945173577766468e-08,False,0.2530763294376735,bernoulli,bernoulli,4,completed
rep01,start_B,6,bernoulli,-42.80160060844274,85.60320121688548,,bfgs,8,True,5.039169082010631e-12,True,1.0989477567132362,bernoulli,bernoulli,4,completed
rep01,start_B,6,poisson,-72.80771250733649,145.61542501467298,,bfgs,13,True,2.4168145262848384e-10,False,0.22089360766488436,bernoulli,bernoulli,4,completed
rep01,start_B,7,bernoulli,-44.60607179011013,89.21214358022026,,bfgs,6,False,9.540868415314207e-08,False,0.9478342082773884,bernoulli,bernoulli,4,completed
rep01,start_B,7,poisson,-71.95154427688027,143.90308855376054,,bfgs,13,True,5.957834225966963e-11,True,0.2595150838870273,bernoulli,bernoulli,4,completed
rep01,start_B,8,bernoulli,-48.43903677551294,96.87807355102588,,bfgs,8,True,7.889040531949831e-11,True,0.6929164627361093,bernoulli,bernoulli,4,completed
rep01,start_B,8,poisson,-73.53413925040832,147.06827850081663,,bfgs,10,True,7.554593040026702e-09,False,0.19465193073119036,bernoulli,bernoulli,4,completed
rep01,start_B,3,bernoulli,-45.2772918660503,90.5545837321006,,bfgs,9,True,5.989542792295133e-09,False,0.8715977951010302,bernoulli,bernoulli,5,completed
rep01,start_B,3,poisson,-73.41591560850785,146.8318312170157,,bfgs,14,True,2.3602044818549218e-09,False,0.20426893037953522,bernoulli,bernoulli,5,completed
rep01,start_B,4,bernoulli,-40.48805835536679,80.97611671073358,,bfgs,10,True,1.0947065476329953e-11,True,1.7265728748992737,bernoulli,bernoulli,5,completed
rep01,start_B,4,poisson,-70.96929457264925,141.9385891452985,,bfgs,14,False,2.752893681901014e-08,False,0.34877628602962657,bernoulli,bernoulli,5,completed
rep01,start_B,5,bernoulli,-45.33226408854946,90.66452817709892,,bfgs,8,True,1.0858676180447446e-10,False,0.8542900368354349,bernoulli,bernoulli,5,completed
rep01,start_B,5,poisson,-71.9237076330368,143.8474152660736,,bfgs,15,True,3.2590730114634427e-11,True,0.2774301553028101,bernoulli,bernoulli,5,completed
rep01,start_B,6,bernoulli,-34.42193743658439,68.84387487316879,,bfgs,10,True,1.1622670825772729e-09,False,2.230287893803786,bernoulli,bernoulli,5,completed
rep01,start_B,6,poisson,-71.05735923143267,142.11471846286534,,bfgs,21,True,3.6750221310555277e-09,False,0.34736873772096616,bernoulli,bernoulli,5,completed
rep01,start_B,7,bernoulli,-41.38130911882955,82.7626182376591,,bfgs,8,True,5.352798471136566e-09,False,1.3074875177779515,bernoulli,bernoulli,5,completed
rep01,start_B,7,poisson,-70.39478342027044,140.78956684054089,,bfgs,15,False,1.4388118163566333e-08,False,0.3457456797995613,bernoulli,bernoulli,5,completed
rep01,start_B,8,bernoulli,-49.271396633982725,98.54279326796545,,bfgs,9,True,6.317395495614165e-11,True,0.5506800927955317,bernoulli,bernoulli,5,completed
rep01,start_B,8,poisson,-73.25713542525408,146.51427085050815,,bfgs,10,False,2.37427548555047e-07,False,0.20578602441792868,bernoulli,bernoulli,5,completed
rep02,start_B,3,bernoulli,-51.95508325901303,103.91016651802606,,bfgs,4,False,4.6750649573823466e-08,False,0.05750114911424308,bernoulli,bernoulli,1,completed
rep02,start_B,3,poisson,-74.9054979396432,149.8109958792864,,bfgs,5,True,6.217248937900876e-16,True,0.05050231293155099,bernoulli,bernoulli,1,completed
rep02,start_B,4,bernoulli,-45.66638012620747,91.33276025241494,,bfgs,4,True,1.4577228313328307e-14,True,0.938967003984798,bernoulli,bernoulli,1,completed
rep02,start_B,4,poisson,-72.94326805684004,145.88653611368008,,bfgs,6,True,6.1728400169158705e-15,True,0.2369126925195111,bernoulli,bernoulli,1,completed
rep02,start_B,5,bernoulli,-51.41089308476776,102.82178616953551,,bfgs,4,True,5.329070518200751e-15,True,0.2508145911787177,bernoulli,bernoulli,1,completed
rep02,start_B,5,poisson,-74.97477689616206,149.9495537923241,,bfgs,5,True,2.5375257450832577e-13,True,0.025835425909336015,bernoulli,bernoulli,1,completed
rep02,start_B,6,bernoulli,-49.14861686302296,98.29723372604592,,bfgs,4,True,2.095024154158409e-12,True,0.5847089684423531,bernoulli,bernoulli,1,completed
rep02,start_B,6,poisson,-74.63760912031539,149.27521824063078,,bfgs,6,True,2.293276679665723e-13,True,0.09663909240054498,bernoulli,bernoulli,1,completed
rep02,start_B,7,bernoulli,-51.066066862829544,102.13213372565909,,bfgs,4,True,2.6645352591003756e-16,True,0.31959009252773973,bernoulli,bernoulli,1,completed
rep02,start_B,7,poisson,-74.51107035114515,149.0221407022903,,bfgs,4,True,4.549671750453399e-12,True,0.11542946801839128,bernoulli,bernoulli,1,completed
rep02,start_B,8,bernoulli,-51.35664065690361,102.71328131380722,,bfgs,4,True,1.9113599591946694e-13,True,0.2626865638113431,bernoulli,bernoulli,1,completed
rep02,start_B,8,poisson,-74.61949310106823,149.23898620213646,,bfgs,4,True,1.773470259536225e-12,True,0.10175289101392937,bernoulli,bernoulli,1,completed
rep02,start_B,3,bernoulli,-47.1616679487268,94.3233358974536,,bfgs,5,True,2.279157973461565e-11,True,0.8373589650390451,bernoulli,bernoulli,2,completed
rep02,start_B,3,poisson,-74.30720453737828,148.61440907475657,,bfgs,8,True,2.1155432960995313e-10,False,0.1378539222053481,bernoulli,bernoulli,2,completed
rep02,start_B,4,bernoulli,-44.897652309197554,89.79530461839511,,bfgs,6,True,3.779064083886397e-09,False,0.9814047695031409,bernoulli,bernoulli,2,completed
rep02,start_B,4,poisson,-72.72922980852232,145.45845961704464,,bfgs,8,False,1.215982922020409e-07,False,0.2395769164493613,bernoulli,bernoulli,2,completed
rep02,start_B,5,bernoulli,-51.359987084465274,102.71997416893055,,bfgs,6,True,5.0359716396997103e-14,True,0.2652325157479012,bernoulli,bernoulli,2,completed
rep02,start_B,5,poisson,-74.67427461959622,149.34854923919244,,bfgs,7,True,5.133224151299132e-10,False,0.09854829707776427,bernoulli,bernoulli,2,completed
rep02,start_B,6,bernoulli,-47.84511904620328,95.69023809240656,,bfgs,4,False,1.0169781239355302e-08,False,0.7294557549336506,bernoulli,bernoulli,2,completed
rep02,start_B,6,poisson,-73.98615775976798,147.97231551953595,,bfgs,10,True,1.1534861954487497e-11,True,0.16553194207039212,bernoulli,bernoulli,2,completed
rep02,start_B,7,bernoulli,-50.85927896821456,101.71855793642912,,bfgs,6,True,7.771561172376096e-16,True,0.34625201685526974,bernoulli,bernoulli,2,completed
rep02,start_B,7,poisson,-74.49214853095903,148.98429706191806,,bfgs,7,True,3.0044855492405984e-13,True,0.11321775080518938,bernoulli,bernoulli,2,completed
rep02,start_B,8,bernoulli,-50.13709271656396,100.27418543312793,,bfgs,6,True,2.589040093425865e-14,True,0.4792185173141348,bernoulli,bernoulli,2,completed
rep02,start_B,8,poisson,-73.9809369836047,147.9618739672094,,bfgs,6,True,1.9250041578128263e-09,False,0.17103082858507232,bernoulli,bernoulli,2,completed
rep02,start_B,3,bernoulli,-48.28838722463303,96.57677444926605,,bfgs,6,True,4.83732165434958e-11,True,0.7002229461379482,bernoulli,bernoulli,3,completed
rep02,start_B,3,poisson,-74.42419086103045,148.8483817220609,,bfgs,11,True,1.0653433690777092e-10,False,0.1289913571634847,bernoulli,bernoulli,3,completed
rep02,start_B,4,bernoulli,-45.65426826310602,91.30853652621204,,bfgs,8,True,4.230742423061429e-11,True,0.8590208221116574,bernoulli,bernoulli,3,completed
rep02,start_B,4,poisson,-72.71386509314637,145.42773018629273,,bfgs,9,True,2.4675387400030503e-09,False,0.23346880970637585,bernoulli,bernoulli,3,completed
rep02,start_B,5,bernoulli,-51.31868231053752,102.63736462107504,,bfgs,6,True,1.866087284696505e-11,True,0.2595460845676055,bernoulli,bernoulli,3,completed
rep02,start_B,5,poisson,-74.57196564289109,149.14393128578217,,bfgs,9,True,5.24373100496689e-10,False,0.11088344453010646,bernoulli,bernoulli,3,completed
rep02,start_B,6,bernoulli,-46.92078852832175,93.8415770566435,,bfgs,7,True,4.4494186113297474e-11,True,0.7956531007356638,bernoulli,bernoulli,3,completed
rep02,start_B,6,poisson,-73.50462201310317,147.00924402620635,,bfgs,11,True,1.9697021791387215e-10,False,0.19983796750376923,bernoulli,bernoulli,3,completed
rep02,start_B,7,bernoulli,-50.767008153377006,101.53401630675401,,bfgs,7,True,8.089173775260861e-12,True,0.34448642543500796,bernoulli,bernoulli,3,completed
rep02,start_B,7,poisson,-74.40354067284102,148.80708134568204,,bfgs,8,True,1.637285151900869e-09,False,0.11959857814798878,bernoulli,bernoulli,3,completed
rep02,start_B,8,bernoulli,-49.575769713597225,99.15153942719445,,bfgs,5,True,1.1311938052926962e-09,False,0.5377382720522089,bernoulli,bernoulli,3,completed
rep02,start_B,8,poisson,-73.46586066559766,146.93172133119532,,bfgs,8,True,7.574330052051437e-12,True,0.20512199409852958,bernoulli,bernoulli,3,completed
rep02,start_B,3,bernoulli,-41.871919742484124,83.74383948496825,,bfgs,8,True,6.110195793773698e-10,False,1.5361396694407135,bernoulli,bernoulli,4,completed
rep02,start_B,3,poisson,-73.75172002764478,147.50344005528956,,bfgs,13,True,8.008491647615302e-11,True,0.21078194687860125,bernoulli,bernoulli,4,completed
rep02,start_B,4,bernoulli,-44.673037076072106,89.34607415214421,,bfgs,9,True,2.38809416686081e-10,False,0.9432706688499609,bernoulli,bernoulli,4,completed
rep02,start_B,4,poisson,-72.756305512376,145.512611024752,,bfgs,12,True,5.580342854472065e-10,False,0.21808085509643424,bernoulli,bernoulli,4,completed
rep02,start_B,5,bernoulli,-48.989789870227426,97.97957974045485,,bfgs,8,True,2.7381828471284565e-10,False,0.7385361647714215,bernoulli,bernoulli,4,completed
rep02,start_B,5,poisson,-73.50333063809242,147.00666127618484,,bfgs,12,True,6.80000782765644e-10,False,0.24216059841972148,bernoulli,bernoulli,4,completed
rep02,start_B,6,bernoulli,-46.79130604204693,93.58261208409385,,bfgs,10,True,2.497502205045521e-12,True,0.7765856133753253,bernoulli,bernoulli,4,completed
rep02,start_B,6,poisson,-73.5231935425742,147.0463870851484,,bfgs,13,True,4.520472884905758e-12,True,0.1839634679453319,bernoulli,bernoulli,4,completed
rep02,start_B,7,bernoulli,-49.843409532868364,99.68681906573673,,bfgs,8,True,1.2525691595044463e-11,True,0.49810619620184454,bernoulli,bernoulli,4,completed
rep02,start_B,7,poisson,-74.41256639663428,148.82513279326855,,bfgs,9,True,6.635719529413109e-10,False,0.11237887534128278,bernoulli,bernoulli,4,completed
rep02,start_B,8,bernoulli,-46.707058527155766,93.41411705431153,,bfgs,7,True,3.6912188861037975e-10,False,0.964194219123051,bernoulli,bernoulli,4,completed
rep02,start_B,8,poisson,-72.33095547961321,144.66191095922642,,bfgs,12,True,1.0482970824732262e-09,False,0.305403967960184,bernoulli,bernoulli,4,completed
rep02,start_B,3,bernoulli,-35.64117129966577,71.28234259933154,,bfgs,10,True,1.2572633156793244e-09,False,2.335615811105592,bernoulli,bernoulli,5,completed
rep02,start_B,3,poisson,-72.91874983981741,145.83749967963482,,bfgs,17,False,5.8872992969583035e-08,False,0.2740684095382241,bernoulli,bernoulli,5,completed
rep02,start_B,4,bernoulli,-39.49537007584209,78.99074015168418,,bfgs,10,True,4.847193757484547e-11,True,1.5728568898964157,bernoulli,bernoulli,5,completed
rep02,start_B,4,poisson,-70.79514141101622,141.59028282203244,,bfgs,15,False,1.4630325395614818e-08,False,0.35817647349330756,bernoulli,bernoulli,5,completed
rep02,start_B,5,bernoulli,-46.444974985774735,92.88994997154947,,bfgs,10,True,1.0458478527652915e-11,True,1.0442671574602629,bernoulli,bernoulli,5,completed
rep02,start_B,5,poisson,-72.40886403897952,144.81772807795903,,bfgs,13,True,2.4302443391022166e-10,False,0.29637643619144144,bernoulli,bernoulli,5,completed
rep02,start_B,6,bernoulli,-43.046753595706534,86.09350719141307,,bfgs,9,True,3.271647397440347e-09,False,1.1975255817095116,bernoulli,bernoulli,5,completed
rep02,start_B,6,poisson,-71.88966751465723,143.77933502931447,,bfgs,14,False,1.2426712929780593e-07,False,0.31143897241914414,bernoulli,bernoulli,5,completed
rep02,start_B,7,bernoulli,-48.72322785180576,97.44645570361152,,bfgs,10,True,2.711835755953018e-09,False,0.678779301104487,bernoulli,bernoulli,5,completed
rep02,start_B,7,poisson,-74.30767990447005,148.6153598089401,,bfgs,14,True,9.660797495314456e-10,False,0.1245170660987132,bernoulli,bernoulli,5,completed
rep02,start_B,8,bernoulli,-49.579945515463635,99.15989103092727,,bfgs,9,False,2.9597128436975594e-08,False,0.5055093895318447,bernoulli,bernoulli,5,completed
rep02,start_B,8,poisson,-72.91195272248714,145.8239054449743,,bfgs,10,False,6.836483628092082e-08,False,0.23622117522878752,bernoulli,bernoulli,5,completed
rep03,start_B,3,bernoulli,-51.71350496023176,103.42700992046352,,bfgs,4,True,9.015010959956271e-15,True,0.17146467683367397,bernoulli,bernoulli,1,completed
rep03,start_B,3,poisson,-74.99874475800577,149.99748951601154,,bfgs,4,True,5.179037110281115e-09,False,0.005780437016430097,bernoulli,bernoulli,1,completed
rep03,start_B,4,bernoulli,-50.18219267605559,100.36438535211119,,bfgs,4,True,8.881784197001253e-17,True,0.4554267929218445,bernoulli,bernoulli,1,completed
rep03,start_B,4,poisson,-74.81029912562568,149.62059825125135,,bfgs,5,True,3.303401996390676e-12,True,0.07024137506710715,bernoulli,bernoulli,1,completed
rep03,start_B,5,bernoulli,-51.761331670729376,103.52266334145875,,bfgs,4,True,7.105427357601002e-16,True,0.15554015497054074,bernoulli,bernoulli,1,completed
rep03,start_B,5,poisson,-74.9998663882796,149.9997327765592,,bfgs,5,True,8.215650382226159e-16,True,0.001887040991952015,bernoulli,bernoulli,1,completed
rep03,start_B,6,bernoulli,-39.94382890092625,79.8876578018525,,bfgs,4,True,2.4096280526464398e-12,True,1.479917437620717,bernoulli,bernoulli,1,completed
rep03,start_B,6,poisson,-71.59968614185325,143.1993722837065,,bfgs,6,True,7.842615445952106e-14,True,0.3051252550015757,bernoulli,bernoulli,1,completed
rep03,start_B,7,bernoulli,-51.136107772152116,102.27221554430423,,bfgs,4,True,4.440892098500626e-16,True,0.3064517528784343,bernoulli,bernoulli,1,completed
rep03,start_B,7,poisson,-74.94595881863037,149.89191763726075,,bfgs,5,True,4.972910971901001e-13,True,0.037724831536471416,bernoulli,bernoulli,1,completed
rep03,start_B,8,bernoulli,-50.326624801433894,100.65324960286779,,bfgs,3,True,1.3477838844977441e-09,False,0.4354943628153778,bernoulli,bernoulli,1,completed
rep03,start_B,8,poisson,-74.24458537840594,148.4891707568119,,bfgs,4,True,4.776945505824415e-12,True,0.14399104154379258,bernoulli,bernoulli,1,completed
rep03,start_B,3,bernoulli,-48.44014905935381,96.88029811870761,,bfgs,6,True,8.756971814349868e-11,True,0.7428672342683477,bernoulli,bernoulli,2,completed
rep03,start_B,3,poisson,-74.30885496014038,148.61770992028076,,bfgs,8,False,1.7746914126037795e-07,False,0.15216408485165994,bernoulli,bernoulli,2,completed
rep03,start_B,4,bernoulli,-50.164310673328615,100.32862134665723,,bfgs,4,True,8.628111558550699e-11,True,0.42818819073236203,bernoulli,bernoulli,2,completed
rep03,start_B,4,poisson,-74.79878434944283,149.59756869888565,,bfgs,6,True,1.6037603883800598e-11,True,0.06793845725114753,bernoulli,bernoulli,2,completed
rep03,start_B,5,bernoulli,-48.35793412982819,96.71586825965638,,bfgs,6,True,1.2666534487948412e-13,True,0.7527233178358093,bernoulli,bernoulli,2,completed
rep03,start_B,5,poisson,-74.0331550605849,148.0663101211698,,bfgs,7,False,1.0937008784739355e-08,False,0.17935417350824318,bernoulli,bernoulli,2,completed
rep03,start_B,6,bernoulli,-40.207704407571335,80.41540881514267,,bfgs,5,True,5.477174269685747e-13,True,1.2957483399541017,bernoulli,bernoulli,2,completed
rep03,start_B,6,poisson,-71.76803639021583,143.53607278043165,,bfgs,8,True,2.1593660193275354e-11,True,0.26621915347446456,bernoulli,bernoulli,2,completed
rep03,start_B,7,bernoulli,-47.61937052826245,95.2387410565249,,bfgs,5,True,1.0732714716965574e-11,True,0.8205397562721659,bernoulli,bernoulli,2,completed
rep03,start_B,7,poisson,-73.96135632014392,147.92271264028784,,bfgs,10,True,1.2864952436686393e-10,False,0.18398632324611086,bernoulli,bernoulli,2,completed
rep03,start_B,8,bernoulli,-49.79326153134545,99.5865230626909,,bfgs,6,True,1.6950547632177405e-10,False,0.46634537398016557,bernoulli,bernoulli,2,completed
rep03,start_B,8,poisson,-74.16383574015235,148.3276714803047,,bfgs,6,True,8.378364668715222e-12,True,0.1366634001575018,bernoulli,bernoulli,2,completed
rep03,start_B,3,bernoulli,-47.74435582396104,95.48871164792207,,bfgs,7,True,2.0261570199409107e-12,True,0.7683347564007441,bernoulli,bernoulli,3,completed
rep03,start_B,3,poisson,-73.88040762869885,147.7608152573977,,bfgs,11,True,6.0048662930967115e-09,False,0.1852307999389612,bernoulli,bernoulli,3,completed
rep03,start_B,4,bernoulli,-49.96489320164646,99.92978640329292,,bfgs,6,True,9.694467451026867e-13,True,0.43680157391306557,bernoulli,bernoulli,3,completed
rep03,start_B,4,poisson,-74.65296733556137,149.30593467112274,,bfgs,8,True,3.3555891676417814e-10,False,0.09165219700680757,bernoulli,bernoulli,3,completed
rep03,start_B,5,bernoulli,-48.125594872976265,96.25118974595253,,bfgs,6,False,3.421121013147399e-08,False,0.7482034907841,bernoulli,bernoulli,3,completed
rep03,start_B,5,poisson,-74.32491604928472,148.64983209856945,,bfgs,10,True,9.014214374936103e-11,True,0.13859818449365868,bernoulli,bernoulli,3,completed
rep03,start_B,6,bernoulli,-40.14966489329678,80.29932978659356,,bfgs,6,True,1.0048850640487218e-12,True,1.2138071932829382,bernoulli,bernoulli,3,completed
rep03,start_B,6,poisson,-71.72185114700656,143.44370229401312,,bfgs,8,False,1.6467222163640825e-08,False,0.2524770682414555,bernoulli,bernoulli,3,completed
rep03,start_B,7,bernoulli,-37.00740051376328,74.01480102752656,,bfgs,8,True,1.1488188178532254e-11,True,2.072159929546833,bernoulli,bernoulli,3,completed
rep03,start_B,7,poisson,-72.6099630619311,145.2199261238622,,bfgs,17,False,1.2941388027876143e-08,False,0.2773355024791244,bernoulli,bernoulli,3,completed
rep03,start_B,8,bernoulli,-49.24307741747168,98.48615483494336,,bfgs,6,True,6.054534651411814e-12,True,0.5347853852976667,bernoulli,bernoulli,3,completed
rep03,start_B,8,poisson,-74.0353469880225,148.070693976045,,bfgs,7,True,1.890169709639622e-09,False,0.1447774324369717,bernoulli,bernoulli,3,completed
rep03,start_B,3,bernoulli,-48.415521658293514,96.83104331658703,,bfgs,8,True,2.7987012707342274e-11,True,0.6489053745797186,bernoulli,bernoulli,4,completed
rep03,start_B,3,poisson,-73.87820893292731,147.75641786585462,,bfgs,8,True,3.192429015586029e-10,False,0.18319691545335864,bernoulli,bernoulli,4,completed
rep03,start_B,4,bernoulli,-45.847814572687255,91.69562914537451,,bfgs,8,True,1.7648105199441487e-13,True,1.0953788586836988,bernoulli,bernoulli,4,completed
rep03,start_B,4,poisson,-73.1357105944442,146.2714211888884,,bfgs,14,False,2.30299593839689e-08,False,0.2920737554971842,bernoulli,bernoulli,4,completed
rep03,start_B,5,bernoulli,-46.39141366755829,92.78282733511658,,bfgs,8,True,2.283866984420513e-11,True,0.9635082636035457,bernoulli,bernoulli,4,completed
rep03,start_B,5,poisson,-74.10470696118698,148.20941392237395,,bfgs,14,True,1.1998549376279754e-11,True,0.15344379846846337,bernoulli,bernoulli,4,completed
rep03,start_B,6,bernoulli,-40.016443448155144,80.03288689631029,,bfgs,8,True,7.130467327698398e-11,True,1.121746722210447,bernoulli,bernoulli,4,completed
rep03,start_B,6,poisson,-71.26274813244561,142.52549626489122,,bfgs,12,True,4.535420039530891e-10,False,0.2618006623155288,bernoulli,bernoulli,4,completed
rep03,start_B,7,bernoulli,-37.797323699295006,75.59464739859001,,bfgs,7,False,4.402293163618953e-08,False,1.8445804288677206,bernoulli,bernoulli,4,completed
rep03,start_B,7,poisson,-72.81341167220717,145.62682334441433,,bfgs,16,False,1.0692155186231566e-08,False,0.2566625990342284,bernoulli,bernoulli,4,completed
rep03,start_B,8,bernoulli,-48.19481247034078,96.38962494068156,,bfgs,8,True,3.1333047267878555e-12,True,0.6474207447356136,bernoulli,bernoulli,4,completed
rep03,start_B,8,poisson,-73.86915513798594,147.73831027597188,,bfgs,11,True,4.455345448128867e-09,False,0.13547620931489426,bernoulli,bernoulli,4,completed
rep03,start_B,3,bernoulli,-45.904465521238066,91.80893104247613,,bfgs,10,True,1.6941870129016932e-11,True,0.9982662757928448,bernoulli,bernoulli,5,completed
rep03,start_B,3,poisson,-73.19293708964544,146.38587417929088,,bfgs,13,True,1.8840144222487255e-09,False,0.24017925962439202,bernoulli,bernoulli,5,completed
rep03,start_B,4,bernoulli,-46.8193349218886,93.6386698437772,,bfgs,9,True,4.4107606456122994e-10,False,0.9443322893786064,bernoulli,bernoulli,5,completed
rep03,start_B,4,poisson,-73.51828456290427,147.03656912580854,,bfgs,16,False,1.7672182447969752e-08,False,0.25278808453348933,bernoulli,bernoulli,5,completed
rep03,start_B,5,bernoulli,-46.650686645411476,93.30137329082295,,bfgs,9,True,5.217728249462539e-10,False,0.8838028552058106,bernoulli,bernoulli,5,completed
rep03,start_B,5,poisson,-74.21480643499358,148.42961286998715,,bfgs,14,True,8.146076591053486e-10,False,0.14657753559341705,bernoulli,bernoulli,5,completed
rep03,start_B,6,bernoulli,-37.78654029738285,75.5730805947657,,bfgs,10,True,2.707833957060757e-13,True,1.4851115390218597,bernoulli,bernoulli,5,completed
rep03,start_B,6,poisson,-70.18112535588202,140.36225071176403,,bfgs,14,False,2.7552612413828115e-08,False,0.3464341875983689,bernoulli,bernoulli,5,completed
rep03,start_B,7,bernoulli,-38.030116583081806,76.06023316616361,,bfgs,11,True,4.3513261521743726e-09,False,1.694479857027339,bernoulli,bernoulli,5,completed
rep03,start_B,7,poisson,-73.20536617020382,146.41073234040763,,bfgs,21,False,1.4183997892880384e-08,False,0.21475306401967084,bernoulli,bernoulli,5,completed
rep03,start_B,8,bernoulli,-48.81161599892031,97.62323199784062,,bfgs,9,True,2.3860335929271058e-11,True,0.5534822330915438,bernoulli,bernoulli,5,completed
rep03,start_B,8,poisson,-73.68681421272133,147.37362842544266,,bfgs,11,True,2.1143131689882466e-11,True,0.1655654535341928,bernoulli,bernoulli,5,completed
rep04,start_B,3,bernoulli,-49.52259422359173,99.04518844718346,,bfgs,4,True,4.400773079282772e-11,True,0.5347787737116029,bernoulli,bernoulli,1,completed
rep04,start_B,3,poisson,-74.83838311167794,149.67676622335588,,bfgs,7,True,5.151434834260726e-15,True,0.06551208307379167,bernoulli,bernoulli,1,completed
rep04,start_B,4,bernoulli,-51.75217074663142,103.50434149326284,,bfgs,4,True,1.5099033134902129e-15,True,0.15856809116660836,bernoulli,bernoulli,1,completed
rep04,start_B,4,poisson,-74.62454159002746,149.24908318005492,,bfgs,4,True,9.022116387313872e-13,True,0.0998571069969302,bernoulli,bernoulli,1,completed
rep04,start_B,5,bernoulli,-43.664028533738076,87.32805706747615,,bfgs,5,True,6.306066779870889e-15,True,1.095421593963196,bernoulli,bernoulli,1,completed
rep04,start_B,5,poisson,-74.00026818870657,148.00053637741314,,bfgs,6,True,1.7763568394002505e-15,True,0.1616516561215426,bernoulli,bernoulli,1,completed
rep04,start_B,6,bernoulli,-51.825086434493585,103.65017286898717,,bfgs,4,True,1.056488230233299e-12,True,0.131384218957633,bernoulli,bernoulli,1,completed
rep04,start_B,6,poisson,-74.6730966589535,149.346193317907,,bfgs,4,True,7.696532300371928e-11,True,0.09320776338304491,bernoulli,bernoulli,1,completed
rep04,start_B,7,bernoulli,-51.704611842784445,103.40922368556889,,bfgs,5,True,3.831709172175124e-10,False,0.1740856464318564,bernoulli,bernoulli,1,completed
rep04,start_B,7,poisson,-74.98860508149052,149.97721016298104,,bfgs,4,True,3.6215475063272605e-14,True,0.017433435502847084,bernoulli,bernoulli,1,completed
rep04,start_B,8,bernoulli,-44.16448911018167,88.32897822036334,,bfgs,5,True,1.3651302310790924e-13,True,1.0516579474255254,bernoulli,bernoulli,1,completed
rep04,start_B,8,poisson,-72.11777545301452,144.23555090602903,,bfgs,5,False,7.23499102406322e-08,False,0.2716673483924459,bernoulli,bernoulli,1,completed
rep04,start_B,3,bernoulli,-48.48040730035739,96.96081460071478,,bfgs,5,True,2.846944902046289e-12,True,0.6477529020887463,bernoulli,bernoulli,2,completed
rep04,start_B,3,poisson,-74.4884435284804,148.9768870569608,,bfgs,6,True,1.3304912727107877e-13,True,0.11790928256422897,bernoulli,bernoulli,2,completed
rep04,start_B,4,bernoulli,-51.84685316467342,103.69370632934684,,bfgs,6,False,3.101233492230904e-08,False,0.11897751224952954,bernoulli,bernoulli,2,completed
rep04,start_B,4,poisson,-74.78116389445199,149.56232778890399,,bfgs,6,True,1.2056215643874157e-09,False,0.07313802728278752,bernoulli,bernoulli,2,completed
rep04,start_B,5,bernoulli,-39.62391320286589,79.24782640573179,,bfgs,4,False,9.290567054009991e-08,False,1.4925020855901532,bernoulli,bernoulli,2,completed
rep04,start_B,5,poisson,-72.55428315575963,145.10856631151927,,bfgs,8,True,1.0471956635171864e-11,True,0.26052596662427924,bernoulli,bernoulli,2,completed
rep04,start_B,6,bernoulli,-43.90734129252636,87.81468258505272,,bfgs,6,True,7.071010443837622e-14,True,1.1143629646913347,bernoulli,bernoulli,2,completed
rep04,start_B,6,poisson,-73.57361586533636,147.14723173067273,,bfgs,8,True,3.23535509494377e-10,False,0.19546590859194768,bernoulli,bernoulli,2,completed
rep04,start_B,7,bernoulli,-51.876616726926876,103.75323345385375,,bfgs,6,True,9.17264486588465e-11,True,0.11191769125416515,bernoulli,bernoulli,2,completed
rep04,start_B,7,poisson,-74.91586723573718,149.83173447147436,,bfgs,8,True,5.275779813018744e-14,True,0.04598694185689834,bernoulli,bernoulli,2,completed
rep04,start_B,8,bernoulli,-42.9012254464018,85.8024508928036,,bfgs,6,True,4.552092036647082e-12,True,1.181975220807869,bernoulli,bernoulli,2,completed
rep04,start_B,8,poisson,-72.55366060949305,145.1073212189861,,bfgs,8,True,1.341016186984234e-12,True,0.2428355855507355,bernoulli,bernoulli,2,completed
rep04,start_B,3,bernoulli,-49.63251795894938,99.26503591789876,,bfgs,7,True,1.8633983245308628e-13,True,0.499791674333762,bernoulli,bernoulli,3,completed
rep04,start_B,3,poisson,-74.60171564784552,149.20343129569105,,bfgs,8,True,1.0276779427442761e-13,True,0.10466866487481553,bernoulli,bernoulli,3,completed
rep04,start_B,4,bernoulli,-50.234799125256714,100.46959825051343,,bfgs,8,True,2.455813330470846e-14,True,0.4825251780036323,bernoulli,bernoulli,3,completed
rep04,start_B,4,poisson,-73.68938019432713,147.37876038865426,,bfgs,8,True,3.2741304112349213e-11,True,0.20132897995723165,bernoulli,bernoulli,3,completed
rep04,start_B,5,bernoulli,-38.80068249865949,77.60136499731898,,bfgs,7,True,3.262958792049631e-11,True,1.5448385209836346,bernoulli,bernoulli,3,completed
rep04,start_B,5,poisson,-72.35232982248495,144.7046596449699,,bfgs,11,False,3.1442715897611605e-08,False,0.260117826704585,bernoulli,bernoulli,3,completed
rep04,start_B,6,bernoulli,-43.58483868482524,87.16967736965049,,bfgs,6,True,3.10653169854902e-10,False,1.095299262962412,bernoulli,bernoulli,3,completed
rep04,start_B,6,poisson,-73.41676897687466,146.83353795374933,,bfgs,11,True,1.322582043883358e-11,True,0.20044051866007184,bernoulli,bernoulli,3,completed
rep04,start_B,7,bernoulli,-48.86491189389443,97.72982378778886,,bfgs,8,True,1.3605294668650458e-10,False,0.6694140678220344,bernoulli,bernoulli,3,completed
rep04,start_B,7,poisson,-74.66996014546248,149.33992029092497,,bfgs,11,True,2.3013146943640095e-10,False,0.09851242242899043,bernoulli,bernoulli,3,completed
rep04,start_B,8,bernoulli,-43.196385732035104,86.39277146407021,,bfgs,6,False,7.874911509553328e-08,False,1.1243357036187567,bernoulli,bernoulli,3,completed
rep04,start_B,8,poisson,-71.89943346076424,143.7988669215285,,bfgs,9,True,1.1408785027811064e-10,False,0.2763158171992383,bernoulli,bernoulli,3,completed
rep04,start_B,3,bernoulli,-49.268182291754066,98.53636458350813,,bfgs,8,True,1.0040057674132186e-11,True,0.5466361201123509,bernoulli,bernoulli,4,completed
rep04,start_B,3,poisson,-74.17857923563483,148.35715847126966,,bfgs,11,True,2.0304913306290472e-11,True,0.14798058683246254,bernoulli,bernoulli,4,completed
rep04,start_B,4,bernoulli,-48.44811190205853,96.89622380411706,,bfgs,8,True,2.112354735572808e-11,True,0.8267290356772177,bernoulli,bernoulli,4,completed
rep04,start_B,4,poisson,-73.16040090797948,146.32080181595896,,bfgs,12,True,1.4542300696973598e-10,False,0.2504707778980185,bernoulli,bernoulli,4,completed
rep04,start_B,5,bernoulli,-36.46640542398717,72.93281084797434,,bfgs,7,True,1.14140976670285e-09,False,1.7964663510976078,bernoulli,bernoulli,4,completed
rep04,start_B,5,poisson,-71.63323608132234,143.26647216264467,,bfgs,16,False,7.791544707203001e-08,False,0.2995461315279427,bernoulli,bernoulli,4,completed
rep04,start_B,6,bernoulli,-41.85362227855888,83.70724455711776,,bfgs,8,True,7.17921277981759e-11,True,1.3287376289931332,bernoulli,bernoulli,4,completed
rep04,start_B,6,poisson,-73.01270917994972,146.02541835989945,,bfgs,11,False,1.032727926619792e-07,False,0.23374711560527126,bernoulli,bernoulli,4,completed
rep04,start_B,7,bernoulli,-47.18734261144756,94.37468522289512,,bfgs,9,True,1.1953993350743986e-12,True,0.9473884427950423,bernoulli,bernoulli,4,completed
rep04,start_B,7,poisson,-74.3652285739342,148.7304571478684,,bfgs,11,True,3.6203697817427385e-10,False,0.1678037730199888,bernoulli,bernoulli,4,completed
rep04,start_B,8,bernoulli,-43.18000020020891,86.36000040041782,,bfgs,8,True,2.4299868561783456e-09,False,1.0232455546843984,bernoulli,bernoulli,4,completed
rep04,start_B,8,poisson,-71.81230150913697,143.62460301827394,,bfgs,11,True,1.8519214162182606e-09,False,0.26535977967062163,bernoulli,bernoulli,4,completed
rep04,start_B,3,bernoulli,-49.10102887691969,98.20205775383938,,bfgs,9,True,1.355395795599179e-11,True,0.5100491998654477,bernoulli,bernoulli,5,completed
rep04,start_B,3,poisson,-74.10528870566091,148.21057741132182,,bfgs,10,True,1.5369155947908553e-10,False,0.16680088695284426,bernoulli,bernoulli,5,completed
rep04,start_B,4,bernoulli,-47.43827649651507,94.87655299303015,,bfgs,10,True,7.077889385698199e-11,True,0.9224728422733135,bernoulli,bernoulli,5,completed
rep04,start_B,4,poisson,-72.33259335225986,144.66518670451973,,bfgs,13,True,1.5988452006787669e-09,False,0.3047581275493905,bernoulli,bernoulli,5,completed
rep04,start_B,5,bernoulli,-36.4734222786415,72.946844557283,,bfgs,10,True,9.015661550648701e-11,True,1.5978971126773034,bernoulli,bernoulli,5,completed
rep04,start_B,5,poisson,-71.05121172367004,142.10242344734007,,bfgs,11,False,1.2312489161558915e-08,False,0.33495226991582866,bernoulli,bernoulli,5,completed
rep04,start_B,6,bernoulli,-42.923154446489754,85.84630889297951,,bfgs,11,True,2.2574320190926755e-11,True,1.0713748872042954,bernoulli,bernoulli,5,completed
rep04,start_B,6,poisson,-72.40381275463369,144.80762550926738,,bfgs,14,True,7.709500104979838e-09,False,0.2680689322594766,bernoulli,bernoulli,5,completed
rep04,start_B,7,bernoulli,-45.912514258014696,91.82502851602939,,bfgs,10,True,7.052991191081049e-10,False,1.1133184730585794,bernoulli,bernoulli,5,completed
rep04,start_B,7,poisson,-72.93538258294683,145.87076516589366,,bfgs,14,True,2.0660060329191766e-10,False,0.31093007520896965,bernoulli,bernoulli,5,completed
rep04,start_B,8,bernoulli,-39.44982183255187,78.89964366510374,,bfgs,9,True,3.2166931340782413e-10,False,1.402262774429501,bernoulli,bernoulli,5,completed
rep04,start_B,8,poisson,-71.44750731025776,142.89501462051552,,bfgs,13,False,1.5313687473650362e-08,False,0.2718146754553594,bernoulli,bernoulli,5,completed
rep05,start_B,3,bernoulli,-51.7597504735126,103.5195009470252,,bfgs,4,True,1.1546319456101628e-15,True,0.15599914093374662,bernoulli,bernoulli,1,completed
rep05,start_B,3,poisson,-74.86602625221825,149.7320525044365,,bfgs,5,True,7.549516567451064e-15,True,0.06044774672837833,bernoulli,bernoulli,1,completed
rep05,start_B,4,bernoulli,-46.5532186969439,93.1064373938878,,bfgs,3,True,1.325224374681966e-11,True,0.8417487528890244,bernoulli,bernoulli,1,completed
rep05,start_B,4,poisson,-74.7279293232765,149.455858646553,,bfgs,7,True,3.907985046680551e-15,True,0.08356463986525303,bernoulli,bernoulli,1,completed
rep05,start_B,5,bernoulli,-51.556213880920744,103.11242776184149,,bfgs,4,True,1.3322676295501878e-15,True,0.2157931329551118,bernoulli,bernoulli,1,completed
rep05,start_B,5,poisson,-74.11452536924848,148.22905073849697,,bfgs,4,True,6.346922987177095e-13,True,0.15750283450592711,bernoulli,bernoulli,1,completed
rep05,start_B,6,bernoulli,-51.91291121745557,103.82582243491115,,bfgs,3,True,5.83765036310524e-11,True,0.0884358163667684,bernoulli,bernoulli,1,completed
rep05,start_B,6,poisson,-74.77937809590033,149.55875619180065,,bfgs,5,True,6.7501559897209515e-15,True,0.07778927299824204,bernoulli,bernoulli,1,completed
rep05,start_B,7,bernoulli,-51.89561723298965,103.7912344659793,,bfgs,3,True,2.3485969613545877e-09,False,0.09836928666141008,bernoulli,bernoulli,1,completed
rep05,start_B,7,poisson,-74.79354345185371,149.58708690370742,,bfgs,5,True,3.552713678800501e-15,True,0.07521998077449911,bernoulli,bernoulli,1,completed
rep05,start_B,8,bernoulli,-46.7111974361968,93.4223948723936,,bfgs,3,True,2.999822612537173e-14,True,0.8269290623470597,bernoulli,bernoulli,1,completed
rep05,start_B,8,poisson,-71.9355173385684,143.8710346771368,,bfgs,7,False,2.0366524047243928e-07,False,0.29566929793588526,bernoulli,bernoulli,1,completed
rep05,start_B,3,bernoulli,-51.86475355895318,103.72950711790637,,bfgs,5,True,4.8074610958792616e-11,True,0.11159356040299455,bernoulli,bernoulli,2,completed
rep05,start_B,3,poisson,-74.35703293050388,148.71406586100775,,bfgs,7,True,5.698101976370218e-09,False,0.14037923792253754,bernoulli,bernoulli,2,completed
rep05,start_B,4,bernoulli,-43.19648191895066,86.39296383790132,,bfgs,6,True,5.828892923886997e-12,True,1.1724451705263605,bernoulli,bernoulli,2,completed
rep05,start_B,4,poisson,-73.13638386477415,146.2727677295483,,bfgs,9,True,2.2493855666994022e-10,False,0.2522496861261306,bernoulli,bernoulli,2,completed
rep05,start_B,5,bernoulli,-51.04807971463208,102.09615942926416,,bfgs,5,True,1.1568277002993454e-09,False,0.33589427419143597,bernoulli,bernoulli,2,completed
rep05,start_B,5,poisson,-73.16473530833487,146.32947061666974,,bfgs,6,True,3.8992435946738623e-10,False,0.2362420257866961,bernoulli,bernoulli,2,completed
rep05,start_B,6,bernoulli,-50.21081210760654,100.42162421521309,,bfgs,7,True,2.5699442574023126e-13,True,0.5114263126780229,bernoulli,bernoulli,2,completed
rep05,start_B,6,poisson,-74.69736303552861,149.39472607105722,,bfgs,6,False,1.5560505772782562e-08,False,0.08476009617369065,bernoulli,bernoulli,2,completed
rep05,start_B,7,bernoulli,-49.91601807649937,99.83203615299874,,bfgs,4,False,4.7582523343692175e-08,False,0.5597971212575451,bernoulli,bernoulli,2,completed
rep05,start_B,7,poisson,-74.63907026099562,149.27814052199125,,bfgs,8,True,5.964224669696705e-11,True,0.09407929611858892,bernoulli,bernoulli,2,completed
rep05,start_B,8,bernoulli,-43.560047006180355,87.12009401236071,,bfgs,5,True,1.80271797489695e-11,True,1.1745105856951956,bernoulli,bernoulli,2,completed
rep05,start_B,8,poisson,-71.71457756622542,143.42915513245083,,bfgs,7,True,1.3340830662400549e-10,False,0.28399045451740873,bernoulli,bernoulli,2,completed
rep05,start_B,3,bernoulli,-49.37164556704177,98.74329113408353,,bfgs,6,True,1.6919412537674816e-09,False,0.5725760756144069,bernoulli,bernoulli,3,completed
rep05,start_B,3,poisson,-73.58148442591772,147.16296885183544,,bfgs,8,True,6.021111942366986e-11,True,0.21846912418126369,bernoulli,bernoulli,3,completed
rep05,start_B,4,bernoulli,-45.337450598993634,90.67490119798727,,bfgs,7,True,9.761679520270406e-11,True,0.9096832227164192,bernoulli,bernoulli,3,completed
rep05,start_B,4,poisson,-73.48269220342945,146.9653844068589,,bfgs,12,True,1.1275417266531918e-10,False,0.22858707524872604,bernoulli,bernoulli,3,completed
rep05,start_B,5,bernoulli,-50.44903155636341,100.89806311272682,,bfgs,6,True,4.374900441916907e-12,True,0.4235018846481734,bernoulli,bernoulli,3,completed
rep05,start_B,5,poisson,-73.0968722605852,146.1937445211704,,bfgs,8,True,2.2000623545181954e-12,True,0.24447755644457275,bernoulli,bernoulli,3,completed
rep05,start_B,6,bernoulli,-50.98553297236683,101.97106594473367,,bfgs,5,False,1.0401223615730259e-08,False,0.3854271509151573,bernoulli,bernoulli,3,completed
rep05,start_B,6,poisson,-74.76084388671447,149.52168777342894,,bfgs,8,True,9.28625620844059e-11,True,0.07206008967052176,bernoulli,bernoulli,3,completed
rep05,start_B,7,bernoulli,-50.25116097388975,100.5023219477795,,bfgs,6,True,7.395679213484385e-09,False,0.5073981557422363,bernoulli,bernoulli,3,completed
rep05,start_B,7,poisson,-74.79640132498722,149.59280264997443,,bfgs,8,False,2.4679072030409087e-08,False,0.06729340010170286,bernoulli,bernoulli,3,completed
rep05,start_B,8,bernoulli,-42.692431597914634,85.38486319582927,,bfgs,7,True,5.806475522618371e-10,False,1.210502844831853,bernoulli,bernoulli,3,completed
rep05,start_B,8,poisson,-71.80444291763501,143.60888583527003,,bfgs,12,True,1.691469186937411e-11,True,0.2679409262989732,bernoulli,bernoulli,3,completed
rep05,start_B,3,bernoulli,-50.69539694263831,101.39079388527662,,bfgs,8,True,8.892140357374956e-11,True,0.36521983906194655,bernoulli,bernoulli,4,completed
rep05,start_B,3,poisson,-73.9386166065002,147.8772332130004,,bfgs,10,True,9.930431235649629e-09,False,0.16938888066948254,bernoulli,bernoulli,4,completed
rep05,start_B,4,bernoulli,-35.203486602879764,70.40697320575953,,bfgs,8,True,1.031836040221723e-11,True,2.4262855399083074,bernoulli,bernoulli,4,completed
rep05,start_B,4,poisson,-72.0090905202238,144.0181810404476,,bfgs,20,False,1.441021896697592e-07,False,0.32859999645218174,bernoulli,bernoulli,4,completed
rep05,start_B,5,bernoulli,-47.35569821904284,94.71139643808569,,bfgs,8,True,6.600156532421408e-11,True,1.0652759691539042,bernoulli,bernoulli,4,completed
rep05,start_B,5,poisson,-72.24673759526124,144.49347519052247,,bfgs,12,True,1.892296097594226e-10,False,0.32839015093772067,bernoulli,bernoulli,4,completed
rep05,start_B,6,bernoulli,-46.30424331063428,92.60848662126855,,bfgs,8,True,2.8598949874947265e-10,False,1.1408849145728437,bernoulli,bernoulli,4,completed
rep05,start_B,6,poisson,-73.80827725718544,147.61655451437088,,bfgs,12,True,1.1031545343875847e-09,False,0.2520890162355763,bernoulli,bernoulli,4,completed
rep05,start_B,7,bernoulli,-48.445346623353196,96.89069324670639,,bfgs,8,True,3.535395087794768e-10,False,0.7861395559909782,bernoulli,bernoulli,4,completed
rep05,start_B,7,poisson,-74.37179049214119,148.74358098428237,,bfgs,12,True,2.8565214083009495e-11,True,0.17100613936312528,bernoulli,bernoulli,4,completed
rep05,start_B,8,bernoulli,-38.11222597121976,76.22445194243952,,bfgs,9,True,1.271215997050712e-11,True,1.9389833533160858,bernoulli,bernoulli,4,completed
rep05,start_B,8,poisson,-70.70126531220897,141.40253062441795,,bfgs,16,True,9.168668509834666e-09,False,0.35760888575254074,bernoulli,bernoulli,4,completed
rep05,start_B,3,bernoulli,-46.5361503754779,93.0723007509558,,bfgs,10,True,3.103899359757634e-11,True,0.969252948594205,bernoulli,bernoulli,5,completed
rep05,start_B,3,poisson,-72.25552877207951,144.51105754415903,,bfgs,15,True,3.88105985127396e-09,False,0.3332093434553843,bernoulli,bernoulli,5,completed
rep05,start_B,4,bernoulli,-36.976488688580666,73.95297737716133,,bfgs,10,True,3.5256997321653215e-11,True,2.1284778924857912,bernoulli,bernoulli,5,completed
rep05,start_B,4,poisson,-72.55653949277516,145.11307898555032,,bfgs,19,True,5.808414016428287e-09,False,0.2833010965474374,bernoulli,bernoulli,5,completed
rep05,start_B,5,bernoulli,-47.67400099972379,95.34800199944758,,bfgs,9,True,3.120673386369788e-10,False,0.9193607371260496,bernoulli,bernoulli,5,completed
rep05,start_B,5,poisson,-71.84978790603756,143.69957581207512,,bfgs,11,True,2.6075763770450067e-11,True,0.33563414878168196,bernoulli,bernoulli,5,completed
rep05,start_B,6,bernoulli,-49.09804855086857,98.19609710173714,,bfgs,9,True,6.105278504975331e-11,True,0.643353178911455,bernoulli,bernoulli,5,completed
rep05,start_B,6,poisson,-74.37664580005028,148.75329160010057,,bfgs,15,True,4.371575901274128e-09,False,0.14928266289008285,bernoulli,bernoulli,5,completed
rep05,start_B,7,bernoulli,-48.587743827470774,97.17548765494155,,bfgs,9,True,5.024373916917569e-10,False,0.7307586713662373,bernoulli,bernoulli,5,completed
rep05,start_B,7,poisson,-74.08650577332939,148.17301154665878,,bfgs,15,True,1.444559138974455e-10,False,0.20382698829449522,bernoulli,bernoulli,5,completed
rep05,start_B,8,bernoulli,-37.38629365591019,74.77258731182037,,bfgs,9,True,2.4515371677136244e-10,False,1.8508174127748334,bernoulli,bernoulli,5,completed
rep05,start_B,8,poisson,-70.262093339024,140.524186678048,,bfgs,16,True,7.066475404826633e-09,False,0.3611449899200168,bernoulli,bernoulli,5,completed
rep06,start_B,3,bernoulli,-50.860391802493155,101.72078360498631,,bfgs,5,True,3.148752147907885e-10,False,0.3563456513893818,bernoulli,bernoulli,1,completed
rep06,start_B,3,poisson,-73.96723698330393,147.93447396660787,,bfgs,4,True,2.3930901704716234e-11,True,0.17002725761729262,bernoulli,bernoulli,1,completed
rep06,start_B,4,bernoulli,-51.80671239620422,103.61342479240844,,bfgs,4,True,1.4210854715202005e-15,True,0.1389261412319787,bernoulli,bernoulli,1,completed
rep06,start_B,4,poisson,-74.92910591272388,149.85821182544777,,bfgs,5,True,2.0106138975961584e-14,True,0.04385507381940179,bernoulli,bernoulli,1,completed
rep06,start_B,5,bernoulli,-51.6265222056219,103.2530444112438,,bfgs,4,True,7.993605777301127e-16,True,0.197594203373353,bernoulli,bernoulli,1,completed
rep06,start_B,5,poisson,-74.96826705356656,149.93653410713313,,bfgs,4,False,1.371286743712119e-07,False,0.02926221786376726,bernoulli,bernoulli,1,completed
rep06,start_B,6,bernoulli,-51.76413243496754,103.52826486993509,,bfgs,4,True,9.059419880941277e-15,True,0.15470652508842314,bernoulli,bernoulli,1,completed
rep06,start_B,6,poisson,-74.48261627862807,148.96523255725614,,bfgs,4,True,1.1768364061026659e-15,True,0.11978748525297271,bernoulli,bernoulli,1,completed
rep06,start_B,7,bernoulli,-50.943512828324,101.887025656648,,bfgs,3,True,4.279772092274925e-11,True,0.3422327835199189,bernoulli,bernoulli,1,completed
rep06,start_B,7,poisson,-74.99912323934267,149.99824647868533,,bfgs,5,True,1.1384848619400146e-11,True,0.0048302629319330465,bernoulli,bernoulli,1,completed
rep06,start_B,8,bernoulli,-51.066828083566485,102.13365616713297,,bfgs,5,True,8.429168474322069e-11,True,0.3203764454678454,bernoulli,bernoulli,1,completed
rep06,start_B,8,poisson,-74.06835276528884,148.13670553057767,,bfgs,4,True,9.347989049501848e-12,True,0.16138488039586849,bernoulli,bernoulli,1,completed
rep06,start_B,3,bernoulli,-50.175973100574325,100.35194620114865,,bfgs,5,True,2.099298512803216e-12,True,0.4447416836748034,bernoulli,bernoulli,2,completed
rep06,start_B,3,poisson,-73.23068527360586,146.46137054721171,,bfgs,6,True,4.284572696633404e-13,True,0.22892647500123522,bernoulli,bernoulli,2,completed
rep06,start_B,4,bernoulli,-48.744047099127364,97.48809419825473,,bfgs,6,True,2.492002160181528e-11,True,0.6978225615439538,bernoulli,bernoulli,2,completed
rep06,start_B,4,poisson,-74.69733272437348,149.39466544874696,,bfgs,10,True,6.725878209934422e-09,False,0.09292289729860109,bernoulli,bernoulli,2,completed
rep06,start_B,5,bernoulli,-50.99758386135831,101.99516772271662,,bfgs,5,True,6.828404508496533e-12,True,0.34410683487215754,bernoulli,bernoulli,2,completed
rep06,start_B,5,poisson,-74.24737983254786,148.49475966509573,,bfgs,6,True,4.6435474132522355e-09,False,0.1614262968024783,bernoulli,bernoulli,2,completed
rep06,start_B,6,bernoulli,-51.7359680433583,103.4719360867166,,bfgs,5,True,3.1548097467748447e-13,True,0.16846401834475971,bernoulli,bernoulli,2,completed
rep06,start_B,6,poisson,-74.17896566600278,148.35793133200556,,bfgs,5,True,1.2922427572448215e-10,False,0.1576025995596541,bernoulli,bernoulli,2,completed
rep06,start_B,7,bernoulli,-50.16755655474614,100.33511310949228,,bfgs,6,True,1.148858785882112e-13,True,0.4773432626456907,bernoulli,bernoulli,2,completed
rep06,start_B,7,poisson,-74.99389439006426,149.9877887801285,,bfgs,9,True,7.837569482305185e-12,True,0.013709475500408031,bernoulli,bernoulli,2,completed
rep06,start_B,8,bernoulli,-49.892445537358284,99.78489107471657,,bfgs,6,True,3.185895991464349e-13,True,0.5086823877590664,bernoulli,bernoulli,2,completed
rep06,start_B,8,poisson,-74.16361353808516,148.32722707617032,,bfgs,7,True,3.6045737061840556e-09,False,0.13928590774234878,bernoulli,bernoulli,2,completed
rep06,start_B,3,bernoulli,-48.58913842390931,97.17827684781862,,bfgs,6,True,6.248956907484171e-12,True,0.6432970586471086,bernoulli,bernoulli,3,completed
rep06,start_B,3,poisson,-72.45305238928516,144.90610477857032,,bfgs,8,True,4.162998834544851e-11,True,0.2678663870822658,bernoulli,bernoulli,3,completed
rep06,start_B,4,bernoulli,-49.53233306800519,99.06466613601037,,bfgs,6,False,7.52386124514004e-08,False,0.5635329980199518,bernoulli,bernoulli,3,completed
rep06,start_B,4,poisson,-74.5240199878281,149.0480399756562,,bfgs,12,True,2.0633326158758792e-10,False,0.11253326897461198,bernoulli,bernoulli,3,completed
rep06,start_B,5,bernoulli,-49.25024956853029,98.50049913706059,,bfgs,7,True,3.26405569239796e-14,True,0.6236094462920665,bernoulli,bernoulli,3,completed
rep06,start_B,5,poisson,-73.49790217804814,146.99580435609627,,bfgs,9,True,7.612799279854698e-12,True,0.22612042863830162,bernoulli,bernoulli,3,completed
rep06,start_B,6,bernoulli,-51.01424301176344,102.02848602352688,,bfgs,6,False,2.1182020493171193e-08,False,0.3607009205334424,bernoulli,bernoulli,3,completed
rep06,start_B,6,poisson,-74.14156694758722,148.28313389517444,,bfgs,7,True,3.77255533479115e-09,False,0.15065685524329694,bernoulli,bernoulli,3,completed
rep06,start_B,7,bernoulli,-49.296952397665635,98.59390479533127,,bfgs,6,True,2.693234746331541e-09,False,0.5906162902119356,bernoulli,bernoulli,3,completed
rep06,start_B,7,poisson,-74.50423960450925,149.0084792090185,,bfgs,9,True,7.906841847926672e-13,True,0.13092395057030945,bernoulli,bernoulli,3,completed
rep06,start_B,8,bernoulli,-47.24426812141588,94.48853624283176,,bfgs,6,True,7.45481010255844e-11,True,0.7951117474222723,bernoulli,bernoulli,3,completed
rep06,start_B,8,poisson,-73.13845060088397,146.27690120176794,,bfgs,9,True,4.4467558524274865e-10,False,0.21965871824590866,bernoulli,bernoulli,3,completed
rep06,start_B,3,bernoulli,-49.13503571058499,98.27007142116997,,bfgs,8,True,1.7346124536743446e-12,True,0.5216163292768881,bernoulli,bernoulli,4,completed
rep06,start_B,3,poisson,-72.33309310092439,144.66618620184877,,bfgs,9,False,2.021215141922994e-08,False,0.2613524914560718,bernoulli,bernoulli,4,completed
rep06,start_B,4,bernoulli,-46.39707930224462,92.79415860448924,,bfgs,8,True,2.60532226903365e-09,False,0.991587733573382,bernoulli,bernoulli,4,completed
rep06,start_B,4,poisson,-73.00349853967296,146.00699707934592,,bfgs,13,True,5.122273494251317e-10,False,0.29189702723549377,bernoulli,bernoulli,4,completed
rep06,start_B,5,bernoulli,-50.60605664583743,101.21211329167485,,bfgs,9,True,1.2229683932218904e-11,True,0.38742367338776096,bernoulli,bernoulli,4,completed
rep06,start_B,5,poisson,-73.58730951388786,147.17461902777572,,bfgs,11,False,1.7218736658719536e-08,False,0.20960547000195207,bernoulli,bernoulli,4,completed
rep06,start_B,6,bernoulli,-50.5239096857515,101.047819371503,,bfgs,9,True,3.2022803075903995e-09,False,0.4998800168008117,bernoulli,bernoulli,4,completed
rep06,start_B,6,poisson,-73.44240891750295,146.8848178350059,,bfgs,9,True,1.772084701201493e-11,True,0.239967567649786,bernoulli,bernoulli,4,completed
rep06,start_B,7,bernoulli,-46.614802743644645,93.22960548728929,,bfgs,9,True,1.7580581435083785e-11,True,0.9960765359762044,bernoulli,bernoulli,4,completed
rep06,start_B,7,poisson,-72.63209589841713,145.26419179683427,,bfgs,13,True,1.284632400455621e-10,False,0.32461534414492765,bernoulli,bernoulli,4,completed
rep06,start_B,8,bernoulli,-48.549839922701025,97.09967984540205,,bfgs,7,False,4.7997996244220076e-08,False,0.6251613857142081,bernoulli,bernoulli,4,completed
rep06,start_B,8,poisson,-72.86364814979379,145.72729629958758,,bfgs,13,True,1.3504388718388327e-10,False,0.2452608114768701,bernoulli,bernoulli,4,completed
rep06,start_B,3,bernoulli,-48.38013397245489,96.76026794490978,,bfgs,12,True,4.65938998495119e-10,False,0.6481125870146416,bernoulli,bernoulli,5,completed
rep06,start_B,3,poisson,-72.23252329952625,144.4650465990525,,bfgs,14,True,1.9303345810683935e-09,False,0.27398957290061,bernoulli,bernoulli,5,completed
rep06,start_B,4,bernoulli,-46.33308584711384,92.66617169422769,,bfgs,9,True,1.1584067038938883e-12,True,0.9007622197050734,bernoulli,bernoulli,5,completed
rep06,start_B,4,poisson,-73.71046602715788,147.42093205431576,,bfgs,14,True,3.914153889894578e-10,False,0.2152684062169027,bernoulli,bernoulli,5,completed
rep06,start_B,5,bernoulli,-48.43603524808272,96.87207049616543,,bfgs,9,True,9.346594609382919e-11,True,0.7483666865278154,bernoulli,bernoulli,5,completed
rep06,start_B,5,poisson,-73.75238191386784,147.50476382773567,,bfgs,14,True,6.863428936298988e-10,False,0.17377708426699515,bernoulli,bernoulli,5,completed
rep06,start_B,6,bernoulli,-51.24273051142795,102.4854610228559,,bfgs,8,False,1.8720326311338907e-08,False,0.3017392841538187,bernoulli,bernoulli,5,completed
rep06,start_B,6,poisson,-73.96145395497612,147.92290790995224,,bfgs,13,True,2.0445867221496882e-13,True,0.16344286952358814,bernoulli,bernoulli,5,completed
rep06,start_B,7,bernoulli,-47.635391711472984,95.27078342294597,,bfgs,10,True,3.2105677449933976e-09,False,0.7961289262527125,bernoulli,bernoulli,5,completed
rep06,start_B,7,poisson,-73.63322205800736,147.26644411601472,,bfgs,13,True,8.182306995840882e-09,False,0.23942835234143678,bernoulli,bernoulli,5,completed
rep06,start_B,8,bernoulli,-47.66352149919714,95.32704299839428,,bfgs,11,True,1.814761674268084e-11,True,0.6915942873255652,bernoulli,bernoulli,5,completed
rep06,start_B,8,poisson,-72.72952365733394,145.45904731466788,,bfgs,11,True,8.939240458971653e-11,True,0.2613881118162406,bernoulli,bernoulli,5,completed
rep07,start_B,3,bernoulli,-50.469684041286136,100.93936808257227,,bfgs,4,True,3.13495007731035e-11,True,0.4144011946115972,bernoulli,bernoulli,1,completed
rep07,start_B,3,poisson,-74.22502907833616,148.45005815667233,,bfgs,4,True,1.0957190710314536e-11,True,0.14534968290003833,bernoulli,bernoulli,1,completed
rep07,start_B,4,bernoulli,-51.78567948686587,103.57135897373173,,bfgs,4,True,9.170442183403792e-15,True,0.14676562150448055,bernoulli,bernoulli,1,completed
rep07,start_B,4,poisson,-74.75948459716263,149.51896919432525,,bfgs,4,True,1.0049738818906917e-12,True,0.0807277483564865,bernoulli,bernoulli,1,completed
rep07,start_B,5,bernoulli,-51.97997219470351,103.95994438940701,,bfgs,4,True,5.967923044636336e-10,False,0.025440730584576878,bernoulli,bernoulli,1,completed
rep07,start_B,5,poisson,-74.90722326504348,149.81444653008697,,bfgs,4,True,1.8189894035458566e-13,True,0.05001363722803216,bernoulli,bernoulli,1,completed
rep07,start_B,6,bernoulli,-49.158417044321425,98.31683408864285,,bfgs,4,False,2.9465880606593943e-07,False,0.5809987141958438,bernoulli,bernoulli,1,completed
rep07,start_B,6,poisson,-73.7932740439669,147.5865480879338,,bfgs,5,True,8.881784197001252e-16,True,0.1814449086085062,bernoulli,bernoulli,1,completed
rep07,start_B,7,bernoulli,-49.8491496728894,99.6982993457788,,bfgs,4,True,2.4868995751603505e-15,True,0.4980847197213484,bernoulli,bernoulli,1,completed
rep07,start_B,7,poisson,-74.79427046967956,149.58854093935912,,bfgs,5,True,8.492762049172598e-13,True,0.07324340586728831,bernoulli,bernoulli,1,completed
rep07,start_B,8,bernoulli,-51.90907664417491,103.81815328834982,,bfgs,4,True,8.881784197001252e-16,True,0.09074169885431702,bernoulli,bernoulli,1,completed
rep07,start_B,8,poisson,-74.98405025699627,149.96810051399254,,bfgs,5,True,8.881784197001253e-17,True,0.020674733857970362,bernoulli,bernoulli,1,completed
rep07,start_B,3,bernoulli,-50.03336890339973,100.06673780679947,,bfgs,5,True,3.157474282033945e-14,True,0.47619051622008174,bernoulli,bernoulli,2,completed
rep07,start_B,3,poisson,-73.8559694344145,147.711938868829,,bfgs,6,True,1.4477308241112041e-13,True,0.17965417269766643,bernoulli,bernoulli,2,completed
rep07,start_B,4,bernoulli,-51.89248083924313,103.78496167848625,,bfgs,6,True,4.7111647916153744e-12,True,0.10090974138199797,bernoulli,bernoulli,2,completed
rep07,start_B,4,poisson,-74.71881675581025,149.4376335116205,,bfgs,6,False,1.9960106767413778e-08,False,0.08845070568714214,bernoulli,bernoulli,2,completed
rep07,start_B,5,bernoulli,-51.181625651690624,102.36325130338125,,bfgs,5,True,1.7693402298846194e-12,True,0.2975197037255123,bernoulli,bernoulli,2,completed
rep07,start_B,5,poisson,-74.43392257102161,148.86784514204322,,bfgs,7,True,2.3303270424435142e-11,True,0.12509022861349217,bernoulli,bernoulli,2,completed
rep07,start_B,6,bernoulli,-49.19716826041655,98.3943365208331,,bfgs,5,True,3.4917846392090724e-12,True,0.575581732125776,bernoulli,bernoulli,2,completed
rep07,start_B,6,poisson,-73.6150522204677,147.2301044409354,,bfgs,6,True,5.231228783486586e-11,True,0.19747051401045698,bernoulli,bernoulli,2,completed
rep07,start_B,7,bernoulli,-48.89676807144105,97.7935361428821,,bfgs,4,False,4.747043576003307e-08,False,0.6015213255338169,bernoulli,bernoulli,2,completed
rep07,start_B,7,poisson,-74.27355441527997,148.54710883055995,,bfgs,7,True,6.24069684818096e-12,True,0.13767288936960378,bernoulli,bernoulli,2,completed
rep07,start_B,8,bernoulli,-50.78814698528365,101.5762939705673,,bfgs,6,True,5.298759653271646e-10,False,0.3626929728209645,bernoulli,bernoulli,2,completed
rep07,start_B,8,poisson,-74.47195874086688,148.94391748173376,,bfgs,6,True,8.933023210033753e-10,False,0.11962716968858235,bernoulli,bernoulli,2,completed
rep07,start_B,3,bernoulli,-49.48640573899,98.97281147798,,bfgs,7,True,1.139940586369903e-10,False,0.5633302278761555,bernoulli,bernoulli,3,completed
rep07,start_B,3,poisson,-73.29298058258439,146.58596116516878,,bfgs,8,True,8.065654810707201e-11,True,0.22713782465525378,bernoulli,bernoulli,3,completed
rep07,start_B,4,bernoulli,-51.53824528514404,103.07649057028809,,bfgs,7,True,3.20769366624063e-10,False,0.23814777582111343,bernoulli,bernoulli,3,completed
rep07,start_B,4,poisson,-74.33961745881611,148.67923491763221,,bfgs,10,True,4.889333382607219e-12,True,0.14249105884908425,bernoulli,bernoulli,3,completed
rep07,start_B,5,bernoulli,-50.12050114783078,100.24100229566156,,bfgs,8,True,1.3449152902467176e-11,True,0.49732677695192967,bernoulli,bernoulli,3,completed
rep07,start_B,5,poisson,-74.26365196986582,148.52730393973164,,bfgs,10,True,1.4330425734954134e-12,True,0.13625128152705532,bernoulli,bernoulli,3,completed
rep07,start_B,6,bernoulli,-49.07531185303175,98.1506237060635,,bfgs,7,True,2.1200818878241988e-13,True,0.5496439368805613,bernoulli,bernoulli,3,completed
rep07,start_B,6,poisson,-73.58751344238767,147.17502688477535,,bfgs,9,True,2.7175062200512913e-11,True,0.18534814818818177,bernoulli,bernoulli,3,completed
rep07,start_B,7,bernoulli,-47.08532452924133,94.17064905848267,,bfgs,7,True,1.2958523143424827e-12,True,0.7728687968631268,bernoulli,bernoulli,3,completed
rep07,start_B,7,poisson,-73.96223645976488,147.92447291952976,,bfgs,12,True,1.0691891816350108e-11,True,0.1589523539234142,bernoulli,bernoulli,3,completed
rep07,start_B,8,bernoulli,-50.27335065267066,100.54670130534132,,bfgs,8,True,8.761880110341735e-13,True,0.46230180161616413,bernoulli,bernoulli,3,completed
rep07,start_B,8,poisson,-73.88120951361088,147.76241902722177,,bfgs,9,True,5.855849138924896e-12,True,0.186405324960142,bernoulli,bernoulli,3,completed
rep07,start_B,3,bernoulli,-46.726801321924626,93.45360264384925,,bfgs,8,True,2.1571633368466792e-13,True,0.8765578005135928,bernoulli,bernoulli,4,completed
rep07,start_B,3,poisson,-71.82919430429246,143.65838860858491,,bfgs,10,True,7.782618993701363e-12,True,0.3514769384275466,bernoulli,bernoulli,4,completed
rep07,start_B,4,bernoulli,-47.46598376316759,94.93196752633519,,bfgs,8,False,1.1879455268370975e-07,False,1.0060769922675794,bernoulli,bernoulli,4,completed
rep07,start_B,4,poisson,-74.18558240433813,148.37116480867627,,bfgs,12,True,1.4973644546500964e-11,True,0.1521785978476445,bernoulli,bernoulli,4,completed
rep07,start_B,5,bernoulli,-49.693179316806116,99.38635863361223,,bfgs,10,True,3.3528735343679727e-15,True,0.555122692435762,bernoulli,bernoulli,4,completed
rep07,start_B,5,poisson,-73.51991489670895,147.0398297934179,,bfgs,11,True,7.500579046748612e-11,True,0.2501066856010709,bernoulli,bernoulli,4,completed
rep07,start_B,6,bernoulli,-46.37822157445919,92.75644314891838,,bfgs,8,False,2.4865481407232436e-08,False,0.9417710947418914,bernoulli,bernoulli,4,completed
rep07,start_B,6,poisson,-73.53324094903427,147.06648189806853,,bfgs,10,True,8.741345425278269e-11,True,0.1737356313937973,bernoulli,bernoulli,4,completed
rep07,start_B,7,bernoulli,-44.20365910748917,88.40731821497835,,bfgs,9,True,8.07125477564341e-12,True,1.2430117003603371,bernoulli,bernoulli,4,completed
rep07,start_B,7,poisson,-74.02888851618135,148.0577770323627,,bfgs,12,True,2.466950732582518e-09,False,0.1442853112669233,bernoulli,bernoulli,4,completed
rep07,start_B,8,bernoulli,-49.127889718558876,98.25577943711775,,bfgs,7,False,1.6037591887840817e-08,False,0.699521533323744,bernoulli,bernoulli,4,completed
rep07,start_B,8,poisson,-72.5996731202886,145.1993462405772,,bfgs,10,True,4.991875801607648e-11,True,0.3355677592686392,bernoulli,bernoulli,4,completed
rep07,start_B,3,bernoulli,-45.24912568132022,90.49825136264045,,bfgs,9,True,1.27822219475604e-10,False,1.0772332678740137,bernoulli,bernoulli,5,completed
rep07,start_B,3,poisson,-71.13571269057677,142.27142538115353,,bfgs,14,True,8.068246071246677e-12,True,0.37926580987995684,bernoulli,bernoulli,5,completed
rep07,start_B,4,bernoulli,-47.575919162675,95.15183832535,,bfgs,9,False,1.8730656581311678e-08,False,0.998846203689129,bernoulli,bernoulli,5,completed
rep07,start_B,4,poisson,-73.88127418163313,147.76254836326626,,bfgs,13,True,1.7728929435634199e-12,True,0.1844613706553657,bernoulli,bernoulli,5,completed
rep07,start_B,5,bernoulli,-47.873254058322345,95.74650811664469,,bfgs,9,True,1.3095612372282516e-10,False,0.8396814080925699,bernoulli,bernoulli,5,completed
rep07,start_B,5,poisson,-73.25581892555692,146.51163785111385,,bfgs,16,True,8.595243405906672e-10,False,0.27126997288830274,bernoulli,bernoulli,5,completed
rep07,start_B,6,bernoulli,-42.75527054784457,85.51054109568913,,bfgs,10,True,7.500795015658036e-09,False,1.3749921644187686,bernoulli,bernoulli,5,completed
rep07,start_B,6,poisson,-72.08903102013157,144.17806204026314,,bfgs,16,False,2.9113337562947095e-08,False,0.2979761506014502,bernoulli,bernoulli,5,completed
rep07,start_B,7,bernoulli,-41.88225941637332,83.76451883274665,,bfgs,8,True,1.261487980741549e-09,False,1.4611430519886437,bernoulli,bernoulli,5,completed
rep07,start_B,7,poisson,-72.86008376199716,145.72016752399432,,bfgs,15,True,2.272885879506248e-09,False,0.2604255841411642,bernoulli,bernoulli,5,completed
rep07,start_B,8,bernoulli,-49.604868574798296,99.20973714959659,,bfgs,9,True,1.843274866075717e-10,False,0.56495699733419,bernoulli,bernoulli,5,completed
rep07,start_B,8,poisson,-72.95824026789933,145.91648053579866,,bfgs,13,True,2.507178109567576e-09,False,0.2815972846849445,bernoulli,bernoulli,5,completed
rep08,start_B,3,bernoulli,-45.73854770881591,91.47709541763182,,bfgs,4,True,1.918469827444369e-11,True,0.92321590487664,bernoulli,bernoulli,1,completed
rep08,start_B,3,poisson,-74.01488218591938,148.02976437183875,,bfgs,7,True,8.881784197001252e-16,True,0.15832166330641528,bernoulli,bernoulli,1,completed
rep08,start_B,4,bernoulli,-51.87319750053749,103.74639500107499,,bfgs,4,True,7.18123036591578e-09,False,0.10994440255483053,bernoulli,bernoulli,1,completed
rep08,start_B,4,poisson,-74.99907386667142,149.99814773334285,,bfgs,5,True,1.7763568394002506e-16,True,0.004971885934183676,bernoulli,bernoulli,1,completed
rep08,start_B,5,bernoulli,-51.983268871094594,103.96653774218919,,bfgs,3,True,1.3322676295501878e-16,True,0.017189020984355697,bernoulli,bernoulli,1,completed
rep08,start_B,5,poisson,-74.970359287991,149.940718575982,,bfgs,4,True,2.203393023592071e-12,True,0.028181513097686295,bernoulli,bernoulli,1,completed
rep08,start_B,6,bernoulli,-51.979876916232264,103.95975383246453,,bfgs,4,True,9.769962616701378e-16,True,0.025639674784730303,bernoulli,bernoulli,1,completed
rep08,start_B,6,poisson,-74.97465477898844,149.94930955797687,,bfgs,4,True,4.4528114528930016e-11,True,0.02605542919062108,bernoulli,bernoulli,1,completed
rep08,start_B,7,bernoulli,-51.98603224578507,103.97206449157014,,bfgs,3,True,1.8207657603852566e-15,True,0.0008195095983244195,bernoulli,bernoulli,1,completed
rep08,start_B,7,poisson,-74.96007867754477,149.92015735508954,,bfgs,4,True,7.593925488436071e-14,True,0.03271649625517605,bernoulli,bernoulli,1,completed
rep08,start_B,8,bernoulli,-51.96616679952624,103.93233359905248,,bfgs,3,True,4.620792637410887e-12,True,0.04605695156073164,bernoulli,bernoulli,1,completed
rep08,start_B,8,poisson,-74.9275103449599,149.8550206899198,,bfgs,4,True,7.860379014346108e-15,True,0.04412024106023254,bernoulli,bernoulli,1,completed
rep08,start_B,3,bernoulli,-43.34263449376027,86.68526898752054,,bfgs,5,True,5.922178303308101e-11,True,1.1234086018640794,bernoulli,bernoulli,2,completed
rep08,start_B,3,poisson,-73.5152682635016,147.0305365270032,,bfgs,9,True,3.486012367659441e-10,False,0.19526420707074618,bernoulli,bernoulli,2,completed
rep08,start_B,4,bernoulli,-51.76313234388691,103.52626468777382,,bfgs,6,True,1.6209256159527285e-15,True,0.15315986462442682,bernoulli,bernoulli,2,completed
rep08,start_B,4,poisson,-74.83428536745048,149.66857073490095,,bfgs,6,True,2.3062107779026064e-14,True,0.06623388442791744,bernoulli,bernoulli,2,completed
rep08,start_B,5,bernoulli,-46.91278925905469,93.82557851810938,,bfgs,6,True,2.414994249022584e-09,False,0.8071149735782923,bernoulli,bernoulli,2,completed
rep08,start_B,5,poisson,-74.13937253830758,148.27874507661517,,bfgs,10,True,1.5739783920665217e-10,False,0.1492263133490865,bernoulli,bernoulli,2,completed
rep08,start_B,6,bernoulli,-51.513327879306075,103.02665575861215,,bfgs,6,True,1.1546319456101628e-15,True,0.2251188532538774,bernoulli,bernoulli,2,completed
rep08,start_B,6,poisson,-74.94887497523662,149.89774995047324,,bfgs,7,True,4.511946372076636e-14,True,0.03651282403931974,bernoulli,bernoulli,2,completed
rep08,start_B,7,bernoulli,-51.427024377646305,102.85404875529261,,bfgs,5,True,7.111911060064813e-12,True,0.24492081200126292,bernoulli,bernoulli,2,completed
rep08,start_B,7,poisson,-74.93066616437417,149.86133232874835,,bfgs,7,True,4.6193626701551695e-11,True,0.04249717722275002,bernoulli,bernoulli,2,completed
rep08,start_B,8,bernoulli,-51.93157299819809,103.86314599639618,,bfgs,6,True,9.792167077193881e-15,True,0.075723662876825,bernoulli,bernoulli,2,completed
rep08,start_B,8,poisson,-74.968476168026,149.936952336052,,bfgs,6,True,1.6113332890199672e-11,True,0.029455039773716912,bernoulli,bernoulli,2,completed
rep08,start_B,3,bernoulli,-42.52969869610331,85.05939739220662,,bfgs,7,True,3.625211242308524e-13,True,1.188087661452939,bernoulli,bernoulli,3,completed
rep08,start_B,3,poisson,-73.58359289628504,147.16718579257008,,bfgs,12,True,9.840039894015717e-12,True,0.18270424678553893,bernoulli,bernoulli,3,completed
rep08,start_B,4,bernoulli,-51.33372973608342,102.66745947216684,,bfgs,6,True,1.1658244369883164e-10,False,0.2737686085645989,bernoulli,bernoulli,3,completed
rep08,start_B,4,poisson,-74.74599513581012,149.49199027162024,,bfgs,7,True,2.2008109223925487e-10,False,0.08665829094261474,bernoulli,bernoulli,3,completed
rep08,start_B,5,bernoulli,-42.92537618320631,85.85075236641262,,bfgs,7,True,3.6216771803765366e-10,False,1.1973244464182868,bernoulli,bernoulli,3,completed
rep08,start_B,5,poisson,-73.42909078380272,146.85818156760544,,bfgs,11,True,1.00234986977199e-11,True,0.19998127221592335,bernoulli,bernoulli,3,completed
rep08,start_B,6,bernoulli,-50.66131857881423,101.32263715762846,,bfgs,7,True,3.864214503934704e-12,True,0.3943458969336703,bernoulli,bernoulli,3,completed
rep08,start_B,6,poisson,-74.58750650738966,149.17501301477932,,bfgs,9,True,1.7124079931818415e-13,True,0.10897120594198906,bernoulli,bernoulli,3,completed
rep08,start_B,7,bernoulli,-49.809020689943,99.618041379886,,bfgs,6,False,1.9177709342788064e-08,False,0.523038329496284,bernoulli,bernoulli,3,completed
rep08,start_B,7,poisson,-74.63935926839312,149.27871853678624,,bfgs,9,True,1.7692514120426494e-13,True,0.09955298189798246,bernoulli,bernoulli,3,completed
rep08,start_B,8,bernoulli,-51.46017102479648,102.92034204959296,,bfgs,7,True,5.766465083212324e-12,True,0.2502140390675542,bernoulli,bernoulli,3,completed
rep08,start_B,8,poisson,-74.7082964424382,149.4165928848764,,bfgs,8,True,1.8623524944416657e-11,True,0.092839829696856,bernoulli,bernoulli,3,completed
rep08,start_B,3,bernoulli,-35.877658762472116,71.75531752494423,,bfgs,9,False,1.2551566230811773e-08,False,2.2068775178189086,bernoulli,bernoulli,4,completed
rep08,start_B,3,poisson,-72.12554233223318,144.25108466446636,,bfgs,13,True,3.955086036455668e-09,False,0.3132075267650392,bernoulli,bernoulli,4,completed
rep08,start_B,4,bernoulli,-49.42829649217158,98.85659298434317,,bfgs,8,True,5.4427040652171855e-11,True,0.7507777838476922,bernoulli,bernoulli,4,completed
rep08,start_B,4,poisson,-74.2886041941512,148.5772083883024,,bfgs,10,False,1.1194559126903592e-08,False,0.17765650828607035,bernoulli,bernoulli,4,completed
rep08,start_B,5,bernoulli,-42.07847720970998,84.15695441941996,,bfgs,8,True,1.0684055418153093e-09,False,1.281866726655507,bernoulli,bernoulli,4,completed
rep08,start_B,5,poisson,-73.43808280036505,146.8761656007301,,bfgs,11,False,5.004418970333546e-08,False,0.20648678871815127,bernoulli,bernoulli,4,completed
rep08,start_B,6,bernoulli,-49.357467550323506,98.71493510064701,,bfgs,8,True,7.729381135135327e-09,False,0.6719717099852662,bernoulli,bernoulli,4,completed
rep08,start_B,6,poisson,-74.39156965502477,148.78313931004953,,bfgs,10,False,1.6129843505297004e-08,False,0.14873881875488837,bernoulli,bernoulli,4,completed
rep08,start_B,7,bernoulli,-49.41616856565539,98.83233713131078,,bfgs,9,True,1.1457954585125663e-09,False,0.6224760734894652,bernoulli,bernoulli,4,completed
rep08,start_B,7,poisson,-74.52400031419617,149.04800062839234,,bfgs,9,True,1.4490542099565573e-11,True,0.13564504042486722,bernoulli,bernoulli,4,completed
rep08,start_B,8,bernoulli,-51.1961898657376,102.3923797314752,,bfgs,9,True,1.9535484341304253e-13,True,0.32797678936353564,bernoulli,bernoulli,4,completed
rep08,start_B,8,poisson,-74.68770766365087,149.37541532730174,,bfgs,9,True,4.70759431436818e-11,True,0.10150092284441803,bernoulli,bernoulli,4,completed
rep08,start_B,3,bernoulli,-34.97471553873587,69.94943107747174,,bfgs,10,True,4.9726756046197805e-11,True,2.2093401458269817,bernoulli,bernoulli,5,completed
rep08,start_B,3,poisson,-70.76345483008882,141.52690966017764,,bfgs,19,False,3.7942529518275594e-08,False,0.4003548654884994,bernoulli,bernoulli,5,completed
rep08,start_B,4,bernoulli,-49.7524715840943,99.5049431681886,,bfgs,9,True,7.982847183285458e-09,False,0.6013509171905174,bernoulli,bernoulli,5,completed
rep08,start_B,4,poisson,-74.5875842310617,149.1751684621234,,bfgs,12,True,7.134768909011769e-09,False,0.11361921166321567,bernoulli,bernoulli,5,completed
rep08,start_B,5,bernoulli,-39.48681411099034,78.97362822198068,,bfgs,10,True,1.475033428732786e-11,True,1.5228007101457741,bernoulli,bernoulli,5,completed
rep08,start_B,5,poisson,-72.98650889106534,145.97301778213068,,bfgs,15,True,9.445539420060989e-10,False,0.22170483683143535,bernoulli,bernoulli,5,completed
rep08,start_B,6,bernoulli,-43.33570049903958,86.67140099807916,,bfgs,9,False,3.895038829526687e-08,False,1.439700493842001,bernoulli,bernoulli,5,completed
rep08,start_B,6,poisson,-73.29627792383964,146.59255584767928,,bfgs,13,False,3.958790708580295e-08,False,0.2642951941736969,bernoulli,bernoulli,5,completed
rep08,start_B,7,bernoulli,-48.50618868448675,97.0123773689735,,bfgs,11,True,8.762359726688373e-10,False,0.6666961551317504,bernoulli,bernoulli,5,completed
rep08,start_B,7,poisson,-74.09677962659526,148.19355925319053,,bfgs,13,True,4.504755857226428e-09,False,0.17395280135889973,bernoulli,bernoulli,5,completed
rep08,start_B,8,bernoulli,-48.351071279592176,96.70214255918435,,bfgs,9,True,4.2721088888697524e-10,False,0.8338334360580987,bernoulli,bernoulli,5,completed
rep08,start_B,8,poisson,-73.33000210272415,146.6600042054483,,bfgs,10,False,7.874645451266815e-08,False,0.26858775678523394,bernoulli,bernoulli,5,completed
rep09,start_B,3,bernoulli,-51.98351408955716,103.96702817911432,,bfgs,4,True,2.3092638912203257e-15,True,0.016410244492319204,bernoulli,bernoulli,1,completed
rep09,start_B,3,poisson,-74.847800900719,149.695601801438,,bfgs,4,True,1.410782601851679e-12,True,0.06392777291132841,bernoulli,bernoulli,1,completed
rep09,start_B,4,bernoulli,-51.40162804884892,102.80325609769784,,bfgs,3,True,8.802447659661538e-12,True,0.2519684899006966,bernoulli,bernoulli,1,completed
rep09,start_B,4,poisson,-74.99888222630099,149.99776445260198,,bfgs,5,True,2.3980817331903383e-15,True,0.005461720746469227,bernoulli,bernoulli,1,completed
rep09,start_B,5,bernoulli,-51.69071226010669,103.38142452021339,,bfgs,4,True,2.504663143554353e-14,True,0.17830728059076587,bernoulli,bernoulli,1,completed
rep09,start_B,5,poisson,-74.97946189932104,149.95892379864208,,bfgs,4,True,6.221281267926315e-11,True,0.02343870176342608,bernoulli,bernoulli,1,completed
rep09,start_B,6,bernoulli,-51.651074021943785,103.30214804388757,,bfgs,4,True,4.4408920985006264e-17,True,0.19001460235144996,bernoulli,bernoulli,1,completed
rep09,start_B,6,poisson,-74.50238584811174,149.0047716962235,,bfgs,4,True,1.616484723854228e-13,True,0.11571355217445617,bernoulli,bernoulli,1,completed
rep09,start_B,7,bernoulli,-51.45070377935097,102.90140755870193,,bfgs,3,True,2.078826000229128e-11,True,0.24097117743180016,bernoulli,bernoulli,1,completed
rep09,start_B,7,poisson,-74.38894556514448,148.77789113028896,,bfgs,4,True,6.297184995673888e-13,True,0.12822848348652,bernoulli,bernoulli,1,completed
rep09,start_B,8,bernoulli,-50.1186245314634,100.2372490629268,,bfgs,4,True,6.175788769269275e-11,True,0.45966911506642716,bernoulli,bernoulli,1,completed
rep09,start_B,8,poisson,-73.80133362910468,147.60266725820935,,bfgs,5,True,1.7763568394002506e-16,True,0.17943211830516886,bernoulli,bernoulli,1,completed
rep09,start_B,3,bernoulli,-49.55328291464159,99.10656582928318,,bfgs,5,False,2.2595542183978524e-07,False,0.5261394353843958,bernoulli,bernoulli,2,completed
rep09,start_B,3,poisson,-74.43304658085438,148.86609316170876,,bfgs,7,True,3.175930629595314e-10,False,0.12409455618819781,bernoulli,bernoulli,2,completed
rep09,start_B,4,bernoulli,-51.401066286228456,102.80213257245691,,bfgs,5,True,3.3432812074352112e-12,True,0.25397039651055614,bernoulli,bernoulli,2,completed
rep09,start_B,4,poisson,-74.97646894128548,149.95293788257095,,bfgs,6,True,1.69837255370453e-11,True,0.025209585968052173,bernoulli,bernoulli,2,completed
rep09,start_B,5,bernoulli,-48.92967169527933,97.85934339055866,,bfgs,5,True,4.099653949651838e-12,True,0.6015147822125401,bernoulli,bernoulli,2,completed
rep09,start_B,5,poisson,-73.81504417743683,147.63008835487366,,bfgs,9,True,7.444516114674116e-11,True,0.17565420476367183,bernoulli,bernoulli,2,completed
rep09,start_B,6,bernoulli,-47.95255485322345,95.9051097064469,,bfgs,4,False,1.7101031746236117e-07,False,0.6923643333837401,bernoulli,bernoulli,2,completed
rep09,start_B,6,poisson,-73.03673909936633,146.07347819873266,,bfgs,8,True,1.0241858472426202e-10,False,0.23097901037733812,bernoulli,bernoulli,2,completed
rep09,start_B,7,bernoulli,-51.601941967783844,103.20388393556769,,bfgs,5,True,6.677289832168754e-11,True,0.2063026901917897,bernoulli,bernoulli,2,completed
rep09,start_B,7,poisson,-74.37436246054506,148.74872492109012,,bfgs,7,True,2.6645352591003757e-15,True,0.13229839901272375,bernoulli,bernoulli,2,completed
rep09,start_B,8,bernoulli,-46.285013917460994,92.57002783492199,,bfgs,6,True,1.333688715021708e-12,True,0.8534519193065071,bernoulli,bernoulli,2,completed
rep09,start_B,8,poisson,-72.18485026875629,144.36970053751259,,bfgs,9,True,1.1412099709673384e-09,False,0.2807681921756272,bernoulli,bernoulli,2,completed
rep09,start_B,3,bernoulli,-48.89030051895723,97.78060103791447,,bfgs,7,True,2.1218582446635992e-13,True,0.6093466822491365,bernoulli,bernoulli,3,completed
rep09,start_B,3,poisson,-74.3951111677031,148.7902223354062,,bfgs,11,True,8.052197131291905e-10,False,0.12215981905939274,bernoulli,bernoulli,3,completed
rep09,start_B,4,bernoulli,-51.430270116978775,102.86054023395755,,bfgs,7,True,2.632575046845886e-10,False,0.240706083280054,bernoulli,bernoulli,3,completed
rep09,start_B,4,poisson,-74.63241378735664,149.26482757471328,,bfgs,9,True,9.325173661034469e-10,False,0.1038310984305707,bernoulli,bernoulli,3,completed
rep09,start_B,5,bernoulli,-46.2122455028377,92.4244910056754,,bfgs,5,False,1.4077371801590743e-08,False,0.9000350108883889,bernoulli,bernoulli,3,completed
rep09,start_B,5,poisson,-72.40462983221843,144.80925966443687,,bfgs,11,True,3.280156590790284e-10,False,0.27098295265949374,bernoulli,bernoulli,3,completed
rep09,start_B,6,bernoulli,-48.13310824321228,96.26621648642455,,bfgs,7,True,2.5259756952777933e-09,False,0.668144835751107,bernoulli,bernoulli,3,completed
rep09,start_B,6,poisson,-73.00821201194685,146.0164240238937,,bfgs,12,True,5.917116796538835e-12,True,0.23438476235504424,bernoulli,bernoulli,3,completed
rep09,start_B,7,bernoulli,-47.27728791654163,94.55457583308326,,bfgs,8,True,1.615854117176241e-11,True,0.8365908053424359,bernoulli,bernoulli,3,completed
rep09,start_B,7,poisson,-74.14272915264456,148.28545830528913,,bfgs,9,False,3.9979670436451896e-07,False,0.1510503307674533,bernoulli,bernoulli,3,completed
rep09,start_B,8,bernoulli,-47.08231018937842,94.16462037875684,,bfgs,8,True,3.568345618987223e-12,True,0.7607249493027135,bernoulli,bernoulli,3,completed
rep09,start_B,8,poisson,-72.46411065916388,144.92822131832776,,bfgs,10,True,1.7482819636427394e-09,False,0.26463121444315196,bernoulli,bernoulli,3,completed
rep09,start_B,3,bernoulli,-48.86627201555574,97.73254403111147,,bfgs,8,True,4.6292480959664315e-11,True,0.5721919383567997,bernoulli,bernoulli,4,completed
rep09,start_B,3,poisson,-74.29972776256585,148.5994555251317,,bfgs,13,True,4.353282179181406e-11,True,0.14856396427588797,bernoulli,bernoulli,4,completed
rep09,start_B,4,bernoulli,-50.35095193376093,100.70190386752186,,bfgs,7,True,5.386877344193408e-09,False,0.48353176663494923,bernoulli,bernoulli,4,completed
rep09,start_B,4,poisson,-74.86973509199046,149.73947018398093,,bfgs,11,False,1.5693790866855296e-08,False,0.06328752859910561,bernoulli,bernoulli,4,completed
rep09,start_B,5,bernoulli,-46.08907232507404,92.17814465014808,,bfgs,10,True,9.732051076127846e-09,False,0.9173749109935085,bernoulli,bernoulli,4,completed
rep09,start_B,5,poisson,-71.27498264520003,142.54996529040005,,bfgs,13,True,1.1429939661411482e-09,False,0.35820761197355466,bernoulli,bernoulli,4,completed
rep09,start_B,6,bernoulli,-45.286443046843225,90.57288609368645,,bfgs,8,True,5.3641047159658226e-11,True,1.0073076780199262,bernoulli,bernoulli,4,completed
rep09,start_B,6,poisson,-72.49749253427345,144.9949850685469,,bfgs,13,True,1.1431685320584251e-10,False,0.24711782910012495,bernoulli,bernoulli,4,completed
rep09,start_B,7,bernoulli,-45.47267952645266,90.94535905290532,,bfgs,8,True,1.8999778195194495e-09,False,1.0111856462925728,bernoulli,bernoulli,4,completed
rep09,start_B,7,poisson,-73.08780230700897,146.17560461401794,,bfgs,14,False,3.326392263858224e-08,False,0.2637358351841861,bernoulli,bernoulli,4,completed
rep09,start_B,8,bernoulli,-45.81509353356362,91.63018706712724,,bfgs,8,True,6.943423613847699e-12,True,0.8198075271973985,bernoulli,bernoulli,4,completed
rep09,start_B,8,poisson,-71.77458750650169,143.54917501300338,,bfgs,12,True,3.265475001512641e-10,False,0.287839680785233,bernoulli,bernoulli,4,completed
rep09,start_B,3,bernoulli,-47.34241588363727,94.68483176727455,,bfgs,9,True,1.552369344182125e-11,True,0.795349513788559,bernoulli,bernoulli,5,completed
rep09,start_B,3,poisson,-74.2362798617321,148.4725597234642,,bfgs,13,False,3.365776726216296e-08,False,0.12820072702106283,bernoulli,bernoulli,5,completed
rep09,start_B,4,bernoulli,-47.29907205127282,94.59814410254565,,bfgs,10,True,1.533976945466975e-10,False,0.9036445072333904,bernoulli,bernoulli,5,completed
rep09,start_B,4,poisson,-73.6949149064576,147.3898298129152,,bfgs,14,True,1.147973271997671e-10,False,0.2211960625876381,bernoulli,bernoulli,5,completed
rep09,start_B,5,bernoulli,-44.14993393901237,88.29986787802474,,bfgs,9,True,4.474021153555441e-12,True,1.124195164531953,bernoulli,bernoulli,5,completed
rep09,start_B,5,poisson,-71.62248501650429,143.24497003300857,,bfgs,12,True,1.3486502581372406e-09,False,0.3333487939046108,bernoulli,bernoulli,5,completed
rep09,start_B,6,bernoulli,-44.54954565076585,89.0990913015317,,bfgs,9,True,1.1970325952681548e-09,False,1.092696902961406,bernoulli,bernoulli,5,completed
rep09,start_B,6,poisson,-72.34503022023482,144.69006044046964,,bfgs,12,True,6.162489452066211e-09,False,0.25005746646850674,bernoulli,bernoulli,5,completed
rep09,start_B,7,bernoulli,-42.42900028252521,84.85800056505042,,bfgs,9,True,2.578856950208319e-09,False,1.4586258224545305,bernoulli,bernoulli,5,completed
rep09,start_B,7,poisson,-72.66959446830677,145.33918893661354,,bfgs,14,True,1.1804922372959937e-09,False,0.32207421341870923,bernoulli,bernoulli,5,completed
rep09,start_B,8,bernoulli,-42.108898965279096,84.21779793055819,,bfgs,10,True,2.7352253795243088e-11,True,1.3727639466308061,bernoulli,bernoulli,5,completed
rep09,start_B,8,poisson,-70.56263653391595,141.1252730678319,,bfgs,15,True,9.991361071826078e-11,True,0.39877848628476575,bernoulli,bernoulli,5,completed
rep10,start_B,3,bernoulli,-51.838256449006565,103.67651289801313,,bfgs,3,True,3.05000469325023e-13,True,0.12589420552794464,bernoulli,bernoulli,1,completed
rep10,start_B,3,poisson,-74.96195104636978,149.92390209273955,,bfgs,5,True,3.1530333899354444e-15,True,0.03195916512907794,bernoulli,bernoulli,1,completed
rep10,start_B,4,bernoulli,-51.341520227461544,102.68304045492309,,bfgs,4,True,4.854355140082589e-10,False,0.265337124536829,bernoulli,bernoulli,1,completed
rep10,start_B,4,poisson,-74.99982946918973,149.99965893837947,,bfgs,5,True,5.151434834260726e-15,True,0.0021319610928459214,bernoulli,bernoulli,1,completed
rep10,start_B,5,bernoulli,-51.19543097955187,102.39086195910374,,bfgs,4,True,5.195843755245732e-15,True,0.2946716375532877,bernoulli,bernoulli,1,completed
rep10,start_B,5,poisson,-74.99690477172894,149.99380954345787,,bfgs,5,True,3.752553823233029e-14,True,0.009075450788176632,bernoulli,bernoulli,1,completed
rep10,start_B,6,bernoulli,-51.259081269729975,102.51816253945995,,bfgs,4,True,7.860862183406425e-09,False,0.2822272714552707,bernoulli,bernoulli,1,completed
rep10,start_B,6,poisson,-74.33448898253707,148.66897796507413,,bfgs,4,True,1.474376176702208e-14,True,0.1344690613061234,bernoulli,bernoulli,1,completed
rep10,start_B,7,bernoulli,-50.55706452502443,101.11412905004886,,bfgs,4,True,5.329070518200751e-16,True,0.40090808695837055,bernoulli,bernoulli,1,completed
rep10,start_B,7,poisson,-74.95785465319264,149.91570930638528,,bfgs,5,True,1.9975132659055817e-13,True,0.03338422780246165,bernoulli,bernoulli,1,completed
rep10,start_B,8,bernoulli,-50.80864147500458,101.61728295000916,,bfgs,3,True,7.128075907303355e-13,True,0.3622003886992865,bernoulli,bernoulli,1,completed
rep10,start_B,8,poisson,-74.13304412432387,148.26608824864775,,bfgs,4,True,1.4081980026503515e-11,True,0.1535302090441587,bernoulli,bernoulli,1,completed
rep10,start_B,3,bernoulli,-51.0625033441626,102.1250066883252,,bfgs,7,True,1.504218971604132e-12,True,0.34878252565687423,bernoulli,bernoulli,2,completed
rep10,start_B,3,poisson,-74.98389842472223,149.96779684944445,,bfgs,7,True,2.5056430763559233e-09,False,0.020515089799607197,bernoulli,bernoulli,2,completed
rep10,start_B,4,bernoulli,-50.48638775814245,100.9727755162849,,bfgs,4,False,1.3342620990286492e-07,False,0.41821227438477554,bernoulli,bernoulli,2,completed
rep10,start_B,4,poisson,-74.35119742884194,148.70239485768388,,bfgs,6,True,7.031575322002937e-12,True,0.14743828184057337,bernoulli,bernoulli,2,completed
rep10,start_B,5,bernoulli,-40.83167295728833,81.66334591457667,,bfgs,6,True,2.7313418193841698e-11,True,1.4857943576593422,bernoulli,bernoulli,2,completed
rep10,start_B,5,poisson,-73.68403251106164,147.3680650221233,,bfgs,9,True,9.587566296431759e-11,True,0.2047107977808946,bernoulli,bernoulli,2,completed
rep10,start_B,6,bernoulli,-50.14578781877657,100.29157563755314,,bfgs,5,True,2.5424107263916085e-12,True,0.4910684661750519,bernoulli,bernoulli,2,completed
rep10,start_B,6,poisson,-74.5719143128171,149.1438286256342,,bfgs,6,True,6.522892448401763e-10,False,0.09973895082557871,bernoulli,bernoulli,2,completed
rep10,start_B,7,bernoulli,-49.08313215204594,98.16626430409188,,bfgs,6,True,4.460787295101909e-12,True,0.5779579500793869,bernoulli,bernoulli,2,completed
rep10,start_B,7,poisson,-74.12024509248401,148.24049018496802,,bfgs,6,True,1.4290435501607135e-11,True,0.16673840255056666,bernoulli,bernoulli,2,completed
rep10,start_B,8,bernoulli,-50.096891854030204,100.19378370806041,,bfgs,5,True,1.021405182655144e-15,True,0.4546514535337647,bernoulli,bernoulli,2,completed
rep10,start_B,8,poisson,-74.26955878316838,148.53911756633676,,bfgs,6,True,2.114922237339556e-10,False,0.12722897013734105,bernoulli,bernoulli,2,completed
rep10,start_B,3,bernoulli,-44.23635330860787,88.47270661721574,,bfgs,6,False,3.670940653677235e-08,False,1.1470761663517526,bernoulli,bernoulli,3,completed
rep10,start_B,3,poisson,-72.51352939377587,145.02705878755174,,bfgs,10,True,2.2921131659359163e-11,True,0.28061006573946046,bernoulli,bernoulli,3,completed
rep10,start_B,4,bernoulli,-50.22493094242725,100.4498618848545,,bfgs,6,True,7.869260798543109e-14,True,0.4422346669961218,bernoulli,bernoulli,3,completed
rep10,start_B,4,poisson,-74.27368338532314,148.54736677064628,,bfgs,8,True,1.1360745677535533e-11,True,0.15059622792135213,bernoulli,bernoulli,3,completed
rep10,start_B,5,bernoulli,-40.26818013807017,80.53636027614034,,bfgs,6,True,1.3601462178769453e-10,False,1.474784977723826,bernoulli,bernoulli,3,completed
rep10,start_B,5,poisson,-73.509035314275,147.01807062855,,bfgs,11,False,2.3467479759453623e-08,False,0.2123525234881269,bernoulli,bernoulli,3,completed
rep10,start_B,6,bernoulli,-49.38028911041424,98.76057822082848,,bfgs,7,True,2.807531984672096e-13,True,0.5710514676251531,bernoulli,bernoulli,3,completed
rep10,start_B,6,poisson,-74.32458746334896,148.64917492669792,,bfgs,8,True,5.344428677389601e-10,False,0.12388445092670151,bernoulli,bernoulli,3,completed
rep10,start_B,7,bernoulli,-49.37292604724168,98.74585209448335,,bfgs,7,True,2.8748292635327744e-11,True,0.5305660840914449,bernoulli,bernoulli,3,completed
rep10,start_B,7,poisson,-74.18871037642091,148.37742075284183,,bfgs,10,True,1.2858736297971518e-09,False,0.15537108200193822,bernoulli,bernoulli,3,completed
rep10,start_B,8,bernoulli,-46.37660914749991,92.75321829499983,,bfgs,6,True,2.778950403126146e-11,True,0.8744457031422997,bernoulli,bernoulli,3,completed
rep10,start_B,8,poisson,-72.35484475785908,144.70968951571817,,bfgs,8,True,7.449152406024951e-13,True,0.27781305908709675,bernoulli,bernoulli,3,completed
rep10,start_B,3,bernoulli,-44.37689414655558,88.75378829311116,,bfgs,8,True,5.054623386513413e-13,True,1.046764467061039,bernoulli,bernoulli,4,completed
rep10,start_B,3,poisson,-71.97535299160003,143.95070598320007,,bfgs,13,True,6.067698343770189e-10,False,0.2956227609122705,bernoulli,bernoulli,4,completed
rep10,start_B,4,bernoulli,-50.2230831660998,100.4461663321996,,bfgs,8,True,2.036770752056327e-12,True,0.4381529663715179,bernoulli,bernoulli,4,completed
rep10,start_B,4,poisson,-74.19820046871635,148.3964009374327,,bfgs,10,True,5.636850236578894e-10,False,0.15917703407619505,bernoulli,bernoulli,4,completed
rep10,start_B,5,bernoulli,-40.45085131367851,80.90170262735703,,bfgs,8,True,2.058926362735747e-11,True,1.3698232897518312,bernoulli,bernoulli,4,completed
rep10,start_B,5,poisson,-73.20223589040737,146.40447178081473,,bfgs,11,False,1.6600698238278257e-08,False,0.23371858704319973,bernoulli,bernoulli,4,completed
rep10,start_B,6,bernoulli,-48.57009884027318,97.14019768054636,,bfgs,9,True,1.233857460647414e-12,True,0.6909618093890578,bernoulli,bernoulli,4,completed
rep10,start_B,6,poisson,-74.28480170167518,148.56960340335036,,bfgs,14,True,1.0740031086697855e-11,True,0.12256331564101987,bernoulli,bernoulli,4,completed
rep10,start_B,7,bernoulli,-41.570753327238904,83.14150665447781,,bfgs,8,True,2.5064681441477885e-10,False,1.5964940913952992,bernoulli,bernoulli,4,completed
rep10,start_B,7,poisson,-73.22628187770134,146.45256375540268,,bfgs,14,False,1.1254166931706777e-08,False,0.2272759820190916,bernoulli,bernoulli,4,completed
rep10,start_B,8,bernoulli,-45.847776906958856,91.69555381391771,,bfgs,8,True,1.4726797559205808e-11,True,0.8949360909919228,bernoulli,bernoulli,4,completed
rep10,start_B,8,poisson,-71.40774154844078,142.81548309688156,,bfgs,13,True,8.649509197766747e-09,False,0.3285898468663836,bernoulli,bernoulli,4,completed
rep10,start_B,3,bernoulli,-44.50368343120575,89.0073668624115,,bfgs,9,True,3.4275915439252458e-12,True,0.9736672535765319,bernoulli,bernoulli,5,completed
rep10,start_B,3,poisson,-71.75289694268174,143.5057938853635,,bfgs,15,False,2.7783167944051e-08,False,0.2930752973585674,bernoulli,bernoulli,5,completed
rep10,start_B,4,bernoulli,-49.38194377537784,98.76388755075568,,bfgs,10,True,4.027281841345598e-10,False,0.6449460970360201,bernoulli,bernoulli,5,completed
rep10,start_B,4,poisson,-73.88408881969414,147.76817763938828,,bfgs,13,True,1.3721353553375338e-09,False,0.18812334912149067,bernoulli,bernoulli,5,completed
rep10,start_B,5,bernoulli,-38.74766715451595,77.4953343090319,,bfgs,9,True,6.193001889087668e-10,False,1.5215519277054648,bernoulli,bernoulli,5,completed
rep10,start_B,5,poisson,-73.3201844327819,146.6403688655638,,bfgs,16,False,9.119792832024132e-08,False,0.2298428528060692,bernoulli,bernoulli,5,completed
rep10,start_B,6,bernoulli,-48.95206736903241,97.90413473806483,,bfgs,9,True,3.962479233621252e-10,False,0.5700106222380368,bernoulli,bernoulli,5,completed
rep10,start_B,6,poisson,-74.39379046335553,148.78758092671106,,bfgs,13,False,1.6515438661102168e-08,False,0.11425848939520439,bernoulli,bernoulli,5,completed
rep10,start_B,7,bernoulli,-37.346290521638224,74.69258104327645,,bfgs,12,True,9.993564420440748e-10,False,2.2362233015455857,bernoulli,bernoulli,5,completed
rep10,start_B,7,poisson,-71.93314293938255,143.8662858787651,,bfgs,16,False,1.0749085861405661e-07,False,0.3151765711102971,bernoulli,bernoulli,5,completed
rep10,start_B,8,bernoulli,-45.600070180468165,91.20014036093633,,bfgs,9,True,1.1879852657159517e-11,True,0.8863668512312695,bernoulli,bernoulli,5,completed
rep10,start_B,8,poisson,-71.45888271620298,142.91776543240596,,bfgs,9,True,1.9639734283316557e-11,True,0.30957087074211354,bernoulli,bernoulli,5,completed
rep11,start_B,3,bernoulli,-50.897557516945916,101.79511503389183,,bfgs,4,True,7.638334409421077e-14,True,0.3472353070348127,bernoulli,bernoulli,1,completed
rep11,start_B,3,poisson,-74.90033361731409,149.80066723462818,,bfgs,4,True,5.413807180332242e-11,True,0.05153966608161472,bernoulli,bernoulli,1,completed
rep11,start_B,4,bernoulli,-51.81759435072379,103.63518870144757,,bfgs,4,True,7.283063041541026e-15,True,0.1344318158893589,bernoulli,bernoulli,1,completed
rep11,start_B,4,poisson,-74.83405349664227,149.66810699328454,,bfgs,4,True,4.050093593832571e-14,True,0.06637789572172348,bernoulli,bernoulli,1,completed
rep11,start_B,5,bernoulli,-48.7237135953081,97.4474271906162,,bfgs,4,True,7.678924163201373e-12,True,0.6248711653166719,bernoulli,bernoulli,1,completed
rep11,start_B,5,poisson,-73.82445120327608,147.64890240655217,,bfgs,7,True,1.7408297026122456e-14,True,0.17496279492679787,bernoulli,bernoulli,1,completed
rep11,start_B,6,bernoulli,-51.67064241017066,103.34128482034131,,bfgs,2,False,1.7195347168375007e-08,False,0.18441824369257878,bernoulli,bernoulli,1,completed
rep11,start_B,6,poisson,-74.76723510323794,149.53447020647587,,bfgs,4,True,9.729594907526007e-11,True,0.07855799189825376,bernoulli,bernoulli,1,completed
rep11,start_B,7,bernoulli,-51.242122510922925,102.48424502184585,,bfgs,3,True,7.734760232303017e-09,False,0.28534133358546304,bernoulli,bernoulli,1,completed
rep11,start_B,7,poisson,-74.60180273151175,149.2036054630235,,bfgs,5,True,5.329070518200751e-16,True,0.10257737082127778,bernoulli,bernoulli,1,completed
rep11,start_B,8,bernoulli,-50.12341474150825,100.2468294830165,,bfgs,3,True,5.504086075802661e-11,True,0.4604628704555108,bernoulli,bernoulli,1,completed
rep11,start_B,8,poisson,-74.77691826260136,149.5538365252027,,bfgs,5,True,1.7763568394002505e-15,True,0.07704915413672861,bernoulli,bernoulli,1,completed
rep11,start_B,3,bernoulli,-50.159266399678614,100.31853279935723,,bfgs,6,True,1.492161949556703e-11,True,0.47549509008205487,bernoulli,bernoulli,2,completed
rep11,start_B,3,poisson,-74.97272773498545,149.9454554699709,,bfgs,10,True,1.5941070685698832e-11,True,0.028168595469659406,bernoulli,bernoulli,2,completed
rep11,start_B,4,bernoulli,-51.98587159063688,103.97174318127377,,bfgs,4,True,8.356115799301733e-12,True,0.004121512755162648,bernoulli,bernoulli,2,completed
rep11,start_B,4,poisson,-74.73861194310403,149.47722388620807,,bfgs,6,True,2.7792101953139083e-12,True,0.0874503626770801,bernoulli,bernoulli,2,completed
rep11,start_B,5,bernoulli,-47.890748481291325,95.78149696258265,,bfgs,5,True,1.1394019061583549e-10,False,0.7141368760836108,bernoulli,bernoulli,2,completed
rep11,start_B,5,poisson,-72.76591439212825,145.5318287842565,,bfgs,8,True,1.588009723718642e-11,True,0.25289961082864526,bernoulli,bernoulli,2,completed
rep11,start_B,6,bernoulli,-50.49403907371318,100.98807814742636,,bfgs,6,True,3.665950432107934e-10,False,0.42548607234134467,bernoulli,bernoulli,2,completed
rep11,start_B,6,poisson,-73.72960312501588,147.45920625003177,,bfgs,6,True,2.446931546273845e-14,True,0.19489050499116992,bernoulli,bernoulli,2,completed
rep11,start_B,7,bernoulli,-50.94175526177018,101.88351052354037,,bfgs,6,True,2.62332378042629e-12,True,0.343444933021209,bernoulli,bernoulli,2,completed
rep11,start_B,7,poisson,-74.68195374533704,149.36390749067408,,bfgs,6,True,1.1322137893898797e-09,False,0.08802559704687597,bernoulli,bernoulli,2,completed
rep11,start_B,8,bernoulli,-50.396305425175534,100.79261085035107,,bfgs,5,True,8.466858325562044e-11,True,0.4056020435624666,bernoulli,bernoulli,2,completed
rep11,start_B,8,poisson,-74.57002420651968,149.14004841303935,,bfgs,6,True,4.753901716725295e-11,True,0.11021805797241153,bernoulli,bernoulli,2,completed
rep11,start_B,3,bernoulli,-48.458165782129996,96.91633156425999,,bfgs,6,True,1.9941528428546462e-10,False,0.6759475906504392,bernoulli,bernoulli,3,completed
rep11,start_B,3,poisson,-74.7813248714443,149.5626497428886,,bfgs,12,True,3.9092464820811303e-10,False,0.07871973825011126,bernoulli,bernoulli,3,completed
rep11,start_B,4,bernoulli,-47.035695687809536,94.07139137561907,,bfgs,6,True,1.3080163618894858e-09,False,0.8786906203732358,bernoulli,bernoulli,3,completed
rep11,start_B,4,poisson,-73.32529077283462,146.65058154566924,,bfgs,9,False,2.870912643171408e-08,False,0.22901691726629714,bernoulli,bernoulli,3,completed
rep11,start_B,5,bernoulli,-45.86437361675791,91.72874723351582,,bfgs,7,True,4.111354590108363e-11,True,0.9120531217256004,bernoulli,bernoulli,3,completed
rep11,start_B,5,poisson,-72.06410044739575,144.1282008947915,,bfgs,10,True,8.62923332789478e-09,False,0.29772517828585904,bernoulli,bernoulli,3,completed
rep11,start_B,6,bernoulli,-50.950212727708234,101.90042545541647,,bfgs,7,True,1.4243046742024036e-10,False,0.3470834152582643,bernoulli,bernoulli,3,completed
rep11,start_B,6,poisson,-74.0431876021024,148.0863752042048,,bfgs,8,True,7.34691196768722e-12,True,0.16830044546591952,bernoulli,bernoulli,3,completed
rep11,start_B,7,bernoulli,-44.29837205868402,88.59674411736805,,bfgs,8,True,3.3214930805769425e-12,True,1.1262033658903847,bernoulli,bernoulli,3,completed
rep11,start_B,7,poisson,-72.82019401754548,145.64038803509095,,bfgs,9,True,1.2002182359083236e-09,False,0.2530857825833981,bernoulli,bernoulli,3,completed
rep11,start_B,8,bernoulli,-49.84093039810271,99.68186079620541,,bfgs,7,True,6.863702689541285e-10,False,0.4608979956529091,bernoulli,bernoulli,3,completed
rep11,start_B,8,poisson,-74.57260363915667,149.14520727831334,,bfgs,8,True,4.802354146293819e-10,False,0.101820182558609,bernoulli,bernoulli,3,completed
rep11,start_B,3,bernoulli,-49.09305325215648,98.18610650431296,,bfgs,9,True,2.0064991890222928e-10,False,0.6073772842560425,bernoulli,bernoulli,4,completed
rep11,start_B,3,poisson,-74.6760622252626,149.3521244505252,,bfgs,10,True,4.39032143972895e-11,True,0.1178080213371861,bernoulli,bernoulli,4,completed
rep11,start_B,4,bernoulli,-47.372942460533906,94.74588492106781,,bfgs,10,True,1.1878737993242795e-10,False,0.8188123260501425,bernoulli,bernoulli,4,completed
rep11,start_B,4,poisson,-73.09415271398993,146.18830542797986,,bfgs,10,False,6.204248701471848e-07,False,0.23264117723366054,bernoulli,bernoulli,4,completed
rep11,start_B,5,bernoulli,-44.179178637915726,88.35835727583145,,bfgs,8,True,1.6909318389934925e-11,True,1.0447890910165432,bernoulli,bernoulli,4,completed
rep11,start_B,5,poisson,-71.25748648706231,142.51497297412462,,bfgs,12,True,1.4614814969338142e-09,False,0.32662129819080293,bernoulli,bernoulli,4,completed
rep11,start_B,6,bernoulli,-50.65640911807496,101.31281823614992,,bfgs,8,True,1.882884403947571e-11,True,0.3701822670838771,bernoulli,bernoulli,4,completed
rep11,start_B,6,poisson,-73.92936225495107,147.85872450990215,,bfgs,11,True,1.6908168198881412e-10,False,0.1648985480324868,bernoulli,bernoulli,4,completed
rep11,start_B,7,bernoulli,-37.64131502075385,75.2826300415077,,bfgs,9,True,6.421461362648984e-10,False,2.0068153727713556,bernoulli,bernoulli,4,completed
rep11,start_B,7,poisson,-70.83161392886561,141.66322785773121,,bfgs,16,True,4.475113613011672e-11,True,0.3930735261701108,bernoulli,bernoulli,4,completed
rep11,start_B,8,bernoulli,-45.12421833882223,90.24843667764446,,bfgs,9,True,3.2353796142192694e-09,False,1.2101043209941431,bernoulli,bernoulli,4,completed
rep11,start_B,8,poisson,-73.01860136429323,146.03720272858646,,bfgs,13,True,4.2084625645477657e-10,False,0.27715963629085333,bernoulli,bernoulli,4,completed
rep11,start_B,3,bernoulli,-48.55350062481007,97.10700124962014,,bfgs,9,True,4.0976417814420075e-10,False,0.671478579343331,bernoulli,bernoulli,5,completed
rep11,start_B,3,poisson,-74.28908244461299,148.57816488922597,,bfgs,14,True,2.1060415633655795e-10,False,0.1776997873475123,bernoulli,bernoulli,5,completed
rep11,start_B,4,bernoulli,-46.55567746748541,93.11135493497082,,bfgs,10,True,1.044217334822406e-09,False,0.8802853393305918,bernoulli,bernoulli,5,completed
rep11,start_B,4,poisson,-72.94328806798713,145.88657613597425,,bfgs,12,True,1.3156307432371505e-10,False,0.2315339410751458,bernoulli,bernoulli,5,completed
rep11,start_B,5,bernoulli,-40.00257994529394,80.00515989058788,,bfgs,10,True,1.024269558058677e-11,True,1.7045739591367335,bernoulli,bernoulli,5,completed
rep11,start_B,5,poisson,-70.83403490542955,141.6680698108591,,bfgs,14,False,3.104887227323161e-08,False,0.3483675263771463,bernoulli,bernoulli,5,completed
rep11,start_B,6,bernoulli,-49.61850093703508,99.23700187407016,,bfgs,10,True,2.381330688194794e-11,True,0.5946919880217012,bernoulli,bernoulli,5,completed
rep11,start_B,6,poisson,-72.8205051282783,145.6410102565566,,bfgs,11,True,3.2914315717391673e-10,False,0.27630350804769455,bernoulli,bernoulli,5,completed
rep11,start_B,7,bernoulli,-43.39747654596075,86.7949530919215,,bfgs,9,True,1.0841497699587422e-10,False,1.080946795530659,bernoulli,bernoulli,5,completed
rep11,start_B,7,poisson,-71.70338357211972,143.40676714423944,,bfgs,14,False,1.7432407162232268e-08,False,0.3028447476693439,bernoulli,bernoulli,5,completed
rep11,start_B,8,bernoulli,-49.512803900659186,99.02560780131837,,bfgs,11,True,4.3032135632614656e-10,False,0.46698712504901796,bernoulli,bernoulli,5,completed
rep11,start_B,8,poisson,-73.89291857195713,147.78583714391425,,bfgs,11,False,1.0959064571866573e-07,False,0.19007041653718462,bernoulli,bernoulli,5,completed
rep12,start_B,3,bernoulli,-45.18419913932562,90.36839827865124,,bfgs,4,True,1.1947820510727069e-11,True,0.9939789911102322,bernoulli,bernoulli,1,completed
rep12,start_B,3,poisson,-73.26972128219617,146.53944256439235,,bfgs,6,True,3.682965044049524e-11,True,0.21184310623935582,bernoulli,bernoulli,1,completed
rep12,start_B,4,bernoulli,-50.587599295430856,101.17519859086171,,bfgs,4,True,5.306866057708248e-14,True,0.398223731747585,bernoulli,bernoulli,1,completed
rep12,start_B,4,poisson,-74.74514340358051,149.49028680716103,,bfgs,5,True,4.7961634663806766e-15,True,0.08208008274627179,bernoulli,bernoulli,1,completed
rep12,start_B,5,bernoulli,-51.2979801299619,102.5959602599238,,bfgs,4,True,3.552713678800501e-16,True,0.27500450672826393,bernoulli,bernoulli,1,completed
rep12,start_B,5,poisson,-74.8892702178362,149.7785404356724,,bfgs,5,True,7.52382112167993e-10,False,0.0542166182227416,bernoulli,bernoulli,1,completed
rep12,start_B,6,bernoulli,-50.71578076472241,101.43156152944482,,bfgs,4,True,4.4408920985006264e-17,True,0.3784634589210451,bernoulli,bernoulli,1,completed
rep12,start_B,6,poisson,-74.5933342630888,149.1866685261776,,bfgs,5,True,4.7961634663806766e-15,True,0.10389479295707435,bernoulli,bernoulli,1,completed
rep12,start_B,7,bernoulli,-51.98593954297379,103.97187908594758,,bfgs,3,True,2.3713780938905414e-12,True,0.003249606298085326,bernoulli,bernoulli,1,completed
rep12,start_B,7,poisson,-74.99284321232695,149.9856864246539,,bfgs,4,True,1.1102230246251565e-15,True,0.01381745596936566,bernoulli,bernoulli,1,completed
rep12,start_B,8,bernoulli,-50.53944752655502,101.07889505311005,,bfgs,4,True,4.4408920985006264e-17,True,0.4054522905226994,bernoulli,bernoulli,1,completed
rep12,start_B,8,poisson,-74.73521357376153,149.47042714752305,,bfgs,4,False,6.25732726078354e-08,False,0.08365235037383391,bernoulli,bernoulli,1,completed
rep12,start_B,3,bernoulli,-44.739568448201055,89.47913689640211,,bfgs,6,True,2.2457722348434573e-10,False,0.9970080760026581,bernoulli,bernoulli,2,completed
rep12,start_B,3,poisson,-72.35788089814801,144.71576179629602,,bfgs,9,True,2.9132252166164105e-14,True,0.2760151091174559,bernoulli,bernoulli,2,completed
rep12,start_B,4,bernoulli,-50.94540294662524,101.89080589325047,,bfgs,5,True,1.387561621157829e-09,False,0.33597930352539995,bernoulli,bernoulli,2,completed
rep12,start_B,4,poisson,-74.40095120042281,148.80190240084562,,bfgs,6,True,3.541195114920015e-12,True,0.12932865586795234,bernoulli,bernoulli,2,completed
rep12,start_B,5,bernoulli,-47.46374513369129,94.92749026738258,,bfgs,5,True,4.496302885570458e-10,False,0.7702536462327552,bernoulli,bernoulli,2,completed
rep12,start_B,5,poisson,-72.71172942325941,145.42345884651883,,bfgs,6,True,6.816849307256234e-11,True,0.2555868383564968,bernoulli,bernoulli,2,completed
rep12,start_B,6,bernoulli,-47.55105729369956,95.10211458739911,,bfgs,4,False,1.8074250185406983e-08,False,0.7485274367744451,bernoulli,bernoulli,2,completed
rep12,start_B,6,poisson,-74.45854025984633,148.91708051969266,,bfgs,9,True,7.765850185137424e-11,True,0.11686631605685749,bernoulli,bernoulli,2,completed
rep12,start_B,7,bernoulli,-51.053997402531856,102.10799480506371,,bfgs,7,True,1.3589129821411917e-14,True,0.3252778851918175,bernoulli,bernoulli,2,completed
rep12,start_B,7,poisson,-74.05173466003455,148.1034693200691,,bfgs,6,True,8.626432901337467e-15,True,0.16412562870275482,bernoulli,bernoulli,2,completed
rep12,start_B,8,bernoulli,-49.00797543662797,98.01595087325595,,bfgs,5,False,2.5287376037574915e-08,False,0.5956176342208818,bernoulli,bernoulli,2,completed
rep12,start_B,8,poisson,-73.40464951272469,146.80929902544938,,bfgs,6,True,3.999805597842965e-10,False,0.21322313943800197,bernoulli,bernoulli,2,completed
rep12,start_B,3,bernoulli,-42.95894556148619,85.91789112297238,,bfgs,7,True,8.552270003292506e-13,True,1.094801588614918,bernoulli,bernoulli,3,completed
rep12,start_B,3,poisson,-71.85632756053698,143.71265512107396,,bfgs,10,True,1.8533174994672663e-11,True,0.2901313597702058,bernoulli,bernoulli,3,completed
rep12,start_B,4,bernoulli,-49.87812195516494,99.75624391032989,,bfgs,7,True,2.9999451811590915e-10,False,0.5431665906138283,bernoulli,bernoulli,3,completed
rep12,start_B,4,poisson,-74.47142813160275,148.9428562632055,,bfgs,10,False,9.461919072584201e-07,False,0.11897843232589381,bernoulli,bernoulli,3,completed
rep12,start_B,5,bernoulli,-48.745691153848654,97.49138230769731,,bfgs,6,True,1.7685941600120712e-11,True,0.6050073853319403,bernoulli,bernoulli,3,completed
rep12,start_B,5,poisson,-73.3749341940983,146.7498683881966,,bfgs,8,False,5.7547134435509403e-08,False,0.19689210996264475,bernoulli,bernoulli,3,completed
rep12,start_B,6,bernoulli,-46.6109039835638,93.2218079671276,,bfgs,7,True,2.5013835447396105e-11,True,0.8315851829646231,bernoulli,bernoulli,3,completed
rep12,start_B,6,poisson,-74.48462026478532,148.96924052957064,,bfgs,11,True,5.375543121743931e-10,False,0.11022782540191448,bernoulli,bernoulli,3,completed
rep12,start_B,7,bernoulli,-50.74470456005165,101.4894091201033,,bfgs,7,True,2.4227642114738047e-11,True,0.35517522702145293,bernoulli,bernoulli,3,completed
rep12,start_B,7,poisson,-73.89880235159198,147.79760470318396,,bfgs,8,True,5.475619957451272e-14,True,0.1683657174840199,bernoulli,bernoulli,3,completed
rep12,start_B,8,bernoulli,-49.1795624740436,98.3591249480872,,bfgs,8,True,7.069900220812996e-14,True,0.557483290067817,bernoulli,bernoulli,3,completed
rep12,start_B,8,poisson,-73.42762685518719,146.85525371037437,,bfgs,8,True,4.381722762403229e-12,True,0.20224968246779518,bernoulli,bernoulli,3,completed
rep12,start_B,3,bernoulli,-43.675980856561424,87.35196171312285,,bfgs,9,True,5.512812428776215e-13,True,0.9515110157551014,bernoulli,bernoulli,4,completed
rep12,start_B,3,poisson,-72.20508509224771,144.41017018449543,,bfgs,12,True,1.0439800801620435e-09,False,0.24728257533945855,bernoulli,bernoulli,4,completed
rep12,start_B,4,bernoulli,-49.878565150382634,99.75713030076527,,bfgs,8,True,4.730211777825843e-11,True,0.5295386776020798,bernoulli,bernoulli,4,completed
rep12,start_B,4,poisson,-74.27212107122836,148.5442421424567,,bfgs,8,True,2.5770308109684946e-11,True,0.14507357791178846,bernoulli,bernoulli,4,completed
rep12,start_B,5,bernoulli,-45.928518871818866,91.85703774363773,,bfgs,9,True,1.4768453127089742e-11,True,1.0709701376430782,bernoulli,bernoulli,4,completed
rep12,start_B,5,poisson,-72.79548930822428,145.59097861644855,,bfgs,14,True,6.8683169374139655e-09,False,0.24862854371775575,bernoulli,bernoulli,4,completed
rep12,start_B,6,bernoulli,-42.812885598386124,85.62577119677225,,bfgs,9,True,6.6336269810562955e-12,True,1.5380991232656243,bernoulli,bernoulli,4,completed
rep12,start_B,6,poisson,-73.54518257476578,147.09036514953155,,bfgs,14,True,5.027398053414344e-10,False,0.2599693359560854,bernoulli,bernoulli,4,completed
rep12,start_B,7,bernoulli,-49.498733032505804,98.99746606501161,,bfgs,8,True,1.0564809027613365e-10,False,0.6286034252805696,bernoulli,bernoulli,4,completed
rep12,start_B,7,poisson,-73.64652336138604,147.2930467227721,,bfgs,9,True,8.016337038618815e-10,False,0.19042439737708544,bernoulli,bernoulli,4,completed
rep12,start_B,8,bernoulli,-48.48903388314269,96.97806776628538,,bfgs,9,True,9.232370423717384e-11,True,0.610585594380032,bernoulli,bernoulli,4,completed
rep12,start_B,8,poisson,-73.19940544274053,146.39881088548105,,bfgs,9,True,1.6401677238597756e-10,False,0.20887717389667618,bernoulli,bernoulli,4,completed
rep12,start_B,3,bernoulli,-34.07318045155883,68.14636090311765,,bfgs,9,True,4.858579163991017e-12,True,2.355903270917058,bernoulli,bernoulli,5,completed
rep12,start_B,3,poisson,-70.99624864056912,141.99249728113824,,bfgs,22,False,1.1249608378727238e-07,False,0.33994280803670773,bernoulli,bernoulli,5,completed
rep12,start_B,4,bernoulli,-46.90648680128863,93.81297360257726,,bfgs,10,True,1.4196155362355967e-11,True,0.8756986723533193,bernoulli,bernoulli,5,completed
rep12,start_B,4,poisson,-73.87259810604088,147.74519621208177,,bfgs,13,False,3.637850927162845e-08,False,0.16679611885556214,bernoulli,bernoulli,5,completed
rep12,start_B,5,bernoulli,-47.02387067019057,94.04774134038114,,bfgs,10,True,9.834488778892591e-12,True,0.8055296700483925,bernoulli,bernoulli,5,completed
rep12,start_B,5,poisson,-72.67164692302656,145.34329384605311,,bfgs,14,True,2.7080714559701845e-09,False,0.2511725572033951,bernoulli,bernoulli,5,completed
rep12,start_B,6,bernoulli,-38.39379938652079,76.78759877304158,,bfgs,9,True,5.222422494455259e-11,True,1.9467856009411515,bernoulli,bernoulli,5,completed
rep12,start_B,6,poisson,-73.08029398057657,146.16058796115314,,bfgs,19,False,1.4865071906733362e-08,False,0.2764427541442806,bernoulli,bernoulli,5,completed
rep12,start_B,7,bernoulli,-49.722343495281976,99.44468699056395,,bfgs,10,True,2.1645698566885585e-10,False,0.5774614888893145,bernoulli,bernoulli,5,completed
rep12,start_B,7,poisson,-73.85774161099098,147.71548322198197,,bfgs,11,True,9.088691332870269e-09,False,0.17067779993264542,bernoulli,bernoulli,5,completed
rep12,start_B,8,bernoulli,-46.226024238141164,92.45204847628233,,bfgs,9,True,1.1945397559998127e-09,False,0.9161840994959748,bernoulli,bernoulli,5,completed
rep12,start_B,8,poisson,-72.90145179673118,145.80290359346236,,bfgs,10,True,3.923809466233053e-09,False,0.22206572438287747,bernoulli,bernoulli,5,completed
rep13,start_B,3,bernoulli,-51.03194079218805,102.0638815843761,,bfgs,4,True,1.815880779076906e-13,True,0.3241297546937073,bernoulli,bernoulli,1,completed
rep13,start_B,3,poisson,-74.90303958403693,149.80607916807386,,bfgs,5,True,1.416664252573696e-09,False,0.050679939050961284,bernoulli,bernoulli,1,completed
rep13,start_B,4,bernoulli,-51.54823746115011,103.09647492230022,,bfgs,4,True,5.402345237826012e-14,True,0.21767675836387634,bernoulli,bernoulli,1,completed
rep13,start_B,4,poisson,-74.97567412207778,149.95134824415555,,bfgs,5,True,0.0,True,0.025431922430488082,bernoulli,bernoulli,1,completed
rep13,start_B,5,bernoulli,-48.19422107366627,96.38844214733254,,bfgs,4,True,1.6142642778049777e-14,True,0.6783204591833816,bernoulli,bernoulli,1,completed
rep13,start_B,5,poisson,-73.72636391652499,147.45272783304998,,bfgs,5,True,3.3750779948604757e-15,True,0.18407561337518874,bernoulli,bernoulli,1,completed
rep13,start_B,6,bernoulli,-51.92519935872792,103.85039871745585,,bfgs,3,True,4.631708350189001e-11,True,0.0806387944390858,bernoulli,bernoulli,1,completed
rep13,start_B,6,poisson,-74.91147462818606,149.8229492563721,,bfgs,3,True,2.923359332385189e-11,True,0.04866978562387984,bernoulli,bernoulli,1,completed
rep13,start_B,7,bernoulli,-51.944836777975596,103.88967355595119,,bfgs,3,True,8.992806499463768e-16,True,0.06633898748587395,bernoulli,bernoulli,1,completed
rep13,start_B,7,poisson,-74.99474255135924,149.98948510271848,,bfgs,4,True,9.626077712709957e-13,True,0.011847061552893685,bernoulli,bernoulli,1,completed
rep13,start_B,8,bernoulli,-51.27504489280549,102.55008978561098,,bfgs,3,True,1.8639668031283916e-09,False,0.2786679295622032,bernoulli,bernoulli,1,completed
rep13,start_B,8,poisson,-74.64624450786319,149.29248901572637,,bfgs,4,True,8.721734445771289e-12,True,0.09731643106901787,bernoulli,bernoulli,1,completed
rep13,start_B,3,bernoulli,-50.9556181184026,101.9112362368052,,bfgs,6,True,2.5768933653580463e-10,False,0.33553526428721625,bernoulli,bernoulli,2,completed
rep13,start_B,3,poisson,-74.53382042114784,149.06764084229567,,bfgs,7,True,1.0172829245647108e-11,True,0.11509453956343683,bernoulli,bernoulli,2,completed
rep13,start_B,4,bernoulli,-51.39825147793181,102.79650295586362,,bfgs,5,True,7.751266295485948e-12,True,0.24984242455614286,bernoulli,bernoulli,2,completed
rep13,start_B,4,poisson,-74.96291570688133,149.92583141376267,,bfgs,6,True,1.0267342531733448e-12,True,0.03185370974730485,bernoulli,bernoulli,2,completed
rep13,start_B,5,bernoulli,-48.80045258850226,97.60090517700452,,bfgs,4,True,5.44935563340232e-10,False,0.5896374629811569,bernoulli,bernoulli,2,completed
rep13,start_B,5,poisson,-73.71003891089545,147.4200778217909,,bfgs,6,True,8.142553298284839e-12,True,0.18279069391445654,bernoulli,bernoulli,2,completed
rep13,start_B,6,bernoulli,-51.27092938447329,102.54185876894658,,bfgs,4,True,9.824992330820236e-09,False,0.29263350534244764,bernoulli,bernoulli,2,completed
rep13,start_B,6,poisson,-74.33023817972658,148.66047635945316,,bfgs,6,True,2.0847323867201338e-12,True,0.1409071878124837,bernoulli,bernoulli,2,completed
rep13,start_B,7,bernoulli,-51.62583821168353,103.25167642336706,,bfgs,4,True,3.947420168515236e-12,True,0.2050399644856909,bernoulli,bernoulli,2,completed
rep13,start_B,7,poisson,-74.98070239739177,149.96140479478353,,bfgs,6,True,3.0889246716014895e-10,False,0.02245982195338271,bernoulli,bernoulli,2,completed
rep13,start_B,8,bernoulli,-50.81905714294604,101.63811428589209,,bfgs,5,True,1.0519585202928284e-12,True,0.3545230868631342,bernoulli,bernoulli,2,completed
rep13,start_B,8,poisson,-74.53600277667502,149.07200555335004,,bfgs,6,True,2.871396398429482e-09,False,0.10784095649070771,bernoulli,bernoulli,2,completed
rep13,start_B,3,bernoulli,-50.73755755951017,101.47511511902034,,bfgs,6,True,8.897735881419067e-11,True,0.35982606244249987,bernoulli,bernoulli,3,completed
rep13,start_B,3,poisson,-74.2363540157813,148.4727080315626,,bfgs,8,True,6.427074095149976e-10,False,0.1547950115129777,bernoulli,bernoulli,3,completed
rep13,start_B,4,bernoulli,-51.047774367108374,102.09554873421675,,bfgs,8,True,3.2071234556951823e-12,True,0.31752386009018796,bernoulli,bernoulli,3,completed
rep13,start_B,4,poisson,-74.88706346223125,149.7741269244625,,bfgs,7,True,7.978146632225958e-09,False,0.05451360899506224,bernoulli,bernoulli,3,completed
rep13,start_B,5,bernoulli,-47.14269902857493,94.28539805714986,,bfgs,7,True,3.1839553216173046e-11,True,0.7658086158723382,bernoulli,bernoulli,3,completed
rep13,start_B,5,poisson,-72.95497429136194,145.90994858272387,,bfgs,11,True,1.8469102691653917e-09,False,0.23137543168868255,bernoulli,bernoulli,3,completed
rep13,start_B,6,bernoulli,-51.091240888482886,102.18248177696577,,bfgs,7,True,3.395950187723429e-13,True,0.322602343558673,bernoulli,bernoulli,3,completed
rep13,start_B,6,poisson,-74.00920726518662,148.01841453037324,,bfgs,6,True,8.952150487573363e-09,False,0.17533437502018076,bernoulli,bernoulli,3,completed
rep13,start_B,7,bernoulli,-50.81986521868642,101.63973043737283,,bfgs,7,True,2.6969537714194303e-12,True,0.3872879825920807,bernoulli,bernoulli,3,completed
rep13,start_B,7,poisson,-74.4308954745078,148.8617909490156,,bfgs,7,True,2.314024527549918e-11,True,0.14369012243183826,bernoulli,bernoulli,3,completed
rep13,start_B,8,bernoulli,-50.469800017693444,100.93960003538689,,bfgs,7,True,1.2332588283925361e-10,False,0.43413365508689467,bernoulli,bernoulli,3,completed
rep13,start_B,8,poisson,-74.74471994780333,149.48943989560667,,bfgs,9,True,5.082023690761162e-12,True,0.07349071768068431,bernoulli,bernoulli,3,completed
rep13,start_B,3,bernoulli,-50.1439160089612,100.2878320179224,,bfgs,8,True,1.1532108601386427e-12,True,0.4040903228511391,bernoulli,bernoulli,4,completed
rep13,start_B,3,poisson,-73.83170880754963,147.66341761509926,,bfgs,10,True,1.399029780912997e-11,True,0.19208821548314958,bernoulli,bernoulli,4,completed
rep13,start_B,4,bernoulli,-50.22493047854249,100.44986095708498,,bfgs,8,True,2.3443469387984806e-12,True,0.5290759304326164,bernoulli,bernoulli,4,completed
rep13,start_B,4,poisson,-74.91005043754554,149.82010087509107,,bfgs,10,True,3.3088465301034375e-10,False,0.04603180335928389,bernoulli,bernoulli,4,completed
rep13,start_B,5,bernoulli,-47.154083161620655,94.30816632324131,,bfgs,7,False,4.676206786236037e-08,False,0.7210480361131396,bernoulli,bernoulli,4,completed
rep13,start_B,5,poisson,-72.48906139352974,144.97812278705948,,bfgs,15,True,1.7693112752681372e-09,False,0.2647100022381367,bernoulli,bernoulli,4,completed
rep13,start_B,6,bernoulli,-50.490073791942756,100.98014758388551,,bfgs,8,True,2.5539934611629176e-10,False,0.4634044660116579,bernoulli,bernoulli,4,completed
rep13,start_B,6,poisson,-73.79398554528389,147.58797109056778,,bfgs,9,True,1.062962873277229e-09,False,0.18366839942516133,bernoulli,bernoulli,4,completed
rep13,start_B,7,bernoulli,-47.91886333208284,95.83772666416569,,bfgs,8,True,8.317426747339595e-11,True,0.9159572895654798,bernoulli,bernoulli,4,completed
rep13,start_B,7,poisson,-73.98304968469627,147.96609936939254,,bfgs,13,True,4.722892299469095e-10,False,0.1932149786993312,bernoulli,bernoulli,4,completed
rep13,start_B,8,bernoulli,-50.98834845497613,101.97669690995227,,bfgs,8,True,1.589217646369434e-12,True,0.3453485680122314,bernoulli,bernoulli,4,completed
rep13,start_B,8,poisson,-74.56295597772862,149.12591195545724,,bfgs,10,True,6.483658054889929e-12,True,0.10133405433980233,bernoulli,bernoulli,4,completed
rep13,start_B,3,bernoulli,-49.452533137939234,98.90506627587847,,bfgs,9,True,2.1232184899133699e-10,False,0.6700087458078192,bernoulli,bernoulli,5,completed
rep13,start_B,3,poisson,-74.20678832748521,148.41357665497043,,bfgs,11,True,9.558847047230757e-11,True,0.15208707842434946,bernoulli,bernoulli,5,completed
rep13,start_B,4,bernoulli,-48.45724846812713,96.91449693625427,,bfgs,9,True,2.6341506753624345e-11,True,0.8415437394956349,bernoulli,bernoulli,5,completed
rep13,start_B,4,poisson,-74.03555114424474,148.07110228848947,,bfgs,10,True,5.852446971488234e-10,False,0.21968789176567163,bernoulli,bernoulli,5,completed
rep13,start_B,5,bernoulli,-46.79882351487081,93.59764702974162,,bfgs,10,True,2.146699484839587e-12,True,0.7767951001967813,bernoulli,bernoulli,5,completed
rep13,start_B,5,poisson,-72.79339805148729,145.58679610297457,,bfgs,10,True,5.357694732310847e-10,False,0.22521267218485547,bernoulli,bernoulli,5,completed
rep13,start_B,6,bernoulli,-47.43484387006235,94.8696877401247,,bfgs,9,True,9.182216542669153e-10,False,1.007107298243268,bernoulli,bernoulli,5,completed
rep13,start_B,6,poisson,-72.72498325739184,145.44996651478368,,bfgs,11,False,9.435445171845914e-08,False,0.2969413196944826,bernoulli,bernoulli,5,completed
rep13,start_B,7,bernoulli,-50.84277207925893,101.68554415851786,,bfgs,9,True,2.457741599126706e-09,False,0.3823370156182749,bernoulli,bernoulli,5,completed
rep13,start_B,7,poisson,-74.42935680029734,148.85871360059468,,bfgs,10,True,4.874364023521593e-10,False,0.14311594009343043,bernoulli,bernoulli,5,completed
rep13,start_B,8,bernoulli,-49.75462409886306,99.50924819772612,,bfgs,11,True,1.862773046923394e-10,False,0.6085369058510269,bernoulli,bernoulli,5,completed
rep13,start_B,8,poisson,-74.04084047367773,148.08168094735547,,bfgs,10,True,2.800082166132256e-09,False,0.1873990672651295,bernoulli,bernoulli,5,completed
rep14,start_B,3,bernoulli,-51.983804607411955,103.96760921482391,,bfgs,3,True,2.6817126297373762e-11,True,0.015437236053905977,bernoulli,bernoulli,1,completed
rep14,start_B,3,poisson,-74.98548973103695,149.9709794620739,,bfgs,4,True,1.4210854715202005e-15,True,0.01967224567684828,bernoulli,bernoulli,1,completed
rep14,start_B,4,bernoulli,-51.43884598311356,102.87769196622712,,bfgs,4,True,2.220446049250313e-16,True,0.2443354090883077,bernoulli,bernoulli,1,completed
rep14,start_B,4,poisson,-74.92627623317851,149.85255246635703,,bfgs,5,True,3.552713678800501e-16,True,0.04428358368215382,bernoulli,bernoulli,1,completed
rep14,start_B,5,bernoulli,-51.24700951725672,102.49401903451344,,bfgs,4,True,3.2461811017014953e-13,True,0.2850835576301521,bernoulli,bernoulli,1,completed
rep14,start_B,5,poisson,-74.89069222216835,149.7813844443367,,bfgs,5,True,1.0658141036401502e-15,True,0.053896407864778784,bernoulli,bernoulli,1,completed
rep14,start_B,6,bernoulli,-51.901519224522,103.803038449044,,bfgs,3,True,5.036548955672515e-11,True,0.09511472143545029,bernoulli,bernoulli,1,completed
rep14,start_B,6,poisson,-74.9413868368371,149.8827736736742,,bfgs,4,True,1.4484635713074568e-12,True,0.03952885305259473,bernoulli,bernoulli,1,completed
rep14,start_B,7,bernoulli,-49.91975181506329,99.83950363012659,,bfgs,4,True,1.538680294288497e-12,True,0.4900862384430492,bernoulli,bernoulli,1,completed
rep14,start_B,7,poisson,-74.62707803846185,149.2541560769237,,bfgs,5,True,1.0835776720341527e-14,True,0.09923509248544105,bernoulli,bernoulli,1,completed
rep14,start_B,8,bernoulli,-51.95702007329239,103.91404014658478,,bfgs,4,True,8.659739592076221e-16,True,0.05566867534407547,bernoulli,bernoulli,1,completed
rep14,start_B,8,poisson,-74.96688098995757,149.93376197991515,,bfgs,4,True,2.1316282072803005e-15,True,0.029718101304160333,bernoulli,bernoulli,1,completed
rep14,start_B,3,bernoulli,-50.21884006166342,100.43768012332684,,bfgs,6,True,4.2111414355616716e-10,False,0.49287692744076617,bernoulli,bernoulli,2,completed
rep14,start_B,3,poisson,-74.72399468519488,149.44798937038976,,bfgs,6,True,6.565966034766113e-10,False,0.09299625850547881,bernoulli,bernoulli,2,completed
rep14,start_B,4,bernoulli,-51.2493737053524,102.4987474107048,,bfgs,5,True,1.9469339473943136e-10,False,0.2650063132395095,bernoulli,bernoulli,2,completed
rep14,start_B,4,poisson,-74.8990936530335,149.798187306067,,bfgs,7,True,5.567711201803771e-10,False,0.04850328317195762,bernoulli,bernoulli,2,completed
rep14,start_B,5,bernoulli,-51.2855264548801,102.5710529097602,,bfgs,6,True,4.805489339787527e-13,True,0.2668027973948084,bernoulli,bernoulli,2,completed
rep14,start_B,5,poisson,-74.81862296953462,149.63724593906923,,bfgs,6,True,3.006430000784821e-11,True,0.07163393063728414,bernoulli,bernoulli,2,completed
rep14,start_B,6,bernoulli,-50.46612811713226,100.93225623426451,,bfgs,6,True,7.348788244598836e-13,True,0.45182358982100057,bernoulli,bernoulli,2,completed
rep14,start_B,6,poisson,-74.38421837487162,148.76843674974324,,bfgs,7,True,5.5905065299288736e-11,True,0.13781060012310675,bernoulli,bernoulli,2,completed
rep14,start_B,7,bernoulli,-47.94253695855808,95.88507391711616,,bfgs,6,True,8.132250428616317e-12,True,0.7057488973189752,bernoulli,bernoulli,2,completed
rep14,start_B,7,poisson,-74.36717740783824,148.73435481567648,,bfgs,9,True,3.085975919248085e-13,True,0.12851177611639386,bernoulli,bernoulli,2,completed
rep14,start_B,8,bernoulli,-51.14886283135114,102.29772566270228,,bfgs,6,True,7.313261107810831e-13,True,0.3327331932478572,bernoulli,bernoulli,2,completed
rep14,start_B,8,poisson,-74.61430496792528,149.22860993585056,,bfgs,7,True,9.29052244857953e-11,True,0.10982547523228056,bernoulli,bernoulli,2,completed
rep14,start_B,3,bernoulli,-48.97330763191901,97.94661526383803,,bfgs,7,True,3.5045684132484213e-10,False,0.6158483950582919,bernoulli,bernoulli,3,completed
rep14,start_B,3,poisson,-74.46116913766964,148.92233827533929,,bfgs,12,True,3.0774993664550722e-12,True,0.12205482196369952,bernoulli,bernoulli,3,completed
rep14,start_B,4,bernoulli,-49.68329396869543,99.36658793739086,,bfgs,7,True,4.3587355946783646e-13,True,0.5178716475208066,bernoulli,bernoulli,3,completed
rep14,start_B,4,poisson,-74.524230329095,149.04846065819,,bfgs,8,True,3.365389078524572e-11,True,0.11016340131331048,bernoulli,bernoulli,3,completed
rep14,start_B,5,bernoulli,-51.363267910974216,102.72653582194843,,bfgs,7,True,2.9591884498358923e-13,True,0.25192810344720784,bernoulli,bernoulli,3,completed
rep14,start_B,5,poisson,-74.77656740232071,149.55313480464142,,bfgs,8,True,5.167191674537719e-11,True,0.08097778786339226,bernoulli,bernoulli,3,completed
rep14,start_B,6,bernoulli,-49.57893647685929,99.15787295371858,,bfgs,7,True,1.5300383182648148e-11,True,0.5562535101326154,bernoulli,bernoulli,3,completed
rep14,start_B,6,poisson,-73.89017123113204,147.7803424622641,,bfgs,7,True,4.1100780834302243e-10,False,0.18043201454543747,bernoulli,bernoulli,3,completed
rep14,start_B,7,bernoulli,-47.51602713684499,95.03205427368998,,bfgs,6,False,5.336621091700522e-08,False,0.7598136864618367,bernoulli,bernoulli,3,completed
rep14,start_B,7,poisson,-74.28188523867938,148.56377047735876,,bfgs,10,True,5.379603340571748e-09,False,0.134738723573295,bernoulli,bernoulli,3,completed
rep14,start_B,8,bernoulli,-50.088099214280724,100.17619842856145,,bfgs,9,True,9.65316715451081e-13,True,0.4808694980180182,bernoulli,bernoulli,3,completed
rep14,start_B,8,poisson,-74.26027452889574,148.52054905779147,,bfgs,7,False,5.7762059350874306e-08,False,0.1464742032324843,bernoulli,bernoulli,3,completed
rep14,start_B,3,bernoulli,-49.29247297078564,98.58494594157128,,bfgs,7,True,9.615127360973475e-10,False,0.558056325223154,bernoulli,bernoulli,4,completed
rep14,start_B,3,poisson,-74.18117715295037,148.36235430590074,,bfgs,9,True,9.751204210761699e-09,False,0.16661863501264323,bernoulli,bernoulli,4,completed
rep14,start_B,4,bernoulli,-48.57127544462156,97.14255088924313,,bfgs,8,True,9.674852030627789e-11,True,0.7070906472136739,bernoulli,bernoulli,4,completed
rep14,start_B,4,poisson,-73.57569568678639,147.15139137357278,,bfgs,10,True,2.7638691335596378e-11,True,0.24279802069877848,bernoulli,bernoulli,4,completed
rep14,start_B,5,bernoulli,-50.40790913607607,100.81581827215214,,bfgs,8,True,9.961809155356604e-13,True,0.48982614271427116,bernoulli,bernoulli,4,completed
rep14,start_B,5,poisson,-74.06118740197532,148.12237480395063,,bfgs,9,False,1.1164465574253768e-08,False,0.20187416665853378,bernoulli,bernoulli,4,completed
rep14,start_B,6,bernoulli,-48.97274430607383,97.94548861214766,,bfgs,7,False,3.519625377812474e-08,False,0.5906977190411875,bernoulli,bernoulli,4,completed
rep14,start_B,6,poisson,-73.86478088346074,147.72956176692148,,bfgs,8,False,3.0222873229623917e-07,False,0.1756307688404492,bernoulli,bernoulli,4,completed
rep14,start_B,7,bernoulli,-44.23276546591988,88.46553093183977,,bfgs,9,True,1.6823609172433863e-11,True,1.1547811288990864,bernoulli,bernoulli,4,completed
rep14,start_B,7,poisson,-72.53882794542986,145.07765589085972,,bfgs,13,True,4.193205072056117e-09,False,0.3161329885899673,bernoulli,bernoulli,4,completed
rep14,start_B,8,bernoulli,-48.489355254933784,96.97871050986757,,bfgs,8,True,5.951065862319638e-09,False,0.7147982251226882,bernoulli,bernoulli,4,completed
rep14,start_B,8,poisson,-74.18795721718632,148.37591443437265,,bfgs,12,False,1.4035808984513842e-08,False,0.14338082974229108,bernoulli,bernoulli,4,completed
rep14,start_B,3,bernoulli,-48.81666508335769,97.63333016671538,,bfgs,9,True,1.1599166072073786e-12,True,0.5732726533813723,bernoulli,bernoulli,5,completed
rep14,start_B,3,poisson,-74.13225742449261,148.26451484898521,,bfgs,11,True,1.8027968007316985e-12,True,0.1521693946377682,bernoulli,bernoulli,5,completed
rep14,start_B,4,bernoulli,-47.9240434412383,95.8480868824766,,bfgs,8,False,8.66776561192495e-08,False,0.7622039832284913,bernoulli,bernoulli,5,completed
rep14,start_B,4,poisson,-73.32455402916453,146.64910805832906,,bfgs,16,True,9.557642705049218e-10,False,0.25702271317378245,bernoulli,bernoulli,5,completed
rep14,start_B,5,bernoulli,-49.54661017051008,99.09322034102016,,bfgs,9,True,9.249995436277914e-10,False,0.604436596169681,bernoulli,bernoulli,5,completed
rep14,start_B,5,poisson,-73.75027975371394,147.50055950742788,,bfgs,11,True,4.891654997729589e-09,False,0.22489020770715118,bernoulli,bernoulli,5,completed
rep14,start_B,6,bernoulli,-48.509876487692615,97.01975297538523,,bfgs,9,True,1.2206839983264216e-10,False,0.6854281468720964,bernoulli,bernoulli,5,completed
rep14,start_B,6,poisson,-73.29291463210726,146.5858292642145,,bfgs,13,True,5.137557046452912e-13,True,0.24705273989063528,bernoulli,bernoulli,5,completed
rep14,start_B,7,bernoulli,-44.405111046127594,88.81022209225519,,bfgs,8,True,5.619164289427658e-09,False,1.0610743570156738,bernoulli,bernoulli,5,completed
rep14,start_B,7,poisson,-72.87934368117195,145.7586873623439,,bfgs,14,True,9.69536433359508e-09,False,0.26737631125729655,bernoulli,bernoulli,5,completed
rep14,start_B,8,bernoulli,-44.348216016553145,88.69643203310629,,bfgs,10,True,5.7714955037369006e-11,True,1.261045024530386,bernoulli,bernoulli,5,completed
rep14,start_B,8,poisson,-73.05316036927418,146.10632073854836,,bfgs,16,True,1.8365491571969982e-09,False,0.2748021038800273,bernoulli,bernoulli,5,completed
rep15,start_B,3,bernoulli,-50.40533473446017,100.81066946892034,,bfgs,4,True,3.277378368693462e-14,True,0.42251008176870636,bernoulli,bernoulli,1,completed
rep15,start_B,3,poisson,-74.79620761577848,149.59241523155697,,bfgs,5,True,2.220446049250313e-13,True,0.07301022015867062,bernoulli,bernoulli,1,completed
rep15,start_B,4,bernoulli,-51.97936557912184,103.95873115824368,,bfgs,3,True,1.56026302988721e-12,True,0.02668243619392853,bernoulli,bernoulli,1,completed
rep15,start_B,4,poisson,-74.98348120953133,149.96696241906267,,bfgs,4,True,5.611511255665391e-13,True,0.021033162092578536,bernoulli,bernoulli,1,completed
rep15,start_B,5,bernoulli,-51.95434700957337,103.90869401914674,,bfgs,3,True,4.440892098500626e-16,True,0.05817439300743749,bernoulli,bernoulli,1,completed
rep15,start_B,5,poisson,-74.9935536332888,149.9871072665776,,bfgs,4,True,3.8766856391703185e-11,True,0.013129180612784407,bernoulli,bernoulli,1,completed
rep15,start_B,6,bernoulli,-51.937340130300264,103.87468026060053,,bfgs,4,True,8.881784197001252e-16,True,0.07213559701773924,bernoulli,bernoulli,1,completed
rep15,start_B,6,poisson,-74.92150573724356,149.84301147448713,,bfgs,4,True,4.640732242933154e-15,True,0.04594907391734814,bernoulli,bernoulli,1,completed
rep15,start_B,7,bernoulli,-51.7422505642683,103.4845011285366,,bfgs,4,True,3.819167204710538e-15,True,0.16196257001487052,bernoulli,bernoulli,1,completed
rep15,start_B,7,poisson,-74.99403480017727,149.98806960035455,,bfgs,5,True,8.881784197001252e-16,True,0.01259447066530809,bernoulli,bernoulli,1,completed
rep15,start_B,8,bernoulli,-51.446480722792536,102.89296144558507,,bfgs,3,True,2.2653345865819575e-11,True,0.24223342646230597,bernoulli,bernoulli,1,completed
rep15,start_B,8,poisson,-74.96138669681447,149.92277339362894,,bfgs,5,True,4.618527782440651e-15,True,0.03196686701887745,bernoulli,bernoulli,1,completed
rep15,start_B,3,bernoulli,-49.66490300572655,99.3298060114531,,bfgs,5,True,1.2434497875801752e-15,True,0.4949410298201476,bernoulli,bernoulli,2,completed
rep15,start_B,3,poisson,-74.45476002330955,148.9095200466191,,bfgs,6,True,4.856679503006944e-11,True,0.11851389782712964,bernoulli,bernoulli,2,completed
rep15,start_B,4,bernoulli,-45.80128442545665,91.6025688509133,,bfgs,6,True,3.414157845327281e-13,True,0.9599706468182251,bernoulli,bernoulli,2,completed
rep15,start_B,4,poisson,-72.96557949743489,145.93115899486978,,bfgs,10,True,1.0854859691655782e-09,False,0.24288461746112186,bernoulli,bernoulli,2,completed
rep15,start_B,5,bernoulli,-50.123697166364806,100.24739433272961,,bfgs,6,True,6.261657858885883e-15,True,0.48512751071028765,bernoulli,bernoulli,2,completed
rep15,start_B,5,poisson,-74.79926466490278,149.59852932980556,,bfgs,6,True,2.5758195576486288e-11,True,0.07659049416904665,bernoulli,bernoulli,2,completed
rep15,start_B,6,bernoulli,-50.756062336865035,101.51212467373007,,bfgs,5,True,2.689946043687996e-11,True,0.3852547179538018,bernoulli,bernoulli,2,completed
rep15,start_B,6,poisson,-74.82553321185901,149.65106642371802,,bfgs,6,True,5.457925722485158e-10,False,0.06757073832453522,bernoulli,bernoulli,2,completed
rep15,start_B,7,bernoulli,-51.57875841240538,103.15751682481076,,bfgs,4,True,1.9539925233402757e-15,True,0.20209579070893513,bernoulli,bernoulli,2,completed
rep15,start_B,7,poisson,-74.85088498216665,149.7017699643333,,bfgs,7,True,2.4584778657299467e-13,True,0.06494643707331345,bernoulli,bernoulli,2,completed
rep15,start_B,8,bernoulli,-46.113313905927455,92.22662781185491,,bfgs,6,True,5.806205294334177e-10,False,0.9183807714426993,bernoulli,bernoulli,2,completed
rep15,start_B,8,poisson,-74.15732002601517,148.31464005203034,,bfgs,10,True,4.210622961409172e-11,True,0.15510198687937285,bernoulli,bernoulli,2,completed
rep15,start_B,3,bernoulli,-48.93629782403666,97.87259564807331,,bfgs,7,True,8.757594649466682e-12,True,0.6069206699546377,bernoulli,bernoulli,3,completed
rep15,start_B,3,poisson,-74.14172231564832,148.28344463129665,,bfgs,8,True,2.66274557958468e-09,False,0.15999478242067117,bernoulli,bernoulli,3,completed
rep15,start_B,4,bernoulli,-42.5268535829695,85.053707165939,,bfgs,6,True,5.882863973738494e-10,False,1.2681246863468056,bernoulli,bernoulli,3,completed
rep15,start_B,4,poisson,-72.32255914536329,144.64511829072657,,bfgs,8,True,1.9465432821164085e-09,False,0.2817714985351203,bernoulli,bernoulli,3,completed
rep15,start_B,5,bernoulli,-49.605470902173224,99.21094180434645,,bfgs,7,True,8.227782899439263e-11,True,0.5526626992190136,bernoulli,bernoulli,3,completed
rep15,start_B,5,poisson,-74.59776321474021,149.19552642948042,,bfgs,10,True,1.7754512193768335e-09,False,0.10627068831856247,bernoulli,bernoulli,3,completed
rep15,start_B,6,bernoulli,-50.178282442819665,100.35656488563933,,bfgs,7,True,2.8824276299133088e-12,True,0.455260906051748,bernoulli,bernoulli,3,completed
rep15,start_B,6,poisson,-74.35362291682733,148.70724583365467,,bfgs,9,True,1.3282175359563553e-10,False,0.1325998338566511,bernoulli,bernoulli,3,completed
rep15,start_B,7,bernoulli,-51.70025510661733,103.40051021323465,,bfgs,7,True,1.9193446831877738e-11,True,0.16804928611659267,bernoulli,bernoulli,3,completed
rep15,start_B,7,poisson,-74.96690007381417,149.93380014762835,,bfgs,7,True,3.956964533813334e-10,False,0.03096152418894198,bernoulli,bernoulli,3,completed
rep15,start_B,8,bernoulli,-45.36060989164638,90.72121978329275,,bfgs,7,True,6.007017105957857e-12,True,0.9587592225244195,bernoulli,bernoulli,3,completed
rep15,start_B,8,poisson,-73.69889276127556,147.39778552255112,,bfgs,10,False,1.9172718168647408e-08,False,0.18608678686401411,bernoulli,bernoulli,3,completed
rep15,start_B,3,bernoulli,-48.41662756680408,96.83325513360816,,bfgs,7,True,3.1140059419954016e-10,False,0.6334242833825448,bernoulli,bernoulli,4,completed
rep15,start_B,3,poisson,-74.26928467626242,148.53856935252483,,bfgs,9,True,6.358033821651788e-11,True,0.13083961220180018,bernoulli,bernoulli,4,completed
rep15,start_B,4,bernoulli,-36.46300751810646,72.92601503621292,,bfgs,8,True,4.948174314733933e-10,False,2.1645946231287616,bernoulli,bernoulli,4,completed
rep15,start_B,4,poisson,-70.95349842859406,141.90699685718812,,bfgs,16,False,1.745262530050695e-08,False,0.3901159124700951,bernoulli,bernoulli,4,completed
rep15,start_B,5,bernoulli,-49.119117288962016,98.23823457792403,,bfgs,8,True,9.200196160463747e-12,True,0.5881309412469493,bernoulli,bernoulli,4,completed
rep15,start_B,5,poisson,-74.56604993087002,149.13209986174004,,bfgs,8,True,1.362328272414004e-09,False,0.10455561565284328,bernoulli,bernoulli,4,completed
rep15,start_B,6,bernoulli,-46.610259274863104,93.22051854972621,,bfgs,8,True,8.989325950281567e-12,True,1.0532535883864103,bernoulli,bernoulli,4,completed
rep15,start_B,6,poisson,-73.52467967235995,147.0493593447199,,bfgs,13,True,8.438480136874205e-10,False,0.2443580025313856,bernoulli,bernoulli,4,completed
rep15,start_B,7,bernoulli,-50.79871363429823,101.59742726859646,,bfgs,8,True,9.056425831488468e-10,False,0.48548462163182565,bernoulli,bernoulli,4,completed
rep15,start_B,7,poisson,-74.79843030600716,149.59686061201432,,bfgs,9,True,4.67981209339996e-12,True,0.09246108308774242,bernoulli,bernoulli,4,completed
rep15,start_B,8,bernoulli,-46.14259459094169,92.28518918188338,,bfgs,7,True,4.845344570014732e-10,False,0.8198252226702163,bernoulli,bernoulli,4,completed
rep15,start_B,8,poisson,-74.08087462871877,148.16174925743755,,bfgs,12,True,1.5626275828850567e-10,False,0.1468769804067603,bernoulli,bernoulli,4,completed
rep15,start_B,3,bernoulli,-46.54748354015671,93.09496708031342,,bfgs,9,True,2.578946611819788e-10,False,0.901236136917862,bernoulli,bernoulli,5,completed
rep15,start_B,3,poisson,-73.57539428728235,147.1507885745647,,bfgs,13,True,8.592515055028116e-09,False,0.19236416094778847,bernoulli,bernoulli,5,completed
rep15,start_B,4,bernoulli,-34.59263485772828,69.18526971545656,,bfgs,10,False,2.631511373252238e-08,False,2.4429252532892614,bernoulli,bernoulli,5,completed
rep15,start_B,4,poisson,-70.33953855228197,140.67907710456393,,bfgs,17,False,1.3568182843926025e-08,False,0.41162416954124986,bernoulli,bernoulli,5,completed
rep15,start_B,5,bernoulli,-49.02880099839178,98.05760199678356,,bfgs,10,True,8.738343382219682e-13,True,0.5898940138092588,bernoulli,bernoulli,5,completed
rep15,start_B,5,poisson,-74.47738024989508,148.95476049979015,,bfgs,11,True,6.02822791684332e-12,True,0.1330442659659518,bernoulli,bernoulli,5,completed
rep15,start_B,6,bernoulli,-43.15470637917163,86.30941275834326,,bfgs,9,True,1.5424327093338518e-11,True,1.460566733513448,bernoulli,bernoulli,5,completed
rep15,start_B,6,poisson,-72.47320241050997,144.94640482101994,,bfgs,13,True,2.511729491061487e-10,False,0.3142904101040769,bernoulli,bernoulli,5,completed
rep15,start_B,7,bernoulli,-48.98388247788849,97.96776495577699,,bfgs,9,True,6.195902679806409e-11,True,0.7493714114605735,bernoulli,bernoulli,5,completed
rep15,start_B,7,poisson,-73.53683132870958,147.07366265741916,,bfgs,10,True,1.4708234630234073e-13,True,0.24685261771247788,bernoulli,bernoulli,5,completed
rep15,start_B,8,bernoulli,-42.55839961925193,85.11679923850386,,bfgs,11,True,3.0083935342872793e-12,True,1.229577414044136,bernoulli,bernoulli,5,completed
rep15,start_B,8,poisson,-73.37806497691513,146.75612995383025,,bfgs,11,True,5.5652704666897534e-11,True,0.2119965524556333,bernoulli,bernoulli,5,completed
rep16,start_B,3,bernoulli,-51.98270139939668,103.96540279879336,,bfgs,3,True,3.462152786681827e-11,True,0.01886809644152158,bernoulli,bernoulli,1,completed
rep16,start_B,3,poisson,-74.88288833784259,149.76577667568517,,bfgs,4,True,7.850164962519557e-13,True,0.05635849498387078,bernoulli,bernoulli,1,completed
rep16,start_B,4,bernoulli,-51.793803584979116,103.58760716995823,,bfgs,3,True,2.957634137601417e-14,True,0.1436970250741589,bernoulli,bernoulli,1,completed
rep16,start_B,4,poisson,-74.6485666158023,149.2971332316046,,bfgs,4,True,3.1254110410827708e-12,True,0.0981165361163801,bernoulli,bernoulli,1,completed
rep16,start_B,5,bernoulli,-50.76759638707407,101.53519277414814,,bfgs,4,True,2.8634872251132035e-13,True,0.3685782298075301,bernoulli,bernoulli,1,completed
rep16,start_B,5,poisson,-74.96838039977766,149.93676079955532,,bfgs,5,True,3.1121771826292386e-13,True,0.028889749403103078,bernoulli,bernoulli,1,completed
rep16,start_B,6,bernoulli,-51.558559493400615,103.11711898680123,,bfgs,3,True,1.8692425385324895e-11,True,0.21520141726036626,bernoulli,bernoulli,1,completed
rep16,start_B,6,poisson,-74.99810222332465,149.9962044466493,,bfgs,5,True,4.987121826616203e-14,True,0.007122281728668941,bernoulli,bernoulli,1,completed
rep16,start_B,7,bernoulli,-51.409532217307365,102.81906443461473,,bfgs,3,True,1.992628284597231e-12,True,0.25059095156873973,bernoulli,bernoulli,1,completed
rep16,start_B,7,poisson,-74.99992404997431,149.99984809994862,,bfgs,5,True,2.5881519150061647e-13,True,0.0014228016173786955,bernoulli,bernoulli,1,completed
rep16,start_B,8,bernoulli,-47.727506235117005,95.45501247023401,,bfgs,5,True,0.0,True,0.7283823501378636,bernoulli,bernoulli,1,completed
rep16,start_B,8,poisson,-73.0555568433831,146.1111136867662,,bfgs,6,True,1.4122036873231992e-14,True,0.2327562934335114,bernoulli,bernoulli,1,completed
rep16,start_B,3,bernoulli,-50.0545273293394,100.1090546586788,,bfgs,5,True,8.374634319352481e-13,True,0.4734777965767486,bernoulli,bernoulli,2,completed
rep16,start_B,3,poisson,-74.71424727656537,149.42849455313075,,bfgs,6,True,7.777245514262176e-12,True,0.08574623075259952,bernoulli,bernoulli,2,completed
rep16,start_B,4,bernoulli,-51.64129918254412,103.28259836508823,,bfgs,6,True,7.38076266770804e-14,True,0.19558787717616727,bernoulli,bernoulli,2,completed
rep16,start_B,4,poisson,-74.53536144817463,149.07072289634925,,bfgs,7,True,5.4445337127617674e-14,True,0.11469082670858732,bernoulli,bernoulli,2,completed
rep16,start_B,5,bernoulli,-50.19864399895826,100.39728799791652,,bfgs,4,True,1.2109602209875448e-11,True,0.445139102701414,bernoulli,bernoulli,2,completed
rep16,start_B,5,poisson,-74.68184840263675,149.3636968052735,,bfgs,7,True,3.1020519486446573e-12,True,0.09049922739083789,bernoulli,bernoulli,2,completed
rep16,start_B,6,bernoulli,-50.48072732240126,100.96145464480252,,bfgs,5,True,1.2212453270876722e-13,True,0.418690781156986,bernoulli,bernoulli,2,completed
rep16,start_B,6,poisson,-74.89697566200093,149.79395132400185,,bfgs,7,True,7.174305594048747e-12,True,0.05207206790900851,bernoulli,bernoulli,2,completed
rep16,start_B,7,bernoulli,-51.21912904242909,102.43825808485818,,bfgs,6,True,3.552713678800501e-15,True,0.2952518840954688,bernoulli,bernoulli,2,completed
rep16,start_B,7,poisson,-74.99637715578065,149.9927543115613,,bfgs,7,True,3.2723670995160602e-12,True,0.00992217599561657,bernoulli,bernoulli,2,completed
rep16,start_B,8,bernoulli,-46.711499554893095,93.42299910978619,,bfgs,6,True,7.740030838476741e-12,True,0.8390270970665468,bernoulli,bernoulli,2,completed
rep16,start_B,8,poisson,-72.70498026986454,145.40996053972907,,bfgs,6,True,2.9224276332229236e-10,False,0.2565750402776529,bernoulli,bernoulli,2,completed
rep16,start_B,3,bernoulli,-48.13657591620928,96.27315183241856,,bfgs,8,True,1.1944756295179105e-11,True,0.7410069834065984,bernoulli,bernoulli,3,completed
rep16,start_B,3,poisson,-74.45958830142635,148.9191766028527,,bfgs,11,True,1.1498129559583959e-09,False,0.12236122337103002,bernoulli,bernoulli,3,completed
rep16,start_B,4,bernoulli,-51.12826673529728,102.25653347059456,,bfgs,7,True,8.850458144138429e-11,True,0.30095667753579725,bernoulli,bernoulli,3,completed
rep16,start_B,4,poisson,-74.31325218270885,148.6265043654177,,bfgs,9,True,1.8468353513156898e-10,False,0.13344820723156392,bernoulli,bernoulli,3,completed
rep16,start_B,5,bernoulli,-49.74471918626098,99.48943837252196,,bfgs,8,True,5.215561316163075e-12,True,0.49835390156393267,bernoulli,bernoulli,3,completed
rep16,start_B,5,poisson,-74.36287806636861,148.72575613273722,,bfgs,8,True,1.93123206315704e-10,False,0.13669561949435496,bernoulli,bernoulli,3,completed
rep16,start_B,6,bernoulli,-50.920062835791434,101.84012567158287,,bfgs,6,True,7.0994496281784334e-09,False,0.33073154881498806,bernoulli,bernoulli,3,completed
rep16,start_B,6,poisson,-74.86410593785313,149.72821187570625,,bfgs,9,True,3.5106750839730692e-12,True,0.06076374391902842,bernoulli,bernoulli,3,completed
rep16,start_B,7,bernoulli,-48.95006156715432,97.90012313430864,,bfgs,8,True,1.8785089483941418e-09,False,0.6613921848545494,bernoulli,bernoulli,3,completed
rep16,start_B,7,poisson,-73.85667802247958,147.71335604495917,,bfgs,9,True,6.366462912410498e-12,True,0.19611691650539684,bernoulli,bernoulli,3,completed
rep16,start_B,8,bernoulli,-46.28642871491728,92.57285742983456,,bfgs,7,True,9.956480084838403e-14,True,0.8436263844872721,bernoulli,bernoulli,3,completed
rep16,start_B,8,poisson,-72.32494085218477,144.64988170436953,,bfgs,10,True,1.3352030592272968e-10,False,0.2691517612976195,bernoulli,bernoulli,3,completed
rep16,start_B,3,bernoulli,-47.83126248473558,95.66252496947116,,bfgs,9,True,2.2776667218948887e-09,False,0.7107278093090023,bernoulli,bernoulli,4,completed
rep16,start_B,3,poisson,-73.96038945423155,147.9207789084631,,bfgs,12,False,1.4828657235455012e-08,False,0.18512887958607127,bernoulli,bernoulli,4,completed
rep16,start_B,4,bernoulli,-50.34224305708218,100.68448611416436,,bfgs,8,True,2.331055348747668e-10,False,0.5209694783548402,bernoulli,bernoulli,4,completed
rep16,start_B,4,poisson,-74.24595407551712,148.49190815103424,,bfgs,11,True,1.552802331161729e-12,True,0.12787905384682205,bernoulli,bernoulli,4,completed
rep16,start_B,5,bernoulli,-49.92670791271162,99.85341582542324,,bfgs,8,True,8.00958854796363e-11,True,0.49675562047741856,bernoulli,bernoulli,4,completed
rep16,start_B,5,poisson,-73.87513290538274,147.75026581076548,,bfgs,9,True,3.5160407918510826e-11,True,0.22039493265751822,bernoulli,bernoulli,4,completed
rep16,start_B,6,bernoulli,-47.985375764054695,95.97075152810939,,bfgs,9,True,6.517986150811339e-12,True,0.9408446503492703,bernoulli,bernoulli,4,completed
rep16,start_B,6,poisson,-72.93619470483027,145.87238940966054,,bfgs,13,True,3.001099013744124e-09,False,0.339507592157982,bernoulli,bernoulli,4,completed
rep16,start_B,7,bernoulli,-47.68595627195949,95.37191254391898,,bfgs,9,True,5.571574313023575e-11,True,0.8124988878339893,bernoulli,bernoulli,4,completed
rep16,start_B,7,poisson,-73.91989051136454,147.83978102272908,,bfgs,13,True,3.2748892486722524e-11,True,0.1757174773610537,bernoulli,bernoulli,4,completed
rep16,start_B,8,bernoulli,-46.367287060904616,92.73457412180923,,bfgs,8,True,3.9865888368240123e-13,True,0.7506247802553615,bernoulli,bernoulli,4,completed
rep16,start_B,8,poisson,-71.76510586414145,143.5302117282829,,bfgs,10,False,1.0168121939990727e-07,False,0.29155281532670096,bernoulli,bernoulli,4,completed
rep16,start_B,3,bernoulli,-47.138732841095965,94.27746568219193,,bfgs,10,True,1.2223111411913123e-11,True,0.8097713334331729,bernoulli,bernoulli,5,completed
rep16,start_B,3,poisson,-73.97269274857146,147.94538549714292,,bfgs,15,True,8.90772859918343e-09,False,0.18314538785690518,bernoulli,bernoulli,5,completed
rep16,start_B,4,bernoulli,-51.08033124198812,102.16066248397624,,bfgs,9,True,4.855138513448764e-12,True,0.3117320848769975,bernoulli,bernoulli,5,completed
rep16,start_B,4,poisson,-74.30034089809247,148.60068179618494,,bfgs,11,True,6.918177142267723e-12,True,0.13157142083447212,bernoulli,bernoulli,5,completed
rep16,start_B,5,bernoulli,-35.76967216562653,71.53934433125306,,bfgs,12,False,9.375797835886601e-08,False,2.5806689825593296,bernoulli,bernoulli,5,completed
rep16,start_B,5,poisson,-69.81952335806523,139.63904671613045,,bfgs,17,True,8.263102249661536e-09,False,0.5091530785968752,bernoulli,bernoulli,5,completed
rep16,start_B,6,bernoulli,-47.19059152582592,94.38118305165185,,bfgs,10,True,3.150901761728164e-12,True,1.0184483035038518,bernoulli,bernoulli,5,completed
rep16,start_B,6,poisson,-72.8572957799939,145.7145915599878,,bfgs,11,False,8.062852181467406e-08,False,0.32366862685795744,bernoulli,bernoulli,5,completed
rep16,start_B,7,bernoulli,-48.39545474449606,96.79090948899211,,bfgs,9,True,9.839240533437987e-11,True,0.65927299622389,bernoulli,bernoulli,5,completed
rep16,start_B,7,poisson,-73.78172406765817,147.56344813531635,,bfgs,14,False,2.2068553102716492e-07,False,0.19083793542985691,bernoulli,bernoulli,5,completed
rep16,start_B,8,bernoulli,-46.27513396605999,92.55026793211998,,bfgs,10,True,8.163475406774978e-09,False,0.839960880636718,bernoulli,bernoulli,5,completed
rep16,start_B,8,poisson,-71.8741012476341,143.7482024952682,,bfgs,13,False,7.598262694585855e-08,False,0.3084259419736222,bernoulli,bernoulli,5,completed
rep17,start_B,3,bernoulli,-51.85633101618457,103.71266203236914,,bfgs,4,True,1.2575203989229068e-09,False,0.11793096170158444,bernoulli,bernoulli,1,completed
rep17,start_B,3,poisson,-74.78915770597266,149.5783154119453,,bfgs,5,True,2.1316282072803005e-15,True,0.07584994490098673,bernoulli,bernoulli,1,completed
rep17,start_B,4,bernoulli,-51.813566807136475,103.62713361427295,,bfgs,2,True,4.207556525415157e-11,True,0.1361060950470422,bernoulli,bernoulli,1,completed
rep17,start_B,4,poisson,-74.81391537209984,149.62783074419968,,bfgs,5,True,4.529709940470638e-15,True,0.0712159641519319,bernoulli,bernoulli,1,completed
rep17,start_B,5,bernoulli,-51.8202969596576,103.6405939193152,,bfgs,4,True,8.688605390716475e-14,True,0.13340606487057677,bernoulli,bernoulli,1,completed
rep17,start_B,5,poisson,-74.28049958709975,148.5609991741995,,bfgs,4,True,9.690204194612307e-12,True,0.1410438252913281,bernoulli,bernoulli,1,completed
rep17,start_B,6,bernoulli,-51.23276987602835,102.4655397520567,,bfgs,3,True,3.3071323457534165e-13,True,0.2877989864494778,bernoulli,bernoulli,1,completed
rep17,start_B,6,poisson,-74.95791981039864,149.91583962079727,,bfgs,5,True,2.8332891588433995e-13,True,0.033686587665215054,bernoulli,bernoulli,1,completed
rep17,start_B,7,bernoulli,-49.785243727218564,99.57048745443713,,bfgs,3,True,7.361089515711683e-12,True,0.506772042068939,bernoulli,bernoulli,1,completed
rep17,start_B,7,poisson,-74.99108494144012,149.98216988288024,,bfgs,5,True,1.163513729807164e-14,True,0.015375258457570208,bernoulli,bernoulli,1,completed
rep17,start_B,8,bernoulli,-51.98166555618993,103.96333111237986,,bfgs,2,True,9.946832246754412e-12,True,0.021599389956733963,bernoulli,bernoulli,1,completed
rep17,start_B,8,poisson,-74.54427904253072,149.08855808506144,,bfgs,4,True,9.840546155714946e-11,True,0.11196374843465726,bernoulli,bernoulli,1,completed
rep17,start_B,3,bernoulli,-51.77580575409975,103.5516115081995,,bfgs,5,True,8.47900860634354e-11,True,0.1525981572555687,bernoulli,bernoulli,2,completed
rep17,start_B,3,poisson,-74.52437219990775,149.0487443998155,,bfgs,7,True,4.2707597458502277e-10,False,0.11505936791707252,bernoulli,bernoulli,2,completed
rep17,start_B,4,bernoulli,-51.70395971965254,103.40791943930508,,bfgs,5,True,2.352695815943662e-12,True,0.18848645284168722,bernoulli,bernoulli,2,completed
rep17,start_B,4,poisson,-74.40094660718353,148.80189321436706,,bfgs,6,True,1.1964873536385312e-12,True,0.13007283449151757,bernoulli,bernoulli,2,completed
rep17,start_B,5,bernoulli,-50.91449756046375,101.8289951209275,,bfgs,6,True,1.2879031174861666e-12,True,0.3889156654887802,bernoulli,bernoulli,2,completed
rep17,start_B,5,poisson,-74.50240927755513,149.00481855511026,,bfgs,6,True,2.3105606164475213e-09,False,0.10802769591863924,bernoulli,bernoulli,2,completed
rep17,start_B,6,bernoulli,-51.18181752786764,102.36363505573529,,bfgs,6,True,2.371514096211058e-10,False,0.27514330860622643,bernoulli,bernoulli,2,completed
rep17,start_B,6,poisson,-74.90433928711735,149.8086785742347,,bfgs,7,True,7.956213465831751e-12,True,0.05057790824356046,bernoulli,bernoulli,2,completed
rep17,start_B,7,bernoulli,-49.83250941571203,99.66501883142406,,bfgs,5,True,2.6195934310635494e-12,True,0.4546951064237846,bernoulli,bernoulli,2,completed
rep17,start_B,7,poisson,-74.94179892482775,149.8835978496555,,bfgs,7,True,3.4789415792602087e-11,True,0.0440105249941633,bernoulli,bernoulli,2,completed
rep17,start_B,8,bernoulli,-50.96921522292665,101.9384304458533,,bfgs,5,True,1.0471024047831179e-10,False,0.3762393184778304,bernoulli,bernoulli,2,completed
rep17,start_B,8,poisson,-74.61640463668046,149.2328092733609,,bfgs,6,True,2.079403316201933e-12,True,0.09488009133309731,bernoulli,bernoulli,2,completed
rep17,start_B,3,bernoulli,-49.42758572874707,98.85517145749414,,bfgs,6,True,9.36551725061463e-11,True,0.5937933317181953,bernoulli,bernoulli,3,completed
rep17,start_B,3,poisson,-74.46330298093667,148.92660596187335,,bfgs,9,True,7.862125173119239e-10,False,0.11644007301468623,bernoulli,bernoulli,3,completed
rep17,start_B,4,bernoulli,-51.68662634221315,103.3732526844263,,bfgs,7,True,3.727951281007336e-12,True,0.18215406825926353,bernoulli,bernoulli,3,completed
rep17,start_B,4,poisson,-74.17144615073504,148.34289230147007,,bfgs,7,True,5.041031342356561e-10,False,0.14843707327988115,bernoulli,bernoulli,3,completed
rep17,start_B,5,bernoulli,-50.64111668396685,101.2822333679337,,bfgs,6,True,8.3249480198333e-09,False,0.4239161342129782,bernoulli,bernoulli,3,completed
rep17,start_B,5,poisson,-74.28172304986882,148.56344609973763,,bfgs,9,True,1.4299987749488708e-09,False,0.1261587250525595,bernoulli,bernoulli,3,completed
rep17,start_B,6,bernoulli,-51.32688604607714,102.65377209215428,,bfgs,7,True,3.657518732325116e-12,True,0.2513321191334646,bernoulli,bernoulli,3,completed
rep17,start_B,6,poisson,-74.45400062739222,148.90800125478444,,bfgs,8,True,4.90956164611589e-12,True,0.12562294563699722,bernoulli,bernoulli,3,completed
rep17,start_B,7,bernoulli,-47.453664252273676,94.90732850454735,,bfgs,6,False,6.2634234154757e-08,False,0.7407733621915765,bernoulli,bernoulli,3,completed
rep17,start_B,7,poisson,-74.89311524103736,149.78623048207473,,bfgs,10,True,3.752292343506269e-09,False,0.05761948369968126,bernoulli,bernoulli,3,completed
rep17,start_B,8,bernoulli,-47.811528231915545,95.62305646383109,,bfgs,6,True,1.091526868890469e-12,True,0.7835377404024133,bernoulli,bernoulli,3,completed
rep17,start_B,8,poisson,-72.5521372650152,145.1042745300304,,bfgs,10,True,2.5499602429590595e-12,True,0.26897976681295965,bernoulli,bernoulli,3,completed
rep17,start_B,3,bernoulli,-49.73493113805413,99.46986227610826,,bfgs,9,True,4.672706666042359e-12,True,0.5052440330525161,bernoulli,bernoulli,4,completed
rep17,start_B,3,poisson,-74.49069971578258,148.98139943156517,,bfgs,13,True,6.249649686651537e-11,True,0.10965898441391082,bernoulli,bernoulli,4,completed
rep17,start_B,4,bernoulli,-51.670435080749805,103.34087016149961,,bfgs,8,True,4.2721381987576025e-14,True,0.19311100912672138,bernoulli,bernoulli,4,completed
rep17,start_B,4,poisson,-74.31710766735242,148.63421533470483,,bfgs,9,True,2.8618316050277315e-11,True,0.12886466550721454,bernoulli,bernoulli,4,completed
rep17,start_B,5,bernoulli,-50.44889018919937,100.89778037839874,,bfgs,9,True,1.0613732115416497e-13,True,0.4511577410982218,bernoulli,bernoulli,4,completed
rep17,start_B,5,poisson,-74.19130801510107,148.38261603020214,,bfgs,10,True,2.979475832720624e-11,True,0.13793960083398216,bernoulli,bernoulli,4,completed
rep17,start_B,6,bernoulli,-50.81814837256841,101.63629674513682,,bfgs,8,True,1.8909022792001908e-09,False,0.3139513549569393,bernoulli,bernoulli,4,completed
rep17,start_B,6,poisson,-74.69480431757722,149.38960863515445,,bfgs,10,True,1.990023146269948e-10,False,0.08740039596137997,bernoulli,bernoulli,4,completed
rep17,start_B,7,bernoulli,-46.586814974708815,93.17362994941763,,bfgs,8,True,3.7425174070904175e-12,True,0.8800394148143079,bernoulli,bernoulli,4,completed
rep17,start_B,7,poisson,-74.46436804757833,148.92873609515667,,bfgs,13,True,6.752287617928232e-11,True,0.1454487041199749,bernoulli,bernoulli,4,completed
rep17,start_B,8,bernoulli,-48.23668272764052,96.47336545528104,,bfgs,9,True,7.167084703496584e-11,True,0.6856518075248903,bernoulli,bernoulli,4,completed
rep17,start_B,8,poisson,-73.07433309979294,146.14866619958588,,bfgs,14,True,1.130424642781236e-11,True,0.22119303773495252,bernoulli,bernoulli,4,completed
rep17,start_B,3,bernoulli,-48.54321389681262,97.08642779362523,,bfgs,11,True,3.45094619547126e-11,True,0.7500100211677796,bernoulli,bernoulli,5,completed
rep17,start_B,3,poisson,-73.57629441944593,147.15258883889186,,bfgs,15,True,2.9370035292686225e-09,False,0.2402836631734589,bernoulli,bernoulli,5,completed
rep17,start_B,4,bernoulli,-51.55734397710954,103.11468795421908,,bfgs,10,True,1.765609880521879e-12,True,0.27508426722614726,bernoulli,bernoulli,5,completed
rep17,start_B,4,poisson,-74.23794749410987,148.47589498821975,,bfgs,12,True,6.886657796800755e-09,False,0.13507850411344544,bernoulli,bernoulli,5,completed
rep17,start_B,5,bernoulli,-49.61842308250218,99.23684616500437,,bfgs,9,True,2.558610390224203e-09,False,0.5763295230059491,bernoulli,bernoulli,5,completed
rep17,start_B,5,poisson,-73.67510325785173,147.35020651570346,,bfgs,13,True,7.548104363763742e-11,True,0.21070480670005848,bernoulli,bernoulli,5,completed
rep17,start_B,6,bernoulli,-49.77628475514808,99.55256951029617,,bfgs,9,True,2.1353905310661503e-10,False,0.5586242308929834,bernoulli,bernoulli,5,completed
rep17,start_B,6,poisson,-73.80994517983568,147.61989035967136,,bfgs,14,True,3.4774201296272623e-10,False,0.2439645675720482,bernoulli,bernoulli,5,completed
rep17,start_B,7,bernoulli,-43.02021650010424,86.04043300020848,,bfgs,9,True,1.4490151301060906e-10,False,1.351553465131574,bernoulli,bernoulli,5,completed
rep17,start_B,7,poisson,-74.6828808836356,149.3657617672712,,bfgs,15,True,2.0998616179213058e-10,False,0.11361203388586755,bernoulli,bernoulli,5,completed
rep17,start_B,8,bernoulli,-43.02894882541096,86.05789765082191,,bfgs,9,True,9.552845181559633e-11,True,1.3986760158458016,bernoulli,bernoulli,5,completed
rep17,start_B,8,poisson,-70.16198405940972,140.32396811881944,,bfgs,13,False,1.1223338258758986e-08,False,0.4590134711167237,bernoulli,bernoulli,5,completed
rep18,start_B,3,bernoulli,-48.890956110869695,97.78191222173939,,bfgs,5,True,1.865174681370263e-15,True,0.6095780860128234,bernoulli,bernoulli,1,completed
rep18,start_B,3,poisson,-74.4711907229588,148.9423814459176,,bfgs,5,True,6.310951761179239e-13,True,0.1176561115182294,bernoulli,bernoulli,1,completed
rep18,start_B,4,bernoulli,-50.6554701805304,101.3109403610608,,bfgs,3,True,7.691736136905547e-12,True,0.3862964635409646,bernoulli,bernoulli,1,completed
rep18,start_B,4,poisson,-74.50268008440474,149.0053601688095,,bfgs,5,True,0.0,True,0.11512989335766524,bernoulli,bernoulli,1,completed
rep18,start_B,5,bernoulli,-51.027247546828036,102.05449509365607,,bfgs,4,True,1.0258460747536447e-14,True,0.32561148010179697,bernoulli,bernoulli,1,completed
rep18,start_B,5,poisson,-74.61572984131885,149.2314596826377,,bfgs,5,True,8.881784197001252e-16,True,0.10125472629706696,bernoulli,bernoulli,1,completed
rep18,start_B,6,bernoulli,-51.94561653804436,103.89123307608872,,bfgs,2,True,9.134154765888525e-10,False,0.06571293177764082,bernoulli,bernoulli,1,completed
rep18,start_B,6,poisson,-74.94552370301818,149.89104740603636,,bfgs,3,True,6.305070243683986e-10,False,0.038150096451296,bernoulli,bernoulli,1,completed
rep18,start_B,7,bernoulli,-51.962677042044035,103.92535408408807,,bfgs,3,True,5.157652083198627e-12,True,0.04994062934482091,bernoulli,bernoulli,1,completed
rep18,start_B,7,poisson,-74.95619772313864,149.9123954462773,,bfgs,2,True,3.5694114330908634e-12,True,0.03420727812206751,bernoulli,bernoulli,1,completed
rep18,start_B,8,bernoulli,-50.7494212421985,101.498842484397,,bfgs,4,True,3.9968028886505636e-16,True,0.37174380254705014,bernoulli,bernoulli,1,completed
rep18,start_B,8,poisson,-74.82510032875484,149.65020065750969,,bfgs,5,True,2.575717417130363e-15,True,0.06800827913778604,bernoulli,bernoulli,1,completed
rep18,start_B,3,bernoulli,-48.38651201709858,96.77302403419716,,bfgs,3,False,1.1695860839822103e-07,False,0.6281379314794063,bernoulli,bernoulli,2,completed
rep18,start_B,3,poisson,-73.91543783128176,147.83087566256353,,bfgs,11,True,6.4000360566751626e-12,True,0.1734745433816625,bernoulli,bernoulli,2,completed
rep18,start_B,4,bernoulli,-47.41288970743448,94.82577941486896,,bfgs,5,True,1.9245494087272163e-12,True,0.7870357039168088,bernoulli,bernoulli,2,completed
rep18,start_B,4,poisson,-74.3483508528703,148.6967017057406,,bfgs,9,True,1.786741588016838e-12,True,0.12547862681360905,bernoulli,bernoulli,2,completed
rep18,start_B,5,bernoulli,-50.84905780191225,101.6981156038245,,bfgs,6,True,7.320188899484491e-12,True,0.33775468819513577,bernoulli,bernoulli,2,completed
rep18,start_B,5,poisson,-73.9702500752886,147.9405001505772,,bfgs,6,True,1.3341813209777342e-10,False,0.16921713546058129,bernoulli,bernoulli,2,completed
rep18,start_B,6,bernoulli,-50.60214869136706,101.20429738273413,,bfgs,5,True,5.670008906832891e-12,True,0.4179297601510016,bernoulli,bernoulli,2,completed
rep18,start_B,6,poisson,-74.93213416920547,149.86426833841094,,bfgs,6,True,7.021445924682013e-12,True,0.04225897492435387,bernoulli,bernoulli,2,completed
rep18,start_B,7,bernoulli,-51.9083162495816,103.8166324991632,,bfgs,6,True,1.779021374659351e-13,True,0.09645793553345251,bernoulli,bernoulli,2,completed
rep18,start_B,7,poisson,-74.60693979515304,149.21387959030608,,bfgs,5,False,2.9360835163139142e-08,False,0.10896711263782362,bernoulli,bernoulli,2,completed
rep18,start_B,8,bernoulli,-49.50132319427637,99.00264638855273,,bfgs,5,True,1.3465895065678525e-13,True,0.5398512444684349,bernoulli,bernoulli,2,completed
rep18,start_B,8,poisson,-74.80782390984973,149.61564781969946,,bfgs,7,True,1.264675031364959e-09,False,0.07019221914195105,bernoulli,bernoulli,2,completed
rep18,start_B,3,bernoulli,-47.583221521434226,95.16644304286845,,bfgs,7,True,2.461958970023659e-10,False,0.7111733665049857,bernoulli,bernoulli,3,completed
rep18,start_B,3,poisson,-73.25024012417501,146.50048024835002,,bfgs,11,False,1.0561519836471688e-08,False,0.21591943117946102,bernoulli,bernoulli,3,completed
rep18,start_B,4,bernoulli,-44.18825510313921,88.37651020627843,,bfgs,7,True,2.804368293141124e-10,False,1.0886345656272105,bernoulli,bernoulli,3,completed
rep18,start_B,4,poisson,-73.73605682849924,147.4721136569985,,bfgs,11,True,5.425278004622669e-11,True,0.18792092998781215,bernoulli,bernoulli,3,completed
rep18,start_B,5,bernoulli,-50.15501517498111,100.31003034996222,,bfgs,8,True,1.245159531038098e-10,False,0.45314181761579764,bernoulli,bernoulli,3,completed
rep18,start_B,5,poisson,-73.62382763734524,147.2476552746905,,bfgs,8,True,8.324008149429574e-13,True,0.20318499569408385,bernoulli,bernoulli,3,completed
rep18,start_B,6,bernoulli,-49.864648845449736,99.72929769089947,,bfgs,6,True,5.631376254200404e-10,False,0.5171338066069916,bernoulli,bernoulli,3,completed
rep18,start_B,6,poisson,-74.95985864424547,149.91971728849094,,bfgs,11,False,2.0564496250596865e-07,False,0.034556792973162935,bernoulli,bernoulli,3,completed
rep18,start_B,7,bernoulli,-51.20905573342954,102.41811146685907,,bfgs,7,True,1.7292833831561437e-13,True,0.3130538313109324,bernoulli,bernoulli,3,completed
rep18,start_B,7,poisson,-74.43486319113165,148.8697263822633,,bfgs,7,True,2.2795099141603714e-11,True,0.1291934970022754,bernoulli,bernoulli,3,completed
rep18,start_B,8,bernoulli,-48.865124197663135,97.73024839532627,,bfgs,6,True,1.0121681270902626e-12,True,0.6075628305970588,bernoulli,bernoulli,3,completed
rep18,start_B,8,poisson,-74.53526991853046,149.07053983706092,,bfgs,13,True,7.114753231007853e-13,True,0.10969753492660772,bernoulli,bernoulli,3,completed
rep18,start_B,3,bernoulli,-42.44777680710229,84.89555361420457,,bfgs,9,True,9.121910338194539e-10,False,1.410691219168759,bernoulli,bernoulli,4,completed
rep18,start_B,3,poisson,-72.26314854289024,144.52629708578047,,bfgs,11,False,4.3893033918607213e-08,False,0.3113732379040558,bernoulli,bernoulli,4,completed
rep18,start_B,4,bernoulli,-45.54345789205074,91.08691578410148,,bfgs,8,True,1.5633858652108757e-10,False,0.883312946835003,bernoulli,bernoulli,4,completed
rep18,start_B,4,poisson,-73.90597085072088,147.81194170144175,,bfgs,13,True,2.297939616369149e-10,False,0.1592500090869294,bernoulli,bernoulli,4,completed
rep18,start_B,5,bernoulli,-48.418145062681425,96.83629012536285,,bfgs,8,True,6.420342479884767e-10,False,0.7410088974828278,bernoulli,bernoulli,4,completed
rep18,start_B,5,poisson,-73.53249492075341,147.06498984150682,,bfgs,11,False,1.342304956630791e-08,False,0.20304246761944308,bernoulli,bernoulli,4,completed
rep18,start_B,6,bernoulli,-45.80646044523097,91.61292089046194,,bfgs,8,True,1.4366383638275693e-09,False,1.1031654711626346,bernoulli,bernoulli,4,completed
rep18,start_B,6,poisson,-74.02666572145486,148.05333144290972,,bfgs,11,True,4.537941844517945e-09,False,0.19712854825876677,bernoulli,bernoulli,4,completed
rep18,start_B,7,bernoulli,-49.99140996433596,99.98281992867192,,bfgs,8,True,1.2123562598276294e-09,False,0.5656213252954552,bernoulli,bernoulli,4,completed
rep18,start_B,7,poisson,-73.76822358544764,147.5364471708953,,bfgs,13,True,1.254563031238831e-09,False,0.19436598994431403,bernoulli,bernoulli,4,completed
rep18,start_B,8,bernoulli,-48.59809135589739,97.19618271179478,,bfgs,8,True,2.8870466017849593e-10,False,0.6540868808085615,bernoulli,bernoulli,4,completed
rep18,start_B,8,poisson,-74.66736668610584,149.33473337221167,,bfgs,13,False,1.2844151342505939e-08,False,0.10596264663847721,bernoulli,bernoulli,4,completed
rep18,start_B,3,bernoulli,-42.70013539653041,85.40027079306083,,bfgs,10,True,1.8681834135225727e-10,False,1.3054377743014156,bernoulli,bernoulli,5,completed
rep18,start_B,3,poisson,-70.39495647791213,140.78991295582426,,bfgs,13,True,2.3263618476043745e-09,False,0.4216577024817897,bernoulli,bernoulli,5,completed
rep18,start_B,4,bernoulli,-42.55273959040575,85.1054791808115,,bfgs,9,True,2.7310311442874104e-10,False,1.2554352138220297,bernoulli,bernoulli,5,completed
rep18,start_B,4,poisson,-72.79183265466159,145.58366530932318,,bfgs,12,True,5.479022480159302e-09,False,0.2744570373702811,bernoulli,bernoulli,5,completed
rep18,start_B,5,bernoulli,-48.70570710540952,97.41141421081905,,bfgs,10,True,5.919116807806546e-10,False,0.7219689122566253,bernoulli,bernoulli,5,completed
rep18,start_B,5,poisson,-73.90245071460295,147.8049014292059,,bfgs,13,True,4.628089245173328e-09,False,0.1556952306346549,bernoulli,bernoulli,5,completed
rep18,start_B,6,bernoulli,-46.56064083880114,93.12128167760228,,bfgs,9,True,3.182023533554457e-11,True,0.9783372557002501,bernoulli,bernoulli,5,completed
rep18,start_B,6,poisson,-74.41855254269899,148.83710508539798,,bfgs,14,True,7.244258881655697e-09,False,0.13996276426447796,bernoulli,bernoulli,5,completed
rep18,start_B,7,bernoulli,-48.24196923923539,96.48393847847078,,bfgs,11,True,6.945732877738919e-12,True,0.8010118755568012,bernoulli,bernoulli,5,completed
rep18,start_B,7,poisson,-72.11982551049563,144.23965102099126,,bfgs,14,True,9.212932639002246e-11,True,0.32537565144860825,bernoulli,bernoulli,5,completed
rep18,start_B,8,bernoulli,-46.873068535434776,93.74613707086955,,bfgs,9,True,1.7847927580305622e-10,False,0.9175766998991364,bernoulli,bernoulli,5,completed
rep18,start_B,8,poisson,-73.44086006908626,146.8817201381725,,bfgs,15,True,5.417783555117239e-09,False,0.2466686727100037,bernoulli,bernoulli,5,completed
rep19,start_B,3,bernoulli,-50.931619800759314,101.86323960151863,,bfgs,4,True,2.220446049250313e-16,True,0.34324417199264284,bernoulli,bernoulli,1,completed
rep19,start_B,3,poisson,-74.20903218042294,148.41806436084588,,bfgs,4,True,4.719691304444495e-12,True,0.14902938647135347,bernoulli,bernoulli,1,completed
rep19,start_B,4,bernoulli,-51.85920420562486,103.71840841124973,,bfgs,3,True,3.716314100898899e-09,False,0.11663760674142731,bernoulli,bernoulli,1,completed
rep19,start_B,4,poisson,-74.69705564829968,149.39411129659936,,bfgs,4,True,2.4868995751603505e-15,True,0.09149421961752592,bernoulli,bernoulli,1,completed
rep19,start_B,5,bernoulli,-51.68671717323457,103.37343434646914,,bfgs,4,True,3.4474911814186274e-11,True,0.17985888066346598,bernoulli,bernoulli,1,completed
rep19,start_B,5,poisson,-74.99105297554419,149.98210595108839,,bfgs,5,True,6.418421349962955e-12,True,0.015499546696628987,bernoulli,bernoulli,1,completed
rep19,start_B,6,bernoulli,-50.262534176949494,100.52506835389899,,bfgs,4,True,5.307754236127949e-13,True,0.4454214341233222,bernoulli,bernoulli,1,completed
rep19,start_B,6,poisson,-73.93518772571599,147.87037545143198,,bfgs,4,True,6.625811010962934e-13,True,0.1733701490327168,bernoulli,bernoulli,1,completed
rep19,start_B,7,bernoulli,-51.325116814298056,102.65023362859611,,bfgs,4,True,3.682654181602629e-11,True,0.2693974538305393,bernoulli,bernoulli,1,completed
rep19,start_B,7,poisson,-74.38881771397624,148.77763542795248,,bfgs,4,True,2.2396307031158357e-12,True,0.1307033620747018,bernoulli,bernoulli,1,completed
rep19,start_B,8,bernoulli,-50.483446163738286,100.96689232747657,,bfgs,3,False,3.048628309798573e-08,False,0.41385062875829154,bernoulli,bernoulli,1,completed
rep19,start_B,8,poisson,-74.94347689226558,149.88695378453116,,bfgs,5,True,2.9132252166164108e-12,True,0.038464905810232035,bernoulli,bernoulli,1,completed
rep19,start_B,3,bernoulli,-51.20189405776487,102.40378811552974,,bfgs,7,True,4.990452495690079e-15,True,0.28115131017179196,bernoulli,bernoulli,2,completed
rep19,start_B,3,poisson,-74.36121751599447,148.72243503198894,,bfgs,6,True,5.956601878409629e-12,True,0.12884856377406362,bernoulli,bernoulli,2,completed
rep19,start_B,4,bernoulli,-50.30220397948004,100.60440795896008,,bfgs,6,True,1.7763568394002505e-15,True,0.45767011102910393,bernoulli,bernoulli,2,completed
rep19,start_B,4,poisson,-74.57919916563779,149.15839833127558,,bfgs,7,True,7.100986465502501e-14,True,0.10669820556276177,bernoulli,bernoulli,2,completed
rep19,start_B,5,bernoulli,-47.593147049416245,95.18629409883249,,bfgs,7,True,7.824851877558103e-14,True,0.7727557240820104,bernoulli,bernoulli,2,completed
rep19,start_B,5,poisson,-73.7763437073817,147.5526874147634,,bfgs,9,True,3.5913464646597503e-09,False,0.18656758047258595,bernoulli,bernoulli,2,completed
rep19,start_B,6,bernoulli,-51.03662254840103,102.07324509680205,,bfgs,7,True,1.0659251259426128e-13,True,0.31043867278988885,bernoulli,bernoulli,2,completed
rep19,start_B,6,poisson,-74.2996130159074,148.5992260318148,,bfgs,5,True,8.731936007588814e-11,True,0.13474438665413804,bernoulli,bernoulli,2,completed
rep19,start_B,7,bernoulli,-51.020576784622754,102.04115356924551,,bfgs,5,True,2.559996659101671e-12,True,0.3165287920461654,bernoulli,bernoulli,2,completed
rep19,start_B,7,poisson,-74.37031925468793,148.74063850937586,,bfgs,5,True,8.37210500925778e-10,False,0.1267195247756378,bernoulli,bernoulli,2,completed
rep19,start_B,8,bernoulli,-49.26244954358668,98.52489908717337,,bfgs,5,True,9.689010704860835e-12,True,0.5470351666418687,bernoulli,bernoulli,2,completed
rep19,start_B,8,poisson,-74.75683646386003,149.51367292772005,,bfgs,7,True,7.776657096059125e-12,True,0.07648756154855038,bernoulli,bernoulli,2,completed
rep19,start_B,3,bernoulli,-50.52379720115134,101.04759440230268,,bfgs,7,True,6.078693104427657e-12,True,0.39168425501016424,bernoulli,bernoulli,3,completed
rep19,start_B,3,poisson,-74.12362513501076,148.2472502700215,,bfgs,8,True,2.0249233401159473e-10,False,0.14378993268604476,bernoulli,bernoulli,3,completed
rep19,start_B,4,bernoulli,-49.39345585840732,98.78691171681464,,bfgs,7,True,2.951496824721289e-11,True,0.5778940509593112,bernoulli,bernoulli,3,completed
rep19,start_B,4,poisson,-74.4215487605396,148.8430975210792,,bfgs,9,True,5.680797166007778e-10,False,0.12191274690870188,bernoulli,bernoulli,3,completed
rep19,start_B,5,bernoulli,-44.1358314299335,88.271662859867,,bfgs,7,True,3.923350533341363e-12,True,1.117048515573156,bernoulli,bernoulli,3,completed
rep19,start_B,5,poisson,-72.94904351522136,145.89808703044272,,bfgs,10,True,3.2076827416460675e-09,False,0.23209204051779467,bernoulli,bernoulli,3,completed
rep19,start_B,6,bernoulli,-50.14594387449775,100.2918877489955,,bfgs,6,True,1.0231993030629383e-11,True,0.4383806298942344,bernoulli,bernoulli,3,completed
rep19,start_B,6,poisson,-73.82004571061252,147.64009142122504,,bfgs,7,True,1.4296270833824566e-10,False,0.17222961068096948,bernoulli,bernoulli,3,completed
rep19,start_B,7,bernoulli,-49.070155584898444,98.14031116979689,,bfgs,8,True,8.053380184946945e-12,True,0.6119618335838516,bernoulli,bernoulli,3,completed
rep19,start_B,7,poisson,-74.06581084520721,148.13162169041442,,bfgs,12,True,5.209592757182691e-10,False,0.15104682028222532,bernoulli,bernoulli,3,completed
rep19,start_B,8,bernoulli,-49.155732819910995,98.31146563982199,,bfgs,7,True,6.188949353003181e-12,True,0.5669731999849938,bernoulli,bernoulli,3,completed
rep19,start_B,8,poisson,-74.82678941422573,149.65357882845146,,bfgs,9,True,1.0923066895429656e-10,False,0.0679716459601662,bernoulli,bernoulli,3,completed
rep19,start_B,3,bernoulli,-49.462463537987,98.924927075974,,bfgs,8,True,1.043891195706692e-10,False,0.5774370039684088,bernoulli,bernoulli,4,completed
rep19,start_B,3,poisson,-73.33660336362988,146.67320672725975,,bfgs,10,True,1.17670584387497e-10,False,0.2662642903976564,bernoulli,bernoulli,4,completed
rep19,start_B,4,bernoulli,-46.39471062614365,92.7894212522873,,bfgs,8,True,8.681588781200844e-12,True,1.157845455539043,bernoulli,bernoulli,4,completed
rep19,start_B,4,poisson,-74.25544900613728,148.51089801227457,,bfgs,12,True,6.833680288309551e-11,True,0.14681839518974807,bernoulli,bernoulli,4,completed
rep19,start_B,5,bernoulli,-40.45638366072187,80.91276732144374,,bfgs,8,True,1.852384912126581e-12,True,1.6621780404665576,bernoulli,bernoulli,4,completed
rep19,start_B,5,poisson,-70.92697595366,141.85395190732,,bfgs,11,False,1.470379328516458e-07,False,0.4404128930416934,bernoulli,bernoulli,4,completed
rep19,start_B,6,bernoulli,-49.51183864780656,99.02367729561313,,bfgs,10,True,1.0112328752143185e-10,False,0.479904671942098,bernoulli,bernoulli,4,completed
rep19,start_B,6,poisson,-73.29228283581953,146.58456567163907,,bfgs,10,True,2.157956557891083e-09,False,0.23503979778503004,bernoulli,bernoulli,4,completed
rep19,start_B,7,bernoulli,-46.18417518723697,92.36835037447393,,bfgs,8,True,1.043698638625301e-09,False,1.0533502145982199,bernoulli,bernoulli,4,completed
rep19,start_B,7,poisson,-73.89228125980583,147.78456251961165,,bfgs,10,True,9.069308859466219e-10,False,0.16552434996751295,bernoulli,bernoulli,4,completed
rep19,start_B,8,bernoulli,-49.19543161190234,98.39086322380469,,bfgs,7,False,9.305201951192998e-08,False,0.6478946228510728,bernoulli,bernoulli,4,completed
rep19,start_B,8,poisson,-74.90743001169014,149.81486002338028,,bfgs,9,True,1.5461397495641905e-09,False,0.04472825754642081,bernoulli,bernoulli,4,completed
rep19,start_B,3,bernoulli,-48.69475224833025,97.3895044966605,,bfgs,9,True,2.4006827636924297e-10,False,0.6753807292177401,bernoulli,bernoulli,5,completed
rep19,start_B,3,poisson,-73.17926173719145,146.3585234743829,,bfgs,11,True,8.958213726373287e-10,False,0.2471746994691356,bernoulli,bernoulli,5,completed
rep19,start_B,4,bernoulli,-46.698905612114956,93.39781122422991,,bfgs,8,True,7.511217425815176e-10,False,1.0076906110674249,bernoulli,bernoulli,5,completed
rep19,start_B,4,poisson,-74.17422454935745,148.3484490987149,,bfgs,14,True,1.490949586013812e-11,True,0.14266617620151917,bernoulli,bernoulli,5,completed
rep19,start_B,5,bernoulli,-37.719828709474385,75.43965741894877,,bfgs,10,True,3.393116898564585e-11,True,2.2045264600624477,bernoulli,bernoulli,5,completed
rep19,start_B,5,poisson,-70.61215486128465,141.2243097225693,,bfgs,13,True,8.954748054179618e-09,False,0.45228757786859547,bernoulli,bernoulli,5,completed
rep19,start_B,6,bernoulli,-47.89108635121816,95.78217270243633,,bfgs,8,True,2.7369407629151966e-09,False,0.7063777837435266,bernoulli,bernoulli,5,completed
rep19,start_B,6,poisson,-73.21252555035338,146.42505110070675,,bfgs,13,True,7.359948206442368e-10,False,0.2127445809192424,bernoulli,bernoulli,5,completed
rep19,start_B,7,bernoulli,-42.32008496025806,84.64016992051612,,bfgs,11,True,6.349202275046651e-11,True,1.4941168269970122,bernoulli,bernoulli,5,completed
rep19,start_B,7,poisson,-72.56985523029257,145.13971046058515,,bfgs,13,True,6.46335589493674e-09,False,0.2788416807228626,bernoulli,bernoulli,5,completed
rep19,start_B,8,bernoulli,-43.467116952890905,86.93423390578181,,bfgs,10,True,7.317839667564386e-11,True,1.307358226623292,bernoulli,bernoulli,5,completed
rep19,start_B,8,poisson,-74.06038493643291,148.12076987286582,,bfgs,14,True,7.797483903004832e-09,False,0.18348281362000768,bernoulli,bernoulli,5,completed
rep20,start_B,3,bernoulli,-50.29191183211877,100.58382366423754,,bfgs,4,True,1.6431300764452318e-15,True,0.4397916670352384,bernoulli,bernoulli,1,completed
rep20,start_B,3,poisson,-74.95851400825126,149.9170280165025,,bfgs,8,True,1.504218971604132e-12,True,0.033592507709033166,bernoulli,bernoulli,1,completed
rep20,start_B,4,bernoulli,-51.250857382652065,102.50171476530413,,bfgs,4,True,6.661338147750939e-17,True,0.2841913867987602,bernoulli,bernoulli,1,completed
rep20,start_B,4,poisson,-74.82034835993144,149.6406967198629,,bfgs,5,True,4.350475535375153e-12,True,0.07062037235792867,bernoulli,bernoulli,1,completed
rep20,start_B,5,bernoulli,-51.92797880345461,103.85595760690921,,bfgs,4,True,8.659739592076221e-16,True,0.07878747206569783,bernoulli,bernoulli,1,completed
rep20,start_B,5,poisson,-74.02247224041147,148.04494448082295,,bfgs,5,True,8.881784197001253e-17,True,0.1685799196600401,bernoulli,bernoulli,1,completed
rep20,start_B,6,bernoulli,-51.40403630679366,102.80807261358731,,bfgs,4,True,1.0658141036401502e-15,True,0.2520822703286365,bernoulli,bernoulli,1,completed
rep20,start_B,6,poisson,-74.77768681019867,149.55537362039735,,bfgs,5,True,4.319389290685649e-12,True,0.078726207413902,bernoulli,bernoulli,1,completed
rep20,start_B,7,bernoulli,-46.83369427097356,93.66738854194712,,bfgs,4,True,4.330980019062736e-14,True,0.8227756273472828,bernoulli,bernoulli,1,completed
rep20,start_B,7,poisson,-74.93791580103007,149.87583160206015,,bfgs,7,False,5.059866197143492e-08,False,0.04017536217205887,bernoulli,bernoulli,1,completed
rep20,start_B,8,bernoulli,-51.60074024830159,103.20148049660318,,bfgs,4,True,2.2115642650533117e-14,True,0.20429897632758381,bernoulli,bernoulli,1,completed
rep20,start_B,8,poisson,-74.70449924919811,149.40899849839622,,bfgs,5,True,3.2178704145735537e-12,True,0.09105140066558629,bernoulli,bernoulli,1,completed
rep20,start_B,3,bernoulli,-50.38751240660033,100.77502481320066,,bfgs,6,True,8.642675464187733e-12,True,0.4037117900728364,bernoulli,bernoulli,2,completed
rep20,start_B,3,poisson,-74.94771869424794,149.89543738849588,,bfgs,10,True,1.1969827906632701e-12,True,0.03574339893903171,bernoulli,bernoulli,2,completed
rep20,start_B,4,bernoulli,-51.54424049724413,103.08848099448826,,bfgs,5,True,6.408926722656361e-11,True,0.21062740221461881,bernoulli,bernoulli,2,completed
rep20,start_B,4,poisson,-74.68634263275207,149.37268526550415,,bfgs,7,True,3.024525074835083e-14,True,0.0885674502620222,bernoulli,bernoulli,2,completed
rep20,start_B,5,bernoulli,-51.88192534496456,103.76385068992911,,bfgs,5,True,3.396172232328354e-13,True,0.10010416420178855,bernoulli,bernoulli,2,completed
rep20,start_B,5,poisson,-73.93343832063525,147.8668766412705,,bfgs,6,True,1.511999414560705e-11,True,0.16563712024285546,bernoulli,bernoulli,2,completed
rep20,start_B,6,bernoulli,-48.49084242604005,96.9816848520801,,bfgs,4,True,9.202372197592013e-11,True,0.6758859796055445,bernoulli,bernoulli,2,completed
rep20,start_B,6,poisson,-74.1165979853557,148.2331959707114,,bfgs,8,True,2.7575045469241387e-09,False,0.16275864106769722,bernoulli,bernoulli,2,completed
rep20,start_B,7,bernoulli,-41.15410649299912,82.30821298599824,,bfgs,6,True,1.7530421558831222e-13,True,1.2947805942492692,bernoulli,bernoulli,2,completed
rep20,start_B,7,poisson,-74.21949871081054,148.43899742162108,,bfgs,8,True,2.136753973758232e-09,False,0.14650096564752324,bernoulli,bernoulli,2,completed
rep20,start_B,8,bernoulli,-50.52738073728804,101.05476147457608,,bfgs,5,True,2.7273938663086027e-11,True,0.40802136339308576,bernoulli,bernoulli,2,completed
rep20,start_B,8,poisson,-74.61404407967723,149.22808815935446,,bfgs,6,True,5.805495195687627e-10,False,0.10447172020579407,bernoulli,bernoulli,2,completed
rep20,start_B,3,bernoulli,-49.89091545789343,99.78183091578686,,bfgs,7,True,1.838085239569409e-13,True,0.44723087734952366,bernoulli,bernoulli,3,completed
rep20,start_B,3,poisson,-74.72595258290309,149.45190516580618,,bfgs,9,True,2.714317659524568e-12,True,0.09611798818116246,bernoulli,bernoulli,3,completed
rep20,start_B,4,bernoulli,-51.13288611757277,102.26577223514553,,bfgs,7,True,2.076028238207073e-12,True,0.2950661055579579,bernoulli,bernoulli,3,completed
rep20,start_B,4,poisson,-74.44280838883545,148.8856167776709,,bfgs,8,True,3.120014366309043e-09,False,0.12689574960561356,bernoulli,bernoulli,3,completed
rep20,start_B,5,bernoulli,-51.863353910716796,103.72670782143359,,bfgs,6,True,9.207374862540973e-11,True,0.10542594690230468,bernoulli,bernoulli,3,completed
rep20,start_B,5,poisson,-73.80268414127721,147.60536828255442,,bfgs,8,True,3.927391745150999e-12,True,0.1744581918867114,bernoulli,bernoulli,3,completed
rep20,start_B,6,bernoulli,-48.53327587054009,97.06655174108018,,bfgs,7,True,2.2648549702353193e-13,True,0.6374445318479958,bernoulli,bernoulli,3,completed
rep20,start_B,6,poisson,-73.94317946127478,147.88635892254956,,bfgs,10,False,2.7948885561457358e-08,False,0.17435236612248323,bernoulli,bernoulli,3,completed
rep20,start_B,7,bernoulli,-40.143988954870125,80.28797790974025,,bfgs,6,True,6.030322907690788e-11,True,1.370473497128743,bernoulli,bernoulli,3,completed
rep20,start_B,7,poisson,-74.12673562418956,148.25347124837913,,bfgs,12,True,4.813505816159136e-10,False,0.15250131402810782,bernoulli,bernoulli,3,completed
rep20,start_B,8,bernoulli,-50.296727247715715,100.59345449543143,,bfgs,7,True,1.7357670856199547e-11,True,0.4190311482105844,bernoulli,bernoulli,3,completed
rep20,start_B,8,poisson,-74.54319669637034,149.0863933927407,,bfgs,7,True,4.17781098605019e-10,False,0.11360019809079343,bernoulli,bernoulli,3,completed
rep20,start_B,3,bernoulli,-50.03865930252255,100.0773186050451,,bfgs,7,False,1.7816616715293777e-08,False,0.41220328459874217,bernoulli,bernoulli,4,completed
rep20,start_B,3,poisson,-74.66697719349285,149.3339543869857,,bfgs,12,True,5.972142214094589e-09,False,0.09711273670227469,bernoulli,bernoulli,4,completed
rep20,start_B,4,bernoulli,-50.84898241086021,101.69796482172042,,bfgs,8,True,6.307714350839433e-11,True,0.3743778131609773,bernoulli,bernoulli,4,completed
rep20,start_B,4,poisson,-74.02448096259397,148.04896192518794,,bfgs,11,True,2.26476754017213e-11,True,0.16629614356426797,bernoulli,bernoulli,4,completed
rep20,start_B,5,bernoulli,-51.93171963967389,103.86343927934777,,bfgs,9,True,2.5934809855243656e-14,True,0.06945741370163767,bernoulli,bernoulli,4,completed
rep20,start_B,5,poisson,-73.7283364649227,147.4566729298454,,bfgs,8,True,8.187157618522178e-11,True,0.17412611421865362,bernoulli,bernoulli,4,completed
rep20,start_B,6,bernoulli,-48.72837982057574,97.45675964115148,,bfgs,8,True,6.616851067064999e-09,False,0.5840556749735034,bernoulli,bernoulli,4,completed
rep20,start_B,6,poisson,-73.65500728383516,147.31001456767032,,bfgs,11,False,3.650048754577639e-07,False,0.18615587016694274,bernoulli,bernoulli,4,completed
rep20,start_B,7,bernoulli,-37.63553886832189,75.27107773664378,,bfgs,9,True,4.0887182528592804e-12,True,1.6551488280417517,bernoulli,bernoulli,4,completed
rep20,start_B,7,poisson,-73.66485104301883,147.32970208603766,,bfgs,12,False,2.001174899124436e-08,False,0.2079847030916162,bernoulli,bernoulli,4,completed
rep20,start_B,8,bernoulli,-50.017589111589416,100.03517822317883,,bfgs,9,True,5.593591367869522e-10,False,0.5164635328733461,bernoulli,bernoulli,4,completed
rep20,start_B,8,poisson,-73.92808372027206,147.8561674405441,,bfgs,10,True,1.586682030207953e-09,False,0.17718187811293,bernoulli,bernoulli,4,completed
rep20,start_B,3,bernoulli,-47.61295024794859,95.22590049589718,,bfgs,8,True,4.747707116337097e-10,False,0.8524406376385693,bernoulli,bernoulli,5,completed
rep20,start_B,3,poisson,-73.71909684467437,147.43819368934874,,bfgs,14,False,1.3405803589439102e-08,False,0.24051787649373754,bernoulli,bernoulli,5,completed
rep20,start_B,4,bernoulli,-48.58171544857564,97.16343089715129,,bfgs,9,True,4.762383376544221e-10,False,0.7697026350504108,bernoulli,bernoulli,5,completed
rep20,start_B,4,poisson,-71.87149815724933,143.74299631449867,,bfgs,13,True,1.4287020011494178e-09,False,0.37404564138439594,bernoulli,bernoulli,5,completed
rep20,start_B,5,bernoulli,-48.955367471744765,97.91073494348953,,bfgs,10,True,5.51919399072176e-11,True,0.8301973814111447,bernoulli,bernoulli,5,completed
rep20,start_B,5,poisson,-71.98777547936129,143.97555095872258,,bfgs,13,False,2.222440422805505e-08,False,0.34218386105201987,bernoulli,bernoulli,5,completed
rep20,start_B,6,bernoulli,-46.762242353188114,93.52448470637623,,bfgs,10,True,6.065894453399778e-11,True,0.9139455616250192,bernoulli,bernoulli,5,completed
rep20,start_B,6,poisson,-71.57598668903731,143.15197337807462,,bfgs,13,False,2.1626133950292114e-08,False,0.3715123495756982,bernoulli,bernoulli,5,completed
rep20,start_B,7,bernoulli,-38.16449743784817,76.32899487569634,,bfgs,10,True,1.2632561663394881e-11,True,1.5908261865762712,bernoulli,bernoulli,5,completed
rep20,start_B,7,poisson,-72.78066453607391,145.56132907214783,,bfgs,17,True,6.031230581626801e-09,False,0.30084092207400603,bernoulli,bernoulli,5,completed
rep20,start_B,8,bernoulli,-46.45540450513751,92.91080901027502,,bfgs,8,True,8.412213148289994e-11,True,1.1084813982751824,bernoulli,bernoulli,5,completed
rep20,start_B,8,poisson,-71.80619387837953,143.61238775675906,,bfgs,14,False,1.3843735202634378e-08,False,0.3869375624553151,bernoulli,bernoulli,5,completed
