k,n_fits,n_success,bic_mean,bic_std,train_rmse_mean,train_rmse_std,train_mae_mean,train_mae_std,train_pearson_mean,train_pearson_std,train_spearman_mean,train_spearman_std,test_rmse_mean,test_rmse_std,test_mae_mean,test_mae_std,test_pearson_mean,test_pearson_std,test_spearman_mean,test_spearman_std,test_hc_auc_mean,test_hc_auc_std,test_hc_ap_mean,test_hc_ap_std,rmse_x_mean,rmse_x_std,x_binary_acc_mean,x_binary_acc_std,silhouette_mean,silhouette_std,nmi_mean,nmi_std,ari_mean,ari_std,delta_rmse_mean,delta_rmse_std,delta_pearson_mean,delta_pearson_std,runtime_s_mean,runtime_s_std
3,6,6,35777.51000204554,18.72918104633676,6.955125490484409,0.03215377771696936,5.309492325748763,0.02800162193257307,0.9448237261015713,0.0008068578124078261,0.9437535656941032,0.0014826527285004046,7.053873412465461,0.15705331032366937,5.302519365078231,0.08229347696630063,0.943467334753065,0.0030341054477396406,0.9452355139433907,0.003691765672589146,0.9800489888118395,0.005074764682684964,0.8406044561281895,0.04097272059129262,0.34815842648261547,0.0010966165091531549,0.8316666666666667,0.003449945467739808,-0.4002206553345435,0.010751861937615369,0.3138972482177243,0.013521917007418097,0.1128841255976774,0.018876767562119597,0.0987479219810526,0.17358920649269252,0.0013563913485063472,0.003646593559384747,7.233333333333334,0.10327955589886459
5,6,6,34538.82116245621,13.782294087787758,5.712656429616941,0.037599100507319724,4.340501796186279,0.025304432720967624,0.9630903668715383,0.0003714475682520809,0.9635114913532665,0.0007818099797973722,5.704618538588512,0.07713261517178718,4.35034588497399,0.0474926078547448,0.9636206746064081,0.0014480005550972135,0.9636354436379041,0.002626832491374971,0.9903183195254734,0.003234675471014673,0.9016792198238832,0.028390614648579383,0.33010784799775944,0.0012928672482082268,0.8478947368421053,0.003068922049918562,-0.39034926872450865,0.01613039811009018,0.3017672158103468,0.01822806344265111,0.08488012705181108,0.02340785583652306,-0.008037891028427039,0.10929141016813722,-0.0005303077348697097,0.0016810266662052153,7.633333333333334,0.0516397779494325
