k,n_trials,train_auc_mean,train_auc_std,train_ap_mean,train_ap_std,test_auc_mean,test_auc_std,test_ap_mean,test_ap_std,delta_auc_mean,delta_ap_mean,random_ap_baseline,silhouette_mean,silhouette_std,nmi_mean,nmi_std,ari_mean,ari_std,bic_mean,w0_mean,w_mean,runtime_mean,success_rate,n_nan
3,6,0.869346422055937,0.013254004607996785,0.652028603642299,0.020909751225671448,0.7370786010456102,0.041046699240996236,0.4318954923335205,0.06777148027437978,0.13226782101032689,0.22013311130877847,0.16666666666666666,-0.0309716509168689,0.009883460150182736,0.27129892304251524,0.02010748449532368,0.16112147533395804,0.019152178382202723,14742.616355251555,-6.141324922962489,0.7981795763126381,47.91758141666651,1.0,0
6,6,0.9078366235082096,0.007643940489554322,0.7394397058115291,0.018383460191615606,0.7503470344330269,0.02894199436704596,0.4630887293075621,0.05004646848984582,0.1574895890751827,0.27635097650396684,0.16666666666666666,-0.04954068403586481,0.013379867318739913,0.22078615930236356,0.011117097381979071,0.12200441588029236,0.012397031540664868,16557.466836284424,-6.228002259486005,0.6271519113106022,51.87440973333287,1.0,0
