fit_index,k_true,n,replicate,k_est,start,data_seed,split_seed,model_seed,heldout_mean_log_score,q_strict,s2_q_based,s3_plugin_conditional,num_params,nan_occurred,nan_count,q_bic_failed,failure_reason,runtime_s
1,1,50,1,1,1,820501,830501,980111,-0.5171289013922963,-1448.460300006342,2955.6009450941065,1483.2543575905659,15,False,0,False,,4.554
2,1,50,1,1,2,820501,830501,980112,-0.5506372771801191,-1447.2014641257917,2953.0832733330058,1479.781399701062,15,False,0,False,,4.472
3,1,50,1,2,1,820501,830501,980121,-0.5864958009454774,-1484.0701271708767,3081.58892149917,1460.1404398957213,29,False,0,False,,4.796
4,1,50,1,2,2,820501,830501,980122,-0.5700486917218233,-1489.8757157318396,3093.2000986210955,1485.052225210576,29,False,0,False,,4.817
5,1,50,1,3,1,820501,830501,980131,-0.5951018527137981,-1524.8201556867798,3213.945277601542,1480.058660219276,42,False,0,False,,4.887
6,1,50,1,3,2,820501,830501,980132,-0.610875717996268,-1527.0485437186935,3218.4020536653693,1464.264741393917,42,False,0,False,,4.941
7,1,50,1,4,1,820501,830501,980141,-0.6296203030514581,-1571.1628114052264,3353.574865103573,1477.0523722608964,54,False,0,False,,4.964
8,1,50,1,4,2,820501,830501,980142,-0.6766877128592859,-1567.4167314633032,3346.0827052197264,1456.7978435571763,54,False,0,False,,4.973
9,1,50,1,5,1,820501,830501,980151,-0.7673605007340188,-1626.7469466384234,3507.7753886296764,1472.5507877494274,65,False,0,False,,5.317
10,1,50,1,5,2,820501,830501,980152,-0.7672853473677729,-1618.6363270013676,3491.5541493555647,1491.5003814683264,65,False,0,False,,5.034
11,1,50,1,6,1,820501,830501,980161,-0.7296456191515621,-1688.5031828986744,3670.4080912044597,1469.2893155293925,75,False,0,False,,5.119
12,1,50,1,6,2,820501,830501,980162,-0.7980051482235978,-1687.5696435416594,3668.5410124904297,1488.0158447944857,75,False,0,False,,5.102
13,1,50,1,7,1,820501,830501,980171,-0.7016972436904076,-1751.2372202070683,3831.0843728701007,1519.707638957562,84,False,0,False,,5.191
14,1,50,1,7,2,820501,830501,980172,-0.7400224529124872,-1759.9834528748556,3848.5768382056754,1581.3170095775993,84,False,0,False,,5.078
15,1,50,2,1,1,820502,830502,980211,-0.5031702829590694,-1465.9505630077952,2990.5814710970126,204.40778720486063,15,False,0,False,,4.602
16,1,50,2,1,2,820502,830502,980212,-0.5105025917817807,-1466.1389185171765,2990.9581821157753,219.2793404946622,15,False,0,False,,4.557
17,1,50,2,2,1,820502,830502,980221,-0.6264391536410215,-1500.897831565619,3115.2443302886545,185.22429129136526,29,False,0,False,,5.086
18,1,50,2,2,2,820502,830502,980222,-0.6079067849655194,-1509.0353079765557,3131.519283110528,222.14896499609802,29,False,0,False,,4.853
19,1,50,2,3,1,820502,830502,980231,-0.6776031522512888,-1541.9795741302983,3248.264114488579,199.47447113552207,42,False,0,False,,5.014
20,1,50,2,3,2,820502,830502,980232,-0.5985686565176017,-1558.1478613849072,3280.6006889977966,189.86199591514966,42,False,0,False,,5.218
21,1,50,2,4,1,820502,830502,980241,-0.7161160582904532,-1592.1564008253124,3395.562043943745,214.02162787326472,54,False,0,False,,4.99
22,1,50,2,4,2,820502,830502,980242,-0.68805423022923,-1594.9909716854395,3401.231185663999,183.27976596325482,54,False,0,False,,4.95
23,1,50,2,5,1,820502,830502,980251,-0.6242440618001838,-1658.1919975034994,3570.6654903598283,203.49004311453547,65,False,0,False,,4.988
24,1,50,2,5,2,820502,830502,980252,-0.7320751163669981,-1653.02384382511,3560.3291830030494,192.0141921381026,65,False,0,False,,5.175
25,1,50,2,6,1,820502,830502,980261,-0.7770637288347313,-1703.6961550114845,3700.79403543008,211.87331699366968,75,False,0,False,,5.119
26,1,50,2,6,2,820502,830502,980262,-0.7048636798077904,-1698.9510494308224,3691.3038242687558,254.1470083302848,75,False,0,False,,5.043
27,1,50,2,7,1,820502,830502,980271,-0.6142542002839153,-1756.0612671327299,3840.732466721424,256.5519820947148,84,False,0,False,,5.217
28,1,50,2,7,2,820502,830502,980272,-0.6524330583138287,-1773.7354155482458,3876.0807635524557,240.04356930270893,84,False,0,False,,5.319
29,1,50,3,1,1,820503,830503,980311,-0.4733208731698349,-1484.0754447088611,3026.8312344991446,-3908.5738109485897,15,False,0,False,,4.713
30,1,50,3,1,2,820503,830503,980312,-0.4666565388508542,-1483.7394258405452,3026.1591967625127,-3902.713404329995,15,False,0,False,,4.51
31,1,50,3,2,1,820503,830503,980321,-0.5075754114260307,-1525.2561999234501,3163.9610670043166,-3908.132862394125,29,False,0,False,,4.83
32,1,50,3,2,2,820503,830503,980322,-0.5153786293063548,-1522.6784906590353,3158.805648475487,-3889.1294158100886,29,False,0,False,,4.801
33,1,50,3,3,1,820503,830503,980331,-0.566101979686727,-1565.6002605625242,3295.5054873530307,-3907.5962550568984,42,False,0,False,,4.967
34,1,50,3,3,2,820503,830503,980332,-0.5108455281268239,-1582.3098733288148,3328.924712885612,-3910.6177913799706,42,False,0,False,,5.008
35,1,50,3,4,1,820503,830503,980341,-0.5205779264695026,-1611.5566544932035,3434.362551279527,-3925.945657475805,54,False,0,False,,5.026
36,1,50,3,4,2,820503,830503,980342,-0.5487410509058182,-1598.0762705932727,3407.4017834796655,-3907.8585824545416,54,False,0,False,,5.401
37,1,50,3,5,1,820503,830503,980351,-0.6672818829355209,-1654.1007809087932,3562.483057170416,-3932.73464474902,65,False,0,False,,5.063
38,1,50,3,5,2,820503,830503,980352,-0.6607369234989742,-1673.2139429015697,3600.709381155969,-3909.464730400723,65,False,0,False,,5.016
39,1,50,3,6,1,820503,830503,980361,-0.6320568587876219,-1711.3517158542566,3716.105157115624,-3921.665439142748,75,False,0,False,,5.076
40,1,50,3,6,2,820503,830503,980362,-0.6298629319062584,-1701.497596828527,3696.396919064165,-3919.275285993021,75,False,0,False,,5.138
41,1,50,3,7,1,820503,830503,980371,-0.7219699159525058,-1761.604869593808,3851.81967164358,-3917.362918088747,84,False,0,False,,5.833
42,1,50,3,7,2,820503,830503,980372,-0.5670806731896397,-1777.247636709838,3883.10520587564,-3869.258019193317,84,False,0,False,,5.216
43,1,50,4,1,1,820504,830504,980411,-0.48009208171189427,-1540.820045920611,3140.320436922644,1993.348068070724,15,False,0,False,,4.48
44,1,50,4,1,2,820504,830504,980412,-0.4756204790191654,-1536.5146700630617,3131.7096852075456,1996.849053897336,15,False,0,False,,4.453
45,1,50,4,2,1,820504,830504,980421,-0.5315363451840055,-1589.9447611888436,3293.3381895351035,2003.5241995739489,29,False,0,False,,4.803
46,1,50,4,2,2,820504,830504,980422,-0.48633209351341267,-1575.20606081247,3263.8607887823564,2006.4502965741292,29,False,0,False,,4.835
47,1,50,4,3,1,820504,830504,980431,-0.5581176638724916,-1615.4825772902002,3395.2701208083827,1978.604638234526,42,False,0,False,,4.972
48,1,50,4,3,2,820504,830504,980432,-0.595680504136989,-1627.5249891316655,3419.3549444913133,1994.6406385284465,42,False,0,False,,5.033
49,1,50,4,4,1,820504,830504,980441,-0.5411751196381287,-1679.4736834455289,3570.1966091841778,2009.2005170926182,54,False,0,False,,4.984
50,1,50,4,4,2,820504,830504,980442,-0.6185849079160574,-1665.6350224454957,3542.5192871841114,1970.119194395409,54,False,0,False,,4.923
51,1,50,4,5,1,820504,830504,980451,-0.6486710164106154,-1728.757721118358,3711.7969375895455,1991.7300873828303,65,False,0,False,,5.025
52,1,50,4,5,2,820504,830504,980452,-0.5397044111366099,-1722.0615257830596,3698.4045469189487,2016.2349996179341,65,False,0,False,,5.04
53,1,50,4,6,1,820504,830504,980461,-0.556971721392507,-1794.0254660296232,3881.4526574663573,2014.595407862001,75,False,0,False,,5.041
54,1,50,4,6,2,820504,830504,980462,-0.6287667751276572,-1778.2098234267414,3849.8213722605938,1980.1663564811595,75,False,0,False,,4.989
55,1,50,4,7,1,820504,830504,980471,-0.6188247222574942,-1848.9900484709867,4026.5900293979375,2079.3585181408944,84,False,0,False,,5.078
56,1,50,4,7,2,820504,830504,980472,-0.5899038357574143,-1850.3843899502303,4029.378712356425,2046.8614504108773,84,False,0,False,,5.43
57,1,75,1,1,1,820751,830751,1005111,-0.4495631134619925,-2589.408903318941,5243.580128340927,2364.263646571083,15,False,0,False,,7.938
58,1,75,1,1,2,820751,830751,1005112,-0.45071409017762537,-2589.194799372472,5243.151920447989,2358.3706116999215,15,False,0,False,,7.136
59,1,75,1,2,1,820751,830751,1005121,-0.47778330180806916,-2651.0982731456756,5427.403701583904,2305.7562223516748,29,False,0,False,,7.648
60,1,75,1,2,2,820751,830751,1005122,-0.47753398406734004,-2650.0590705409386,5425.32529637443,2336.388705059558,29,False,0,False,,8.294
61,1,75,1,3,1,820751,830751,1005131,-0.4986005886194566,-2719.3015355706166,5619.937571909758,2292.6025814716672,42,False,0,False,,8.05
62,1,75,1,3,2,820751,830751,1005132,-0.478805539962013,-2725.5492021369078,5632.43290504234,2372.9963895928145,42,False,0,False,,7.791
63,1,75,1,4,1,820751,830751,1005141,-0.5375694049909073,-2790.4963090177525,5814.1369761664655,2306.18220006794,54,False,0,False,,7.761
64,1,75,1,4,2,820751,830751,1005142,-0.4955562358352084,-2794.308446337549,5821.761250806058,2286.4479544690134,54,False,0,False,,7.977
65,1,75,1,5,1,820751,830751,1005151,-0.5509801443513579,-2858.873940572992,5998.384608525845,2281.027108953179,65,False,0,False,,7.803
66,1,75,1,5,2,820751,830751,1005152,-0.5464503663918344,-2863.9741606087996,6008.58504859746,2283.8559877934395,65,False,0,False,,7.892
67,1,75,1,6,1,820751,830751,1005161,-0.5564230197832455,-2938.112692572009,6200.0369936592415,2254.469309825292,75,False,0,False,,7.945
68,1,75,1,6,2,820751,830751,1005162,-0.5526913977143274,-2946.3956667984,6216.602942112023,2273.402168586603,75,False,0,False,,7.927
69,1,75,1,7,1,820751,830751,1005171,-0.619696504409958,-3016.6317889415564,6395.932579420163,2240.0347274869546,84,False,0,False,,8.108
70,1,75,1,7,2,820751,830751,1005172,-0.580376268958881,-3015.9500565452518,6394.569114627554,2246.552168864351,84,False,0,False,,8.123
71,1,75,2,1,1,820752,830752,1005211,-0.4931238088453061,-2664.7325578947653,5394.2274374925755,3065.8895305271594,15,False,0,False,,6.874
72,1,75,2,1,2,820752,830752,1005212,-0.4769448084283199,-2660.955922028314,5386.674165759673,3068.7944988566355,15,False,0,False,,6.998
73,1,75,2,2,1,820752,830752,1005221,-0.49861089873140624,-2720.9479599867923,5567.103075266137,3015.845825916353,29,False,0,False,,7.804
74,1,75,2,2,2,820752,830752,1005222,-0.510819969808439,-2712.8318006169193,5550.870756526391,2993.9085434709637,29,False,0,False,,7.945
75,1,75,2,3,1,820752,830752,1005231,-0.5264885552232016,-2778.283420094105,5737.901340956735,2988.853274499283,42,False,0,False,,7.931
76,1,75,2,3,2,820752,830752,1005232,-0.5540648131244315,-2790.0231949039944,5761.380890576514,2991.1660108463193,42,False,0,False,,7.693
77,1,75,2,4,1,820752,830752,1005241,-0.5336764178837021,-2857.3084260958967,5947.761210322754,3016.821540556774,54,False,0,False,,8.101
78,1,75,2,4,2,820752,830752,1005242,-0.5369046562611048,-2866.415497172189,5965.975352475339,3024.3654708501417,54,False,0,False,,7.852
79,1,75,2,5,1,820752,830752,1005251,-0.531547863948635,-2935.8768237733293,6152.390374926519,2952.5087991234986,65,False,0,False,,8.214
80,1,75,2,5,2,820752,830752,1005252,-0.5560197435193178,-2930.5411607585866,6141.719048897034,2953.5651048924697,65,False,0,False,,7.98
81,1,75,2,6,1,820752,830752,1005261,-0.5678446921249362,-3010.5530916757707,6344.917791866765,2996.479483372951,75,False,0,False,,7.938
82,1,75,2,6,2,820752,830752,1005262,-0.5497015110789057,-3030.5646247871423,6384.940858089508,2971.542048317364,75,False,0,False,,7.934
83,1,75,2,7,1,820752,830752,1005271,-0.611482741380118,-3094.4609856927896,6551.59097292263,2968.4332622140923,84,False,0,False,,8.073
84,1,75,2,7,2,820752,830752,1005272,-0.5935536404599181,-3102.8605315950076,6568.390064727066,3012.837482912479,84,False,0,False,,8.063
85,1,75,3,1,1,820753,830753,1005311,-0.4967661966992106,-2735.5168425921865,5535.796006887418,2786.058888257664,15,False,0,False,,6.811
86,1,75,3,1,2,820753,830753,1005312,-0.5192602461122235,-2736.638534913095,5538.039391529235,2803.09344080743,15,False,0,False,,6.782
87,1,75,3,2,1,820753,830753,1005321,-0.5281887697995046,-2801.239870673454,5727.68689663946,2732.999651783993,29,False,0,False,,7.427
88,1,75,3,2,2,820753,830753,1005322,-0.5440518150491668,-2804.499353721545,5734.205862735643,2804.2867051940384,29,False,0,False,,7.376
89,1,75,3,3,1,820753,830753,1005331,-0.5549167117015656,-2861.4476589434867,5904.229818655498,2764.252561718032,42,False,0,False,,7.527
90,1,75,3,3,2,820753,830753,1005332,-0.5211856569081676,-2868.2353331146533,5917.805166997831,2764.9346022095665,42,False,0,False,,7.696
91,1,75,3,4,1,820753,830753,1005341,-0.5724784850105585,-2936.2045479824064,6105.553454095773,2692.4357679967343,54,False,0,False,,7.665
92,1,75,3,4,2,820753,830753,1005342,-0.5361191146742073,-2942.9026712705395,6118.949700672039,2721.5425823005476,54,False,0,False,,7.642
93,1,75,3,5,1,820753,830753,1005351,-0.5546532298260016,-3010.301873415645,6301.24047421115,2722.727458962186,65,False,0,False,,7.763
94,1,75,3,5,2,820753,830753,1005352,-0.5697992530073771,-3026.076151651288,6332.7890306824365,2764.721178843134,65,False,0,False,,7.936
95,1,75,3,6,1,820753,830753,1005361,-0.5896839542841537,-3099.9889509249733,6523.78951036517,2708.209367669983,75,False,0,False,,7.927
96,1,75,3,6,2,820753,830753,1005362,-0.5688084460633744,-3099.465988431007,6522.743585377238,2681.3262072751777,75,False,0,False,,8.201
97,1,75,3,7,1,820753,830753,1005371,-0.5907717764669194,-3179.786911022042,6722.242823581135,2702.664847983973,84,False,0,False,,8.394
98,1,75,3,7,2,820753,830753,1005372,-0.6008825353838844,-3195.897453189969,6754.463907916988,2766.1523102972237,84,False,0,False,,8.261
99,1,75,4,1,1,820754,830754,1005411,-0.5361730351642807,-2662.46831505985,5389.698951822745,3479.387034922485,15,False,0,False,,6.871
100,1,75,4,1,2,820754,830754,1005412,-0.5328483914794538,-2664.5487613597297,5393.8598444225045,3479.0168984450934,15,False,0,False,,6.896
101,1,75,4,2,1,820754,830754,1005421,-0.5617083058199572,-2723.6126977345984,5572.43255076175,3414.1047447474384,29,False,0,False,,7.561
102,1,75,4,2,2,820754,830754,1005422,-0.573082607949,-2716.019287491531,5557.245730275615,3420.316960582008,29,False,0,False,,7.463
103,1,75,4,3,1,820754,830754,1005431,-0.5806650581277432,-2783.2680956274357,5747.870692023396,3391.0992890957646,42,False,0,False,,7.627
104,1,75,4,3,2,820754,830754,1005432,-0.5688501903646463,-2798.0214970643447,5777.377494897214,3436.4556702780224,42,False,0,False,,7.609
105,1,75,4,4,1,820754,830754,1005441,-0.5979040038226033,-2864.250238933214,5961.644835997388,3388.8607120212887,54,False,0,False,,7.687
106,1,75,4,4,2,820754,830754,1005442,-0.5842577040918948,-2863.1421235752055,5959.428605281371,3397.813173511424,54,False,0,False,,7.718
107,1,75,4,5,1,820754,830754,1005451,-0.6244215874965722,-2933.5620703538184,6147.760868087497,3378.835593183186,65,False,0,False,,10.261
108,1,75,4,5,2,820754,830754,1005452,-0.6178845260990761,-2950.1690597335933,6180.974846847047,3427.907664408277,65,False,0,False,,8.01
109,1,75,4,6,1,820754,830754,1005461,-0.6272403695402432,-3028.5311237112196,6380.8738559376625,3370.667261744533,75,False,0,False,,7.692
110,1,75,4,6,2,820754,830754,1005462,-0.6830540157100123,-3026.1301223864107,6376.071853288045,3419.66465601466,75,False,0,False,,7.586
111,1,75,4,7,1,820754,830754,1005471,-0.696897617591758,-3105.622886210827,6573.914773958704,3373.2131755354635,84,False,0,False,,7.632
112,1,75,4,7,2,820754,830754,1005472,-0.6116239817485368,-3086.564659206427,6535.798319949905,3390.9764214153097,84,False,0,False,,7.663
113,1,100,1,1,1,821001,831001,1030111,-0.49583752863961994,-4068.5485978074094,8206.174748404641,4751.938284385151,15,False,0,False,,8.821
114,1,100,1,1,2,821001,831001,1030112,-0.5011270879772716,-4065.495300236208,8200.068153262238,4772.476769616959,15,False,0,False,,8.819
115,1,100,1,2,1,821001,831001,1030121,-0.5138472149138079,-4149.879514127657,8433.308963648968,4712.007437614103,29,False,0,False,,9.774
116,1,100,1,2,2,821001,831001,1030122,-0.5226395766997792,-4155.593216968144,8444.736369329941,4737.638089820298,29,False,0,False,,9.785
117,1,100,1,3,1,821001,831001,1030131,-0.533155780912964,-4254.211482065468,8701.840111942436,4672.379823372466,42,False,0,False,,10.083
118,1,100,1,3,2,821001,831001,1030132,-0.5326538648826302,-4256.698236511405,8706.813620834311,4681.903308751618,42,False,0,False,,10.007
119,1,100,1,4,1,821001,831001,1030141,-0.5603061501728261,-4351.685121775183,8952.049433593722,4706.9444947412785,54,False,0,False,,10.228
120,1,100,1,4,2,821001,831001,1030142,-0.552334608609577,-4345.569738723743,8939.818667490843,4642.094062914682,54,False,0,False,,10.44
121,1,100,1,5,1,821001,831001,1030151,-0.5745068616655432,-4440.776623969928,9180.88931002908,4639.181665238735,65,False,0,False,,10.289
122,1,100,1,5,2,821001,831001,1030152,-0.5788147781464751,-4450.732854599213,9200.801771287652,4652.274894955933,65,False,0,False,,10.292
123,1,100,1,6,1,821001,831001,1030161,-0.5729652609427601,-4554.85359979695,9455.094963543008,4653.684652672264,75,False,0,False,,11.562
124,1,100,1,6,2,821001,831001,1030162,-0.5929380230970749,-4530.096086495156,9405.579936939419,4549.957675780543,75,False,0,False,,10.445
125,1,100,1,7,1,821001,831001,1030171,-0.5868412023942124,-4664.818551795503,9716.471399214004,4617.597380292869,84,False,0,False,,10.555
126,1,100,1,7,2,821001,831001,1030172,-0.5874313601194099,-4633.5239034403085,9653.882102503616,4576.206955615942,84,False,0,False,,10.626
127,1,100,2,1,1,821002,831002,1030211,-0.5367267428358922,-4039.2898804272527,8147.657313644327,5139.380389335628,15,False,0,False,,8.745
128,1,100,2,1,2,821002,831002,1030212,-0.5284688713335963,-4041.0230668919003,8151.123686573622,5170.245350678734,15,False,0,False,,8.783
129,1,100,2,2,1,821002,831002,1030221,-0.561634716240621,-4120.853837873655,8375.257611140963,5130.998626399178,29,False,0,False,,9.809
130,1,100,2,2,2,821002,831002,1030222,-0.5769781087403416,-4127.221751127277,8387.993437648207,5126.701312087555,29,False,0,False,,9.763
131,1,100,2,3,1,821002,831002,1030231,-0.5693566145777997,-4244.22186510516,8681.86087802182,5118.951492539182,42,False,0,False,,9.983
132,1,100,2,3,2,821002,831002,1030232,-0.5667639397681732,-4234.578021502515,8662.57319081653,5115.524461115803,42,False,0,False,,9.983
133,1,100,2,4,1,821002,831002,1030241,-0.5836994659215428,-4338.049742753932,8924.77867555122,5083.441641726216,54,False,0,False,,10.045
134,1,100,2,4,2,821002,831002,1030242,-0.5773425320985788,-4324.76429746013,8898.207784963617,5033.036001937572,54,False,0,False,,10.065
135,1,100,2,5,1,821002,831002,1030251,-0.5835355032298347,-4447.406478069249,9194.149018227723,5086.953603501904,65,False,0,False,,10.301
136,1,100,2,5,2,821002,831002,1030252,-0.5922956491154356,-4427.255873389945,9153.847808869115,5043.086931649298,65,False,0,False,,10.279
137,1,100,2,6,1,821002,831002,1030261,-0.588242208552711,-4564.600167368017,9474.58809868514,5092.346650473049,75,False,0,False,,10.503
138,1,100,2,6,2,821002,831002,1030262,-0.6177008472234593,-4566.358502607186,9478.10476916348,5058.587019656886,75,False,0,False,,10.349
139,1,100,2,7,1,821002,831002,1030271,-0.5731770657997484,-4673.366663752572,9733.567623128143,5094.277409266958,84,False,0,False,,10.699
140,1,100,2,7,2,821002,831002,1030272,-0.6243772099739289,-4681.856065679966,9750.546426982932,5032.522471719777,84,False,0,False,,10.549
141,1,100,3,1,1,821003,831003,1030311,-0.4960905877585129,-4084.381733166646,8237.841019123114,5048.239830904992,15,False,0,False,,8.873
142,1,100,3,1,2,821003,831003,1030312,-0.5045074342085167,-4089.207706751682,8247.492966293186,5090.090652731743,15,False,0,False,,8.768
143,1,100,3,2,1,821003,831003,1030321,-0.5181539695761359,-4173.177156469608,8479.90424833287,5047.5874221417225,29,False,0,False,,9.75
144,1,100,3,2,2,821003,831003,1030322,-0.5165950302326594,-4169.887397354892,8473.324730103437,4987.7740490179185,29,False,0,False,,9.784
145,1,100,3,3,1,821003,831003,1030331,-0.5329722792699634,-4282.319447078452,8758.056041968404,4988.400893442998,42,False,0,False,,10.119
146,1,100,3,3,2,821003,831003,1030332,-0.5199954492431081,-4290.647219161507,8774.711586134514,5034.306971733334,42,False,0,False,,10.594
147,1,100,3,4,1,821003,831003,1030341,-0.5404653501516167,-4386.770177578961,9022.219545201278,5017.244423311368,54,False,0,False,,10.086
148,1,100,3,4,2,821003,831003,1030342,-0.5359029759563091,-4389.913579385814,9028.506348814984,4990.96218890851,54,False,0,False,,10.102
149,1,100,3,5,1,821003,831003,1030351,-0.5619724353370982,-4506.787197316807,9312.910456722839,5005.315851780126,65,False,0,False,,10.303
150,1,100,3,5,2,821003,831003,1030352,-0.5695695366368309,-4486.524472101128,9272.38500629148,4960.523807507189,65,False,0,False,,10.277
151,1,100,3,6,1,821003,831003,1030361,-0.5456024970712956,-4609.172111622274,9563.731987193656,4958.677650942272,75,False,0,False,,10.439
152,1,100,3,6,2,821003,831003,1030362,-0.550144681299845,-4635.549211802861,9616.486187554829,5015.8228836541375,75,False,0,False,,10.548
153,1,100,3,7,1,821003,831003,1030371,-0.5581088578280344,-4723.995530152863,9834.825355928724,4919.32066301494,84,False,0,False,,10.713
154,1,100,3,7,2,821003,831003,1030372,-0.5764526372457299,-4721.144532554634,9829.123360732267,4952.031441035605,84,False,0,False,,10.672
155,1,100,4,1,1,821004,831004,1030411,-0.5153477052009191,-3977.834023129123,8024.745599048068,5084.015276376048,15,False,0,False,,9.014
156,1,100,4,1,2,821004,831004,1030412,-0.5115084590914627,-3976.3660903305354,8021.809733450892,5070.923578932336,15,False,0,False,,8.807
157,1,100,4,2,1,821004,831004,1030421,-0.5294732858590286,-4059.1253187581965,8251.800572910048,5034.19611217516,29,False,0,False,,9.854
158,1,100,4,2,2,821004,831004,1030422,-0.5359520599480866,-4045.693583155357,8224.937101704369,4984.979700717035,29,False,0,False,,9.769
159,1,100,4,3,1,821004,831004,1030431,-0.5466905193581049,-4140.382357550269,8474.181862912039,4990.439258277905,42,False,0,False,,10.117
160,1,100,4,3,2,821004,831004,1030432,-0.5717754341969983,-4148.90345853873,8491.22406488896,5033.624369192648,42,False,0,False,,10.127
161,1,100,4,4,1,821004,831004,1030441,-0.5696580640575755,-4238.938990999875,8726.557172043107,4960.149215062764,54,False,0,False,,10.175
162,1,100,4,4,2,821004,831004,1030442,-0.5842360273443157,-4240.096145956901,8728.871481957158,4925.736618815099,54,False,0,False,,10.128
163,1,100,4,5,1,821004,831004,1030451,-0.6094439701999367,-4340.592880149234,8980.521822387693,4879.632961628441,65,False,0,False,,10.407
164,1,100,4,5,2,821004,831004,1030452,-0.6154268331961333,-4339.469242515107,8978.27454711944,4835.238476073518,65,False,0,False,,10.336
165,1,100,4,6,1,821004,831004,1030461,-0.6154051931887163,-4429.4896406692615,9204.36704528763,4821.207469266764,75,False,0,False,,10.511
166,1,100,4,6,2,821004,831004,1030462,-0.6080892730837745,-4427.041195445631,9199.47015484037,4826.416803203122,75,False,0,False,,10.489
167,1,100,4,7,1,821004,831004,1030471,-0.6250330289451755,-4529.322554232265,9445.47940408753,4829.705961048911,84,False,0,False,,10.664
168,1,100,4,7,2,821004,831004,1030472,-0.6596748533483484,-4541.579289501083,9469.992874625164,4849.835886814289,84,False,0,False,,10.792
169,1,150,1,1,1,821501,831501,1080111,-0.5243977445016735,-7469.813968194037,15014.787465799518,9889.440145629002,15,False,0,False,,14.376
170,1,150,1,1,2,821501,831501,1080112,-0.529577080886919,-7480.840016717607,15036.839562846657,9883.817804746837,15,False,0,False,,14.33
171,1,150,1,2,1,821501,831501,1080121,-0.5366556943606311,-7623.557692078582,15392.423807685955,9806.305829785279,29,False,0,False,,16.341
172,1,150,1,2,2,821501,831501,1080122,-0.5361871370215262,-7599.658832728241,15344.626088985273,9806.605681193576,29,False,0,False,,16.161
173,1,150,1,3,1,821501,831501,1080131,-0.5657021022995751,-7755.532254169024,15721.511190690091,9713.078786116077,42,False,0,False,,16.81
174,1,150,1,3,2,821501,831501,1080132,-0.5625625299702582,-7750.849285557615,15712.145253467274,9708.088940120982,42,False,0,False,,16.782
175,1,150,1,4,1,821501,831501,1080141,-0.5711476071340266,-7898.689225312184,16067.952756505567,9635.255867746448,54,False,0,False,,16.755
176,1,150,1,4,2,821501,831501,1080142,-0.5625476670094184,-7887.158084573284,16044.890475027767,9662.47157096547,54,False,0,False,,16.703
177,1,150,1,5,1,821501,831501,1080151,-0.5751532104856534,-8055.738054314725,16437.167402745705,9568.611892885105,65,False,0,False,,17.294
178,1,150,1,5,2,821501,831501,1080152,-0.5780148013366806,-8053.370203500122,16432.4317011165,9590.629709876828,65,False,0,False,,17.179
179,1,150,1,6,1,821501,831501,1080161,-0.5822085889635462,-8176.161247738877,16728.120142534972,9421.85778882823,75,False,0,False,,17.626
180,1,150,1,6,2,821501,831501,1080162,-0.5910462828675138,-8201.015375083747,16777.82839722471,9489.04630195363,75,False,0,False,,17.568
181,1,150,1,7,1,821501,831501,1080171,-0.59449849641492,-8405.01882421986,17230.931013143807,9444.716080578448,84,False,0,False,,18.021
182,1,150,1,7,2,821501,831501,1080172,-0.589677306848682,-8381.546133363601,17183.98563143129,9459.981043631291,84,False,0,False,,18.192
183,1,150,2,1,1,821502,831502,1080211,-0.509215884652493,-7453.199824101563,14981.559177614568,10634.32522956058,15,False,0,False,,14.376
184,1,150,2,1,2,821502,831502,1080212,-0.5082650934820705,-7452.927137258763,14981.013803928969,10630.347216094986,15,False,0,False,,14.214
185,1,150,2,2,1,821502,831502,1080221,-0.5144660905063337,-7595.392915240201,15336.094254009193,10560.03183436733,29,False,0,False,,16.199
186,1,150,2,2,2,821502,831502,1080222,-0.5234617316622961,-7597.586355513734,15340.48113455626,10545.552278942618,29,False,0,False,,16.212
187,1,150,2,3,1,821502,831502,1080231,-0.5357698070148698,-7740.655121845622,15691.756926043287,10548.00437327822,42,False,0,False,,16.766
188,1,150,2,3,2,821502,831502,1080232,-0.5322670410873199,-7752.381138308472,15715.208958968988,10487.910193361413,42,False,0,False,,16.643
189,1,150,2,4,1,821502,831502,1080241,-0.5289834486631368,-7878.628511053481,16027.83132798816,10404.209150175975,54,False,0,False,,16.691
190,1,150,2,4,2,821502,831502,1080242,-0.544571402315832,-7898.626076512773,16067.826458906744,10436.730545968145,54,False,0,False,,16.628
191,1,150,2,5,1,821502,831502,1080251,-0.5557978326909677,-8063.418679315107,16452.52865274647,10396.74115865045,65,False,0,False,,17.115
192,1,150,2,5,2,821502,831502,1080252,-0.5465504549140521,-8050.932681776188,16427.556657668632,10412.049987892193,65,False,0,False,,17.207
193,1,150,2,6,1,821502,831502,1080261,-0.5518177850660654,-8246.205312482896,16868.20827202301,10462.585419082774,75,False,0,False,,17.645
194,1,150,2,6,2,821502,831502,1080262,-0.5529652582259479,-8189.70340989393,16755.20446684508,10244.40444083678,75,False,0,False,,17.502
195,1,150,2,7,1,821502,831502,1080271,-0.5844320952540661,-8381.640817816085,17184.175000336258,10262.09834184646,84,False,0,False,,17.919
196,1,150,2,7,2,821502,831502,1080272,-0.577483539088448,-8354.748625569044,17130.390615842174,10183.785887098424,84,False,0,False,,17.979
197,1,150,3,1,1,821503,831503,1080311,-0.49252385144157373,-7543.0847299786965,15161.328989368836,11555.05204974156,15,False,0,False,,14.264
198,1,150,3,1,2,821503,831503,1080312,-0.4948811390230124,-7531.886573323066,15138.932676057575,11511.655840902235,15,False,0,False,,14.242
199,1,150,3,2,1,821503,831503,1080321,-0.505588736592443,-7673.72157198326,15492.751567495312,11438.796478088025,29,False,0,False,,16.067
200,1,150,3,2,2,821503,831503,1080322,-0.4940521123068068,-7656.461629382782,15458.231682294356,11405.025157830594,29,False,0,False,,16.068
201,1,150,3,3,1,821503,831503,1080331,-0.5126161442485591,-7800.932817786016,15812.312317924076,11356.741536677184,42,False,0,False,,16.661
202,1,150,3,3,2,821503,831503,1080332,-0.5229522988603893,-7793.153830303532,15796.754342959108,11350.51937020145,42,False,0,False,,16.711
203,1,150,3,4,1,821503,831503,1080341,-0.5201415407452568,-7954.599253441851,16179.7728127649,11273.107373650533,54,False,0,False,,16.729
204,1,150,3,4,2,821503,831503,1080342,-0.5311621461555042,-7946.962732156227,16164.499770193652,11299.904668201994,54,False,0,False,,16.877
205,1,150,3,5,1,821503,831503,1080351,-0.5318007336765269,-8078.809519924286,16483.31033396483,11214.942995565778,65,False,0,False,,17.273
206,1,150,3,5,2,821503,831503,1080352,-0.539031447166969,-8086.677680695412,16499.04665550708,11185.07065235351,65,False,0,False,,17.182
207,1,150,3,6,1,821503,831503,1080361,-0.532387884559616,-8249.786081628477,16875.369810314172,11199.488409909247,75,False,0,False,,17.584
208,1,150,3,6,2,821503,831503,1080362,-0.5336696827553066,-8279.632136499049,16935.061920055316,11191.8541850483,75,False,0,False,,17.452
209,1,150,3,7,1,821503,831503,1080371,-0.5533998006736982,-8423.965611638085,17268.824587980256,11065.13641058087,84,False,0,False,,17.934
210,1,150,3,7,2,821503,831503,1080372,-0.5443680322876182,-8419.637182285107,17260.1677292743,11000.86269555427,84,False,0,False,,17.886
211,1,150,4,1,1,821504,831504,1080411,-0.4966240973174627,-7580.553159337569,15236.265848086581,11028.29064295873,15,False,0,False,,14.304
212,1,150,4,1,2,821504,831504,1080412,-0.49389765607165603,-7577.351274946257,15229.862079303957,10991.065754262178,15,False,0,False,,14.274
213,1,150,4,2,1,821504,831504,1080421,-0.5213255225337722,-7715.9562423484695,15577.22090822573,10913.561909873033,29,False,0,False,,16.278
214,1,150,4,2,2,821504,831504,1080422,-0.5111770881800061,-7720.242696612126,15585.793816753043,10970.03213845267,29,False,0,False,,16.103
215,1,150,4,3,1,821504,831504,1080431,-0.5147131058389117,-7851.827661896807,15914.102006145657,10804.304571630337,42,False,0,False,,16.791
216,1,150,4,3,2,821504,831504,1080432,-0.5175351177751022,-7866.2332161967,15942.913114745443,10898.578020785726,42,False,0,False,,16.712
217,1,150,4,4,1,821504,831504,1080441,-0.5248844383501253,-8034.0419487997915,16338.658203480782,10863.072746863372,54,False,0,False,,16.745
218,1,150,4,4,2,821504,831504,1080442,-0.5341284184226349,-7995.0825359276405,16260.73937773648,10787.185427094388,54,False,0,False,,16.764
219,1,150,4,5,1,821504,831504,1080451,-0.5297279121465526,-8168.992260702263,16663.675815520783,10705.332866056493,65,False,0,False,,17.186
220,1,150,4,5,2,821504,831504,1080452,-0.5314962861651646,-8174.963223196036,16675.61774050833,10776.092212271284,65,False,0,False,,17.202
221,1,150,4,6,1,821504,831504,1080461,-0.5449572270902063,-8319.987657737782,17015.77296253278,10582.766952318429,75,False,0,False,,17.447
222,1,150,4,6,2,821504,831504,1080462,-0.5448666892146737,-8296.038281117915,16967.874209293048,10606.972546769979,75,False,0,False,,17.495
223,1,150,4,7,1,821504,831504,1080471,-0.5536222669642897,-8474.618483869079,17370.130332442244,10562.519157445027,84,False,0,False,,18.055
224,1,150,4,7,2,821504,831504,1080472,-0.5582141732280049,-8497.337811373345,17415.568987450777,10676.867268554297,84,False,0,False,,17.978
225,3,50,1,1,1,840501,850501,1180111,-0.6226177303742478,-1748.1538375956725,3554.9880202727672,2529.9442396915033,15,False,0,False,,4.286
226,3,50,1,1,2,840501,850501,1180112,-0.6302889144779974,-1751.8166024640946,3562.3135500096114,2524.141359645328,15,False,0,False,,4.26
227,3,50,1,2,1,840501,850501,1180121,-0.598802845534453,-1703.290298735852,3520.0292646291205,2373.462224792351,29,False,0,False,,4.633
228,3,50,1,2,2,840501,850501,1180122,-0.6044133671429834,-1712.56450990322,3538.577686963856,2344.018434649188,29,False,0,False,,4.758
229,3,50,1,3,1,840501,850501,1180131,-0.6105990294659134,-1676.6645935773388,3517.63415338266,2178.1572852230315,42,False,0,False,,4.725
230,3,50,1,3,2,840501,850501,1180132,-0.5998615937791054,-1675.74273487347,3515.7904359749223,2200.2400628705973,42,False,0,False,,4.749
231,3,50,1,4,1,840501,850501,1180141,-0.6098423641881998,-1717.3719618093637,3645.9931659118474,2194.2373014347945,54,False,0,False,,4.772
232,3,50,1,4,2,840501,850501,1180142,-0.685819875235597,-1715.8679845936006,3642.985211480321,2183.5164153594005,54,False,0,False,,4.766
233,3,50,1,5,1,840501,850501,1180151,-0.6510217049228539,-1772.0924398326802,3798.46637501819,2185.804690842837,65,False,0,False,,4.817
234,3,50,1,5,2,840501,850501,1180152,-0.6139744733217163,-1772.0266102908092,3798.334715934448,2214.433145171506,65,False,0,False,,4.821
235,3,50,1,6,1,840501,850501,1180161,-0.602543246367676,-1818.400859699589,3930.203444806289,2197.186264111736,75,False,0,False,,4.884
236,3,50,1,6,2,840501,850501,1180162,-0.6838594732891355,-1827.3468502978167,3948.0954260027443,2247.4046456337674,75,False,0,False,,4.848
237,3,50,1,7,1,840501,850501,1180171,-0.7237587776595275,-1892.2269589510418,4113.063850358048,2277.8034934757534,84,False,0,False,,4.934
238,3,50,1,7,2,840501,850501,1180172,-0.6996998732904185,-1877.0293274515438,4082.668587359052,2184.7317859953264,84,False,0,False,,4.928
239,3,50,2,1,1,840502,850502,1180211,-0.5596616645625853,-1781.035870923713,3620.7520869288483,2304.132878941595,15,False,0,False,,4.315
240,3,50,2,1,2,840502,850502,1180212,-0.6041880038875675,-1781.465398693442,3621.6111424683063,2289.4643316784422,15,False,0,False,,4.335
241,3,50,2,2,1,840502,850502,1180221,-0.5330372136781977,-1599.5128786606797,3312.4744244787757,1852.7638058821115,29,False,0,False,,4.656
242,3,50,2,2,2,840502,850502,1180222,-0.5440100782979189,-1605.3733644578756,3324.1953960731676,1863.0289449571183,29,False,0,False,,4.654
243,3,50,2,3,1,840502,850502,1180231,-0.5563535172655435,-1585.8642858126036,3336.0335378531895,1705.5041323039388,42,False,0,False,,4.789
244,3,50,2,3,2,840502,850502,1180232,-0.5479108787280158,-1592.2350090660143,3348.774984360011,1742.3202866326308,42,False,0,False,,4.705
245,3,50,2,4,1,840502,850502,1180241,-0.5173471934436831,-1645.4220681919837,3502.0933786770875,1758.4131354227743,54,False,0,False,,4.759
246,3,50,2,4,2,840502,850502,1180242,-0.5957599330752965,-1635.1105640176252,3481.4703703283703,1722.522769398869,54,False,0,False,,4.808
247,3,50,2,5,1,840502,850502,1180251,-0.607670473891515,-1679.3651246523239,3613.0117446574773,1744.4326404482922,65,False,0,False,,4.827
248,3,50,2,5,2,840502,850502,1180252,-0.584140422380806,-1678.3658136273007,3611.013122607431,1741.9378286266954,65,False,0,False,,4.854
249,3,50,2,6,1,840502,850502,1180261,-0.5962081580823503,-1749.1647610624552,3791.7312475320214,1781.4024385935663,75,False,0,False,,4.855
250,3,50,2,6,2,840502,850502,1180262,-0.6766543720061946,-1731.923076473675,3757.247878354461,1759.6508717923898,75,False,0,False,,4.886
251,3,50,2,7,1,840502,850502,1180271,-0.6694217197352699,-1779.9729898288174,3888.555912113599,1666.2253422599956,84,False,0,False,,4.969
252,3,50,2,7,2,840502,850502,1180272,-0.6443123868347891,-1774.0933103357042,3876.7965531273726,1671.3318141240072,84,False,0,False,,4.898
253,3,50,3,1,1,840503,850503,1180311,-0.58508785154454,-1825.45012864632,3709.5806023740624,2225.098364029187,15,False,0,False,,4.281
254,3,50,3,1,2,840503,850503,1180312,-0.5717912658517439,-1793.8535534631278,3646.387452007678,2179.5513113122734,15,False,0,False,,4.267
255,3,50,3,2,1,840503,850503,1180321,-0.5482811703902722,-1717.7967672237187,3549.0422016048537,1918.4504494610658,29,False,0,False,,4.638
256,3,50,3,2,2,840503,850503,1180322,-0.5723181824835696,-1707.6445877109,3528.7378425792162,1918.7818502598327,29,False,0,False,,4.65
257,3,50,3,3,1,840503,850503,1180331,-0.5980852877968137,-1666.6689845225735,3497.6429352731293,1708.9706540781726,42,False,0,False,,4.782
258,3,50,3,3,2,840503,850503,1180332,-0.5621402629622515,-1658.817178259788,3481.9393227475584,1733.281926230139,42,False,0,False,,4.692
259,3,50,3,4,1,840503,850503,1180341,-0.6007080917175179,-1704.9975060463125,3621.244254385745,1752.0608619459663,54,False,0,False,,4.732
260,3,50,3,4,2,840503,850503,1180342,-0.652312168863045,-1705.2710006706689,3621.7912436344577,1735.3225875209441,54,False,0,False,,4.823
261,3,50,3,5,1,840503,850503,1180351,-0.5930111045484567,-1763.2018362571307,3780.685167867091,1748.667450301607,65,False,0,False,,4.836
262,3,50,3,5,2,840503,850503,1180352,-0.6683606293273229,-1759.511960827896,3773.3054170086216,1699.8502715258674,65,False,0,False,,4.926
263,3,50,3,6,1,840503,850503,1180361,-0.633424719237936,-1815.4974951651434,3924.3967157373977,1700.555014111148,75,False,0,False,,4.888
264,3,50,3,6,2,840503,850503,1180362,-0.6455685205519884,-1816.2652680841948,3925.9322615755004,1735.0720841326684,75,False,0,False,,4.879
265,3,50,3,7,1,840503,850503,1180371,-0.6958919080171313,-1872.5518765514403,4073.7136855588446,1751.896260424907,84,False,0,False,,4.911
266,3,50,3,7,2,840503,850503,1180372,-0.6942613771948004,-1856.179531487975,4040.968995431914,1724.1332697370447,84,False,0,False,,5.074
267,3,50,4,1,1,840504,850504,1180411,-0.6176990492399397,-1779.770412256582,3618.221169594586,2275.2891824767958,15,False,0,False,,4.351
268,3,50,4,1,2,840504,850504,1180412,-0.638123582945324,-1807.5803965828281,3673.8411382470786,2321.024888134179,15,False,0,False,,4.458
269,3,50,4,2,1,840504,850504,1180421,-0.5691998307862713,-1674.666553593331,3462.7817743440783,1967.518001070456,29,False,0,False,,4.634
270,3,50,4,2,2,840504,850504,1180422,-0.616856785165415,-1673.4610702913867,3460.37080774019,1967.3005168179789,29,False,0,False,,4.698
271,3,50,4,3,1,840504,850504,1180431,-0.5729903078337404,-1665.0079369383047,3494.3208401045918,1852.6699605555625,42,False,0,False,,4.808
272,3,50,4,3,2,840504,850504,1180432,-0.5840967967223919,-1658.117105322364,3480.5391768727104,1886.435711417478,42,False,0,False,,4.764
273,3,50,4,4,1,840504,850504,1180441,-0.7254835086930066,-1690.4980404722846,3592.2453232376893,1826.8003440681846,54,False,0,False,,4.793
274,3,50,4,4,2,840504,850504,1180442,-0.6405122171109248,-1709.7413109399001,3630.7318641729203,1877.5772854967063,54,False,0,False,,4.827
275,3,50,4,5,1,840504,850504,1180451,-0.6281407019234054,-1741.3626051576075,3737.0067056680446,1827.1605446162648,65,False,0,False,,4.924
276,3,50,4,5,2,840504,850504,1180452,-0.699678248637655,-1756.1048577690965,3766.4912108910225,1877.2309907171891,65,False,0,False,,4.863
277,3,50,4,6,1,840504,850504,1180461,-0.6826160552679698,-1793.8254615115627,3881.0526484302363,1844.992666952653,75,False,0,False,,4.87
278,3,50,4,6,2,840504,850504,1180462,-0.6944592619100158,-1804.6525364020065,3902.706798211124,1853.6472332684327,75,False,0,False,,4.857
279,3,50,4,7,1,840504,850504,1180471,-0.7192230737861305,-1849.59498736686,4027.7999071896843,1809.0621338354902,84,False,0,False,,4.967
280,3,50,4,7,2,840504,850504,1180472,-0.7818348619229757,-1846.386026060074,4021.3819845761122,1839.6588121023392,84,False,0,False,,4.996
281,3,75,1,1,1,840751,850751,1205111,-0.5803154466405693,-3111.6172283680085,6287.996778439062,4658.282109372513,15,False,0,False,,8.32
282,3,75,1,1,2,840751,850751,1205112,-0.602610069071811,-3074.8987031634542,6214.5597280299535,4560.334685891693,15,False,0,False,,6.723
283,3,75,1,2,1,840751,850751,1205121,-0.5669347466468625,-2954.654446220986,6034.516047734524,4169.752581863715,29,False,0,False,,7.212
284,3,75,1,2,2,840751,850751,1205122,-0.6171251494741975,-2999.240811253846,6123.688777800245,4281.802685264516,29,False,0,False,,7.193
285,3,75,1,3,1,840751,850751,1205131,-0.5937326711542326,-2867.3167630042703,5915.9680267770655,3853.9579596381172,42,False,0,False,,7.413
286,3,75,1,3,2,840751,850751,1205132,-0.5726156909283879,-2877.1300005274884,5935.594501823502,3865.269470294199,42,False,0,False,,7.346
287,3,75,1,4,1,840751,850751,1205141,-0.5711725999551651,-2949.3093014989936,6131.762961128948,3875.8068055007193,54,False,0,False,,7.374
288,3,75,1,4,2,840751,850751,1205142,-0.5871720235985798,-2939.3456294546295,6111.835617040219,3834.7766566031237,54,False,0,False,,7.354
289,3,75,1,5,1,840751,850751,1205151,-0.5928138991291931,-3013.116271386012,6306.869270151885,3779.426705435054,65,False,0,False,,7.454
290,3,75,1,5,2,840751,850751,1205152,-0.6573164546406786,-3023.347682106829,6327.332091593518,3826.8618197941764,65,False,0,False,,7.424
291,3,75,1,6,1,840751,850751,1205161,-0.6393404274797403,-3097.270432703125,6518.352473921474,3822.9973137774396,75,False,0,False,,7.603
292,3,75,1,6,2,840751,850751,1205162,-0.6180124509862516,-3108.6644786795546,6541.140565874332,3811.6437265877266,75,False,0,False,,7.595
293,3,75,1,7,1,840751,850751,1205171,-0.6344152454046801,-3198.8364704347396,6760.34194240653,3834.320188991556,84,False,0,False,,7.659
294,3,75,1,7,2,840751,850751,1205172,-0.6291948676164968,-3215.810512441148,6794.290026419347,3843.7945300958404,84,False,0,False,,7.779
295,3,75,2,1,1,840752,850752,1205211,-0.5840642383665087,-3012.57493681586,6089.912195334765,4330.030813825559,15,False,0,False,,6.506
296,3,75,2,1,2,840752,850752,1205212,-0.6013134659031293,-3024.1231855674746,6113.008692837994,4358.840695816791,15,False,0,False,,6.695
297,3,75,2,2,1,840752,850752,1205221,-0.5628985875929715,-2835.1561716539086,5795.51949860037,3811.735907081948,29,False,0,False,,7.143
298,3,75,2,2,2,840752,850752,1205222,-0.5582432611276719,-2830.955458916382,5787.118073125317,3787.613626512604,29,False,0,False,,7.094
299,3,75,2,3,1,840752,850752,1205231,-0.5656879846250241,-2823.342904347624,5828.020309463773,3634.9153638703924,42,False,0,False,,7.367
300,3,75,2,3,2,840752,850752,1205232,-0.5753861996750919,-2809.4419300493196,5800.218360867164,3619.151856500847,42,False,0,False,,7.293
301,3,75,2,4,1,840752,850752,1205241,-0.5791351209747245,-2886.731280767422,6006.6069196658045,3633.7556748108696,54,False,0,False,,7.343
302,3,75,2,4,2,840752,850752,1205242,-0.6123632969962125,-2888.3721651274573,6009.888688385875,3639.3371347235206,54,False,0,False,,7.421
303,3,75,2,5,1,840752,850752,1205251,-0.602768709896751,-2974.8715143895424,6230.379756158945,3638.6911253065086,65,False,0,False,,7.538
304,3,75,2,5,2,840752,850752,1205252,-0.6274601312577471,-2976.142481999838,6232.921691379536,3664.4678393633185,65,False,0,False,,7.521
305,3,75,2,6,1,840752,850752,1205261,-0.6171030246747787,-3044.3592780039826,6412.530164523188,3567.009444889913,75,False,0,False,,7.617
306,3,75,2,6,2,840752,850752,1205262,-0.6543728041209446,-3047.7185443273256,6419.2486971698745,3576.6130843245564,75,False,0,False,,7.625
307,3,75,2,7,1,840752,850752,1205271,-0.6178200243816251,-3135.767956691033,6634.204914919116,3614.1786337202725,84,False,0,False,,7.719
308,3,75,2,7,2,840752,850752,1205272,-0.6436907856098306,-3133.4765357766473,6629.622073090345,3583.6460930983435,84,False,0,False,,7.733
309,3,75,3,1,1,840753,850753,1205311,-0.5789876793552904,-3080.944158651122,6226.650639005289,4449.98523591022,15,False,0,False,,6.544
310,3,75,3,1,2,840753,850753,1205312,-0.6068818190452577,-3021.140589050996,6107.043499805037,4340.8389874509485,15,False,0,False,,6.512
311,3,75,3,2,1,840753,850753,1205321,-0.5700749653825418,-2884.5799301879606,5894.367015668474,3931.9539304403684,29,False,0,False,,7.357
312,3,75,3,2,2,840753,850753,1205322,-0.5550060187738847,-2876.3511670467688,5877.90948938609,3879.100622664783,29,False,0,False,,7.137
313,3,75,3,3,1,840753,850753,1205331,-0.5613413023940828,-2850.565845161964,5882.466191092452,3712.8763815520447,42,False,0,False,,7.36
314,3,75,3,3,2,840753,850753,1205332,-0.5684324843747864,-2848.4729599798875,5878.2804207283,3675.927635032061,42,False,0,False,,7.351
315,3,75,3,4,1,840753,850753,1205341,-0.5995729128433803,-2899.505097672886,6032.154553476733,3585.0326420390843,54,False,0,False,,7.405
316,3,75,3,4,2,840753,850753,1205342,-0.5838718477500479,-2910.5571023485663,6054.258562828093,3641.9280331646464,54,False,0,False,,7.432
317,3,75,3,5,1,840753,850753,1205351,-0.5844434154963489,-2988.037117912152,6256.710963204165,3657.3099630217557,65,False,0,False,,7.503
318,3,75,3,5,2,840753,850753,1205352,-0.5777733177600193,-2989.045582189605,6258.72789175907,3635.2692944862497,65,False,0,False,,7.48
319,3,75,3,6,1,840753,850753,1205361,-0.656438247248637,-3052.197651233272,6428.206910981768,3622.0283626169166,75,False,0,False,,7.643
320,3,75,3,6,2,840753,850753,1205362,-0.6220572295248855,-3069.3204855441063,6462.452579603436,3668.006490615824,75,False,0,False,,7.716
321,3,75,3,7,1,840753,850753,1205371,-0.6464261371611061,-3134.983514337584,6632.636030212218,3534.091684320211,84,False,0,False,,7.76
322,3,75,3,7,2,840753,850753,1205372,-0.6006438939419049,-3129.2613371409025,6621.191675818855,3589.249344872618,84,False,0,False,,7.819
323,3,75,4,1,1,840754,850754,1205411,-0.5870174671142987,-3050.2636718836275,6165.2896654703,4295.9820529262215,15,False,0,False,,7.229
324,3,75,4,1,2,840754,850754,1205412,-0.5739508941974746,-3043.3461842785537,6151.454690260152,4273.016389274652,15,False,0,False,,6.585
325,3,75,4,2,1,840754,850754,1205421,-0.56711762638898,-2862.4837627385546,5850.174680769662,3765.1737836877564,29,False,0,False,,7.2
326,3,75,4,2,2,840754,850754,1205422,-0.5640171750565826,-2863.5065712003957,5852.220297693344,3768.9714717931365,29,False,0,False,,7.177
327,3,75,4,3,1,840754,850754,1205431,-0.5461105045674206,-2792.620526468772,5766.575553706069,3461.8645943953784,42,False,0,False,,7.41
328,3,75,4,3,2,840754,850754,1205432,-0.5407809479101546,-2784.7243200992352,5750.783140966995,3446.567850705092,42,False,0,False,,7.407
329,3,75,4,4,1,840754,850754,1205441,-0.5747239906892524,-2872.635983627024,5978.416325385008,3485.6846171443062,54,False,0,False,,7.41
330,3,75,4,4,2,840754,850754,1205442,-0.5226160985518468,-2871.6550944352384,5976.454547001437,3459.578594071537,54,False,0,False,,7.382
331,3,75,4,5,1,840754,850754,1205451,-0.5792983855862907,-2926.5442993350816,6133.725326050024,3366.9010532334046,65,False,0,False,,8.476
332,3,75,4,5,2,840754,850754,1205452,-0.5645157876922134,-2939.281736084914,6159.2001995496885,3375.3541085099073,65,False,0,False,,7.568
333,3,75,4,6,1,840754,850754,1205461,-0.5713618608531568,-2995.484440240435,6314.7804889960935,3376.8558209707144,75,False,0,False,,7.619
334,3,75,4,6,2,840754,850754,1205462,-0.57121438829542,-3009.460407079565,6342.732422674353,3423.6256833516013,75,False,0,False,,7.579
335,3,75,4,7,1,840754,850754,1205471,-0.613379496034329,-3085.8257278825477,6534.320457302146,3361.595377508859,84,False,0,False,,7.75
336,3,75,4,7,2,840754,850754,1205472,-0.6745330361913447,-3076.288434583481,6515.245870704012,3360.6929706036262,84,False,0,False,,7.746
337,3,100,1,1,1,841001,851001,1230111,-0.5740025591480884,-4662.773665107932,9394.624883005687,6767.883371257348,15,False,0,False,,8.912
338,3,100,1,1,2,841001,851001,1230112,-0.5693567662622728,-4666.9374032468295,9402.952359283481,6793.3564611554975,15,False,0,False,,8.93
339,3,100,1,2,1,841001,851001,1230121,-0.5474401884288813,-4336.591749631731,8806.733434657115,5894.998287085357,29,False,0,False,,9.993
340,3,100,1,2,2,841001,851001,1230122,-0.544443036108129,-4332.530033909121,8798.610003211896,5914.142595188217,29,False,0,False,,9.981
341,3,100,1,3,1,841001,851001,1230131,-0.5053254247405542,-4159.047651368902,8511.512450549304,5300.593265730113,42,False,0,False,,10.3
342,3,100,1,3,2,841001,851001,1230132,-0.5025116598904917,-4165.339132781472,8524.095413374444,5350.756930291671,42,False,0,False,,10.281
343,3,100,1,4,1,841001,851001,1230141,-0.5154368945501953,-4253.897655082279,8756.474500207914,5274.801443817413,54,False,0,False,,10.457
344,3,100,1,4,2,841001,851001,1230142,-0.5176212652132824,-4246.2488682287385,8741.176926500833,5325.868880139235,54,False,0,False,,10.291
345,3,100,1,5,1,841001,851001,1230151,-0.5377479019205664,-4361.325060584275,9021.986183257775,5224.0147820338325,65,False,0,False,,10.514
346,3,100,1,5,2,841001,851001,1230152,-0.5116012858033147,-4348.306312700419,8995.948687490063,5238.495371281472,65,False,0,False,,10.515
347,3,100,1,6,1,841001,851001,1230161,-0.567267612619878,-4473.258513151454,9291.904790252016,5255.342467508942,75,False,0,False,,10.639
348,3,100,1,6,2,841001,851001,1230162,-0.5392738900512969,-4444.410369152193,9234.208502253494,5239.199035425084,75,False,0,False,,10.66
349,3,100,1,7,1,841001,851001,1230171,-0.5602593434171821,-4541.700884693022,9470.236065009043,5147.720049040147,84,False,0,False,,10.863
350,3,100,1,7,2,841001,851001,1230172,-0.5492769744909627,-4573.850488745475,9534.535273113948,5204.6625129422,84,False,0,False,,10.788
351,3,100,2,1,1,841002,851002,1230211,-0.5698046862037541,-4517.9432076779885,9104.9639681458,7142.364157235156,15,False,0,False,,8.844
352,3,100,2,1,2,841002,851002,1230212,-0.5618455415494392,-4512.75317995615,9094.583912702123,7156.344449090576,15,False,0,False,,8.87
353,3,100,2,2,1,841002,851002,1230221,-0.5463620533849541,-4372.969005863082,8879.487947119818,6661.785973823628,29,False,0,False,,9.813
354,3,100,2,2,2,841002,851002,1230222,-0.544518632529198,-4369.514764633757,8872.579464661168,6648.42187333776,29,False,0,False,,9.819
355,3,100,2,3,1,841002,851002,1230231,-0.5499320489233396,-4337.257048957584,8867.931245726668,6368.817556778235,42,False,0,False,,10.129
356,3,100,2,3,2,841002,851002,1230232,-0.5529749932750956,-4338.963625946666,8871.344399704833,6329.292126706535,42,False,0,False,,10.194
357,3,100,2,4,1,841002,851002,1230241,-0.5567077338904092,-4449.049653109795,9146.778496262947,6321.908758727508,54,False,0,False,,10.143
358,3,100,2,4,2,841002,851002,1230242,-0.5550712138423625,-4435.802380375231,9120.283950793819,6320.25549062267,54,False,0,False,,10.195
359,3,100,2,5,1,841002,851002,1230251,-0.5447354550526524,-4550.752208320655,9400.840478730535,6330.175224566497,65,False,0,False,,10.401
360,3,100,2,5,2,841002,851002,1230252,-0.5760277899626827,-4517.803576303195,9334.943214695615,6285.154304974673,65,False,0,False,,10.459
361,3,100,2,6,1,841002,851002,1230261,-0.567634150915129,-4641.988183788649,9629.364131526405,6257.184357218084,75,False,0,False,,10.531
362,3,100,2,6,2,841002,851002,1230262,-0.5821570939781683,-4650.734873463112,9646.857510875332,6281.07669664293,75,False,0,False,,10.472
363,3,100,2,7,1,841002,851002,1230271,-0.5765483104219655,-4743.194929746676,9873.224155116352,6185.566044326028,84,False,0,False,,10.72
364,3,100,2,7,2,841002,851002,1230272,-0.5665126697090713,-4748.764866669148,9884.364028961296,6282.195712178298,84,False,0,False,,10.695
365,3,100,3,1,1,841003,851003,1230311,-0.6129884071630983,-4682.680434263279,9434.43842131638,6976.427276097053,15,False,0,False,,8.84
366,3,100,3,1,2,841003,851003,1230312,-0.6045397012818673,-4671.456477662761,9411.990508115345,6968.101667805913,15,False,0,False,,8.788
367,3,100,3,2,1,841003,851003,1230321,-0.5770374296551806,-4423.024451308955,8979.598838011563,6228.069516590423,29,False,0,False,,9.828
368,3,100,3,2,2,841003,851003,1230322,-0.5809452498200126,-4425.061604336482,8983.673144066617,6268.18458539916,29,False,0,False,,9.741
369,3,100,3,3,1,841003,851003,1230331,-0.549976557624534,-4262.290526404712,8717.998200620925,5701.515172446288,42,False,0,False,,10.049
370,3,100,3,3,2,841003,851003,1230332,-0.5546410459694677,-4272.235528072619,8737.888203956738,5707.56013941218,42,False,0,False,,10.077
371,3,100,3,4,1,841003,851003,1230341,-0.5798542550728778,-4355.849683047857,8960.37855613907,5685.355184544359,54,False,0,False,,10.077
372,3,100,3,4,2,841003,851003,1230342,-0.5574717354970765,-4358.549279888766,8965.777749820889,5686.381842542631,54,False,0,False,,10.109
373,3,100,3,5,1,841003,851003,1230351,-0.5872577518985436,-4460.791623435029,9220.919308959283,5604.658492450781,65,False,0,False,,10.354
374,3,100,3,5,2,841003,851003,1230352,-0.5903978545157333,-4461.962918351171,9223.261898791567,5662.981085846969,65,False,0,False,,10.267
375,3,100,3,6,1,841003,851003,1230361,-0.6202937235404824,-4586.864061146108,9519.115886241323,5676.831027233483,75,False,0,False,,10.45
376,3,100,3,6,2,841003,851003,1230362,-0.5859137677344536,-4570.4470053308205,9486.281774610748,5627.538124458691,75,False,0,False,,10.554
377,3,100,3,7,1,841003,851003,1230371,-0.6204962753440638,-4687.245784629061,9761.32586488112,5637.116738674166,84,False,0,False,,10.603
378,3,100,3,7,2,841003,851003,1230372,-0.6024596262279404,-4673.920377297473,9734.675050217946,5561.864940396753,84,False,0,False,,10.959
379,3,100,4,1,1,841004,851004,1230411,-0.5996029742115138,-4698.440300635591,9465.958154061003,7197.000038093414,15,False,0,False,,8.943
380,3,100,4,1,2,841004,851004,1230412,-0.6053938818139003,-4692.9964437107,9455.070440211222,7201.878476316143,15,False,0,False,,8.868
381,3,100,4,2,1,841004,851004,1230421,-0.5452788686835986,-4462.336579668982,9058.223094731618,6494.049102610845,29,False,0,False,,9.81
382,3,100,4,2,2,841004,851004,1230422,-0.5509878518151858,-4474.110814435348,9081.77156426435,6511.5395618377,29,False,0,False,,9.816
383,3,100,4,3,1,841004,851004,1230431,-0.5508246626524554,-4368.235880526077,8929.888908863655,6068.426591570219,42,False,0,False,,10.134
384,3,100,4,3,2,841004,851004,1230432,-0.5412892105117509,-4375.069839825699,8943.556827462899,6078.208865016159,42,False,0,False,,10.113
385,3,100,4,4,1,841004,851004,1230441,-0.5630848651757845,-4456.992204881777,9162.66359980691,6083.201728560848,54,False,0,False,,10.142
386,3,100,4,4,2,841004,851004,1230442,-0.5491256871685314,-4456.368387520111,9161.415965083579,6075.515897152057,54,False,0,False,,10.141
387,3,100,4,5,1,841004,851004,1230451,-0.5559574756291006,-4555.441390359423,9410.218842808072,6014.000130418057,65,False,0,False,,10.417
388,3,100,4,5,2,841004,851004,1230452,-0.5627439832685616,-4571.99863097421,9443.333324037645,6067.754749168824,65,False,0,False,,10.356
389,3,100,4,6,1,841004,851004,1230461,-0.5840815117840165,-4682.641913643853,9710.671591236813,5993.467275629467,75,False,0,False,,10.543
390,3,100,4,6,2,841004,851004,1230462,-0.6058161460002864,-4681.066323167005,9707.520410283118,6019.596361514116,75,False,0,False,,10.403
391,3,100,4,7,1,841004,851004,1230471,-0.5942036318772743,-4745.406823692096,9877.64794300719,5933.206298901525,84,False,0,False,,10.627
392,3,100,4,7,2,841004,851004,1230472,-0.6269290495549237,-4744.672582330102,9876.179460283203,5932.174118315871,84,False,0,False,,10.689
393,3,150,1,1,1,841501,851501,1280111,-0.6002398454527141,-8875.181964921307,17825.52345925406,14121.333814538368,15,False,0,False,,14.315
394,3,150,1,1,2,841501,851501,1280112,-0.5973108880248972,-8838.90949193694,17752.978513285325,14054.19911075921,15,False,0,False,,14.253
395,3,150,1,2,1,841501,851501,1280121,-0.5750981394190656,-8295.886926278275,16737.08227608534,12608.254977398998,29,False,0,False,,16.325
396,3,150,1,2,2,841501,851501,1280122,-0.5698369742386381,-8292.189693753373,16729.687811035536,12596.998497073719,29,False,0,False,,16.15
397,3,150,1,3,1,841501,851501,1280131,-0.5357773651894917,-7844.519785024895,15899.486252401834,11319.42489285372,42,False,0,False,,16.932
398,3,150,1,3,2,841501,851501,1280132,-0.5351036893610959,-7860.776920437325,15932.000523226694,11370.340052069007,42,False,0,False,,16.956
399,3,150,1,4,1,841501,851501,1280141,-0.5519211886765755,-7980.306617074748,16231.187540030694,11258.531595835384,54,False,0,False,,16.847
400,3,150,1,4,2,841501,851501,1280142,-0.5485907226279468,-7990.172607248502,16250.919520378202,11333.85941832177,54,False,0,False,,16.853
401,3,150,1,5,1,841501,851501,1280151,-0.5676562401855945,-8131.431091355109,16588.553476826473,11171.98230584655,65,False,0,False,,17.36
402,3,150,1,5,2,841501,851501,1280152,-0.5723413476693533,-8133.399532759713,16592.49035963568,11273.62102851958,65,False,0,False,,17.266
403,3,150,1,6,1,841501,851501,1280161,-0.569202993267654,-8278.559820625045,16932.917288307308,11056.252077483627,75,False,0,False,,17.559
404,3,150,1,6,2,841501,851501,1280162,-0.5744939078371691,-8317.822248046581,17011.44214315038,11099.491948745243,75,False,0,False,,17.633
405,3,150,1,7,1,841501,851501,1280171,-0.5883153029929473,-8462.643312100794,17346.179988905675,11036.587395292354,84,False,0,False,,18.096
406,3,150,1,7,2,841501,851501,1280172,-0.5794105501571721,-8432.35689212557,17285.607148955227,11104.79248160541,84,False,0,False,,18.279
407,3,150,2,1,1,841502,851502,1280211,-0.5940050581910399,-8822.733873371062,17720.62727615357,14071.417627469595,15,False,0,False,,14.402
408,3,150,2,1,2,841502,851502,1280212,-0.6017740635708564,-8835.408695328295,17745.976920068035,14068.63775387746,15,False,0,False,,14.257
409,3,150,2,2,1,841502,851502,1280221,-0.5477431246158809,-8168.109813782821,16481.528051094432,12385.644275323166,29,False,0,False,,16.228
410,3,150,2,2,2,841502,851502,1280222,-0.54285548390287,-8172.445917058234,16490.200257645258,12375.020624507284,29,False,0,False,,16.131
411,3,150,2,3,1,841502,851502,1280231,-0.5215765997289239,-7726.0560654221335,15662.55881319631,11173.499670109522,42,False,0,False,,17.029
412,3,150,2,3,2,841502,851502,1280232,-0.5161471059287331,-7740.770284870838,15691.987252093719,11150.28116529614,42,False,0,False,,17.057
413,3,150,2,4,1,841502,851502,1280241,-0.5244606701689903,-7849.458827577124,15969.491961035446,10999.621607493527,54,False,0,False,,17.086
414,3,150,2,4,2,841502,851502,1280242,-0.5362313067129418,-7862.230138673807,15995.034583228813,11090.617117013055,54,False,0,False,,17.134
415,3,150,2,5,1,841502,851502,1280251,-0.5364187297172731,-7995.045599796076,16315.78249370841,11001.093316276738,65,False,0,False,,17.509
416,3,150,2,5,2,841502,851502,1280252,-0.5277964161239493,-8010.54010408244,16346.771502281137,10963.592638342123,65,False,0,False,,17.653
417,3,150,2,6,1,841502,851502,1280261,-0.5339356593828091,-8153.968919436165,16683.73548592955,10949.516608966413,75,False,0,False,,17.817
418,3,150,2,6,2,841502,851502,1280262,-0.5496249921527233,-8146.560348947956,16668.91834495313,10893.117056673831,75,False,0,False,,17.836
419,3,150,2,7,1,841502,851502,1280271,-0.5629851693120255,-8311.938565809625,17044.770496323337,10881.716252722794,84,False,0,False,,18.142
420,3,150,2,7,2,841502,851502,1280272,-0.5690846923142879,-8315.462534880337,17051.81843446476,10900.202663573076,84,False,0,False,,18.498
421,3,150,3,1,1,841503,851503,1280311,-0.5757962247537343,-8691.486507077505,17458.132543566455,13380.766753815362,15,False,0,False,,14.21
422,3,150,3,1,2,841503,851503,1280312,-0.5767299636611225,-8691.958183081018,17459.075895573482,13372.529780010782,15,False,0,False,,14.327
423,3,150,3,2,1,841503,851503,1280321,-0.5425068979071079,-8104.133263821223,16353.574951171238,11854.954985093116,29,False,0,False,,16.262
424,3,150,3,2,2,841503,851503,1280322,-0.5448094425522128,-8094.95614738398,16335.220718296752,11823.20010674797,29,False,0,False,,16.388
425,3,150,3,3,1,841503,851503,1280331,-0.5091373634648447,-7667.185883563852,15544.818449479748,10593.460285642326,42,False,0,False,,16.897
426,3,150,3,3,2,841503,851503,1280332,-0.5156675203571219,-7677.36447006327,15565.175622478584,10592.315216310648,42,False,0,False,,17.037
427,3,150,3,4,1,841503,851503,1280341,-0.5225725518440364,-7805.796275239018,15882.166856359234,10497.04813927449,54,False,0,False,,17.248
428,3,150,3,4,2,841503,851503,1280342,-0.5239294728419372,-7797.340764389943,15865.255834661084,10522.224805638112,54,False,0,False,,16.998
429,3,150,3,5,1,841503,851503,1280351,-0.533494404466849,-7932.974106520227,16191.639507156711,10319.6253960458,65,False,0,False,,17.731
430,3,150,3,5,2,841503,851503,1280352,-0.5407332462778767,-7950.368626454381,16226.42854702502,10410.622537239318,65,False,0,False,,17.384
431,3,150,3,6,1,841503,851503,1280361,-0.5485320221083224,-8109.641372668338,16595.080392393895,10363.229305024506,75,False,0,False,,17.683
432,3,150,3,6,2,841503,851503,1280362,-0.5653650956506383,-8068.892644026943,16513.582935111106,10340.948824502795,75,False,0,False,,17.715
433,3,150,3,7,1,841503,851503,1280371,-0.5498652149195576,-8253.979262897628,16928.851890499343,10291.775457697579,84,False,0,False,,18.236
434,3,150,3,7,2,841503,851503,1280372,-0.5499089525443266,-8271.645785089397,16964.18493488288,10331.413917002368,84,False,0,False,,18.141
435,3,150,4,1,1,841504,851504,1280411,-0.5916564701973966,-8743.084370753806,17561.328270919057,13777.385963478848,15,False,0,False,,14.386
436,3,150,4,1,2,841504,851504,1280412,-0.5921673209991457,-8744.997886963813,17565.15530333907,13765.620580148627,15,False,0,False,,14.29
437,3,150,4,2,1,841504,851504,1280421,-0.5527798971709648,-8143.698058048974,16432.70453962674,12244.220792466538,29,False,0,False,,16.253
438,3,150,4,2,2,841504,851504,1280422,-0.5472703953587361,-8150.604469693035,16446.51736291486,12253.836688485624,29,False,0,False,,16.41
439,3,150,4,3,1,841504,851504,1280431,-0.5007082198438817,-7698.037392027218,15606.521466406479,10991.782946801755,42,False,0,False,,17.101
440,3,150,4,3,2,841504,851504,1280432,-0.5043510977817122,-7713.921450237023,15638.28958282609,11033.615835449024,42,False,0,False,,17.026
441,3,150,4,4,1,841504,851504,1280441,-0.509177838486191,-7839.768090586962,15950.110487055123,10928.921022957022,54,False,0,False,,17.036
442,3,150,4,4,2,841504,851504,1280442,-0.5083095220552264,-7873.740186064431,16018.054678010061,10896.846348343595,54,False,0,False,,17.168
443,3,150,4,5,1,841504,851504,1280451,-0.5346364491547858,-8028.545184369019,16382.781662854295,10947.60721122151,65,False,0,False,,17.401
444,3,150,4,5,2,841504,851504,1280452,-0.5373507470806107,-8008.924023489455,16343.539341095167,10811.994778570688,65,False,0,False,,17.473
445,3,150,4,6,1,841504,851504,1280461,-0.5350582023067804,-8165.96097746361,16707.719601984438,10794.596344604302,75,False,0,False,,17.758
446,3,150,4,6,2,841504,851504,1280462,-0.537717119851549,-8140.075419608622,16655.94848627446,10747.988416703916,75,False,0,False,,17.78
447,3,150,4,7,1,841504,851504,1280471,-0.5620541838908248,-8324.08754924929,17069.068463202668,10751.806007778963,84,False,0,False,,18.111
448,3,150,4,7,2,841504,851504,1280472,-0.5662541823809489,-8352.00914943882,17124.911663581726,10741.97993937112,84,False,0,False,,18.243
449,5,50,1,1,1,860501,870501,1380111,-0.5929309679623657,-1720.7846809935083,3500.249707068439,2415.157494573705,15,False,0,False,,4.281
450,5,50,1,1,2,860501,870501,1380112,-0.6103681591031439,-1719.8911638601367,3498.4626728016956,2422.898626345561,15,False,0,False,,4.295
451,5,50,1,2,1,860501,870501,1380121,-0.5980964507059551,-1679.3178211396769,3472.08430943677,2273.2964706007456,29,False,0,False,,4.62
452,5,50,1,2,2,860501,870501,1380122,-0.5424546990145502,-1681.4077130981393,3476.264093353695,2254.9431773736164,29,False,0,False,,4.621
453,5,50,1,3,1,860501,870501,1380131,-0.590185757132119,-1692.722793881439,3549.75055399086,2159.001578621168,42,False,0,False,,4.773
454,5,50,1,3,2,860501,870501,1380132,-0.5989860433267877,-1699.8027022543472,3563.9103707366767,2233.417245722486,42,False,0,False,,4.75
455,5,50,1,4,1,860501,870501,1380141,-0.6355262556676273,-1718.2700365149733,3647.7893153230666,2150.854054313293,54,False,0,False,,4.804
456,5,50,1,4,2,860501,870501,1380142,-0.6549718526255194,-1696.574445731936,3604.398133756992,2083.503155033443,54,False,0,False,,4.763
457,5,50,1,5,1,860501,870501,1380151,-0.6714257145831241,-1744.1901575914055,3742.6618105356406,2094.2247753608644,65,False,0,False,,4.816
458,5,50,1,5,2,860501,870501,1380152,-0.6254920013392227,-1724.9242113363007,3704.129918025431,2052.293619886164,65,False,0,False,,4.812
459,5,50,1,6,1,860501,870501,1380161,-0.6919786428310603,-1766.790031197509,3826.981787802129,2057.4073425061733,75,False,0,False,,4.868
460,5,50,1,6,2,860501,870501,1380162,-0.6665470998141416,-1760.8148922878206,3815.031509982752,2055.814924851263,75,False,0,False,,4.876
461,5,50,1,7,1,860501,870501,1380171,-0.6972817094199603,-1815.2840080538922,3959.1779485637485,2065.789123105457,84,False,0,False,,4.999
462,5,50,1,7,2,860501,870501,1380172,-0.6819531004077185,-1826.3723103180596,3981.3545530920833,2080.904292234581,84,False,0,False,,4.921
463,5,50,2,1,1,860502,870502,1380211,-0.6362019346800194,-1683.4102672257313,3425.500879532885,2509.980378246857,15,False,0,False,,4.302
464,5,50,2,1,2,860502,870502,1380212,-0.6303676969123012,-1687.3166691276251,3433.3136833366725,2501.9635720422884,15,False,0,False,,4.302
465,5,50,2,2,1,860502,870502,1380221,-0.6485347520034446,-1674.4283152526386,3462.3052976626936,2407.0556826263473,29,False,0,False,,4.645
466,5,50,2,2,2,860502,870502,1380222,-0.6585591914863388,-1673.6612258241048,3460.771118805626,2381.6159681831764,29,False,0,False,,4.632
467,5,50,2,3,1,860502,870502,1380231,-0.6234263083397279,-1680.6120322718193,3525.529030771621,2351.121521894845,42,False,0,False,,4.789
468,5,50,2,3,2,860502,870502,1380232,-0.7028020833676406,-1681.910244385037,3528.1254549980563,2337.4725037429766,42,False,0,False,,4.738
469,5,50,2,4,1,860502,870502,1380241,-0.6806945631229787,-1724.8781077247786,3661.005457742677,2331.907120764243,54,False,0,False,,4.756
470,5,50,2,4,2,860502,870502,1380242,-0.6818180544052554,-1703.7716911197672,3618.7926245326544,2254.3217756314157,54,False,0,False,,4.736
471,5,50,2,5,1,860502,870502,1380251,-0.6404795764327356,-1759.8114701066434,3773.9044355661163,2294.9570967891846,65,False,0,False,,4.82
472,5,50,2,5,2,860502,870502,1380252,-0.6773096895471723,-1751.4842316076179,3757.2499585680653,2284.538619367645,65,False,0,False,,4.868
473,5,50,2,6,1,860502,870502,1380261,-0.6365258879620957,-1805.9186093705803,3905.2389441482715,2249.1526311133184,75,False,0,False,,4.92
474,5,50,2,6,2,860502,870502,1380262,-0.6834825488643126,-1814.5091853590302,3922.4200961251713,2333.051125828978,75,False,0,False,,4.904
475,5,50,2,7,1,860502,870502,1380271,-0.656918891914713,-1856.231267564296,4041.0724675845563,2312.366131943754,84,False,0,False,,4.952
476,5,50,2,7,2,860502,870502,1380272,-0.7135307975888432,-1854.8040015054162,4038.2179354667965,2340.64410180608,84,False,0,False,,4.905
477,5,50,3,1,1,860503,870503,1380311,-0.5899468682853646,-1773.1205942022268,3604.921533485876,2474.170011525657,15,False,0,False,,4.358
478,5,50,3,1,2,860503,870503,1380312,-0.5881917098855622,-1779.905167221025,3618.4906795234724,2465.500599492927,15,False,0,False,,4.302
479,5,50,3,2,1,860503,870503,1380321,-0.6174143041495077,-1740.7036725141052,3594.8560121856267,2285.694655619062,29,False,0,False,,4.657
480,5,50,3,2,2,860503,870503,1380322,-0.6108850781551443,-1767.6775040483915,3648.8036752541993,2368.2982011743675,29,False,0,False,,4.597
481,5,50,3,3,1,860503,870503,1380331,-0.5996193885596696,-1734.750647879845,3633.8062619876723,2213.7103565917255,42,False,0,False,,4.767
482,5,50,3,3,2,860503,870503,1380332,-0.6327049733859155,-1734.2314630320436,3632.7678922920695,2206.2501938628557,42,False,0,False,,4.744
483,5,50,3,4,1,860503,870503,1380341,-0.6077247656428554,-1736.1518560305863,3683.5529543542925,2108.0268258995497,54,False,0,False,,4.735
484,5,50,3,4,2,860503,870503,1380342,-0.6493321900486286,-1731.3943839392466,3674.038010171613,2087.1340242745996,54,False,0,False,,4.743
485,5,50,3,5,1,860503,870503,1380351,-0.6333324501021013,-1748.330604733674,3750.9427048201774,2047.5092160076829,65,False,0,False,,4.911
486,5,50,3,5,2,860503,870503,1380352,-0.5655327134764836,-1760.9820107894195,3776.2455169316686,2077.3787775169653,65,False,0,False,,4.979
487,5,50,3,6,1,860503,870503,1380361,-0.6570354617398313,-1798.4405298308727,3890.2827850688564,2040.7076468059518,75,False,0,False,,5.023
488,5,50,3,6,2,860503,870503,1380362,-0.6698260924824647,-1807.5701533916188,3908.5420321903484,2021.8663764887456,75,False,0,False,,4.878
489,5,50,3,7,1,860503,870503,1380371,-0.6562604372751587,-1856.482487603253,4041.57490766247,2032.1068638387135,84,False,0,False,,4.945
490,5,50,3,7,2,860503,870503,1380372,-0.6669109033965727,-1868.5979202236622,4065.8057729032885,2096.164431448344,84,False,0,False,,4.975
491,5,50,4,1,1,860504,870504,1380411,-0.5882464303250987,-1799.6031154413515,3657.8865759641253,2532.6683363768348,15,False,0,False,,4.293
492,5,50,4,1,2,860504,870504,1380412,-0.6061684035804614,-1795.9945922625966,3650.6695296066155,2533.094440456489,15,False,0,False,,4.341
493,5,50,4,2,1,860504,870504,1380421,-0.6004958831091378,-1767.5327499766358,3648.514167110688,2419.458454954643,29,False,0,False,,4.647
494,5,50,4,2,2,860504,870504,1380422,-0.5779683274248008,-1764.388850249367,3642.22636765615,2416.292762267386,29,False,0,False,,4.641
495,5,50,4,3,1,860504,870504,1380431,-0.6031156591156884,-1746.9738900465509,3658.252746321084,2243.206207999117,42,False,0,False,,4.769
496,5,50,4,3,2,860504,870504,1380432,-0.5742032395066197,-1740.2455638438119,3644.796093915606,2263.4844445743656,42,False,0,False,,4.766
497,5,50,4,4,1,860504,870504,1380441,-0.618280937724204,-1756.86808873316,3724.98541975944,2161.550615631774,54,False,0,False,,4.743
498,5,50,4,4,2,860504,870504,1380442,-0.6109562981378972,-1752.5939529119503,3716.4371481170206,2173.5756707438345,54,False,0,False,,4.859
499,5,50,4,5,1,860504,870504,1380451,-0.5828474755769865,-1780.739670248538,3815.7608358499056,2141.684809335724,65,False,0,False,,4.853
500,5,50,4,5,2,860504,870504,1380452,-0.5946660083176991,-1780.0958245936533,3814.473144540136,2141.3917062024766,65,False,0,False,,5.13
501,5,50,4,6,1,860504,870504,1380461,-0.6052268910096642,-1848.702845473172,3990.8074163534548,2183.6162119528694,75,False,0,False,,5.157
502,5,50,4,6,2,860504,870504,1380462,-0.6954477990179273,-1832.2378677856336,3957.877460978378,2116.7605260061155,75,False,0,False,,4.913
503,5,50,4,7,1,860504,870504,1380471,-0.6135351791336514,-1900.1716618693745,4128.9532561947135,2128.997986665131,84,False,0,False,,4.967
504,5,50,4,7,2,860504,870504,1380472,-0.5951118337973055,-1892.624647956609,4113.859228369182,2120.7389272826576,84,False,0,False,,4.957
505,5,50,5,1,1,860505,870505,1380511,-0.6064264337766722,-1803.3411219057857,3665.3625888929937,2321.4491269681284,15,False,0,False,,4.314
506,5,50,5,1,2,860505,870505,1380512,-0.6073759927078951,-1802.3177820658952,3663.3159092132128,2332.0298175486555,15,False,0,False,,4.291
507,5,50,5,2,1,860505,870505,1380521,-0.5917542325589255,-1769.551348203714,3652.5513635648445,2163.2634620622207,29,False,0,False,,4.594
508,5,50,5,2,2,860505,870505,1380522,-0.6107331507758603,-1767.685307039057,3648.8192812355305,2166.847846180233,29,False,0,False,,4.638
509,5,50,5,3,1,860505,870505,1380531,-0.6305696671324141,-1780.746544673305,3725.798055574592,2078.832016417017,42,False,0,False,,4.765
510,5,50,5,3,2,860505,870505,1380532,-0.5939453609981911,-1757.7660294810435,3679.837025190069,2057.689572629083,42,False,0,False,,4.767
511,5,50,5,4,1,860505,870505,1380541,-0.6456412107191447,-1777.721787458588,3766.692817210296,2001.7415874325648,54,False,0,False,,4.811
512,5,50,5,4,2,860505,870505,1380542,-0.6018661248960046,-1760.8566253693052,3732.9624930317304,1952.785289864818,54,False,0,False,,4.847
513,5,50,5,5,1,860505,870505,1380551,-0.6325262341316377,-1797.752641962366,3849.7867792775614,1926.8426519830386,65,False,0,False,,4.823
514,5,50,5,5,2,860505,870505,1380552,-0.6725364910094014,-1797.4179251335459,3849.1173456199213,1944.744506264351,65,False,0,False,,4.869
515,5,50,5,6,1,860505,870505,1380561,-0.6897363153275949,-1835.441379663123,3964.2844847333567,1919.5498997046238,75,False,0,False,,4.974
516,5,50,5,6,2,860505,870505,1380562,-0.6561680659715544,-1837.3564544983947,3968.1146344039003,1902.8629338564128,75,False,0,False,,4.904
517,5,50,5,7,1,860505,870505,1380571,-0.6074761835519024,-1885.4661776378598,4099.542287731684,1915.448969263056,84,False,0,False,,4.991
518,5,50,5,7,2,860505,870505,1380572,-0.6502025483220063,-1885.8960169841903,4100.401966424345,1914.1186609011972,84,False,0,False,,4.999
519,5,50,6,1,1,860506,870506,1380611,-0.6058246017312373,-1748.5863000443633,3555.852945170149,2251.518454730961,15,False,0,False,,4.268
520,5,50,6,1,2,860506,870506,1380612,-0.6111511295976605,-1749.8859098300948,3558.452164741612,2267.872628169828,15,False,0,False,,4.29
521,5,50,6,2,1,860506,870506,1380621,-0.6156932864918623,-1688.918645360491,3491.285957878398,2093.177772995487,29,False,0,False,,4.685
522,5,50,6,2,2,860506,870506,1380622,-0.6530579831506745,-1692.1106986426275,3497.6700644426714,2062.6338809043523,29,False,0,False,,4.661
523,5,50,6,3,1,860506,870506,1380631,-0.5975098755445599,-1672.068902863601,3508.442771955184,1939.2620417626188,42,False,0,False,,4.816
524,5,50,6,3,2,860506,870506,1380632,-0.5881026787736074,-1673.0756859192286,3510.4563380664395,1941.5378572267048,42,False,0,False,,4.917
525,5,50,6,4,1,860506,870506,1380641,-0.6080206930745448,-1698.4795371495752,3608.2083165922704,1892.312518279267,54,False,0,False,,4.829
526,5,50,6,4,2,860506,870506,1380642,-0.5856545870549448,-1694.23155145152,3599.71234519616,1908.3676182217027,54,False,0,False,,4.829
527,5,50,6,5,1,860506,870506,1380651,-0.57133060296762,-1713.9213717142304,3682.1242387812904,1802.098276295121,65,False,0,False,,4.968
528,5,50,6,5,2,860506,870506,1380652,-0.6135667659710478,-1723.0903991854059,3700.4622937236413,1819.4080230164668,65,False,0,False,,5.543
529,5,50,6,6,1,860506,870506,1380661,-0.640236192537014,-1772.7320214115548,3838.8657682302205,1861.7639022858955,75,False,0,False,,5.009
530,5,50,6,6,2,860506,870506,1380662,-0.5971806094165198,-1782.3805516040004,3858.1628286151117,1861.1264474521686,75,False,0,False,,4.919
531,5,50,6,7,1,860506,870506,1380671,-0.6637173831155829,-1843.9093622138414,4016.428656883647,1877.420090211924,84,False,0,False,,5.023
532,5,50,6,7,2,860506,870506,1380672,-0.6388536111626963,-1836.7158210227226,4002.0415745014093,1920.730965565679,84,False,0,False,,4.951
533,5,50,7,1,1,860507,870507,1380711,-0.6525757246711567,-1782.6320530667058,3623.944451214834,2328.175536859222,15,False,0,False,,4.277
534,5,50,7,1,2,860507,870507,1380712,-0.6465281599284954,-1781.2096141633083,3621.099573408039,2317.585738859855,15,False,0,False,,4.304
535,5,50,7,2,1,860507,870507,1380721,-0.6521517712663663,-1754.7229193836129,3622.894505924642,2192.7463621804686,29,False,0,False,,4.595
536,5,50,7,2,2,860507,870507,1380722,-0.6339231174814105,-1746.2455009964433,3605.939669150303,2146.9454667677883,29,False,0,False,,4.669
537,5,50,7,3,1,860507,870507,1380731,-0.6870742689237961,-1731.6563632631392,3627.6176927542606,2067.26856999457,42,False,0,False,,4.759
538,5,50,7,3,2,860507,870507,1380732,-0.6621466144481013,-1727.0909273975358,3618.486821023054,2045.4941033621412,42,False,0,False,,4.744
539,5,50,7,4,1,860507,870507,1380741,-0.6304814985855621,-1746.6633042007134,3704.5758506945467,1956.8964992419187,54,False,0,False,,4.796
540,5,50,7,4,2,860507,870507,1380742,-0.6693830619237687,-1759.7461634834608,3730.7415692600416,2006.9432207527416,54,False,0,False,,4.769
541,5,50,7,5,1,860507,870507,1380751,-0.723630248921311,-1779.064853637934,3812.4112026286975,1990.4809890045285,65,False,0,False,,4.857
542,5,50,7,5,2,860507,870507,1380752,-0.626925309212347,-1778.379682071025,3811.0408594948794,1934.0881649978232,65,False,0,False,,4.854
543,5,50,7,6,1,860507,870507,1380761,-0.7538302595954306,-1823.1164122652017,3939.6345499375143,1948.2669751373494,75,False,0,False,,4.855
544,5,50,7,6,2,860507,870507,1380762,-0.7161537273275675,-1821.5373244267012,3936.4763742605132,1894.9966383144551,75,False,0,False,,4.879
545,5,50,7,7,1,860507,870507,1380771,-0.8157714891119037,-1880.382726368765,4089.375385193494,1917.973102683757,84,False,0,False,,4.937
546,5,50,7,7,2,860507,870507,1380772,-0.7758400201619282,-1860.683318084451,4049.976568624866,1916.8861944741752,84,False,0,False,,4.9
547,5,50,8,1,1,860508,870508,1380811,-0.6526199427608727,-1848.0671282029007,3754.8146014872236,2483.6141866533526,15,False,0,False,,4.216
548,5,50,8,1,2,860508,870508,1380812,-0.6517162098154755,-1850.9645952181208,3760.609535517664,2497.692492094411,15,False,0,False,,4.259
549,5,50,8,2,1,860508,870508,1380821,-0.6226192683642134,-1775.8879530898635,3665.2245733371433,2270.4184974909845,29,False,0,False,,4.577
550,5,50,8,2,2,860508,870508,1380822,-0.6011184815618047,-1778.6359342749188,3670.720535707254,2280.5331339336285,29,False,0,False,,4.652
551,5,50,8,3,1,860508,870508,1380831,-0.6076965396796847,-1767.2621860964477,3698.829338420878,2154.907571293565,42,False,0,False,,4.755
552,5,50,8,3,2,860508,870508,1380832,-0.5919034580710243,-1756.806145659693,3677.917257547368,2126.396819943312,42,False,0,False,,4.708
553,5,50,8,4,1,860508,870508,1380841,-0.6488590965239213,-1765.3556611693548,3741.9605646318296,2079.648812791574,54,False,0,False,,4.714
554,5,50,8,4,2,860508,870508,1380842,-0.6502946746967851,-1779.3282259810721,3769.9056942552643,2088.595130449839,54,False,0,False,,4.742
555,5,50,8,5,1,860508,870508,1380851,-0.541188484320029,-1788.717601147549,3831.7166976479275,2053.7257182449907,65,False,0,False,,4.866
556,5,50,8,5,2,860508,870508,1380852,-0.617827161565012,-1770.7527539327843,3795.7870032183982,1939.862070347625,65,False,0,False,,4.772
557,5,50,8,6,1,860508,870508,1380861,-0.6276511088272939,-1839.3420136914315,3972.085752789974,1999.5469225068732,75,False,0,False,,4.877
558,5,50,8,6,2,860508,870508,1380862,-0.6196809948230977,-1845.4981604723816,3984.398046351874,2025.3196286106502,75,False,0,False,,4.886
559,5,50,8,7,1,860508,870508,1380871,-0.6474680135979812,-1893.2341543227285,4115.078241101422,1994.9139360165789,84,False,0,False,,4.909
560,5,50,8,7,2,860508,870508,1380872,-0.6536078044593073,-1898.9218676127539,4126.453667681472,2036.539413638574,84,False,0,False,,4.932
561,5,75,1,1,1,860751,870751,1405111,-0.6089341960610919,-3179.5023794921563,6423.7670806873575,4537.084078952697,15,False,0,False,,6.512
562,5,75,1,1,2,860751,870751,1405112,-0.6027933231466772,-3183.6643740958198,6432.091069894685,4548.880613975951,15,False,0,False,,6.714
563,5,75,1,2,1,860751,870751,1405121,-0.6033420785231556,-3058.4431551326215,6242.093465557796,4129.126263043643,29,False,0,False,,7.136
564,5,75,1,2,2,860751,870751,1405122,-0.5764265287120282,-3047.6022746422213,6220.411704576995,4126.497093219231,29,False,0,False,,7.134
565,5,75,1,3,1,860751,870751,1405131,-0.5959014347553285,-3031.6131361738426,6244.56077311621,3945.657590369146,42,False,0,False,,7.322
566,5,75,1,3,2,860751,870751,1405132,-0.5855207722013505,-3031.6211865881405,6244.576873944806,3909.641084648257,42,False,0,False,,7.35
567,5,75,1,4,1,860751,870751,1405141,-0.5634806708961207,-3004.3683918756615,6241.881141882283,3727.890673871799,54,False,0,False,,7.46
568,5,75,1,4,2,860751,870751,1405142,-0.5528221409840923,-3003.827773887534,6240.7999059060285,3705.725686687327,54,False,0,False,,7.35
569,5,75,1,5,1,860751,870751,1405151,-0.5729630740984676,-3059.7231352648214,6400.082997909503,3706.8988510228633,65,False,0,False,,7.501
570,5,75,1,5,2,860751,870751,1405152,-0.552077172177295,-3050.892652482763,6382.4220323453865,3633.7928438760077,65,False,0,False,,7.461
571,5,75,1,6,1,860751,870751,1405161,-0.565814837722018,-3144.2976486592797,6612.406905833783,3696.7439797545535,75,False,0,False,,7.526
572,5,75,1,6,2,860751,870751,1405162,-0.6073195123800749,-3137.1226994029394,6598.057007321102,3647.6246252040482,75,False,0,False,,7.6
573,5,75,1,7,1,860751,870751,1405171,-0.5760811523208648,-3209.9975472821416,6782.664096101334,3615.364485638641,84,False,0,False,,7.755
574,5,75,1,7,2,860751,870751,1405172,-0.6147128140365808,-3200.167232002972,6763.0034655429945,3612.263171383353,84,False,0,False,,7.67
575,5,75,2,1,1,860752,870752,1405211,-0.6453087194061132,-3196.1558635938754,6457.074048890796,4723.804175623319,15,False,0,False,,6.603
576,5,75,2,1,2,860752,870752,1405212,-0.6338912274710041,-3213.1059898456124,6490.97430139427,4712.66213731826,15,False,0,False,,6.619
577,5,75,2,2,1,860752,870752,1405221,-0.6219116574574429,-3139.481782354309,6404.170720001171,4428.656474312415,29,False,0,False,,7.156
578,5,75,2,2,2,860752,870752,1405222,-0.6558282487313423,-3141.6201234929167,6408.447402278386,4442.745129361079,29,False,0,False,,7.219
579,5,75,2,3,1,860752,870752,1405231,-0.6147711454672291,-3106.147699018079,6393.629898804683,4231.783072506725,42,False,0,False,,7.317
580,5,75,2,3,2,860752,870752,1405232,-0.6191015435626669,-3091.156949485473,6363.648399739471,4181.270455237786,42,False,0,False,,7.37
581,5,75,2,4,1,860752,870752,1405241,-0.5843003642414303,-3055.740934984412,6344.626228099784,3896.072969058354,54,False,0,False,,7.365
582,5,75,2,4,2,860752,870752,1405242,-0.6086666384011679,-3057.2043189314327,6347.552995993826,3987.4495475274352,54,False,0,False,,7.385
583,5,75,2,5,1,860752,870752,1405251,-0.605152364359529,-3089.4329752923304,6459.502677964521,3911.4157465234507,65,False,0,False,,7.584
584,5,75,2,5,2,860752,870752,1405252,-0.6090890397714142,-3102.6641402038904,6485.965007787641,3890.2586994967337,65,False,0,False,,7.63
585,5,75,2,6,1,860752,870752,1405261,-0.660071063781827,-3157.7649753959477,6639.341559307119,3843.461981163669,75,False,0,False,,7.746
586,5,75,2,6,2,860752,870752,1405262,-0.6562383654098192,-3146.9489448857803,6617.709498286784,3806.4864091669883,75,False,0,False,,7.768
587,5,75,2,7,1,860752,870752,1405271,-0.6737885055064328,-3233.224050272628,6829.117102082307,3803.2248686315675,84,False,0,False,,7.679
588,5,75,2,7,2,860752,870752,1405272,-0.6785119097557324,-3249.5455248094922,6861.760051156035,3845.0608438104928,84,False,0,False,,7.76
589,5,75,3,1,1,860753,870753,1405311,-0.6232813918648822,-3233.9797264640174,6532.72177463108,4716.848059727228,15,False,0,False,,6.479
590,5,75,3,1,2,860753,870753,1405312,-0.6001147855748644,-3203.479143646312,6471.720608995669,4647.748218327686,15,False,0,False,,6.572
591,5,75,3,2,1,860753,870753,1405321,-0.5842457508270098,-3121.5696271712804,6368.346409635114,4304.320818737761,29,False,0,False,,7.169
592,5,75,3,2,2,860753,870753,1405322,-0.5904710224386592,-3128.764447783574,6382.7360508597,4319.20881383719,29,False,0,False,,7.128
593,5,75,3,3,1,860753,870753,1405331,-0.5619677520740598,-3090.5066543115445,6362.347809391614,4094.1198097359584,42,False,0,False,,7.346
594,5,75,3,3,2,860753,870753,1405332,-0.5790759616113105,-3120.7052287411534,6422.744958250832,4177.994578199506,42,False,0,False,,7.294
595,5,75,3,4,1,860753,870753,1405341,-0.5645586883946953,-3060.052593039606,6353.249544210173,3880.527785876901,54,False,0,False,,7.519
596,5,75,3,4,2,860753,870753,1405342,-0.5580700420319883,-3056.0143050150027,6345.172968160966,3863.9061028718193,54,False,0,False,,7.4
597,5,75,3,5,1,860753,870753,1405351,-0.5611765907726198,-3066.5884347148785,6413.813596809618,3731.8209414465955,65,False,0,False,,7.581
598,5,75,3,5,2,860753,870753,1405352,-0.6181347346850973,-3072.501771384017,6425.640270147895,3714.4438692112353,65,False,0,False,,7.61
599,5,75,3,6,1,860753,870753,1405361,-0.6021378963284553,-3140.5052426628,6604.822093840823,3691.458225004574,75,False,0,False,,7.663
600,5,75,3,6,2,860753,870753,1405362,-0.6256390755839966,-3138.748776529196,6601.309161573616,3651.445837399796,75,False,0,False,,7.556
601,5,75,3,7,1,860753,870753,1405371,-0.577201500363039,-3211.845233308163,6786.359468153377,3647.2744451217504,84,False,0,False,,7.74
602,5,75,3,7,2,860753,870753,1405372,-0.6338896387947587,-3213.9305274887565,6790.5300565145635,3694.5929978136533,84,False,0,False,,7.732
603,5,75,4,1,1,860754,870754,1405411,-0.597684062273436,-3096.174129564161,6257.110580831367,4612.066984517031,15,False,0,False,,6.559
604,5,75,4,1,2,860754,870754,1405412,-0.6083239483541741,-3101.184540144092,6267.131401991229,4608.158756123746,15,False,0,False,,6.525
605,5,75,4,2,1,860754,870754,1405421,-0.5788727959041253,-3011.3223411785643,6147.851837649681,4268.658270193303,29,False,0,False,,7.224
606,5,75,4,2,2,860754,870754,1405422,-0.5859421770719181,-3023.3363465688594,6171.8798484302715,4319.062266666347,29,False,0,False,,7.203
607,5,75,4,3,1,860754,870754,1405431,-0.5704863127932587,-2951.8148809096497,6084.964262587824,4042.048459509345,42,False,0,False,,7.387
608,5,75,4,3,2,860754,870754,1405432,-0.5475734812113378,-2953.3900241479223,6088.114549064369,4026.7832537548497,42,False,0,False,,7.349
609,5,75,4,4,1,860754,870754,1405441,-0.5703449795602276,-2932.3381927004943,6097.820743531949,3842.4571645789774,54,False,0,False,,7.398
610,5,75,4,4,2,860754,870754,1405442,-0.613776775835239,-2945.2235909522283,6123.591540035417,3842.055414859086,54,False,0,False,,7.442
611,5,75,4,5,1,860754,870754,1405451,-0.5307330072947448,-2994.965451609954,6270.567630599769,3784.315964896456,65,False,0,False,,7.701
612,5,75,4,5,2,860754,870754,1405452,-0.5960763810447185,-2999.189613592159,6279.015954564178,3805.7474529550786,65,False,0,False,,7.511
613,5,75,4,6,1,860754,870754,1405461,-0.6145703589804008,-3070.4131164723567,6464.637841459937,3729.382143460596,75,False,0,False,,7.564
614,5,75,4,6,2,860754,870754,1405462,-0.6293743592958374,-3080.058279061179,6483.928166637581,3822.688017752821,75,False,0,False,,7.653
615,5,75,4,7,1,860754,870754,1405471,-0.6527872283297017,-3124.9070757298355,6612.483152996721,3716.9992254387325,84,False,0,False,,7.753
616,5,75,4,7,2,860754,870754,1405472,-0.6399203503211838,-3131.5059319130696,6625.68086536319,3682.23900064877,84,False,0,False,,7.7
617,5,75,5,1,1,860755,870755,1405511,-0.5907538038516169,-3127.3639351591287,6319.490192021302,4533.526540374271,15,False,0,False,,6.511
618,5,75,5,1,2,860755,870755,1405512,-0.6301465491334614,-3132.1579300878016,6329.078181878648,4612.567398850992,15,False,0,False,,6.532
619,5,75,5,2,1,860755,870755,1405521,-0.5932056888128366,-2969.0429491013924,6063.2930534953375,4074.0740553231503,29,False,0,False,,7.108
620,5,75,5,2,2,860755,870755,1405522,-0.6155546050160362,-2971.3004795432453,6067.808114379043,4127.938126649963,29,False,0,False,,7.18
621,5,75,5,3,1,860755,870755,1405531,-0.5837114592591001,-2904.9471292978283,5991.228759364181,3781.467045286523,42,False,0,False,,7.31
622,5,75,5,3,2,860755,870755,1405532,-0.5946219424329131,-2910.346425229421,6002.027351227367,3829.2533381756257,42,False,0,False,,7.469
623,5,75,5,4,1,860755,870755,1405541,-0.5848035234976017,-2869.468859144117,5972.082076419194,3560.0326655035,54,False,0,False,,7.438
624,5,75,5,4,2,860755,870755,1405542,-0.5997071742219631,-2871.5858317806046,5976.31602169217,3581.3662603497955,54,False,0,False,,7.476
625,5,75,5,5,1,860755,870755,1405551,-0.6069693749086449,-2926.4304058928938,6133.497539165648,3570.039299579345,65,False,0,False,,7.471
626,5,75,5,5,2,860755,870755,1405552,-0.6294697787382948,-2930.209001963571,6141.054731307003,3548.316324986479,65,False,0,False,,7.537
627,5,75,5,6,1,860755,870755,1405561,-0.6098081166807985,-3003.8056027748853,6331.422814064994,3524.784935558066,75,False,0,False,,7.663
628,5,75,5,6,2,860755,870755,1405562,-0.6451986269819182,-2991.561232675898,6306.934073867019,3547.8208107744213,75,False,0,False,,7.683
629,5,75,5,7,1,860755,870755,1405571,-0.6753104765108683,-3049.9014255435045,6462.4718526240595,3431.9561887482546,84,False,0,False,,7.751
630,5,75,5,7,2,860755,870755,1405572,-0.6316126647591728,-3061.7452629691966,6486.159527475444,3485.810570716581,84,False,0,False,,7.735
631,5,75,6,1,1,860756,870756,1405611,-0.6389392530507998,-3235.425179193899,6535.612680090843,4662.595070159565,15,False,0,False,,6.59
632,5,75,6,1,2,860756,870756,1405612,-0.6259156125527753,-3244.330819936833,6553.423961576711,4670.149881862268,15,False,0,False,,6.512
633,5,75,6,2,1,860756,870756,1405621,-0.6088260697496539,-3135.970323309826,6397.147801912205,4301.033721385173,29,False,0,False,,7.186
634,5,75,6,2,2,860756,870756,1405622,-0.6224917120622225,-3129.6446510394644,6384.4964573714815,4272.489712890217,29,False,0,False,,7.195
635,5,75,6,3,1,860756,870756,1405631,-0.6021498403590582,-3055.7134402725555,6292.761381313636,3981.153706723847,42,False,0,False,,7.444
636,5,75,6,3,2,860756,870756,1405632,-0.6101428655360744,-3045.160214227849,6271.6549292242225,3930.25634438545,42,False,0,False,,7.582
637,5,75,6,4,1,860756,870756,1405641,-0.5959193349753824,-3004.241865351456,6241.628088833872,3704.338236023522,54,False,0,False,,7.328
638,5,75,6,4,2,860756,870756,1405642,-0.6177147149552701,-2999.8260400405147,6232.79643821199,3693.0801394137643,54,False,0,False,,7.401
639,5,75,6,5,1,860756,870756,1405651,-0.6253187154657506,-2978.5935077016284,6237.823742783117,3496.2336607483844,65,False,0,False,,7.568
640,5,75,6,5,2,860756,870756,1405652,-0.6226583541032811,-2992.654123180892,6265.944973741644,3536.940826974673,65,False,0,False,,7.537
641,5,75,6,6,1,860756,870756,1405661,-0.5989791512723646,-3054.7480316461724,6433.307671807568,3475.8372970612854,75,False,0,False,,7.582
642,5,75,6,6,2,860756,870756,1405662,-0.6569475764381258,-3062.060339034919,6447.932286585061,3488.335245511735,75,False,0,False,,7.628
643,5,75,6,7,1,860756,870756,1405671,-0.6839231266715533,-3127.6063034935673,6617.881608524185,3474.71576001193,84,False,0,False,,7.767
644,5,75,6,7,2,860756,870756,1405672,-0.6349447747324848,-3151.95703261865,6666.58306677435,3422.4413209301397,84,False,0,False,,7.73
645,5,75,7,1,1,860757,870757,1405711,-0.6142745689786465,-3176.3750273517635,6417.512376406572,4565.250706190212,15,False,0,False,,6.499
646,5,75,7,1,2,860757,870757,1405712,-0.6131606506615189,-3185.943102230729,6436.648526164503,4581.565525093763,15,False,0,False,,6.509
647,5,75,7,2,1,860757,870757,1405721,-0.6277942219350109,-3110.895864235339,6346.998883763231,4279.427998920018,29,False,0,False,,7.076
648,5,75,7,2,2,860757,870757,1405722,-0.6199950258840187,-3119.8395140979665,6364.886183488486,4261.82106244978,29,False,0,False,,7.195
649,5,75,7,3,1,860757,870757,1405731,-0.6177679439535332,-3100.010777353463,6381.35605547545,4082.5278449714356,42,False,0,False,,7.221
650,5,75,7,3,2,860757,870757,1405732,-0.6352564295374298,-3096.66775124967,6374.670003267865,4076.8888419688424,42,False,0,False,,7.283
651,5,75,7,4,1,860757,870757,1405741,-0.6373133977618102,-3093.187336075265,6419.519030281491,3931.8286070800086,54,False,0,False,,7.294
652,5,75,7,4,2,860757,870757,1405742,-0.6479463156796583,-3094.4481325268416,6422.040623184644,3951.7040199349453,54,False,0,False,,7.32
653,5,75,7,5,1,860757,870757,1405751,-0.6549252132959748,-3136.9747042056997,6554.58613579126,3821.112518832029,65,False,0,False,,7.499
654,5,75,7,5,2,860757,870757,1405752,-0.6254521837382707,-3133.8424193813626,6548.321566142586,3888.9326796193604,65,False,0,False,,7.495
655,5,75,7,6,1,860757,870757,1405761,-0.6811055893571977,-3189.947085179828,6703.705778874879,3802.103400782231,75,False,0,False,,7.568
656,5,75,7,6,2,860757,870757,1405762,-0.6957552748592124,-3207.626585578738,6739.064779672699,3794.237180585911,75,False,0,False,,7.573
657,5,75,7,7,1,860757,870757,1405771,-0.6848650457966089,-3281.7347117945546,6926.13842512616,3783.9712808327786,84,False,0,False,,7.715
658,5,75,7,7,2,860757,870757,1405772,-0.6801935754735772,-3288.814798921271,6940.298599379593,3815.905592697697,84,False,0,False,,7.79
659,5,75,8,1,1,860758,870758,1405811,-0.6256551553186709,-3144.899715672666,6354.561753048377,4594.923467550267,15,False,0,False,,6.644
660,5,75,8,1,2,860758,870758,1405812,-0.6009156265056648,-3129.750615440271,6324.263552583587,4528.57441388503,15,False,0,False,,6.579
661,5,75,8,2,1,860758,870758,1405821,-0.5709040054250272,-2942.1520233551764,6009.5112020029055,4023.3836349837843,29,False,0,False,,7.341
662,5,75,8,2,2,860758,870758,1405822,-0.5733806827329715,-2945.7216782559594,6016.6505118044715,4022.367111490524,29,False,0,False,,7.238
663,5,75,8,3,1,860758,870758,1405831,-0.5897422811092025,-2896.066593463563,5973.467687695651,3751.9445274427603,42,False,0,False,,7.459
664,5,75,8,3,2,860758,870758,1405832,-0.5890458786392979,-2884.4811098739233,5950.296720516371,3760.2329979346555,42,False,0,False,,7.408
665,5,75,8,4,1,860758,870758,1405841,-0.5951530600962689,-2890.6620197347743,6014.468397600509,3593.520009646672,54,False,0,False,,8.412
666,5,75,8,4,2,860758,870758,1405842,-0.6165059112353534,-2894.426135592745,6021.996629316451,3608.0007549315587,54,False,0,False,,7.451
667,5,75,8,5,1,860758,870758,1405851,-0.6256629509464101,-2910.518543910144,6101.673815200149,3491.67873034837,65,False,0,False,,7.504
668,5,75,8,5,2,860758,870758,1405852,-0.6023901725930217,-2906.6527342848126,6093.942195949486,3446.7734932553085,65,False,0,False,,7.57
669,5,75,8,6,1,860758,870758,1405861,-0.5787276292802337,-2971.3916855272128,6266.594979569649,3440.0044961468107,75,False,0,False,,7.669
670,5,75,8,6,2,860758,870758,1405862,-0.6221606722978437,-2982.4216195478707,6288.654847610965,3466.074297145519,75,False,0,False,,7.603
671,5,75,8,7,1,860758,870758,1405871,-0.6586099812384384,-3069.609894627704,6501.888790792458,3488.9767644019303,84,False,0,False,,7.787
672,5,75,8,7,2,860758,870758,1405872,-0.6336279464786283,-3043.4242375555464,6449.517476648143,3386.4451156130212,84,False,0,False,,7.807
673,5,100,1,1,1,861001,871001,1430111,-0.6205359624988791,-4863.126850769202,9795.331254328226,7377.463748577643,15,False,0,False,,8.999
674,5,100,1,1,2,861001,871001,1430112,-0.6348200709524754,-4863.405237148198,9795.888027086217,7387.3631530558905,15,False,0,False,,8.934
675,5,100,1,2,1,861001,871001,1430121,-0.5977131440775408,-4706.639445013569,9546.828825420791,6864.863800132348,29,False,0,False,,9.963
676,5,100,1,2,2,861001,871001,1430122,-0.6034822668751747,-4728.53535192333,9590.620639240315,6901.436010866818,29,False,0,False,,9.859
677,5,100,1,3,1,861001,871001,1430131,-0.57584963939576,-4600.320192451668,9394.057532714836,6436.787002397527,42,False,0,False,,10.21
678,5,100,1,3,2,861001,871001,1430132,-0.5856006830074666,-4602.669778548223,9398.756704907946,6440.387407453385,42,False,0,False,,10.204
679,5,100,1,4,1,861001,871001,1430141,-0.563928994523001,-4505.274631055392,9259.22845215414,5978.434941689917,54,False,0,False,,10.258
680,5,100,1,4,2,861001,871001,1430142,-0.539333644731917,-4505.913236029515,9260.505662102387,6039.444512714444,54,False,0,False,,10.147
681,5,100,1,5,1,861001,871001,1430151,-0.5463336932616636,-4504.000841105166,9307.337744299557,5719.489705365085,65,False,0,False,,10.366
682,5,100,1,5,2,861001,871001,1430152,-0.5614785063944273,-4510.51151977777,9320.359101644766,5798.719387674717,65,False,0,False,,10.568
683,5,100,1,6,1,861001,871001,1430161,-0.5953134777586021,-4602.26421851431,9549.916200977728,5685.085385792854,75,False,0,False,,10.541
684,5,100,1,6,2,861001,871001,1430162,-0.570640751048248,-4622.444498569794,9590.276761088695,5751.004454514674,75,False,0,False,,10.506
685,5,100,1,7,1,861001,871001,1430171,-0.6080957131855841,-4732.802051822862,9852.438399268724,5805.640001747703,84,False,0,False,,10.819
686,5,100,1,7,2,861001,871001,1430172,-0.5903507025837078,-4730.280712653248,9847.395720929495,5736.577616298172,84,False,0,False,,10.656
687,5,100,2,1,1,861002,871002,1430211,-0.6138339116130799,-4703.364881974698,9475.807316739218,7427.6709139537725,15,False,0,False,,8.868
688,5,100,2,1,2,861002,871002,1430212,-0.610034308783034,-4714.3073239767855,9497.692200743393,7450.436492061682,15,False,0,False,,8.802
689,5,100,2,2,1,861002,871002,1430221,-0.5884456870828516,-4615.560380738329,9364.670696870311,7070.367579723345,29,False,0,False,,9.763
690,5,100,2,2,2,861002,871002,1430222,-0.596510512626423,-4612.295289203299,9358.140513800252,7060.712288003714,29,False,0,False,,9.694
691,5,100,2,3,1,861002,871002,1430231,-0.6010922949954073,-4529.597733910279,9252.612615632059,6680.953274460105,42,False,0,False,,10.044
692,5,100,2,3,2,861002,871002,1430232,-0.6062906361552567,-4528.079651172977,9249.576450157454,6622.519702286535,42,False,0,False,,10.112
693,5,100,2,4,1,861002,871002,1430241,-0.5806665515135209,-4542.590117590669,9333.859425224695,6455.50371015202,54,False,0,False,,10.163
694,5,100,2,4,2,861002,871002,1430242,-0.5878046564319885,-4513.568027614374,9275.815245272104,6358.034080523542,54,False,0,False,,10.091
695,5,100,2,5,1,861002,871002,1430251,-0.5825265643844963,-4557.943704058049,9415.223470205323,6254.649922017949,65,False,0,False,,10.357
696,5,100,2,5,2,861002,871002,1430252,-0.5955263618738351,-4565.350310572925,9430.036683235076,6229.2167992860295,65,False,0,False,,10.353
697,5,100,2,6,1,861002,871002,1430261,-0.5742348322887775,-4646.625821957359,9638.639407863826,6199.422400565071,75,False,0,False,,10.47
698,5,100,2,6,2,861002,871002,1430262,-0.5842443491702252,-4668.467424162398,9682.322612273903,6219.915048475252,75,False,0,False,,10.643
699,5,100,2,7,1,861002,871002,1430271,-0.6156166799581402,-4749.563758169714,9885.961811962427,6092.313365166437,84,False,0,False,,10.902
700,5,100,2,7,2,861002,871002,1430272,-0.6427115178164285,-4750.885392563362,9888.605080749723,6213.232171279981,84,False,0,False,,10.664
701,5,100,3,1,1,861003,871003,1430311,-0.6215333284783566,-4918.437711316961,9905.952975423745,7432.861063297084,15,False,0,False,,8.848
702,5,100,3,1,2,861003,871003,1430312,-0.623218330442714,-4918.642043206057,9906.361639201936,7402.457049038584,15,False,0,False,,8.908
703,5,100,3,2,1,861003,871003,1430321,-0.6049510671015323,-4800.920346056661,9735.390627506977,6934.330691677392,29,False,0,False,,9.83
704,5,100,3,2,2,861003,871003,1430322,-0.6087705204604424,-4753.047848491114,9639.645632375881,6859.993137131444,29,False,0,False,,9.928
705,5,100,3,3,1,861003,871003,1430331,-0.584683957093291,-4571.765780152425,9336.94870811635,6328.37819368119,42,False,0,False,,10.316
706,5,100,3,3,2,861003,871003,1430332,-0.5791273331780759,-4565.412903494546,9324.242954800593,6262.365953757112,42,False,0,False,,10.106
707,5,100,3,4,1,861003,871003,1430341,-0.5567686423711626,-4448.937563353362,9146.55431675008,5846.719935819504,54,False,0,False,,10.263
708,5,100,3,4,2,861003,871003,1430342,-0.5617209867091888,-4467.400660855565,9183.480511754486,5823.414472202083,54,False,0,False,,10.184
709,5,100,3,5,1,861003,871003,1430351,-0.5560275681759047,-4443.871024333704,9187.078110756633,5568.03365429334,65,False,0,False,,10.385
710,5,100,3,5,2,861003,871003,1430352,-0.5494380456818518,-4448.450086376632,9196.236234842489,5573.767533595894,65,False,0,False,,10.44
711,5,100,3,6,1,861003,871003,1430361,-0.5750321778291015,-4557.165627519195,9459.719018987498,5538.996170461915,75,False,0,False,,10.575
712,5,100,3,6,2,861003,871003,1430362,-0.5546185632346822,-4561.399959070469,9468.187682090045,5520.60903186728,75,False,0,False,,10.632
713,5,100,3,7,1,861003,871003,1430371,-0.602797239883531,-4640.997354272622,9668.829004168243,5458.766625104023,84,False,0,False,,10.826
714,5,100,3,7,2,861003,871003,1430372,-0.5764757463117133,-4640.917869603446,9668.670034829891,5473.5928656611695,84,False,0,False,,10.787
715,5,100,4,1,1,861004,871004,1430411,-0.6295597294971689,-4860.7423701362695,9790.562293062361,7405.157981405073,15,False,0,False,,8.831
716,5,100,4,1,2,861004,871004,1430412,-0.6242654292201251,-4860.795511187394,9790.668575164611,7411.145647220304,15,False,0,False,,8.869
717,5,100,4,2,1,861004,871004,1430421,-0.5923995485796917,-4664.947875931286,9463.445687256226,6819.926905889744,29,False,0,False,,9.901
718,5,100,4,2,2,861004,871004,1430422,-0.5910909600833931,-4676.16606304278,9485.882061479213,6823.366220505531,29,False,0,False,,9.915
719,5,100,4,3,1,861004,871004,1430431,-0.5760355568698676,-4510.032359005821,9213.481865823142,6249.126499428895,42,False,0,False,,10.193
720,5,100,4,3,2,861004,871004,1430432,-0.5711255318963632,-4512.575035601776,9218.567219015053,6277.689014313707,42,False,0,False,,10.19
721,5,100,4,4,1,861004,871004,1430441,-0.5514334167642199,-4426.162977880248,9101.005145803852,5826.523213335101,54,False,0,False,,10.231
722,5,100,4,4,2,861004,871004,1430442,-0.5502949176591689,-4428.434100641791,9105.547391326938,5877.502597673919,54,False,0,False,,10.238
723,5,100,4,5,1,861004,871004,1430451,-0.5350561646182516,-4422.185102412098,9143.706266913421,5571.748590868066,65,False,0,False,,10.483
724,5,100,4,5,2,861004,871004,1430452,-0.5596877729669223,-4416.5149082526,9132.365878594426,5626.050926285304,65,False,0,False,,10.449
725,5,100,4,6,1,861004,871004,1430461,-0.5786357374461265,-4499.615189550997,9344.6181430511,5561.1857284318,75,False,0,False,,10.604
726,5,100,4,6,2,861004,871004,1430462,-0.5965260963681326,-4513.686594924322,9372.760953797751,5593.324431246685,75,False,0,False,,10.634
727,5,100,4,7,1,861004,871004,1430471,-0.5928940230537716,-4621.320521008025,9629.475337639049,5516.0363917488885,84,False,0,False,,10.702
728,5,100,4,7,2,861004,871004,1430472,-0.6445663558108252,-4615.98093732053,9618.796170264059,5568.500131897818,84,False,0,False,,10.792
729,5,100,5,1,1,861005,871005,1430511,-0.6047394944969036,-4800.637212242556,9670.351977274935,7339.937712498675,15,False,0,False,,8.798
730,5,100,5,1,2,861005,871005,1430512,-0.6098516672792756,-4799.338242194281,9667.754037178383,7352.082397640641,15,False,0,False,,8.873
731,5,100,5,2,1,861005,871005,1430521,-0.5821849961918606,-4610.245710919504,9354.041357232662,6754.084020811427,29,False,0,False,,10.112
732,5,100,5,2,2,861005,871005,1430522,-0.5777895361009636,-4614.913623016124,9363.377181425902,6748.838847965774,29,False,0,False,,10.343
733,5,100,5,3,1,861005,871005,1430531,-0.5801320726272596,-4536.020559594898,9265.458267001297,6378.467255961524,42,False,0,False,,10.683
734,5,100,5,3,2,861005,871005,1430532,-0.5701835682113567,-4548.748330253256,9290.913808318013,6397.833602451498,42,False,0,False,,10.705
735,5,100,5,4,1,861005,871005,1430541,-0.5745028000172544,-4526.852675501553,9302.384541046462,6102.358857434941,54,False,0,False,,11.77
736,5,100,5,4,2,861005,871005,1430542,-0.584505325656679,-4485.992159886704,9220.663509816764,6041.819950218728,54,False,0,False,,11.437
737,5,100,5,5,1,861005,871005,1430551,-0.5829005716675492,-4513.896736025217,9327.12953413966,5873.331801008148,65,False,0,False,,11.003
738,5,100,5,5,2,861005,871005,1430552,-0.5816525016837484,-4502.907421103,9305.150904295226,5801.254608720862,65,False,0,False,,11.043
739,5,100,5,6,1,861005,871005,1430561,-0.6167118297868697,-4595.311381644723,9536.010527238554,5819.162015445456,75,False,0,False,,11.169
740,5,100,5,6,2,861005,871005,1430562,-0.6072505050595971,-4605.074803506141,9555.537370961389,5851.368309017515,75,False,0,False,,11.399
741,5,100,5,7,1,861005,871005,1430571,-0.6458301482872317,-4700.221321037832,9787.276937698663,5751.106783560636,84,False,0,False,,10.906
742,5,100,5,7,2,861005,871005,1430572,-0.6082677768386089,-4712.44301393278,9811.720323488558,5773.2297633211465,84,False,0,False,,10.84
743,5,100,6,1,1,861006,871006,1430611,-0.6003636457519415,-4801.95427375741,9672.986100304643,7505.319816626232,15,False,0,False,,8.965
744,5,100,6,1,2,861006,871006,1430612,-0.5945971293059561,-4800.29000451466,9669.657561819142,7526.985166147445,15,False,0,False,,8.955
745,5,100,6,2,1,861006,871006,1430621,-0.5758329942377737,-4693.857633905533,9521.265203204719,7112.912411716981,29,False,0,False,,9.928
746,5,100,6,2,2,861006,871006,1430622,-0.5614707693040502,-4705.806200122497,9545.162335638648,7131.183847737387,29,False,0,False,,9.843
747,5,100,6,3,1,861006,871006,1430631,-0.5590507605020902,-4585.695076361307,9364.807300534114,6656.158127242404,42,False,0,False,,10.281
748,5,100,6,3,2,861006,871006,1430632,-0.55558902451265,-4581.009792575796,9355.436732963093,6635.092366929336,42,False,0,False,,10.211
749,5,100,6,4,1,861006,871006,1430641,-0.5697794178793363,-4573.119965709504,9394.919121462364,6460.006839259458,54,False,0,False,,10.142
750,5,100,6,4,2,861006,871006,1430642,-0.5513840557994062,-4567.813961050801,9384.307112144958,6321.42580755142,54,False,0,False,,10.152
751,5,100,6,5,1,861006,871006,1430651,-0.5579131529223731,-4580.583813691843,9460.503689472911,6172.430723475006,65,False,0,False,,10.422
752,5,100,6,5,2,861006,871006,1430652,-0.5717628563802567,-4597.181718836256,9493.699499761737,6214.399589212445,65,False,0,False,,10.501
753,5,100,6,6,1,861006,871006,1430661,-0.5882930356801794,-4681.290616179223,9707.968996307554,6174.170901318055,75,False,0,False,,10.559
754,5,100,6,6,2,861006,871006,1430662,-0.5799207127712647,-4673.86634688702,9693.120457723147,6101.799036117133,75,False,0,False,,10.458
755,5,100,6,7,1,861006,871006,1430671,-0.6048991053391002,-4765.484407417659,9917.803110458317,6097.7468282568525,84,False,0,False,,10.78
756,5,100,6,7,2,861006,871006,1430672,-0.5847543622041401,-4774.069861454171,9934.97401853134,6106.241672125049,84,False,0,False,,10.821
757,5,100,7,1,1,861007,871007,1430711,-0.5942772803355318,-4741.524409803482,9552.126372396786,7297.957661053564,15,False,0,False,,8.779
758,5,100,7,1,2,861007,871007,1430712,-0.5995374463588834,-4747.973807973231,9565.025168736283,7316.231271358493,15,False,0,False,,8.773
759,5,100,7,2,1,861007,871007,1430721,-0.5767255841207525,-4631.308112552757,9396.166160499168,6862.9331013433075,29,False,0,False,,9.811
760,5,100,7,2,2,861007,871007,1430722,-0.5759823801306863,-4628.523739423346,9390.597414240347,6848.980338240222,29,False,0,False,,9.767
761,5,100,7,3,1,861007,871007,1430731,-0.5683885566483281,-4602.762421926548,9398.941991664597,6583.3751893701,42,False,0,False,,9.973
762,5,100,7,3,2,861007,871007,1430732,-0.5709053933776638,-4624.008738475897,9441.434624763295,6636.260258102992,42,False,0,False,,10.07
763,5,100,7,4,1,861007,871007,1430741,-0.5662326666015747,-4610.579131507726,9469.837453058808,6361.195574299744,54,False,0,False,,10.092
764,5,100,7,4,2,861007,871007,1430742,-0.5540510377108645,-4601.063338175506,9450.805866394368,6323.981737291278,54,False,0,False,,10.205
765,5,100,7,5,1,861007,871007,1430751,-0.5421857239054402,-4601.753490281676,9502.843042652577,6117.232361210584,65,False,0,False,,10.367
766,5,100,7,5,2,861007,871007,1430752,-0.5361511588015276,-4605.761370015385,9510.858802119996,6127.657422501713,65,False,0,False,,10.402
767,5,100,7,6,1,861007,871007,1430761,-0.552912485273088,-4701.810226499865,9749.008216948838,5996.612076201998,75,False,0,False,,10.473
768,5,100,7,6,2,861007,871007,1430762,-0.5630111517428128,-4723.698219040825,9792.784202030758,6102.759440148475,75,False,0,False,,10.469
769,5,100,7,7,1,861007,871007,1430771,-0.5629905292885697,-4818.0700881180055,10022.97447185901,6088.649837256844,84,False,0,False,,10.707
770,5,100,7,7,2,861007,871007,1430772,-0.5736654153915139,-4798.8582483110695,9984.550792245138,5970.06570245204,84,False,0,False,,10.876
771,5,100,8,1,1,861008,871008,1430811,-0.6075504858342234,-4996.67552509417,10062.428602978162,7406.413852237355,15,False,0,False,,8.873
772,5,100,8,1,2,861008,871008,1430812,-0.6136333461820317,-5005.838460836933,10080.754474463689,7401.725440134712,15,False,0,False,,8.996
773,5,100,8,2,1,861008,871008,1430821,-0.5687493514501647,-4790.763069725852,9715.076074845358,6715.860355392303,29,False,0,False,,9.868
774,5,100,8,2,2,861008,871008,1430822,-0.577936043066825,-4795.488894528611,9724.527724450876,6757.1662083386545,29,False,0,False,,9.864
775,5,100,8,3,1,861008,871008,1430831,-0.5686553888684539,-4667.56633388676,9528.54981558502,6295.479726600832,42,False,0,False,,10.21
776,5,100,8,3,2,861008,871008,1430832,-0.5798176965818129,-4693.769844342325,9580.95683649615,6311.113281461424,42,False,0,False,,10.112
777,5,100,8,4,1,861008,871008,1430841,-0.5699486263121412,-4560.265751516188,9369.210693075733,5832.105243365327,54,False,0,False,,10.23
778,5,100,8,4,2,861008,871008,1430842,-0.5557068974348494,-4549.614953206317,9347.909096455991,5812.210698004012,54,False,0,False,,10.217
779,5,100,8,5,1,861008,871008,1430851,-0.5567164614815988,-4516.488977553063,9332.314017195351,5558.582348253353,65,False,0,False,,10.528
780,5,100,8,5,2,861008,871008,1430852,-0.5579406791597565,-4518.463251770843,9336.262565630912,5525.5682526439505,65,False,0,False,,10.536
781,5,100,8,6,1,861008,871008,1430861,-0.5550194823642838,-4637.615384257011,9620.61853246313,5557.233560827338,75,False,0,False,,10.6
782,5,100,8,6,2,861008,871008,1430862,-0.5852952538495138,-4651.5866338387605,9648.561031626628,5555.02291204833,75,False,0,False,,10.674
783,5,100,8,7,1,861008,871008,1430871,-0.6046987301957547,-4722.378074765027,9831.590445153053,5503.839946000969,84,False,0,False,,10.781
784,5,100,8,7,2,861008,871008,1430872,-0.5850768280503914,-4736.456032439863,9859.746360502724,5542.537325852662,84,False,0,False,,10.843
785,5,150,1,1,1,861501,871501,1480111,-0.6066428140411617,-9190.682387215733,18456.52430384291,14562.845330524642,15,False,0,False,,14.317
786,5,150,1,1,2,861501,871501,1480112,-0.6020371875317929,-9196.436214529296,18468.031958470037,14557.713138488893,15,False,0,False,,20.64
787,5,150,1,2,1,861501,871501,1480121,-0.5583484804876732,-8679.762736178349,17504.833895885487,13162.416534877628,29,False,0,False,,22.567
788,5,150,1,2,2,861501,871501,1480122,-0.5589014195249524,-8697.531831192086,17540.37208591296,13222.613212105583,29,False,0,False,,20.326
789,5,150,1,3,1,861501,871501,1480131,-0.548172575891876,-8416.74231347604,17043.93130930412,12289.933852314132,42,False,0,False,,21.783
790,5,150,1,3,2,861501,871501,1480132,-0.5485362582874291,-8441.116332835274,17092.67934802259,12333.533633800203,42,False,0,False,,21.246
791,5,150,1,4,1,861501,871501,1480141,-0.5263270955686901,-8166.657580844666,16603.88946757053,11417.965594501848,54,False,0,False,,18.964
792,5,150,1,4,2,861501,871501,1480142,-0.5276672925720832,-8158.0743115553205,16586.72292899184,11452.663889173986,54,False,0,False,,18.554
793,5,150,1,5,1,861501,871501,1480151,-0.5209659834623204,-8094.126541529481,16513.94437717522,10910.380653709384,65,False,0,False,,17.892
794,5,150,1,5,2,861501,871501,1480152,-0.5249604814365519,-8084.631017090411,16494.953328297077,10886.849163414827,65,False,0,False,,17.843
795,5,150,1,6,1,861501,871501,1480161,-0.5339789892856852,-8225.092804931373,16825.983256919964,10783.932404360305,75,False,0,False,,18.079
796,5,150,1,6,2,861501,871501,1480162,-0.5336875059971811,-8250.952765508793,16877.703178074804,10793.601203426564,75,False,0,False,,18.44
797,5,150,1,7,1,861501,871501,1480171,-0.5448630538720334,-8374.623740822139,17170.140846348364,10706.92864564874,84,False,0,False,,18.34
798,5,150,1,7,2,861501,871501,1480172,-0.541034303998006,-8384.03923645806,17188.971837620207,10740.511027957793,84,False,0,False,,18.255
799,5,150,2,1,1,861502,871502,1480211,-0.6124999047230472,-9095.394528696084,18265.948586803614,14421.184067499365,15,False,0,False,,14.33
800,5,150,2,1,2,861502,871502,1480212,-0.6140454529817634,-9098.850063894033,18272.85965719951,14422.575080247601,15,False,0,False,,14.269
801,5,150,2,2,1,861502,871502,1480221,-0.5910504175360543,-8859.277402222502,17863.863227973794,13646.682771084694,29,False,0,False,,16.036
802,5,150,2,2,2,861502,871502,1480222,-0.5859658307451728,-8820.230309111825,17785.76904175244,13470.3357541738,29,False,0,False,,16.834
803,5,150,2,3,1,861502,871502,1480231,-0.5635622002439452,-8565.15501730677,17340.75671696558,12631.26310546076,42,False,0,False,,16.901
804,5,150,2,3,2,861502,871502,1480232,-0.5693948412856382,-8551.483422866972,17313.413528085985,12651.578797506083,42,False,0,False,,16.806
805,5,150,2,4,1,861502,871502,1480241,-0.5399855113440752,-8305.25872142125,16881.0917487237,11733.293862845852,54,False,0,False,,17.05
806,5,150,2,4,2,861502,871502,1480242,-0.5366513795808385,-8314.49086903457,16899.556043950335,11766.006130716645,54,False,0,False,,17.034
807,5,150,2,5,1,861502,871502,1480251,-0.536781346480301,-8212.358234076168,16750.40776226859,11194.894686821921,65,False,0,False,,17.652
808,5,150,2,5,2,861502,871502,1480252,-0.5345577272949849,-8201.362881217552,16728.41705655136,11206.85417236465,65,False,0,False,,17.438
809,5,150,2,6,1,861502,871502,1480261,-0.5510201373199296,-8353.501981856942,17082.8016107711,11111.962498281015,75,False,0,False,,17.812
810,5,150,2,6,2,861502,871502,1480262,-0.5513771096235071,-8349.262570939929,17074.322788937076,11139.483622036254,75,False,0,False,,17.931
811,5,150,2,7,1,861502,871502,1480271,-0.5391646632573004,-8499.051092133155,17418.995548970397,11015.29701023056,84,False,0,False,,18.166
812,5,150,2,7,2,861502,871502,1480272,-0.5640177371547296,-8532.168937882734,17485.231240469555,11161.103828092537,84,False,0,False,,18.207
813,5,150,3,1,1,861503,871503,1480311,-0.60248075334036,-9024.86594045185,18124.891410315144,14289.355367273158,15,False,0,False,,14.336
814,5,150,3,1,2,861503,871503,1480312,-0.6037008219136435,-9030.249491139179,18135.658511689802,14311.24116150112,15,False,0,False,,14.422
815,5,150,3,2,1,861503,871503,1480321,-0.5937125737636899,-8764.828812805692,17674.966049140174,13419.615285092306,29,False,0,False,,16.077
816,5,150,3,2,2,861503,871503,1480322,-0.5867330023814906,-8768.396815239352,17682.102054007493,13392.721210748732,29,False,0,False,,16.114
817,5,150,3,3,1,861503,871503,1480331,-0.5745625447427928,-8542.952576574835,17296.35183550171,12563.759051155326,42,False,0,False,,17.007
818,5,150,3,3,2,861503,871503,1480332,-0.5637796916147827,-8546.770280875033,17303.987244102107,12608.956000385197,42,False,0,False,,16.912
819,5,150,3,4,1,861503,871503,1480341,-0.562032260615505,-8340.683642476546,16951.94159083429,11812.031278203469,54,False,0,False,,17.234
820,5,150,3,4,2,861503,871503,1480342,-0.5656097995137872,-8339.511061384894,16949.596428650984,11918.550388535621,54,False,0,False,,17.036
821,5,150,3,5,1,861503,871503,1480351,-0.54220468961977,-8163.498440765665,16652.688175647585,11106.08940658649,65,False,0,False,,17.486
822,5,150,3,5,2,861503,871503,1480352,-0.5534279373663961,-8159.931910576187,16645.55511526863,11157.614796767431,65,False,0,False,,17.497
823,5,150,3,6,1,861503,871503,1480361,-0.5754986729803953,-8315.241674175148,17006.280995407513,11036.709669073049,75,False,0,False,,17.847
824,5,150,3,6,2,861503,871503,1480362,-0.5697672276357996,-8325.211752725552,17026.221152508322,11086.735251932974,75,False,0,False,,17.758
825,5,150,3,7,1,861503,871503,1480371,-0.5765806719946627,-8456.276606040827,17333.44657678574,10983.67760816105,84,False,0,False,,18.3
826,5,150,3,7,2,861503,871503,1480372,-0.5849839631343953,-8450.959476486838,17322.812317677763,10942.416916145767,84,False,0,False,,18.343
827,5,150,4,1,1,861504,871504,1480411,-0.6214104585332393,-8924.051987767227,17923.2635049459,14420.972047265255,15,False,0,False,,14.325
828,5,150,4,1,2,861504,871504,1480412,-0.6205797607015854,-8901.3879035713,17877.935336554045,14378.064951495375,15,False,0,False,,14.47
829,5,150,4,2,1,861504,871504,1480421,-0.5961927771640408,-8601.409816812444,17348.128057153677,13433.299236851013,29,False,0,False,,16.11
830,5,150,4,2,2,861504,871504,1480422,-0.587007603230563,-8601.670008300996,17348.648440130783,13411.012586724553,29,False,0,False,,16.195
831,5,150,4,3,1,861504,871504,1480431,-0.5632964490935749,-8394.57868298857,16999.60404832918,12640.063828459284,42,False,0,False,,16.868
832,5,150,4,3,2,861504,871504,1480432,-0.5688095293426136,-8402.927479126412,17016.301640604866,12649.762929565535,42,False,0,False,,16.815
833,5,150,4,4,1,861504,871504,1480441,-0.5496418552992316,-8296.594135148613,16863.762576178422,12096.785070438571,54,False,0,False,,16.805
834,5,150,4,4,2,861504,871504,1480442,-0.5447070896714614,-8300.198637672533,16870.971581226262,12088.658376719877,54,False,0,False,,16.817
835,5,150,4,5,1,861504,871504,1480451,-0.549183323267225,-8318.130241670016,16961.95177745629,11745.68679028761,65,False,0,False,,17.354
836,5,150,4,5,2,861504,871504,1480452,-0.5429808831494638,-8313.34930885969,16952.389911835635,11703.043715895597,65,False,0,False,,17.399
837,5,150,4,6,1,861504,871504,1480461,-0.5516878030756223,-8503.903905462139,17383.605457981495,11661.13135624799,75,False,0,False,,17.665
838,5,150,4,6,2,861504,871504,1480462,-0.5639731243439509,-8460.973431891545,17297.744510840308,11650.854795610894,75,False,0,False,,17.687
839,5,150,4,7,1,861504,871504,1480471,-0.5703084585762771,-8605.46733724268,17631.828039189448,11544.779329481624,84,False,0,False,,18.304
840,5,150,4,7,2,861504,871504,1480472,-0.5778603217242088,-8627.704011728212,17676.30138816051,11723.81581635622,84,False,0,False,,18.101
841,5,150,5,1,1,861505,871505,1480511,-0.617004303198428,-8984.288861201923,18043.73725181529,14561.200178566976,15,False,0,False,,14.611
842,5,150,5,1,2,861505,871505,1480512,-0.6215285968812541,-8990.041775823553,18055.24308105855,14580.94446698686,15,False,0,False,,14.536
843,5,150,5,2,1,861505,871505,1480521,-0.5951761433001878,-8631.749462538057,17408.807348604903,13496.301115211501,29,False,0,False,,16.323
844,5,150,5,2,2,861505,871505,1480522,-0.5876880317011491,-8609.132846864028,17363.574117256845,13485.360904621375,29,False,0,False,,16.27
845,5,150,5,3,1,861505,871505,1480531,-0.5718622890151931,-8448.757940923248,17107.962564198537,12780.87108056411,42,False,0,False,,16.964
846,5,150,5,3,2,861505,871505,1480532,-0.5739523923302694,-8434.44745375908,17079.3415898702,12787.30604297593,42,False,0,False,,17.085
847,5,150,5,4,1,861505,871505,1480541,-0.5518734395501645,-8251.750002111876,16774.07431010495,12043.282319493019,54,False,0,False,,16.974
848,5,150,5,4,2,861505,871505,1480542,-0.5566212123272891,-8272.20330839072,16814.98092266264,12051.38965667463,54,False,0,False,,16.949
849,5,150,5,5,1,861505,871505,1480551,-0.5430733836719646,-8156.052971828539,16637.797237773335,11435.720819218026,65,False,0,False,,18.658
850,5,150,5,5,2,861505,871505,1480552,-0.5398807847125102,-8168.392081986785,16662.475458089826,11426.925692264836,65,False,0,False,,17.701
851,5,150,5,6,1,861505,871505,1480561,-0.5591928689862027,-8325.902960719422,17027.603568496063,11343.301181285115,75,False,0,False,,17.793
852,5,150,5,6,2,861505,871505,1480562,-0.5498284659016613,-8310.001973118922,16995.801593295062,11395.94970493773,75,False,0,False,,17.664
853,5,150,5,7,1,861505,871505,1480571,-0.5833444457979521,-8482.235571649058,17385.364508002203,11325.697663736304,84,False,0,False,,18.693
854,5,150,5,7,2,861505,871505,1480572,-0.5916244695372619,-8438.18289490543,17297.259154514948,11314.503201769683,84,False,0,False,,18.144
855,5,150,6,1,1,861506,871506,1480611,-0.6215897741505787,-8987.157227651487,18049.47398471442,14476.156506832614,15,False,0,False,,14.268
856,5,150,6,1,2,861506,871506,1480612,-0.6247013058162486,-8997.457558517597,18070.07464644664,14474.255013758173,15,False,0,False,,14.302
857,5,150,6,2,1,861506,871506,1480621,-0.5874230852108806,-8635.811592395894,17416.931608320578,13399.08241501357,29,False,0,False,,16.146
858,5,150,6,2,2,861506,871506,1480622,-0.5902063140700374,-8634.89108520775,17415.09059394429,13413.292667295118,29,False,0,False,,16.183
859,5,150,6,3,1,861506,871506,1480631,-0.5771681273107265,-8383.493097703544,16977.43287775913,12586.680528378347,42,False,0,False,,17.057
860,5,150,6,3,2,861506,871506,1480632,-0.5787571948170104,-8376.22696341129,16962.900609174623,12546.175099924718,42,False,0,False,,17.303
861,5,150,6,4,1,861506,871506,1480641,-0.5492003734216024,-8121.589079995896,16513.75246587299,11665.667638517427,54,False,0,False,,16.972
862,5,150,6,4,2,861506,871506,1480642,-0.5477221232789561,-8128.844575893212,16528.26345766762,11668.895245278436,54,False,0,False,,17.033
863,5,150,6,5,1,861506,871506,1480651,-0.5479802500770845,-8027.847970034516,16381.38723418529,11121.965783213214,65,False,0,False,,17.934
864,5,150,6,5,2,861506,871506,1480652,-0.5449762548903094,-8006.288407466223,16338.268109048704,11033.043427991674,65,False,0,False,,17.421
865,5,150,6,6,1,861506,871506,1480661,-0.5639800521147208,-8146.079684239181,16667.95701553558,11005.430277377025,75,False,0,False,,17.67
866,5,150,6,6,2,861506,871506,1480662,-0.558767094750784,-8150.711113088981,16677.21987323518,10980.902481319203,75,False,0,False,,17.799
867,5,150,6,7,1,861506,871506,1480671,-0.5642046730517809,-8286.841744393289,16994.576853490664,10840.792206453529,84,False,0,False,,18.614
868,5,150,6,7,2,861506,871506,1480672,-0.5700211484462703,-8285.591698718043,16992.076762140172,10814.22870063194,84,False,0,False,,18.186
869,5,150,7,1,1,861507,871507,1480711,-0.6205479548866917,-8963.607785269603,18002.375099950652,14747.044582026281,15,False,0,False,,14.265
870,5,150,7,1,2,861507,871507,1480712,-0.6208856710845816,-8955.026621451703,17985.21277231485,14699.372795331072,15,False,0,False,,14.429
871,5,150,7,2,1,861507,871507,1480721,-0.5935680776925253,-8670.430366966295,17486.16915746138,13796.233493190522,29,False,0,False,,16.262
872,5,150,7,2,2,861507,871507,1480722,-0.5955042649756357,-8690.434912586588,17526.178248701966,13788.459405818257,29,False,0,False,,16.237
873,5,150,7,3,1,861507,871507,1480731,-0.5728091430499161,-8485.125693650425,17180.69806965289,13059.466560075414,42,False,0,False,,16.916
874,5,150,7,3,2,861507,871507,1480732,-0.5744259379482503,-8489.761395775853,17189.969473903748,13060.807655054161,42,False,0,False,,16.852
875,5,150,7,4,1,861507,871507,1480741,-0.5603717288312013,-8298.678586899077,16867.93147967935,12254.504298762653,54,False,0,False,,16.869
876,5,150,7,4,2,861507,871507,1480742,-0.5696085745958115,-8288.177019387458,16846.928344656113,12277.76359162373,54,False,0,False,,16.811
877,5,150,7,5,1,861507,871507,1480751,-0.5580788752737004,-8196.159890345356,16718.011074806967,11694.822919483948,65,False,0,False,,17.474
878,5,150,7,5,2,861507,871507,1480752,-0.550669348443071,-8179.221853134062,16684.13500038438,11731.987500714253,65,False,0,False,,17.437
879,5,150,7,6,1,861507,871507,1480761,-0.5564667143898213,-8329.779411564477,17035.356470186172,11618.076897219622,75,False,0,False,,17.707
880,5,150,7,6,2,861507,871507,1480762,-0.5687820801560324,-8348.468096253098,17072.733839563414,11772.421165930446,75,False,0,False,,17.654
881,5,150,7,7,1,861507,871507,1480771,-0.585282698204533,-8470.968502002177,17362.83036870844,11477.934990626762,84,False,0,False,,18.346
882,5,150,7,7,2,861507,871507,1480772,-0.5731451029000824,-8485.586338453582,17392.06604161125,11546.981266062912,84,False,0,False,,18.206
883,5,150,8,1,1,861508,871508,1480811,-0.6063520786985805,-8946.07051739423,17967.300564199904,14688.79917815652,15,False,0,False,,14.264
884,5,150,8,1,2,861508,871508,1480812,-0.6090308969981674,-8943.561356175642,17962.28224176273,14658.328539577267,15,False,0,False,,14.269
885,5,150,8,2,1,861508,871508,1480821,-0.5839985515653254,-8622.380389547749,17390.069202624287,13670.809580324218,29,False,0,False,,16.301
886,5,150,8,2,2,861508,871508,1480822,-0.5867148396566189,-8606.203085002253,17357.714593533296,13615.119164393791,29,False,0,False,,16.41
887,5,150,8,3,1,861508,871508,1480831,-0.5737252042040853,-8416.31697728042,17043.08063691288,12916.914498009812,42,False,0,False,,16.882
888,5,150,8,3,2,861508,871508,1480832,-0.5600366024043302,-8430.294931031234,17071.03654441451,12869.748066222832,42,False,0,False,,16.869
889,5,150,8,4,1,861508,871508,1480841,-0.5683999726171717,-8357.294281424454,16985.162868730105,12429.445618770182,54,False,0,False,,16.875
890,5,150,8,4,2,861508,871508,1480842,-0.5560311999187081,-8258.762719420733,16788.099744722662,12151.489120064585,54,False,0,False,,16.996
891,5,150,8,5,1,861508,871508,1480851,-0.547151905933894,-8148.925731831112,16623.54275777848,11558.248543743468,65,False,0,False,,17.485
892,5,150,8,5,2,861508,871508,1480852,-0.5552777081523526,-8146.19043330593,16618.072160728116,11600.851043290197,65,False,0,False,,17.612
893,5,150,8,6,1,861508,871508,1480861,-0.5583646814146223,-8284.93121460263,16945.660076262477,11464.311009802532,75,False,0,False,,17.668
894,5,150,8,6,2,861508,871508,1480862,-0.5632432272406402,-8309.770304931593,16995.338256920404,11522.82943761386,75,False,0,False,,17.875
895,5,150,8,7,1,861508,871508,1480871,-0.5909058686979426,-8433.457169319134,17287.807703342354,11434.252532321589,84,False,0,False,,18.186
896,5,150,8,7,2,861508,871508,1480872,-0.5717975515304597,-8450.2698088653,17321.432982434686,11352.295372641674,84,False,0,False,,18.162
