strategy,n,d_genre,rpm_mean,rpm_std,rpm_min,rpm_max,genre_count_per_movie_mean,Y_density_pos,Y_mean_all_pairs,Y_mean_nonzero,Y_max,var_over_mean_all,var_over_mean_nonzero,q50,q75,q90,q95,adopt,density_t1,density_t5,density_t10,density_t20,density_t30,density_t50
top_rated_100,100,19,299.3,79.9,218,583,2.42,1.0,137.86,137.86,480,19.88,19.88,135.0,169.0,205.0,228.55000000000018,no (too dense),1.0,1.0,1.0,1.0,1.0,0.9872727272727273
mid_popular_100,100,19,168.5,15.2,143,200,2.12,1.0,52.71,52.71,144,8.0,8.0,51.0,67.0,81.0,88.0,no (too dense),1.0,1.0,0.9995959595959596,0.9773737373737373,0.8563636363636363,0.5373737373737374
genre_stratified_mp100,100,19,154.4,30.7,73,200,2.49,1.0,45.22,45.22,144,9.89,9.89,42.0,59.0,74.0,84.0,no (too dense),1.0,0.9993939393939394,0.9911111111111112,0.9109090909090909,0.7357575757575757,0.38707070707070707
