replicate,start_label,iteration,column,candidate_optimizer,previous_family,selected_family,margin_neg2,changed,all_candidates_converged,score_bernoulli,score_poisson,bernoulli_optimizer,bernoulli_n_iter,bernoulli_converged,bernoulli_grad_inf,bernoulli_scipy_success,bernoulli_scipy_status,poisson_optimizer,poisson_n_iter,poisson_converged,poisson_grad_inf,poisson_scipy_success,poisson_scipy_status,selected_candidate_family,selected_candidate_score,selected_loading,selected_loading_sha256,loading_installation_policy,selected_loading_installed,installed_loading_sha256,family_x_true,k
rep1,start_B,1,3,bfgs,bernoulli,bernoulli,48.35177502966417,False,True,-49.13754688886618,-73.31343440369827,bfgs,7,True,1.7763568394002506e-16,True,0,bfgs,4,True,8.348877145181177e-15,True,0,bernoulli,-49.13754688886618,0.58261384549211781,473544033f8d661dd183c80bea62aef5372ef4514f93aa6768ac16c4f1022166,selected_candidate_loading,True,473544033f8d661dd183c80bea62aef5372ef4514f93aa6768ac16c4f1022166,bernoulli,1
rep1,start_B,1,4,bfgs,bernoulli,bernoulli,45.46557832484375,False,True,-51.92803268049111,-74.66082184291298,bfgs,5,True,7.784883848671598e-14,True,0,bfgs,6,True,9.769962616701378e-16,True,0,bernoulli,-51.92803268049111,0.078746579028174321,02f9da281b7a3884fc87aae06c184298eacfe09d77b9ea25d6f50fba1258bc86,selected_candidate_loading,True,02f9da281b7a3884fc87aae06c184298eacfe09d77b9ea25d6f50fba1258bc86,bernoulli,1
rep1,start_B,1,5,bfgs,bernoulli,bernoulli,45.92200398645686,False,True,-51.23545723528978,-74.19645922851821,bfgs,4,True,3.5139002818596056e-12,True,0,bfgs,4,True,1.858069254012662e-12,True,0,bernoulli,-51.23545723528978,0.28705756640970415,721b5422305c42cbfa860297d2cf16a227dc6a9fb80cfa5c910a825a68f76747,selected_candidate_loading,True,721b5422305c42cbfa860297d2cf16a227dc6a9fb80cfa5c910a825a68f76747,bernoulli,1
rep1,start_B,1,6,bfgs,bernoulli,bernoulli,52.8095655127249,False,True,-48.37759037798814,-74.78237313435059,bfgs,6,True,9.414691248821327e-14,True,0,bfgs,5,True,1.5987211554602255e-15,True,0,bernoulli,-48.37759037798814,-0.66573970641817859,620e4c5ad3f554f6a04177795a542262bb085c420f4db10781ed6cd6ceecc581,selected_candidate_loading,True,620e4c5ad3f554f6a04177795a542262bb085c420f4db10781ed6cd6ceecc581,bernoulli,1
rep1,start_B,1,7,bfgs,bernoulli,bernoulli,45.46675773700609,False,True,-51.93059892175015,-74.6639777902532,bfgs,4,True,5.6038551576875764e-11,True,0,bfgs,4,True,1.7811530028666312e-12,True,0,bernoulli,-51.93059892175015,0.076981181804406912,e549d8cb11d892df7874e25958fc51b0eeaf6adbc673e9bcbbd3bc7e191add84,selected_candidate_loading,True,e549d8cb11d892df7874e25958fc51b0eeaf6adbc673e9bcbbd3bc7e191add84,bernoulli,1
rep1,start_B,1,8,bfgs,bernoulli,bernoulli,46.32493914884017,False,True,-51.78260652532062,-74.9450760997407,bfgs,4,True,3.197442310920451e-15,True,0,bfgs,4,True,1.0963611352110546e-09,False,2,bernoulli,-51.78260652532062,-0.14788148833772755,9845cbbe8ce4689217e3b2108025d79f2a90aa6f4814866695b1e14be116b100,selected_candidate_loading,True,9845cbbe8ce4689217e3b2108025d79f2a90aa6f4814866695b1e14be116b100,bernoulli,1
rep1,start_B,2,3,bfgs,bernoulli,bernoulli,49.44298244464966,False,True,-48.226629424050074,-72.9481206463749,bfgs,4,True,6.965699128613778e-11,True,0,bfgs,5,True,5.4178883601707636e-15,True,0,bernoulli,-48.226629424050074,0.68737353284829061,efa2dee4cf5689bc144f903a8e6755e29035bb49d73ba05e0a06992778e3d44c,selected_candidate_loading,True,efa2dee4cf5689bc144f903a8e6755e29035bb49d73ba05e0a06992778e3d44c,bernoulli,1
rep1,start_B,2,4,bfgs,bernoulli,bernoulli,45.529028674872876,False,True,-51.63561329535328,-74.40012763278972,bfgs,4,True,1.531708093693851e-12,True,0,bfgs,4,True,6.470379787515412e-14,True,0,bernoulli,-51.63561329535328,0.19480340170506474,928d992de02d58ccd5baf3f85192cb0ec3ae72ff91c5f1b664537cb2632a4b3a,selected_candidate_loading,True,928d992de02d58ccd5baf3f85192cb0ec3ae72ff91c5f1b664537cb2632a4b3a,bernoulli,1
rep1,start_B,2,5,bfgs,bernoulli,bernoulli,46.85591222123297,False,True,-50.30857901922936,-73.73653512984585,bfgs,4,True,4.811706588725428e-13,True,0,bfgs,4,True,2.285380773514589e-11,True,0,bernoulli,-50.30857901922936,0.43864974760061715,c0145b7a2cbedef31c21b444eab1a23f170ed0ab07347237b50213c22b1e02e3,selected_candidate_loading,True,c0145b7a2cbedef31c21b444eab1a23f170ed0ab07347237b50213c22b1e02e3,bernoulli,1
rep1,start_B,2,6,bfgs,bernoulli,bernoulli,56.760446206746025,False,True,-46.16079003167788,-74.54101313505089,bfgs,5,True,0.0,True,0,bfgs,7,True,5.329070518200751e-16,True,0,bernoulli,-46.16079003167788,-0.89613169640781443,0ebd9da0532abef22bd3f6886acf1bf5a8e061b642eb73268a3dfc560779c020,selected_candidate_loading,True,0ebd9da0532abef22bd3f6886acf1bf5a8e061b642eb73268a3dfc560779c020,bernoulli,1
rep1,start_B,2,7,bfgs,bernoulli,bernoulli,45.43252597876774,False,False,-51.81474358874974,-74.53100657813361,bfgs,3,False,3.5014473720451636e-08,False,2,bfgs,4,True,1.1688428003253648e-13,True,0,bernoulli,-51.81474358874974,0.13567240658046881,b3cb81fcf32d84076de004e8fc5ef716ecaac1b9c2e88ead8862d79a07edb9a8,selected_candidate_loading,True,b3cb81fcf32d84076de004e8fc5ef716ecaac1b9c2e88ead8862d79a07edb9a8,bernoulli,1
rep1,start_B,2,8,bfgs,bernoulli,bernoulli,45.738024626376074,False,True,-51.96656778628126,-74.8355800994693,bfgs,4,True,2.466249426902323e-13,True,0,bfgs,5,True,1.1768364061026659e-15,True,0,bernoulli,-51.96656778628126,-0.045591946284670712,829762f971a09b028c0f97835c1cbaf61eb222b4ae3606288e0adeed527d0c24,selected_candidate_loading,True,829762f971a09b028c0f97835c1cbaf61eb222b4ae3606288e0adeed527d0c24,bernoulli,1
rep1,start_B,3,3,bfgs,bernoulli,bernoulli,48.5772880145789,False,True,-48.77449616574012,-73.06314017302957,bfgs,5,True,1.2656542480726785e-15,True,0,bfgs,4,True,2.1512822634406348e-09,False,2,bernoulli,-48.77449616574012,0.62761969391695094,560aaa7402cf32ab6cee303812017f7cc3141fecd62050137f41f2ecd2a60be0,selected_candidate_loading,True,560aaa7402cf32ab6cee303812017f7cc3141fecd62050137f41f2ecd2a60be0,bernoulli,1
rep1,start_B,3,4,bfgs,bernoulli,bernoulli,45.41302418200806,False,True,-51.693084163715,-74.39959625471903,bfgs,4,True,1.550429784558105e-10,False,2,bfgs,4,True,6.360245663472597e-13,True,0,bernoulli,-51.693084163715,0.17787360568647273,803b38ccc83a4018df99233b0dcfd8bc0c25a7395066f78d15bc588d21c74b63,selected_candidate_loading,True,803b38ccc83a4018df99233b0dcfd8bc0c25a7395066f78d15bc588d21c74b63,bernoulli,1
rep1,start_B,3,5,bfgs,bernoulli,bernoulli,46.56450740569815,False,True,-50.458755761416214,-73.74100946426529,bfgs,4,True,1.7541523789077473e-14,True,0,bfgs,4,True,2.0047977167259035e-11,True,0,bernoulli,-50.458755761416214,0.41704742541312595,e207faa634d0077ac7a7ff93e9b0ec85c7c305724baade8340d7d1f43637fc6c,selected_candidate_loading,True,e207faa634d0077ac7a7ff93e9b0ec85c7c305724baade8340d7d1f43637fc6c,bernoulli,1
rep1,start_B,3,6,bfgs,bernoulli,bernoulli,57.73237025057999,False,True,-45.647595196113464,-74.51378032140346,bfgs,4,True,4.0047964944278645e-13,True,0,bfgs,7,True,8.881784197001252e-16,True,0,bernoulli,-45.647595196113464,-0.94743825342747146,8896f82afd7078a5ce7fddf0c79c40a6829fa9ace3fb990e6ec5d71ba85f6899,selected_candidate_loading,True,8896f82afd7078a5ce7fddf0c79c40a6829fa9ace3fb990e6ec5d71ba85f6899,bernoulli,1
rep1,start_B,3,7,bfgs,bernoulli,bernoulli,45.356434011586785,False,True,-51.83435560013904,-74.51257260593243,bfgs,3,True,2.1280754936015e-12,True,0,bfgs,4,True,8.80184813922824e-14,True,0,bernoulli,-51.83435560013904,0.12760789691070692,163c5923b05c17ada4ee6b94be0d74a5d48b130f34210ede405d63a21c3cac6f,selected_candidate_loading,True,163c5923b05c17ada4ee6b94be0d74a5d48b130f34210ede405d63a21c3cac6f,bernoulli,1
rep1,start_B,3,8,bfgs,bernoulli,bernoulli,45.587017428665064,False,True,-51.982921083069456,-74.77642979740199,bfgs,3,True,7.274523206035611e-11,True,0,bfgs,5,True,3.524958103184872e-16,True,0,bernoulli,-51.982921083069456,-0.01823657859218409,d97b5ccc08a3882ced86969d4e6c96473ca096385a714c317d2f5edef7ea98e6,selected_candidate_loading,True,d97b5ccc08a3882ced86969d4e6c96473ca096385a714c317d2f5edef7ea98e6,bernoulli,1
rep1,start_B,4,3,bfgs,bernoulli,bernoulli,48.41439919764882,False,True,-48.91989418059135,-73.12709377941576,bfgs,4,True,1.483257960899209e-14,True,0,bfgs,5,True,7.115172451221951e-10,False,2,bernoulli,-48.91989418059135,0.60827128811690068,da5c7877576155fb1d6088617fb4878953c159b55651fa94654229e989f3add8,selected_candidate_loading,True,da5c7877576155fb1d6088617fb4878953c159b55651fa94654229e989f3add8,bernoulli,1
rep1,start_B,4,4,bfgs,bernoulli,bernoulli,45.534600928680916,False,True,-51.53149665873158,-74.29879712307203,bfgs,4,True,4.76076296163086e-09,False,2,bfgs,4,True,4.047873147783321e-14,True,0,bernoulli,-51.53149665873158,0.22217569092468717,e1be0e0fc44fd138252ab10cdd46495939052773c62a3ef4e64c13de9c1ec2ef,selected_candidate_loading,True,e1be0e0fc44fd138252ab10cdd46495939052773c62a3ef4e64c13de9c1ec2ef,bernoulli,1
rep1,start_B,4,5,bfgs,bernoulli,bernoulli,46.70658216832837,False,True,-50.34870041718311,-73.7019915013473,bfgs,3,True,1.184341513749132e-11,True,0,bfgs,4,True,7.207745511550456e-12,True,0,bernoulli,-50.34870041718311,0.43175311870037902,69fbda11b043204e9de06116776d8706a36f2bc3773722a4ff4c6c4a98708b3f,selected_candidate_loading,True,69fbda11b043204e9de06116776d8706a36f2bc3773722a4ff4c6c4a98708b3f,bernoulli,1
rep1,start_B,4,6,bfgs,bernoulli,bernoulli,58.92098479947417,False,True,-44.95833902405676,-74.41883142379385,bfgs,4,True,4.790834395862475e-13,True,0,bfgs,7,True,5.329070518200751e-16,True,0,bernoulli,-44.95833902405676,-1.0018371201001468,e3f6bdaca6b29475f6f343e31c7ef7f35ca4383740b47938760dbee7ddfa5cc7,selected_candidate_loading,True,e3f6bdaca6b29475f6f343e31c7ef7f35ca4383740b47938760dbee7ddfa5cc7,bernoulli,1
rep1,start_B,4,7,bfgs,bernoulli,bernoulli,45.415376754631325,False,True,-51.7141275951016,-74.42181597241726,bfgs,4,True,8.260059303211165e-15,True,0,bfgs,3,True,9.822229962708207e-09,False,2,bernoulli,-51.7141275951016,0.17122013810941245,86793976e359c4270efc85297c47dfcb1320cb208714a044460fcd63f99e87f6,selected_candidate_loading,True,86793976e359c4270efc85297c47dfcb1320cb208714a044460fcd63f99e87f6,bernoulli,1
rep1,start_B,4,8,bfgs,bernoulli,bernoulli,45.46118451304855,False,True,-51.97912807444078,-74.70972033096506,bfgs,4,True,4.4408920985006264e-17,True,0,bfgs,5,True,1.9984014443252818e-16,True,0,bernoulli,-51.97912807444078,0.027153580873499575,7768a1d4dcc03577b0837e6161df4904b20498f96215dc98828b2caca67dde5b,selected_candidate_loading,True,7768a1d4dcc03577b0837e6161df4904b20498f96215dc98828b2caca67dde5b,bernoulli,1
rep1,start_B,5,3,bfgs,bernoulli,bernoulli,49.07255072136779,False,True,-48.30629803802598,-72.84257339870987,bfgs,4,True,5.931755087118518e-12,True,0,bfgs,5,True,2.1316282072803005e-15,True,0,bernoulli,-48.30629803802598,0.67527904915007708,569d222be31022692433e618f7a7e2e999b90b0ab83a7010dd09b08531b7cd1f,selected_candidate_loading,True,569d222be31022692433e618f7a7e2e999b90b0ab83a7010dd09b08531b7cd1f,bernoulli,1
rep1,start_B,5,4,bfgs,bernoulli,bernoulli,45.32061769784508,False,True,-51.76767756980139,-74.42798641872393,bfgs,4,True,2.311478786154453e-12,True,0,bfgs,4,True,1.4299672557172018e-14,True,0,bernoulli,-51.76767756980139,0.15327198453377752,1f0b35e9186fd9bada3f0863bbf37145306687b20eb65513d2a50fce02f80aab,selected_candidate_loading,True,1f0b35e9186fd9bada3f0863bbf37145306687b20eb65513d2a50fce02f80aab,bernoulli,1
rep1,start_B,5,5,bfgs,bernoulli,bernoulli,46.336046658057285,False,True,-50.595366649597665,-73.76338997862631,bfgs,4,True,6.113332062795962e-13,True,0,bfgs,5,True,1.7763568394002506e-16,True,0,bernoulli,-50.595366649597665,0.39593713061672581,35b7eb9bd93c9754f48d32f1c9abc1d32a9f55cb87f1c2837986c5c8cfc22433,selected_candidate_loading,True,35b7eb9bd93c9754f48d32f1c9abc1d32a9f55cb87f1c2837986c5c8cfc22433,bernoulli,1
rep1,start_B,5,6,bfgs,bernoulli,bernoulli,57.3778533252905,False,True,-45.871114477152595,-74.56004113979785,bfgs,5,True,2.575717417130363e-15,True,0,bfgs,6,True,1.6130030644490034e-11,True,0,bernoulli,-45.871114477152595,-0.91804547725792907,3d85f30f0aa885389f59f4c0bfa51774bfc3079146b8ec99b86b6cc956cf85ff,selected_candidate_loading,True,3d85f30f0aa885389f59f4c0bfa51774bfc3079146b8ec99b86b6cc956cf85ff,bernoulli,1
rep1,start_B,5,7,bfgs,bernoulli,bernoulli,45.30280433019689,False,True,-51.88596751345334,-74.53736967855178,bfgs,4,True,4.0998315853357783e-13,True,0,bfgs,4,True,1.1677325773007396e-13,True,0,bernoulli,-51.88596751345334,0.10351905859402823,43f0d221c798c60b5224df4dc37828f4c24462f09596ca1f93b95ab7623a13ca,selected_candidate_loading,True,43f0d221c798c60b5224df4dc37828f4c24462f09596ca1f93b95ab7623a13ca,bernoulli,1
rep1,start_B,5,8,bfgs,bernoulli,bernoulli,45.63237526597986,False,True,-51.9718741029832,-74.78806173597313,bfgs,4,True,2.6645352591003756e-16,True,0,bfgs,4,True,3.5805913789488384e-12,True,0,bernoulli,-51.9718741029832,-0.038880738586836446,54a6ae472744eedacb63795fa3551814de70ed50aa8a003e2654662afa521521,selected_candidate_loading,True,54a6ae472744eedacb63795fa3551814de70ed50aa8a003e2654662afa521521,bernoulli,1
rep1,start_B,6,3,bfgs,bernoulli,bernoulli,48.91045153946192,False,True,-48.903882799779296,-73.35910856951025,bfgs,5,True,1.5305632317108576e-10,False,2,bfgs,5,True,5.240252676230739e-15,True,0,bernoulli,-48.903882799779296,0.61880636374309883,8fdf886f9091076913e016e4beed83739cd0acf341d4abc224a5acbe93ce689a,selected_candidate_loading,True,8fdf886f9091076913e016e4beed83739cd0acf341d4abc224a5acbe93ce689a,bernoulli,1
rep1,start_B,6,4,bfgs,bernoulli,bernoulli,45.55602586487147,False,True,-51.89192444800735,-74.66993738044309,bfgs,4,True,2.9282132274488504e-13,True,0,bfgs,4,True,3.33510996597397e-14,True,0,bernoulli,-51.89192444800735,0.10042413332825223,1bf9449c7edf4d51d395b4a37d10e9b5b06b7877fc411cdb66e6bf59297b191b,selected_candidate_loading,True,1bf9449c7edf4d51d395b4a37d10e9b5b06b7877fc411cdb66e6bf59297b191b,bernoulli,1
rep1,start_B,6,5,bfgs,bernoulli,bernoulli,46.44170224086258,False,True,-50.89224308635352,-74.11309420678481,bfgs,4,True,7.0674577301588215e-12,True,0,bfgs,5,True,1.2434497875801752e-15,True,0,bernoulli,-50.89224308635352,0.35084642174804898,b1658cf9cc64dc69248b2ac35d44f06baccaf89449b766a6cfd8f16a5c92f489,selected_candidate_loading,True,b1658cf9cc64dc69248b2ac35d44f06baccaf89449b766a6cfd8f16a5c92f489,bernoulli,1
rep1,start_B,6,6,bfgs,bernoulli,bernoulli,55.69072310288274,False,True,-46.695672576030276,-74.54103412747165,bfgs,5,True,5.329070518200751e-16,True,0,bfgs,7,True,8.881784197001252e-16,True,0,bernoulli,-46.695672576030276,-0.85761689593432178,5ddbb5bdeb5b328d246f7958b5b8516179023941b41f2a35f29288f4120f6f1b,selected_candidate_loading,True,5ddbb5bdeb5b328d246f7958b5b8516179023941b41f2a35f29288f4120f6f1b,bernoulli,1
rep1,start_B,6,7,bfgs,bernoulli,bernoulli,45.6126279524718,False,True,-51.75791632164187,-74.56423029787777,bfgs,4,True,3.9945824426013134e-14,True,0,bfgs,3,True,4.4408920985006264e-17,True,0,bernoulli,-51.75791632164187,0.1568609384410814,6f03a4347b00c6416d3012c645d546d6362fa5becb1013f38ea2dcd3fd0afcf9,selected_candidate_loading,True,6f03a4347b00c6416d3012c645d546d6362fa5becb1013f38ea2dcd3fd0afcf9,bernoulli,1
rep1,start_B,6,8,bfgs,bernoulli,bernoulli,45.64094190994609,False,True,-51.98419195290846,-74.80466290788151,bfgs,4,True,4.440892098500626e-16,True,0,bfgs,4,True,9.517542309822601e-12,True,0,bernoulli,-51.98419195290846,0.014035213905927246,42274032203e6d1ff3301a64cac9544ebedb10f44912bd41029447eeb3bea9d2,selected_candidate_loading,True,42274032203e6d1ff3301a64cac9544ebedb10f44912bd41029447eeb3bea9d2,bernoulli,1
rep1,start_B,7,3,bfgs,bernoulli,bernoulli,48.81760483822191,False,False,-48.46359213073829,-72.87239454984925,bfgs,4,True,7.251976796851523e-14,True,0,bfgs,4,False,1.4105272638786915e-08,False,2,bernoulli,-48.46359213073829,0.66341943942548554,27b0510d4619422423d133f592a89d3c21856096bd1deeaf13de3e51a9b7ad57,selected_candidate_loading,True,27b0510d4619422423d133f592a89d3c21856096bd1deeaf13de3e51a9b7ad57,bernoulli,1
rep1,start_B,7,4,bfgs,bernoulli,bernoulli,45.2945938854965,False,True,-51.77298624709383,-74.42028318984208,bfgs,4,True,2.844391389089651e-14,True,0,bfgs,4,True,1.2887468869848817e-13,True,0,bernoulli,-51.77298624709383,0.15145307159545521,b735fe0f9722a70fea37d235e27142847ea65d0c5eb7f5fa88c117c9eb2c1b3b,selected_candidate_loading,True,b735fe0f9722a70fea37d235e27142847ea65d0c5eb7f5fa88c117c9eb2c1b3b,bernoulli,1
rep1,start_B,7,5,bfgs,bernoulli,bernoulli,46.10318680294624,False,True,-50.77995319159124,-73.83154659306436,bfgs,3,True,6.442946176576925e-11,True,0,bfgs,4,True,2.1961099605505296e-12,True,0,bernoulli,-50.77995319159124,0.36832906757184075,785c69aa4ae28f4bb5ef4360b1ada49473a25bf6dce3f62cb0d0903ceffc3961,selected_candidate_loading,True,785c69aa4ae28f4bb5ef4360b1ada49473a25bf6dce3f62cb0d0903ceffc3961,bernoulli,1
rep1,start_B,7,6,bfgs,bernoulli,bernoulli,57.59054172244754,False,True,-45.769574622390806,-74.56484548361458,bfgs,4,True,7.648475186528003e-11,True,0,bfgs,7,True,2.060472148457393e-09,False,2,bernoulli,-45.769574622390806,-0.93946293062358222,9e2356d7e72df04202f61b5d299b73b2e9fc4b78d611bc1d9eeb01d27721334e,selected_candidate_loading,True,9e2356d7e72df04202f61b5d299b73b2e9fc4b78d611bc1d9eeb01d27721334e,bernoulli,1
rep1,start_B,7,7,bfgs,bernoulli,bernoulli,45.44654809964247,False,True,-51.50490162803411,-74.22817567785535,bfgs,4,True,1.6218137943724286e-13,True,0,bfgs,4,True,1.0325074129013957e-15,True,0,bernoulli,-51.50490162803411,0.22894010589909106,8200c7678383b3903a121d4322a3b4efd2a451409523572a9bae7a04a6889e91,selected_candidate_loading,True,8200c7678383b3903a121d4322a3b4efd2a451409523572a9bae7a04a6889e91,bernoulli,1
rep1,start_B,7,8,bfgs,bernoulli,bernoulli,45.70217529425091,False,True,-51.955717492439206,-74.80680513956466,bfgs,4,True,5.6888738941829334e-09,False,2,bfgs,4,True,7.771823185009907e-11,True,0,bernoulli,-51.955717492439206,-0.056908038410340228,67cbb0e9382f62fd72c1ba8ea5083d2a03dbfd39c515fa69ffc1908f6ded43f6,selected_candidate_loading,True,67cbb0e9382f62fd72c1ba8ea5083d2a03dbfd39c515fa69ffc1908f6ded43f6,bernoulli,1
rep1,start_B,8,3,bfgs,bernoulli,bernoulli,48.68749305211304,False,True,-48.558118416641335,-72.90186494269786,bfgs,4,True,2.19824158875781e-15,True,0,bfgs,5,True,6.217248937900876e-16,True,0,bernoulli,-48.558118416641335,0.64927976584631875,e9dcf649bf5e2d47d1fe58fcca2461db2d8ef6d0c7793a7995141028bb585eeb,selected_candidate_loading,True,e9dcf649bf5e2d47d1fe58fcca2461db2d8ef6d0c7793a7995141028bb585eeb,bernoulli,1
rep1,start_B,8,4,bfgs,bernoulli,bernoulli,45.33626659826254,False,True,-51.69023422246083,-74.3583675215921,bfgs,4,True,7.368915699856871e-10,False,2,bfgs,4,True,7.835121440535886e-14,True,0,bernoulli,-51.69023422246083,0.17869629654859295,26d9800cf732ddf270d05a447f5e4f62883390d84a6692d79d06014f0cc74f65,selected_candidate_loading,True,26d9800cf732ddf270d05a447f5e4f62883390d84a6692d79d06014f0cc74f65,bernoulli,1
rep1,start_B,8,5,bfgs,bernoulli,bernoulli,46.60924024801223,False,True,-50.30767086740452,-73.61229099141063,bfgs,4,True,7.003286839335487e-14,True,0,bfgs,4,True,1.4859224961583096e-13,True,0,bernoulli,-50.30767086740452,0.43789384924015057,1a9c0c454fd26c06696c52e14cc18d0e800eb74ce8caa4a9200181e4a4bd7f42,selected_candidate_loading,True,1a9c0c454fd26c06696c52e14cc18d0e800eb74ce8caa4a9200181e4a4bd7f42,bernoulli,1
rep1,start_B,8,6,bfgs,bernoulli,bernoulli,58.76018016971284,False,True,-45.09936477731769,-74.47945486217411,bfgs,4,True,4.949374243778948e-13,True,0,bfgs,7,True,1.2434497875801752e-15,True,0,bernoulli,-45.09936477731769,-0.99320190294364674,6f7b20734694652108f7e91602d69b78f3bdfe2d3caab7ccbfbb947061ba8c7b,selected_candidate_loading,True,6f7b20734694652108f7e91602d69b78f3bdfe2d3caab7ccbfbb947061ba8c7b,bernoulli,1
rep1,start_B,8,7,bfgs,bernoulli,bernoulli,45.33830846342386,False,True,-51.68624332314687,-74.3553975548588,bfgs,4,True,5.918071588340012e-13,True,0,bfgs,4,True,5.472156061614442e-12,True,0,bernoulli,-51.68624332314687,0.17991227470955565,c9220d4383feb007b515e0654656487f957bc80f2d3872fbd9d18afc24c391a1,selected_candidate_loading,True,c9220d4383feb007b515e0654656487f957bc80f2d3872fbd9d18afc24c391a1,bernoulli,1
rep1,start_B,8,8,bfgs,bernoulli,bernoulli,45.520626790910356,False,True,-51.984483169987335,-74.74479656544251,bfgs,4,True,4.4084917938391753e-10,False,2,bfgs,5,True,3.552713678800501e-16,True,0,bernoulli,-51.984483169987335,-0.012880868182510458,097e3ebb871ebc2aa8dac43ebbc7906ba908546efb1e8c15da24d43032d93910,selected_candidate_loading,True,097e3ebb871ebc2aa8dac43ebbc7906ba908546efb1e8c15da24d43032d93910,bernoulli,1
rep1,start_B,1,3,bfgs,bernoulli,bernoulli,47.21283971739828,False,True,-50.03695522126033,-73.64337507995947,bfgs,7,True,1.0725014432111379e-09,False,2,bfgs,6,True,7.445328797928141e-11,True,0,bernoulli,-50.03695522126033,0.48660127843455125|0.056274008136726707,8d7ef876a777f0600976aab5323b8bce182ed85f200b72b6f664ca12e0941303,selected_candidate_loading,True,8d7ef876a777f0600976aab5323b8bce182ed85f200b72b6f664ca12e0941303,bernoulli,2
rep1,start_B,1,4,bfgs,bernoulli,bernoulli,45.588176573038,False,True,-51.72086764654607,-74.51495593306507,bfgs,5,True,3.2349456446922886e-11,True,0,bfgs,6,True,1.5604184611106575e-13,True,0,bernoulli,-51.72086764654607,0.12473969669327736|0.08424917523446343,e3ed69a81bbc9fca755b83ee830bc463e944daebbaedbcac09800e8f2f4e4de9,selected_candidate_loading,True,e3ed69a81bbc9fca755b83ee830bc463e944daebbaedbcac09800e8f2f4e4de9,bernoulli,2
rep1,start_B,1,5,bfgs,bernoulli,bernoulli,46.042685240248346,False,True,-51.526101717642646,-74.54744433776682,bfgs,6,True,7.527312106958561e-13,True,0,bfgs,7,True,1.4894754929439814e-09,False,2,bernoulli,-51.526101717642646,0.088658930696275132|0.1702298689519158,a9624f6ded7c226776ad028f75cd87b1068ef09811631bb6c7249d7bf85b9ddf,selected_candidate_loading,True,a9624f6ded7c226776ad028f75cd87b1068ef09811631bb6c7249d7bf85b9ddf,bernoulli,2
rep1,start_B,1,6,bfgs,bernoulli,bernoulli,48.61719095985646,False,True,-50.279008672432795,-74.58760415236102,bfgs,6,True,5.170390560138571e-10,False,2,bfgs,6,True,1.4903811518252041e-10,False,2,bernoulli,-50.279008672432795,-0.3122252454086375|-0.23378723901355405,f5fb2bbb8c48c0ad73f10ba6e5d3c5e4052998f86f18a0bf6594a44769999c78,selected_candidate_loading,True,f5fb2bbb8c48c0ad73f10ba6e5d3c5e4052998f86f18a0bf6594a44769999c78,bernoulli,2
rep1,start_B,1,7,bfgs,bernoulli,bernoulli,46.80363580165357,False,True,-51.453363885929605,-74.85518178675639,bfgs,10,True,4.915357010304433e-12,True,0,bfgs,7,True,5.986877660291157e-14,True,0,bernoulli,-51.453363885929605,-0.14623502867294405|0.23490072231253445,3f7dc3983370c62c58a42ac980f08f54117df377dc90a7f307500830b5d27251,selected_candidate_loading,True,3f7dc3983370c62c58a42ac980f08f54117df377dc90a7f307500830b5d27251,bernoulli,2
rep1,start_B,1,8,bfgs,bernoulli,bernoulli,46.71610846292296,False,True,-51.583235252238964,-74.94128948370044,bfgs,10,True,3.731592812528106e-12,True,0,bfgs,5,True,6.618451342532694e-11,True,0,bernoulli,-51.583235252238964,-0.23983264145590735|0.065968821375578995,1c6723452064fcca1a73aef65b1c8d9b1b08068bdd06b6268746df86a9e3f7e0,selected_candidate_loading,True,1c6723452064fcca1a73aef65b1c8d9b1b08068bdd06b6268746df86a9e3f7e0,bernoulli,2
rep1,start_B,2,3,bfgs,bernoulli,bernoulli,49.03021584104354,False,False,-48.48902722447373,-73.0041351449955,bfgs,6,True,1.8057777495528172e-14,True,0,bfgs,5,False,8.687265875551021e-08,False,2,bernoulli,-48.48902722447373,0.5731065892774293|0.14617895747264534,62c6d386a13be57d3d4ad742f47c56e184238a68d4c96d2f2dd3d3c189c8e436,selected_candidate_loading,True,62c6d386a13be57d3d4ad742f47c56e184238a68d4c96d2f2dd3d3c189c8e436,bernoulli,2
rep1,start_B,2,4,bfgs,bernoulli,bernoulli,45.885968792040586,False,True,-51.15856377864556,-74.10154817466585,bfgs,5,True,8.612058288726132e-11,True,0,bfgs,6,True,3.9102054927298013e-13,True,0,bernoulli,-51.15856377864556,0.33347773668106695|-0.10508844739542046,11d6631d7ca18247d49047dedc43ba7b6bae2fd29069c78bf70dd361c2119433,selected_candidate_loading,True,11d6631d7ca18247d49047dedc43ba7b6bae2fd29069c78bf70dd361c2119433,bernoulli,2
rep1,start_B,2,5,bfgs,bernoulli,bernoulli,46.862354379873636,False,True,-50.4008864806914,-73.83206367062822,bfgs,6,True,9.667777689514879e-12,True,0,bfgs,6,True,5.152656079587814e-13,True,0,bernoulli,-50.4008864806914,0.2569123073875168|0.24178650449104339,49f7c13346804a33c421e096f872783ddfded2de06e1331430f323b2bd1c020e,selected_candidate_loading,True,49f7c13346804a33c421e096f872783ddfded2de06e1331430f323b2bd1c020e,bernoulli,2
rep1,start_B,2,6,bfgs,bernoulli,bernoulli,56.97528170371271,False,True,-45.72430464521261,-74.21194549706897,bfgs,7,True,2.2753714745693543e-10,False,2,bfgs,6,True,4.663971764351515e-10,False,2,bernoulli,-45.72430464521261,-0.42551785420955296|-0.65724083367018449,00b50f16745647780b149e61ec46ca5b3e6031204366f0e838fbad2c6582517d,selected_candidate_loading,True,00b50f16745647780b149e61ec46ca5b3e6031204366f0e838fbad2c6582517d,bernoulli,2
rep1,start_B,2,7,bfgs,bernoulli,bernoulli,48.25388694434585,False,True,-50.372633941079116,-74.49957741325204,bfgs,6,True,8.44373460040515e-12,True,0,bfgs,6,True,7.10279113302903e-11,True,0,bernoulli,-50.372633941079116,-0.28784457377738648|0.46633441197430775,828dccdb53871bb2b527749f4477875d98c879f71869b391b1fbc9eb889bf365,selected_candidate_loading,True,828dccdb53871bb2b527749f4477875d98c879f71869b391b1fbc9eb889bf365,bernoulli,2
rep1,start_B,2,8,bfgs,bernoulli,bernoulli,49.28318035748478,False,True,-50.19154267651375,-74.83313285525614,bfgs,6,True,1.7985257727559655e-11,True,0,bfgs,7,True,5.003344960563538e-13,True,0,bernoulli,-50.19154267651375,-0.48934536313360072|0.32396520311970933,5f34bd8f39a96139538b53c5cd5e07242a97c60b2db6aa5dbee68a9b0996ad4c,selected_candidate_loading,True,5f34bd8f39a96139538b53c5cd5e07242a97c60b2db6aa5dbee68a9b0996ad4c,bernoulli,2
rep1,start_B,3,3,bfgs,bernoulli,bernoulli,49.3156456759168,False,True,-48.4203302735472,-73.0781531115056,bfgs,6,True,2.2669643939821072e-13,True,0,bfgs,6,True,3.2115200325477656e-10,False,2,bernoulli,-48.4203302735472,0.56562030450983469|0.24038361348272433,678f659e32792b5e972f5e60a287f502cde6a8972a45b8eebbcb547f17b7f938,selected_candidate_loading,True,678f659e32792b5e972f5e60a287f502cde6a8972a45b8eebbcb547f17b7f938,bernoulli,2
rep1,start_B,3,4,bfgs,bernoulli,bernoulli,46.02477995500891,False,True,-51.13704630333724,-74.1494362808417,bfgs,5,True,3.247062618783048e-11,True,0,bfgs,6,True,3.8529471280135397e-11,True,0,bernoulli,-51.13704630333724,0.306536680471995|-0.02330634525199465,921be2118bd3431a3315c7ffe118a9a22a409f69c53a25e723c5ba435711a6e3,selected_candidate_loading,True,921be2118bd3431a3315c7ffe118a9a22a409f69c53a25e723c5ba435711a6e3,bernoulli,2
rep1,start_B,3,5,bfgs,bernoulli,bernoulli,47.371491604717576,False,True,-50.13075421259432,-73.8165000149531,bfgs,5,True,4.810394305110322e-10,False,2,bfgs,6,True,8.25660650960458e-12,True,0,bernoulli,-50.13075421259432,0.25795643281758557|0.33107911375171478,fe8541082782e2035b72dc78fabf2fcc6601ad26b8e738308115e33d82ccdcde,selected_candidate_loading,True,fe8541082782e2035b72dc78fabf2fcc6601ad26b8e738308115e33d82ccdcde,bernoulli,2
rep1,start_B,3,6,bfgs,bernoulli,bernoulli,58.28768805872312,False,False,-45.01363380894075,-74.15747783830231,bfgs,8,True,2.2960899848101234e-11,True,0,bfgs,9,False,2.156595260149885e-08,False,2,bernoulli,-45.01363380894075,-0.56737016301470622|-0.71901871972551301,3be955fce95fd88a755a590c20c4fd9268308fec4e51fc37bc406a6dbdc664ad,selected_candidate_loading,True,3be955fce95fd88a755a590c20c4fd9268308fec4e51fc37bc406a6dbdc664ad,bernoulli,2
rep1,start_B,3,7,bfgs,bernoulli,bernoulli,49.46275032330573,False,False,-49.718577313628685,-74.44995247528155,bfgs,5,True,1.95493454757667e-11,True,0,bfgs,7,False,4.7187647862767526e-08,False,2,bernoulli,-49.718577313628685,-0.32290564211474271|0.48432272214774424,a817c7ad8e5f160a1c2d05faafab217f70c6af764efdf096364a5b4cec46f6aa,selected_candidate_loading,True,a817c7ad8e5f160a1c2d05faafab217f70c6af764efdf096364a5b4cec46f6aa,bernoulli,2
rep1,start_B,3,8,bfgs,bernoulli,bernoulli,49.510595373179214,False,True,-50.00762076289575,-74.76291844948535,bfgs,6,True,2.8193003487331226e-13,True,0,bfgs,9,True,2.09047032323495e-09,False,2,bernoulli,-50.00762076289575,-0.44070130919766337|0.30187082186821751,7f983317b4c83db010064cc49fcdf2c67ec8400d62acac1a6f222878434c8e57,selected_candidate_loading,True,7f983317b4c83db010064cc49fcdf2c67ec8400d62acac1a6f222878434c8e57,bernoulli,2
rep1,start_B,4,3,bfgs,bernoulli,bernoulli,48.598225295632346,False,True,-48.70254849467679,-73.00166114249296,bfgs,5,True,1.5685686971522728e-09,False,2,bfgs,6,True,6.750283665368784e-12,True,0,bernoulli,-48.70254849467679,0.50858170634949873|0.29134955615842806,a21b3ff7768fee3e748c249dea6604700c73e0b48428a0ae180c2578616cb526,selected_candidate_loading,True,a21b3ff7768fee3e748c249dea6604700c73e0b48428a0ae180c2578616cb526,bernoulli,2
rep1,start_B,4,4,bfgs,bernoulli,bernoulli,45.997713055558336,False,True,-51.08442874324351,-74.08328527102267,bfgs,5,True,5.896616528389131e-13,True,0,bfgs,5,True,3.3698029089368474e-11,True,0,bernoulli,-51.08442874324351,0.32203494591557585|-0.047380981207567827,0a19690b71beea10b796ba7121f99acce120f818869df1b476e391a517cf087d,selected_candidate_loading,True,0a19690b71beea10b796ba7121f99acce120f818869df1b476e391a517cf087d,bernoulli,2
rep1,start_B,4,5,bfgs,bernoulli,bernoulli,47.329580840681345,False,True,-49.829877849173236,-73.49466826951391,bfgs,5,True,6.23945339839338e-14,True,0,bfgs,6,True,9.614470330987501e-12,True,0,bernoulli,-49.829877849173236,0.28631042220026204|0.35971471646199066,8b04c9144cb5cb72f1511784897c3e0ae2ebf9e70f8fe7cfd3f1cb89808b6278,selected_candidate_loading,True,8b04c9144cb5cb72f1511784897c3e0ae2ebf9e70f8fe7cfd3f1cb89808b6278,bernoulli,2
rep1,start_B,4,6,bfgs,bernoulli,bernoulli,56.65612416801348,False,True,-46.15534024277154,-74.48340232677828,bfgs,6,True,5.091483956665144e-10,False,2,bfgs,10,True,8.923528582727159e-13,True,0,bernoulli,-46.15534024277154,-0.46226181474764877|-0.68211428375606087,d95bacea558b474385e514c2d7f0734559c41079be2a9c3b493d85cd39240e3b,selected_candidate_loading,True,d95bacea558b474385e514c2d7f0734559c41079be2a9c3b493d85cd39240e3b,bernoulli,2
rep1,start_B,4,7,bfgs,bernoulli,bernoulli,50.072663718507044,False,True,-49.23177104816226,-74.26810290741578,bfgs,6,True,1.9890866731486765e-12,True,0,bfgs,6,True,2.680916585950932e-09,False,2,bernoulli,-49.23177104816226,-0.4361304695973105|0.45963121437748067,9c74ad9377d251325557af2d36c691b021fcbaebfd7385b992c3a5cf99e053ff,selected_candidate_loading,True,9c74ad9377d251325557af2d36c691b021fcbaebfd7385b992c3a5cf99e053ff,bernoulli,2
rep1,start_B,4,8,bfgs,bernoulli,bernoulli,48.56258147649807,False,True,-50.39107718417133,-74.67236792242036,bfgs,6,True,3.9388492467651306e-13,True,0,bfgs,7,True,1.4982737273072645e-13,True,0,bernoulli,-50.39107718417133,-0.39531545181756367|0.25191541740873619,a872810d63bb33c0f26c7bd98133dc5af44c1b978527654d00866aaf17802762,selected_candidate_loading,True,a872810d63bb33c0f26c7bd98133dc5af44c1b978527654d00866aaf17802762,bernoulli,2
rep1,start_B,5,3,bfgs,bernoulli,bernoulli,48.367328471222365,False,True,-48.77783349337957,-72.96149772899075,bfgs,5,True,7.460698725481052e-13,True,0,bfgs,7,True,3.4589180963884305e-10,False,2,bernoulli,-48.77783349337957,0.51126782815020089|0.27475934687186243,d0e4e74c0716d04d32495767d5640a8c604e585bf0f2bb7775fe0a3841b521e5,selected_candidate_loading,True,d0e4e74c0716d04d32495767d5640a8c604e585bf0f2bb7775fe0a3841b521e5,bernoulli,2
rep1,start_B,5,4,bfgs,bernoulli,bernoulli,46.49124497464399,False,True,-50.51970930307044,-73.76533179039244,bfgs,6,True,2.584543690176133e-12,True,0,bfgs,6,True,7.118805545047735e-13,True,0,bernoulli,-50.51970930307044,0.42114981511764565|-0.092447656953919891,af6e17bed329e029eb8822c667f7547d245c0c5a73beef4d0f05015dac6dd49c,selected_candidate_loading,True,af6e17bed329e029eb8822c667f7547d245c0c5a73beef4d0f05015dac6dd49c,bernoulli,2
rep1,start_B,5,5,bfgs,bernoulli,bernoulli,46.58108099885813,False,True,-50.38243236903764,-73.6729728684667,bfgs,6,True,2.2305712832348946e-12,True,0,bfgs,6,True,5.385893619980209e-10,False,2,bernoulli,-50.38243236903764,0.25623346900560839|0.29224368922149085,af1eb8fcc5203275eae3b378a012592e81b8606fc0afcff887f3c2da4693c003,selected_candidate_loading,True,af1eb8fcc5203275eae3b378a012592e81b8606fc0afcff887f3c2da4693c003,bernoulli,2
rep1,start_B,5,6,bfgs,bernoulli,bernoulli,56.83905242906329,False,True,-46.036605594276196,-74.45613180880784,bfgs,4,True,1.6154255710887356e-11,True,0,bfgs,9,True,2.324931358543836e-11,True,0,bernoulli,-46.036605594276196,-0.47736597202168152|-0.67635526953813974,72875c10361fc4c0f0e64c043318499cdd8d5a449aef4854d808e425f760ecde,selected_candidate_loading,True,72875c10361fc4c0f0e64c043318499cdd8d5a449aef4854d808e425f760ecde,bernoulli,2
rep1,start_B,5,7,bfgs,bernoulli,bernoulli,49.02777240082146,False,True,-49.8390716723605,-74.35295787277123,bfgs,5,True,2.872650683993783e-09,False,2,bfgs,10,True,4.376998763433448e-13,True,0,bernoulli,-49.8390716723605,-0.3507410406706038|0.43012383777164404,c3a192d055bedd1466f0350df77ef29f3dc71c139675ef6ff5ee31855c2d0d4d,selected_candidate_loading,True,c3a192d055bedd1466f0350df77ef29f3dc71c139675ef6ff5ee31855c2d0d4d,bernoulli,2
rep1,start_B,5,8,bfgs,bernoulli,bernoulli,48.63731142636237,False,False,-50.30639119980755,-74.62504691298874,bfgs,5,True,3.625544309215911e-12,True,0,bfgs,5,False,5.94496416131407e-07,False,2,bernoulli,-50.30639119980755,-0.38644379249853555|0.30146853531804385,0f835810b4b8eb83803d4c0072e892418412d5a882fb26bcadf77821ed38f711,selected_candidate_loading,True,0f835810b4b8eb83803d4c0072e892418412d5a882fb26bcadf77821ed38f711,bernoulli,2
rep1,start_B,6,3,bfgs,bernoulli,bernoulli,47.61076625346665,False,True,-49.03627830605975,-72.84166143279307,bfgs,6,True,1.0552669849062113e-13,True,0,bfgs,6,True,3.433919815165609e-13,True,0,bernoulli,-49.03627830605975,0.46320143507213224|0.29886727394506668,fa5ad9244d557e16f1ccfcebe0b0b476a84cf37fdc3ce3917b21f7349ac9aa04,selected_candidate_loading,True,fa5ad9244d557e16f1ccfcebe0b0b476a84cf37fdc3ce3917b21f7349ac9aa04,bernoulli,2
rep1,start_B,6,4,bfgs,bernoulli,bernoulli,45.76597252392364,False,True,-50.84411533819643,-73.72710160015825,bfgs,6,True,2.436562063223846e-12,True,0,bfgs,5,True,5.739125691350821e-09,False,2,bernoulli,-50.84411533819643,0.36771760061287639|-0.097633154246021134,207aa2218a394701e8e40e4d0f43121ecdfc9686135095f2b9680c8d3698246b,selected_candidate_loading,True,207aa2218a394701e8e40e4d0f43121ecdfc9686135095f2b9680c8d3698246b,bernoulli,2
rep1,start_B,6,5,bfgs,bernoulli,bernoulli,46.160661178181215,False,True,-50.47806432887603,-73.55839491796664,bfgs,5,True,5.921374501838272e-13,True,0,bfgs,6,True,2.593700254571729e-11,True,0,bernoulli,-50.47806432887603,0.23859543815257986|0.29219201040452558,b13cff27c923d67a48ae841aae3b5898251c3d3d782a4cbbc9a427f1ba0d251d,selected_candidate_loading,True,b13cff27c923d67a48ae841aae3b5898251c3d3d782a4cbbc9a427f1ba0d251d,bernoulli,2
rep1,start_B,6,6,bfgs,bernoulli,bernoulli,56.01690838655378,False,True,-46.524499427650255,-74.53295362092715,bfgs,6,True,2.091660178393795e-14,True,0,bfgs,10,True,6.272315999922285e-13,True,0,bernoulli,-46.524499427650255,-0.4669583300693283|-0.63458786661795086,a5b879f62e8d3e1fa16b6f9bbeb1c5e5df7b9c43b9fee879a4887ed7ceaeb89a,selected_candidate_loading,True,a5b879f62e8d3e1fa16b6f9bbeb1c5e5df7b9c43b9fee879a4887ed7ceaeb89a,bernoulli,2
rep1,start_B,6,7,bfgs,bernoulli,bernoulli,50.489072068603065,False,True,-48.98118672931035,-74.22572276361188,bfgs,5,True,7.72999442233413e-12,True,0,bfgs,7,True,1.774816404953583e-13,True,0,bernoulli,-48.98118672931035,-0.4321435108368672|0.51053449028296793,f1e7fef991861e9869b64af9650e5a570f7e5cf4113cfa1f63d9aaab1feaa8a2,selected_candidate_loading,True,f1e7fef991861e9869b64af9650e5a570f7e5cf4113cfa1f63d9aaab1feaa8a2,bernoulli,2
rep1,start_B,6,8,bfgs,bernoulli,bernoulli,49.090712173132204,False,True,-50.05449957790434,-74.59985566447044,bfgs,5,True,6.927791673660977e-14,True,0,bfgs,6,True,1.1921305609341459e-11,True,0,bernoulli,-50.05449957790434,-0.41296109352494381|0.32945156162347722,ea77fa729c6c081d6d254a02fb435e8d1383aa0ce5b4ec8dabab09cedf60b9ad,selected_candidate_loading,True,ea77fa729c6c081d6d254a02fb435e8d1383aa0ce5b4ec8dabab09cedf60b9ad,bernoulli,2
rep1,start_B,7,3,bfgs,bernoulli,bernoulli,48.105740918578604,False,False,-49.025211502554576,-73.07808196184388,bfgs,5,True,3.175593121795828e-12,True,0,bfgs,6,False,4.5916574747950636e-08,False,2,bernoulli,-49.025211502554576,0.48658895691661036|0.26558221684510253,9de3d558dfa29713ebebb26acb97823f9b93ebb0a998ed6889d0d20d6cf34c80,selected_candidate_loading,True,9de3d558dfa29713ebebb26acb97823f9b93ebb0a998ed6889d0d20d6cf34c80,bernoulli,2
rep1,start_B,7,4,bfgs,bernoulli,bernoulli,45.80091075643131,False,True,-51.226895733351896,-74.12735111156755,bfgs,6,True,3.5522029762091735e-12,True,0,bfgs,6,True,2.5238700018803686e-13,True,0,bernoulli,-51.226895733351896,0.29574081477375724|-0.098396833140289686,79f4ec0a48234f14c24820515c83c7a88307a991b9fd0404adf7afe7082f8c62,selected_candidate_loading,True,79f4ec0a48234f14c24820515c83c7a88307a991b9fd0404adf7afe7082f8c62,bernoulli,2
rep1,start_B,7,5,bfgs,bernoulli,bernoulli,46.795070328254354,False,True,-50.28688896922438,-73.68442413335156,bfgs,5,True,1.62980740014973e-14,True,0,bfgs,6,True,1.0156786522941275e-10,False,2,bernoulli,-50.28688896922438,0.24379806858791067|0.31922523649681733,242bddae2eb8db4e2b211d64a218362815bdb150fb1da4f705c545384f514617,selected_candidate_loading,True,242bddae2eb8db4e2b211d64a218362815bdb150fb1da4f705c545384f514617,bernoulli,2
rep1,start_B,7,6,bfgs,bernoulli,bernoulli,56.948393945334985,False,True,-45.91021232649755,-74.38440929916504,bfgs,5,True,9.617524554528245e-11,True,0,bfgs,10,True,2.2979618208296416e-12,True,0,bernoulli,-45.91021232649755,-0.46434976514313542|-0.70902633465018139,be28ef384b765cadc56cecb4635d6f5fe3aa2e6079b259cd3ca4cc1f15fde979,selected_candidate_loading,True,be28ef384b765cadc56cecb4635d6f5fe3aa2e6079b259cd3ca4cc1f15fde979,bernoulli,2
rep1,start_B,7,7,bfgs,bernoulli,bernoulli,49.3104766198264,False,False,-49.67513848393308,-74.33037679384628,bfgs,6,True,9.27140519912939e-10,False,2,bfgs,9,False,1.3578544950931804e-08,False,2,bernoulli,-49.67513848393308,-0.34220621854154465|0.4686882244637996,22bf249804002701350886e5c6e84b9871d4b2d7828bbd332b005b16ae741682,selected_candidate_loading,True,22bf249804002701350886e5c6e84b9871d4b2d7828bbd332b005b16ae741682,bernoulli,2
rep1,start_B,7,8,bfgs,bernoulli,bernoulli,49.22966849906497,False,True,-50.07475292923214,-74.68958717876463,bfgs,6,True,9.875433804040768e-15,True,0,bfgs,7,True,6.708522626297508e-15,True,0,bernoulli,-50.07475292923214,-0.43615874502264573|0.29229741679147442,4907109701219167555f437c1076911b8b97b70744131f3f30ef8bcddae802b6,selected_candidate_loading,True,4907109701219167555f437c1076911b8b97b70744131f3f30ef8bcddae802b6,bernoulli,2
rep1,start_B,8,3,bfgs,bernoulli,bernoulli,48.400052511848656,False,True,-48.592174763661546,-72.79220101958587,bfgs,5,True,1.9131363160340698e-12,True,0,bfgs,7,True,5.816458426011195e-14,True,0,bernoulli,-48.592174763661546,0.51160435097880141|0.30974211823955694,7ae163635f3dd0ee5964e02aa622663c9b71a7027065a62640c00a85d4c2c956,selected_candidate_loading,True,7ae163635f3dd0ee5964e02aa622663c9b71a7027065a62640c00a85d4c2c956,bernoulli,2
rep1,start_B,8,4,bfgs,bernoulli,bernoulli,45.60549106038263,False,False,-51.203879785725675,-74.00662531591699,bfgs,3,False,1.6771058404252414e-07,False,2,bfgs,5,True,2.8068880553178133e-12,True,0,bernoulli,-51.203879785725675,0.29368951546580457|-0.10737646906423499,19c1c33f803370ed302ff96ecb068c12e294629362b1b04f79a80508ce6cec13,selected_candidate_loading,True,19c1c33f803370ed302ff96ecb068c12e294629362b1b04f79a80508ce6cec13,bernoulli,2
rep1,start_B,8,5,bfgs,bernoulli,bernoulli,46.22575239452287,False,True,-50.61579035293315,-73.72866655019459,bfgs,5,True,5.1159809721923463e-11,True,0,bfgs,6,True,5.942355635335517e-09,False,2,bernoulli,-50.61579035293315,0.23689391570823909|0.27416948920741507,fc2d524f69d102db0d07c996b96980f7039755a7123c9f58607ff8980e647297,selected_candidate_loading,True,fc2d524f69d102db0d07c996b96980f7039755a7123c9f58607ff8980e647297,bernoulli,2
rep1,start_B,8,6,bfgs,bernoulli,bernoulli,55.53695927952015,False,False,-46.59834413782701,-74.36682377758709,bfgs,5,False,1.107680057454985e-07,False,2,bfgs,9,True,9.146394752690411e-12,True,0,bernoulli,-46.59834413782701,-0.37116081244227245|-0.70711594809596323,0d2d69c90123ce749dce168faa33fc7df0a0c8550b60bfc1bffa1678b46c781e,selected_candidate_loading,True,0d2d69c90123ce749dce168faa33fc7df0a0c8550b60bfc1bffa1678b46c781e,bernoulli,2
rep1,start_B,8,7,bfgs,bernoulli,bernoulli,49.08426885048476,False,True,-49.93485979279755,-74.47699421803993,bfgs,5,True,2.576970326018113e-09,False,2,bfgs,10,True,8.036243892561857e-12,True,0,bernoulli,-49.93485979279755,-0.34292337938717626|0.40964000324730349,6ead96ded03bfe1e2ac881e29c522b9064863b6b22c1f92cc685f89562550c8e,selected_candidate_loading,True,6ead96ded03bfe1e2ac881e29c522b9064863b6b22c1f92cc685f89562550c8e,bernoulli,2
rep1,start_B,8,8,bfgs,bernoulli,bernoulli,48.14893045733517,False,True,-50.63993819122373,-74.71440341989131,bfgs,6,True,2.4130653031306793e-11,True,0,bfgs,9,True,2.3291646389367317e-13,True,0,bernoulli,-50.63993819122373,-0.32952883753638401|0.27345297937053581,d750f96280bf78181c3b7106bb4d29139be68f597b96f75309e048f9080a0019,selected_candidate_loading,True,d750f96280bf78181c3b7106bb4d29139be68f597b96f75309e048f9080a0019,bernoulli,2
rep1,start_B,1,3,bfgs,bernoulli,bernoulli,47.779596923175404,False,True,-49.694234931926715,-73.58403339351442,bfgs,12,True,2.2807524757695318e-10,False,2,bfgs,8,True,4.850009283074996e-12,True,0,bernoulli,-49.694234931926715,0.090189551702329188|-0.094365959808523664|0.45645223420022124,a118f197428e22c7aebbee91a7f1241fb279261f7787f4b1b5a1f161d705f286,selected_candidate_loading,True,a118f197428e22c7aebbee91a7f1241fb279261f7787f4b1b5a1f161d705f286,bernoulli,3
rep1,start_B,1,4,bfgs,bernoulli,bernoulli,45.572145851971115,False,True,-51.730423290428895,-74.51649621641445,bfgs,7,True,5.852123230454254e-11,True,0,bfgs,8,True,3.529170883309618e-09,False,2,bernoulli,-51.730423290428895,0.072339056418148556|-0.090582487691956287|0.12507996011271916,6d147a403676a18878102c293732e94ad27ceda7fd5b5016a909fd916e731bf3,selected_candidate_loading,True,6d147a403676a18878102c293732e94ad27ceda7fd5b5016a909fd916e731bf3,bernoulli,3
rep1,start_B,1,5,bfgs,bernoulli,bernoulli,46.878166303442384,False,True,-50.609696800468114,-74.0487799521893,bfgs,7,True,2.3067059373715893e-11,True,0,bfgs,7,True,8.196664014192833e-10,False,2,bernoulli,-50.609696800468114,-0.064138905440147276|-0.087100992203973937|0.34048362456521386,973db62af59f6eda926260c86acffdbfba0c010756ff8344f39b65931bcf18d0,selected_candidate_loading,True,973db62af59f6eda926260c86acffdbfba0c010756ff8344f39b65931bcf18d0,bernoulli,3
rep1,start_B,1,6,bfgs,bernoulli,bernoulli,51.710480863517574,False,True,-48.94277576500657,-74.79801619676536,bfgs,9,True,1.9946133633652607e-09,False,2,bfgs,7,True,6.303315203126658e-10,False,2,bernoulli,-48.94277576500657,-0.096320643350137888|-0.34542094331977413|-0.42810142882003027,363446187793d46ef8ee25fa7c5ba29f9fec1b5af535c2bf3b8e8411bcd4bfb4,selected_candidate_loading,True,363446187793d46ef8ee25fa7c5ba29f9fec1b5af535c2bf3b8e8411bcd4bfb4,bernoulli,3
rep1,start_B,1,7,bfgs,bernoulli,bernoulli,50.086618277989146,False,True,-49.143862914081396,-74.18717205307597,bfgs,9,True,3.9146268449030685e-10,False,2,bfgs,13,True,1.597644239126339e-12,True,0,bernoulli,-49.143862914081396,-0.16079684185036117|0.60334275322127306|-0.24401213845601766,b19ff9a2fbeafed213f8026871a326df1da6f609360202eff846d0802194659f,selected_candidate_loading,True,b19ff9a2fbeafed213f8026871a326df1da6f609360202eff846d0802194659f,bernoulli,3
rep1,start_B,1,8,bfgs,bernoulli,bernoulli,48.71567736145337,False,True,-50.414220098867204,-74.77205877959389,bfgs,7,True,7.433764714903645e-12,True,0,bfgs,11,True,1.2085371092762643e-09,False,2,bernoulli,-50.414220098867204,-0.15996815099891112|0.25185451281173454|-0.31928644770431641,31166bf4d2ff0413d0f81555a88dd1af1c5d2a0dee55e2c9d6dfba11071bd0aa,selected_candidate_loading,True,31166bf4d2ff0413d0f81555a88dd1af1c5d2a0dee55e2c9d6dfba11071bd0aa,bernoulli,3
rep1,start_B,2,3,bfgs,bernoulli,bernoulli,48.91448736599193,False,True,-48.298452856007046,-72.75569653900301,bfgs,7,True,2.6268764941050903e-12,True,0,bfgs,8,True,9.2013414110248e-09,False,2,bernoulli,-48.298452856007046,0.1173130804744994|0.081993383368388642|0.59536865701395991,c269a2d9b960b9c77d8f5b88e23ed23a8863a149c541cd115a8814f3ca6063a1,selected_candidate_loading,True,c269a2d9b960b9c77d8f5b88e23ed23a8863a149c541cd115a8814f3ca6063a1,bernoulli,3
rep1,start_B,2,4,bfgs,bernoulli,bernoulli,45.630298630089655,False,True,-51.12505294535371,-73.94020226039854,bfgs,7,True,6.628567916777684e-10,False,2,bfgs,7,True,3.178632912437251e-11,True,0,bernoulli,-51.12505294535371,0.24762265340177012|-0.10505283168431703|0.1774043582273119,9b2f06be17602da481ebaa313e489e70239d1de554a14051768675707c4c09ec,selected_candidate_loading,True,9b2f06be17602da481ebaa313e489e70239d1de554a14051768675707c4c09ec,bernoulli,3
rep1,start_B,2,5,bfgs,bernoulli,bernoulli,46.46830189191472,False,True,-50.55992684214183,-73.79407778809919,bfgs,7,True,1.127631321651279e-12,True,0,bfgs,8,True,7.374074972865685e-09,False,2,bernoulli,-50.55992684214183,-0.033298606983461133|-0.055069476812074927|0.35876710961039021,f5dc61eee69f605a886407b37ff4e2ab765cfcd6ccd1a63e55f11588562f3f16,selected_candidate_loading,True,f5dc61eee69f605a886407b37ff4e2ab765cfcd6ccd1a63e55f11588562f3f16,bernoulli,3
rep1,start_B,2,6,bfgs,bernoulli,bernoulli,59.41914906943035,False,True,-44.426084204206816,-74.13565873892199,bfgs,11,True,3.658879865753306e-10,False,2,bfgs,10,True,2.8117543848793505e-10,False,2,bernoulli,-44.426084204206816,-0.23806372933214939|-0.75809351959008109|-0.65560580940877511,8ece570247efa4e29a7beebee9d7401b17fac9908c70d518397726d160c93ac3,selected_candidate_loading,True,8ece570247efa4e29a7beebee9d7401b17fac9908c70d518397726d160c93ac3,bernoulli,3
rep1,start_B,2,7,bfgs,bernoulli,bernoulli,54.2481581610717,False,True,-46.15680340251599,-73.28088248305184,bfgs,8,True,1.7889567605067214e-10,False,2,bfgs,12,True,1.3053153558040265e-10,False,2,bernoulli,-46.15680340251599,-0.0071993878685461801|0.98090309982836654|-0.16364747729163923,dc5687b4152761dab713f0d8223bef9d42083ea516c46af30bb75c5fefe08f0e,selected_candidate_loading,True,dc5687b4152761dab713f0d8223bef9d42083ea516c46af30bb75c5fefe08f0e,bernoulli,3
rep1,start_B,2,8,bfgs,bernoulli,bernoulli,51.1365009342897,False,True,-48.56503275411528,-74.13328322126013,bfgs,7,True,1.0050714926990167e-09,False,2,bfgs,8,True,5.378283263191009e-10,False,2,bernoulli,-48.56503275411528,-0.16209015068748153|0.65768844277391303|-0.22586801711705271,b63507ff03d8f259d35d4b1cefbde1debfcb91392c2e84c85ebd7c17a6153bf6,selected_candidate_loading,True,b63507ff03d8f259d35d4b1cefbde1debfcb91392c2e84c85ebd7c17a6153bf6,bernoulli,3
rep1,start_B,3,3,bfgs,bernoulli,bernoulli,48.82748552514934,False,False,-48.68401090504493,-73.0977536676196,bfgs,6,False,2.1149482809512678e-08,False,2,bfgs,8,True,1.4055778763122362e-11,True,0,bernoulli,-48.68401090504493,0.072544244240705394|0.095528950825462644|0.55007153142661591,68668edb1c9e69fd86ef277ded1ffda146e5e631f8aa57b82246cea4db2071e8,selected_candidate_loading,True,68668edb1c9e69fd86ef277ded1ffda146e5e631f8aa57b82246cea4db2071e8,bernoulli,3
rep1,start_B,3,4,bfgs,bernoulli,bernoulli,46.43672979160041,False,True,-50.59309237233161,-73.81145726813182,bfgs,7,True,7.356337761166287e-13,True,0,bfgs,8,True,1.17284071343704e-11,True,0,bernoulli,-50.59309237233161,0.27977225215303775|-0.15470230830401208|0.25315533207054169,b459ae5a2a4007e3a8182ef21d1c6714f3056f0a9c8e006e1fdcf0b5606846d0,selected_candidate_loading,True,b459ae5a2a4007e3a8182ef21d1c6714f3056f0a9c8e006e1fdcf0b5606846d0,bernoulli,3
rep1,start_B,3,5,bfgs,bernoulli,bernoulli,46.93913544600021,False,True,-50.36987300214684,-73.83944072514694,bfgs,6,True,5.883881248891498e-09,False,2,bfgs,8,True,1.1961496515500158e-10,False,2,bernoulli,-50.36987300214684,-0.057889477443900633|0.06953404277054416|0.36512465565485719,ae9f6fd2bc5801ceb8f7e086428accdfce5d062616a59eebf7c9972ce7e4d03e,selected_candidate_loading,True,ae9f6fd2bc5801ceb8f7e086428accdfce5d062616a59eebf7c9972ce7e4d03e,bernoulli,3
rep1,start_B,3,6,bfgs,bernoulli,bernoulli,61.790132683689706,False,True,-42.97082501902224,-73.8658913608671,bfgs,7,True,1.046268560678243e-09,False,2,bfgs,10,True,5.319793494606984e-11,True,0,bernoulli,-42.97082501902224,-0.15573484760462633|-0.84191872053913763|-0.75323001505080878,11cb88439d0914696a256a507ee8f8b7f33169d0671caf420cb59203e5c8854f,selected_candidate_loading,True,11cb88439d0914696a256a507ee8f8b7f33169d0671caf420cb59203e5c8854f,bernoulli,3
rep1,start_B,3,7,bfgs,bernoulli,bernoulli,55.45494047461344,False,True,-45.465931432073674,-73.19340166938039,bfgs,6,True,1.590209963708844e-10,False,2,bfgs,10,True,9.91148769169392e-09,False,2,bernoulli,-45.465931432073674,0.018282273999393462|1.060017903918822|-0.17052761828105772,c43379d7df1093e69664c6456c02b670cf0fdcf7613c8eee0830c27f067a6cb2,selected_candidate_loading,True,c43379d7df1093e69664c6456c02b670cf0fdcf7613c8eee0830c27f067a6cb2,bernoulli,3
rep1,start_B,3,8,bfgs,bernoulli,bernoulli,51.50253987780887,False,True,-48.31836830072958,-74.06963823963402,bfgs,6,True,3.928830372146308e-10,False,2,bfgs,12,True,4.4328710702146166e-10,False,2,bernoulli,-48.31836830072958,-0.035691116231704026|0.71121484485591291|-0.2568945910030892,2d59aa694acc607a9ab493839f2b282a1629feb380f37e7a20b04c459c8951b9,selected_candidate_loading,True,2d59aa694acc607a9ab493839f2b282a1629feb380f37e7a20b04c459c8951b9,bernoulli,3
rep1,start_B,4,3,bfgs,bernoulli,bernoulli,48.34347186436638,False,True,-48.532171192624226,-72.70390712480742,bfgs,8,True,2.2944517397149865e-10,False,2,bfgs,8,True,4.271190068294572e-11,True,0,bernoulli,-48.532171192624226,0.055731279318248214|0.22406497497148029|0.54222131867152945,313f3d8fd29299de14cfc891f419c4904f2c322df520b683571bbd81ebbd2353,selected_candidate_loading,True,313f3d8fd29299de14cfc891f419c4904f2c322df520b683571bbd81ebbd2353,bernoulli,3
rep1,start_B,4,4,bfgs,bernoulli,bernoulli,46.65307143712933,False,True,-50.2437510015777,-73.57028672014236,bfgs,6,True,3.399818204741223e-10,False,2,bfgs,9,True,9.398557487827475e-11,True,0,bernoulli,-50.2437510015777,0.33239191688006586|-0.17465144795677881|0.26885977544796735,8f76cb0ddd847c43205304ee97962c47a416382cea5ace1b3a336f49a8555295,selected_candidate_loading,True,8f76cb0ddd847c43205304ee97962c47a416382cea5ace1b3a336f49a8555295,bernoulli,3
rep1,start_B,4,5,bfgs,bernoulli,bernoulli,46.187291962953225,False,True,-50.6094772530232,-73.70312323449981,bfgs,7,True,8.019362951472431e-13,True,0,bfgs,8,True,1.8105517085587052e-13,True,0,bernoulli,-50.6094772530232,-0.07645446084554651|0.064837407951326018|0.33717230998007053,d013485791ecef85c12060e74fd8a9c1994c6937c46a02b7929808ae15210f66,selected_candidate_loading,True,d013485791ecef85c12060e74fd8a9c1994c6937c46a02b7929808ae15210f66,bernoulli,3
rep1,start_B,4,6,bfgs,bernoulli,bernoulli,62.43984577832141,False,True,-42.89935444587774,-74.11927733503845,bfgs,7,True,4.5391468361799525e-11,True,0,bfgs,8,True,1.0191776311785361e-10,False,2,bernoulli,-42.89935444587774,-0.19903094106955632|-0.93026631926534953|-0.68787926554089529,5506a2cd66ef3d237f4d673d5b78b9c9f3dad6f2071a55b08eeb211b95b6888e,selected_candidate_loading,True,5506a2cd66ef3d237f4d673d5b78b9c9f3dad6f2071a55b08eeb211b95b6888e,bernoulli,3
rep1,start_B,4,7,bfgs,bernoulli,bernoulli,56.73565855325502,False,True,-43.99632446285599,-72.3641537394835,bfgs,7,True,2.719722225208443e-11,True,0,bfgs,11,True,9.332607742162934e-11,True,0,bernoulli,-43.99632446285599,0.032259636822167898|1.1785075932804343|-0.15900329311844755,361d5af48ef98714a0ab894226ed7588d427155f25f5095032cf376fad985709,selected_candidate_loading,True,361d5af48ef98714a0ab894226ed7588d427155f25f5095032cf376fad985709,bernoulli,3
rep1,start_B,4,8,bfgs,bernoulli,bernoulli,53.863939655667664,False,False,-46.496438777275806,-73.42840860510964,bfgs,6,True,2.2452239623049765e-09,False,2,bfgs,11,False,1.2004046062719098e-08,False,2,bernoulli,-46.496438777275806,-0.12799361191785388|0.85835666321695359|-0.32226812704251417,c37ca2c59734e4b4019058b368eb76a559b0ba453e7f70b0f111b7f8bc903026,selected_candidate_loading,True,c37ca2c59734e4b4019058b368eb76a559b0ba453e7f70b0f111b7f8bc903026,bernoulli,3
rep1,start_B,5,3,bfgs,bernoulli,bernoulli,49.75695372274262,False,True,-47.59502651651019,-72.4735033778815,bfgs,6,True,4.149125487629135e-13,True,0,bfgs,8,True,2.985287017587268e-11,True,0,bernoulli,-47.59502651651019,0.19766271647453634|0.15005996561791304|0.64956553685057594,15640557db8448192439a8f374be69f30569357f14930674af7ce1f52afde77c,selected_candidate_loading,True,15640557db8448192439a8f374be69f30569357f14930674af7ce1f52afde77c,bernoulli,3
rep1,start_B,5,4,bfgs,bernoulli,bernoulli,46.11847272005579,False,True,-50.7912773414987,-73.8505137015266,bfgs,7,True,4.522058283384922e-11,True,0,bfgs,7,True,7.0626483827940236e-12,True,0,bernoulli,-50.7912773414987,0.26202675259316943|-0.091903443704096269|0.25157008677227771,b7141e4cea9fc8b3a620896f6cbd4474fbd69bc530996688b3e92d4cce39bc76,selected_candidate_loading,True,b7141e4cea9fc8b3a620896f6cbd4474fbd69bc530996688b3e92d4cce39bc76,bernoulli,3
rep1,start_B,5,5,bfgs,bernoulli,bernoulli,46.49748976005614,False,True,-50.49779669553162,-73.74654157555969,bfgs,7,True,6.288303211476886e-14,True,0,bfgs,9,True,1.4094114764162669e-12,True,0,bernoulli,-50.49779669553162,-0.044001733420088639|0.037157445056547299|0.36179951531045035,96bb92929873038fbfff63bc2acd5e607d3c58fd97bdbae8796b4d5ccd15e087,selected_candidate_loading,True,96bb92929873038fbfff63bc2acd5e607d3c58fd97bdbae8796b4d5ccd15e087,bernoulli,3
rep1,start_B,5,6,bfgs,bernoulli,bernoulli,62.08774686883709,False,True,-43.10230032794843,-74.14617376236697,bfgs,6,True,4.392681884901606e-10,False,2,bfgs,11,True,5.827230253885319e-10,False,2,bernoulli,-43.10230032794843,-0.19768424112138211|-0.87210403409255144|-0.74683037291437437,7663ee4f96914c422d46834b3fe5038f65b0f872157e8900708e46a0df1f0670,selected_candidate_loading,True,7663ee4f96914c422d46834b3fe5038f65b0f872157e8900708e46a0df1f0670,bernoulli,3
rep1,start_B,5,7,bfgs,bernoulli,bernoulli,56.321759949422216,False,True,-44.2536477524543,-72.4145277271654,bfgs,7,True,5.003109038170805e-13,True,0,bfgs,10,True,9.078488644176375e-09,False,2,bernoulli,-44.2536477524543,0.11103930719106324|1.1826386926428538|-0.12255259493143876,086530ec1b0a0704b379095876f9027c9a8b00fcb37dc11c942dd1b4ded09041,selected_candidate_loading,True,086530ec1b0a0704b379095876f9027c9a8b00fcb37dc11c942dd1b4ded09041,bernoulli,3
rep1,start_B,5,8,bfgs,bernoulli,bernoulli,54.04826136505362,False,True,-46.21017826575636,-73.23430894828317,bfgs,7,True,2.170708057747106e-12,True,0,bfgs,10,True,1.7641567554016468e-09,False,2,bernoulli,-46.21017826575636,-0.025319000538321916|0.9315241189131912|-0.27907360943182874,3211307efcda6e7cae6dce60e6172604ce016765062abf1ab33d6d996e557d90,selected_candidate_loading,True,3211307efcda6e7cae6dce60e6172604ce016765062abf1ab33d6d996e557d90,bernoulli,3
rep1,start_B,6,3,bfgs,bernoulli,bernoulli,48.916385713865296,False,False,-48.10939762788809,-72.56759048482074,bfgs,7,False,1.1512314079809016e-08,False,2,bfgs,10,True,2.40530635686742e-10,False,2,bernoulli,-48.10939762788809,0.20950418858133715|0.22178716883065441|0.56569429975430796,ee6d1ae13c4ad82b4a762d507d7bb045b84172948d1b42108f503eb12e93a84d,selected_candidate_loading,True,ee6d1ae13c4ad82b4a762d507d7bb045b84172948d1b42108f503eb12e93a84d,bernoulli,3
rep1,start_B,6,4,bfgs,bernoulli,bernoulli,46.41362974869185,False,True,-50.31920234210993,-73.52601721645586,bfgs,8,True,1.691300433037668e-11,True,0,bfgs,9,True,3.1540031475429942e-09,False,2,bernoulli,-50.31920234210993,0.35506269785844757|0.012517017215506587|0.26939586385163866,8c2bad017b3d389b2007e56f724ceb1f121873c139d04e14b9327c75420e84e4,selected_candidate_loading,True,8c2bad017b3d389b2007e56f724ceb1f121873c139d04e14b9327c75420e84e4,bernoulli,3
rep1,start_B,6,5,bfgs,bernoulli,bernoulli,46.697365771167284,False,True,-50.235724632050065,-73.58440751763371,bfgs,6,True,5.86072568253826e-10,False,2,bfgs,9,True,8.442802013064466e-13,True,0,bernoulli,-50.235724632050065,-0.070841773908842359|0.10544215034366675|0.37548957449092524,44df638cf82a05804ac94786796bfaca8742ee66f705f911f50eedc2886204c5,selected_candidate_loading,True,44df638cf82a05804ac94786796bfaca8742ee66f705f911f50eedc2886204c5,bernoulli,3
rep1,start_B,6,6,bfgs,bernoulli,bernoulli,59.974672463560424,False,True,-44.157761868196964,-74.14509809997718,bfgs,8,True,1.1173851177659345e-09,False,2,bfgs,10,True,1.1748388928367604e-10,False,2,bernoulli,-44.157761868196964,-0.081255325760689598|-0.82754468503401002|-0.63073507746247781,63a082cff8fc5ecfcdaebae8c566aa6e26f9878e906dcfbf04ec40da0785f213,selected_candidate_loading,True,63a082cff8fc5ecfcdaebae8c566aa6e26f9878e906dcfbf04ec40da0785f213,bernoulli,3
rep1,start_B,6,7,bfgs,bernoulli,bernoulli,55.55377567381632,False,False,-45.34504392767842,-73.12193176458658,bfgs,7,True,6.027661481056157e-10,False,2,bfgs,10,False,3.989190765982254e-08,False,2,bernoulli,-45.34504392767842,-0.039679665375282107|1.0439719324555579|-0.26847896895782247,4b75f173fc2fa88f1b993c68594b2b14d40a3922d2aa9eeb69227359308f813d,selected_candidate_loading,True,4b75f173fc2fa88f1b993c68594b2b14d40a3922d2aa9eeb69227359308f813d,bernoulli,3
rep1,start_B,6,8,bfgs,bernoulli,bernoulli,53.20275549468627,False,True,-47.23347924891078,-73.83485699625392,bfgs,7,True,2.5925370183976782e-11,True,0,bfgs,9,True,2.6289368154630567e-09,False,2,bernoulli,-47.23347924891078,-0.11384028149087273|0.76774586777761156|-0.36000551633935279,f240a143f96ca0987f8aeee52ba2a8bfbbd90e18d881612fd679bc5882dcacbe,selected_candidate_loading,True,f240a143f96ca0987f8aeee52ba2a8bfbbd90e18d881612fd679bc5882dcacbe,bernoulli,3
rep1,start_B,7,3,bfgs,bernoulli,bernoulli,49.09725121880092,False,True,-48.305499988818454,-72.85412559821891,bfgs,7,True,3.85710352546198e-11,True,0,bfgs,10,True,1.8068602170018265e-13,True,0,bernoulli,-48.305499988818454,0.13513249348228981|0.17396229003819577|0.56442816401364437,9898eca357e4858c866da50b99728613151cb483c1622f26233721b146e8e53e,selected_candidate_loading,True,9898eca357e4858c866da50b99728613151cb483c1622f26233721b146e8e53e,bernoulli,3
rep1,start_B,7,4,bfgs,bernoulli,bernoulli,46.15502318853572,False,True,-50.76951028250289,-73.84702187677075,bfgs,6,True,2.7797926183126265e-09,False,2,bfgs,7,True,1.230318069644909e-11,True,0,bernoulli,-50.76951028250289,0.31280468038826797|-0.0071356724817622386|0.22706205220352754,b294f25e9fb7f7d84c965ef7c6bdec84dcf46c9cf03c8178bafd706714a0fcb3,selected_candidate_loading,True,b294f25e9fb7f7d84c965ef7c6bdec84dcf46c9cf03c8178bafd706714a0fcb3,bernoulli,3
rep1,start_B,7,5,bfgs,bernoulli,bernoulli,46.93930847412892,False,True,-50.30658109054917,-73.77623532761363,bfgs,7,True,7.919358502306295e-10,False,2,bfgs,8,True,2.212485139541087e-10,False,2,bernoulli,-50.30658109054917,-0.057468269580093906|0.0604687394689324|0.36930321755719081,ea37460b222f1e53c2dae6a267b68e86183e873431cb97319887d6705a31cf70,selected_candidate_loading,True,ea37460b222f1e53c2dae6a267b68e86183e873431cb97319887d6705a31cf70,bernoulli,3
rep1,start_B,7,6,bfgs,bernoulli,bernoulli,60.534010203856056,False,False,-43.75916918506227,-74.0261742869903,bfgs,6,True,2.0198340777710655e-10,False,2,bfgs,8,False,4.424459320695462e-07,False,2,bernoulli,-43.75916918506227,-0.037720623537730487|-0.89426146068541024|-0.61059962192427542,576ca04b3aaeba5c60320c8c0db0a98b502f298c1c155ca991fcc8248ced8d24,selected_candidate_loading,True,576ca04b3aaeba5c60320c8c0db0a98b502f298c1c155ca991fcc8248ced8d24,bernoulli,3
rep1,start_B,7,7,bfgs,bernoulli,bernoulli,57.72016884939666,False,True,-43.70123530804551,-72.56131973274384,bfgs,7,True,5.3711968206471286e-11,True,0,bfgs,10,True,1.3443887864061922e-09,False,2,bernoulli,-43.70123530804551,-0.054414236928860903|1.2497371288700114|-0.25234279613081922,ece70240fed8aa8e999bdaa280cb48ac9c53fba0979cfd9044b36a770adce3fa,selected_candidate_loading,True,ece70240fed8aa8e999bdaa280cb48ac9c53fba0979cfd9044b36a770adce3fa,bernoulli,3
rep1,start_B,7,8,bfgs,bernoulli,bernoulli,52.47105989454269,False,True,-47.47770918777972,-73.71323913505107,bfgs,6,True,1.794830950530013e-11,True,0,bfgs,12,True,4.316480506361131e-12,True,0,bernoulli,-47.47770918777972,-0.07558357643170549|0.77030916586097375|-0.34231833067378736,fcf769683356b2d4fe2a5e1f8a027944a2c1e58a4525747a46fa635a7ed2c4de,selected_candidate_loading,True,fcf769683356b2d4fe2a5e1f8a027944a2c1e58a4525747a46fa635a7ed2c4de,bernoulli,3
rep1,start_B,8,3,bfgs,bernoulli,bernoulli,49.25530162160398,False,True,-48.19536386440489,-72.82301467520688,bfgs,6,True,5.912785816519772e-11,True,0,bfgs,8,True,5.179945361533101e-12,True,0,bernoulli,-48.19536386440489,0.15957274846965788|0.22944623736730949|0.57192109473108255,f8a0f5c8ab377c4a37f925f6d66ec2f94e7b14d4cd57693a0ed64213c500674d,selected_candidate_loading,True,f8a0f5c8ab377c4a37f925f6d66ec2f94e7b14d4cd57693a0ed64213c500674d,bernoulli,3
rep1,start_B,8,4,bfgs,bernoulli,bernoulli,45.683307812097325,False,True,-51.228930660467995,-74.07058456651666,bfgs,7,True,7.444977967452359e-12,True,0,bfgs,7,True,1.4009843285478496e-11,True,0,bernoulli,-51.228930660467995,0.21556327902113492|0.013746470805764565|0.20122326393638795,0144274593ccb1af509b3db53da3eabd31d07538187318cc786aa5dccad683a8,selected_candidate_loading,True,0144274593ccb1af509b3db53da3eabd31d07538187318cc786aa5dccad683a8,bernoulli,3
rep1,start_B,8,5,bfgs,bernoulli,bernoulli,46.81638061631416,False,False,-50.58256541489211,-73.99075572304919,bfgs,6,False,1.7701505949929695e-08,False,2,bfgs,8,True,3.8952113756707264e-11,True,0,bernoulli,-50.58256541489211,-0.11552809450050174|0.018324506972442367|0.34017583438820176,6f7d0baacecba666a42f3c38920685e431e8096636dae3e7aeb8f373dda008d3,selected_candidate_loading,True,6f7d0baacecba666a42f3c38920685e431e8096636dae3e7aeb8f373dda008d3,bernoulli,3
rep1,start_B,8,6,bfgs,bernoulli,bernoulli,61.45732464442497,False,True,-43.203366125814895,-73.93202844802738,bfgs,6,True,8.554887909184572e-11,True,0,bfgs,10,True,4.3937051774634026e-10,False,2,bernoulli,-43.203366125814895,-0.090964978899250093|-0.96523299703675269|-0.60204427321302811,6819a1e448d703274ec4a0c76580b9e62c24ddddb8390f84eee202a5132eaf0c,selected_candidate_loading,True,6819a1e448d703274ec4a0c76580b9e62c24ddddb8390f84eee202a5132eaf0c,bernoulli,3
rep1,start_B,8,7,bfgs,bernoulli,bernoulli,58.24087933628711,False,True,-43.36011367809355,-72.4805533462371,bfgs,7,True,5.8471005814908494e-12,True,0,bfgs,8,True,7.701440402074766e-10,False,2,bernoulli,-43.36011367809355,-0.025033616655977531|1.2254093538160136|-0.29499814368937549,3d122f81396e35e280bc5dabdf7519c8f31513fc3dbc25002f316082d75bf72e,selected_candidate_loading,True,3d122f81396e35e280bc5dabdf7519c8f31513fc3dbc25002f316082d75bf72e,bernoulli,3
rep1,start_B,8,8,bfgs,bernoulli,bernoulli,50.79873876452761,False,True,-48.58703806217712,-73.98640744444093,bfgs,8,True,7.857980932612917e-12,True,0,bfgs,11,True,3.6825376081850434e-12,True,0,bernoulli,-48.58703806217712,-0.091857875648235762|0.61867204101442363|-0.30810316751709094,f0e24ede9c008b8fb99961f5c1bcddbcb7bd2a2b559cd7602e587797dc04757b,selected_candidate_loading,True,f0e24ede9c008b8fb99961f5c1bcddbcb7bd2a2b559cd7602e587797dc04757b,bernoulli,3
rep1,start_B,1,3,bfgs,bernoulli,bernoulli,52.253861975195235,False,False,-46.777209507809744,-72.90414049540736,bfgs,12,False,1.1582325137871052e-08,False,2,bfgs,8,True,1.3927498043742048e-11,True,0,bernoulli,-46.777209507809744,-0.02638579428784155|0.49192542300399927|-0.73903781365656662|-0.44686616541334823,30ba4701a2086e3aa5fc7f838ffcb1330d8693ba508b128ef192dd01d8a602e7,selected_candidate_loading,True,30ba4701a2086e3aa5fc7f838ffcb1330d8693ba508b128ef192dd01d8a602e7,bernoulli,4
rep1,start_B,1,4,bfgs,bernoulli,bernoulli,45.58791785492511,False,True,-51.62707218058206,-74.42103110804462,bfgs,8,True,3.982461027618456e-11,True,0,bfgs,8,True,4.612790704960901e-11,True,0,bernoulli,-51.62707218058206,-0.021055361796817398|-0.16425134940281516|-0.04054247997862151|-0.092917400784968102,8fcf0ed24db504dbc20d869fd53c5f1794b8617b6ad4a42ef22e5642fad370dc,selected_candidate_loading,True,8fcf0ed24db504dbc20d869fd53c5f1794b8617b6ad4a42ef22e5642fad370dc,bernoulli,4
rep1,start_B,1,5,bfgs,bernoulli,bernoulli,46.419086135019285,False,True,-51.27942276159321,-74.48896582910285,bfgs,13,True,4.899691585791288e-09,False,2,bfgs,10,True,9.177431592455321e-10,False,2,bernoulli,-51.27942276159321,-0.25369564844260967|-0.085754429281518801|-0.14913032153703712|0.071649289497706839,39cd0e932ca2681141f28fae81ca384cb67b64919500c9e917cd67a56696db60,selected_candidate_loading,True,39cd0e932ca2681141f28fae81ca384cb67b64919500c9e917cd67a56696db60,bernoulli,4
rep1,start_B,1,6,bfgs,bernoulli,bernoulli,51.90264862717132,False,True,-48.588803353248636,-74.5401276668343,bfgs,9,True,4.354998694999779e-10,False,2,bfgs,10,True,1.9092216696492414e-10,False,2,bernoulli,-48.588803353248636,0.2326578182074619|-0.028086531461177625|0.53027399589233803|0.16543312679450994,de78136cfa31a769ac455d063575b160212aabda9b299241f8164920d66a57a3,selected_candidate_loading,True,de78136cfa31a769ac455d063575b160212aabda9b299241f8164920d66a57a3,bernoulli,4
rep1,start_B,1,7,bfgs,bernoulli,bernoulli,47.081807891701914,False,True,-50.94830579202083,-74.48920973787179,bfgs,8,True,1.3553380195929776e-09,False,2,bfgs,10,True,8.337180390505239e-10,False,2,bernoulli,-50.94830579202083,-0.3968450854265545|-0.18070555618341705|-0.045034964844581457|0.1243518155169502,e310c450519f9fda0f6ff00f09d747a048df7a80cbdf49381ba0d04fc265ccea,selected_candidate_loading,True,e310c450519f9fda0f6ff00f09d747a048df7a80cbdf49381ba0d04fc265ccea,bernoulli,4
rep1,start_B,1,8,bfgs,bernoulli,bernoulli,47.36072351223366,False,True,-51.046450996118004,-74.72681275223484,bfgs,9,True,6.521494455569155e-12,True,0,bfgs,10,True,1.916647382471659e-10,False,2,bernoulli,-51.046450996118004,-0.35975149059951306|0.035448926780400382|0.053926523157287902|0.062123501036028449,85e081faae90bf2e53ac0a50a5f18d0d961219cbb2beb74b5fa99d05561d3b2d,selected_candidate_loading,True,85e081faae90bf2e53ac0a50a5f18d0d961219cbb2beb74b5fa99d05561d3b2d,bernoulli,4
rep1,start_B,2,3,bfgs,bernoulli,bernoulli,55.540658041743654,False,True,-44.41748510060127,-72.1878141214731,bfgs,9,True,1.6363637111993512e-09,False,2,bfgs,11,True,1.3903494300304686e-09,False,2,bernoulli,-44.41748510060127,-0.37577267516684065|0.62071261486100815|-0.96826310124038462|-0.63589895545739772,6d09ea07ed6b1442d701c46f0269c0026ad150eb7ec965b85ba07bf6686de58f,selected_candidate_loading,True,6d09ea07ed6b1442d701c46f0269c0026ad150eb7ec965b85ba07bf6686de58f,bernoulli,4
rep1,start_B,2,4,bfgs,bernoulli,bernoulli,46.09760593057709,False,False,-51.14481721145164,-74.19362017674018,bfgs,7,False,2.1692012341922862e-07,False,2,bfgs,8,False,2.1824056195551832e-08,False,2,bernoulli,-51.14481721145164,-0.15107838812994473|-0.22398742192038856|-0.076506713533353227|-0.18596772474991136,1d4f4683512bbdd9c14574c732928c5cc03b3b3e8bd1f5943db3de74919f65bc,selected_candidate_loading,True,1d4f4683512bbdd9c14574c732928c5cc03b3b3e8bd1f5943db3de74919f65bc,bernoulli,4
rep1,start_B,2,5,bfgs,bernoulli,bernoulli,47.77716591227896,False,True,-49.52520572552047,-73.41378868165995,bfgs,8,True,2.1329356059140992e-10,False,2,bfgs,9,True,3.75252051654229e-12,True,0,bernoulli,-49.52520572552047,-0.16290325314990128|-0.49529989544818953|-0.12511911824969846|0.14340811044045532,4ce39ecaa2779eb3837955ddafb14aedb30b12b9014da8ec6d1646672bd72801,selected_candidate_loading,True,4ce39ecaa2779eb3837955ddafb14aedb30b12b9014da8ec6d1646672bd72801,bernoulli,4
rep1,start_B,2,6,bfgs,bernoulli,bernoulli,58.08984296892629,False,True,-45.406633010092364,-74.45155449455551,bfgs,9,True,3.036157991687105e-11,True,0,bfgs,12,True,2.1014496809357297e-09,False,2,bernoulli,-45.406633010092364,0.30207449882123877|0.52490478345731839|0.49577869520016687|-0.053521564347475056,10e5aa269debff81a334d9ff985967a0fd10b811fd14fb01d61afcbc026be80e,selected_candidate_loading,True,10e5aa269debff81a334d9ff985967a0fd10b811fd14fb01d61afcbc026be80e,bernoulli,4
rep1,start_B,2,7,bfgs,bernoulli,bernoulli,47.4112822541433,False,True,-50.50093548203726,-74.20657660910891,bfgs,8,True,5.3681681322359506e-11,True,0,bfgs,8,True,3.083949762228144e-11,True,0,bernoulli,-50.50093548203726,-0.32677696928527494|-0.18158846751364027|-0.0014127100367095692|0.2511719345187105,d7c8b684eb6048b5d32fa8988c94f747a4f4b2f0e478150afae8093697ca857e,selected_candidate_loading,True,d7c8b684eb6048b5d32fa8988c94f747a4f4b2f0e478150afae8093697ca857e,bernoulli,4
rep1,start_B,2,8,bfgs,bernoulli,bernoulli,51.500919743398185,False,True,-48.12450408215646,-73.87496395385556,bfgs,9,True,3.5525071773179207e-10,False,2,bfgs,9,True,5.5172677537740354e-11,True,0,bernoulli,-48.12450408215646,-1.0125610090716115|0.1794078743383955|-0.1395843786145545|-0.0041109544454984853,30e44d6e62247e9b6ffaf4cf3cd5edff66ec3bac429d52353b74d207ba4c14be,selected_candidate_loading,True,30e44d6e62247e9b6ffaf4cf3cd5edff66ec3bac429d52353b74d207ba4c14be,bernoulli,4
rep1,start_B,3,3,bfgs,bernoulli,bernoulli,53.38505328776162,False,True,-45.51098826412645,-72.20351490800726,bfgs,10,True,8.239631199558062e-13,True,0,bfgs,12,True,7.057701090218415e-11,True,0,bernoulli,-45.51098826412645,-0.54119477481419598|0.17030604142475325|-0.71775238431872845|-0.60949029241138575,3442e3d53f51c763ab7663c76eec84589dd8e3cad7f23c0613f64fd430395fa9,selected_candidate_loading,True,3442e3d53f51c763ab7663c76eec84589dd8e3cad7f23c0613f64fd430395fa9,bernoulli,4
rep1,start_B,3,4,bfgs,bernoulli,bernoulli,45.381005851977136,False,True,-50.92817967926595,-73.61868260525452,bfgs,8,True,1.5298873279334657e-13,True,0,bfgs,7,True,9.058780045534398e-10,False,2,bernoulli,-50.92817967926595,-0.039781543946852432|-0.13198257786563183|-0.15885304689875848|-0.24234560437455366,06ced536780ebf11c2906a7d4d77f2aa58e53b87a901bc79cae720983d847825,selected_candidate_loading,True,06ced536780ebf11c2906a7d4d77f2aa58e53b87a901bc79cae720983d847825,bernoulli,4
rep1,start_B,3,5,bfgs,bernoulli,bernoulli,45.99802883888839,False,True,-50.16650994186439,-73.16552436130858,bfgs,9,True,1.1168697078289825e-10,False,2,bfgs,9,True,9.075644132050531e-10,False,2,bernoulli,-50.16650994186439,-0.0089380505586937192|-0.24878891980727841|-0.25701581141524993|0.072996124434076715,e669f5f55ab0f47afba03b9844f4ad38d9ce754178d1cba40abf5387d848e585,selected_candidate_loading,True,e669f5f55ab0f47afba03b9844f4ad38d9ce754178d1cba40abf5387d848e585,bernoulli,4
rep1,start_B,3,6,bfgs,bernoulli,bernoulli,61.357694315969056,False,True,-43.33893059426337,-74.0177777522479,bfgs,8,True,9.404410583613299e-11,True,0,bfgs,13,True,1.7233986682185786e-09,False,2,bernoulli,-43.33893059426337,0.44810695444841225|0.62403763159162084|0.63501006700684037|-0.15097104746316309,6e37c5697f28b79f7f5818929be58a666fd9a5bc01e70ccde38fcd314fca6c67,selected_candidate_loading,True,6e37c5697f28b79f7f5818929be58a666fd9a5bc01e70ccde38fcd314fca6c67,bernoulli,4
rep1,start_B,3,7,bfgs,bernoulli,bernoulli,51.07533111785787,False,True,-47.95661659868573,-73.49428215761466,bfgs,8,True,9.257019843722513e-09,False,2,bfgs,10,True,2.553262185012173e-11,True,0,bernoulli,-47.95661659868573,-0.56663582753101804|-0.28632260942227533|-0.042905731862461438|0.37739330570981816,0d7ac765ff014f0635ab2f0ed68fb3933c7f22bda4c8a457c34a9a0dfc7fc1b5,selected_candidate_loading,True,0d7ac765ff014f0635ab2f0ed68fb3933c7f22bda4c8a457c34a9a0dfc7fc1b5,bernoulli,4
rep1,start_B,3,8,bfgs,bernoulli,bernoulli,54.32426678012071,False,False,-46.454757149033234,-73.61689053909359,bfgs,7,False,9.794240048571768e-08,False,2,bfgs,12,True,4.404655529199886e-09,False,2,bernoulli,-46.454757149033234,-1.1495661566490574|-0.099043268476401075|-0.072634472441148096|-0.097865753969177294,c15652758a5d123a424b1f149478d452a6e75ea1e9dc2f946f1177d501eeafe5,selected_candidate_loading,True,c15652758a5d123a424b1f149478d452a6e75ea1e9dc2f946f1177d501eeafe5,bernoulli,4
rep1,start_B,4,3,bfgs,bernoulli,bernoulli,51.88972669504837,False,True,-46.25130608843536,-72.19616943595955,bfgs,8,True,1.35525697331218e-09,False,2,bfgs,14,True,5.01415304277053e-09,False,2,bernoulli,-46.25130608843536,-0.24026149448595963|-0.080055192765343647|-0.66467552354023718|-0.47432048710597285,f3f7437978dc17f92dd89e08965283f9c2228244733506790595797dbff53014,selected_candidate_loading,True,f3f7437978dc17f92dd89e08965283f9c2228244733506790595797dbff53014,bernoulli,4
rep1,start_B,4,4,bfgs,bernoulli,bernoulli,45.943706485661494,False,True,-50.76472588822081,-73.73657913105156,bfgs,7,True,1.5402099595718255e-09,False,2,bfgs,9,True,4.0106057364042155e-12,True,0,bernoulli,-50.76472588822081,0.14950005713818015|-0.18684818255000102|-0.098928491032187024|-0.22713122837108835,91f35444ce63091d84deb2d617f9375b96f2c0e011b17d9fa4ed5f209e92479b,selected_candidate_loading,True,91f35444ce63091d84deb2d617f9375b96f2c0e011b17d9fa4ed5f209e92479b,bernoulli,4
rep1,start_B,4,5,bfgs,bernoulli,bernoulli,46.37517344585389,False,True,-50.72393279669594,-73.91151951962289,bfgs,8,True,3.0941356143898703e-10,False,2,bfgs,10,True,9.391756539134377e-11,True,0,bernoulli,-50.72393279669594,0.14555071071565939|-0.058410304722197319|-0.26978208633333972|0.044600707871498217,bea100ef46291e6d704935f606ee6c1ee87dd6e6fcd19b8335b24ab64c1a3f93,selected_candidate_loading,True,bea100ef46291e6d704935f606ee6c1ee87dd6e6fcd19b8335b24ab64c1a3f93,bernoulli,4
rep1,start_B,4,6,bfgs,bernoulli,bernoulli,61.2536574011572,False,True,-43.22812604592728,-73.85495474650588,bfgs,7,True,2.0120420884950362e-10,False,2,bfgs,12,True,2.400164245131009e-09,False,2,bernoulli,-43.22812604592728,0.38407296121096701|0.62979652093566729|0.69713753231832054|-0.2279403630051032,ff5acc8b635aa5550ce6093920021354d8092850543ffebb46b87d8065b6498f,selected_candidate_loading,True,ff5acc8b635aa5550ce6093920021354d8092850543ffebb46b87d8065b6498f,bernoulli,4
rep1,start_B,4,7,bfgs,bernoulli,bernoulli,54.11347027382138,False,False,-46.33041651924272,-73.3871516561534,bfgs,8,True,3.642086632282826e-13,True,0,bfgs,12,False,9.616138990642398e-08,False,2,bernoulli,-46.33041651924272,-0.57883926385388162|-0.41250629128084171|0.0082993465665121419|0.56599018655199962,75cf0fff12e698f3dfb029d291aa8432fed00cfc28a4e6e54323bbbae07185a9,selected_candidate_loading,True,75cf0fff12e698f3dfb029d291aa8432fed00cfc28a4e6e54323bbbae07185a9,bernoulli,4
rep1,start_B,4,8,bfgs,bernoulli,bernoulli,57.55162523536623,False,False,-44.20155369566082,-72.97736631334394,bfgs,8,True,3.885658461655339e-12,True,0,bfgs,11,False,3.5068411889938035e-07,False,2,bernoulli,-44.20155369566082,-1.3861200796966602|-0.17208495759476064|-0.072374802879919015|-0.13052863989653438,aa3876c5b99e882af5f2f1330242818f29f4d95266607ccc2c07c2a1ab288df8,selected_candidate_loading,True,aa3876c5b99e882af5f2f1330242818f29f4d95266607ccc2c07c2a1ab288df8,bernoulli,4
rep1,start_B,5,3,bfgs,bernoulli,bernoulli,50.23255014817461,False,True,-47.12061823918888,-72.23689331327618,bfgs,10,True,3.808338178146186e-09,False,2,bfgs,16,True,3.938637471723183e-11,True,0,bernoulli,-47.12061823918888,-0.32624859636566877|-0.21635210315487477|-0.53340818700608583|-0.48570583526324945,77a9ad3edd11d7e31e3d4d1f980e414795cc030d5ae400029ec5f35a211d05f3,selected_candidate_loading,True,77a9ad3edd11d7e31e3d4d1f980e414795cc030d5ae400029ec5f35a211d05f3,bernoulli,4
rep1,start_B,5,4,bfgs,bernoulli,bernoulli,45.161889520358486,False,True,-51.28021420154514,-73.86115896172439,bfgs,8,True,4.928700558792798e-10,False,2,bfgs,9,True,3.9724035172383764e-11,True,0,bernoulli,-51.28021420154514,0.06761034726378469|-0.17587234976858429|-0.099599057220447096|-0.15185436665529961,a8e6b8f26fffd8585a43376d9f366e0d3244493dfc8fe47a30e9d9edcc7602cd,selected_candidate_loading,True,a8e6b8f26fffd8585a43376d9f366e0d3244493dfc8fe47a30e9d9edcc7602cd,bernoulli,4
rep1,start_B,5,5,bfgs,bernoulli,bernoulli,46.81485426721463,False,False,-50.15791765747775,-73.56534479108507,bfgs,7,False,1.0630347462292633e-07,False,2,bfgs,9,True,8.540219642583224e-11,True,0,bernoulli,-50.15791765747775,-0.040548841873934496|-0.04384601293262342|-0.37496623906964355|-0.071684330516271003,12ed41c8a8bd5c0f6777dfba24f9085da80d48d4587a35a690c3634ae87f8083,selected_candidate_loading,True,12ed41c8a8bd5c0f6777dfba24f9085da80d48d4587a35a690c3634ae87f8083,bernoulli,4
rep1,start_B,5,6,bfgs,bernoulli,bernoulli,61.54893155011919,False,True,-43.24953447165224,-74.02400024671184,bfgs,8,True,3.743529930488876e-11,True,0,bfgs,12,True,5.660480084657138e-10,False,2,bernoulli,-43.24953447165224,0.29533742846811845|0.67850817055478463|0.6408622507645606|-0.30870429327572613,723821867e5b74ee495613bf14b040206561349ac275ad0a0bd0dcafdb9b7f7e,selected_candidate_loading,True,723821867e5b74ee495613bf14b040206561349ac275ad0a0bd0dcafdb9b7f7e,bernoulli,4
rep1,start_B,5,7,bfgs,bernoulli,bernoulli,56.80601279217727,False,True,-43.84945491797286,-72.25246131406149,bfgs,9,True,6.293545684599166e-11,True,0,bfgs,13,True,1.7697763254886923e-10,False,2,bernoulli,-43.84945491797286,-0.83823445465305846|-0.60887886396910995|0.13140740596367564|0.52726490431288886,b5c9e07b9eb14311685ed6853360cf04541ae66a4155d59c6b73772eec53f639,selected_candidate_loading,True,b5c9e07b9eb14311685ed6853360cf04541ae66a4155d59c6b73772eec53f639,bernoulli,4
rep1,start_B,5,8,bfgs,bernoulli,bernoulli,58.72034086426855,False,True,-43.04428137300041,-72.40445180513468,bfgs,8,True,5.4002291527410764e-11,True,0,bfgs,14,True,7.908424137781367e-10,False,2,bernoulli,-43.04428137300041,-1.4811677668731897|-0.046926727597330214|-0.039197134919111809|-0.31594076668111776,be6e903b24f221593667ea53ce83cb2a792d3865cb63d4ccea0ce4a7659b549e,selected_candidate_loading,True,be6e903b24f221593667ea53ce83cb2a792d3865cb63d4ccea0ce4a7659b549e,bernoulli,4
rep1,start_B,6,3,bfgs,bernoulli,bernoulli,51.88393667548465,False,True,-45.99995765581487,-71.94192599355719,bfgs,8,True,9.15090225817039e-13,True,0,bfgs,11,True,1.2166080920472665e-10,False,2,bernoulli,-45.99995765581487,-0.38397023650451984|-0.24423303192381499|-0.59631814059521959|-0.58526793948518419,935ecee49009b58df554490e2b7b00852ac40e3e93ec1247ff4b6700207cb633,selected_candidate_loading,True,935ecee49009b58df554490e2b7b00852ac40e3e93ec1247ff4b6700207cb633,bernoulli,4
rep1,start_B,6,4,bfgs,bernoulli,bernoulli,45.42772817210569,False,True,-51.087342430982666,-73.80120651703551,bfgs,8,True,7.510658761589184e-12,True,0,bfgs,9,True,7.06257274885047e-13,True,0,bernoulli,-51.087342430982666,0.11681717127851025|-0.21598466532380353|-0.068911264002053357|-0.15991611060668284,e62dd0e109f859bd2317ce57ccf7289556eb653d89b893fa12888b0c5bbdfc1f,selected_candidate_loading,True,e62dd0e109f859bd2317ce57ccf7289556eb653d89b893fa12888b0c5bbdfc1f,bernoulli,4
rep1,start_B,6,5,bfgs,bernoulli,bernoulli,47.027253568379706,False,True,-49.871131284832984,-73.38475806902284,bfgs,9,True,2.5173363393804495e-12,True,0,bfgs,10,True,1.6498940408338214e-09,False,2,bernoulli,-49.871131284832984,0.15332127505574444|-0.13543500989611013|-0.35122941059290458|0.084394799454267005,8037953e8d180c7fdd6ec20d63c2a3da67ec045a0a4dd2c002f6d436eda3780c,selected_candidate_loading,True,8037953e8d180c7fdd6ec20d63c2a3da67ec045a0a4dd2c002f6d436eda3780c,bernoulli,4
rep1,start_B,6,6,bfgs,bernoulli,bernoulli,62.22232661920752,False,True,-42.9307039325981,-74.04186724220186,bfgs,9,True,8.838973997171706e-12,True,0,bfgs,11,True,1.006226979516356e-09,False,2,bernoulli,-42.9307039325981,0.36314765018840645|0.81959719924030905|0.56235289340428274|-0.25244371233196128,db722124ebd15d077f87bb3695be65a8e1c54853d7995b310954e810e2db5160,selected_candidate_loading,True,db722124ebd15d077f87bb3695be65a8e1c54853d7995b310954e810e2db5160,bernoulli,4
rep1,start_B,6,7,bfgs,bernoulli,bernoulli,57.1494203272195,False,True,-43.8989773850071,-72.47368754861685,bfgs,8,True,2.1141310924122083e-12,True,0,bfgs,12,True,9.661165201180211e-11,True,0,bernoulli,-43.8989773850071,-0.87951022959093028|-0.58096607750697415|0.050866049820919267|0.51882976422666716,885eeaecf79a2cc3d5641d8c1efa6956806954c3f394f751a49d6374731bced4,selected_candidate_loading,True,885eeaecf79a2cc3d5641d8c1efa6956806954c3f394f751a49d6374731bced4,bernoulli,4
rep1,start_B,6,8,bfgs,bernoulli,bernoulli,57.959302177317795,False,True,-44.05889492495466,-73.03854601361355,bfgs,8,True,2.3259930870267453e-09,False,2,bfgs,15,True,3.5988429569755455e-09,False,2,bernoulli,-44.05889492495466,-1.3549873497245428|0.035359512532148848|-0.057408002475751556|-0.17398597976406693,c9e8006ab2fb53e074a5cab2b5615d763c2bc3e57ef8760ebbbd90b344be8aa8,selected_candidate_loading,True,c9e8006ab2fb53e074a5cab2b5615d763c2bc3e57ef8760ebbbd90b344be8aa8,bernoulli,4
rep1,start_B,7,3,bfgs,bernoulli,bernoulli,53.97292199477404,False,True,-44.7489830807796,-71.73544407816662,bfgs,9,True,1.7626650139490606e-12,True,0,bfgs,13,True,7.26503009973456e-09,False,2,bernoulli,-44.7489830807796,-0.6042074110973592|-0.22978650355399036|-0.68016001858591635|-0.65188313975922418,cb47708514eb116051bff8524d68ad34adbca3fc2d0f66a25685b07eb41b58f1,selected_candidate_loading,True,cb47708514eb116051bff8524d68ad34adbca3fc2d0f66a25685b07eb41b58f1,bernoulli,4
rep1,start_B,7,4,bfgs,bernoulli,bernoulli,46.18073531087582,False,True,-50.848616727041765,-73.93898438247967,bfgs,8,True,1.3162892997797826e-11,True,0,bfgs,9,True,3.432544430637119e-09,False,2,bernoulli,-50.848616727041765,0.16578330032394475|-0.21393717498870679|-0.073738974043751723|-0.19769387441204511,202e60ed059b3b611ec7bbb6d9c126201ef365c152187490d52ea97795110e4b,selected_candidate_loading,True,202e60ed059b3b611ec7bbb6d9c126201ef365c152187490d52ea97795110e4b,bernoulli,4
rep1,start_B,7,5,bfgs,bernoulli,bernoulli,47.357006787987714,False,True,-50.070239546215625,-73.74874294020948,bfgs,9,True,2.3144886007742116e-10,False,2,bfgs,10,True,5.046666418095924e-11,True,0,bernoulli,-50.070239546215625,0.21591657685682272|-0.26596676690042786|-0.20646960090060718|0.22919422922423152,47dd903e4db75afeeb4bc90e3cf008229aa7381280cb43d503d6d570daae10c9,selected_candidate_loading,True,47dd903e4db75afeeb4bc90e3cf008229aa7381280cb43d503d6d570daae10c9,bernoulli,4
rep1,start_B,7,6,bfgs,bernoulli,bernoulli,61.77712781993495,False,True,-42.886017811398446,-73.77458172136592,bfgs,8,True,2.8588225120529386e-10,False,2,bfgs,12,True,3.426094963288051e-11,True,0,bernoulli,-42.886017811398446,0.21082358977968141|0.85497905253673812|0.48475768610592174|-0.46335213250375618,a82389af448ba2a35f7f16b40c7617ee8e9db8acbfe90b47f2f9e906b610f050,selected_candidate_loading,True,a82389af448ba2a35f7f16b40c7617ee8e9db8acbfe90b47f2f9e906b610f050,bernoulli,4
rep1,start_B,7,7,bfgs,bernoulli,bernoulli,60.72733242191478,False,True,-41.956174147005314,-72.3198403579627,bfgs,8,True,1.1506724462151396e-10,False,2,bfgs,11,True,7.079911323870647e-10,False,2,bernoulli,-41.956174147005314,-1.1504492792904351|-0.56163230087054372|0.0004615751217836154|0.52826826207899813,ac2bfb9527ca1d03192223e7ebacf42195fda053b376b85b64bc3eac477433b7,selected_candidate_loading,True,ac2bfb9527ca1d03192223e7ebacf42195fda053b376b85b64bc3eac477433b7,bernoulli,4
rep1,start_B,7,8,bfgs,bernoulli,bernoulli,58.19993652838541,False,False,-43.72313349367854,-72.82310175787124,bfgs,8,True,4.500066985713147e-12,True,0,bfgs,12,False,3.164402926914001e-08,False,2,bernoulli,-43.72313349367854,-1.316543885327875|-0.029880828821853223|-0.046415843202862246|0.0041625640440749985,799fee8729486213cd9edcc1e09a35ef24a975a52c7c6ea2d7b217cebd62ee72,selected_candidate_loading,True,799fee8729486213cd9edcc1e09a35ef24a975a52c7c6ea2d7b217cebd62ee72,bernoulli,4
rep1,start_B,8,3,bfgs,bernoulli,bernoulli,52.55574140814382,False,True,-45.92461697028836,-72.20248767436027,bfgs,9,True,6.28408658442936e-11,True,0,bfgs,12,True,4.164890654578812e-11,True,0,bernoulli,-45.92461697028836,-0.39151174882207129|-0.28342432305358489|-0.60897264318988509|-0.49803174069453682,6ad0d0c63b33c588289f599b0c68f3ebcdad74cba0a60110399b96248085bd94,selected_candidate_loading,True,6ad0d0c63b33c588289f599b0c68f3ebcdad74cba0a60110399b96248085bd94,bernoulli,4
rep1,start_B,8,4,bfgs,bernoulli,bernoulli,46.06689218751252,False,False,-50.98863217942601,-74.02207827318227,bfgs,8,True,3.780087354243733e-13,True,0,bfgs,9,False,1.2494937095541836e-07,False,2,bernoulli,-50.98863217942601,0.13187128386325792|-0.24484004198992862|-0.048922434199426504|-0.14250031491250739,0ca8225c43eec4f489187824a1264ef1967e2fbd7b8267c1144ae7633feaaa97,selected_candidate_loading,True,0ca8225c43eec4f489187824a1264ef1967e2fbd7b8267c1144ae7633feaaa97,bernoulli,4
rep1,start_B,8,5,bfgs,bernoulli,bernoulli,46.78631742586015,False,False,-50.696468258517726,-74.0896269714478,bfgs,8,True,4.3529451154711295e-10,False,2,bfgs,8,False,1.195876920268013e-08,False,2,bernoulli,-50.696468258517726,0.13205290692919858|-0.059211321430194502|-0.2638118453678247|0.15975840628380439,6ab39f5e3eb2e2bb0dde484bbc0a8d1081036a28f6fe002f05447e946e5b271a,selected_candidate_loading,True,6ab39f5e3eb2e2bb0dde484bbc0a8d1081036a28f6fe002f05447e946e5b271a,bernoulli,4
rep1,start_B,8,6,bfgs,bernoulli,bernoulli,63.141480208870504,False,False,-42.01565148740465,-73.5863915918399,bfgs,7,False,3.008384417135801e-08,False,2,bfgs,12,True,4.379617557503934e-09,False,2,bernoulli,-42.01565148740465,0.269430767951363|0.82370670383696287|0.5526489557740587|-0.54923220012945573,9f062621a40b97dac497128b683b3a7a095eadf8ca397e2d3838b16f1e84bc26,selected_candidate_loading,True,9f062621a40b97dac497128b683b3a7a095eadf8ca397e2d3838b16f1e84bc26,bernoulli,4
rep1,start_B,8,7,bfgs,bernoulli,bernoulli,59.41637921369529,False,True,-42.876323916765465,-72.58451352361311,bfgs,9,True,9.241025722417362e-11,True,0,bfgs,11,True,1.2069096777533871e-09,False,2,bernoulli,-42.876323916765465,-1.0130120662276212|-0.56977906183813876|0.087749941103090354|0.50764566836048763,9a3c15844d836bbc00450722b8bbf4da489e32d07253a3640764ad2f0fa4d5fa,selected_candidate_loading,True,9a3c15844d836bbc00450722b8bbf4da489e32d07253a3640764ad2f0fa4d5fa,bernoulli,4
rep1,start_B,8,8,bfgs,bernoulli,bernoulli,55.70821059321507,False,True,-45.48966618769155,-73.34377148429908,bfgs,9,True,1.6609780217891058e-11,True,0,bfgs,14,True,2.5732167507896976e-10,False,2,bernoulli,-45.48966618769155,-1.0983416098183461|-0.046704814782520046|0.04223526019791736|-0.11160656672263476,792c4649f55d3a675f5c1cf8529ccdbbe237d36858207fc7e254e5caf152f153,selected_candidate_loading,True,792c4649f55d3a675f5c1cf8529ccdbbe237d36858207fc7e254e5caf152f153,bernoulli,4
rep1,start_B,1,3,bfgs,bernoulli,bernoulli,48.14203133959727,False,False,-48.89334913301743,-72.96436480281606,bfgs,12,False,2.435814014489779e-07,False,2,bfgs,14,False,3.2844704733747676e-08,False,2,bernoulli,-48.89334913301743,0.4236943871528811|0.34230302077373764|0.23441921035885985|-0.012832346616369377|0.1930059852667412,d7f574ca95bc38afded87f7cb2296bb72531fe6508d17e790e5567212d42d9d9,selected_candidate_loading,True,d7f574ca95bc38afded87f7cb2296bb72531fe6508d17e790e5567212d42d9d9,bernoulli,5
rep1,start_B,1,4,bfgs,bernoulli,bernoulli,48.62379863127711,False,False,-49.19714780184047,-73.50904711747903,bfgs,10,True,5.148184101244624e-11,True,0,bfgs,12,False,1.695806899348895e-08,False,2,bernoulli,-49.19714780184047,-0.5256085144090421|0.28324245052723113|-0.17446365753163984|-0.38437340072886883|-0.065629218895852492,f7e51aa0e0f4d834ec9f38997bbbef222fadabb653bab24d49ad6914467eb4c7,selected_candidate_loading,True,f7e51aa0e0f4d834ec9f38997bbbef222fadabb653bab24d49ad6914467eb4c7,bernoulli,5
rep1,start_B,1,5,bfgs,bernoulli,bernoulli,45.35002753783628,False,True,-51.04347179156124,-73.71848556047938,bfgs,9,True,1.4830357386586002e-09,False,2,bfgs,10,True,3.6004088599383975e-12,True,0,bernoulli,-51.04347179156124,0.093145057137931725|0.12515638430103979|0.19959421787533008|0.028307975150437096|-0.18885169997828244,5dc1a3744179fb8ae083fb5fd599e3cc21538153f5d63284f9fa74441ab99a13,selected_candidate_loading,True,5dc1a3744179fb8ae083fb5fd599e3cc21538153f5d63284f9fa74441ab99a13,bernoulli,5
rep1,start_B,1,6,bfgs,bernoulli,bernoulli,56.29971404614332,False,True,-45.91664581942972,-74.06650284250138,bfgs,13,True,4.958160104706621e-10,False,2,bfgs,13,True,6.18850748423938e-11,True,0,bernoulli,-45.91664581942972,0.35220213030035663|-0.28254255114990984|-0.3785004089554786|0.58697873325178263|-0.2292892246818371,e076d243e885e0473ae693b2054a8f7ba5e7c3aaa29b9c5d2b3d92b4f535ce04,selected_candidate_loading,True,e076d243e885e0473ae693b2054a8f7ba5e7c3aaa29b9c5d2b3d92b4f535ce04,bernoulli,5
rep1,start_B,1,7,bfgs,bernoulli,bernoulli,51.12625127126179,False,True,-47.35793727200557,-72.92106290763647,bfgs,10,True,1.014068828908421e-11,True,0,bfgs,11,True,1.6521819051762422e-10,False,2,bernoulli,-47.35793727200557,-0.58433397107049734|-0.16574757896995976|0.47975677303457975|-0.043134636625801012|0.17995887348739067,00ae152b51d5173cc2f58bb75d1520252de684bf91935f1bd6168d5511a56022,selected_candidate_loading,True,00ae152b51d5173cc2f58bb75d1520252de684bf91935f1bd6168d5511a56022,bernoulli,5
rep1,start_B,1,8,bfgs,bernoulli,bernoulli,49.63342486836139,False,True,-49.057001057238175,-73.87371349141887,bfgs,14,True,2.1005819306196827e-10,False,2,bfgs,10,True,1.8285405412044041e-10,False,2,bernoulli,-49.057001057238175,-0.33199540397806637|-0.36008442945103036|0.32332228250046768|0.017503632201343673|0.16698146897121327,96833ff591c8850e9409404852b2ad97a5ab73285dbb3d0c9f549615031c0199,selected_candidate_loading,True,96833ff591c8850e9409404852b2ad97a5ab73285dbb3d0c9f549615031c0199,bernoulli,5
rep1,start_B,2,3,bfgs,bernoulli,bernoulli,49.99231804924821,False,True,-46.97883013921677,-71.97498916384087,bfgs,10,True,2.0116353027788136e-11,True,0,bfgs,10,True,1.8576701288353092e-10,False,2,bernoulli,-46.97883013921677,0.33166025752895589|0.36782538463900305|0.42847514465578934|-0.14608263080038653|0.26692203110666829,6e8c0f79fa8c929981d2690d682a3654ccd746c9f3e9322f5e31679f5e588542,selected_candidate_loading,True,6e8c0f79fa8c929981d2690d682a3654ccd746c9f3e9322f5e31679f5e588542,bernoulli,5
rep1,start_B,2,4,bfgs,bernoulli,bernoulli,51.01544496229057,False,True,-47.499600975767855,-73.00732345691314,bfgs,9,True,5.071774111797822e-11,True,0,bfgs,14,True,5.773699324196358e-10,False,2,bernoulli,-47.499600975767855,-0.29837027758584861|0.51261780640819832|-0.47655126720731894|-0.43699811423532159|-0.23841446910150701,047a49da14d307a2757c21984690d2a79f582fdea0064e76d2635453b51d82df,selected_candidate_loading,True,047a49da14d307a2757c21984690d2a79f582fdea0064e76d2635453b51d82df,bernoulli,5
rep1,start_B,2,5,bfgs,bernoulli,bernoulli,46.950537263319546,False,True,-49.29011199917453,-72.7653806308343,bfgs,9,True,2.8501068172204212e-11,True,0,bfgs,11,True,1.4248602298039259e-11,True,0,bernoulli,-49.29011199917453,0.091360870205379335|0.27001899253035755|0.27332203859103782|0.12598425454012782|-0.45966918098232884,1a6bbfe6561ae984bc2d88ece29512200070fbe4191bd292aae9960d39211243,selected_candidate_loading,True,1a6bbfe6561ae984bc2d88ece29512200070fbe4191bd292aae9960d39211243,bernoulli,5
rep1,start_B,2,6,bfgs,bernoulli,bernoulli,60.618371097356544,False,True,-43.33597846920297,-73.64516401788124,bfgs,10,True,5.143729886469828e-11,True,0,bfgs,13,True,5.6521959113098316e-09,False,2,bernoulli,-43.33597846920297,0.50701969475151576|-0.47330927451261895|-0.45836420827551722|0.62238672548464569|-0.053927179284747773,7b75ddf25ff786c42d7ec9dc651fda91ea0d9701a157703669c19c23c3534879,selected_candidate_loading,True,7b75ddf25ff786c42d7ec9dc651fda91ea0d9701a157703669c19c23c3534879,bernoulli,5
rep1,start_B,2,7,bfgs,bernoulli,bernoulli,57.39061112211907,False,True,-43.394183081724016,-72.08948864278355,bfgs,9,True,1.1955592071899445e-11,True,0,bfgs,14,True,1.314951381115037e-09,False,2,bernoulli,-43.394183081724016,-0.8289996213342673|-0.078049648268931612|0.65193347805252433|-0.04486951251580748|0.26057180990306467,54b8a7ed7db0bb426af83d485a2f07eaa5976daaeeb89f312da7a589491a032f,selected_candidate_loading,True,54b8a7ed7db0bb426af83d485a2f07eaa5976daaeeb89f312da7a589491a032f,bernoulli,5
rep1,start_B,2,8,bfgs,bernoulli,bernoulli,54.5170601009105,False,True,-46.29113554582328,-73.54966559627853,bfgs,10,True,1.923581294249743e-11,True,0,bfgs,13,True,8.451284339017207e-10,False,2,bernoulli,-46.29113554582328,-0.52215390434481401|-0.40404366061184505|0.34203968141490676|-0.17202926780354194|0.46604647604757432,69b5de40c52b3e37ed027159500ffee2dc7574e79140bea3bef8eefc24517633,selected_candidate_loading,True,69b5de40c52b3e37ed027159500ffee2dc7574e79140bea3bef8eefc24517633,bernoulli,5
rep1,start_B,3,3,bfgs,bernoulli,bernoulli,51.526658119010534,False,False,-46.39426539757763,-72.1575944570829,bfgs,9,True,5.519310564139346e-11,True,0,bfgs,9,False,7.322941268927962e-08,False,2,bernoulli,-46.39426539757763,0.2726525564512231|0.44816425987424741|0.54540097667700294|-0.047885958694767694|0.16093737663676053,fc6093154f282fbd9f009685cb581d8333c80e41227fc183b517d6bc7dc80b2d,selected_candidate_loading,True,fc6093154f282fbd9f009685cb581d8333c80e41227fc183b517d6bc7dc80b2d,bernoulli,5
rep1,start_B,3,4,bfgs,bernoulli,bernoulli,53.92712700033323,False,True,-45.80149871277381,-72.76506221294042,bfgs,10,True,3.559597061553177e-12,True,0,bfgs,14,True,3.1333188252324896e-09,False,2,bernoulli,-45.80149871277381,-0.37092537462852321|0.4687352711341688|-0.70345818469939148|-0.68252031888791831|-0.16644570321890056,4efac430845739129fa40c58061cffeede7a811b2eceb14937d5a3a36d195cc6,selected_candidate_loading,True,4efac430845739129fa40c58061cffeede7a811b2eceb14937d5a3a36d195cc6,bernoulli,5
rep1,start_B,3,5,bfgs,bernoulli,bernoulli,47.629124404147845,False,True,-49.84082080720989,-73.65538300928381,bfgs,10,True,1.1336451777310686e-10,False,2,bfgs,11,True,2.1325963217577738e-11,True,0,bernoulli,-49.84082080720989,-0.081539471373009584|0.31465491381915539|0.031807312147916871|-0.24297749107573618|-0.28482764634709212,5c976f23dc3f5d5c837eb1d6acaeba35be4fa6c6e531e4292462228e5845517d,selected_candidate_loading,True,5c976f23dc3f5d5c837eb1d6acaeba35be4fa6c6e531e4292462228e5845517d,bernoulli,5
rep1,start_B,3,6,bfgs,bernoulli,bernoulli,63.840995001727805,False,True,-41.75866264606704,-73.67916014693094,bfgs,9,True,1.4504042411545015e-11,True,0,bfgs,13,True,8.229370962453686e-10,False,2,bernoulli,-41.75866264606704,0.55454146501706936|-0.67306547355242541|-0.38515721116110929|0.64956871074740963|-0.10506433304175253,2bbbd9f5ae3a60f83e211094e23fc4309e12db63dd6e457322c9aec7511f98b6,selected_candidate_loading,True,2bbbd9f5ae3a60f83e211094e23fc4309e12db63dd6e457322c9aec7511f98b6,bernoulli,5
rep1,start_B,3,7,bfgs,bernoulli,bernoulli,58.99073308204444,False,True,-42.88529483911451,-72.38066138013673,bfgs,9,True,2.0712249693133345e-10,False,2,bfgs,14,True,1.7299552235172655e-09,False,2,bernoulli,-42.88529483911451,-1.0269574500789722|0.0337433791301084|0.53055930604118073|-0.063187890451841963|0.17041395872209419,64d920a9996ba21d3769321cbaaeda0dd8aa2a88828842e7a04f5b92b7fc8794,selected_candidate_loading,True,64d920a9996ba21d3769321cbaaeda0dd8aa2a88828842e7a04f5b92b7fc8794,bernoulli,5
rep1,start_B,3,8,bfgs,bernoulli,bernoulli,55.15922582569402,False,True,-45.91712622547794,-73.49673913832495,bfgs,9,True,7.587819261800632e-13,True,0,bfgs,13,True,5.5420597333544205e-09,False,2,bernoulli,-45.91712622547794,-0.50816811459113309|-0.42079802902091173|0.46462647913626298|-0.017502614529708301|0.46408312432034554,ad164549d4fcdad636ad778d7acc93824ec0767512f69ffc6aa36bf71c02052b,selected_candidate_loading,True,ad164549d4fcdad636ad778d7acc93824ec0767512f69ffc6aa36bf71c02052b,bernoulli,5
rep1,start_B,4,3,bfgs,bernoulli,bernoulli,50.93977229801064,False,True,-46.0358781448427,-71.50576429384802,bfgs,10,True,3.4139802096433414e-10,False,2,bfgs,11,True,3.575362228502854e-13,True,0,bernoulli,-46.0358781448427,0.12298921609578975|0.46750497892967352|0.7089835977862925|0.11010439142054185|0.20515065517905326,a5c74c5e5b5772d3832819131e3f37ad4b930199873e8c361dd1a6b3a9d4409b,selected_candidate_loading,True,a5c74c5e5b5772d3832819131e3f37ad4b930199873e8c361dd1a6b3a9d4409b,bernoulli,5
rep1,start_B,4,4,bfgs,bernoulli,bernoulli,58.911196485654955,False,True,-42.050788288994355,-71.50638653182183,bfgs,10,True,5.281009185509333e-10,False,2,bfgs,13,True,1.5896630678469136e-10,False,2,bernoulli,-42.050788288994355,-0.38567536817075171|0.56120982310199552|-1.0279274449825513|-0.87362406590394093|-0.29360138676884473,41ea732053fefb5ba4d8ea879a53865e76569c19716af2e4ee65f233dae58808,selected_candidate_loading,True,41ea732053fefb5ba4d8ea879a53865e76569c19716af2e4ee65f233dae58808,bernoulli,5
rep1,start_B,4,5,bfgs,bernoulli,bernoulli,47.521617394772676,False,True,-49.328526039285194,-73.08933473667153,bfgs,9,True,8.537854867540773e-11,True,0,bfgs,13,True,9.263535494241637e-11,True,0,bernoulli,-49.328526039285194,-0.016809764992940197|0.26287039591616507|-0.090630781813634168|-0.40676418845488849|-0.2415915717006977,f6c25af9ca545ce93b5ae66fcd20aea26433af92c600f4cc34d2652a1097f810,selected_candidate_loading,True,f6c25af9ca545ce93b5ae66fcd20aea26433af92c600f4cc34d2652a1097f810,bernoulli,5
rep1,start_B,4,6,bfgs,bernoulli,bernoulli,65.58223773878915,False,True,-41.04944351094438,-73.84056238033895,bfgs,10,True,2.90523161083911e-13,True,0,bfgs,13,True,9.525494171214178e-10,False,2,bernoulli,-41.04944351094438,0.57469734662962935|-0.72298448581027241|-0.46365395136270182|0.55846203688817786|-0.025204457155315579,1ad515660346eb0d5217aa7af9b40d0609f69fb66a8a2d4ecf9b5d61b771669e,selected_candidate_loading,True,1ad515660346eb0d5217aa7af9b40d0609f69fb66a8a2d4ecf9b5d61b771669e,bernoulli,5
rep1,start_B,4,7,bfgs,bernoulli,bernoulli,58.70293051662574,False,True,-42.4168986783249,-71.76836393663777,bfgs,9,True,6.646786232522572e-10,False,2,bfgs,14,True,5.595870211649867e-10,False,2,bernoulli,-42.4168986783249,-1.1548133207733198|0.066390771762643269|0.38316508367582586|-0.10271775210919123|0.10841376687596968,22ea58a99bd97f285bbf8837600ff79a8311df13908a5a385a518c536bf31a2e,selected_candidate_loading,True,22ea58a99bd97f285bbf8837600ff79a8311df13908a5a385a518c536bf31a2e,bernoulli,5
rep1,start_B,4,8,bfgs,bernoulli,bernoulli,56.57777985869163,False,False,-45.13392368935506,-73.42281361870087,bfgs,10,True,1.180837649883415e-11,True,0,bfgs,14,False,1.3721741760897021e-08,False,2,bernoulli,-45.13392368935506,-0.50219882530389004|-0.5276388481981461|0.32592058678663061|-0.22199258375538819|0.6810777606425289,09c67de2f337e4fc6c43a79aa5c0d86e3892533603c4d1c77b5ebbccd26561e5,selected_candidate_loading,True,09c67de2f337e4fc6c43a79aa5c0d86e3892533603c4d1c77b5ebbccd26561e5,bernoulli,5
rep1,start_B,5,3,bfgs,bernoulli,bernoulli,53.12240501041788,False,True,-44.9874644524496,-71.54866695765854,bfgs,9,True,5.196509889060508e-12,True,0,bfgs,11,True,4.7698378580207644e-11,True,0,bernoulli,-44.9874644524496,0.21177313689576288|0.46868346251081788|0.80147783579374865|0.18874262386128315|0.21878901133711923,aca912b644ea12dff8459e963a69786209efcae318123207cae8cb70e364c292,selected_candidate_loading,True,aca912b644ea12dff8459e963a69786209efcae318123207cae8cb70e364c292,bernoulli,5
rep1,start_B,5,4,bfgs,bernoulli,bernoulli,59.94719019188747,False,True,-42.654190070211484,-72.62778516615522,bfgs,9,True,1.6415757642107564e-13,True,0,bfgs,14,True,3.1087893592740556e-09,False,2,bernoulli,-42.654190070211484,-0.38029054563959974|0.47010749571951543|-1.0053649184726936|-0.98437759021978266|-0.026176596338316253,a6580bcf05d5633a9da5efb692d5e8ed004d03058e45fe77574d212264a0cf13,selected_candidate_loading,True,a6580bcf05d5633a9da5efb692d5e8ed004d03058e45fe77574d212264a0cf13,bernoulli,5
rep1,start_B,5,5,bfgs,bernoulli,bernoulli,47.99456770027098,False,True,-49.980973928088474,-73.97825777822396,bfgs,11,True,1.3889556171875484e-12,True,0,bfgs,12,True,1.238444662099436e-09,False,2,bernoulli,-49.980973928088474,-0.073113304938071833|0.17093528248262779|-0.10446451638729519|-0.45262828496491297|-0.10873994567386662,09e8310e3a24d31907b56a12e29b4ee12fef300e0b4a3e931d216a2867a591e5,selected_candidate_loading,True,09e8310e3a24d31907b56a12e29b4ee12fef300e0b4a3e931d216a2867a591e5,bernoulli,5
rep1,start_B,5,6,bfgs,bernoulli,bernoulli,63.391127885769805,False,True,-42.05292368015277,-73.74848762303768,bfgs,11,True,8.326672684688674e-14,True,0,bfgs,13,True,8.190319533696311e-11,True,0,bernoulli,-42.05292368015277,0.56442460731080091|-0.66959078791429949|-0.53166504861121056|0.37789717050266042|0.057060377739410216,4e9be89329e0e1d8997ec15f8e139fcf2f1ded219dcb9b31c0c3c364b949b2f3,selected_candidate_loading,True,4e9be89329e0e1d8997ec15f8e139fcf2f1ded219dcb9b31c0c3c364b949b2f3,bernoulli,5
rep1,start_B,5,7,bfgs,bernoulli,bernoulli,60.04228604063776,False,True,-41.9419678179247,-71.96311083824358,bfgs,8,True,4.61922067263032e-09,False,2,bfgs,14,True,2.913016661221235e-10,False,2,bernoulli,-41.9419678179247,-1.0689852863688036|-0.1140126023385499|0.55832542396947404|-0.013271704727436712|0.225179929714864,3ed05070c49bdd4df5cca517b1532093fa58f6a96e689df9f4fa0683a5dc7d28,selected_candidate_loading,True,3ed05070c49bdd4df5cca517b1532093fa58f6a96e689df9f4fa0683a5dc7d28,bernoulli,5
rep1,start_B,5,8,bfgs,bernoulli,bernoulli,54.38954705790718,False,True,-46.060705016016996,-73.25547854497059,bfgs,9,True,5.67403901641228e-12,True,0,bfgs,12,True,4.645450951690222e-09,False,2,bernoulli,-46.060705016016996,-0.40757026253974615|-0.48507554122638991|0.37128362749098792|-0.096172224734417971|0.64444638324538006,26828daf36851d79afbd6c8717ebcb0bdbdca9f4df232c2cb0484120d1be2773,selected_candidate_loading,True,26828daf36851d79afbd6c8717ebcb0bdbdca9f4df232c2cb0484120d1be2773,bernoulli,5
rep1,start_B,6,3,bfgs,bernoulli,bernoulli,50.023573813021216,False,True,-46.04663415481558,-71.05842106132619,bfgs,10,True,8.282263763703668e-13,True,0,bfgs,12,True,1.121629389366774e-09,False,2,bernoulli,-46.04663415481558,0.15531404565619272|0.40455398236435419|0.79086911225314249|0.15788963110727022|0.19414268416333286,ee0cea88348196562d8efea0a2990fd428902666bc615d2e28d153daa3ba4ed7,selected_candidate_loading,True,ee0cea88348196562d8efea0a2990fd428902666bc615d2e28d153daa3ba4ed7,bernoulli,5
rep1,start_B,6,4,bfgs,bernoulli,bernoulli,58.946650693062395,False,True,-43.061695471124665,-72.53502081765586,bfgs,10,True,2.531622911305931e-10,False,2,bfgs,14,True,8.745441038016111e-10,False,2,bernoulli,-43.061695471124665,-0.2867358241700747|0.3426243067105062|-1.0944343153421481|-0.87874061049160423|0.05301508757991593,d73744b453e7044c15a3301bf56da90534c44ce2e467b900cfa70d2bd12cc3b5,selected_candidate_loading,True,d73744b453e7044c15a3301bf56da90534c44ce2e467b900cfa70d2bd12cc3b5,bernoulli,5
rep1,start_B,6,5,bfgs,bernoulli,bernoulli,47.833581274549246,False,False,-49.6397755960275,-73.55656623330212,bfgs,9,False,3.6801650604711964e-08,False,2,bfgs,12,True,3.3068893456889013e-11,True,0,bernoulli,-49.6397755960275,0.023161881941593465|0.11771219874327371|-0.14538905866688637|-0.48384175904891391|-0.05143364985839223,0d539a4e833fea02ef24a0579fc04a838aebb193567028d3ebaa1e63ccdabb63,selected_candidate_loading,True,0d539a4e833fea02ef24a0579fc04a838aebb193567028d3ebaa1e63ccdabb63,bernoulli,5
rep1,start_B,6,6,bfgs,bernoulli,bernoulli,63.49316624776749,False,False,-42.054117763439116,-73.80070088732286,bfgs,10,True,1.8399970436178138e-11,True,0,bfgs,13,False,2.2145908573634186e-08,False,2,bernoulli,-42.054117763439116,0.62382331364739063|-0.70073035814835816|-0.45780707561804485|0.36186869083010759|0.13246987738393826,cefb76133f5bb4f93981ff5b764c5762ca40f2b006c33f7998149dc545a1c4f0,selected_candidate_loading,True,cefb76133f5bb4f93981ff5b764c5762ca40f2b006c33f7998149dc545a1c4f0,bernoulli,5
rep1,start_B,6,7,bfgs,bernoulli,bernoulli,58.7505935584511,False,True,-42.26955086370715,-71.6448476429327,bfgs,9,True,3.481970267671386e-12,True,0,bfgs,13,True,6.281749467818009e-10,False,2,bernoulli,-42.26955086370715,-0.99696404384146853|-0.20950272873678036|0.67698318318937045|0.05740982635743453|0.27998088586154335,c8823c60a4c2908cda187a66adcffc113fc5297f285aa28ccd814a3620edf385,selected_candidate_loading,True,c8823c60a4c2908cda187a66adcffc113fc5297f285aa28ccd814a3620edf385,bernoulli,5
rep1,start_B,6,8,bfgs,bernoulli,bernoulli,53.486986353333435,False,True,-46.409126065912645,-73.15261924257936,bfgs,8,True,5.0315716482174365e-09,False,2,bfgs,15,True,1.4652321245200993e-09,False,2,bernoulli,-46.409126065912645,-0.39891446412642528|-0.55158412812453794|0.46893027222278177|-0.10605069167941382|0.50263993766479309,93f7dc032b75b592a98940c2bbb30a40f867b6ef3544f63b52bafa76b3362c4b,selected_candidate_loading,True,93f7dc032b75b592a98940c2bbb30a40f867b6ef3544f63b52bafa76b3362c4b,bernoulli,5
rep1,start_B,7,3,bfgs,bernoulli,bernoulli,53.57860337689618,False,True,-45.633562874572064,-72.42286456302016,bfgs,10,True,1.0576650666394017e-12,True,0,bfgs,14,True,6.085362519447913e-10,False,2,bernoulli,-45.633562874572064,0.080932312120579677|0.60004639058564402|0.72492904544580228|0.075776398642595291|0.13893842328641146,655d8a98626515f285414e572958918279f021f3a3ee3e038dfa1a98997e01fc,selected_candidate_loading,True,655d8a98626515f285414e572958918279f021f3a3ee3e038dfa1a98997e01fc,bernoulli,5
rep1,start_B,7,4,bfgs,bernoulli,bernoulli,55.335006750447874,False,True,-40.9378898055758,-68.60539318079974,bfgs,10,True,5.836009453474844e-12,True,0,bfgs,16,True,1.996222631639455e-12,True,0,bernoulli,-40.9378898055758,-0.34273231004071436|0.26389824260175487|-1.3826476366207312|-0.93574848998619675|0.11951585682724422,72f1a3170022f6f6274f6497d3f664ad05bfd922ecd988934a968612ce7aec63,selected_candidate_loading,True,72f1a3170022f6f6274f6497d3f664ad05bfd922ecd988934a968612ce7aec63,bernoulli,5
rep1,start_B,7,5,bfgs,bernoulli,bernoulli,44.990977708298715,False,True,-49.843835067843614,-72.33932392199297,bfgs,9,True,1.000444171950221e-11,True,0,bfgs,12,True,1.4056481395519073e-10,False,2,bernoulli,-49.843835067843614,0.033315724717216229|0.11824494921248856|-0.15814512873172024|-0.45578054092259412|0.028440645087047654,a851595138d81210fe81bf01d514b9748609378828a19fcd4625b3953ed1611b,selected_candidate_loading,True,a851595138d81210fe81bf01d514b9748609378828a19fcd4625b3953ed1611b,bernoulli,5
rep1,start_B,7,6,bfgs,bernoulli,bernoulli,63.971481054953216,False,False,-40.68270888671468,-72.66844941419129,bfgs,10,True,1.5902834604730743e-13,True,0,bfgs,13,False,1.0681515316690593e-08,False,2,bernoulli,-40.68270888671468,0.74802858926346794|-0.7311740751364284|-0.61791210393447782|0.33821166868137081|-0.095239839086881328,769a03ea58f0297a49f0f529f89c60703c93f1b881d3fb7735224ec123922fe1,selected_candidate_loading,True,769a03ea58f0297a49f0f529f89c60703c93f1b881d3fb7735224ec123922fe1,bernoulli,5
rep1,start_B,7,7,bfgs,bernoulli,bernoulli,59.61830625987851,False,True,-42.312973851141386,-72.12212698108064,bfgs,9,True,1.649242964418818e-11,True,0,bfgs,14,True,4.689117982792368e-11,True,0,bernoulli,-42.312973851141386,-1.0708444833294821|-0.17292969083791698|0.58272086994005479|-0.026217493375503879|0.22602288281848759,52b9c8b575364fe3eedce21d833c672975951fd5bbafb5623b355db4dabada8b,selected_candidate_loading,True,52b9c8b575364fe3eedce21d833c672975951fd5bbafb5623b355db4dabada8b,bernoulli,5
rep1,start_B,7,8,bfgs,bernoulli,bernoulli,55.226967380408624,False,True,-45.19637559993358,-72.8098592901379,bfgs,9,True,2.2638446672829106e-12,True,0,bfgs,12,True,7.251609646097279e-09,False,2,bernoulli,-45.19637559993358,-0.53682884703245182|-0.49734660462248881|0.52723702406672524|-0.015920851234653421|0.4615379544553222,5549a1c5107044a7b79f93b856b5d79ce4eaf4b433596a15c8857db322a57a65,selected_candidate_loading,True,5549a1c5107044a7b79f93b856b5d79ce4eaf4b433596a15c8857db322a57a65,bernoulli,5
rep1,start_B,8,3,bfgs,bernoulli,bernoulli,51.95971309404217,False,True,-45.35354978781116,-71.33340633483225,bfgs,9,True,1.2195915388701905e-10,False,2,bfgs,14,True,3.301522411014446e-09,False,2,bernoulli,-45.35354978781116,0.097309249816469073|0.47298554101784118|0.65878115704480744|-0.086147069931289427|0.41886023729495686,7f424d492dcaee3bbf8e51549fe333b1f11c12cfc06796daf3060174a1dc69dc,selected_candidate_loading,True,7f424d492dcaee3bbf8e51549fe333b1f11c12cfc06796daf3060174a1dc69dc,bernoulli,5
rep1,start_B,8,4,bfgs,bernoulli,bernoulli,56.174075728903745,False,False,-42.6418768552807,-70.72891471973257,bfgs,9,True,1.797494153521484e-10,False,2,bfgs,14,False,1.0144376183518488e-08,False,2,bernoulli,-42.6418768552807,-0.23452172886407302|0.38695844886135528|-1.3073823999161176|-0.69625167723420667|0.02310921148627082,41118b048970ddf287dc0c0af5df80ea562bff85a90f4c1e750cd99ff7443706,selected_candidate_loading,True,41118b048970ddf287dc0c0af5df80ea562bff85a90f4c1e750cd99ff7443706,bernoulli,5
rep1,start_B,8,5,bfgs,bernoulli,bernoulli,47.245083400606404,False,True,-48.173962690178186,-71.79650439048139,bfgs,10,True,1.292252971296648e-11,True,0,bfgs,12,True,1.9812429474797e-11,True,0,bernoulli,-48.173962690178186,0.16818298687019628|-0.036908325110524255|-0.23194569931191195|-0.59606521514204425|0.24076190156760557,8bb78587645eca909fa6887c5519d3077d51c131c6578737efccbdb873fec4d0,selected_candidate_loading,True,8bb78587645eca909fa6887c5519d3077d51c131c6578737efccbdb873fec4d0,bernoulli,5
rep1,start_B,8,6,bfgs,bernoulli,bernoulli,62.31406982431501,False,True,-41.05757397048463,-72.21460888264214,bfgs,10,True,3.842755003091724e-11,True,0,bfgs,11,True,2.459605408233756e-10,False,2,bernoulli,-41.05757397048463,0.88667705487622606|-0.72747093360509096|-0.46092964350038051|0.37723440194987112|-0.025663720671798475,b1da6082ee1ac1ffcbaac3ab4f3d3b8d207af543e09ca8a92a125527610c08ce,selected_candidate_loading,True,b1da6082ee1ac1ffcbaac3ab4f3d3b8d207af543e09ca8a92a125527610c08ce,bernoulli,5
rep1,start_B,8,7,bfgs,bernoulli,bernoulli,58.14675510513007,False,True,-43.057345765471894,-72.13072331803693,bfgs,10,True,2.002145116364318e-11,True,0,bfgs,14,True,3.2390547327620924e-10,False,2,bernoulli,-43.057345765471894,-1.0374094688737368|-0.14658534213311941|0.52032404500000318|-0.037678922195766767|0.23357367139276897,5796d59bb30d1fd69ba2dfdd5f60f39de14e185c443b812be3d9996b38c5da99,selected_candidate_loading,True,5796d59bb30d1fd69ba2dfdd5f60f39de14e185c443b812be3d9996b38c5da99,bernoulli,5
rep1,start_B,8,8,bfgs,bernoulli,bernoulli,52.32494078997861,False,True,-46.096100730952934,-72.25857112594224,bfgs,9,True,1.5559579846780025e-09,False,2,bfgs,13,True,1.3051858482882038e-10,False,2,bernoulli,-46.096100730952934,-0.63824532283999569|-0.372711418368945|0.26858661814928675|-0.074779397809399101|0.44038733473183189,56dee84d7edb12b0afa0440fd0f9ac738572cd1533404aaee47037a6ff6f88af,selected_candidate_loading,True,56dee84d7edb12b0afa0440fd0f9ac738572cd1533404aaee47037a6ff6f88af,bernoulli,5
rep1,start_P,1,3,bfgs,poisson,bernoulli,48.93485647070514,True,True,-49.06310254336336,-73.53053077871593,bfgs,7,True,3.552713678800501e-16,True,0,bfgs,4,True,1.5365486660812167e-14,True,0,bernoulli,-49.06310254336336,0.58960497681983204,7c67777f5b6bcb49ba848cd7d726f6c23c3383130903f18aba9f303bf1a5484c,selected_candidate_loading,True,7c67777f5b6bcb49ba848cd7d726f6c23c3383130903f18aba9f303bf1a5484c,bernoulli,1
rep1,start_P,1,4,bfgs,poisson,bernoulli,45.671208189815715,True,True,-51.95432087780987,-74.78992497271773,bfgs,5,True,3.9523939676655574e-15,True,0,bfgs,6,True,1.7763568394002506e-16,True,0,bernoulli,-51.95432087780987,0.058199092575272338,555436e5d90807b16bc08b990b65de6d96e770cef9e01fc3e9724527e49cec19,selected_candidate_loading,True,555436e5d90807b16bc08b990b65de6d96e770cef9e01fc3e9724527e49cec19,bernoulli,1
rep1,start_P,1,5,bfgs,poisson,bernoulli,46.2130848963011,True,True,-51.26257983517333,-74.36912228332388,bfgs,4,True,4.452882507166578e-12,True,0,bfgs,4,True,1.8468782059244405e-12,True,0,bernoulli,-51.26257983517333,0.28150087225816367,276f9e4ff5693e4e9153c22ad71a5d6b81d41d4f6b9ec15acab2bf2d39c1c866,selected_candidate_loading,True,276f9e4ff5693e4e9153c22ad71a5d6b81d41d4f6b9ec15acab2bf2d39c1c866,bernoulli,1
rep1,start_P,1,6,bfgs,poisson,bernoulli,52.43166212053478,True,True,-48.48736223727428,-74.70319329754167,bfgs,6,True,1.5072387782311124e-13,True,0,bfgs,5,True,8.881784197001252e-16,True,0,bernoulli,-48.48736223727428,-0.65220045594844511,75b02c2941cec02fece4b000c102ca7f2e2e4b403905c2331ad9b2610d285a39,selected_candidate_loading,True,75b02c2941cec02fece4b000c102ca7f2e2e4b403905c2331ad9b2610d285a39,bernoulli,1
rep1,start_P,1,7,bfgs,poisson,bernoulli,45.66414998851303,True,True,-51.92937960101325,-74.76145459526977,bfgs,4,True,4.3097259094793114e-11,True,0,bfgs,4,True,1.2590817277668974e-12,True,0,bernoulli,-51.92937960101325,0.07782112273707191,2647bcba76672bac56544441998c236d12d8207ae0cdb713f4a94e9539cfa8e9,selected_candidate_loading,True,2647bcba76672bac56544441998c236d12d8207ae0cdb713f4a94e9539cfa8e9,bernoulli,1
rep1,start_P,1,8,bfgs,poisson,bernoulli,46.3856033937068,True,True,-51.786152947053004,-74.9789546439064,bfgs,4,True,7.993605777301127e-16,True,0,bfgs,4,True,1.0913616677044046e-10,False,2,bernoulli,-51.786152947053004,-0.14655152865865215,1e5c0642cf59c8651e5963a67adb9356c35e53471c3a672ffa03ee3e77595c49,selected_candidate_loading,True,1e5c0642cf59c8651e5963a67adb9356c35e53471c3a672ffa03ee3e77595c49,bernoulli,1
rep1,start_P,2,3,bfgs,bernoulli,bernoulli,49.514184758834986,False,True,-48.15818643642607,-72.91527881584356,bfgs,4,True,6.275229225138901e-11,True,0,bfgs,5,True,7.549516567451064e-15,True,0,bernoulli,-48.15818643642607,0.69363398380732366,50e4c00c136867ec332b9d8675846ae6b5945aa81d0cbf8b6ab3e8c2b2140897,selected_candidate_loading,True,50e4c00c136867ec332b9d8675846ae6b5945aa81d0cbf8b6ab3e8c2b2140897,bernoulli,1
rep1,start_P,2,4,bfgs,bernoulli,bernoulli,45.52347343201566,False,True,-51.63089257706265,-74.39262929307048,bfgs,4,True,3.262057290953635e-12,True,0,bfgs,4,True,2.5477397969098094e-13,True,0,bernoulli,-51.63089257706265,0.19610320471698273,a6b206e6abed3390e806ef73e491bf6c064a3d8aaee9246c07a2268546f24a5c,selected_candidate_loading,True,a6b206e6abed3390e806ef73e491bf6c064a3d8aaee9246c07a2268546f24a5c,bernoulli,1
rep1,start_P,2,5,bfgs,bernoulli,bernoulli,46.8374585084954,False,True,-50.31321599008428,-73.73194524433198,bfgs,4,True,1.9588775046486263e-13,True,0,bfgs,4,True,1.4840328965703974e-11,True,0,bernoulli,-50.31321599008428,0.43771017066570861,fc8bdd28f0fcb646dbdc203e8f001c71c8e8959213b41d29eea18efcac8d1da3,selected_candidate_loading,True,fc8bdd28f0fcb646dbdc203e8f001c71c8e8959213b41d29eea18efcac8d1da3,bernoulli,1
rep1,start_P,2,6,bfgs,bernoulli,bernoulli,56.796329593369634,False,True,-46.14326634455599,-74.5414311412408,bfgs,5,True,1.7763568394002506e-16,True,0,bfgs,7,True,6.217248937900876e-16,True,0,bernoulli,-46.14326634455599,-0.8958630659219543,77d01d3dc973eed58ccd99b87e2d095bac1a693344c289ceb88fe2702eea44cf,selected_candidate_loading,True,77d01d3dc973eed58ccd99b87e2d095bac1a693344c289ceb88fe2702eea44cf,bernoulli,1
rep1,start_P,2,7,bfgs,bernoulli,bernoulli,45.42758391054117,False,False,-51.80640841417151,-74.5202003694421,bfgs,4,False,1.334837840261116e-08,False,2,bfgs,4,True,9.796607969292381e-14,True,0,bernoulli,-51.80640841417151,0.13894905165081811,46d6999104db14a6441402750d8c7729026031a3788ad944767752d633c26274,selected_candidate_loading,True,46d6999104db14a6441402750d8c7729026031a3788ad944767752d633c26274,bernoulli,1
rep1,start_P,2,8,bfgs,bernoulli,bernoulli,45.741382195595904,False,True,-51.96493105639818,-74.83562215419613,bfgs,4,True,2.1442847497610274e-13,True,0,bfgs,5,True,1.84297022087776e-15,True,0,bernoulli,-51.96493105639818,-0.047470806973085193,88a6074905f1d1aefca557fb161c563f771fd5cf714a1c9d2a1dbbbf2a9fbfc6,selected_candidate_loading,True,88a6074905f1d1aefca557fb161c563f771fd5cf714a1c9d2a1dbbbf2a9fbfc6,bernoulli,1
rep1,start_P,3,3,bfgs,bernoulli,bernoulli,48.60244361380768,False,True,-48.75648981164312,-73.05771161854696,bfgs,4,True,4.107414408593968e-10,False,2,bfgs,5,True,7.480744024235264e-10,False,2,bernoulli,-48.75648981164312,0.62957424061433487,7bbd9c8eb9f2a21742758c4f2e3725e8913bd02cececcb696eb6f133d2774887,selected_candidate_loading,True,7bbd9c8eb9f2a21742758c4f2e3725e8913bd02cececcb696eb6f133d2774887,bernoulli,1
rep1,start_P,3,4,bfgs,bernoulli,bernoulli,45.415529186838356,False,True,-51.691461574631525,-74.3992261680507,bfgs,4,True,1.5765166949677222e-15,True,0,bfgs,4,True,6.976641486744484e-13,True,0,bernoulli,-51.691461574631525,0.17837038711377526,517f5f01647918e8203b91e20a86eaaf65aa7f18241898fb2a684d2d7b8d58f4,selected_candidate_loading,True,517f5f01647918e8203b91e20a86eaaf65aa7f18241898fb2a684d2d7b8d58f4,bernoulli,1
rep1,start_P,3,5,bfgs,bernoulli,bernoulli,46.56558256011313,False,True,-50.45974451076179,-73.74253579081835,bfgs,4,True,1.2256862191861729e-14,True,0,bfgs,4,True,1.691277673465663e-11,True,0,bernoulli,-50.45974451076179,0.41688708631929622,25b08fe743f304834e38c617f646dda18478de8191bd6cd18f689bd2611d84c4,selected_candidate_loading,True,25b08fe743f304834e38c617f646dda18478de8191bd6cd18f689bd2611d84c4,bernoulli,1
rep1,start_P,3,6,bfgs,bernoulli,bernoulli,57.765158566940286,False,True,-45.6281117550761,-74.51069103854624,bfgs,4,True,6.065370428132155e-13,True,0,bfgs,7,True,1.4210854715202005e-15,True,0,bernoulli,-45.6281117550761,-0.94914547487203205,78ce86befb5be90ac805a408bfc553f30ed7c4d4eb82bb29c73ab95317c7c412,selected_candidate_loading,True,78ce86befb5be90ac805a408bfc553f30ed7c4d4eb82bb29c73ab95317c7c412,bernoulli,1
rep1,start_P,3,7,bfgs,bernoulli,bernoulli,45.358024070374086,False,True,-51.833643470152424,-74.51265550533947,bfgs,3,True,1.049995645985291e-11,True,0,bfgs,4,True,1.6554535520185708e-13,True,0,bernoulli,-51.833643470152424,0.12790855427055056,3ebd5c142c39a67eec166fea6b82b447725ba9b76902b86c047969ac4886fa2e,selected_candidate_loading,True,3ebd5c142c39a67eec166fea6b82b447725ba9b76902b86c047969ac4886fa2e,bernoulli,1
rep1,start_P,3,8,bfgs,bernoulli,bernoulli,45.589559824674524,False,True,-51.98277358368881,-74.77755349602607,bfgs,4,True,4.4408920985006264e-17,True,0,bfgs,5,True,9.71445146547012e-17,True,0,bernoulli,-51.98277358368881,-0.018663072052661538,5f031fd7d6903e9f1f9a1480aa571c9b5fc14c5320c1bb502bb30b27df2cb723,selected_candidate_loading,True,5f031fd7d6903e9f1f9a1480aa571c9b5fc14c5320c1bb502bb30b27df2cb723,bernoulli,1
rep1,start_P,4,3,bfgs,bernoulli,bernoulli,48.423183386777936,False,True,-48.91422230769939,-73.12581400108836,bfgs,4,True,2.611244553918368e-14,True,0,bfgs,5,True,9.769962616701378e-16,True,0,bernoulli,-48.91422230769939,0.60891914331912822,04c86d1d13dbd31ab95eb0806d1e8be85dc993fc753756f3e061959ad6a27a21,selected_candidate_loading,True,04c86d1d13dbd31ab95eb0806d1e8be85dc993fc753756f3e061959ad6a27a21,bernoulli,1
rep1,start_P,4,4,bfgs,bernoulli,bernoulli,45.53630993594851,False,True,-51.530649010832335,-74.29880397880659,bfgs,4,True,1.1568523916594131e-14,True,0,bfgs,4,True,4.5830006456526463e-14,True,0,bernoulli,-51.530649010832335,0.22238739531522858,e3c31b7617c0c9dd267dbb723978d21f1ef9e84f164b0322702b050530257c8a,selected_candidate_loading,True,e3c31b7617c0c9dd267dbb723978d21f1ef9e84f164b0322702b050530257c8a,bernoulli,1
rep1,start_P,4,5,bfgs,bernoulli,bernoulli,46.70688582601895,False,True,-50.34970130795787,-73.70314422096735,bfgs,3,True,1.1962519863573107e-11,True,0,bfgs,4,True,6.8381744711132345e-12,True,0,bernoulli,-50.34970130795787,0.43161835834431256,a44d785c4cf010b55f41e0ced8ef3eef1e55dff6e29ad4b4b9757322aa8f677a,selected_candidate_loading,True,a44d785c4cf010b55f41e0ced8ef3eef1e55dff6e29ad4b4b9757322aa8f677a,bernoulli,1
rep1,start_P,4,6,bfgs,bernoulli,bernoulli,58.933719445005806,False,True,-44.95059167240197,-74.41745139490487,bfgs,4,True,3.9470648971473563e-13,True,0,bfgs,7,True,1.7763568394002506e-16,True,0,bernoulli,-44.95059167240197,-1.0026017144931583,f7f000a31a3c11bfb365bd988b628c1047c497fc2026fec3ffd5f6cabb01868b,selected_candidate_loading,True,f7f000a31a3c11bfb365bd988b628c1047c497fc2026fec3ffd5f6cabb01868b,bernoulli,1
rep1,start_P,4,7,bfgs,bernoulli,bernoulli,45.41605997968966,False,True,-51.71468794477035,-74.42271793461518,bfgs,4,True,7.727152251391089e-15,True,0,bfgs,3,True,1.9806378759312793e-14,True,0,bernoulli,-51.71468794477035,0.17104215122104285,33ddbc4dc90d897842478aeb67f25eb94650c2fd5e21ca44be8bdf92788c5238,selected_candidate_loading,True,33ddbc4dc90d897842478aeb67f25eb94650c2fd5e21ca44be8bdf92788c5238,bernoulli,1
rep1,start_P,4,8,bfgs,bernoulli,bernoulli,45.4625692403886,False,True,-51.979276983499304,-74.7105616036936,bfgs,4,True,8.215650382226159e-16,True,0,bfgs,5,True,5.440092820663267e-16,True,0,bernoulli,-51.979276983499304,0.026859353418498662,37ba8a8b3341ad1d81195b0f1cec6ec890625a2fd17aa85fe90bb84585b01704,selected_candidate_loading,True,37ba8a8b3341ad1d81195b0f1cec6ec890625a2fd17aa85fe90bb84585b01704,bernoulli,1
rep1,start_P,5,3,bfgs,bernoulli,bernoulli,49.07417977161823,False,False,-48.30328242836999,-72.8403723141791,bfgs,4,True,5.597444729943391e-12,True,0,bfgs,4,False,1.8287349323742318e-08,False,2,bernoulli,-48.30328242836999,0.67560236629163972,1c48e447d7fc8326ab07ebd260ee8a9800cb27cb2e7a6225d874f34bb65591b2,selected_candidate_loading,True,1c48e447d7fc8326ab07ebd260ee8a9800cb27cb2e7a6225d874f34bb65591b2,bernoulli,1
rep1,start_P,5,4,bfgs,bernoulli,bernoulli,45.31975698070971,False,False,-51.767038869649994,-74.42691736000485,bfgs,4,True,2.3233914792086807e-12,True,0,bfgs,3,False,7.77703300869348e-08,False,2,bernoulli,-51.767038869649994,0.1534979791813352,224240bbc082ff358150cc0aa219cbed501529087dc1a7b3827988bb78c124fe,selected_candidate_loading,True,224240bbc082ff358150cc0aa219cbed501529087dc1a7b3827988bb78c124fe,bernoulli,1
rep1,start_P,5,5,bfgs,bernoulli,bernoulli,46.334117588176824,False,False,-50.59563013922942,-73.76268893331783,bfgs,3,False,1.3268619197814857e-07,False,2,bfgs,5,True,2.6645352591003757e-15,True,0,bernoulli,-50.59563013922942,0.39589856363920117,6ab2c6fd6f4c6ff454f42e132d334f79bc0cd2577c6febbdcc54feca5f99b28c,selected_candidate_loading,True,6ab2c6fd6f4c6ff454f42e132d334f79bc0cd2577c6febbdcc54feca5f99b28c,bernoulli,1
rep1,start_P,5,6,bfgs,bernoulli,bernoulli,57.38147852266165,False,True,-45.86959368740022,-74.56033294873104,bfgs,5,True,1.3322676295501878e-16,True,0,bfgs,6,True,1.5506174122492668e-11,True,0,bernoulli,-45.86959368740022,-0.91819556630391042,cd71f1e2d781d8f9848cbfd46ef9130dd9a9b5c3377b9f067236699ae60a6769,selected_candidate_loading,True,cd71f1e2d781d8f9848cbfd46ef9130dd9a9b5c3377b9f067236699ae60a6769,bernoulli,1
rep1,start_P,5,7,bfgs,bernoulli,bernoulli,45.30190696529789,False,True,-51.886451701769104,-74.53740518441805,bfgs,4,True,4.0696335190659737e-13,True,0,bfgs,4,True,1.1904921493055553e-13,True,0,bernoulli,-51.886451701769104,0.10326736047030244,f80d2165e39d8f253087d75b905b48c2df22530fd1041be8208858d98c3a8069,selected_candidate_loading,True,f80d2165e39d8f253087d75b905b48c2df22530fd1041be8208858d98c3a8069,bernoulli,1
rep1,start_P,5,8,bfgs,bernoulli,bernoulli,45.63288578349864,False,True,-51.9716758030912,-74.78811869484052,bfgs,4,True,3.552713678800501e-16,True,0,bfgs,4,True,3.697375738909159e-12,True,0,bernoulli,-51.9716758030912,-0.039152107991264444,ad32f9b92a9c09ece39cfa9fb83c697f3c8baec9ca3f878bdb5f28bd094befd2,selected_candidate_loading,True,ad32f9b92a9c09ece39cfa9fb83c697f3c8baec9ca3f878bdb5f28bd094befd2,bernoulli,1
rep1,start_P,6,3,bfgs,bernoulli,bernoulli,48.91171644797146,False,True,-48.902459374286195,-73.35831759827192,bfgs,5,True,1.0452949616990281e-10,False,2,bfgs,5,True,2.0872192862952944e-15,True,0,bernoulli,-48.902459374286195,0.61896655057746552,eb0fa25902dc31f436be110aee195e15cdefc242fff57dcbb61079e04568a257,selected_candidate_loading,True,eb0fa25902dc31f436be110aee195e15cdefc242fff57dcbb61079e04568a257,bernoulli,1
rep1,start_P,6,4,bfgs,bernoulli,bernoulli,45.55583606096552,False,True,-51.8916966219575,-74.66961465244026,bfgs,4,True,2.9816149549333203e-13,True,0,bfgs,4,True,3.321787289678468e-14,True,0,bernoulli,-51.8916966219575,0.10054614232570576,3a799130c83bf43b84ff92564bab11672df35f6d8c02c88ab612afdbdee6d050,selected_candidate_loading,True,3a799130c83bf43b84ff92564bab11672df35f6d8c02c88ab612afdbdee6d050,bernoulli,1
rep1,start_P,6,5,bfgs,bernoulli,bernoulli,46.44139401185453,False,True,-50.892164569272495,-74.11286157519976,bfgs,4,True,7.000444668392447e-12,True,0,bfgs,5,True,2.6645352591003756e-16,True,0,bernoulli,-50.892164569272495,0.3508586587585093,b64ff7361de15a46fc1261a3fe5cf29b143530a4de44589e661a2ef88a226057,selected_candidate_loading,True,b64ff7361de15a46fc1261a3fe5cf29b143530a4de44589e661a2ef88a226057,bernoulli,1
rep1,start_P,6,6,bfgs,bernoulli,bernoulli,55.69304712793601,False,True,-46.69448036340664,-74.54100392737465,bfgs,5,True,1.021405182655144e-15,True,0,bfgs,7,True,1.0658141036401502e-15,True,0,bernoulli,-46.69448036340664,-0.85772862809641592,3d4f02df30f8ffb9f5b1e6764c9f579eaa769755e2a9303c516bd558919faae6,selected_candidate_loading,True,3d4f02df30f8ffb9f5b1e6764c9f579eaa769755e2a9303c516bd558919faae6,bernoulli,1
rep1,start_P,6,7,bfgs,bernoulli,bernoulli,45.61209401634393,False,True,-51.75836911030793,-74.5644161184799,bfgs,4,True,3.7991831902672856e-14,True,0,bfgs,3,True,0.0,True,0,bernoulli,-51.75836911030793,0.15670335589454554,e619639e22641124f6d344df496a5f58067516e652c466bd51f93b4c7a4c380a,selected_candidate_loading,True,e619639e22641124f6d344df496a5f58067516e652c466bd51f93b4c7a4c380a,bernoulli,1
rep1,start_P,6,8,bfgs,bernoulli,bernoulli,45.64119606242288,False,True,-51.98424154091342,-74.80483957212486,bfgs,4,True,1.2434497875801752e-15,True,0,bfgs,4,True,9.986589333266238e-12,True,0,bernoulli,-51.98424154091342,0.013845464995395892,07e729d9c6abbc8392a38e9dadfc928417d06e43333e32560eefb8598139829e,selected_candidate_loading,True,07e729d9c6abbc8392a38e9dadfc928417d06e43333e32560eefb8598139829e,bernoulli,1
rep1,start_P,7,3,bfgs,bernoulli,bernoulli,48.81839824056027,False,True,-48.46290664121655,-72.87210576149668,bfgs,4,True,7.198686091669515e-14,True,0,bfgs,5,True,1.2878587085651815e-15,True,0,bernoulli,-48.46290664121655,0.66349406600926419,96c23a827962e1b8c504d659dc3e32b7f5d7cdb40158facdaa740d42c74eb2cd,selected_candidate_loading,True,96c23a827962e1b8c504d659dc3e32b7f5d7cdb40158facdaa740d42c74eb2cd,bernoulli,1
rep1,start_P,7,4,bfgs,bernoulli,bernoulli,45.294619075330445,False,True,-51.77285098693251,-74.42016052459773,bfgs,4,True,2.7777780076121415e-14,True,0,bfgs,4,True,1.247890679678676e-13,True,0,bernoulli,-51.77285098693251,0.15150158520440438,8f63264b295d663aba1116526c201a83e93399778e86f86d4e86f4997b07ba28,selected_candidate_loading,True,8f63264b295d663aba1116526c201a83e93399778e86f86d4e86f4997b07ba28,bernoulli,1
rep1,start_P,7,5,bfgs,bernoulli,bernoulli,46.10317858706959,False,True,-50.77992387056131,-73.83151316409611,bfgs,3,True,6.426441601092847e-11,True,0,bfgs,4,True,2.1667112548584555e-12,True,0,bernoulli,-50.77992387056131,0.36833372955662957,c9d97faf27abec1cd7282f6b47b743baf7004bb8df39f9e708db1dbe9161b922,selected_candidate_loading,True,c9d97faf27abec1cd7282f6b47b743baf7004bb8df39f9e708db1dbe9161b922,bernoulli,1
rep1,start_P,7,6,bfgs,bernoulli,bernoulli,57.59156173913547,False,True,-45.76900775482396,-74.5647886243917,bfgs,4,True,7.587328543223749e-11,True,0,bfgs,7,True,2.6645352591003757e-15,True,0,bernoulli,-45.76900775482396,-0.93951692572928258,3e6c8dc702e2409ae17742bee0d030e4a43477cf07364addd1151f6c8922a57a,selected_candidate_loading,True,3e6c8dc702e2409ae17742bee0d030e4a43477cf07364addd1151f6c8922a57a,bernoulli,1
rep1,start_P,7,7,bfgs,bernoulli,bernoulli,45.446249995142935,False,True,-51.5052781929813,-74.22840319055277,bfgs,4,True,1.6449064332846318e-13,True,0,bfgs,4,True,0.0,True,0,bernoulli,-51.5052781929813,0.2288485919819491,20da8102abe95954c38256f10a9ba4c81d8cad1f186dc02ea95f832c0ce1c8cd,selected_candidate_loading,True,20da8102abe95954c38256f10a9ba4c81d8cad1f186dc02ea95f832c0ce1c8cd,bernoulli,1
rep1,start_P,7,8,bfgs,bernoulli,bernoulli,45.70259037924856,False,True,-51.95562431077413,-74.80691950039841,bfgs,4,True,4.5186077102243874e-15,True,0,bfgs,4,True,7.873297569460646e-11,True,0,bernoulli,-51.95562431077413,-0.05699553126056521,496a685c5eb82e60b4720ab365c22173a40e0e5d3e324340dd56ec6355e4c7db,selected_candidate_loading,True,496a685c5eb82e60b4720ab365c22173a40e0e5d3e324340dd56ec6355e4c7db,bernoulli,1
rep1,start_P,8,3,bfgs,bernoulli,bernoulli,48.68770555412763,False,True,-48.55789167873826,-72.90174445580207,bfgs,4,True,9.51906076185338e-10,False,2,bfgs,5,True,1.0658141036401502e-15,True,0,bernoulli,-48.55789167873826,0.64930587307086673,34f99951a760c365f9ae2f3b13b69ebdb66c52f0d77bd08b1c7008180d48fb78,selected_candidate_loading,True,34f99951a760c365f9ae2f3b13b69ebdb66c52f0d77bd08b1c7008180d48fb78,bernoulli,1
rep1,start_P,8,4,bfgs,bernoulli,bernoulli,45.33627066238783,False,True,-51.69015510579677,-74.35829043699069,bfgs,4,True,4.4408920985006264e-17,True,0,bfgs,4,True,7.628342402199451e-14,True,0,bernoulli,-51.69015510579677,0.17872052148836196,fa4a018c1440e7786a5b5101d553309daaa371e461d2ce5223cc2bcbe1e7ec9a,selected_candidate_loading,True,fa4a018c1440e7786a5b5101d553309daaa371e461d2ce5223cc2bcbe1e7ec9a,bernoulli,1
rep1,start_P,8,5,bfgs,bernoulli,bernoulli,46.60918258014196,False,True,-50.30767197376969,-73.61226326384067,bfgs,4,True,6.972200594645983e-14,True,0,bfgs,4,True,1.5112355811197631e-13,True,0,bernoulli,-50.30767197376969,0.43789424188819148,f6f3bf8b97f4435b7d1808cd1b7f3e17461f8aa2bbec9dd99e84a55ec93b7f86,selected_candidate_loading,True,f6f3bf8b97f4435b7d1808cd1b7f3e17461f8aa2bbec9dd99e84a55ec93b7f86,bernoulli,1
rep1,start_P,8,6,bfgs,bernoulli,bernoulli,58.760390474229524,False,True,-45.09926617561864,-74.4794614127334,bfgs,4,True,4.906741679633342e-13,True,0,bfgs,7,True,1.0658141036401502e-15,True,0,bernoulli,-45.09926617561864,-0.99321478095909954,9c464d9614cb4330bafac9557b250b25f966dc598471e7158a468912af334455,selected_candidate_loading,True,9c464d9614cb4330bafac9557b250b25f966dc598471e7158a468912af334455,bernoulli,1
rep1,start_P,8,7,bfgs,bernoulli,bernoulli,45.33818495986837,False,True,-51.68641282518147,-74.35550530511566,bfgs,4,True,5.857037077561245e-13,True,0,bfgs,4,True,5.4877435928801784e-12,True,0,bernoulli,-51.68641282518147,0.17986083199589978,a898ef6a477509f54f4378e73b1299f533734ce2c366683a6a67b9ca1e45b218,selected_candidate_loading,True,a898ef6a477509f54f4378e73b1299f533734ce2c366683a6a67b9ca1e45b218,bernoulli,1
rep1,start_P,8,8,bfgs,bernoulli,bernoulli,45.52076663824559,False,True,-51.9844723645853,-74.7448556837081,bfgs,4,True,3.7199308078328384e-10,False,2,bfgs,5,True,7.993605777301127e-16,True,0,bernoulli,-51.9844723645853,-0.012925536233676919,6c50ea8a5476f889a8bce3c0b5df8ff900f5e65060c1b1bcb32f1b7ed966a2b7,selected_candidate_loading,True,6c50ea8a5476f889a8bce3c0b5df8ff900f5e65060c1b1bcb32f1b7ed966a2b7,bernoulli,1
rep1,start_P,1,3,bfgs,poisson,bernoulli,46.68022317406495,True,True,-50.07923823294167,-73.41934981997414,bfgs,8,True,2.458744319255857e-12,True,0,bfgs,7,True,5.4362936374729996e-11,True,0,bernoulli,-50.07923823294167,0.48252654346617213|0.054374121921374356,5c72614b037ec77b588bba4b3aa2bdcb23e125f01ae9c5dfb7d752c359d6c376,selected_candidate_loading,True,5c72614b037ec77b588bba4b3aa2bdcb23e125f01ae9c5dfb7d752c359d6c376,bernoulli,2
rep1,start_P,1,4,bfgs,poisson,bernoulli,45.32446487540878,True,False,-51.68689668142717,-74.34912911913156,bfgs,4,False,1.1924255036710462e-07,False,2,bfgs,6,True,1.8267150014850132e-10,False,2,bernoulli,-51.68689668142717,0.13407772102242443|0.087446856310464172,538d65b13e7e244b1e46fb67be38815d6798fc5db2e6e1ee61884c33e9df3b79,selected_candidate_loading,True,538d65b13e7e244b1e46fb67be38815d6798fc5db2e6e1ee61884c33e9df3b79,bernoulli,2
rep1,start_P,1,5,bfgs,poisson,bernoulli,45.765019094534665,True,True,-51.52354717207858,-74.40605671934591,bfgs,6,True,1.1921130749215081e-12,True,0,bfgs,7,True,5.591540713778542e-09,False,2,bernoulli,-51.52354717207858,0.087777934765410473|0.17037595565678809,55a37ec170968b24dca0806fcf8d43190afe4622acb773582ad38bc5a0ab69b2,selected_candidate_loading,True,55a37ec170968b24dca0806fcf8d43190afe4622acb773582ad38bc5a0ab69b2,bernoulli,2
rep1,start_P,1,6,bfgs,poisson,bernoulli,48.64875182376929,True,True,-50.26201972530548,-74.58639563719012,bfgs,6,True,1.5326373503654622e-10,False,2,bfgs,7,True,1.429412144204889e-12,True,0,bernoulli,-50.26201972530548,-0.31319137048511042|-0.23393405141118728,176d9e87dd46f08ba73524a752aed60858cafb9c7c366cafa1e2ce4bd8fea93c,selected_candidate_loading,True,176d9e87dd46f08ba73524a752aed60858cafb9c7c366cafa1e2ce4bd8fea93c,bernoulli,2
rep1,start_P,1,7,bfgs,poisson,bernoulli,46.56639941261052,True,True,-51.468188131973214,-74.75138783827848,bfgs,10,True,6.507065997141126e-11,True,0,bfgs,5,True,7.442552685255067e-11,True,0,bernoulli,-51.468188131973214,-0.13147214418782335|0.23477323581412413,1ceb1ec35ce1b701c1a4b52780a0c8643ae6905720990e42c9366f72cc9471fa,selected_candidate_loading,True,1ceb1ec35ce1b701c1a4b52780a0c8643ae6905720990e42c9366f72cc9471fa,bernoulli,2
rep1,start_P,1,8,bfgs,poisson,bernoulli,46.540025963838985,True,False,-51.6224102671478,-74.89242324906729,bfgs,10,True,7.707154914271542e-11,True,0,bfgs,6,False,3.748906991507539e-08,False,2,bernoulli,-51.6224102671478,-0.22953805171463776|0.065652990813707179,35843c054127c0c0f852ab86c9838f68df645c998b02d5cf539e8f74b7f76c4c,selected_candidate_loading,True,35843c054127c0c0f852ab86c9838f68df645c998b02d5cf539e8f74b7f76c4c,bernoulli,2
rep1,start_P,2,3,bfgs,bernoulli,bernoulli,48.99416150793968,False,True,-48.46638600954334,-72.96346676351318,bfgs,5,True,2.1389318094477972e-11,True,0,bfgs,6,True,3.9722669598063476e-12,True,0,bernoulli,-48.46638600954334,0.57832087196840953|0.14059439347345676,06796fa187e485e341f734de082a68b375b56a52baf0e5eff6d0ee3a40abb31a,selected_candidate_loading,True,06796fa187e485e341f734de082a68b375b56a52baf0e5eff6d0ee3a40abb31a,bernoulli,2
rep1,start_P,2,4,bfgs,bernoulli,bernoulli,45.83385258891258,False,True,-51.16363869232289,-74.08056498677918,bfgs,6,True,6.0396132539608514e-15,True,0,bfgs,6,True,3.6777948464461475e-10,False,2,bernoulli,-51.16363869232289,0.33383575395994358|-0.10493900046252475,e377918a3521cb9d32438a624a939a8ea818855e6b8020a46d2dc268f7395ac1,selected_candidate_loading,True,e377918a3521cb9d32438a624a939a8ea818855e6b8020a46d2dc268f7395ac1,bernoulli,2
rep1,start_P,2,5,bfgs,bernoulli,bernoulli,46.819394939885356,False,True,-50.40331448994075,-73.81301195988343,bfgs,6,True,9.013367829879826e-12,True,0,bfgs,6,True,2.6303403899419207e-13,True,0,bernoulli,-50.40331448994075,0.25599971635539359|0.2408933587871003,0308321c76156d688548dc3cd980917b08c7b29bfa3d850732ffdb5ffd1d3fdf,selected_candidate_loading,True,0308321c76156d688548dc3cd980917b08c7b29bfa3d850732ffdb5ffd1d3fdf,bernoulli,2
rep1,start_P,2,6,bfgs,bernoulli,bernoulli,57.04023202640916,False,True,-45.69065034208665,-74.21076635529123,bfgs,7,True,4.2965785096438225e-10,False,2,bfgs,6,True,4.532770270238018e-10,False,2,bernoulli,-45.69065034208665,-0.4289959125910156|-0.65443065377157172,b24551581a4ae80a10d68fa6eacee9928ab0a75e02c379a894ba29bf97b6b415,selected_candidate_loading,True,b24551581a4ae80a10d68fa6eacee9928ab0a75e02c379a894ba29bf97b6b415,bernoulli,2
rep1,start_P,2,7,bfgs,bernoulli,bernoulli,48.18072907961687,False,True,-50.40110473212303,-74.49146927193146,bfgs,6,True,4.135358722123783e-12,True,0,bfgs,6,True,5.767691879654535e-13,True,0,bernoulli,-50.40110473212303,-0.28107073547963451|0.46557114213596629,5f193593bf18dd11689a54072da9348bbc3d245ad94664c4b998e54cf68a0b61,selected_candidate_loading,True,5f193593bf18dd11689a54072da9348bbc3d245ad94664c4b998e54cf68a0b61,bernoulli,2
rep1,start_P,2,8,bfgs,bernoulli,bernoulli,49.185074419347444,False,True,-50.24720786170727,-74.83974507138099,bfgs,6,True,7.266898194302485e-12,True,0,bfgs,6,True,5.090645904815006e-10,False,2,bernoulli,-50.24720786170727,-0.48350686906483104|0.32439222330652956,df57c28959a948525cc0da25c60821254048d9d130147dd12624ef9860808333,selected_candidate_loading,True,df57c28959a948525cc0da25c60821254048d9d130147dd12624ef9860808333,bernoulli,2
rep1,start_P,3,3,bfgs,bernoulli,bernoulli,49.34876443999147,False,True,-48.390965713239254,-73.06534793323499,bfgs,6,True,2.38525066365014e-10,False,2,bfgs,6,True,2.5542866086136763e-11,True,0,bernoulli,-48.390965713239254,0.56911637746637467|0.23900707888303999,122f297ccbe39f969cb878ed38ec21147233e2e59f32403f70286ec64118f776,selected_candidate_loading,True,122f297ccbe39f969cb878ed38ec21147233e2e59f32403f70286ec64118f776,bernoulli,2
rep1,start_P,3,4,bfgs,bernoulli,bernoulli,46.00888173215216,False,True,-51.14769497403812,-74.1521358401142,bfgs,5,True,1.9755863611692348e-11,True,0,bfgs,6,True,3.166221174133454e-11,True,0,bernoulli,-51.14769497403812,0.30450017006011104|-0.023137908689923496,37de709dd7453a8b8cce1265f6c565aebcbbb26fa662ffab31bd33bd639f0299,selected_candidate_loading,True,37de709dd7453a8b8cce1265f6c565aebcbbb26fa662ffab31bd33bd639f0299,bernoulli,2
rep1,start_P,3,5,bfgs,bernoulli,bernoulli,47.357111139450936,False,False,-50.14287393023822,-73.82142949996368,bfgs,4,False,2.0168027337064132e-07,False,2,bfgs,6,True,7.087525011328921e-12,True,0,bernoulli,-50.14287393023822,0.25619774494197739|0.33017552897262492,37cdc3640949be60973b623b062392e0a66645bb00d953330b1a89ba668ce5fa,selected_candidate_loading,True,37cdc3640949be60973b623b062392e0a66645bb00d953330b1a89ba668ce5fa,bernoulli,2
rep1,start_P,3,6,bfgs,bernoulli,bernoulli,58.35101992980216,False,True,-44.975861199867595,-74.15137116476868,bfgs,6,True,2.0258461574940157e-12,True,0,bfgs,9,True,7.194644879859879e-12,True,0,bernoulli,-44.975861199867595,-0.57109316769311447|-0.71901700149057157,421eadeb2ef38580016599cac73691436364b6976bca6f9fed604f2f153a79ca,selected_candidate_loading,True,421eadeb2ef38580016599cac73691436364b6976bca6f9fed604f2f153a79ca,bernoulli,2
rep1,start_P,3,7,bfgs,bernoulli,bernoulli,49.43129620452433,False,False,-49.73439874105367,-74.45004684331583,bfgs,4,False,1.0939458017222847e-08,False,2,bfgs,7,True,1.0582424408989155e-09,False,2,bernoulli,-49.73439874105367,-0.31834188855957302|0.48530459224052158,472735f6183dcfe4ec23252bec0cd24d8b28f04737cff6a5cd9213d3cc941b1b,selected_candidate_loading,True,472735f6183dcfe4ec23252bec0cd24d8b28f04737cff6a5cd9213d3cc941b1b,bernoulli,2
rep1,start_P,3,8,bfgs,bernoulli,bernoulli,49.46039562607943,False,True,-50.039457581635794,-74.76965539467551,bfgs,5,True,5.7569005118551786e-11,True,0,bfgs,7,True,5.9551499564935995e-09,False,2,bernoulli,-50.039457581635794,-0.43724115312590633|0.29983680268602553,a45fb8b41fffcd57738b764fe199323deee55367ab0a19c0467d3e19faa44ca6,selected_candidate_loading,True,a45fb8b41fffcd57738b764fe199323deee55367ab0a19c0467d3e19faa44ca6,bernoulli,2
rep1,start_P,4,3,bfgs,bernoulli,bernoulli,48.61297576308192,False,True,-48.69051402214387,-72.99700190368483,bfgs,5,True,1.0139373785023054e-09,False,2,bfgs,6,True,3.0734436454182833e-10,False,2,bernoulli,-48.69051402214387,0.51003424273981801|0.29113947671647972,924740314818fcb948c40377667a6ee58dd1570cbbe3922961683ad72baf2a23,selected_candidate_loading,True,924740314818fcb948c40377667a6ee58dd1570cbbe3922961683ad72baf2a23,bernoulli,2
rep1,start_P,4,4,bfgs,bernoulli,bernoulli,45.98930409186157,False,True,-51.09061440103816,-74.08526644696894,bfgs,5,True,4.4426684553400263e-13,True,0,bfgs,5,True,4.33906799379713e-11,True,0,bernoulli,-51.09061440103816,0.32084006008269217|-0.046829059242606434,dc81879813cdceb9f9b81b0cbda702485834e07036cd0a09923cf6e1969e309c,selected_candidate_loading,True,dc81879813cdceb9f9b81b0cbda702485834e07036cd0a09923cf6e1969e309c,bernoulli,2
rep1,start_P,4,5,bfgs,bernoulli,bernoulli,47.32743476107929,False,True,-49.832769967458866,-73.49648734799851,bfgs,5,True,2.2604140781368187e-13,True,0,bfgs,6,True,9.435430214921326e-12,True,0,bernoulli,-49.832769967458866,0.28568558227576063|0.35971666600796348,c389f2b2f3fea0e21135850132d64b470c326dce01779c02bc1cae09d63afbda,selected_candidate_loading,True,c389f2b2f3fea0e21135850132d64b470c326dce01779c02bc1cae09d63afbda,bernoulli,2
rep1,start_P,4,6,bfgs,bernoulli,bernoulli,56.68588920244632,False,False,-46.13880365028135,-74.48174825150451,bfgs,6,True,5.941198810699433e-10,False,2,bfgs,8,False,4.1510472158501345e-07,False,2,bernoulli,-46.13880365028135,-0.46518721845506539|-0.68149461256244859,8cb42aa9ec75993bd8e3abce5b45c0a2cd8658d6649b0039b1cb4078130b07e4,selected_candidate_loading,True,8cb42aa9ec75993bd8e3abce5b45c0a2cd8658d6649b0039b1cb4078130b07e4,bernoulli,2
rep1,start_P,4,7,bfgs,bernoulli,bernoulli,50.0350242879592,False,True,-49.253614418863265,-74.27112656284287,bfgs,6,True,1.9308832310827027e-12,True,0,bfgs,6,True,1.018712891820428e-12,True,0,bernoulli,-49.253614418863265,-0.4327821318614512|0.45908728113625891,cee4bfd5687b72331ea33adb0431a90212b4b1fee860b0852f1875a9ae1d538f,selected_candidate_loading,True,cee4bfd5687b72331ea33adb0431a90212b4b1fee860b0852f1875a9ae1d538f,bernoulli,2
rep1,start_P,4,8,bfgs,bernoulli,bernoulli,48.5398479942877,False,True,-50.40474888517586,-74.67467288231971,bfgs,6,True,2.898237205783971e-13,True,0,bfgs,7,True,6.868126539716357e-10,False,2,bernoulli,-50.40474888517586,-0.39325547786791554|0.25135124784233115,f0a958c00686c809b543cbc16b4796966a9c14324422f96809a64f8b98c78de6,selected_candidate_loading,True,f0a958c00686c809b543cbc16b4796966a9c14324422f96809a64f8b98c78de6,bernoulli,2
rep1,start_P,5,3,bfgs,bernoulli,bernoulli,48.37038043764666,False,True,-48.77492767504183,-72.96011789386516,bfgs,5,True,8.780531857155438e-13,True,0,bfgs,6,True,4.661598607125228e-10,False,2,bernoulli,-48.77492767504183,0.51196258570103303|0.27421688095798086,d454a51fca25df435cb382563e031112be640bc510161609977ce649a3327aae,selected_candidate_loading,True,d454a51fca25df435cb382563e031112be640bc510161609977ce649a3327aae,bernoulli,2
rep1,start_P,5,4,bfgs,bernoulli,bernoulli,46.48616782446469,False,True,-50.52290944061152,-73.76599335284386,bfgs,6,True,2.8786861783203223e-12,True,0,bfgs,6,True,7.344291841349104e-13,True,0,bernoulli,-50.52290944061152,0.42062631893850294|-0.092403687624486558,1d48cb59440252b78de254014a8cf3a8d52e23c553e01a382fa837670a871a64,selected_candidate_loading,True,1d48cb59440252b78de254014a8cf3a8d52e23c553e01a382fa837670a871a64,bernoulli,2
rep1,start_P,5,5,bfgs,bernoulli,bernoulli,46.58014399379806,False,True,-50.383732266236905,-73.67380426313593,bfgs,6,True,2.1326940213839405e-12,True,0,bfgs,7,True,1.2256862191861729e-14,True,0,bernoulli,-50.383732266236905,0.25608678134560681|0.29214587323058533,d93e2817756e977cb3788c2c3d68e4b17ce8622b8d7ca9e8dd843d45c25b9e7b,selected_candidate_loading,True,d93e2817756e977cb3788c2c3d68e4b17ce8622b8d7ca9e8dd843d45c25b9e7b,bernoulli,2
rep1,start_P,5,6,bfgs,bernoulli,bernoulli,56.845379610715185,False,True,-46.03339126735935,-74.45608107271694,bfgs,4,True,1.1210032901942668e-11,True,0,bfgs,9,True,1.4937562298200647e-11,True,0,bernoulli,-46.03339126735935,-0.47917147683559591|-0.67532024898318066,98c00901a67e317fbcdb8ba01b1d0a99929fe75234147180eb1814589c3c68a3,selected_candidate_loading,True,98c00901a67e317fbcdb8ba01b1d0a99929fe75234147180eb1814589c3c68a3,bernoulli,2
rep1,start_P,5,7,bfgs,bernoulli,bernoulli,49.00475958806632,False,False,-49.852774817871406,-74.35515461190457,bfgs,6,True,1.3028067513687346e-11,True,0,bfgs,9,False,7.993249215298981e-08,False,2,bernoulli,-49.852774817871406,-0.34865900302415603|0.42927390464154153,d6f62d3a3bf9562603f5c8ec875b32ba76f62781d039baaf69493f7a81118b2f,selected_candidate_loading,True,d6f62d3a3bf9562603f5c8ec875b32ba76f62781d039baaf69493f7a81118b2f,bernoulli,2
rep1,start_P,5,8,bfgs,bernoulli,bernoulli,48.624775092650765,False,True,-50.31425254853518,-74.62664009486056,bfgs,5,True,8.524825290123772e-12,True,0,bfgs,6,True,3.6857027985170987e-09,False,2,bernoulli,-50.31425254853518,-0.38525633737377896|0.30101762667239129,726bee74df1a017fb17c01794510e101759bf3f15fe81dc8caeea7a768dfc3d3,selected_candidate_loading,True,726bee74df1a017fb17c01794510e101759bf3f15fe81dc8caeea7a768dfc3d3,bernoulli,2
rep1,start_P,6,3,bfgs,bernoulli,bernoulli,47.60816252470727,False,True,-49.03553860414718,-72.83961986650081,bfgs,6,True,1.0918488335676103e-13,True,0,bfgs,6,True,3.3194558213267556e-13,True,0,bernoulli,-49.03553860414718,0.46367918754720172|0.29831133018374745,c65a0370219199d9b5d264edaeb7ec776b1ab66af985b63bfdbb9a8af6278a6b,selected_candidate_loading,True,c65a0370219199d9b5d264edaeb7ec776b1ab66af985b63bfdbb9a8af6278a6b,bernoulli,2
rep1,start_P,6,4,bfgs,bernoulli,bernoulli,45.76225257777689,False,True,-50.84444807535019,-73.72557436423864,bfgs,6,True,2.384564767865527e-12,True,0,bfgs,6,True,6.5915328750776325e-12,True,0,bernoulli,-50.84444807535019,0.36758258425005963|-0.097904678065424688,7074a5d80b64d0dd124b9e90e322ad49bc8e970049241b2fc723e57ff4368f9b,selected_candidate_loading,True,7074a5d80b64d0dd124b9e90e322ad49bc8e970049241b2fc723e57ff4368f9b,bernoulli,2
rep1,start_P,6,5,bfgs,bernoulli,bernoulli,46.158602442355004,False,True,-50.47843721175286,-73.55773843293036,bfgs,5,True,3.1588940796467567e-09,False,2,bfgs,6,True,2.8673169394366484e-11,True,0,bernoulli,-50.47843721175286,0.23855690393811452|0.29216732955219898,f8ed7b079a24906403971c36ad9204c0a465b36d29f6e7faaabf74a53aa4c8b1,selected_candidate_loading,True,f8ed7b079a24906403971c36ad9204c0a465b36d29f6e7faaabf74a53aa4c8b1,bernoulli,2
rep1,start_P,6,6,bfgs,bernoulli,bernoulli,56.01788716749621,False,True,-46.524309211813005,-74.53325279556111,bfgs,5,True,1.8766799225744534e-11,True,0,bfgs,10,True,5.643485678774596e-13,True,0,bernoulli,-46.524309211813005,-0.46814456159854423|-0.63368317414320574,831183b22beae72ff52d3f659943ea60ad58b5d828683720776b7936ad1b36fe,selected_candidate_loading,True,831183b22beae72ff52d3f659943ea60ad58b5d828683720776b7936ad1b36fe,bernoulli,2
rep1,start_P,6,7,bfgs,bernoulli,bernoulli,50.46943395241789,False,False,-48.99303721266064,-74.22775418886958,bfgs,5,False,1.8180327235883808e-07,False,2,bfgs,6,True,1.507552416235569e-11,True,0,bernoulli,-48.99303721266064,-0.43049621999080856|0.50996110622180979,d8bca5a879ee2dd76c0b4e01e06be2d7e73accb6a79ee54828a234945a0ad886,selected_candidate_loading,True,d8bca5a879ee2dd76c0b4e01e06be2d7e73accb6a79ee54828a234945a0ad886,bernoulli,2
rep1,start_P,6,8,bfgs,bernoulli,bernoulli,49.0810619276979,False,True,-50.06040625218958,-74.60093721603853,bfgs,4,True,5.847867745600865e-10,False,2,bfgs,6,True,1.2049400366365149e-11,True,0,bernoulli,-50.06040625218958,-0.41200061007610644|0.32924990282015387,8021f97493551f0ec57ab8f0d02eb66e87ad4db166414ce130d58bc498654d68,selected_candidate_loading,True,8021f97493551f0ec57ab8f0d02eb66e87ad4db166414ce130d58bc498654d68,bernoulli,2
rep1,start_P,7,3,bfgs,bernoulli,bernoulli,48.18283403941905,False,True,-48.93311186331276,-73.02452888302228,bfgs,5,True,1.5379919560132293e-13,True,0,bfgs,9,True,1.354794498809042e-10,False,2,bernoulli,-48.93311186331276,0.49241490470107868|0.27457182321120394,d6ad205216b98cec4774222c86fc251312cd3061a90b920fe84111f8971c0237,selected_candidate_loading,True,d6ad205216b98cec4774222c86fc251312cd3061a90b920fe84111f8971c0237,bernoulli,2
rep1,start_P,7,4,bfgs,bernoulli,bernoulli,45.76214058498242,False,True,-51.27328821814043,-74.15435851063164,bfgs,6,True,5.630407251544511e-12,True,0,bfgs,5,True,3.645915805372546e-10,False,2,bernoulli,-51.27328821814043,0.28478814244746026|-0.098849373547585037,45799ea2507c2f9fd85a5b2c0ec9326fb194a02335d64d5f4814931a96438ec0,selected_candidate_loading,True,45799ea2507c2f9fd85a5b2c0ec9326fb194a02335d64d5f4814931a96438ec0,bernoulli,2
rep1,start_P,7,5,bfgs,bernoulli,bernoulli,46.700242035035046,False,False,-50.32258159593239,-73.67270261344991,bfgs,4,True,4.295583888591636e-11,True,0,bfgs,5,False,5.7787783569462905e-08,False,2,bernoulli,-50.32258159593239,0.24683455278946359|0.31168886374186311,2f41e6813cb1250a2fae574718dd60104d04be5e17bea8a0c2fa2af96b4466a9,selected_candidate_loading,True,2f41e6813cb1250a2fae574718dd60104d04be5e17bea8a0c2fa2af96b4466a9,bernoulli,2
rep1,start_P,7,6,bfgs,bernoulli,bernoulli,57.28881086884837,False,True,-45.7427109660821,-74.38711640050629,bfgs,6,True,7.057465722937195e-13,True,0,bfgs,8,True,1.9972802078882524e-09,False,2,bernoulli,-45.7427109660821,-0.47168807505582916|-0.72549460969634416,782349a320aae980dad3b23db11c621cd9d8058792d0a6f3ed28191d08a33a2d,selected_candidate_loading,True,782349a320aae980dad3b23db11c621cd9d8058792d0a6f3ed28191d08a33a2d,bernoulli,2
rep1,start_P,7,7,bfgs,bernoulli,bernoulli,49.351306835974654,False,False,-49.620809068544524,-74.29646248653185,bfgs,6,True,1.4188550334637285e-11,True,0,bfgs,8,False,3.56045286975526e-08,False,2,bernoulli,-49.620809068544524,-0.34653399156027681|0.47406168568160956,f029be2f76c56c2a60781a0f4dcced81f36d166222175d0cce63ec9df06d6a2b,selected_candidate_loading,True,f029be2f76c56c2a60781a0f4dcced81f36d166222175d0cce63ec9df06d6a2b,bernoulli,2
rep1,start_P,7,8,bfgs,bernoulli,bernoulli,49.27653143211717,False,True,-50.028572025051304,-74.66683774110989,bfgs,6,True,1.397104654188297e-13,True,0,bfgs,6,True,4.979181927877718e-10,False,2,bernoulli,-50.028572025051304,-0.44053875187137531|0.29502432553000568,7401dd7d907aeeeaf570760437a80ccc222a993b9ff4997c3954d302bcfecea6,selected_candidate_loading,True,7401dd7d907aeeeaf570760437a80ccc222a993b9ff4997c3954d302bcfecea6,bernoulli,2
rep1,start_P,8,3,bfgs,bernoulli,bernoulli,48.42776376970413,False,True,-48.57484379802819,-72.78872568288025,bfgs,4,True,5.268047020834388e-09,False,2,bfgs,6,True,1.214089162537846e-10,False,2,bernoulli,-48.57484379802819,0.51315814600458698|0.31016285363327223,09416047b86bb82f581f80114dde82a20510223e1164d7d3b37cbd57c116e38a,selected_candidate_loading,True,09416047b86bb82f581f80114dde82a20510223e1164d7d3b37cbd57c116e38a,bernoulli,2
rep1,start_P,8,4,bfgs,bernoulli,bernoulli,45.60533542212582,False,True,-51.20984180665944,-74.01250951772235,bfgs,4,True,5.382538859066699e-12,True,0,bfgs,5,True,3.104391743669055e-12,True,0,bernoulli,-51.20984180665944,0.29179933721440959|-0.10880706568715057,3a1af461fc0b8c66acfbf946d50cf8ac766a44cebd9753875ccfe550694015fb,selected_candidate_loading,True,3a1af461fc0b8c66acfbf946d50cf8ac766a44cebd9753875ccfe550694015fb,bernoulli,2
rep1,start_P,8,5,bfgs,bernoulli,bernoulli,46.22351111039927,False,True,-50.61841374274421,-73.73016929794385,bfgs,5,True,1.9352103253211794e-11,True,0,bfgs,7,True,7.86402845620593e-11,True,0,bernoulli,-50.61841374274421,0.23869289002614746|0.2721574672203762,3df51d7a4eaea946bccec531fa743a1c73dc43c603ddb3181c68d82046993161,selected_candidate_loading,True,3df51d7a4eaea946bccec531fa743a1c73dc43c603ddb3181c68d82046993161,bernoulli,2
rep1,start_P,8,6,bfgs,bernoulli,bernoulli,55.58921853105622,False,False,-46.565816349065884,-74.36042561459399,bfgs,7,True,4.313882584483508e-13,True,0,bfgs,10,False,3.770557768234539e-08,False,2,bernoulli,-46.565816349065884,-0.37295420540913532|-0.7101891456696664,8e6315bdaaa3b212698fc875897530d0ab1a92184fa8fcca4c599a47a7076dbe,selected_candidate_loading,True,8e6315bdaaa3b212698fc875897530d0ab1a92184fa8fcca4c599a47a7076dbe,bernoulli,2
rep1,start_P,8,7,bfgs,bernoulli,bernoulli,49.14546438276335,False,True,-49.897780090598275,-74.47051228197995,bfgs,6,True,7.362466192262218e-12,True,0,bfgs,11,True,1.0152700902210653e-11,True,0,bernoulli,-49.897780090598275,-0.3442971405522034|0.4151553849618268,152244be24505f50510728b58c0d25f6ec5191cd6342d3314046983066273eef,selected_candidate_loading,True,152244be24505f50510728b58c0d25f6ec5191cd6342d3314046983066273eef,bernoulli,2
rep1,start_P,8,8,bfgs,bernoulli,bernoulli,48.17974874204788,False,False,-50.62144412606601,-74.71131849708995,bfgs,6,True,2.8868279988714108e-11,True,0,bfgs,9,False,9.293747183711232e-08,False,2,bernoulli,-50.62144412606601,-0.33016983974174852|0.27735728871777732,f16e59299ec309dc01b0dee27471339086304368882ace86906ea59e724bcbf2,selected_candidate_loading,True,f16e59299ec309dc01b0dee27471339086304368882ace86906ea59e724bcbf2,bernoulli,2
rep1,start_P,1,3,bfgs,poisson,bernoulli,46.653608288396995,True,True,-49.821527151652994,-73.14833129585149,bfgs,11,True,2.6780122563963005e-09,False,2,bfgs,7,True,7.770852045174692e-10,False,2,bernoulli,-49.821527151652994,-0.082099623796345861|-0.2466447223426258|0.34530846005231519,2dc2f9b91b6a98a22145579365ed2c289b56b445d528e146b420b496a9aabc57,selected_candidate_loading,True,2dc2f9b91b6a98a22145579365ed2c289b56b445d528e146b420b496a9aabc57,bernoulli,3
rep1,start_P,1,4,bfgs,poisson,bernoulli,45.70518575322052,True,True,-49.798872897120475,-72.65146577373073,bfgs,7,True,5.495004451461227e-12,True,0,bfgs,7,True,8.824385666628132e-13,True,0,bernoulli,-49.798872897120475,-0.20667033461064091|-0.51971059260881813|-0.16896111901728741,7e777690eafc5b87413ea97c9245b872a64f80056ffabda597430f952d3335bb,selected_candidate_loading,True,7e777690eafc5b87413ea97c9245b872a64f80056ffabda597430f952d3335bb,bernoulli,3
rep1,start_P,1,5,bfgs,poisson,bernoulli,45.63174574165876,True,True,-50.386919513939645,-73.20279238476903,bfgs,7,True,2.1561130658653837e-11,True,0,bfgs,9,True,3.427658157306723e-12,True,0,bernoulli,-50.386919513939645,-0.25373456109406001|-0.27569965443597516|0.12992672199460356,d082ac77c1d5f83d09c6b6223508c441035ece9a89c374a9c21a992cfdddb550,selected_candidate_loading,True,d082ac77c1d5f83d09c6b6223508c441035ece9a89c374a9c21a992cfdddb550,bernoulli,3
rep1,start_P,1,6,bfgs,poisson,bernoulli,50.57483186401238,True,True,-48.94799838705473,-74.23541431906092,bfgs,11,True,7.004968471946426e-09,False,2,bfgs,9,True,3.351538824247768e-10,False,2,bernoulli,-48.94799838705473,0.18916674113138138|0.15524060888768992|-0.44771920268330334,033fe5b39c2c7f803ecbb84eeb712c6f737e25b1dbe73c7e4bb456bc599bc97b,selected_candidate_loading,True,033fe5b39c2c7f803ecbb84eeb712c6f737e25b1dbe73c7e4bb456bc599bc97b,bernoulli,3
rep1,start_P,1,7,bfgs,poisson,bernoulli,48.29106023738474,True,False,-50.46684715824082,-74.61237727693319,bfgs,10,False,3.804800008389009e-08,False,2,bfgs,10,True,1.7063477852907737e-10,False,2,bernoulli,-50.46684715824082,-0.26803349612938365|0.32950042756823172|-0.058939239397876222,aa53122a744e2018bf66b81f0231c928890d19097b1fee65a8858a38f28591aa,selected_candidate_loading,True,aa53122a744e2018bf66b81f0231c928890d19097b1fee65a8858a38f28591aa,bernoulli,3
rep1,start_P,1,8,bfgs,poisson,bernoulli,47.69180465791841,True,True,-50.68064772454411,-74.52655005350331,bfgs,7,True,8.19233569870903e-13,True,0,bfgs,8,True,7.995293038742801e-11,True,0,bernoulli,-50.68064772454411,-0.23713089089440317|0.22898144595852735|-0.21665485332174456,be4cd1f50fbdec0d2f044f857ee4cdad71eabd4d2ba1d04ff5ea74af19da4009,selected_candidate_loading,True,be4cd1f50fbdec0d2f044f857ee4cdad71eabd4d2ba1d04ff5ea74af19da4009,bernoulli,3
rep1,start_P,2,3,bfgs,bernoulli,bernoulli,48.102137151211494,False,True,-49.084664158180054,-73.1357327337858,bfgs,7,True,4.981146606297671e-10,False,2,bfgs,8,True,2.05595540592185e-12,True,0,bernoulli,-49.084664158180054,-0.11354809691239547|-0.16287394080289114|0.47831424722174271,e7f8aced700047d59d669d7e02e3b82e18317ca353fd02101d21fd7d179ae461,selected_candidate_loading,True,e7f8aced700047d59d669d7e02e3b82e18317ca353fd02101d21fd7d179ae461,bernoulli,3
rep1,start_P,2,4,bfgs,bernoulli,bernoulli,46.019922252709065,False,True,-50.97374777110647,-73.983708897461,bfgs,8,True,3.107514245925813e-13,True,0,bfgs,12,True,6.204829428035907e-11,True,0,bernoulli,-50.97374777110647,0.13975588611229103|-0.29313785955195393|0.12034583127090531,5c4f9faea4f59df08f9546adcc158cde842c849031dfc04d6964adf9e29b82b0,selected_candidate_loading,True,5c4f9faea4f59df08f9546adcc158cde842c849031dfc04d6964adf9e29b82b0,bernoulli,3
rep1,start_P,2,5,bfgs,bernoulli,bernoulli,46.866791286561266,False,True,-50.350584387092326,-73.78398003037296,bfgs,7,True,5.454203755306253e-12,True,0,bfgs,9,True,3.679337945428074e-11,True,0,bernoulli,-50.350584387092326,-0.21590240978959352|-0.24988502757892211|0.19831059237848964,bf234bc4cac529d89db0b1af8c85a81aa50418df33a88c7636069c0968bad4da,selected_candidate_loading,True,bf234bc4cac529d89db0b1af8c85a81aa50418df33a88c7636069c0968bad4da,bernoulli,3
rep1,start_P,2,6,bfgs,bernoulli,bernoulli,57.14900371691989,False,True,-45.74753258717228,-74.32203444563223,bfgs,9,True,2.0256203270285765e-09,False,2,bfgs,9,True,1.0654658821884766e-09,False,2,bernoulli,-45.74753258717228,0.076750136716357942|-0.17356851946014107|-0.87657781491260134,fc991fccac6e6f60d5203ee56510ebc81a7df3b6ef4a194bbbbc6aa12780ce3f,selected_candidate_loading,True,fc991fccac6e6f60d5203ee56510ebc81a7df3b6ef4a194bbbbc6aa12780ce3f,bernoulli,3
rep1,start_P,2,7,bfgs,bernoulli,bernoulli,54.952256979407935,False,True,-45.96241724248665,-73.43854573219062,bfgs,9,True,4.7005261016863645e-09,False,2,bfgs,7,True,9.76601466362581e-10,False,2,bernoulli,-45.96241724248665,-0.080707144888011131|0.92967312654937395|0.40773944183886657,5fa7e14e48dc4246c713ed98a96fc32092e1eafb2beeef915de34ac4963bd706,selected_candidate_loading,True,5fa7e14e48dc4246c713ed98a96fc32092e1eafb2beeef915de34ac4963bd706,bernoulli,3
rep1,start_P,2,8,bfgs,bernoulli,bernoulli,51.03978194671669,False,False,-48.77658075402917,-74.29647172738751,bfgs,11,True,2.9147537716767145e-10,False,2,bfgs,6,False,3.895926110747405e-07,False,2,bernoulli,-48.77658075402917,-0.12993823549193784|0.66377645309648892|0.11795641571154204,18fa6068961b17db9144ca948921519564117dc9c30315c5abeb0dae16e74ec4,selected_candidate_loading,True,18fa6068961b17db9144ca948921519564117dc9c30315c5abeb0dae16e74ec4,bernoulli,3
rep1,start_P,3,3,bfgs,bernoulli,bernoulli,48.73136837827006,False,True,-48.39595807925709,-72.76164226839212,bfgs,7,True,3.8387959477859116e-12,True,0,bfgs,8,True,4.1795117367016134e-11,True,0,bernoulli,-48.39595807925709,-0.12827088336439088|-0.21545639788898649|0.53760056126697486,568e4e5b4083579608f3ddba7bb31af38d27281e1ca3bb72dcfc15634e49f7eb,selected_candidate_loading,True,568e4e5b4083579608f3ddba7bb31af38d27281e1ca3bb72dcfc15634e49f7eb,bernoulli,3
rep1,start_P,3,4,bfgs,bernoulli,bernoulli,45.82740695485725,False,True,-51.09337009127758,-74.0070735687062,bfgs,7,True,1.4093393119196663e-12,True,0,bfgs,7,True,6.996547785576013e-12,True,0,bernoulli,-51.09337009127758,0.15135089127825158|-0.25795205307759855|0.12432100521808473,a0dff90b6f3fb2c6c0bdf4b69fc38c0cec6f9ad845f82f5abf7a4ec67cea50df,selected_candidate_loading,True,a0dff90b6f3fb2c6c0bdf4b69fc38c0cec6f9ad845f82f5abf7a4ec67cea50df,bernoulli,3
rep1,start_P,3,5,bfgs,bernoulli,bernoulli,46.36445231556027,False,False,-50.597105235177125,-73.77933139295726,bfgs,7,False,1.7836462529174923e-08,False,2,bfgs,11,True,2.549510491611784e-10,False,2,bernoulli,-50.597105235177125,-0.17686358923330625|-0.16094315279891017|0.25252215430430552,44ac56a11d22279b96b7128da091040c5c53141544ac735799fecf434e0991c3,selected_candidate_loading,True,44ac56a11d22279b96b7128da091040c5c53141544ac735799fecf434e0991c3,bernoulli,3
rep1,start_P,3,6,bfgs,bernoulli,bernoulli,62.33182267836028,False,True,-42.90255708969674,-74.06846842887688,bfgs,7,True,2.9895468323104523e-10,False,2,bfgs,10,True,4.575086975933118e-11,True,0,bernoulli,-42.90255708969674,0.12539494217999381|-0.22656135003836111|-1.137597240228259,6fd27bb0c78a0c5b4d8de30126b30f4f77e36c8dfb3f1e3186bff830c0b46856,selected_candidate_loading,True,6fd27bb0c78a0c5b4d8de30126b30f4f77e36c8dfb3f1e3186bff830c0b46856,bernoulli,3
rep1,start_P,3,7,bfgs,bernoulli,bernoulli,53.59176515604172,False,False,-46.302337695559025,-73.09822027357988,bfgs,7,True,8.753793245830366e-11,True,0,bfgs,11,False,1.43784598310992e-08,False,2,bernoulli,-46.302337695559025,-0.024001419444204367|0.83797286855892184|0.4752200898074887,f6ea43a576e5bb1647f9b3969e29fa3d53c2df4f33c977e1c32848b6470c968c,selected_candidate_loading,True,f6ea43a576e5bb1647f9b3969e29fa3d53c2df4f33c977e1c32848b6470c968c,bernoulli,3
rep1,start_P,3,8,bfgs,bernoulli,bernoulli,51.097327451319046,False,True,-48.36940055092293,-73.91806427658246,bfgs,7,True,3.2444111841556376e-10,False,2,bfgs,13,True,8.07099121424848e-09,False,2,bernoulli,-48.36940055092293,-0.0094608617340845545|0.69997513607586848|0.20628006786837852,d30987e1d68685b004c5883ba29ef64854e818494d91238398af936c134612bb,selected_candidate_loading,True,d30987e1d68685b004c5883ba29ef64854e818494d91238398af936c134612bb,bernoulli,3
rep1,start_P,4,3,bfgs,bernoulli,bernoulli,48.42861234888939,False,True,-48.235430198301536,-72.44973637274623,bfgs,6,True,5.5497473283594444e-11,True,0,bfgs,8,True,9.309724102735118e-11,True,0,bernoulli,-48.235430198301536,-0.10862015767996805|-0.17871263903454168|0.58353262230547465,2c231096a4ba7469e2b69fe02885268f4cc6c76e9c4898300131967ad1e5823f,selected_candidate_loading,True,2c231096a4ba7469e2b69fe02885268f4cc6c76e9c4898300131967ad1e5823f,bernoulli,3
rep1,start_P,4,4,bfgs,bernoulli,bernoulli,46.19756962510769,False,True,-50.53420857663809,-73.63299338919194,bfgs,7,True,1.1464162952279365e-13,True,0,bfgs,7,True,1.3565149004080012e-12,True,0,bernoulli,-50.53420857663809,0.15918647538984676|-0.36843048777392595|0.12821815618297863,053434134910c2abf6ac5b9bc313b29ff6854f3ee0d18646929fcd25b69be62d,selected_candidate_loading,True,053434134910c2abf6ac5b9bc313b29ff6854f3ee0d18646929fcd25b69be62d,bernoulli,3
rep1,start_P,4,5,bfgs,bernoulli,bernoulli,46.186025998823155,False,True,-50.447859293195926,-73.5408722926075,bfgs,6,True,9.909629783422247e-11,True,0,bfgs,9,True,1.5736301151036969e-12,True,0,bernoulli,-50.447859293195926,-0.18619155418829217|-0.14167752007111242|0.28673661761205216,2c94e9a55895d98702f49fe1b0490212170182bdff426fbe2ca0187ca988680b,selected_candidate_loading,True,2c94e9a55895d98702f49fe1b0490212170182bdff426fbe2ca0187ca988680b,bernoulli,3
rep1,start_P,4,6,bfgs,bernoulli,bernoulli,61.76560323820269,False,True,-43.33781762891704,-74.22061924801838,bfgs,7,True,2.274225252563156e-12,True,0,bfgs,11,True,2.2825305201479295e-09,False,2,bernoulli,-43.33781762891704,0.1157118557455533|-0.21577586544651717|-1.0981728100377017,05bd0f6497ffbf897d25e095c4d508e887d1683fbe886be9561c6912f0b581fc,selected_candidate_loading,True,05bd0f6497ffbf897d25e095c4d508e887d1683fbe886be9561c6912f0b581fc,bernoulli,3
rep1,start_P,4,7,bfgs,bernoulli,bernoulli,57.735931072917225,False,False,-43.37432506320033,-72.24229059965894,bfgs,7,True,3.972133733043393e-12,True,0,bfgs,11,False,9.413519545253824e-08,False,2,bernoulli,-43.37432506320033,-0.044157061306950074|1.087051665684815|0.61672361350967653,b7930a91dbd918a8399f62ecca17d6121f8fa2ea7379170ee85d208fb30cb0af,selected_candidate_loading,True,b7930a91dbd918a8399f62ecca17d6121f8fa2ea7379170ee85d208fb30cb0af,bernoulli,3
rep1,start_P,4,8,bfgs,bernoulli,bernoulli,51.58989419405148,False,True,-47.95321945347774,-73.74816655050348,bfgs,6,True,1.3954855049291838e-10,False,2,bfgs,11,True,1.08918633556776e-09,False,2,bernoulli,-47.95321945347774,-0.09070230675969311|0.74338385159189202|0.19838038807991784,4b701b7ca39a6563f4a9e6699b56b67cbb57bad9273cf2150e2f4ccb3e32183e,selected_candidate_loading,True,4b701b7ca39a6563f4a9e6699b56b67cbb57bad9273cf2150e2f4ccb3e32183e,bernoulli,3
rep1,start_P,5,3,bfgs,bernoulli,bernoulli,49.73182964745061,False,True,-47.52962855726862,-72.39554338099393,bfgs,6,True,7.633393472872285e-10,False,2,bfgs,8,True,2.238787488728633e-11,True,0,bernoulli,-47.52962855726862,-0.021673178871580774|-0.24948832678925228|0.65536335418305225,564ebdb1fa2e6f61d5b826dd76161244fc9f95b650ed37f4973e906772790d82,selected_candidate_loading,True,564ebdb1fa2e6f61d5b826dd76161244fc9f95b650ed37f4973e906772790d82,bernoulli,3
rep1,start_P,5,4,bfgs,bernoulli,bernoulli,46.67574391657236,False,True,-50.466120974604884,-73.80399293289106,bfgs,6,True,2.056266268368745e-12,True,0,bfgs,7,True,7.819495051464287e-13,True,0,bernoulli,-50.466120974604884,0.14241266042461506|-0.39629811771825524|0.11426519184744856,2e330ef5893e80f8772684ea348dee05f16150f0ca057e13d48f8b4c93ca4228,selected_candidate_loading,True,2e330ef5893e80f8772684ea348dee05f16150f0ca057e13d48f8b4c93ca4228,bernoulli,3
rep1,start_P,5,5,bfgs,bernoulli,bernoulli,46.243566489981475,False,True,-50.69718250118325,-73.81896574617399,bfgs,7,True,4.053313240603984e-12,True,0,bfgs,9,True,9.245811061209253e-12,True,0,bernoulli,-50.69718250118325,-0.17569273516919268|-0.17646420198782631|0.22707428516375469,6a239e2762ea2f1116a7996715e205a8722e3141433c3ed4b0776f80630a460e,selected_candidate_loading,True,6a239e2762ea2f1116a7996715e205a8722e3141433c3ed4b0776f80630a460e,bernoulli,3
rep1,start_P,5,6,bfgs,bernoulli,bernoulli,61.79283051443221,False,True,-43.22485164803845,-74.12126690525456,bfgs,6,True,5.019462623323534e-12,True,0,bfgs,9,True,5.533563607329484e-10,False,2,bernoulli,-43.22485164803845,0.14928899394803125|-0.21678055071050947|-1.1225609744107348,6362950ab314070b9051d13072ad89ff0bf8d7cd99a931801cf8fd808cd39805,selected_candidate_loading,True,6362950ab314070b9051d13072ad89ff0bf8d7cd99a931801cf8fd808cd39805,bernoulli,3
rep1,start_P,5,7,bfgs,bernoulli,bernoulli,56.68660653545649,False,True,-44.26087452327823,-72.60417779100648,bfgs,7,True,1.831881313307804e-11,True,0,bfgs,11,True,6.486221559853789e-10,False,2,bernoulli,-44.26087452327823,0.026811983067596846|0.99634244899231228|0.65230222284554062,0086db9ec33642d1fe6fad363e4f11b07b8d308329ae7802568f7fd3adff51fa,selected_candidate_loading,True,0086db9ec33642d1fe6fad363e4f11b07b8d308329ae7802568f7fd3adff51fa,bernoulli,3
rep1,start_P,5,8,bfgs,bernoulli,bernoulli,51.942097094978806,False,True,-47.70752548573803,-73.67857403322743,bfgs,6,True,2.773851259796345e-10,False,2,bfgs,11,True,5.90342567052815e-09,False,2,bernoulli,-47.70752548573803,-0.00042870166611686108|0.75283055889595218|0.30730008021948085,50a57910807a9b341ed24bdc9c66e2e6aa938d963c0d0b493f183bf11b3c0b5f,selected_candidate_loading,True,50a57910807a9b341ed24bdc9c66e2e6aa938d963c0d0b493f183bf11b3c0b5f,bernoulli,3
rep1,start_P,6,3,bfgs,bernoulli,bernoulli,50.03398087425627,False,True,-47.753898065911564,-72.7708885030397,bfgs,7,True,4.617084492508638e-13,True,0,bfgs,7,True,8.362391890059939e-10,False,2,bernoulli,-47.753898065911564,-0.053971176542274568|-0.22992313492485353|0.62162793677743033,3cc7cf507a91ccecab7386f075f4470aea1db9533959ca1090ac5333be0d3044,selected_candidate_loading,True,3cc7cf507a91ccecab7386f075f4470aea1db9533959ca1090ac5333be0d3044,bernoulli,3
rep1,start_P,6,4,bfgs,bernoulli,bernoulli,46.35024318804416,False,True,-50.90067802251061,-74.07579961653269,bfgs,7,True,2.739264370887895e-12,True,0,bfgs,7,True,2.5179072216108268e-09,False,2,bernoulli,-50.90067802251061,0.15407917602377838|-0.28618964692489418|0.15442572471910138,6e4f350307fbed9ef432f00ed9ef5667d04fb1599038b616ef5e6bd6d09615d8,selected_candidate_loading,True,6e4f350307fbed9ef432f00ed9ef5667d04fb1599038b616ef5e6bd6d09615d8,bernoulli,3
rep1,start_P,6,5,bfgs,bernoulli,bernoulli,47.33417980954222,False,False,-50.169884321049686,-73.8369742258208,bfgs,7,True,8.988365607365268e-14,True,0,bfgs,7,False,4.345929470184196e-08,False,2,bernoulli,-50.169884321049686,-0.2677778830192728|-0.19707506511835024|0.22262387739348599,a66dace14de50795a741d67f6ff3b28081cb7b14d7769d1b908f07f145207e99,selected_candidate_loading,True,a66dace14de50795a741d67f6ff3b28081cb7b14d7769d1b908f07f145207e99,bernoulli,3
rep1,start_P,6,6,bfgs,bernoulli,bernoulli,64.85408925104659,False,True,-41.24319689977288,-73.67024152529618,bfgs,6,True,4.076433257615975e-09,False,2,bfgs,9,True,2.617008831862222e-11,True,0,bernoulli,-41.24319689977288,0.20631741075630275|-0.36393988305598857|-1.2854989162951709,5ad68844993f9500875aea2cd6460ea38af5e62124abcd11753b0d687d340a47,selected_candidate_loading,True,5ad68844993f9500875aea2cd6460ea38af5e62124abcd11753b0d687d340a47,bernoulli,3
rep1,start_P,6,7,bfgs,bernoulli,bernoulli,60.04135243405774,False,True,-42.664336893693424,-72.6850131107223,bfgs,7,True,1.0431489005924277e-11,True,0,bfgs,10,True,1.678340629668318e-10,False,2,bernoulli,-42.664336893693424,-0.0096609865708609001|1.2015974848161777|0.66435856096745272,c4c47f3c17baa11b8df76be4cb7642346d5ad4b4e1daf6673b5b7255bfc806fd,selected_candidate_loading,True,c4c47f3c17baa11b8df76be4cb7642346d5ad4b4e1daf6673b5b7255bfc806fd,bernoulli,3
rep1,start_P,6,8,bfgs,bernoulli,bernoulli,52.97715530178371,False,False,-47.406387507752996,-73.89496515864485,bfgs,5,False,8.135037772305509e-08,False,2,bfgs,11,True,4.069133571760197e-12,True,0,bernoulli,-47.406387507752996,-0.070583483683126683|0.80684411204874917|0.25838253877819845,c553115d6483117ba96ecf8da85a46998cf4fee762e3caeee00f8c060458f874,selected_candidate_loading,True,c553115d6483117ba96ecf8da85a46998cf4fee762e3caeee00f8c060458f874,bernoulli,3
rep1,start_P,7,3,bfgs,bernoulli,bernoulli,48.68347708993373,False,True,-48.552262839729416,-72.89400138469628,bfgs,7,True,1.710226404938453e-11,True,0,bfgs,8,True,5.5986659752704785e-12,True,0,bernoulli,-48.552262839729416,-0.10432715852076346|-0.16539771940036171|0.55483443722363457,17f7898f21a0127194e86a6bb5090ffc50d010afecd0b3c615e4a26a798b71c2,selected_candidate_loading,True,17f7898f21a0127194e86a6bb5090ffc50d010afecd0b3c615e4a26a798b71c2,bernoulli,3
rep1,start_P,7,4,bfgs,bernoulli,bernoulli,46.28937837314416,False,True,-50.62560947595945,-73.77029866253153,bfgs,7,True,1.0733636202076013e-12,True,0,bfgs,8,True,4.379169249446591e-12,True,0,bernoulli,-50.62560947595945,0.21491121956658682|-0.23818347666345019|0.26182272358228659,faf152494fd52dd12070cf862ec8f8b01ee171386cd79e9c4a6bb175083d1811,selected_candidate_loading,True,faf152494fd52dd12070cf862ec8f8b01ee171386cd79e9c4a6bb175083d1811,bernoulli,3
rep1,start_P,7,5,bfgs,bernoulli,bernoulli,47.54474936745696,False,True,-49.81831463947494,-73.59068932320342,bfgs,6,True,3.467073295126966e-11,True,0,bfgs,8,True,1.0701051156303265e-12,True,0,bernoulli,-49.81831463947494,-0.22084487683235965|-0.26192368325472393|0.27288616043959579,853f80eb63e761a8dc7b54c24cea79569cdf2d5db421c1644592e44e97f67ea9,selected_candidate_loading,True,853f80eb63e761a8dc7b54c24cea79569cdf2d5db421c1644592e44e97f67ea9,bernoulli,3
rep1,start_P,7,6,bfgs,bernoulli,bernoulli,60.67059235488145,False,False,-43.735992820457696,-74.07128899789842,bfgs,8,True,1.339591104709825e-10,False,2,bfgs,12,False,1.942024516754515e-08,False,2,bernoulli,-43.735992820457696,0.29831023728322442|-0.32005532135832382|-1.0077869230662633,2d7751164bc1bdb6ca063156d339a8be34776b678b09b3628e4b41b9980840b5,selected_candidate_loading,True,2d7751164bc1bdb6ca063156d339a8be34776b678b09b3628e4b41b9980840b5,bernoulli,3
rep1,start_P,7,7,bfgs,bernoulli,bernoulli,61.183782122962356,False,False,-41.62662753214909,-72.21851859363026,bfgs,7,True,1.551375250485876e-10,False,2,bfgs,10,False,1.2604439328378626e-08,False,2,bernoulli,-41.62662753214909,-0.23600741140285927|1.3596021188839269|0.58075608510644128,e7936bf77b72e92e38c1dbcb6f973efc7760293bad1a3be06c76520aec271de7,selected_candidate_loading,True,e7936bf77b72e92e38c1dbcb6f973efc7760293bad1a3be06c76520aec271de7,bernoulli,3
rep1,start_P,7,8,bfgs,bernoulli,bernoulli,51.965362217294995,False,False,-47.836774830615056,-73.81945593926255,bfgs,6,False,2.6562037458432997e-08,False,2,bfgs,10,True,9.357389862962862e-12,True,0,bernoulli,-47.836774830615056,-0.14538402992995883|0.78495244520345719|0.17070546050324306,d033f0cfc0cf936d9e126d96e3001a268178f5b514e2b4fa6cbb556b2f1ef65e,selected_candidate_loading,True,d033f0cfc0cf936d9e126d96e3001a268178f5b514e2b4fa6cbb556b2f1ef65e,bernoulli,3
rep1,start_P,8,3,bfgs,bernoulli,bernoulli,49.613832197614045,False,True,-48.246806390112184,-73.0537224889192,bfgs,6,True,4.341019765874421e-11,True,0,bfgs,10,True,8.169619036824117e-10,False,2,bernoulli,-48.246806390112184,-0.13407895094118177|-0.096381530510783006|0.60748578645871254,1b8a450fd53ecb87b9513cf633d2decdf246d2c2b2a41e0d38d203448d7cf247,selected_candidate_loading,True,1b8a450fd53ecb87b9513cf633d2decdf246d2c2b2a41e0d38d203448d7cf247,bernoulli,3
rep1,start_P,8,4,bfgs,bernoulli,bernoulli,45.77091962598416,False,True,-51.40472346165201,-74.2901832746441,bfgs,8,True,9.802228473354546e-13,True,0,bfgs,6,True,3.0571659648259695e-10,False,2,bernoulli,-51.40472346165201,0.091295777179024651|-0.099856129311485256|0.21341080102406143,e2aa4e2307e7e73b8dae8c9e518f9c459a750f08ffdaa9eaf4c0e660355d979f,selected_candidate_loading,True,e2aa4e2307e7e73b8dae8c9e518f9c459a750f08ffdaa9eaf4c0e660355d979f,bernoulli,3
rep1,start_P,8,5,bfgs,bernoulli,bernoulli,47.046918371963855,False,True,-50.50342948900808,-74.02688867499,bfgs,8,True,2.9394260359083547e-10,False,2,bfgs,8,True,1.2901949569474324e-10,False,2,bernoulli,-50.50342948900808,-0.21374287398305503|-0.15698611696043371|0.25526210448437808,1ce5016f7988bbc4703ee9808fa4605f6e7d85faf287ed1f976b54860675b6eb,selected_candidate_loading,True,1ce5016f7988bbc4703ee9808fa4605f6e7d85faf287ed1f976b54860675b6eb,bernoulli,3
rep1,start_P,8,6,bfgs,bernoulli,bernoulli,59.90173380260755,False,False,-43.92032408121157,-73.87119098251534,bfgs,7,False,2.6760223428845543e-08,False,2,bfgs,9,True,3.554490035639901e-13,True,0,bernoulli,-43.92032408121157,0.35797104271804531|-0.51824591267176345|-0.87048777727864934,c68f143e8e91fb417451a17626b95ce8b23aa55f1cd463f6d27362e5c0980f74,selected_candidate_loading,True,c68f143e8e91fb417451a17626b95ce8b23aa55f1cd463f6d27362e5c0980f74,bernoulli,3
rep1,start_P,8,7,bfgs,bernoulli,bernoulli,56.84617708185148,False,True,-44.442392531883534,-72.86548107280927,bfgs,9,True,5.958500359781738e-12,True,0,bfgs,11,True,3.274845603029597e-10,False,2,bernoulli,-44.442392531883534,-0.11655871406929519|1.1078981916978261|0.36041927032133053,f01d0f0690ee10c98c727f28c73f41ab08ef2a8c97f1b2b116d43b923528d8fa,selected_candidate_loading,True,f01d0f0690ee10c98c727f28c73f41ab08ef2a8c97f1b2b116d43b923528d8fa,bernoulli,3
rep1,start_P,8,8,bfgs,bernoulli,bernoulli,52.23436635951613,False,True,-47.795986435929116,-73.91316961568718,bfgs,7,True,6.398581664512903e-11,True,0,bfgs,11,True,5.06146583534317e-09,False,2,bernoulli,-47.795986435929116,-0.084920556240506845|0.79324226414657506|0.053687018659455736,31dea85db47d08da25755c2aa3a1ba92c6fa9707c3071c51fb9d195cef329789,selected_candidate_loading,True,31dea85db47d08da25755c2aa3a1ba92c6fa9707c3071c51fb9d195cef329789,bernoulli,3
rep1,start_P,1,3,bfgs,poisson,bernoulli,52.37385098988342,True,True,-47.69726327762148,-73.88418877256319,bfgs,13,True,2.940828025543851e-10,False,2,bfgs,8,True,5.619932297307173e-12,True,0,bernoulli,-47.69726327762148,-0.046804798152965621|0.29719908293295638|-0.66032862734186482|-0.33877844832022042,0a1f020feb145833548a7b041968f3ba1f7b53be2e6c7e698e5855e3de87d2b9,selected_candidate_loading,True,0a1f020feb145833548a7b041968f3ba1f7b53be2e6c7e698e5855e3de87d2b9,bernoulli,4
rep1,start_P,1,4,bfgs,poisson,bernoulli,46.600386840075075,True,True,-51.23476395354076,-74.5349573735783,bfgs,9,True,5.262257296578809e-12,True,0,bfgs,9,True,3.3187278480895086e-10,False,2,bernoulli,-51.23476395354076,-0.10894136611834353|-0.31610280213981151|-0.044701380185688311|0.0029106423735049502,4b537155b52b176e8bcf00fdfc6b9c218bef4a11963278d5b5c62ddeb766ecc5,selected_candidate_loading,True,4b537155b52b176e8bcf00fdfc6b9c218bef4a11963278d5b5c62ddeb766ecc5,bernoulli,4
rep1,start_P,1,5,bfgs,poisson,bernoulli,46.98619680320033,True,True,-51.110437037548266,-74.60353543914843,bfgs,13,True,5.601590302717341e-11,True,0,bfgs,10,True,4.305805811899432e-09,False,2,bernoulli,-51.110437037548266,-0.079785771669941413|-0.055291821223986903|-0.18966095544316908|0.14313024379302675,565cbe0bcf5f12853d70044aa9c6af5c4c9bef5d987b39bc77b0ad124a639494,selected_candidate_loading,True,565cbe0bcf5f12853d70044aa9c6af5c4c9bef5d987b39bc77b0ad124a639494,bernoulli,4
rep1,start_P,1,6,bfgs,poisson,bernoulli,51.544848956318404,True,False,-48.46011280195207,-74.23253728011127,bfgs,8,True,4.424112165501981e-09,False,2,bfgs,9,False,1.7087668924276046e-08,False,2,bernoulli,-48.46011280195207,0.42160868996031653|0.053829302478712725|0.52312209837894785|0.15790762091878741,23e544e75cc34639ffdc0425344c19b6173be54aa11a893635abf3f8389e63eb,selected_candidate_loading,True,23e544e75cc34639ffdc0425344c19b6173be54aa11a893635abf3f8389e63eb,bernoulli,4
rep1,start_P,1,7,bfgs,poisson,bernoulli,48.61777455345211,True,False,-49.98918547222486,-74.29807274895091,bfgs,8,False,3.034520095201998e-08,False,2,bfgs,11,True,1.1000422794893439e-11,True,0,bernoulli,-49.98918547222486,-0.40675773886609617|-0.3316816026615873|0.064102488456029449|0.27229599613912187,a0489c35398a25e3bf69445c33eaa618ad11bfc869c543fbf5f8ad712ce37fec,selected_candidate_loading,True,a0489c35398a25e3bf69445c33eaa618ad11bfc869c543fbf5f8ad712ce37fec,bernoulli,4
rep1,start_P,1,8,bfgs,poisson,bernoulli,48.529394234354584,True,True,-50.29461400480767,-74.55931112198496,bfgs,9,True,6.675504593545156e-12,True,0,bfgs,10,True,2.243624908082609e-09,False,2,bernoulli,-50.29461400480767,-0.53751913214911062|-0.081012667846175737|0.041886074782280631|-0.036817009947284797,fea75087dd5ce2b6dd09b5ac7cc421019f39f1a64e89fbbc512e1c73c8527d53,selected_candidate_loading,True,fea75087dd5ce2b6dd09b5ac7cc421019f39f1a64e89fbbc512e1c73c8527d53,bernoulli,4
rep1,start_P,2,3,bfgs,bernoulli,bernoulli,53.70245790258653,False,True,-45.45444343735868,-72.30567238865194,bfgs,11,True,1.687647566139816e-09,False,2,bfgs,10,True,3.373346046942061e-12,True,0,bernoulli,-45.45444343735868,-0.19290599280627221|0.63154664127892257|-0.86114214247007637|-0.55595261486515835,deb15fa8d8982c607dea766e3eaf1e6ec5580873149714495b5594a736a5f458,selected_candidate_loading,True,deb15fa8d8982c607dea766e3eaf1e6ec5580873149714495b5594a736a5f458,bernoulli,4
rep1,start_P,2,4,bfgs,bernoulli,bernoulli,45.376769383541244,False,True,-50.632286357034516,-73.32067104880514,bfgs,8,True,5.604740671572017e-10,False,2,bfgs,8,True,1.2922996006636822e-13,True,0,bernoulli,-50.632286357034516,-0.16814032857236796|-0.29651960211311346|-0.15043350933110652|-0.1579757858676305,91d7f48b3c457de0011220c4a8dca004ab8536781b0c09df5e060129f6e84f3a,selected_candidate_loading,True,91d7f48b3c457de0011220c4a8dca004ab8536781b0c09df5e060129f6e84f3a,bernoulli,4
rep1,start_P,2,5,bfgs,bernoulli,bernoulli,46.340645112677294,False,True,-50.061453911350014,-73.23177646768866,bfgs,7,True,7.848843797120253e-11,True,0,bfgs,10,True,2.404437760006317e-12,True,0,bernoulli,-50.061453911350014,0.0051399422688859229|-0.071932683014443499|-0.27930086793348935|0.19489416769156076,4dbf15f30beb9836c6385ae2127e8f65366508ee46b52225932537e16e930edc,selected_candidate_loading,True,4dbf15f30beb9836c6385ae2127e8f65366508ee46b52225932537e16e930edc,bernoulli,4
rep1,start_P,2,6,bfgs,bernoulli,bernoulli,60.08643908651179,False,True,-44.49726445359503,-74.54048399685092,bfgs,9,True,2.9031088644160262e-11,True,0,bfgs,11,True,3.413483495862124e-10,False,2,bernoulli,-44.49726445359503,0.27541234511777291|0.48975621477604508|0.60588014537471957|-0.13934374020436133,64b311225a72c42529282fcca4f4277b889ada2ad72ea4e50c7ddf886c687dd3,selected_candidate_loading,True,64b311225a72c42529282fcca4f4277b889ada2ad72ea4e50c7ddf886c687dd3,bernoulli,4
rep1,start_P,2,7,bfgs,bernoulli,bernoulli,47.03778449109305,False,False,-49.77728278657408,-73.2961750321206,bfgs,8,True,8.455680600150117e-13,True,0,bfgs,9,False,9.146357198008825e-08,False,2,bernoulli,-49.77728278657408,-0.35855742363376447|-0.3599081438325894|0.050503435792969224|0.29865008361292639,94b7ab9343b498c9b6a6ae5f5da52b876af9567b7659ef054b4a2c02a38862eb,selected_candidate_loading,True,94b7ab9343b498c9b6a6ae5f5da52b876af9567b7659ef054b4a2c02a38862eb,bernoulli,4
rep1,start_P,2,8,bfgs,bernoulli,bernoulli,49.12503797453218,False,True,-48.890821667009575,-73.45334065427566,bfgs,9,True,2.3824897610325025e-11,True,0,bfgs,8,True,2.674961196991177e-09,False,2,bernoulli,-48.890821667009575,-0.89328831388657803|0.08613049987818587|-0.1031320630435487|-0.029137383113986778,80df0b521d9800675e3c15f2a3eaffe1825529f0e84508634263e04ca3b78e30,selected_candidate_loading,True,80df0b521d9800675e3c15f2a3eaffe1825529f0e84508634263e04ca3b78e30,bernoulli,4
rep1,start_P,3,3,bfgs,bernoulli,bernoulli,52.99511286179256,False,True,-45.51875247588501,-72.01630890678129,bfgs,9,True,1.198259269585833e-11,True,0,bfgs,12,True,8.408305285367845e-09,False,2,bernoulli,-45.51875247588501,-0.3001743852938813|0.2898995350227298|-0.75878183262352616|-0.53278383212513747,7175a069eaae788e74603cae614963836c50a9625492d949786fdbacd7b28731,selected_candidate_loading,True,7175a069eaae788e74603cae614963836c50a9625492d949786fdbacd7b28731,bernoulli,4
rep1,start_P,3,4,bfgs,bernoulli,bernoulli,46.14567537736289,False,True,-50.341468157237884,-73.41430584591933,bfgs,8,True,4.1498456893052096e-10,False,2,bfgs,9,True,1.3315626379295508e-12,True,0,bernoulli,-50.341468157237884,-0.13167159721146723|-0.067681366240026852|-0.20542737211164905|-0.38760338562314933,0e8799aa0f797970d75ae61fc10b6b2dd6184442f53abf0c4a9808a0289ef27d,selected_candidate_loading,True,0e8799aa0f797970d75ae61fc10b6b2dd6184442f53abf0c4a9808a0289ef27d,bernoulli,4
rep1,start_P,3,5,bfgs,bernoulli,bernoulli,46.149085372644976,False,True,-50.7202891342195,-73.79483182054199,bfgs,9,True,4.271383247100857e-12,True,0,bfgs,8,True,4.941751757803203e-09,False,2,bernoulli,-50.7202891342195,-0.023058956586482094|-0.011721953479452124|-0.30890307873289097|0.004400099496312428,e158331ab70fc6f35fe5aaaad6f41c7f96371ff141f71ff0344f5cb672248a29,selected_candidate_loading,True,e158331ab70fc6f35fe5aaaad6f41c7f96371ff141f71ff0344f5cb672248a29,bernoulli,4
rep1,start_P,3,6,bfgs,bernoulli,bernoulli,62.17249670666041,False,True,-42.811815126959075,-73.89806348028928,bfgs,9,True,3.2691960250019746e-12,True,0,bfgs,13,True,3.967477013588905e-10,False,2,bernoulli,-42.811815126959075,0.46532948602643881|0.44923693278195148|0.87394373695654703|-0.086321541339663868,03b2a82646c61fa68a9a35d99a74ccefef4fafade5fffd7e33e7d15f8d9168df,selected_candidate_loading,True,03b2a82646c61fa68a9a35d99a74ccefef4fafade5fffd7e33e7d15f8d9168df,bernoulli,4
rep1,start_P,3,7,bfgs,bernoulli,bernoulli,54.60271433422406,False,True,-45.46579906212962,-72.76715622924165,bfgs,8,True,1.6480912190530718e-10,False,2,bfgs,11,True,3.561480860225785e-10,False,2,bernoulli,-45.46579906212962,-0.52544169997411816|-0.62199487826427358|-4.5659380670707343e-05|0.52689533676174782,3782871722c0a9912afe7938e6f242d826661d64e93e479e7f8624f4f65844e6,selected_candidate_loading,True,3782871722c0a9912afe7938e6f242d826661d64e93e479e7f8624f4f65844e6,bernoulli,4
rep1,start_P,3,8,bfgs,bernoulli,bernoulli,51.22962957952339,False,True,-47.69317625336538,-73.30799104312707,bfgs,9,True,1.8891840869450505e-10,False,2,bfgs,10,True,1.0038636588660665e-12,True,0,bernoulli,-47.69317625336538,-0.95612594882940261|-0.052804064460687299|-0.16979201314931613|-0.010963906078389419,019da0d78095aeea24b16588a9a55367dfd3b2080490d7895540962c66216fea,selected_candidate_loading,True,019da0d78095aeea24b16588a9a55367dfd3b2080490d7895540962c66216fea,bernoulli,4
rep1,start_P,4,3,bfgs,bernoulli,bernoulli,51.26652616120583,False,False,-46.320509904727814,-71.95377298533073,bfgs,9,True,1.9383619154211828e-10,False,2,bfgs,13,False,1.0642111147873833e-08,False,2,bernoulli,-46.320509904727814,-0.31880401980148082|0.097251784988248186|-0.7239690823028766|-0.4281504326065817,dddd712ffbc9ba9cabdc96479927f55bc871e957dd12ba4ee9006c6e2c2ec4e8,selected_candidate_loading,True,dddd712ffbc9ba9cabdc96479927f55bc871e957dd12ba4ee9006c6e2c2ec4e8,bernoulli,4
rep1,start_P,4,4,bfgs,bernoulli,bernoulli,45.556837299372575,False,True,-51.03549763013699,-73.81391627982327,bfgs,9,True,7.1380679145249815e-12,True,0,bfgs,8,True,5.6945725912527225e-12,True,0,bernoulli,-51.03549763013699,0.0035338924633894491|6.2922423745188046e-06|-0.13844681022060445|-0.3139937715584421,4a99405270f13b3ec69f845ebee2dce5958f284a9f1dfbacac972ac1b88c2bad,selected_candidate_loading,True,4a99405270f13b3ec69f845ebee2dce5958f284a9f1dfbacac972ac1b88c2bad,bernoulli,4
rep1,start_P,4,5,bfgs,bernoulli,bernoulli,46.478812537441144,False,True,-50.58287463583609,-73.82228090455666,bfgs,8,True,4.618279092483135e-11,True,0,bfgs,10,True,7.059513529306116e-10,False,2,bernoulli,-50.58287463583609,0.097111912895722269|0.023003387568011954|-0.29007269151248677|0.10583653699661852,bfbd3fd2141c35fccfafa35867efde0b12effceb97ad5d96b4384168dd2453e6,selected_candidate_loading,True,bfbd3fd2141c35fccfafa35867efde0b12effceb97ad5d96b4384168dd2453e6,bernoulli,4
rep1,start_P,4,6,bfgs,bernoulli,bernoulli,62.07247530366219,False,True,-42.91244150518603,-73.94867915701712,bfgs,8,True,5.1620663299445366e-11,True,0,bfgs,11,True,1.0541905126615348e-10,False,2,bernoulli,-42.91244150518603,0.46808710923194358|0.52853840548366959|0.84842534797216407|-0.11260200938169103,b29dc77dcc7aa1f0b834d4d9a5211599c22c1c85180ea39fc97503c30cc3f810,selected_candidate_loading,True,b29dc77dcc7aa1f0b834d4d9a5211599c22c1c85180ea39fc97503c30cc3f810,bernoulli,4
rep1,start_P,4,7,bfgs,bernoulli,bernoulli,53.87942705725452,False,False,-46.006398122982525,-72.94611165160978,bfgs,8,True,1.1547656608712487e-09,False,2,bfgs,12,False,2.0777927828286026e-08,False,2,bernoulli,-46.006398122982525,-0.50980989813565003|-0.60403327695359821|-0.1240868655869561|0.46339126247608253,d09410cf2fd54c7763c91c270dc1adebd7178915eebf8dc9a1293007c8fcd65a,selected_candidate_loading,True,d09410cf2fd54c7763c91c270dc1adebd7178915eebf8dc9a1293007c8fcd65a,bernoulli,4
rep1,start_P,4,8,bfgs,bernoulli,bernoulli,54.19269027898871,False,False,-45.91881742796722,-73.01516256746157,bfgs,9,True,2.3378330382683996e-10,False,2,bfgs,11,False,1.6278422350080034e-07,False,2,bernoulli,-45.91881742796722,-1.1091545961308287|-0.11051893807262052|-0.17426837182440633|-0.14338399349712358,fdf3d9e7cbf44cfdb8fbe1c37487f815a847d887c421ed5a00915e826b4a109e,selected_candidate_loading,True,fdf3d9e7cbf44cfdb8fbe1c37487f815a847d887c421ed5a00915e826b4a109e,bernoulli,4
rep1,start_P,5,3,bfgs,bernoulli,bernoulli,52.995477190430364,False,True,-45.26678508277941,-71.76452367799459,bfgs,9,True,1.84385839929746e-13,True,0,bfgs,13,True,2.032145718366962e-09,False,2,bernoulli,-45.26678508277941,-0.37810977970353321|-0.0015453499861407302|-0.74980663022459093|-0.60551113621641828,5c7f54724005ab4be0d8f57d41a07a234dae18e037c0f1249ebb499bc551147f,selected_candidate_loading,True,5c7f54724005ab4be0d8f57d41a07a234dae18e037c0f1249ebb499bc551147f,bernoulli,4
rep1,start_P,5,4,bfgs,bernoulli,bernoulli,45.65997722774571,False,True,-51.095371634692,-73.92536024856486,bfgs,8,True,1.1003944422327549e-10,False,2,bfgs,9,True,9.026276720502935e-09,False,2,bernoulli,-51.095371634692,0.039363946765797436|-0.092067765636431764|-0.18038034004335726|-0.21865415292009424,775421f1ccef642df1c264a7ced4f6b2fcc7d6eed00926cb6ddd64c4729dd478,selected_candidate_loading,True,775421f1ccef642df1c264a7ced4f6b2fcc7d6eed00926cb6ddd64c4729dd478,bernoulli,4
rep1,start_P,5,5,bfgs,bernoulli,bernoulli,46.26748807608945,False,True,-50.77596380828798,-73.90970784633271,bfgs,9,True,5.693401305961743e-12,True,0,bfgs,10,True,9.034291870158029e-10,False,2,bernoulli,-50.77596380828798,0.0045395464737419296|0.065770308359631241|-0.28884253378491881|0.061649778442236153,25f02e049f16085741335b489bde580cbeb05dc76a47b797c0ca8624366f2d55,selected_candidate_loading,True,25f02e049f16085741335b489bde580cbeb05dc76a47b797c0ca8624366f2d55,bernoulli,4
rep1,start_P,5,6,bfgs,bernoulli,bernoulli,63.0573864917818,False,False,-42.61153087437717,-74.14022412026807,bfgs,8,False,2.1354980095367183e-08,False,2,bfgs,12,True,4.1730530142558565e-11,True,0,bernoulli,-42.61153087437717,0.25161942028657808|0.6398220624711598|0.82592783396003644|-0.25616431477630541,489aa5f69d9b81a10f45783658826bc31f678197a3524eb0fb3b46c669bb40c5,selected_candidate_loading,True,489aa5f69d9b81a10f45783658826bc31f678197a3524eb0fb3b46c669bb40c5,bernoulli,4
rep1,start_P,5,7,bfgs,bernoulli,bernoulli,56.674674305811095,False,True,-43.802472680249664,-72.13980983315521,bfgs,9,True,8.281819674493818e-13,True,0,bfgs,12,True,1.4987227348051136e-09,False,2,bernoulli,-43.802472680249664,-0.77187207688090842|-0.76248093994590316|-0.11684169057249838|0.47449223380829675,fe787df51f93f9a3ddad96a89b52271b5258579718d1fb1d701b55c6e3006e1d,selected_candidate_loading,True,fe787df51f93f9a3ddad96a89b52271b5258579718d1fb1d701b55c6e3006e1d,bernoulli,4
rep1,start_P,5,8,bfgs,bernoulli,bernoulli,57.29662095863071,False,True,-44.05210325856099,-72.70041373787635,bfgs,8,True,5.814165371376134e-10,False,2,bfgs,13,True,1.7978936783791255e-09,False,2,bernoulli,-44.05210325856099,-1.3403477717818872|-0.013625290454140283|-0.091353648815228741|-0.14344179440090768,b088a7300128b9b1aa6188d343cb3a4d00e50bb2633000da7304f0d9cf2a448a,selected_candidate_loading,True,b088a7300128b9b1aa6188d343cb3a4d00e50bb2633000da7304f0d9cf2a448a,bernoulli,4
rep1,start_P,6,3,bfgs,bernoulli,bernoulli,53.122933730618854,False,True,-45.12648109652788,-71.68794796183731,bfgs,8,True,2.3424284734119284e-11,True,0,bfgs,13,True,2.368326090795847e-10,False,2,bernoulli,-45.12648109652788,-0.40452566978419185|0.064428910527741232|-0.75175094012966137|-0.62902688293230369,0fe37b3c93ea121b55d4273c934375929b65513d4e536f62af46085b05e09d1a,selected_candidate_loading,True,0fe37b3c93ea121b55d4273c934375929b65513d4e536f62af46085b05e09d1a,bernoulli,4
rep1,start_P,6,4,bfgs,bernoulli,bernoulli,45.95743063007423,False,True,-51.0980884785212,-74.07680379355831,bfgs,8,True,1.4377743440263657e-11,True,0,bfgs,9,True,1.7041372271653365e-10,False,2,bernoulli,-51.0980884785212,0.1729313315343014|-0.10833979845929528|-0.13252675870311778|-0.17760520644379987,b3913a8bac5d9efec5187af2251925cdeff8ec737798acb18a0ef65471b100e3,selected_candidate_loading,True,b3913a8bac5d9efec5187af2251925cdeff8ec737798acb18a0ef65471b100e3,bernoulli,4
rep1,start_P,6,5,bfgs,bernoulli,bernoulli,46.802551306352825,False,True,-50.493010193821306,-73.89428584699772,bfgs,8,True,3.0949021123660714e-11,True,0,bfgs,10,True,7.087441744602075e-13,True,0,bernoulli,-50.493010193821306,0.12638077891864744|0.061009909276141118|-0.30372831129056788|0.093141622626198947,ff466afc661b5406c67fb7321c375d662e40f1cd0ce0ce838b7167891acd5ba4,selected_candidate_loading,True,ff466afc661b5406c67fb7321c375d662e40f1cd0ce0ce838b7167891acd5ba4,bernoulli,4
rep1,start_P,6,6,bfgs,bernoulli,bernoulli,61.440539985924886,False,True,-43.24842325121841,-73.96869324418086,bfgs,9,True,1.2105729751965555e-09,False,2,bfgs,11,True,2.5729729458134897e-11,True,0,bernoulli,-43.24842325121841,0.085399658602514597|0.52247954161159127|0.82677992004306111|-0.3163947033886087,30c069a616b4ece66907a800e19171584bf28a4ad9b74ac66dd7bcaa86349fa8,selected_candidate_loading,True,30c069a616b4ece66907a800e19171584bf28a4ad9b74ac66dd7bcaa86349fa8,bernoulli,4
rep1,start_P,6,7,bfgs,bernoulli,bernoulli,59.64589353415262,False,False,-42.16332033501808,-71.98626710209439,bfgs,9,True,4.976001832801558e-11,True,0,bfgs,11,False,1.041227716269688e-08,False,2,bernoulli,-42.16332033501808,-0.69875842607098371|-0.86357570394194161|-0.21803736325451395|0.66426764208935529,6b8b8fb2de7cb7f6277cf8874e401227ca55b1d91322034cf9887676c6f5b66a,selected_candidate_loading,True,6b8b8fb2de7cb7f6277cf8874e401227ca55b1d91322034cf9887676c6f5b66a,bernoulli,4
rep1,start_P,6,8,bfgs,bernoulli,bernoulli,54.15755400530935,False,False,-45.74879722449447,-72.82757422714914,bfgs,9,True,2.044076019558361e-12,True,0,bfgs,12,False,4.5899761702550276e-08,False,2,bernoulli,-45.74879722449447,-1.1171122282814412|-0.1880288310851862|-0.11889206855618706|-0.068801350617891166,76fe008baf48f0ef3cd950c6a708cb1e7598aa4efb2188512fda60b497a795f8,selected_candidate_loading,True,76fe008baf48f0ef3cd950c6a708cb1e7598aa4efb2188512fda60b497a795f8,bernoulli,4
rep1,start_P,7,3,bfgs,bernoulli,bernoulli,53.775663251930226,False,False,-44.96437096440223,-71.85220259036734,bfgs,8,True,3.010884874754538e-11,True,0,bfgs,11,False,1.322553086768874e-08,False,2,bernoulli,-44.96437096440223,-0.490030290815618|0.10304395172073991|-0.86857428667978009|-0.44830584019137015,bda4296ca83fdd1c28b64108820d63c195bb7ec1add87fe4314e5f3287fcba4d,selected_candidate_loading,True,bda4296ca83fdd1c28b64108820d63c195bb7ec1add87fe4314e5f3287fcba4d,bernoulli,4
rep1,start_P,7,4,bfgs,bernoulli,bernoulli,46.25821369737429,False,True,-50.58989598062277,-73.71900282930991,bfgs,8,True,1.1377565556358604e-13,True,0,bfgs,8,True,4.829231214226182e-09,False,2,bernoulli,-50.58989598062277,0.1980816448749502|-0.1598874516571753|-0.1409216244038862|-0.25002405278553091,2ce5d934990bc3bd43d05956cd34bae243bce8b03d44026d4b7f32b28057989c,selected_candidate_loading,True,2ce5d934990bc3bd43d05956cd34bae243bce8b03d44026d4b7f32b28057989c,bernoulli,4
rep1,start_P,7,5,bfgs,bernoulli,bernoulli,46.97704174396023,False,True,-50.228129293931076,-73.71665016591119,bfgs,7,True,2.1095050942165903e-09,False,2,bfgs,9,True,9.215423008024359e-11,True,0,bernoulli,-50.228129293931076,0.11477229283475411|-0.0073967244745695914|-0.31997212480941967|0.16345878131071745,ab8db7b83f650154a5d334b0575dfa007987a968abf3dc0d77ce18711f63e299,selected_candidate_loading,True,ab8db7b83f650154a5d334b0575dfa007987a968abf3dc0d77ce18711f63e299,bernoulli,4
rep1,start_P,7,6,bfgs,bernoulli,bernoulli,60.811692843303774,False,True,-43.56756186200555,-73.97340828365743,bfgs,9,True,6.5128347159770785e-12,True,0,bfgs,12,True,5.293141924767042e-10,False,2,bernoulli,-43.56756186200555,0.037376641565135323|0.60031963815932698|0.73747767186740576|-0.3364065660792192,fe0c87da499bb262309a8dee3514b6658bd6271399d49e8107b115aa495b1dc2,selected_candidate_loading,True,fe0c87da499bb262309a8dee3514b6658bd6271399d49e8107b115aa495b1dc2,bernoulli,4
rep1,start_P,7,7,bfgs,bernoulli,bernoulli,59.456975216808615,False,True,-42.88125378845534,-72.60974139685965,bfgs,8,True,5.2096305047655277e-11,True,0,bfgs,11,True,1.4121684377421673e-10,False,2,bernoulli,-42.88125378845534,-0.90597162502279127|-0.73277188248568537|-0.19916485094556341|0.47672514804970723,65a719f88af1e46866ed479c55aef2bcb910f86f2a63d3d842b34e135a18401d,selected_candidate_loading,True,65a719f88af1e46866ed479c55aef2bcb910f86f2a63d3d842b34e135a18401d,bernoulli,4
rep1,start_P,7,8,bfgs,bernoulli,bernoulli,57.31781008147355,False,True,-44.434000752915246,-73.09290579365202,bfgs,8,True,8.646559024327872e-11,True,0,bfgs,12,True,7.351820263679087e-11,True,0,bernoulli,-44.434000752915246,-1.1493443427381491|-0.26257052284987098|-0.16865199869874242|0.047655490993633191,c614e10d54755290dd91c20431b8c160b67b4be64aaa817ffdf1bc67ccb0dd68,selected_candidate_loading,True,c614e10d54755290dd91c20431b8c160b67b4be64aaa817ffdf1bc67ccb0dd68,bernoulli,4
rep1,start_P,8,3,bfgs,bernoulli,bernoulli,50.16672870871935,False,False,-47.356160011723475,-72.43952436608315,bfgs,9,True,2.0716360182859715e-09,False,2,bfgs,14,False,1.7432760757163378e-08,False,2,bernoulli,-47.356160011723475,-0.21835598940121384|-0.053445525951004852|-0.66903667645077436|-0.24825436307274248,5a92d1939125feb76a86701d9e582ca509b5b998e486ba104ce014949b23abee,selected_candidate_loading,True,5a92d1939125feb76a86701d9e582ca509b5b998e486ba104ce014949b23abee,bernoulli,4
rep1,start_P,8,4,bfgs,bernoulli,bernoulli,46.008185173484804,False,True,-50.65832039170286,-73.66241297844526,bfgs,8,True,7.050670047803465e-11,True,0,bfgs,10,True,2.2273458077926023e-11,True,0,bernoulli,-50.65832039170286,0.2183327531681041|-0.15274048752631417|-0.1442886776971207|-0.21937176384977217,76f66bcbd900f6714dcfc15292835a4e16b8185283c05913e214439cc9fa1e07,selected_candidate_loading,True,76f66bcbd900f6714dcfc15292835a4e16b8185283c05913e214439cc9fa1e07,bernoulli,4
rep1,start_P,8,5,bfgs,bernoulli,bernoulli,47.49023690785684,False,True,-49.915808715799194,-73.66092716972761,bfgs,7,True,1.0087405910574886e-11,True,0,bfgs,10,True,2.0519175025768278e-09,False,2,bernoulli,-49.915808715799194,0.15467719548765085|0.061386884300360399|-0.34230599488292718|0.14146417261593544,f688d98dc125f406636edff1450080afd3f546f7f98308c9aea13f70e860ff99,selected_candidate_loading,True,f688d98dc125f406636edff1450080afd3f546f7f98308c9aea13f70e860ff99,bernoulli,4
rep1,start_P,8,6,bfgs,bernoulli,bernoulli,61.126647751978496,False,False,-43.37809537531795,-73.9414192513072,bfgs,8,True,4.995420743725277e-13,True,0,bfgs,11,False,6.825118150644017e-08,False,2,bernoulli,-43.37809537531795,-0.010341036248839051|0.64890231019751876|0.71340432081355387|-0.39018927861030517,ae7b3893b9adc42a3c48c6230ee095bb45df7813181962fb746015fffa98e5a4,selected_candidate_loading,True,ae7b3893b9adc42a3c48c6230ee095bb45df7813181962fb746015fffa98e5a4,bernoulli,4
rep1,start_P,8,7,bfgs,bernoulli,bernoulli,59.27251411012112,False,True,-42.628046622368196,-72.26430367742876,bfgs,8,True,3.626854372384969e-12,True,0,bfgs,12,True,9.568876524479464e-11,True,0,bernoulli,-42.628046622368196,-0.75226838305730737|-0.90044675615203396|-0.16315396869428825|0.53390146808382755,dc83f117fe487d985693bf2f6c497cf07afb588c1ffdddcf72186010546bd707,selected_candidate_loading,True,dc83f117fe487d985693bf2f6c497cf07afb588c1ffdddcf72186010546bd707,bernoulli,4
rep1,start_P,8,8,bfgs,bernoulli,bernoulli,55.6306521849084,False,False,-45.3615965418651,-73.1769226343193,bfgs,9,True,1.6649684408953646e-11,True,0,bfgs,11,False,2.5636622488778293e-08,False,2,bernoulli,-45.3615965418651,-1.0502047946866266|-0.23555861706181294|-0.18215127449829954|0.014371246595953213,8166bc02fb94d14822bcce1d53958f2f23aef5debd0f93211837164d258c2414,selected_candidate_loading,True,8166bc02fb94d14822bcce1d53958f2f23aef5debd0f93211837164d258c2414,bernoulli,4
rep1,start_P,1,3,bfgs,poisson,bernoulli,50.87264499433729,True,False,-47.27916805255781,-72.71549054972645,bfgs,13,True,1.0835373931428193e-09,False,2,bfgs,12,False,1.001709977188625e-08,False,2,bernoulli,-47.27916805255781,0.5018538737529562|0.18475232897690916|0.38245917367513921|-0.080409230562457537|0.45355707984233212,730b0e3ed8b248cbf9a50d0e2beaa8f4091bf8a4c0458c8d6f73cff37bd95655,selected_candidate_loading,True,730b0e3ed8b248cbf9a50d0e2beaa8f4091bf8a4c0458c8d6f73cff37bd95655,bernoulli,5
rep1,start_P,1,4,bfgs,poisson,bernoulli,48.608917140476066,True,True,-49.92267503268895,-74.22713360292698,bfgs,10,True,3.081477295552304e-11,True,0,bfgs,11,True,2.380931513057405e-09,False,2,bernoulli,-49.92267503268895,-0.041430134610382911|0.19028716250571251|-0.16883467096294869|-0.50253849946016205|0.0662272748315378,66fe6c99965a34fbf3e18e7fdd63542dc4c6e91d85f5838ab0a092811d7f33c2,selected_candidate_loading,True,66fe6c99965a34fbf3e18e7fdd63542dc4c6e91d85f5838ab0a092811d7f33c2,bernoulli,5
rep1,start_P,1,5,bfgs,poisson,bernoulli,48.081349244950786,True,False,-49.352783688397025,-73.39345831087242,bfgs,15,False,1.2422944495327216e-08,False,2,bfgs,10,True,1.216285072658252e-09,False,2,bernoulli,-49.352783688397025,0.2366185224479381|0.2059440469207898|0.04776975315537426|-0.17899687259304001|-0.35783272920033898,3481a3573d49827eef8a21702a9869a87cc07930ef25fef669536b54022532af,selected_candidate_loading,True,3481a3573d49827eef8a21702a9869a87cc07930ef25fef669536b54022532af,bernoulli,5
rep1,start_P,1,6,bfgs,poisson,bernoulli,55.37468448816648,True,True,-46.431175701902745,-74.11851794598599,bfgs,13,True,5.608555142533334e-09,False,2,bfgs,10,True,9.46859124439925e-10,False,2,bernoulli,-46.431175701902745,0.084685157890063339|-0.32466450482273018|-0.43557325427424892|0.43550546462108392|0.17629985549015512,bea1decbf9a22721c2b1fa911c7b725f1c65f2f573e97f421d6d6514b8929fc6,selected_candidate_loading,True,bea1decbf9a22721c2b1fa911c7b725f1c65f2f573e97f421d6d6514b8929fc6,bernoulli,5
rep1,start_P,1,7,bfgs,poisson,bernoulli,49.389174188866775,True,True,-49.06185550809482,-73.75644260252821,bfgs,10,True,2.744870997162252e-11,True,0,bfgs,10,True,1.1887180129122043e-11,True,0,bernoulli,-49.06185550809482,-0.55049818870993517|0.069017949230508288|0.26132810459408512|-0.14920149695857063|0.089848153931865168,7e4f55c224d4bb9139e132c8624c09493b197a064c0fe52ddd4424742469d1e3,selected_candidate_loading,True,7e4f55c224d4bb9139e132c8624c09493b197a064c0fe52ddd4424742469d1e3,bernoulli,5
rep1,start_P,1,8,bfgs,poisson,bernoulli,50.06101836389563,True,True,-49.204088585712405,-74.23459776766022,bfgs,13,True,3.6354519394876664e-11,True,0,bfgs,9,True,2.038269553139571e-11,True,0,bernoulli,-49.204088585712405,-0.60974833095968928|-0.056407018247826742|0.012623954233871758|-0.41997193751260981|-0.025944747100432031,593069d278d17d5c0c917c74f094bef6aa0b9c8c63e1121da1313e400027e3b1,selected_candidate_loading,True,593069d278d17d5c0c917c74f094bef6aa0b9c8c63e1121da1313e400027e3b1,bernoulli,5
rep1,start_P,2,3,bfgs,bernoulli,bernoulli,56.47845289086294,False,True,-43.54547267388419,-71.78469911931566,bfgs,10,True,1.0104411529709979e-09,False,2,bfgs,14,True,3.4927505332404964e-12,True,0,bernoulli,-43.54547267388419,0.54800757768391217|0.065132334003029993|0.86608067306200875|-0.088700638450646851|0.55890272493330706,07361f7546a58f26c639133850ee9c2cdf46e502016bc44a2d9fe9e0724a2b8a,selected_candidate_loading,True,07361f7546a58f26c639133850ee9c2cdf46e502016bc44a2d9fe9e0724a2b8a,bernoulli,5
rep1,start_P,2,4,bfgs,bernoulli,bernoulli,50.034309889985806,False,True,-48.617854803131515,-73.63500974812442,bfgs,9,True,1.6784973411176907e-11,True,0,bfgs,11,True,8.011259156059935e-11,True,0,bernoulli,-48.617854803131515,0.08961406256242431|0.2863901045796805|-0.33679847649416428|-0.56673519274358153|0.13259402979608692,ea0240e5ddcfcdf36e900d7f72b09973da70b9ee30d3948e562f886a92f2144b,selected_candidate_loading,True,ea0240e5ddcfcdf36e900d7f72b09973da70b9ee30d3948e562f886a92f2144b,bernoulli,5
rep1,start_P,2,5,bfgs,bernoulli,bernoulli,48.95154560872044,False,True,-48.96096847671703,-73.43674128107725,bfgs,10,True,1.3316192593038068e-11,True,0,bfgs,10,True,8.076353746888643e-09,False,2,bernoulli,-48.96096847671703,-0.011372992495940423|0.17007800733770295|-0.071985619118001248|-0.38584416581212555|-0.41304130773545578,165833e9d6ed83e3c29e0e29e34d71cd3c49e719344ffe6cbf92c3e8543a59ca,selected_candidate_loading,True,165833e9d6ed83e3c29e0e29e34d71cd3c49e719344ffe6cbf92c3e8543a59ca,bernoulli,5
rep1,start_P,2,6,bfgs,bernoulli,bernoulli,61.40135308886259,False,True,-43.36322676338754,-74.06390330781883,bfgs,10,True,1.7458479106835512e-12,True,0,bfgs,15,True,2.296834278325832e-09,False,2,bernoulli,-43.36322676338754,0.1669505100012916|-0.50746847563632635|-0.5631632821160697|0.52804715428869153|0.11891145830194245,3c3570bd361e1a6f6db3b8334ed055282269ca6a0da9a925b7a33d7e3b795b87,selected_candidate_loading,True,3c3570bd361e1a6f6db3b8334ed055282269ca6a0da9a925b7a33d7e3b795b87,bernoulli,5
rep1,start_P,2,7,bfgs,bernoulli,bernoulli,54.68887288469968,False,True,-45.4874471569449,-72.83188359929474,bfgs,10,True,2.4144708454798547e-10,False,2,bfgs,10,True,5.566002103662982e-11,True,0,bernoulli,-45.4874471569449,-0.78972599316860126|0.10930566561804507|0.27441644366169404|-0.52210786447751478|0.27467839613718165,d4e3eee05c945c91fc02d667f7402f4a0f8142e8249fdcceaace58cd20289062,selected_candidate_loading,True,d4e3eee05c945c91fc02d667f7402f4a0f8142e8249fdcceaace58cd20289062,bernoulli,5
rep1,start_P,2,8,bfgs,bernoulli,bernoulli,54.02037432827255,False,True,-46.48993925895784,-73.50012642309412,bfgs,10,True,6.472278268887521e-11,True,0,bfgs,12,True,1.3256194919541997e-09,False,2,bernoulli,-46.48993925895784,-0.68375816100064435|-0.15218146996066012|0.15693096240753607|-0.60713884699887122|0.4728196988315686,7d904e51f9eb42818609daed5a7840fcbb3e0058e51a0bedccab49f60b1e45fa,selected_candidate_loading,True,7d904e51f9eb42818609daed5a7840fcbb3e0058e51a0bedccab49f60b1e45fa,bernoulli,5
rep1,start_P,3,3,bfgs,bernoulli,bernoulli,52.99811694190174,False,False,-44.389227587713776,-70.88828605866465,bfgs,10,True,1.952196404531037e-10,False,2,bfgs,15,False,1.1724841075810843e-08,False,2,bernoulli,-44.389227587713776,0.36430434838880255|-0.014702946290194373|0.89636647391662805|0.014836671664177016|0.61468367680737057,ce9802a43734e88691be23e6cc2c4daa2c60fc44c9fd854ef9b19e585aeca6f0,selected_candidate_loading,True,ce9802a43734e88691be23e6cc2c4daa2c60fc44c9fd854ef9b19e585aeca6f0,bernoulli,5
rep1,start_P,3,4,bfgs,bernoulli,bernoulli,50.42150473734242,False,True,-48.516950601516854,-73.72770297018806,bfgs,11,True,3.154754235623614e-13,True,0,bfgs,12,True,1.9866077116681424e-09,False,2,bernoulli,-48.516950601516854,0.13139289391026329|0.25234281566485955|-0.41502226901816303|-0.60875515190426499|-0.0099011150822900535,48863706fd7bd2cc1aa1441c65be55434825352ccad5331a2419a6d0ceea1c1e,selected_candidate_loading,True,48863706fd7bd2cc1aa1441c65be55434825352ccad5331a2419a6d0ceea1c1e,bernoulli,5
rep1,start_P,3,5,bfgs,bernoulli,bernoulli,49.63873759525269,False,True,-48.779260624938296,-73.59862942256464,bfgs,9,True,2.1481261214262304e-11,True,0,bfgs,11,True,1.2242626079572717e-10,False,2,bernoulli,-48.779260624938296,0.07624108595996458|0.24030943257316018|-0.14584260082951941|-0.46764873645733557|-0.40149177598196467,ca4a0a48cefd4a95a5d7df69875a69a01ab0f4286f3aa30877c1d642e16d50c3,selected_candidate_loading,True,ca4a0a48cefd4a95a5d7df69875a69a01ab0f4286f3aa30877c1d642e16d50c3,bernoulli,5
rep1,start_P,3,6,bfgs,bernoulli,bernoulli,62.3313117540242,False,True,-42.61436329224664,-73.78001916925874,bfgs,10,True,4.843658807374141e-12,True,0,bfgs,13,True,5.606626285459271e-09,False,2,bernoulli,-42.61436329224664,0.1896029372531324|-0.60775374717995756|-0.54034708009034182|0.56441720817742025|0.27561431226058714,f5ebf642f2a6d61143bfeb935b289c9042dd7eda28af78bfc56cc729cb1d9785,selected_candidate_loading,True,f5ebf642f2a6d61143bfeb935b289c9042dd7eda28af78bfc56cc729cb1d9785,bernoulli,5
rep1,start_P,3,7,bfgs,bernoulli,bernoulli,55.41695705561705,False,True,-44.54781446792457,-72.25629299573309,bfgs,9,True,8.136724627405556e-11,True,0,bfgs,14,True,2.7604279695392365e-10,False,2,bernoulli,-44.54781446792457,-0.89986759653235682|0.1270165206606062|0.26611628916235786|-0.44539317601279504|0.20284066393477113,55b36d9faab61ded91f9b387fa43d8b3d40fe9bcce55c3acce231b0d21e8b21f,selected_candidate_loading,True,55b36d9faab61ded91f9b387fa43d8b3d40fe9bcce55c3acce231b0d21e8b21f,bernoulli,5
rep1,start_P,3,8,bfgs,bernoulli,bernoulli,56.12210933006881,False,True,-44.66682300508906,-72.72787767012346,bfgs,10,True,2.193452086629577e-11,True,0,bfgs,15,True,1.6509016376176078e-12,True,0,bernoulli,-44.66682300508906,-0.8198045636661262|-0.29756309315790203|0.14730104903527286|-0.57442594651183398|0.59548333087326466,5d3dc84a37f766514c5b26a10339934f5d92c5b3841d4204b1cd60ba2112023a,selected_candidate_loading,True,5d3dc84a37f766514c5b26a10339934f5d92c5b3841d4204b1cd60ba2112023a,bernoulli,5
rep1,start_P,4,3,bfgs,bernoulli,bernoulli,52.56226394205625,False,False,-45.416246264154346,-71.69737823518247,bfgs,9,True,1.1369101216018862e-10,False,2,bfgs,15,False,1.1443900449492616e-08,False,2,bernoulli,-45.416246264154346,0.34980511016625165|-0.033714475777095923|0.8899168309838964|0.010242425810712556|0.38702182225763004,b33cf40471ea009f3d4ad6fedc3e8e7875c5a26944767140b6afd692658f4749,selected_candidate_loading,True,b33cf40471ea009f3d4ad6fedc3e8e7875c5a26944767140b6afd692658f4749,bernoulli,5
rep1,start_P,4,4,bfgs,bernoulli,bernoulli,54.07364435707477,False,False,-46.135775042444244,-73.17259722098163,bfgs,9,True,4.1206656753445255e-09,False,2,bfgs,13,False,2.0838155861957473e-08,False,2,bernoulli,-46.135775042444244,0.025701366315159218|0.54653791242213157|-0.59343406554623823|-0.73257084783989979|-0.16307203534269654,a87c9f28900142500c742d90a1acc15e84c1ec3d047b1f5cb8c1d25baf573762,selected_candidate_loading,True,a87c9f28900142500c742d90a1acc15e84c1ec3d047b1f5cb8c1d25baf573762,bernoulli,5
rep1,start_P,4,5,bfgs,bernoulli,bernoulli,52.14457449553463,False,True,-47.502551846117704,-73.57483909388502,bfgs,9,True,1.0058384347644277e-09,False,2,bfgs,13,True,1.141168040619256e-09,False,2,bernoulli,-47.502551846117704,0.030974197277306149|0.20656274830259322|-0.31277742638703165|-0.69645970204068752|-0.45042091430646553,1c9628dfd3d028b236c780c0111fb5b72545378ea3d54b113e7e8a3767aa64bc,selected_candidate_loading,True,1c9628dfd3d028b236c780c0111fb5b72545378ea3d54b113e7e8a3767aa64bc,bernoulli,5
rep1,start_P,4,6,bfgs,bernoulli,bernoulli,63.03135724248503,False,True,-42.04772674931658,-73.5634053705591,bfgs,9,True,9.40472668631287e-09,False,2,bfgs,16,True,8.941732332345964e-09,False,2,bernoulli,-42.04772674931658,0.3215585800897412|-0.72375554041153745|-0.43813730516609539|0.6925829121407191|0.27019146202434546,d4da6816ab10461e88e1c2a74273837ff4c71e6bde2a0fc89407770f4b4ca6a4,selected_candidate_loading,True,d4da6816ab10461e88e1c2a74273837ff4c71e6bde2a0fc89407770f4b4ca6a4,bernoulli,5
rep1,start_P,4,7,bfgs,bernoulli,bernoulli,56.230260541068446,False,False,-44.53680559174677,-72.651935862281,bfgs,11,True,2.171152146956956e-12,True,0,bfgs,12,False,3.205341470524647e-07,False,2,bernoulli,-44.53680559174677,-0.84988046773372417|0.18922580660490357|0.35179363010676679|-0.4290023375180565|0.25147195375812403,25872a751b6067b998febe7e2310874b17f5adb8815415d19f943e661a76241c,selected_candidate_loading,True,25872a751b6067b998febe7e2310874b17f5adb8815415d19f943e661a76241c,bernoulli,5
rep1,start_P,4,8,bfgs,bernoulli,bernoulli,56.98797987271476,False,True,-44.86002167359514,-73.35401160995252,bfgs,9,True,7.082587849538413e-10,False,2,bfgs,13,True,1.019379158861966e-09,False,2,bernoulli,-44.86002167359514,-0.69539130932582027|-0.21216846264801853|0.016502151961043966|-0.73196448643016288|0.54143129972550819,b9c628f0fcdabf40a3830dccac440830406ffaf38960ea400e5148f4296ddd54,selected_candidate_loading,True,b9c628f0fcdabf40a3830dccac440830406ffaf38960ea400e5148f4296ddd54,bernoulli,5
rep1,start_P,5,3,bfgs,bernoulli,bernoulli,48.822663530235985,False,False,-47.34496592763843,-71.75629769275642,bfgs,10,True,2.1894708268632712e-11,True,0,bfgs,15,False,1.6377195133365775e-08,False,2,bernoulli,-47.34496592763843,0.29123162882380549|0.10624917430582101|0.58292307412765465|-0.17953071310502028|0.31202589042257284,dd7ecc5be9e1d4cdcda74009849345d3f217436bd90f44719b96581d3316be03,selected_candidate_loading,True,dd7ecc5be9e1d4cdcda74009849345d3f217436bd90f44719b96581d3316be03,bernoulli,5
rep1,start_P,5,4,bfgs,bernoulli,bernoulli,53.08643998673925,False,True,-46.494363573424586,-73.03758356679421,bfgs,9,True,1.2610004151980547e-10,False,2,bfgs,13,True,2.6469791691852152e-09,False,2,bernoulli,-46.494363573424586,0.041455010936460326|0.43773355846167944|-0.55426244013341774|-0.65536543610863551|-0.25210537442195219,c4be0fe245c547e84aea62e742999d9787b8a83b23093b17d311c9cd1e229758,selected_candidate_loading,True,c4be0fe245c547e84aea62e742999d9787b8a83b23093b17d311c9cd1e229758,bernoulli,5
rep1,start_P,5,5,bfgs,bernoulli,bernoulli,51.39991723110471,False,True,-47.43078143410218,-73.13074004965453,bfgs,11,True,9.35707733518143e-10,False,2,bfgs,15,True,5.064248831398998e-09,False,2,bernoulli,-47.43078143410218,0.14774510810008906|0.19863864656389435|-0.28223975493293962|-0.62724444490119347|-0.36587076064957774,f13516a914f7ed0a063985c3c118717a0ef49d99b89339e3d9bed87c8fdde55c,selected_candidate_loading,True,f13516a914f7ed0a063985c3c118717a0ef49d99b89339e3d9bed87c8fdde55c,bernoulli,5
rep1,start_P,5,6,bfgs,bernoulli,bernoulli,61.519437737817455,False,False,-42.67831827011242,-73.43803713902115,bfgs,11,True,5.431255445387251e-12,True,0,bfgs,11,False,1.334865480373537e-08,False,2,bernoulli,-42.67831827011242,0.24818015381107475|-0.53255025757256846|-0.5738146192717094|0.64593726223646541|0.20908863390722338,26f58c3a9a52f0505a43492ce0f7f113a146f1de20e4eb572c7f5fb9e8e5eed5,selected_candidate_loading,True,26f58c3a9a52f0505a43492ce0f7f113a146f1de20e4eb572c7f5fb9e8e5eed5,bernoulli,5
rep1,start_P,5,7,bfgs,bernoulli,bernoulli,58.82695640965825,False,True,-42.95707729831073,-72.37055550313985,bfgs,10,True,4.730797975582846e-11,True,0,bfgs,14,True,4.668250008776908e-10,False,2,bernoulli,-42.95707729831073,-0.95934278631536007|0.37490831396569052|0.1718659536036522|-0.70377230618273234|0.23006625174366863,11c1241e81e181da100fc4d3f44c17a119117f2eb01a3fc9c4955ff35526449e,selected_candidate_loading,True,11c1241e81e181da100fc4d3f44c17a119117f2eb01a3fc9c4955ff35526449e,bernoulli,5
rep1,start_P,5,8,bfgs,bernoulli,bernoulli,55.699966774138076,False,True,-45.18462706737564,-73.03461045444467,bfgs,10,True,7.46419814845467e-11,True,0,bfgs,14,True,2.714204416776056e-10,False,2,bernoulli,-45.18462706737564,-0.68435996113125142|-0.12480871472922826|-0.050504596490177515|-0.74526125549667666|0.57121201667451782,1d9c5c5bfa466e869c7d7a59b39d3a6b151034e53ed476b4f289128a3bba919f,selected_candidate_loading,True,1d9c5c5bfa466e869c7d7a59b39d3a6b151034e53ed476b4f289128a3bba919f,bernoulli,5
rep1,start_P,6,3,bfgs,bernoulli,bernoulli,46.81192932356947,False,False,-46.49493371199554,-69.90089837378028,bfgs,9,False,2.3495972971687707e-07,False,2,bfgs,12,True,1.0657430493665743e-11,True,0,bernoulli,-46.49493371199554,0.38057535242558699|0.16229612205468444|0.61870482906918967|-0.15329285594236938|0.16737439810890484,0512142be4a924f9fed1632c5cb8f3eca37096d674dfaaf48dca1e1e07b514b3,selected_candidate_loading,True,0512142be4a924f9fed1632c5cb8f3eca37096d674dfaaf48dca1e1e07b514b3,bernoulli,5
rep1,start_P,6,4,bfgs,bernoulli,bernoulli,52.26590010600313,False,False,-45.02794710773915,-71.16089716074072,bfgs,9,False,2.020972136307364e-08,False,2,bfgs,13,True,7.355489439753172e-10,False,2,bernoulli,-45.02794710773915,0.23355043071587925|0.36989568482400259|-0.76971299616071709|-0.77756517095999089|0.018700010241680703,737fbbe0cf21c837620ed1e1ccfb8db5d3bafba4c8d06d6ed2ec8c9766852600,selected_candidate_loading,True,737fbbe0cf21c837620ed1e1ccfb8db5d3bafba4c8d06d6ed2ec8c9766852600,bernoulli,5
rep1,start_P,6,5,bfgs,bernoulli,bernoulli,46.655160559016124,False,True,-49.08205926694345,-72.40963954645152,bfgs,10,True,1.1634500030055505e-10,False,2,bfgs,13,True,3.8519796130565e-09,False,2,bernoulli,-49.08205926694345,0.14038165194580265|0.1126404497696417|-0.18265188713434874|-0.49860061532263011|-0.21670919111149325,74ee928ac1c766a021e322532dd9a96ea90f8de3dff152b8560c78c2fb2b760f,selected_candidate_loading,True,74ee928ac1c766a021e322532dd9a96ea90f8de3dff152b8560c78c2fb2b760f,bernoulli,5
rep1,start_P,6,6,bfgs,bernoulli,bernoulli,59.76380111689022,False,True,-42.240647133225465,-72.12254769167058,bfgs,9,True,2.1733321808881102e-10,False,2,bfgs,14,True,8.859531064331349e-09,False,2,bernoulli,-42.240647133225465,0.27372456643917026|-0.50071400990319292|-0.45391645701661998|0.84998512336050025|0.12508009114085095,aa0e236c2dcd6f9d529d91f97b7a6fc6690c6164de64da3b47d1a3f8797141ef,selected_candidate_loading,True,aa0e236c2dcd6f9d529d91f97b7a6fc6690c6164de64da3b47d1a3f8797141ef,bernoulli,5
rep1,start_P,6,7,bfgs,bernoulli,bernoulli,59.00265365268896,False,False,-41.35828277683076,-70.85960960317524,bfgs,9,True,1.3703357559791129e-09,False,2,bfgs,12,False,1.943497811573991e-08,False,2,bernoulli,-41.35828277683076,-1.1200841810788542|0.2538088745814826|0.31591401937638092|-0.58199229170133326|0.26270549957972222,f5aa104d98a6b07cda746a7b7a6e0846a5619c2cd26149eb203fc0aef5a783cd,selected_candidate_loading,True,f5aa104d98a6b07cda746a7b7a6e0846a5619c2cd26149eb203fc0aef5a783cd,bernoulli,5
rep1,start_P,6,8,bfgs,bernoulli,bernoulli,50.21628896790746,False,True,-46.222587572086304,-71.33073205604003,bfgs,9,True,5.772663236314201e-10,False,2,bfgs,14,True,6.8341203085520165e-09,False,2,bernoulli,-46.222587572086304,-0.64435062227713513|-0.12057671466553706|0.014601933693495394|-0.4866362754650318|0.48817226145611403,4205764ff5398e259e94d5572d175551f16a5974eb2c0e080475da27804eab03,selected_candidate_loading,True,4205764ff5398e259e94d5572d175551f16a5974eb2c0e080475da27804eab03,bernoulli,5
rep1,start_P,7,3,bfgs,bernoulli,bernoulli,47.8621260287632,False,False,-47.33196098345339,-71.26302399783499,bfgs,10,True,9.175060711186234e-12,True,0,bfgs,12,False,1.2022450301962807e-08,False,2,bernoulli,-47.33196098345339,0.20662327429875832|0.18891977261472417|0.54143753848331777|-0.29408314372356636|0.12215356348597958,c33166f3cc897d322f1ae7cf551aa5778fbb1d040934a3a2c29f9c5a698d57b1,selected_candidate_loading,True,c33166f3cc897d322f1ae7cf551aa5778fbb1d040934a3a2c29f9c5a698d57b1,bernoulli,5
rep1,start_P,7,4,bfgs,bernoulli,bernoulli,52.89105151302246,False,True,-45.15368051920609,-71.59920627571732,bfgs,9,True,1.3419931832459043e-12,True,0,bfgs,12,True,1.696661255934373e-10,False,2,bernoulli,-45.15368051920609,0.38347397649520215|0.387263558645837|-0.75760945320608164|-0.73604762844005267|0.094088254304337787,c5f492317cd7f7bb99f53c49252f00812e8167dae68eed8568d47fd58154f827,selected_candidate_loading,True,c5f492317cd7f7bb99f53c49252f00812e8167dae68eed8568d47fd58154f827,bernoulli,5
rep1,start_P,7,5,bfgs,bernoulli,bernoulli,46.9161338921417,False,True,-49.72469725130234,-73.18276419737319,bfgs,10,True,2.3884716426891827e-11,True,0,bfgs,12,True,1.8559848102839283e-10,False,2,bernoulli,-49.72469725130234,0.11338027627483749|0.040938225969945299|-0.12497510154213852|-0.43134597977882583|-0.21700126969493219,44ada646bda24a2973dee2cbc3447dc210102bb01a6f6785bde22ad906dc7032,selected_candidate_loading,True,44ada646bda24a2973dee2cbc3447dc210102bb01a6f6785bde22ad906dc7032,bernoulli,5
rep1,start_P,7,6,bfgs,bernoulli,bernoulli,60.79049181644152,False,False,-42.64923442294571,-73.04448033116647,bfgs,10,True,7.096783605220481e-10,False,2,bfgs,13,False,1.9737018064347468e-08,False,2,bernoulli,-42.64923442294571,0.30988655540256888|-0.50428306802300715|-0.28770529495001074|0.74597190253611967|0.37576838403989482,53c97c009b58a68a50f79078a93da409fd28939fb6ce7b0735240de916a96272,selected_candidate_loading,True,53c97c009b58a68a50f79078a93da409fd28939fb6ce7b0735240de916a96272,bernoulli,5
rep1,start_P,7,7,bfgs,bernoulli,bernoulli,58.54197095258306,False,True,-42.44278703674091,-71.71377251303244,bfgs,10,True,2.691750322636466e-10,False,2,bfgs,13,True,8.502566062329464e-09,False,2,bernoulli,-42.44278703674091,-1.0936804777030951|0.25354584042076939|0.085941898000692407|-0.44929821296770578|0.025685026624212973,4fa6c21392f4f38cb044407224ec1d34418ee5380943c0e7049e6d8deacbd031,selected_candidate_loading,True,4fa6c21392f4f38cb044407224ec1d34418ee5380943c0e7049e6d8deacbd031,bernoulli,5
rep1,start_P,7,8,bfgs,bernoulli,bernoulli,51.484661890036904,False,False,-46.2677957348523,-72.01012667987075,bfgs,9,True,8.619449598512574e-11,True,0,bfgs,14,False,1.0372262937430321e-08,False,2,bernoulli,-46.2677957348523,-0.60906079065263075|-0.14889753374777795|0.21142248788713885|-0.30095747656645794|0.5427697370697997,e9ef3fee045081e90b25543b13b825763c808de26b04f8b817a2b191c5be8636,selected_candidate_loading,True,e9ef3fee045081e90b25543b13b825763c808de26b04f8b817a2b191c5be8636,bernoulli,5
rep1,start_P,8,3,bfgs,bernoulli,bernoulli,49.81681885193575,False,True,-46.6411151699491,-71.54952459591698,bfgs,10,True,1.5383472273811094e-11,True,0,bfgs,10,True,6.261565022036563e-09,False,2,bernoulli,-46.6411151699491,0.15817046314591895|0.19568075580771382|0.46925679657724262|-0.40344404281354668|0.36769817589549919,efd717cc7b8e4ce79ef2a6cf75623edd6c4c2e038c072c0ef1acc8cadefd54a2,selected_candidate_loading,True,efd717cc7b8e4ce79ef2a6cf75623edd6c4c2e038c072c0ef1acc8cadefd54a2,bernoulli,5
rep1,start_P,8,4,bfgs,bernoulli,bernoulli,51.90712053048905,False,True,-45.325013953733695,-71.27857421897822,bfgs,9,True,5.329038321733037e-10,False,2,bfgs,13,True,1.6383039924683374e-10,False,2,bernoulli,-45.325013953733695,0.34593097959969044|0.52734192011124792|-0.76283114961010012|-0.55497378368770145|-0.0086209021864497633,9b8f0d3f9e8d4eee95568e2c5a8609fc682e21cee6c9e8b118664fc179bd2d7e,selected_candidate_loading,True,9b8f0d3f9e8d4eee95568e2c5a8609fc682e21cee6c9e8b118664fc179bd2d7e,bernoulli,5
rep1,start_P,8,5,bfgs,bernoulli,bernoulli,47.04119182323926,False,True,-49.15900158129015,-72.67959749290978,bfgs,10,True,4.318708413109107e-09,False,2,bfgs,11,True,1.1004375327638982e-09,False,2,bernoulli,-49.15900158129015,0.14424000461981556|0.07248517623533271|-0.26116455083201756|-0.52297430995070038|-0.0789192499430202,56e33f1965cc983e4b4bb5e744d83f2de364605662effeb9a91769b425d4be02,selected_candidate_loading,True,56e33f1965cc983e4b4bb5e744d83f2de364605662effeb9a91769b425d4be02,bernoulli,5
rep1,start_P,8,6,bfgs,bernoulli,bernoulli,64.22849386192769,False,True,-41.08825117806951,-73.20249810903336,bfgs,10,True,8.945952867378537e-10,False,2,bfgs,12,True,9.303026793361368e-10,False,2,bernoulli,-41.08825117806951,0.48788789199147764|-0.74267995445028057|-0.45496920327425594|0.59344428998584076|0.34966651967318862,0c60ce9bcc601ff24cc83d4fe833790f4d001c361f70792d52d3d39b12e71696,selected_candidate_loading,True,0c60ce9bcc601ff24cc83d4fe833790f4d001c361f70792d52d3d39b12e71696,bernoulli,5
rep1,start_P,8,7,bfgs,bernoulli,bernoulli,57.506461375705584,False,True,-43.20236105688754,-71.95559174474033,bfgs,9,True,1.1497822693939952e-10,False,2,bfgs,13,True,6.104076577528872e-10,False,2,bernoulli,-43.20236105688754,-1.0931632175854613|0.1745605594978224|0.29942032113533318|-0.2988719034841027|0.14331740052605685,458bd51d92fde3e31205dff923621b538135cec32676586e568662264707fe70,selected_candidate_loading,True,458bd51d92fde3e31205dff923621b538135cec32676586e568662264707fe70,bernoulli,5
rep1,start_P,8,8,bfgs,bernoulli,bernoulli,54.327113104161455,False,True,-45.14302458546977,-72.3065811375505,bfgs,10,True,5.3674176214713045e-12,True,0,bfgs,15,True,1.9661821060168449e-10,False,2,bernoulli,-45.14302458546977,-0.75166959955416424|-0.33985658107468991|0.18576015895569609|-0.32802027214403368|0.7129738858518313,369ef8daf7e0961b77344de30931ba1aca0d779e089c4178acc683e36108d228,selected_candidate_loading,True,369ef8daf7e0961b77344de30931ba1aca0d779e089c4178acc683e36108d228,bernoulli,5
rep2,start_B,1,3,bfgs,bernoulli,bernoulli,49.729391289417464,False,True,-49.29494157254538,-74.15963721725412,bfgs,7,True,2.6645352591003757e-15,True,0,bfgs,4,True,4.2526071553083965e-11,True,0,bernoulli,-49.29494157254538,-0.5617541299704617,d50322202fa48c7ec0a64de3b98e3df6ff1eb1737875a0060e4aff1efd90182c,selected_candidate_loading,True,d50322202fa48c7ec0a64de3b98e3df6ff1eb1737875a0060e4aff1efd90182c,bernoulli,1
rep2,start_B,1,4,bfgs,bernoulli,bernoulli,47.23921729276411,False,True,-51.28782948275701,-74.90743812913907,bfgs,4,True,2.1998207699880367e-10,False,2,bfgs,4,True,5.88151749525423e-13,True,0,bernoulli,-51.28782948275701,0.27621843197532547,44a7a0b123a52a7cc6fd2533d053c155599b5184523973e4949e6a97207b58dc,selected_candidate_loading,True,44a7a0b123a52a7cc6fd2533d053c155599b5184523973e4949e6a97207b58dc,bernoulli,1
rep2,start_B,1,5,bfgs,bernoulli,bernoulli,47.4638015370448,False,False,-51.150482105536604,-74.882382874059,bfgs,4,True,3.495106426498751e-11,True,0,bfgs,3,False,1.5830138728745168e-07,False,2,bernoulli,-51.150482105536604,0.30289141948790838,e43d34151b989123f02ff2a5024e20606e6f3a816647ad29169d561facb3aa3d,selected_candidate_loading,True,e43d34151b989123f02ff2a5024e20606e6f3a816647ad29169d561facb3aa3d,bernoulli,1
rep2,start_B,1,6,bfgs,bernoulli,bernoulli,48.42103201985016,False,True,-50.19196823759264,-74.40248424751772,bfgs,7,True,6.217248937900876e-16,True,0,bfgs,4,True,4.0325076611225084e-12,True,0,bernoulli,-50.19196823759264,-0.45137676659841697,5e7f01cc9bd668032d04b09db1e369cce97bc0fd8b43828b0882a1983c89cf3a,selected_candidate_loading,True,5e7f01cc9bd668032d04b09db1e369cce97bc0fd8b43828b0882a1983c89cf3a,bernoulli,1
rep2,start_B,1,7,bfgs,bernoulli,bernoulli,46.01467078888254,False,True,-51.984339306537834,-74.9916747009791,bfgs,4,True,1.5628513261312094e-09,False,2,bfgs,4,True,7.760458942129845e-15,True,0,bernoulli,-51.984339306537834,0.013463371738044438,b0efa660177743bb83e1090ab4660025f1795b7b6fff07a3265d847c332385eb,selected_candidate_loading,True,b0efa660177743bb83e1090ab4660025f1795b7b6fff07a3265d847c332385eb,bernoulli,1
rep2,start_B,1,8,bfgs,bernoulli,bernoulli,46.3716337489829,False,True,-51.65532298454838,-74.84113985903983,bfgs,4,True,5.900435695593842e-12,True,0,bfgs,4,True,1.5987211554602255e-15,True,0,bernoulli,-51.65532298454838,-0.18889420429688797,8757c9b6ac9b7e77cd65fc945946a4d9605203080240b1e91da6c4a91f48f3ba,selected_candidate_loading,True,8757c9b6ac9b7e77cd65fc945946a4d9605203080240b1e91da6c4a91f48f3ba,bernoulli,1
rep2,start_B,2,3,bfgs,bernoulli,bernoulli,52.99625026719606,False,True,-47.0393863913581,-73.53751152495613,bfgs,5,True,1.0234868508263162e-15,True,0,bfgs,5,True,8.359979375427429e-14,True,0,bernoulli,-47.0393863913581,-0.78911457963869758,f94c60deb14b652fe784e2b9b1decc95df9a128f8421878d705635190b575d85,selected_candidate_loading,True,f94c60deb14b652fe784e2b9b1decc95df9a128f8421878d705635190b575d85,bernoulli,1
rep2,start_B,2,4,bfgs,bernoulli,bernoulli,48.953896282646994,False,True,-50.251426008809666,-74.72837415013316,bfgs,4,True,8.909317728011956e-13,True,0,bfgs,5,True,1.4654943925052066e-15,True,0,bernoulli,-50.251426008809666,0.44248696974315443,8a165978e7279d36cb8cc684de2b558e66ef53a914d375b547d0844ecb79a4a5,selected_candidate_loading,True,8a165978e7279d36cb8cc684de2b558e66ef53a914d375b547d0844ecb79a4a5,bernoulli,1
rep2,start_B,2,5,bfgs,bernoulli,bernoulli,46.77877368308663,False,True,-51.57482400297668,-74.96421084452,bfgs,4,True,9.842260340064967e-12,True,0,bfgs,4,True,7.334506335610058e-11,True,0,bernoulli,-51.57482400297668,0.21082937929855686,fe53aa1e1a0ca39634a4c72b2f47e55d74020ecfeb8994199595c6019e7b8102,selected_candidate_loading,True,fe53aa1e1a0ca39634a4c72b2f47e55d74020ecfeb8994199595c6019e7b8102,bernoulli,1
rep2,start_B,2,6,bfgs,bernoulli,bernoulli,50.79399553793952,False,False,-48.51676144171338,-73.91375921068314,bfgs,3,False,3.5780032412446874e-07,False,2,bfgs,5,True,2.7533531010703882e-14,True,0,bernoulli,-48.51676144171338,-0.64424354455504951,41364281d7259fa49df7f6cba4b6a244061417b4b8596667fa6855c691bb5593,selected_candidate_loading,True,41364281d7259fa49df7f6cba4b6a244061417b4b8596667fa6855c691bb5593,bernoulli,1
rep2,start_B,2,7,bfgs,bernoulli,bernoulli,46.1176423039057,False,True,-51.940595807248734,-74.99941695920158,bfgs,4,True,2.4665086639785727e-09,False,2,bfgs,4,True,4.612976667317525e-15,True,0,bernoulli,-51.940595807248734,0.069672958329162787,e4327bd882f528cbe44b2504465ea59ebe7483fdc69398b6e829146f2048cf72,selected_candidate_loading,True,e4327bd882f528cbe44b2504465ea59ebe7483fdc69398b6e829146f2048cf72,bernoulli,1
rep2,start_B,2,8,bfgs,bernoulli,bernoulli,47.400475043858776,False,True,-50.87063699785603,-74.57087451978542,bfgs,4,True,4.0467629247586956e-12,True,0,bfgs,4,True,2.939033461046847e-11,True,0,bernoulli,-50.87063699785603,-0.35122973332474966,e0ad7a00dc169e38f6ad26dbfc904e095e28da8171878e5aa98d83c3644e3f9b,selected_candidate_loading,True,e0ad7a00dc169e38f6ad26dbfc904e095e28da8171878e5aa98d83c3644e3f9b,bernoulli,1
rep2,start_B,3,3,bfgs,bernoulli,bernoulli,49.85913129600266,False,True,-48.03530971050024,-72.96487535850157,bfgs,5,True,1.1546319456101628e-15,True,0,bfgs,7,True,1.7763568394002506e-16,True,0,bernoulli,-48.03530971050024,-0.69807573807096923,83966cc0d651ec3a862f68895a684ddffad4f17759c3d3a6146e835b98dfdc1b,selected_candidate_loading,True,83966cc0d651ec3a862f68895a684ddffad4f17759c3d3a6146e835b98dfdc1b,bernoulli,1
rep2,start_B,3,4,bfgs,bernoulli,bernoulli,53.96213145377354,False,True,-47.69701132242379,-74.67807704931056,bfgs,5,True,1.3766765505351941e-15,True,0,bfgs,5,True,2.6074253867136575e-12,True,0,bernoulli,-47.69701132242379,0.73192675869435297,658e0cb8b066d550359fc9c3f5b72c0cf13345c2df6fd5408653f537865e627c,selected_candidate_loading,True,658e0cb8b066d550359fc9c3f5b72c0cf13345c2df6fd5408653f537865e627c,bernoulli,1
rep2,start_B,3,5,bfgs,bernoulli,bernoulli,45.57916408236261,False,True,-51.97921994910082,-74.76880199028213,bfgs,4,True,1.9468870959826744e-13,True,0,bfgs,5,True,4.263256414560601e-15,True,0,bernoulli,-51.97921994910082,-0.02697218397967862,60eb0e7c43a257f87dceb23525e305b33eb516833db20deb557e5f3defb5b687,selected_candidate_loading,True,60eb0e7c43a257f87dceb23525e305b33eb516833db20deb557e5f3defb5b687,bernoulli,1
rep2,start_B,3,6,bfgs,bernoulli,bernoulli,48.175069621295776,False,False,-49.34419048411794,-73.43172529476583,bfgs,5,True,3.1885993845293115e-10,False,2,bfgs,3,False,5.764137493535771e-07,False,2,bernoulli,-49.34419048411794,-0.55722058970412836,a32aefe6a1de1349fe917d5126e805644c8262ea6e9013eddade1d55f858666b,selected_candidate_loading,True,a32aefe6a1de1349fe917d5126e805644c8262ea6e9013eddade1d55f858666b,bernoulli,1
rep2,start_B,3,7,bfgs,bernoulli,bernoulli,46.66607356963708,False,True,-51.64567972380748,-74.97871650862602,bfgs,4,True,1.1112000208868266e-12,True,0,bfgs,4,True,8.733259448945318e-10,False,2,bernoulli,-51.64567972380748,0.19173255811472351,4356649f05d1333b06d6d67b36db09352d6bc8d6830ccf19db4c991060e67b1c,selected_candidate_loading,True,4356649f05d1333b06d6d67b36db09352d6bc8d6830ccf19db4c991060e67b1c,bernoulli,1
rep2,start_B,3,8,bfgs,bernoulli,bernoulli,48.15356427253742,False,True,-49.36139743376,-73.43817957002871,bfgs,4,True,2.2276513966801305e-12,True,0,bfgs,4,True,1.893596390800667e-13,True,0,bernoulli,-49.36139743376,-0.55522717230752616,1c97a35ea8c2667c5063ea81e677b7bad7ca9146c69e5e0f7f67b0517eb02095,selected_candidate_loading,True,1c97a35ea8c2667c5063ea81e677b7bad7ca9146c69e5e0f7f67b0517eb02095,bernoulli,1
rep2,start_B,4,3,bfgs,bernoulli,bernoulli,47.55097576511356,False,True,-49.91467409065367,-73.69016197321045,bfgs,5,True,7.867467033406684e-09,False,2,bfgs,4,True,1.4210854715202005e-15,True,0,bernoulli,-49.91467409065367,-0.48872237917087108,d87ef2098fdd613ebe314af20405d992b64213962704225404cabfebad05a7e6,selected_candidate_loading,True,d87ef2098fdd613ebe314af20405d992b64213962704225404cabfebad05a7e6,bernoulli,1
rep2,start_B,4,4,bfgs,bernoulli,bernoulli,53.40947888793775,False,True,-47.99557255392459,-74.70031199789346,bfgs,4,True,2.8634872251132035e-13,True,0,bfgs,7,True,1.0658141036401502e-15,True,0,bernoulli,-47.99557255392459,0.70381879485661825,64372070dcaf0c35857a4a4a2d1c30df2954958916a2b20386060d2ece3ead28,selected_candidate_loading,True,64372070dcaf0c35857a4a4a2d1c30df2954958916a2b20386060d2ece3ead28,bernoulli,1
rep2,start_B,4,5,bfgs,bernoulli,bernoulli,45.83590604524578,False,True,-51.454326013155345,-74.37227903577823,bfgs,4,True,1.6211476605576536e-11,True,0,bfgs,4,True,1.4839685036349692e-12,True,0,bernoulli,-51.454326013155345,-0.24052771027401118,223f2d20fd016b7c6cf6234502159b6ba363da1ec44570648cf72e5cd38ce6cd,selected_candidate_loading,True,223f2d20fd016b7c6cf6234502159b6ba363da1ec44570648cf72e5cd38ce6cd,bernoulli,1
rep2,start_B,4,6,bfgs,bernoulli,bernoulli,47.34083687609514,False,True,-50.08759395981031,-73.75801239785788,bfgs,5,True,3.9968028886505636e-16,True,0,bfgs,4,True,2.3963631079482185e-11,True,0,bernoulli,-50.08759395981031,-0.46634486053408702,c53d077debb49950718bafb7a625dc076ac665ccbbd0c36e40c25662f1ba1719,selected_candidate_loading,True,c53d077debb49950718bafb7a625dc076ac665ccbbd0c36e40c25662f1ba1719,bernoulli,1
rep2,start_B,4,7,bfgs,bernoulli,bernoulli,47.042809185273626,False,True,-51.474193209761836,-74.99559780239865,bfgs,4,True,7.971401316808624e-15,True,0,bfgs,5,True,3.508304757815495e-15,True,0,bernoulli,-51.474193209761836,0.23590359759614649,e740a5b0fc534ec53bb9de8b073e68a3946a3b9cab049ca4bda8d37de3dafb9a,selected_candidate_loading,True,e740a5b0fc534ec53bb9de8b073e68a3946a3b9cab049ca4bda8d37de3dafb9a,bernoulli,1
rep2,start_B,4,8,bfgs,bernoulli,bernoulli,49.04844060655353,False,True,-48.73104188682895,-73.25526219010571,bfgs,4,True,2.637001728089672e-12,True,0,bfgs,5,True,6.217248937900876e-16,True,0,bernoulli,-48.73104188682895,-0.62667595362372763,af2af651da41e4ce2767be8955fefd6a8a8f3a932e9c7945acb1083fe4567b5f,selected_candidate_loading,True,af2af651da41e4ce2767be8955fefd6a8a8f3a932e9c7945acb1083fe4567b5f,bernoulli,1
rep2,start_B,5,3,bfgs,bernoulli,bernoulli,46.939777351547065,False,True,-50.48736764193147,-73.957256317705,bfgs,5,True,6.217248937900876e-16,True,0,bfgs,4,True,5.5472071380791025e-12,True,0,bernoulli,-50.48736764193147,-0.41257553953419168,e9a2ac38fd9d32b79d6caccc72e102b3ed4c13137fe5decf38ddefe227c85e10,selected_candidate_loading,True,e9a2ac38fd9d32b79d6caccc72e102b3ed4c13137fe5decf38ddefe227c85e10,bernoulli,1
rep2,start_B,5,4,bfgs,bernoulli,bernoulli,53.450417343732155,False,True,-47.95135203550135,-74.67656070736743,bfgs,3,True,1.2372325386422745e-13,True,0,bfgs,7,True,1.1546319456101628e-14,True,0,bernoulli,-47.95135203550135,0.71379437048026506,a00bb22312b49d796c159edff8598e088493e6b97406a7baa3a6206bcf355777,selected_candidate_loading,True,a00bb22312b49d796c159edff8598e088493e6b97406a7baa3a6206bcf355777,bernoulli,1
rep2,start_B,5,5,bfgs,bernoulli,bernoulli,46.80060717821287,False,True,-50.60677037493006,-74.0070739640365,bfgs,4,True,1.929759818608545e-09,False,2,bfgs,4,True,4.694911126534862e-13,True,0,bernoulli,-50.60677037493006,-0.39481283059107386,601139feeb504fbcc17ef50ae0c2554fe84bff3bb60c3dd89b6cfc7cf81b6b10,selected_candidate_loading,True,601139feeb504fbcc17ef50ae0c2554fe84bff3bb60c3dd89b6cfc7cf81b6b10,bernoulli,1
rep2,start_B,5,6,bfgs,bernoulli,bernoulli,46.48900764660212,False,True,-50.881086628169285,-74.12559045147034,bfgs,5,True,5.08572961521736e-10,False,2,bfgs,4,True,3.0200508760458434e-12,True,0,bernoulli,-50.881086628169285,-0.35135664285984647,4380a3b64394cabbd84ac2f595d496e94a6e1f36bf7c0b3d2464701e620132d5,selected_candidate_loading,True,4380a3b64394cabbd84ac2f595d496e94a6e1f36bf7c0b3d2464701e620132d5,bernoulli,1
rep2,start_B,5,7,bfgs,bernoulli,bernoulli,47.132351434174595,False,True,-51.43280083561829,-74.99897655270559,bfgs,3,True,2.4393376207854088e-12,True,0,bfgs,5,True,5.565770067050835e-13,True,0,bernoulli,-51.43280083561829,0.24576256987165432,b68daa3f8b007ac2b061e3e89db82e2ee6b423f30be02868637670d401a42d76,selected_candidate_loading,True,b68daa3f8b007ac2b061e3e89db82e2ee6b423f30be02868637670d401a42d76,bernoulli,1
rep2,start_B,5,8,bfgs,bernoulli,bernoulli,48.13451306476635,False,True,-49.51028674483664,-73.57754327721982,bfgs,5,True,2.1094237467877974e-15,True,0,bfgs,4,True,4.505285033928885e-13,True,0,bernoulli,-49.51028674483664,-0.54120717808021968,608cb854f5a7e0858f0ae052c969cee09473f7dd738aa57e92171a5128ceb498,selected_candidate_loading,True,608cb854f5a7e0858f0ae052c969cee09473f7dd738aa57e92171a5128ceb498,bernoulli,1
rep2,start_B,6,3,bfgs,bernoulli,bernoulli,46.39288621703061,False,True,-50.70549872954057,-73.90194183805588,bfgs,4,True,3.645084234449314e-13,True,0,bfgs,4,True,3.2721381160172313e-12,True,0,bernoulli,-50.70549872954057,-0.37994165322284906,ca8ffe2a2cb9f9caf9413339ebd1f33e93a592c3c12a49140034b836098eba3c,selected_candidate_loading,True,ca8ffe2a2cb9f9caf9413339ebd1f33e93a592c3c12a49140034b836098eba3c,bernoulli,1
rep2,start_B,6,4,bfgs,bernoulli,bernoulli,52.560043056072686,False,False,-48.53435421759926,-74.8143757456356,bfgs,5,True,9.769962616701378e-16,True,0,bfgs,6,False,1.243326099853448e-08,False,2,bernoulli,-48.53435421759926,0.65458248609883307,4a744a98ae6a4ed010cbd636f7be00d3999bc5680003d94a5effd43458e7c2f6,selected_candidate_loading,True,4a744a98ae6a4ed010cbd636f7be00d3999bc5680003d94a5effd43458e7c2f6,bernoulli,1
rep2,start_B,6,5,bfgs,bernoulli,bernoulli,47.71491320976014,False,True,-49.5589012564795,-73.41635786135957,bfgs,4,True,2.27637464433883e-11,True,0,bfgs,4,True,4.950706511408498e-13,True,0,bernoulli,-49.5589012564795,-0.53644474080866789,165b1cbf7091271e921a9a0498d1954070b13d4b760a1fc9eac95ca271e0373a,selected_candidate_loading,True,165b1cbf7091271e921a9a0498d1954070b13d4b760a1fc9eac95ca271e0373a,bernoulli,1
rep2,start_B,6,6,bfgs,bernoulli,bernoulli,45.952552573243025,False,True,-51.13353087363534,-74.10980716025685,bfgs,4,True,1.895994472533857e-12,True,0,bfgs,4,True,5.733191699164308e-14,True,0,bernoulli,-51.13353087363534,-0.30713569969446985,1c7a7510769996aaf00b62e1efd4dc509f17800b9059243d741f8ce48a63e247,selected_candidate_loading,True,1c7a7510769996aaf00b62e1efd4dc509f17800b9059243d741f8ce48a63e247,bernoulli,1
rep2,start_B,6,7,bfgs,bernoulli,bernoulli,48.36041217898341,False,True,-50.815648884704885,-74.99585497419659,bfgs,4,True,2.9753977059954195e-14,True,0,bfgs,5,True,2.748434813071299e-12,True,0,bernoulli,-50.815648884704885,0.36236276672017365,bf42bcfd168b5db5c9e7068002f1b5899a8dba0bfdfda84e8a7943a5f25b9c24,selected_candidate_loading,True,bf42bcfd168b5db5c9e7068002f1b5899a8dba0bfdfda84e8a7943a5f25b9c24,bernoulli,1
rep2,start_B,6,8,bfgs,bernoulli,bernoulli,47.55702656254664,False,True,-49.689775458068254,-73.46828873934157,bfgs,4,True,6.075603398159046e-09,False,2,bfgs,4,True,3.3391955867045907e-12,True,0,bernoulli,-49.689775458068254,-0.52026843081592611,45fbde6a13a1cce7fe5c7ea25694e0ff9ff5bbc2b3636dc785ed6e23b9e6b8e5,selected_candidate_loading,True,45fbde6a13a1cce7fe5c7ea25694e0ff9ff5bbc2b3636dc785ed6e23b9e6b8e5,bernoulli,1
rep2,start_B,7,3,bfgs,bernoulli,bernoulli,46.454829217972176,False,True,-50.829749130060414,-74.0571637390465,bfgs,4,True,3.9523939676655574e-15,True,0,bfgs,4,True,7.260858581048524e-13,True,0,bernoulli,-50.829749130060414,-0.36028640583988147,b8184d2acab0d3ffe333b84cacad9b89f26086da9f786a2cabf21f8fb613f046,selected_candidate_loading,True,b8184d2acab0d3ffe333b84cacad9b89f26086da9f786a2cabf21f8fb613f046,bernoulli,1
rep2,start_B,7,4,bfgs,bernoulli,bernoulli,53.027478854198975,False,True,-48.220371489918385,-74.73411091701787,bfgs,4,True,3.552713678800501e-16,True,0,bfgs,7,True,9.592326932761353e-14,True,0,bernoulli,-48.220371489918385,0.68774871184246378,169af4c1dd9195e122b310219e254ac60bd47a280d41deb623173957cb9371ee,selected_candidate_loading,True,169af4c1dd9195e122b310219e254ac60bd47a280d41deb623173957cb9371ee,bernoulli,1
rep2,start_B,7,5,bfgs,bernoulli,bernoulli,47.27105782630089,False,False,-50.11921587712603,-73.75474479027648,bfgs,5,True,4.440892098500626e-16,True,0,bfgs,3,False,4.1851212078114487e-07,False,2,bernoulli,-50.11921587712603,-0.46491901017384746,27fec6250fe2a2022ddd138feb4c37331fa34d685f66b4348ce6ff102ab1c8e2,selected_candidate_loading,True,27fec6250fe2a2022ddd138feb4c37331fa34d685f66b4348ce6ff102ab1c8e2,bernoulli,1
rep2,start_B,7,6,bfgs,bernoulli,bernoulli,46.37977236560826,False,True,-50.898708673672346,-74.08859485647648,bfgs,4,True,1.3322676295501878e-15,True,0,bfgs,4,True,3.69515085196781e-11,True,0,bernoulli,-50.898708673672346,-0.34885103484288399,145c8cdf590ed207032f9653529a60598a1062a872c5cab27cfc1eb4c5082829,selected_candidate_loading,True,145c8cdf590ed207032f9653529a60598a1062a872c5cab27cfc1eb4c5082829,bernoulli,1
rep2,start_B,7,7,bfgs,bernoulli,bernoulli,47.4951310107009,False,False,-51.25242700908733,-74.99999251443778,bfgs,4,True,8.894573966244934e-11,True,0,bfgs,5,False,2.2736383616939194e-07,False,2,bernoulli,-51.25242700908733,0.28432761526890793,1a09ee594e949e18dca3e0506cc94da4c877789ab7c6fe750d8173e8bac7f5d8,selected_candidate_loading,True,1a09ee594e949e18dca3e0506cc94da4c877789ab7c6fe750d8173e8bac7f5d8,bernoulli,1
rep2,start_B,7,8,bfgs,bernoulli,bernoulli,47.92902682627147,False,True,-49.57831820325866,-73.5428316163944,bfgs,3,True,4.494182803682634e-14,True,0,bfgs,4,True,5.944755798736878e-12,True,0,bernoulli,-49.57831820325866,-0.53419053195599275,84668e6ba50892605d2fbcbe2964c34b51b5f82fe58c8e7c3d4f7651a6cb23a3,selected_candidate_loading,True,84668e6ba50892605d2fbcbe2964c34b51b5f82fe58c8e7c3d4f7651a6cb23a3,bernoulli,1
rep2,start_B,8,3,bfgs,bernoulli,bernoulli,46.039835047356334,False,True,-50.68349765107153,-73.7034151747497,bfgs,4,True,4.440892098500626e-16,True,0,bfgs,4,True,1.7394086171407253e-12,True,0,bernoulli,-50.68349765107153,-0.38358352650043792,7063d18489648ed4f7a727f6ca5ab0bf48fe3b2dd97df16574d34eedc4c2126a,selected_candidate_loading,True,7063d18489648ed4f7a727f6ca5ab0bf48fe3b2dd97df16574d34eedc4c2126a,bernoulli,1
rep2,start_B,8,4,bfgs,bernoulli,bernoulli,52.022692468518784,False,False,-48.895487046233555,-74.90683328049295,bfgs,5,True,1.865174681370263e-15,True,0,bfgs,6,False,2.9330271189564884e-08,False,2,bernoulli,-48.895487046233555,0.61409069566704499,fcfa1a98a89ed8b08e9e14d0b9a926251ca4cf61ba2431f0d9b17f6e2791917c,selected_candidate_loading,True,fcfa1a98a89ed8b08e9e14d0b9a926251ca4cf61ba2431f0d9b17f6e2791917c,bernoulli,1
rep2,start_B,8,5,bfgs,bernoulli,bernoulli,46.86105509747331,False,True,-49.91026434081575,-73.3407918895524,bfgs,3,True,7.705835969318287e-13,True,0,bfgs,4,True,5.479527942497952e-12,True,0,bernoulli,-49.91026434081575,-0.49241422386582689,10db4c75d52f1b43041a425a36f0c212a72ff09cf8785e6a9205c845ad8d0c36,selected_candidate_loading,True,10db4c75d52f1b43041a425a36f0c212a72ff09cf8785e6a9205c845ad8d0c36,bernoulli,1
rep2,start_B,8,6,bfgs,bernoulli,bernoulli,45.55782073156065,False,True,-51.20173815780483,-73.98064852358516,bfgs,4,True,1.362066015531127e-11,True,0,bfgs,4,True,1.6507284428257662e-11,True,0,bernoulli,-51.20173815780483,-0.29429771609044419,e62e4b1a7d697a2eb0254d127074669fc7b34bf44cb56fc804c0f950a2c832b7,selected_candidate_loading,True,e62e4b1a7d697a2eb0254d127074669fc7b34bf44cb56fc804c0f950a2c832b7,bernoulli,1
rep2,start_B,8,7,bfgs,bernoulli,bernoulli,47.597503351533845,False,True,-51.18937971634789,-74.98813139211481,bfgs,3,True,8.611633628419213e-12,True,0,bfgs,5,True,5.414957371385753e-12,True,0,bernoulli,-51.18937971634789,0.29668776177441725,ba28a4a556885425bcdc2e2fc39578652b72fb8282b00e3445f0a6ec63d7769b,selected_candidate_loading,True,ba28a4a556885425bcdc2e2fc39578652b72fb8282b00e3445f0a6ec63d7769b,bernoulli,1
rep2,start_B,8,8,bfgs,bernoulli,bernoulli,47.488265817747916,False,True,-49.36113302170585,-73.1052659305798,bfgs,3,True,4.529234765016099e-11,True,0,bfgs,4,True,6.73603395284772e-12,True,0,bernoulli,-49.36113302170585,-0.56031460123964305,3c747e77b7909ba9b16a1b2098fc63e0b3d92233ce54ea9b4d24a14c7a659546,selected_candidate_loading,True,3c747e77b7909ba9b16a1b2098fc63e0b3d92233ce54ea9b4d24a14c7a659546,bernoulli,1
rep2,start_B,1,3,bfgs,bernoulli,bernoulli,45.39504365633334,False,True,-51.766339136628474,-74.46386096479515,bfgs,5,True,9.182734572732442e-11,True,0,bfgs,6,True,1.574429475681427e-12,True,0,bernoulli,-51.766339136628474,0.13414671496169445|-0.061657097427447183,df6507175df3d0a32e60e6fcffe1f56999c847652cec3beca391fd2a4c9fb85e,selected_candidate_loading,True,df6507175df3d0a32e60e6fcffe1f56999c847652cec3beca391fd2a4c9fb85e,bernoulli,2
rep2,start_B,1,4,bfgs,bernoulli,bernoulli,52.214067161507046,False,True,-48.72478226309319,-74.83181584384671,bfgs,5,True,3.988240848684654e-11,True,0,bfgs,7,True,8.371223714220833e-11,True,0,bernoulli,-48.72478226309319,-0.47308128698303425|0.3052620076520865,11ea21d7421b7475591e5544ab35a33b0891129e3a8c63180238c7e05964c6c0,selected_candidate_loading,True,11ea21d7421b7475591e5544ab35a33b0891129e3a8c63180238c7e05964c6c0,bernoulli,2
rep2,start_B,1,5,bfgs,bernoulli,bernoulli,48.661717488321756,False,True,-48.93926838970067,-73.27012713386155,bfgs,8,True,3.05089287166993e-13,True,0,bfgs,6,True,6.17212947418011e-12,True,0,bernoulli,-48.93926838970067,-0.32460907792566457|-0.5878749291188009,1bdaf797dee4d85de24f40dfa03f89d271594cd612e33b26a2c87bbff1314ab5,selected_candidate_loading,True,1bdaf797dee4d85de24f40dfa03f89d271594cd612e33b26a2c87bbff1314ab5,bernoulli,2
rep2,start_B,1,6,bfgs,bernoulli,bernoulli,45.873482763029116,False,True,-51.177651682679574,-74.11439306419413,bfgs,6,True,2.1710166997479519e-10,False,2,bfgs,6,True,4.712688905783579e-10,False,2,bernoulli,-51.177651682679574,0.28603515992101752|-0.10144354787827059,c5671ffe295255c1477f4ffb96e6de921c39b9386dc51209b6508da5ad189d74,selected_candidate_loading,True,c5671ffe295255c1477f4ffb96e6de921c39b9386dc51209b6508da5ad189d74,bernoulli,2
rep2,start_B,1,7,bfgs,bernoulli,bernoulli,48.37015200900282,False,False,-50.65884370585397,-74.84391971035538,bfgs,5,False,1.2843251440131098e-07,False,2,bfgs,5,False,1.857556323203724e-08,False,2,bernoulli,-50.65884370585397,0.27851461098827934|0.38137718737493953,1d2684d6c563438df441ef400313b501d62706cb786f40e72972997a2e250b83,selected_candidate_loading,True,1d2684d6c563438df441ef400313b501d62706cb786f40e72972997a2e250b83,bernoulli,2
rep2,start_B,1,8,bfgs,bernoulli,bernoulli,47.20604178459614,False,True,-49.862014410305925,-73.465035302604,bfgs,6,True,1.765876334047789e-11,True,0,bfgs,7,True,7.161396808896825e-09,False,2,bernoulli,-49.862014410305925,0.28487075897743852|-0.29113849664705665,8d83288c83b74ecd27956f20dcacdb3f636ff14737b4ede98a673f4f39d51858,selected_candidate_loading,True,8d83288c83b74ecd27956f20dcacdb3f636ff14737b4ede98a673f4f39d51858,bernoulli,2
rep2,start_B,2,3,bfgs,bernoulli,bernoulli,46.6965616039318,False,True,-50.598659756153296,-73.9469405581192,bfgs,6,True,6.320739487364335e-11,True,0,bfgs,5,True,2.3113840563748767e-10,False,2,bernoulli,-50.598659756153296,0.37205957160999048|-0.14944173960548979,2f9eaf15a412d737c67998425308cad151bd136bdde43de0ec6e0aed676012b0,selected_candidate_loading,True,2f9eaf15a412d737c67998425308cad151bd136bdde43de0ec6e0aed676012b0,bernoulli,2
rep2,start_B,2,4,bfgs,bernoulli,bernoulli,55.73784518469998,False,True,-46.45362619096265,-74.32254878331264,bfgs,6,True,9.238849685289097e-10,False,2,bfgs,8,True,9.070362239071983e-11,True,0,bernoulli,-46.45362619096265,-0.91727105231185357|0.20877443954074265,d854e2ad6bfd52c5ed87f7837af64179b770f52bc08f827a4c35239ede346a48,selected_candidate_loading,True,d854e2ad6bfd52c5ed87f7837af64179b770f52bc08f827a4c35239ede346a48,bernoulli,2
rep2,start_B,2,5,bfgs,bernoulli,bernoulli,47.65179494514304,False,True,-49.75299107814052,-73.57888855071204,bfgs,6,True,1.490983031482429e-10,False,2,bfgs,8,True,2.3130173332219784e-10,False,2,bernoulli,-49.75299107814052,-0.10213464736054464|-0.4579693763929244,62b4060ca9c464b7c2a3be9021293b1f2c6f5522f8d422223a836b804f911bc8,selected_candidate_loading,True,62b4060ca9c464b7c2a3be9021293b1f2c6f5522f8d422223a836b804f911bc8,bernoulli,2
rep2,start_B,2,6,bfgs,bernoulli,bernoulli,45.87485957511677,False,True,-51.342486414342375,-74.27991620190076,bfgs,5,True,5.31663602032495e-12,True,0,bfgs,6,True,8.524292383071951e-14,True,0,bernoulli,-51.342486414342375,0.24014910631425113|-0.108964095879425,ea759acdb1a180a76972d5f840a911b4660f959cd55e304beef399c8d9617d0c,selected_candidate_loading,True,ea759acdb1a180a76972d5f840a911b4660f959cd55e304beef399c8d9617d0c,bernoulli,2
rep2,start_B,2,7,bfgs,bernoulli,bernoulli,48.68292708752384,False,True,-50.55122198303256,-74.89268552679448,bfgs,5,True,1.0414433759819985e-09,False,2,bfgs,7,True,1.342950195493131e-11,True,0,bernoulli,-50.55122198303256,0.16097351939976504|0.36813177678610504,e02a67d0ff5ecea718c3e87cb8bfe7c4a0f2eb275528ae8962c81316d7abb443,selected_candidate_loading,True,e02a67d0ff5ecea718c3e87cb8bfe7c4a0f2eb275528ae8962c81316d7abb443,bernoulli,2
rep2,start_B,2,8,bfgs,bernoulli,bernoulli,48.6530692935425,False,False,-48.939809845570636,-73.26634449234189,bfgs,6,False,2.211183618427981e-08,False,2,bfgs,6,True,1.7885959380237182e-10,False,2,bernoulli,-48.939809845570636,-0.098072851232474931|-0.54017043519447261,05557a4b13d4f5ede6b0e98c0912e3247835a863020c84a75d50ba358a505871,selected_candidate_loading,True,05557a4b13d4f5ede6b0e98c0912e3247835a863020c84a75d50ba358a505871,bernoulli,2
rep2,start_B,3,3,bfgs,bernoulli,bernoulli,47.48367037906155,False,True,-50.294555318156554,-74.03639050768733,bfgs,4,True,7.883171448952453e-10,False,2,bfgs,6,True,1.7133052754303435e-09,False,2,bernoulli,-50.294555318156554,0.40956152264470397|-0.17407206864037877,c4565d5124891484f73745335ad2fc6c251e7362214155e6ec29447ef7dbce68,selected_candidate_loading,True,c4565d5124891484f73745335ad2fc6c251e7362214155e6ec29447ef7dbce68,bernoulli,2
rep2,start_B,3,4,bfgs,bernoulli,bernoulli,58.182819174266825,False,True,-44.33676883848422,-73.42817842561763,bfgs,5,True,1.2274794958244684e-09,False,2,bfgs,9,True,1.113242831252137e-10,False,2,bernoulli,-44.33676883848422,-0.9943903319659152|0.40372507975999272,e239653fc3f5b849eb8eb6cd6cae417f1a95ffc97c0444374f84a15bd5110d93,selected_candidate_loading,True,e239653fc3f5b849eb8eb6cd6cae417f1a95ffc97c0444374f84a15bd5110d93,bernoulli,2
rep2,start_B,3,5,bfgs,bernoulli,bernoulli,46.946498311241925,False,False,-49.951115116435005,-73.42436427205597,bfgs,5,True,2.764164008794978e-10,False,2,bfgs,5,False,1.1030175528503605e-08,False,2,bernoulli,-49.951115116435005,0.040885327286829427|-0.44431531087164949,0512c9a5857338ac5e2aaa6797ec244a35906145234af500ac1389ee43150871,selected_candidate_loading,True,0512c9a5857338ac5e2aaa6797ec244a35906145234af500ac1389ee43150871,bernoulli,2
rep2,start_B,3,6,bfgs,bernoulli,bernoulli,46.117140821388574,False,True,-51.09728549135097,-74.15585590204526,bfgs,5,True,4.0945913326595473e-11,True,0,bfgs,6,True,4.789597163323833e-09,False,2,bernoulli,-51.09728549135097,0.22378264620565447|-0.19878228855052388,3c1c5f6a4cbf6f295f8569ea83efe16923c0782632e964caabfd5accbe6b8c32,selected_candidate_loading,True,3c1c5f6a4cbf6f295f8569ea83efe16923c0782632e964caabfd5accbe6b8c32,bernoulli,2
rep2,start_B,3,7,bfgs,bernoulli,bernoulli,48.210453749687716,False,True,-50.89371169981455,-74.99893857465841,bfgs,7,True,2.7701130278501296e-10,False,2,bfgs,6,True,2.4769693567072703e-09,False,2,bernoulli,-50.89371169981455,0.064882823384335292|0.32536003330746033,03b822d729de12900848a231c4fd2ea66b7add06b4bed54f22e4179c52cbdd7b,selected_candidate_loading,True,03b822d729de12900848a231c4fd2ea66b7add06b4bed54f22e4179c52cbdd7b,bernoulli,2
rep2,start_B,3,8,bfgs,bernoulli,bernoulli,47.71730849779456,False,True,-49.24408758019206,-73.10274182908934,bfgs,6,True,6.422752996115832e-10,False,2,bfgs,6,True,9.769962616701378e-15,True,0,bernoulli,-49.24408758019206,-0.16223656841796014|-0.52661281273863936,bccbaa7672c76148caf4744f58a152f842db6b7d176703934f645e83c497c590,selected_candidate_loading,True,bccbaa7672c76148caf4744f58a152f842db6b7d176703934f645e83c497c590,bernoulli,2
rep2,start_B,4,3,bfgs,bernoulli,bernoulli,46.237891292031364,False,True,-51.02689674343028,-74.14584238944596,bfgs,6,True,3.251027891337799e-10,False,2,bfgs,7,True,9.2192919964873e-14,True,0,bernoulli,-51.02689674343028,0.11918119494955964|-0.28598961168858794,9ebf7f7716814deccf452a8cda032c45d3e97234ba7c4e42d6fe8d9d9aba44c0,selected_candidate_loading,True,9ebf7f7716814deccf452a8cda032c45d3e97234ba7c4e42d6fe8d9d9aba44c0,bernoulli,2
rep2,start_B,4,4,bfgs,bernoulli,bernoulli,57.93742971765411,False,True,-44.78633533720949,-73.75505019603655,bfgs,5,True,4.9469406349089694e-11,True,0,bfgs,9,True,7.568985438410891e-11,True,0,bernoulli,-44.78633533720949,-0.82707306273009651|0.60546566687791525,c8802d5c3a168a801200e9d4a001557b3bdaafd4f30762dc33ce469c534899ea,selected_candidate_loading,True,c8802d5c3a168a801200e9d4a001557b3bdaafd4f30762dc33ce469c534899ea,bernoulli,2
rep2,start_B,4,5,bfgs,bernoulli,bernoulli,48.03100786664908,False,True,-49.65122030010252,-73.66672423342706,bfgs,6,True,4.791722574282176e-13,True,0,bfgs,5,True,3.0293350050669686e-10,False,2,bernoulli,-49.65122030010252,0.28347185797466651|-0.41637238188033049,9a0785ee9f8a357459d1eb77127c312df4978e345e9b549ebd6ff0cac90ef802,selected_candidate_loading,True,9a0785ee9f8a357459d1eb77127c312df4978e345e9b549ebd6ff0cac90ef802,bernoulli,2
rep2,start_B,4,6,bfgs,bernoulli,bernoulli,45.90687947206328,False,True,-51.22997046155565,-74.18341019758729,bfgs,5,True,6.302261823520894e-10,False,2,bfgs,6,True,3.744750287637544e-09,False,2,bernoulli,-51.22997046155565,-0.032395125316180218|-0.27290984237443794,54f3ed46350196e304d5643c5d63364d1304b8556b716451259e501547b98c17,selected_candidate_loading,True,54f3ed46350196e304d5643c5d63364d1304b8556b716451259e501547b98c17,bernoulli,2
rep2,start_B,4,7,bfgs,bernoulli,bernoulli,48.15745156625026,False,True,-50.90106824627353,-74.97979402939866,bfgs,6,True,4.4453329905991265e-14,True,0,bfgs,6,True,1.030264368262479e-09,False,2,bernoulli,-50.90106824627353,-0.025375511457429955|0.32776046423152161,c56f74732e4d65fe058c7179cf272fa211f2c5ee7cd90ca31c2c0b5335c68244,selected_candidate_loading,True,c56f74732e4d65fe058c7179cf272fa211f2c5ee7cd90ca31c2c0b5335c68244,bernoulli,2
rep2,start_B,4,8,bfgs,bernoulli,bernoulli,49.285473088607404,False,False,-48.41966708074146,-73.06240362504516,bfgs,5,False,2.8438377963624363e-08,False,2,bfgs,6,True,3.3359981443936706e-13,True,0,bernoulli,-48.41966708074146,-0.30722513046116023|-0.57318796343983747,854df64b0186eb28736e38563f3c0b71dec8372474920c87fd46d80f1fb4e1fb,selected_candidate_loading,True,854df64b0186eb28736e38563f3c0b71dec8372474920c87fd46d80f1fb4e1fb,bernoulli,2
rep2,start_B,5,3,bfgs,bernoulli,bernoulli,46.43302582038629,False,True,-50.78359398700276,-74.0001068971959,bfgs,5,True,2.5766055955500635e-13,True,0,bfgs,6,True,6.306066779870889e-15,True,0,bernoulli,-50.78359398700276,0.10401639798294328|-0.33250938992438789,5547fb4e681ad8cc39648e4393007a2033902782a1aa448c55a8850245f57878,selected_candidate_loading,True,5547fb4e681ad8cc39648e4393007a2033902782a1aa448c55a8850245f57878,bernoulli,2
rep2,start_B,5,4,bfgs,bernoulli,bernoulli,56.769471853016086,False,True,-45.496333435308074,-73.88106936181612,bfgs,6,True,2.4588331370978268e-12,True,0,bfgs,8,True,2.776168628315645e-10,False,2,bernoulli,-45.496333435308074,-0.76671874702690501|0.5747273529617124,99143f2ff3c4db0c7c9949f3fca8a8ac8185bac1668bacdfe244ca5a885f6acf,selected_candidate_loading,True,99143f2ff3c4db0c7c9949f3fca8a8ac8185bac1668bacdfe244ca5a885f6acf,bernoulli,2
rep2,start_B,5,5,bfgs,bernoulli,bernoulli,48.347191987247896,False,True,-49.50946527716779,-73.68306127079174,bfgs,5,True,2.4069599646736604e-10,False,2,bfgs,6,True,2.1726442867020523e-11,True,0,bernoulli,-49.50946527716779,0.36666432972412466|-0.38681580214599143,2345599317ddfab00716b026cd0e103f810764a1096c08eb0a3ec51432dc2f8a,selected_candidate_loading,True,2345599317ddfab00716b026cd0e103f810764a1096c08eb0a3ec51432dc2f8a,bernoulli,2
rep2,start_B,5,6,bfgs,bernoulli,bernoulli,45.898233035160246,False,True,-51.22668431457517,-74.17580083215529,bfgs,5,True,1.9300090414731131e-10,False,2,bfgs,6,True,9.598632999541223e-11,True,0,bernoulli,-51.22668431457517,-0.11094944236907112|-0.2566559696414078,35c84d4f83e253d7161b62ad318dcf7fa891548a568660f00030836acb04a96e,selected_candidate_loading,True,35c84d4f83e253d7161b62ad318dcf7fa891548a568660f00030836acb04a96e,bernoulli,2
rep2,start_B,5,7,bfgs,bernoulli,bernoulli,47.99205471729938,False,True,-50.93531115920809,-74.93133851785778,bfgs,6,True,8.881784197001252e-16,True,0,bfgs,7,True,9.96869253810928e-13,True,0,bernoulli,-50.93531115920809,-0.12756223858924182|0.30058247237000363,e77182be3db2fa49f315aff336f2693578c70469da6d6abf4f40f8e4c5d8304b,selected_candidate_loading,True,e77182be3db2fa49f315aff336f2693578c70469da6d6abf4f40f8e4c5d8304b,bernoulli,2
rep2,start_B,5,8,bfgs,bernoulli,bernoulli,49.139189559792925,False,True,-48.484407732288375,-73.05400251218484,bfgs,5,True,3.469819986889888e-11,True,0,bfgs,6,True,2.255617914670438e-12,True,0,bernoulli,-48.484407732288375,-0.26529251908552642|-0.57752985412336721,b70f7caf2c7245a8752c09b03d5e97620ffc9b8c33c422516799f31a7c221ae0,selected_candidate_loading,True,b70f7caf2c7245a8752c09b03d5e97620ffc9b8c33c422516799f31a7c221ae0,bernoulli,2
rep2,start_B,6,3,bfgs,bernoulli,bernoulli,46.54535438716164,False,True,-50.65800900041815,-73.93068619399897,bfgs,5,True,8.494662750990755e-11,True,0,bfgs,6,True,1.1443290759416414e-12,True,0,bernoulli,-50.65800900041815,0.026886474481031798|-0.36593979429255885,fa216bdd9ace71cc051b8d48bd5c167ab88e57216d699991d76868019722ceb5,selected_candidate_loading,True,fa216bdd9ace71cc051b8d48bd5c167ab88e57216d699991d76868019722ceb5,bernoulli,2
rep2,start_B,6,4,bfgs,bernoulli,bernoulli,55.23030153253467,False,True,-46.09311793285049,-73.70826869911782,bfgs,6,True,1.515770620130752e-10,False,2,bfgs,9,True,4.870687142499719e-09,False,2,bernoulli,-46.09311793285049,-0.66148929687061531|0.5805666365073856,487d72e3ae738ab1730c1376db1bca2d9d0336a1f2466eb522e90c8c7253bb19,selected_candidate_loading,True,487d72e3ae738ab1730c1376db1bca2d9d0336a1f2466eb522e90c8c7253bb19,bernoulli,2
rep2,start_B,6,5,bfgs,bernoulli,bernoulli,48.83604217672209,False,True,-49.5396535190057,-73.95767460736674,bfgs,6,True,8.988365607365268e-14,True,0,bfgs,6,True,7.475261298850455e-10,False,2,bernoulli,-49.5396535190057,0.41070279222038447|-0.33746776959003061,5c4787a673482a3de8d6fb356e6eee43d9c1cb2eb466e1a73e42a2399c9f1245,selected_candidate_loading,True,5c4787a673482a3de8d6fb356e6eee43d9c1cb2eb466e1a73e42a2399c9f1245,bernoulli,2
rep2,start_B,6,6,bfgs,bernoulli,bernoulli,46.32757696197923,False,True,-50.698213517134356,-73.86200199812397,bfgs,5,True,3.47277762102749e-14,True,0,bfgs,6,True,6.24389429049188e-14,True,0,bernoulli,-50.698213517134356,-0.15374039045308729|-0.33770734894168364,b5a2056a6e4de7a424a7cd2a3669125080cd8cd37443a811d197142bbd43f5bd,selected_candidate_loading,True,b5a2056a6e4de7a424a7cd2a3669125080cd8cd37443a811d197142bbd43f5bd,bernoulli,2
rep2,start_B,6,7,bfgs,bernoulli,bernoulli,47.44978720818756,False,False,-51.11680020701438,-74.84169381110816,bfgs,4,False,2.1540213079873638e-07,False,2,bfgs,7,True,6.216538395165116e-12,True,0,bernoulli,-51.11680020701438,-0.11351100068599176|0.27322276071295998,9cf1557f966b392e53035eeff586afb4f2c534242dae5923fa5be4f57902c8a5,selected_candidate_loading,True,9cf1557f966b392e53035eeff586afb4f2c534242dae5923fa5be4f57902c8a5,bernoulli,2
rep2,start_B,6,8,bfgs,bernoulli,bernoulli,48.796200775572046,False,True,-48.62589071346091,-73.02399110124693,bfgs,6,True,1.84297022087776e-14,True,0,bfgs,6,True,1.5276668818842153e-14,True,0,bernoulli,-48.62589071346091,-0.18685014005174735|-0.58702233785298741,cce3cb0b1c408b661526fdd1f30cbc5409d483722a54fda393abc5f1517f4f44,selected_candidate_loading,True,cce3cb0b1c408b661526fdd1f30cbc5409d483722a54fda393abc5f1517f4f44,bernoulli,2
rep2,start_B,7,3,bfgs,bernoulli,bernoulli,47.431173781422984,False,True,-49.91638799160744,-73.63197488231893,bfgs,5,True,8.896723358020608e-11,True,0,bfgs,6,True,2.34212649274923e-13,True,0,bernoulli,-49.91638799160744,-0.15732007716364524|-0.44687380484182926,26211f863cf2759626c91b7177fa5788eb74a505ab0e3d0e66f4d46187bdbeef,selected_candidate_loading,True,26211f863cf2759626c91b7177fa5788eb74a505ab0e3d0e66f4d46187bdbeef,bernoulli,2
rep2,start_B,7,4,bfgs,bernoulli,bernoulli,55.837434349286625,False,True,-46.325096799223,-74.24381397386631,bfgs,5,True,5.318616658200881e-10,False,2,bfgs,10,True,5.955108406396903e-09,False,2,bernoulli,-46.325096799223,-0.58790450365188218|0.62739828555530552,664cf77ce6a44205e302d2bbbeb25e5ec2999146a5988b4e017401542152df3a,selected_candidate_loading,True,664cf77ce6a44205e302d2bbbeb25e5ec2999146a5988b4e017401542152df3a,bernoulli,2
rep2,start_B,7,5,bfgs,bernoulli,bernoulli,48.90193798325616,False,True,-49.17464784415021,-73.62561683577829,bfgs,5,True,4.879652237832488e-13,True,0,bfgs,6,True,2.9661499922895017e-10,False,2,bernoulli,-49.17464784415021,0.44302584327141953|-0.37033844362895446,29ee5d9ff9b77e3e58f4cc537ae872eb7b2113c4b14c104dd6509e5cc6a883ce,selected_candidate_loading,True,29ee5d9ff9b77e3e58f4cc537ae872eb7b2113c4b14c104dd6509e5cc6a883ce,bernoulli,2
rep2,start_B,7,6,bfgs,bernoulli,bernoulli,46.654528130955015,False,True,-50.59944831312646,-73.92671237860397,bfgs,4,True,1.8336976381760904e-11,True,0,bfgs,6,True,2.0323742688788116e-11,True,0,bernoulli,-50.59944831312646,-0.15757160844471438|-0.35188135487913275,de0345c63fc00ba8b9a7c3c6b1f95a58cd47fb5aed53f5f872eff9b6c9ff821f,selected_candidate_loading,True,de0345c63fc00ba8b9a7c3c6b1f95a58cd47fb5aed53f5f872eff9b6c9ff821f,bernoulli,2
rep2,start_B,7,7,bfgs,bernoulli,bernoulli,47.895606605704074,False,True,-50.981486881725445,-74.92929018457748,bfgs,5,True,8.781420035575139e-13,True,0,bfgs,8,True,2.0560109170730813e-12,True,0,bernoulli,-50.981486881725445,-0.16198180228321105|0.27704401328826916,0fe3c8e7bed75f7904c55d5b0ded779afe94b8bce467350b7e5604a2037b46ac,selected_candidate_loading,True,0fe3c8e7bed75f7904c55d5b0ded779afe94b8bce467350b7e5604a2037b46ac,bernoulli,2
rep2,start_B,7,8,bfgs,bernoulli,bernoulli,48.918152663018574,False,True,-48.743498747565745,-73.20257507907503,bfgs,6,True,1.398751336978421e-10,False,2,bfgs,6,True,1.8847146066036657e-12,True,0,bernoulli,-48.743498747565745,-0.23043593871680751|-0.563935124791755,152862d2fdd82cd4577fda09564f254bc4823f308a379e28aee8470e787be991,selected_candidate_loading,True,152862d2fdd82cd4577fda09564f254bc4823f308a379e28aee8470e787be991,bernoulli,2
rep2,start_B,8,3,bfgs,bernoulli,bernoulli,47.66366338680186,False,True,-49.50874458528794,-73.34057627868887,bfgs,5,True,1.1070699912352211e-10,False,2,bfgs,6,True,7.1798567091718725e-12,True,0,bernoulli,-49.50874458528794,-0.28193037555626788|-0.44471915314410909,7beb2bd220127342ecdc72bd938180773cdbe34eb5d2c8465671eda8570257d7,selected_candidate_loading,True,7beb2bd220127342ecdc72bd938180773cdbe34eb5d2c8465671eda8570257d7,bernoulli,2
rep2,start_B,8,4,bfgs,bernoulli,bernoulli,56.911142254390086,False,True,-45.502805006496004,-73.95837613369105,bfgs,6,True,1.3328005366020078e-12,True,0,bfgs,9,True,3.375468793365144e-11,True,0,bernoulli,-45.502805006496004,-0.57155540831043938|0.74132119043753764,4c3c118ccb023ad038d0afa5fcc924379b2044ae87b7b5d8363fc3b0c121b5ea,selected_candidate_loading,True,4c3c118ccb023ad038d0afa5fcc924379b2044ae87b7b5d8363fc3b0c121b5ea,bernoulli,2
rep2,start_B,8,5,bfgs,bernoulli,bernoulli,49.51201642811253,False,True,-48.89898753414427,-73.65499574820053,bfgs,5,True,1.2361223156176493e-12,True,0,bfgs,7,True,9.686591084800966e-10,False,2,bernoulli,-48.89898753414427,0.46350907384490259|-0.40463342101934863,20b348ff757710880261114c8bd978b5994c1e77fd092fe11ccc96fa78ab6cdd,selected_candidate_loading,True,20b348ff757710880261114c8bd978b5994c1e77fd092fe11ccc96fa78ab6cdd,bernoulli,2
rep2,start_B,8,6,bfgs,bernoulli,bernoulli,47.18246422135323,False,True,-49.923855100735125,-73.51508721141174,bfgs,5,True,2.3634427748220334e-13,True,0,bfgs,5,True,6.417817388637559e-11,True,0,bernoulli,-49.923855100735125,-0.2696520248675206|-0.39470321825568627,3a87680d658cf5f5d31d16404605c283f8490e3772214f203a6177a8dadba419,selected_candidate_loading,True,3a87680d658cf5f5d31d16404605c283f8490e3772214f203a6177a8dadba419,bernoulli,2
rep2,start_B,8,7,bfgs,bernoulli,bernoulli,47.484964839674404,False,True,-51.069735483360105,-74.81221790319731,bfgs,5,True,1.4507062218171995e-12,True,0,bfgs,8,True,4.977558365482082e-11,True,0,bernoulli,-51.069735483360105,-0.17912276156638982|0.25629297951697411,26817cf0592d7a248db143ed6779487a6f27f053097caa415d6445d34dcf05f8,selected_candidate_loading,True,26817cf0592d7a248db143ed6779487a6f27f053097caa415d6445d34dcf05f8,bernoulli,2
rep2,start_B,8,8,bfgs,bernoulli,bernoulli,48.66866713646624,False,True,-48.685481253317874,-73.019814821551,bfgs,6,True,1.7763568394002506e-16,True,0,bfgs,5,True,2.3048887243248827e-10,False,2,bernoulli,-48.685481253317874,-0.32253589047882369|-0.52576986527814218,3840accf6367c1856b74f89e8690b1b65cf8688a3503ed824a21edc8599b6749,selected_candidate_loading,True,3840accf6367c1856b74f89e8690b1b65cf8688a3503ed824a21edc8599b6749,bernoulli,2
rep2,start_B,1,3,bfgs,bernoulli,bernoulli,45.590276918789755,False,True,-51.70162698683775,-74.49676544623263,bfgs,8,True,6.014655440367278e-12,True,0,bfgs,7,True,5.53171675132802e-10,False,2,bernoulli,-51.70162698683775,0.045749904776226723|-0.00060802244463836589|0.17217186600706941,23392c677a46d919e519673b1312f64e93370599703d73272055671643bbc1b4,selected_candidate_loading,True,23392c677a46d919e519673b1312f64e93370599703d73272055671643bbc1b4,bernoulli,3
rep2,start_B,1,4,bfgs,bernoulli,bernoulli,51.19699416972004,False,True,-48.447302291219366,-74.04579937607939,bfgs,11,True,8.335792500702155e-10,False,2,bfgs,7,True,1.0127195082532126e-09,False,2,bernoulli,-48.447302291219366,0.37823367789351114|-0.16296119826312674|0.43860663174294484,194f0e92cd4387f36a351e02e6d74388daf350ad708bc41cf20308fcaa960fdd,selected_candidate_loading,True,194f0e92cd4387f36a351e02e6d74388daf350ad708bc41cf20308fcaa960fdd,bernoulli,3
rep2,start_B,1,5,bfgs,bernoulli,bernoulli,53.671556874382645,False,True,-46.146640506156686,-72.98241894334801,bfgs,10,True,2.8400570784015145e-11,True,0,bfgs,13,True,6.094289517477592e-11,True,0,bernoulli,-46.146640506156686,0.13938619873340255|0.8359309276297604|-0.78249279730532417,0a0fa15032b1f0454f71d627fcf454985e0c985f913c7ec539af91116f3399d8,selected_candidate_loading,True,0a0fa15032b1f0454f71d627fcf454985e0c985f913c7ec539af91116f3399d8,bernoulli,3
rep2,start_B,1,6,bfgs,bernoulli,bernoulli,45.21203579848954,False,True,-51.710377077703605,-74.31639497694837,bfgs,7,True,2.2435386881625163e-13,True,0,bfgs,8,True,1.909113489517722e-09,False,2,bernoulli,-51.710377077703605,-0.066414416576898075|0.090556634812313075|0.089430110960122863,09de02f15d7c5dc9a7591905290a5d6e49cab47000a8c2bc1df6ac1aaf763b4c,selected_candidate_loading,True,09de02f15d7c5dc9a7591905290a5d6e49cab47000a8c2bc1df6ac1aaf763b4c,bernoulli,3
rep2,start_B,1,7,bfgs,bernoulli,bernoulli,49.739580441422135,False,True,-49.538116260001175,-74.40790648071224,bfgs,10,True,3.806590598287585e-11,True,0,bfgs,7,True,6.834061316851603e-10,False,2,bernoulli,-49.538116260001175,-0.10767100049591735|-0.56421479036772704|0.41814197127878644,16e38f2381342c4c08b7cfe6e136089d3008b1708263f24faea8f420353b3615,selected_candidate_loading,True,16e38f2381342c4c08b7cfe6e136089d3008b1708263f24faea8f420353b3615,bernoulli,3
rep2,start_B,1,8,bfgs,bernoulli,bernoulli,46.912705330535715,False,False,-49.93385853500867,-73.39021120027653,bfgs,10,False,1.3056876313477516e-08,False,2,bfgs,12,True,6.887473347205741e-09,False,2,bernoulli,-49.93385853500867,-0.068719506052728224|0.42375019249117313|0.075419077201545962,1fd819439943c1aaba74cb8638b45b7e7a13ec19bfb7988818aa0d099f144b91,selected_candidate_loading,True,1fd819439943c1aaba74cb8638b45b7e7a13ec19bfb7988818aa0d099f144b91,bernoulli,3
rep2,start_B,2,3,bfgs,bernoulli,bernoulli,48.17119598562388,False,True,-49.00933843550759,-73.09493642831953,bfgs,8,True,1.1575878033909248e-10,False,2,bfgs,8,True,6.80522305174236e-13,True,0,bernoulli,-49.00933843550759,-0.54668272809847029|-0.32146154247123249|0.48619409408794834,e16063ec54cb83248532cd471e16c0318c27a842327c9a2d296c0d3ecd99af29,selected_candidate_loading,True,e16063ec54cb83248532cd471e16c0318c27a842327c9a2d296c0d3ecd99af29,bernoulli,3
rep2,start_B,2,4,bfgs,bernoulli,bernoulli,56.38601143674116,False,True,-45.75321035012002,-73.9462160684906,bfgs,7,True,3.3564262480467733e-12,True,0,bfgs,8,True,3.852029806239443e-12,True,0,bernoulli,-45.75321035012002,0.88269199869743531|0.14824525383842219|0.15044091382100994,d516fc256bbca19389e3a87b46b191bd3b1976b0a6035ec7628c8ee16d0e1729,selected_candidate_loading,True,d516fc256bbca19389e3a87b46b191bd3b1976b0a6035ec7628c8ee16d0e1729,bernoulli,3
rep2,start_B,2,5,bfgs,bernoulli,bernoulli,59.595901557786235,False,True,-42.61866662414014,-72.41661740303326,bfgs,8,True,7.386438127809924e-11,True,0,bfgs,9,True,3.1001038180988872e-09,False,2,bernoulli,-42.61866662414014,0.34713495934608396|1.2514755709693273|-0.96445072393795217,04dfe97e66cecb1884164f28437e9701b95b8ce33df10f41db5f995296d98f0a,selected_candidate_loading,True,04dfe97e66cecb1884164f28437e9701b95b8ce33df10f41db5f995296d98f0a,bernoulli,3
rep2,start_B,2,6,bfgs,bernoulli,bernoulli,47.37994316716377,False,True,-49.57618300434698,-73.26615458792887,bfgs,7,True,3.4512037672129735e-11,True,0,bfgs,6,True,1.4368196410430301e-09,False,2,bernoulli,-49.57618300434698,-0.47085672302170589|-0.23993905940706109|0.44065151969854227,5a335fe38efb7754e312f5eaaf3e2fbabee01fdf6d894ab3ed1f5343f5f72d99,selected_candidate_loading,True,5a335fe38efb7754e312f5eaaf3e2fbabee01fdf6d894ab3ed1f5343f5f72d99,bernoulli,3
rep2,start_B,2,7,bfgs,bernoulli,bernoulli,50.79458517345434,False,True,-48.77481103520979,-74.17210362193696,bfgs,7,True,7.381028233055531e-10,False,2,bfgs,8,True,5.6129070169497196e-09,False,2,bernoulli,-48.77481103520979,-0.1183995345959708|-0.7059655885103584|0.36384974781046814,5bb2f5fd4f48f206fcdcd37cdd70d1f33eed705249fe9d193a25537b3641a2fb,selected_candidate_loading,True,5bb2f5fd4f48f206fcdcd37cdd70d1f33eed705249fe9d193a25537b3641a2fb,bernoulli,3
rep2,start_B,2,8,bfgs,bernoulli,bernoulli,48.46668382836465,False,True,-48.40177586958992,-72.63511778377224,bfgs,7,True,7.315377192895767e-10,False,2,bfgs,7,True,2.4142199350762895e-11,True,0,bernoulli,-48.40177586958992,-0.23328656766483036|0.41453937354473425|0.32356111289746242,7ad28a426bdf51ce5195b492e0894c062d036f025ffac14ea6777211ab998b1b,selected_candidate_loading,True,7ad28a426bdf51ce5195b492e0894c062d036f025ffac14ea6777211ab998b1b,bernoulli,3
rep2,start_B,3,3,bfgs,bernoulli,bernoulli,55.32611547162661,False,True,-45.40484147298762,-73.06789920880092,bfgs,7,True,1.6886584575104279e-09,False,2,bfgs,11,True,4.991374780161096e-09,False,2,bernoulli,-45.40484147298762,-0.74979658494551849|-0.40790579173545377|0.62739094134533657,0b2d71a1700956d6d9e682c0c6906f4bd02fd079373b8485463fcc5437fa103b,selected_candidate_loading,True,0b2d71a1700956d6d9e682c0c6906f4bd02fd079373b8485463fcc5437fa103b,bernoulli,3
rep2,start_B,3,4,bfgs,bernoulli,bernoulli,58.60806055698191,False,True,-43.86913983714099,-73.17317011563195,bfgs,7,True,1.5127032959583175e-10,False,2,bfgs,11,True,1.0336123068555025e-10,False,2,bernoulli,-43.86913983714099,1.0993368085308011|0.045422643611900362|0.18597419086078945,24b1af97ec0c2c31f2782e76ec83b0a8efa3fe7d44e66a31b6f3e6fa953d21ea,selected_candidate_loading,True,24b1af97ec0c2c31f2782e76ec83b0a8efa3fe7d44e66a31b6f3e6fa953d21ea,bernoulli,3
rep2,start_B,3,5,bfgs,bernoulli,bernoulli,56.75313945826399,False,True,-43.67643754354615,-72.05300727267814,bfgs,8,True,5.058176100192213e-13,True,0,bfgs,12,True,7.933209644761519e-13,True,0,bernoulli,-43.67643754354615,0.23065133643881069|0.97593041279157122|-0.73373449728329199,5fb58f70f693ca3c5341d8c47f46dde77b054b641aceba0fbcc1b909e2725827,selected_candidate_loading,True,5fb58f70f693ca3c5341d8c47f46dde77b054b641aceba0fbcc1b909e2725827,bernoulli,3
rep2,start_B,3,6,bfgs,bernoulli,bernoulli,54.37721166439516,False,True,-45.97755207927105,-73.16615791146863,bfgs,7,True,4.2670933453337057e-10,False,2,bfgs,8,True,6.6014771427092e-10,False,2,bernoulli,-45.97755207927105,-0.6445653522129271|-0.37482406849566124|0.66227686016793685,7bfc1545582d078c9ba502529bf567f59341004802f49a9c6204d4b69fc97016,selected_candidate_loading,True,7bfc1545582d078c9ba502529bf567f59341004802f49a9c6204d4b69fc97016,bernoulli,3
rep2,start_B,3,7,bfgs,bernoulli,bernoulli,50.32939197327302,False,True,-49.522533800919426,-74.68722978755594,bfgs,7,True,2.3003128291065878e-10,False,2,bfgs,11,True,7.224332243538357e-13,True,0,bernoulli,-49.522533800919426,-0.071884275079586252|-0.52305280572651625|0.26950025011899026,4cc3a31d4c4594a43fbaf31314cc5f4d9b51b8f1886a17598d678591337c147e,selected_candidate_loading,True,4cc3a31d4c4594a43fbaf31314cc5f4d9b51b8f1886a17598d678591337c147e,bernoulli,3
rep2,start_B,3,8,bfgs,bernoulli,bernoulli,49.084060178599216,False,True,-48.37031704078375,-72.91234713008336,bfgs,7,True,7.253220246639102e-12,True,0,bfgs,7,True,9.170257442292495e-10,False,2,bernoulli,-48.37031704078375,-0.12599950347933489|0.45626654476868589|0.3793599639917189,1956e265d1cee4682e9c2fcf6bc4806044df24e92df559292fb5d99fce6c6dd0,selected_candidate_loading,True,1956e265d1cee4682e9c2fcf6bc4806044df24e92df559292fb5d99fce6c6dd0,bernoulli,3
rep2,start_B,4,3,bfgs,bernoulli,bernoulli,57.60248838378922,False,False,-44.15693545272741,-72.95817964462202,bfgs,6,True,2.484217986875592e-09,False,2,bfgs,10,False,2.1720143283943117e-08,False,2,bernoulli,-44.15693545272741,-0.86537929114552725|-0.43039839964331228|0.60532744184351306,a1a02cfd58a41a6f0c2e1956e1e07163a4c3c74b16c2555e3e953f6a1183896d,selected_candidate_loading,True,a1a02cfd58a41a6f0c2e1956e1e07163a4c3c74b16c2555e3e953f6a1183896d,bernoulli,3
rep2,start_B,4,4,bfgs,bernoulli,bernoulli,58.022865064559966,False,True,-43.97649092095742,-72.9879234532374,bfgs,6,True,1.8420658776108212e-09,False,2,bfgs,11,True,1.1991785342502226e-09,False,2,bernoulli,-43.97649092095742,1.0626369605563644|-0.031519136523536592|0.17805969166905369,900e57d20d1f75c28456ebf4d93f26faf5d45f1ce80ee2cb04bb9d58800afba9,selected_candidate_loading,True,900e57d20d1f75c28456ebf4d93f26faf5d45f1ce80ee2cb04bb9d58800afba9,bernoulli,3
rep2,start_B,4,5,bfgs,bernoulli,bernoulli,55.52910777833074,False,False,-44.268340301419514,-72.03289419058488,bfgs,6,False,4.852216664019693e-08,False,2,bfgs,9,False,1.1704431912562541e-08,False,2,bernoulli,-44.268340301419514,0.065012702634352243|0.85159410219058129|-0.72381788880806841,7561d4c6fb6b0f3e96e21c2744d3fb382e8f2ede1e0960edbf0d860889de1611,selected_candidate_loading,True,7561d4c6fb6b0f3e96e21c2744d3fb382e8f2ede1e0960edbf0d860889de1611,bernoulli,3
rep2,start_B,4,6,bfgs,bernoulli,bernoulli,54.05538685707039,False,True,-46.3196113336252,-73.34730476216039,bfgs,7,True,4.845457812763243e-10,False,2,bfgs,10,True,7.814749736212434e-10,False,2,bernoulli,-46.3196113336252,-0.62160624304963485|-0.33296143965449232|0.59267283341466082,9478587ac59164d7b9729fda32203b4c76002b9a484bcf4a06c30926a34239eb,selected_candidate_loading,True,9478587ac59164d7b9729fda32203b4c76002b9a484bcf4a06c30926a34239eb,bernoulli,3
rep2,start_B,4,7,bfgs,bernoulli,bernoulli,49.3847542080797,False,False,-50.06642837843329,-74.75880548247314,bfgs,8,True,3.0965452424425167e-12,True,0,bfgs,10,False,2.1306246329455546e-07,False,2,bernoulli,-50.06642837843329,0.011108734492143739|-0.43007045748826767|0.23068793151139111,339119e2544acf65e01ce9494ff63fca480d66c6fe71eda3b0c4f89ad276ec32,selected_candidate_loading,True,339119e2544acf65e01ce9494ff63fca480d66c6fe71eda3b0c4f89ad276ec32,bernoulli,3
rep2,start_B,4,8,bfgs,bernoulli,bernoulli,48.12158928176531,False,True,-49.02424461021709,-73.08503925109974,bfgs,7,True,3.4841463047996514e-12,True,0,bfgs,7,True,7.156133463581682e-10,False,2,bernoulli,-49.02424461021709,-0.22627488716793304|0.36282914998127819|0.34093960453549571,15d0942d03b1eb79f3b2f159d4f021b3f506bcd5191bb0fd35ebc2c68bc772f9,selected_candidate_loading,True,15d0942d03b1eb79f3b2f159d4f021b3f506bcd5191bb0fd35ebc2c68bc772f9,bernoulli,3
rep2,start_B,5,3,bfgs,bernoulli,bernoulli,58.59701502912186,False,True,-43.68190540403875,-72.98041291859968,bfgs,7,True,7.519602718275564e-11,True,0,bfgs,10,True,1.1723972903610048e-10,False,2,bernoulli,-43.68190540403875,-0.937133181185269|-0.56467139478201511|0.57547766282668156,00dcd589c7424a2648716ee8183ace6f983b528fc9f7198ec0b1aa7503f1f55a,selected_candidate_loading,True,00dcd589c7424a2648716ee8183ace6f983b528fc9f7198ec0b1aa7503f1f55a,bernoulli,3
rep2,start_B,5,4,bfgs,bernoulli,bernoulli,58.201021127075194,False,True,-44.281773789240034,-73.38228435277763,bfgs,7,True,1.130990057163217e-09,False,2,bfgs,11,True,5.083933274363517e-13,True,0,bernoulli,-44.281773789240034,1.0367404471169686|0.11370362200838925|0.24401411240736678,95b46a1b2884fb4af77a9e9edd0ee4ffeb12db2618cb6fb622b68bed42b4b07f,selected_candidate_loading,True,95b46a1b2884fb4af77a9e9edd0ee4ffeb12db2618cb6fb622b68bed42b4b07f,bernoulli,3
rep2,start_B,5,5,bfgs,bernoulli,bernoulli,54.59718243309736,False,False,-44.56706917480867,-71.86566039135735,bfgs,8,True,8.689049479926325e-13,True,0,bfgs,9,False,2.0682761459056564e-08,False,2,bernoulli,-44.56706917480867,0.10288323585636629|0.81449942191712199|-0.73930201438308518,344c675276e44b507bd512d18f425066f89c5e815372dd0d4b25bcad53059e69,selected_candidate_loading,True,344c675276e44b507bd512d18f425066f89c5e815372dd0d4b25bcad53059e69,bernoulli,3
rep2,start_B,5,6,bfgs,bernoulli,bernoulli,55.67213677568212,False,False,-45.45266165236102,-73.28873004020208,bfgs,7,True,8.317289079684542e-10,False,2,bfgs,10,False,3.110765476321831e-08,False,2,bernoulli,-45.45266165236102,-0.7148331782990851|-0.42278255095193218|0.63009164142979224,006d96e4db53df8c5dc9d94ccc0c861ed2c4279a256c064855952d9f8747e928,selected_candidate_loading,True,006d96e4db53df8c5dc9d94ccc0c861ed2c4279a256c064855952d9f8747e928,bernoulli,3
rep2,start_B,5,7,bfgs,bernoulli,bernoulli,50.18702706825671,False,True,-49.75838968076345,-74.8519032148918,bfgs,6,True,2.0117241206207837e-13,True,0,bfgs,8,True,1.3431900036664502e-11,True,0,bernoulli,-49.75838968076345,-0.019213109010999572|-0.46476338745719598|0.26301215625301072,b930cb45fa24bcf6cd41690c09f2219020de55b0c6eefb691e37773df5e5056e,selected_candidate_loading,True,b930cb45fa24bcf6cd41690c09f2219020de55b0c6eefb691e37773df5e5056e,bernoulli,3
rep2,start_B,5,8,bfgs,bernoulli,bernoulli,48.746109294480846,False,True,-48.687699671668454,-73.06075431890888,bfgs,6,True,8.418599151127637e-13,True,0,bfgs,8,True,8.92011797759551e-11,True,0,bernoulli,-48.687699671668454,-0.27880161779101503|0.38569206819335805|0.32775469929125722,69fd5660ac1ddf8d4de7d0f64e4e60f4a4b37306e78cb5043d4420884dc123a9,selected_candidate_loading,True,69fd5660ac1ddf8d4de7d0f64e4e60f4a4b37306e78cb5043d4420884dc123a9,bernoulli,3
rep2,start_B,6,3,bfgs,bernoulli,bernoulli,60.847690730646846,False,True,-42.47941255520683,-72.90325792053025,bfgs,7,True,8.965805875504884e-11,True,0,bfgs,10,True,6.702194355057145e-13,True,0,bernoulli,-42.47941255520683,-1.0228464945911533|-0.56103713737046379|0.71002702226884096,fad9235bb7ec320dfe304be4a57cacb3e9f58e778a2327b6c60d1aa977cc06ef,selected_candidate_loading,True,fad9235bb7ec320dfe304be4a57cacb3e9f58e778a2327b6c60d1aa977cc06ef,bernoulli,3
rep2,start_B,6,4,bfgs,bernoulli,bernoulli,59.78767622992822,False,True,-42.67101206604063,-72.56485018100474,bfgs,7,True,1.0950369500051238e-10,False,2,bfgs,11,True,3.108332435886041e-09,False,2,bernoulli,-42.67101206604063,1.2240068438390033|0.13206882900903102|0.19430936915405875,8a543a0b98bf51b0c5d2f0da188238c3568256f9158d17697102b3da3720a304,selected_candidate_loading,True,8a543a0b98bf51b0c5d2f0da188238c3568256f9158d17697102b3da3720a304,bernoulli,3
rep2,start_B,6,5,bfgs,bernoulli,bernoulli,53.61546166008584,False,True,-45.41458668815758,-72.2223175182005,bfgs,7,True,6.3651306447809475e-12,True,0,bfgs,10,True,2.7290703030757867e-11,True,0,bernoulli,-45.41458668815758,0.069896847722067043|0.80312696127136907|-0.59077468680788314,569079de5d8b1ceeb8794c7e8c278f5f84a4e2352f0b5035c793e16208542a71,selected_candidate_loading,True,569079de5d8b1ceeb8794c7e8c278f5f84a4e2352f0b5035c793e16208542a71,bernoulli,3
rep2,start_B,6,6,bfgs,bernoulli,bernoulli,54.5279002458863,False,False,-46.101594349595636,-73.36554447253879,bfgs,6,False,2.935398220049734e-08,False,2,bfgs,10,True,1.6974925465262913e-09,False,2,bernoulli,-46.101594349595636,-0.67170076927554279|-0.27684970162620076|0.62742414050534367,053c0da27a6321d0303e2766ad7f8797363ac2c87677af10bac6034631ae30b1,selected_candidate_loading,True,053c0da27a6321d0303e2766ad7f8797363ac2c87677af10bac6034631ae30b1,bernoulli,3
rep2,start_B,6,7,bfgs,bernoulli,bernoulli,50.39399537936751,False,True,-49.54981175343174,-74.7468094431155,bfgs,6,True,1.0167777730885063e-11,True,0,bfgs,8,True,1.2434371199354644e-09,False,2,bernoulli,-49.54981175343174,-0.048540840262202962|-0.48931609767900269|0.27470109474068222,6cc60d6861f0f84421c29217c4c0a134b46b796236a542b79fc3085c5da4bccc,selected_candidate_loading,True,6cc60d6861f0f84421c29217c4c0a134b46b796236a542b79fc3085c5da4bccc,bernoulli,3
rep2,start_B,6,8,bfgs,bernoulli,bernoulli,48.72381361150066,False,True,-48.85218698839319,-73.21409379414352,bfgs,7,True,2.1036070663171814e-10,False,2,bfgs,7,True,1.3483357985677457e-09,False,2,bernoulli,-48.85218698839319,-0.28547638786524898|0.33935041098449209|0.34573255980365136,8dd45e1ba6428c0c00aa061f6821a426f70e82bfff4a143c7cc77d49525caeda,selected_candidate_loading,True,8dd45e1ba6428c0c00aa061f6821a426f70e82bfff4a143c7cc77d49525caeda,bernoulli,3
rep2,start_B,7,3,bfgs,bernoulli,bernoulli,60.688702070798016,False,False,-42.21509648030379,-72.5594475157028,bfgs,6,True,5.886022336198948e-10,False,2,bfgs,11,False,1.364175536977541e-08,False,2,bernoulli,-42.21509648030379,-1.0761617894338871|-0.46035327625727762|0.69405169733707761,24bcc8f076ac50c3e567f62539664099720c1b5111720f472d88dbaf6607cc0c,selected_candidate_loading,True,24bcc8f076ac50c3e567f62539664099720c1b5111720f472d88dbaf6607cc0c,bernoulli,3
rep2,start_B,7,4,bfgs,bernoulli,bernoulli,57.74578346139083,False,True,-43.91997612058681,-72.79286785128222,bfgs,7,True,2.825344402879182e-10,False,2,bfgs,12,True,1.7278924957508934e-09,False,2,bernoulli,-43.91997612058681,1.0821173537429245|0.053585058897345911|0.27653450698850912,4173c6daaebe477cb22422ef46136e8ab1b76cb9a7d72b05649bef08fd150f4e,selected_candidate_loading,True,4173c6daaebe477cb22422ef46136e8ab1b76cb9a7d72b05649bef08fd150f4e,bernoulli,3
rep2,start_B,7,5,bfgs,bernoulli,bernoulli,52.89463657489654,False,True,-45.493782348899344,-71.94110063634761,bfgs,7,True,1.290105799967023e-10,False,2,bfgs,9,True,8.994494038461198e-11,True,0,bernoulli,-45.493782348899344,0.1357598090153852|0.80299577979539727|-0.60352832834644521,1885726746297468c38bfdc710af7a17ad3c38d3e0662988ccb9a1f240a81442,selected_candidate_loading,True,1885726746297468c38bfdc710af7a17ad3c38d3e0662988ccb9a1f240a81442,bernoulli,3
rep2,start_B,7,6,bfgs,bernoulli,bernoulli,55.20300807226184,False,True,-45.46399550220893,-73.06549953833985,bfgs,6,True,2.8320759071220893e-10,False,2,bfgs,10,True,1.9737456113944063e-10,False,2,bernoulli,-45.46399550220893,-0.72336513222260057|-0.28724100415503406|0.66213338250061926,14f67500e4931a7cee1bde4cbf556b64029d386e554c2fc5fd4f97cad8a4b048,selected_candidate_loading,True,14f67500e4931a7cee1bde4cbf556b64029d386e554c2fc5fd4f97cad8a4b048,bernoulli,3
rep2,start_B,7,7,bfgs,bernoulli,bernoulli,50.254285753948466,False,True,-49.60699283747702,-74.73413571445126,bfgs,6,True,1.4235723710953607e-12,True,0,bfgs,9,True,1.6768955113377614e-10,False,2,bernoulli,-49.60699283747702,-0.035385232754628883|-0.47019010841084585|0.29158645017373908,96f1330de96bd9df847ed559efdffb59510639fd4fc16a5c6d0fdc11707ad159,selected_candidate_loading,True,96f1330de96bd9df847ed559efdffb59510639fd4fc16a5c6d0fdc11707ad159,bernoulli,3
rep2,start_B,7,8,bfgs,bernoulli,bernoulli,48.58812178057292,False,False,-48.44942731677105,-72.74348820705751,bfgs,6,False,5.3285893830690155e-08,False,2,bfgs,9,True,6.643574579356937e-13,True,0,bernoulli,-48.44942731677105,-0.20891747790105389|0.42298070660447606|0.37318070008710869,45284fbbac16b4c3a9f36e0670cf216ef3da37ecbc62eeec50a5d246a0a1efd7,selected_candidate_loading,True,45284fbbac16b4c3a9f36e0670cf216ef3da37ecbc62eeec50a5d246a0a1efd7,bernoulli,3
rep2,start_B,8,3,bfgs,bernoulli,bernoulli,57.666016499889054,False,False,-44.07237845920399,-72.90538670914852,bfgs,7,True,7.276319458071612e-09,False,2,bfgs,11,False,5.5338338356136774e-08,False,2,bernoulli,-44.07237845920399,-0.93944546982005195|-0.50320549081877552|0.52461878793931682,802b17a2623870af02c7104105ce93c9e75d120334a8f092f287f7e17703f339,selected_candidate_loading,True,802b17a2623870af02c7104105ce93c9e75d120334a8f092f287f7e17703f339,bernoulli,3
rep2,start_B,8,4,bfgs,bernoulli,bernoulli,56.57262037748632,False,True,-44.65568551846664,-72.9419957072098,bfgs,7,True,5.788873380652148e-10,False,2,bfgs,11,True,7.21342097165234e-11,True,0,bernoulli,-44.65568551846664,1.0168366385465213|0.047497408545448386|0.17838374086031608,278cd016c3b2728be3929f287cfa1986fa0360bec7e47dc7685a6adfeff9196e,selected_candidate_loading,True,278cd016c3b2728be3929f287cfa1986fa0360bec7e47dc7685a6adfeff9196e,bernoulli,3
rep2,start_B,8,5,bfgs,bernoulli,bernoulli,55.996835803979906,False,True,-43.435135567818705,-71.43355346980866,bfgs,7,True,2.2389352594132107e-10,False,2,bfgs,9,True,4.802140907145258e-10,False,2,bernoulli,-43.435135567818705,0.18817051956698988|0.99880998677835664|-0.70178634012209706,c1186ca08c06ce9e5360e1b36f4647463c3c291f1ab70db434c5805bd4f7da8c,selected_candidate_loading,True,c1186ca08c06ce9e5360e1b36f4647463c3c291f1ab70db434c5805bd4f7da8c,bernoulli,3
rep2,start_B,8,6,bfgs,bernoulli,bernoulli,53.37783922317783,False,True,-46.33223459393069,-73.02115420551961,bfgs,8,True,1.809628003002217e-11,True,0,bfgs,11,True,8.216785474246536e-10,False,2,bernoulli,-46.33223459393069,-0.62490409772472577|-0.27597585837969996|0.62680579833097283,1a8f0af97c1ccbba32d07577968333d82c8307dae1fa3ad49338063f4fbf5486,selected_candidate_loading,True,1a8f0af97c1ccbba32d07577968333d82c8307dae1fa3ad49338063f4fbf5486,bernoulli,3
rep2,start_B,8,7,bfgs,bernoulli,bernoulli,49.04820596894086,False,True,-50.22511205196507,-74.7492150364355,bfgs,8,True,1.276632133340172e-11,True,0,bfgs,10,True,2.7370328226083984e-12,True,0,bernoulli,-50.22511205196507,-0.050726412074301445|-0.4316559951451594|0.20413376296026151,5ee7d88806b00fb1ce6beace3f6dcb4f9f81a51a1d0dedc5a4f3f02dfdd3f764,selected_candidate_loading,True,5ee7d88806b00fb1ce6beace3f6dcb4f9f81a51a1d0dedc5a4f3f02dfdd3f764,bernoulli,3
rep2,start_B,8,8,bfgs,bernoulli,bernoulli,48.316614333200405,False,False,-48.2782026119153,-72.4365097785155,bfgs,6,True,1.9984014443252818e-14,True,0,bfgs,6,False,1.4109140566986866e-07,False,2,bernoulli,-48.2782026119153,-0.18702651432451844|0.44447246619157277|0.39338362917819947,c402f75fa73750e1de0e3f8f381ecdaaaccc361104fe36979f4b5d5d0687a336,selected_candidate_loading,True,c402f75fa73750e1de0e3f8f381ecdaaaccc361104fe36979f4b5d5d0687a336,bernoulli,3
rep2,start_B,1,3,bfgs,bernoulli,bernoulli,53.21870904141463,False,True,-46.06462300008573,-72.67397752079304,bfgs,12,True,2.1130666993940395e-09,False,2,bfgs,10,True,7.9113471329606e-11,True,0,bernoulli,-46.06462300008573,0.25157634939543644|-0.418354844954618|0.28823921848677991|0.63408750503073297,8aaa840d79ab82213979c209f8ece855bdd42eaae0b37c4b042e5702d754e2ee,selected_candidate_loading,True,8aaa840d79ab82213979c209f8ece855bdd42eaae0b37c4b042e5702d754e2ee,bernoulli,4
rep2,start_B,1,4,bfgs,bernoulli,bernoulli,54.39647596408096,False,True,-46.71970458338312,-73.9179425654236,bfgs,12,True,2.1947490047580233e-09,False,2,bfgs,9,True,1.522991510682914e-10,False,2,bernoulli,-46.71970458338312,-0.30357622376845877|0.50993723574934535|0.3794284412907834|-0.3994911640310817,ba312e01a8f70aa393098e1b1f83827c133dc3422192bb6e6ecde0d81335f45b,selected_candidate_loading,True,ba312e01a8f70aa393098e1b1f83827c133dc3422192bb6e6ecde0d81335f45b,bernoulli,4
rep2,start_B,1,5,bfgs,bernoulli,bernoulli,52.22733219810108,False,True,-46.769009050559966,-72.8826751496105,bfgs,12,True,8.324931854986061e-11,True,0,bfgs,11,True,3.2649438708176604e-10,False,2,bernoulli,-46.769009050559966,0.22631075825909061|-0.15978285146473378|-0.20436939604668661|-0.90881286351615742,a570909d91b3a963555b90be1cbe70eaa60957b312cfe3c46d732ed777e551dd,selected_candidate_loading,True,a570909d91b3a963555b90be1cbe70eaa60957b312cfe3c46d732ed777e551dd,bernoulli,4
rep2,start_B,1,6,bfgs,bernoulli,bernoulli,53.31943628876246,False,False,-46.42729069435714,-73.08700883873837,bfgs,12,True,8.703342491145349e-10,False,2,bfgs,8,False,3.903359186985256e-08,False,2,bernoulli,-46.42729069435714,0.31478503369595684|-0.26748944650384471|0.80884478102530821|0.18302156791839713,06c7229c3445404301640fda70bfc6857e1d3174a9f0b8f4b91fe5dd40e1e1ac,selected_candidate_loading,True,06c7229c3445404301640fda70bfc6857e1d3174a9f0b8f4b91fe5dd40e1e1ac,bernoulli,4
rep2,start_B,1,7,bfgs,bernoulli,bernoulli,48.537103621680046,False,True,-50.104960129675305,-74.37351194051533,bfgs,9,True,1.2452261444195755e-13,True,0,bfgs,11,True,1.5158279076388225e-10,False,2,bernoulli,-50.104960129675305,-0.10627276049261375|0.029439336678331051|0.4348560754328481|0.23218160089168993,9ea29218d39e396650434fb8eb2d6bbd86b5aea3431ae93096f857ae51bb71a9,selected_candidate_loading,True,9ea29218d39e396650434fb8eb2d6bbd86b5aea3431ae93096f857ae51bb71a9,bernoulli,4
rep2,start_B,1,8,bfgs,bernoulli,bernoulli,46.67597630064179,False,True,-49.80364645863928,-73.14163460896017,bfgs,13,True,3.293036177076658e-10,False,2,bfgs,14,True,4.212683535342876e-11,True,0,bernoulli,-49.80364645863928,0.38629269455122778|-0.04617296939347685|0.038090672087245876|0.0061062048006596519,e382bdf6c28a36f011ce95db08af3752267c56c4e0717785c42c67a530d13775,selected_candidate_loading,True,e382bdf6c28a36f011ce95db08af3752267c56c4e0717785c42c67a530d13775,bernoulli,4
rep2,start_B,2,3,bfgs,bernoulli,bernoulli,56.535018765942596,False,False,-44.444388220629506,-72.7118976036008,bfgs,8,True,3.3926350617718984e-11,True,0,bfgs,12,False,5.5537642307257326e-08,False,2,bernoulli,-44.444388220629506,0.31541544440915426|-0.3732872142412656|0.31474072462179292|0.88504920737774495,49c2be50063068e1aa153420a133b6f842286e45d5d357855e5d6013972ef6c9,selected_candidate_loading,True,49c2be50063068e1aa153420a133b6f842286e45d5d357855e5d6013972ef6c9,bernoulli,4
rep2,start_B,2,4,bfgs,bernoulli,bernoulli,56.851610876232854,False,True,-44.9793599349464,-73.40516537306283,bfgs,9,True,1.3640644169754523e-12,True,0,bfgs,12,True,7.390174694421602e-10,False,2,bernoulli,-44.9793599349464,-0.3435635112008415|0.70384341397291028|0.2091122233744783|-0.35083177933922888,8194064c2a05ed2f7ac2e690811d4a8012e7c85cb2727807fa3d59e062c920ec,selected_candidate_loading,True,8194064c2a05ed2f7ac2e690811d4a8012e7c85cb2727807fa3d59e062c920ec,bernoulli,4
rep2,start_B,2,5,bfgs,bernoulli,bernoulli,56.88006603628895,False,True,-43.836237948145666,-72.27627096629014,bfgs,9,True,8.876142043590108e-11,True,0,bfgs,12,True,6.095401872130424e-09,False,2,bernoulli,-43.836237948145666,0.16055244752939021|-0.32217949827372572|-0.31447286746638681|-1.0882420760131872,10432c9c9dad7472b9cffff7681f488daadf6f370e25073b929dc6ff10280374,selected_candidate_loading,True,10432c9c9dad7472b9cffff7681f488daadf6f370e25073b929dc6ff10280374,bernoulli,4
rep2,start_B,2,6,bfgs,bernoulli,bernoulli,56.31891019909362,False,True,-44.706765395990125,-72.86622049553694,bfgs,10,True,1.4367973477646956e-11,True,0,bfgs,12,True,1.1110771858113821e-09,False,2,bernoulli,-44.706765395990125,0.40248591082964308|-0.38155087841474888|1.1056906410366965|-0.13899888891524018,24ccbef660b32bc8b23bf72658ff1e9eeae2a0248b481e97e48bb0e0a69d68f9,selected_candidate_loading,True,24ccbef660b32bc8b23bf72658ff1e9eeae2a0248b481e97e48bb0e0a69d68f9,bernoulli,4
rep2,start_B,2,7,bfgs,bernoulli,bernoulli,49.78050237158334,False,True,-49.7002625670998,-74.59051375289147,bfgs,8,True,7.973763871405027e-11,True,0,bfgs,9,True,4.478638293559101e-12,True,0,bernoulli,-49.7002625670998,-0.17815578601083268|0.024980053329106251|0.31050221479942497|0.34310646875637091,96e84bff07ecd7432d86de96ae66c1f9f02224956dffbcdc3bf70a9d849bec43,selected_candidate_loading,True,96e84bff07ecd7432d86de96ae66c1f9f02224956dffbcdc3bf70a9d849bec43,bernoulli,4
rep2,start_B,2,8,bfgs,bernoulli,bernoulli,48.81503644015004,False,True,-48.31697980025457,-72.72449802032959,bfgs,10,True,1.5435652755968477e-12,True,0,bfgs,10,True,1.1248424414134206e-11,True,0,bernoulli,-48.31697980025457,0.53111297006030578|-0.013202179758882389|-0.0046379334520681888|0.11660510729565116,de71d701c6e985532d01bf5dcb877faf7407c86f22fb701335e0aa7096bfa99f,selected_candidate_loading,True,de71d701c6e985532d01bf5dcb877faf7407c86f22fb701335e0aa7096bfa99f,bernoulli,4
rep2,start_B,3,3,bfgs,bernoulli,bernoulli,58.93301937193553,False,True,-43.21422510815347,-72.68073479412124,bfgs,8,True,2.4803501474934817e-10,False,2,bfgs,12,True,2.964830858598333e-09,False,2,bernoulli,-43.21422510815347,0.2850341706063988|-0.40344585710314473|0.23088027208235004|1.116686769790765,db4ccdf5bee476079be637119a7373da536d014ae2052fd70a01288b18c6007a,selected_candidate_loading,True,db4ccdf5bee476079be637119a7373da536d014ae2052fd70a01288b18c6007a,bernoulli,4
rep2,start_B,3,4,bfgs,bernoulli,bernoulli,58.172435551856665,False,True,-43.85809016060564,-72.94430793653397,bfgs,9,True,1.1230572027898234e-11,True,0,bfgs,13,True,4.365701133934863e-10,False,2,bernoulli,-43.85809016060564,-0.32423712936686427|0.82838874172458121|0.17183634574395551|-0.42716004882173192,7c0994fe30c932b32583bd9b216397ed8bb26f16e05d7f3bce47c09176821880,selected_candidate_loading,True,7c0994fe30c932b32583bd9b216397ed8bb26f16e05d7f3bce47c09176821880,bernoulli,4
rep2,start_B,3,5,bfgs,bernoulli,bernoulli,58.339675483877556,False,False,-43.21789137051883,-72.3877291124576,bfgs,6,False,3.5219055227742047e-08,False,2,bfgs,10,True,4.685850418795212e-09,False,2,bernoulli,-43.21789137051883,0.20012157995872179|-0.31308169238474165|-0.30207162837414181|-1.1675109432286299,51ea7faada7d79251ef42bdb40e73c6d433451408e3ebd5ad2a1ae851a91f4a4,selected_candidate_loading,True,51ea7faada7d79251ef42bdb40e73c6d433451408e3ebd5ad2a1ae851a91f4a4,bernoulli,4
rep2,start_B,3,6,bfgs,bernoulli,bernoulli,59.71852905050591,False,True,-42.96897667605562,-72.82824120130857,bfgs,8,True,2.2161121826513862e-10,False,2,bfgs,14,True,8.726118494450929e-10,False,2,bernoulli,-42.96897667605562,0.47412119446420498|-0.50653275790992702|1.1943006863871342|0.02608720365824194,6ec37976963f34a3953805289b522bafb82553597c4afabea5b3f248c27a6dd3,selected_candidate_loading,True,6ec37976963f34a3953805289b522bafb82553597c4afabea5b3f248c27a6dd3,bernoulli,4
rep2,start_B,3,7,bfgs,bernoulli,bernoulli,49.96079595326427,False,True,-49.52088773793828,-74.50128571457041,bfgs,9,True,1.4805432435593958e-10,False,2,bfgs,9,True,6.072370384302417e-11,True,0,bernoulli,-49.52088773793828,-0.23841607813525015|0.081291840213861308|0.068274235740235875|0.52445357146231575,46bbdcbe9ca004e4cd9cc3a6b616d094d32bae6feb45cbd81bb0a7ea8ba85f14,selected_candidate_loading,True,46bbdcbe9ca004e4cd9cc3a6b616d094d32bae6feb45cbd81bb0a7ea8ba85f14,bernoulli,4
rep2,start_B,3,8,bfgs,bernoulli,bernoulli,49.47292499423739,False,False,-48.24819434479342,-72.98465684191211,bfgs,7,True,5.084933474286402e-10,False,2,bfgs,8,False,5.273078926393282e-07,False,2,bernoulli,-48.24819434479342,0.55489252257902633|-0.020298252710589961|0.099211715365808903|-0.01022593336038193,af0e71c4755eda577955f5f6c0017ee11765c2ca0d57e6ec97f588141b060ab9,selected_candidate_loading,True,af0e71c4755eda577955f5f6c0017ee11765c2ca0d57e6ec97f588141b060ab9,bernoulli,4
rep2,start_B,4,3,bfgs,bernoulli,bernoulli,56.57841923565576,False,True,-44.53755656957814,-72.82676618740602,bfgs,8,True,5.890569754196662e-09,False,2,bfgs,12,True,9.128060529661752e-11,True,0,bernoulli,-44.53755656957814,0.11084869750060541|-0.38878221656183726|0.2108380206042397|0.99356078339865384,2f06a2e68fe67e848ee086469752b14f31f5910ffc5fa5bd8540cb20aeefc100,selected_candidate_loading,True,2f06a2e68fe67e848ee086469752b14f31f5910ffc5fa5bd8540cb20aeefc100,bernoulli,4
rep2,start_B,4,4,bfgs,bernoulli,bernoulli,58.1682875340305,False,True,-44.18302606298363,-73.26716982999888,bfgs,8,True,9.887890506377062e-11,True,0,bfgs,12,True,2.4017179356405906e-10,False,2,bernoulli,-44.18302606298363,-0.27766605093277202|0.83017681541847632|0.14528085294217527|-0.38831774307552774,8a126718ec6e9f1c10755419ec865cd9c9bfad1fb9fd76f6e5eaedccaed80101,selected_candidate_loading,True,8a126718ec6e9f1c10755419ec865cd9c9bfad1fb9fd76f6e5eaedccaed80101,bernoulli,4
rep2,start_B,4,5,bfgs,bernoulli,bernoulli,58.70621608291211,False,True,-42.57477235121053,-71.92788039266658,bfgs,7,True,9.157861691200253e-10,False,2,bfgs,11,True,4.731925073997445e-10,False,2,bernoulli,-42.57477235121053,0.33752661085170388|-0.39460839995496733|-0.24912762768985366|-1.2061249144649571,c097726874cf0030767ae19e3e14563d4821ed8f57a0cf83074ebd58aac998d9,selected_candidate_loading,True,c097726874cf0030767ae19e3e14563d4821ed8f57a0cf83074ebd58aac998d9,bernoulli,4
rep2,start_B,4,6,bfgs,bernoulli,bernoulli,58.46855145033675,False,False,-43.53544992945851,-72.76972565462688,bfgs,8,True,3.1151436985510374e-11,True,0,bfgs,12,False,1.3271743171117123e-08,False,2,bernoulli,-43.53544992945851,0.40929571927443154|-0.51813893892418739|1.0123199647918915|0.22698530323255853,bc36fca9a4fd6e487968f7245b083895eca78fef0f05f7cbb0adb66bf69f2691,selected_candidate_loading,True,bc36fca9a4fd6e487968f7245b083895eca78fef0f05f7cbb0adb66bf69f2691,bernoulli,4
rep2,start_B,4,7,bfgs,bernoulli,bernoulli,50.42175392727965,False,True,-49.34533280101734,-74.55620976465717,bfgs,8,True,4.1555017205041624e-10,False,2,bfgs,9,True,1.0988985110760296e-09,False,2,bernoulli,-49.34533280101734,-0.28558355616142622|0.080733660574236615|0.17502359443852955|0.45661549284866215,f9897c6ce80fdf3a9e94dbc1e69ecb7d9f4b7fd642e75fb52849e34345fe5012,selected_candidate_loading,True,f9897c6ce80fdf3a9e94dbc1e69ecb7d9f4b7fd642e75fb52849e34345fe5012,bernoulli,4
rep2,start_B,4,8,bfgs,bernoulli,bernoulli,48.468806778285284,False,True,-48.5597133963402,-72.79411678548284,bfgs,9,True,5.677169845341723e-12,True,0,bfgs,9,True,2.1216495227349698e-11,True,0,bernoulli,-48.5597133963402,0.53541504643872506|0.010319956435658474|0.02124015303742641|0.052113055072957146,2dc1c2ad6b69ff2e03e85938e1c090f652cd5348bd098a39b396ff5523a29a6f,selected_candidate_loading,True,2dc1c2ad6b69ff2e03e85938e1c090f652cd5348bd098a39b396ff5523a29a6f,bernoulli,4
rep2,start_B,5,3,bfgs,bernoulli,bernoulli,57.49451652505819,False,True,-43.89856956439805,-72.64582782692715,bfgs,8,True,6.352762760286623e-12,True,0,bfgs,12,True,2.5741380582644522e-09,False,2,bernoulli,-43.89856956439805,0.076425384765596016|-0.40688704250011021|0.30889552703067091|1.0128923833450743,9edcd6c5a847cd5a110d6a935ecec2fb1f196c4e4a637b026b3a014e29485e70,selected_candidate_loading,True,9edcd6c5a847cd5a110d6a935ecec2fb1f196c4e4a637b026b3a014e29485e70,bernoulli,4
rep2,start_B,5,4,bfgs,bernoulli,bernoulli,59.90751874522692,False,False,-43.04544060547505,-72.99919997808851,bfgs,8,True,2.5993616148412e-10,False,2,bfgs,11,False,1.3528378151050901e-08,False,2,bernoulli,-43.04544060547505,-0.1571194090750101|1.0177222952379619|0.048883050202508528|-0.28621047420183054,6c822139b901a95557a57432cf606ac2547e875d6ce63be83d23166e4f0eff90,selected_candidate_loading,True,6c822139b901a95557a57432cf606ac2547e875d6ce63be83d23166e4f0eff90,bernoulli,4
rep2,start_B,5,5,bfgs,bernoulli,bernoulli,61.38844579276463,False,False,-40.724049642081496,-71.41827253846381,bfgs,9,True,1.0501501890303188e-10,False,2,bfgs,11,False,1.0150611284842626e-08,False,2,bernoulli,-40.724049642081496,0.46258514147942259|-0.49548367064229842|-0.30498672503048807|-1.3773350788239049,73dbcbb7382d19de046edfe9535ab446dcefa6873e22bf03f28cf56da9e6172e,selected_candidate_loading,True,73dbcbb7382d19de046edfe9535ab446dcefa6873e22bf03f28cf56da9e6172e,bernoulli,4
rep2,start_B,5,6,bfgs,bernoulli,bernoulli,56.36169323649108,False,True,-44.80120209479877,-72.9820487130443,bfgs,8,True,1.3030145851189445e-10,False,2,bfgs,13,True,3.532105719017409e-10,False,2,bernoulli,-44.80120209479877,0.25757781798899904|-0.69761918585967053|0.86382918020356969|0.13547828116252877,3e85422b6a0fc3e8d35230eabca371fe979298a2fb6ed5b459a5e0863227ea12,selected_candidate_loading,True,3e85422b6a0fc3e8d35230eabca371fe979298a2fb6ed5b459a5e0863227ea12,bernoulli,4
rep2,start_B,5,7,bfgs,bernoulli,bernoulli,50.7309134411081,False,True,-49.28012451230096,-74.64558123285501,bfgs,7,True,1.4220412403176398e-09,False,2,bfgs,9,True,7.280004377108184e-12,True,0,bernoulli,-49.28012451230096,-0.30627160126294461|0.027334048775600764|0.26797616671970925|0.40335758847295305,b252be82c2606547f0a71be13dcde2da647a396a9a895925e8bd5b4cfa249ce1,selected_candidate_loading,True,b252be82c2606547f0a71be13dcde2da647a396a9a895925e8bd5b4cfa249ce1,bernoulli,4
rep2,start_B,5,8,bfgs,bernoulli,bernoulli,49.18756825091553,False,False,-48.14752829305083,-72.7413124185086,bfgs,8,True,5.791062074322895e-13,True,0,bfgs,9,False,7.18792157128334e-08,False,2,bernoulli,-48.14752829305083,0.56691613002967334|-0.14300699933610697|0.14521248268589851|-0.027453311453995804,448a945520ac76fd5a317ba40c18ced8ec5876d93cc25f24758f5228a8aef01b,selected_candidate_loading,True,448a945520ac76fd5a317ba40c18ced8ec5876d93cc25f24758f5228a8aef01b,bernoulli,4
rep2,start_B,6,3,bfgs,bernoulli,bernoulli,56.99470581563382,False,True,-44.35445739075376,-72.85181029857067,bfgs,8,True,5.540634617773321e-12,True,0,bfgs,11,True,5.489321885931985e-10,False,2,bernoulli,-44.35445739075376,0.13521079334343067|-0.49211420174264003|0.46394981482780118|0.8083540943616947,7ebe6e42c2d27fdcb1741c24bfe5f5bca7e4609a8f4aa92a53dd54d5f77aa698,selected_candidate_loading,True,7ebe6e42c2d27fdcb1741c24bfe5f5bca7e4609a8f4aa92a53dd54d5f77aa698,bernoulli,4
rep2,start_B,6,4,bfgs,bernoulli,bernoulli,58.30601580509595,False,True,-43.555515106205995,-72.70852300875397,bfgs,8,True,7.47551354152165e-11,True,0,bfgs,12,True,1.5174744794066442e-09,False,2,bernoulli,-43.555515106205995,-0.156988622589706|0.92181450024966272|0.043595759264045235|-0.4278736438590578,a4865045e3f366ecab85ba8faba049bfc74658360aeb6da638ab6bd09aab2fab,selected_candidate_loading,True,a4865045e3f366ecab85ba8faba049bfc74658360aeb6da638ab6bd09aab2fab,bernoulli,4
rep2,start_B,6,5,bfgs,bernoulli,bernoulli,59.12128085107523,False,True,-42.32622891751568,-71.88686934305329,bfgs,9,True,7.805933677218491e-12,True,0,bfgs,14,True,5.550255144370908e-09,False,2,bernoulli,-42.32622891751568,0.36119945234190159|-0.38595728040104632|-0.45071759512404219|-1.1392219328908879,e2307f100fd87acfe370597f45a6b9eb5c21face1bf84ce0a50909da7690a91d,selected_candidate_loading,True,e2307f100fd87acfe370597f45a6b9eb5c21face1bf84ce0a50909da7690a91d,bernoulli,4
rep2,start_B,6,6,bfgs,bernoulli,bernoulli,60.08322037976225,False,True,-42.9143287599974,-72.95593894987853,bfgs,8,True,7.478702102048373e-11,True,0,bfgs,11,True,2.8818508579497857e-09,False,2,bernoulli,-42.9143287599974,0.43652122134785104|-0.71408463917147347|0.97698551197081229|0.26807594090062642,bbaac69ee71d9f9a5eceea2e57f6dc59a768ad416a099c614ea88c258a909dd5,selected_candidate_loading,True,bbaac69ee71d9f9a5eceea2e57f6dc59a768ad416a099c614ea88c258a909dd5,bernoulli,4
rep2,start_B,6,7,bfgs,bernoulli,bernoulli,49.65358505018003,False,True,-49.62361552437768,-74.4504080494677,bfgs,8,True,1.2875672750212175e-11,True,0,bfgs,10,True,1.884478684210933e-12,True,0,bernoulli,-49.62361552437768,-0.28623642329493121|0.056756449587834414|0.23212413863374079|0.37809752132538083,8d389aa3018559b19edc927370d387b2bbc723890d56ad2f8031885dff9e7146,selected_candidate_loading,True,8d389aa3018559b19edc927370d387b2bbc723890d56ad2f8031885dff9e7146,bernoulli,4
rep2,start_B,6,8,bfgs,bernoulli,bernoulli,49.379108766835756,False,False,-48.13431571069882,-72.8238700941167,bfgs,7,True,4.034291234411569e-11,True,0,bfgs,9,False,1.3446104268899361e-08,False,2,bernoulli,-48.13431571069882,0.59346520060862551|-0.083687611930171935|0.10101927025887034|-0.045017812865181507,672b9923df3263f0fbd91a8c4682a9116c5e9e51296d982a7a5819cd18675cb3,selected_candidate_loading,True,672b9923df3263f0fbd91a8c4682a9116c5e9e51296d982a7a5819cd18675cb3,bernoulli,4
rep2,start_B,7,3,bfgs,bernoulli,bernoulli,59.35771820956002,False,True,-43.02839806462968,-72.70725716940969,bfgs,8,True,3.2823166407069947e-11,True,0,bfgs,13,True,1.3350228700304e-10,False,2,bernoulli,-43.02839806462968,0.12188987262231846|-0.64572214556700358|0.69150915043226446|0.72302062240063292,d1de6e4a7aa16dc4427b6cb98e434c1d8b9c586ee2222e1ab48d8e73933c8d11,selected_candidate_loading,True,d1de6e4a7aa16dc4427b6cb98e434c1d8b9c586ee2222e1ab48d8e73933c8d11,bernoulli,4
rep2,start_B,7,4,bfgs,bernoulli,bernoulli,58.78979191297347,False,True,-43.57394296745737,-72.9688389239441,bfgs,8,True,8.941394291639426e-11,True,0,bfgs,12,True,1.1054173021385339e-09,False,2,bernoulli,-43.57394296745737,-0.03045038870461109|0.92317497960955042|0.12611359704971814|-0.51473134001817722,51d76dff478b16638eb6c47b310c42f250363f1a63c74152e38abd9f064340d2,selected_candidate_loading,True,51d76dff478b16638eb6c47b310c42f250363f1a63c74152e38abd9f064340d2,bernoulli,4
rep2,start_B,7,5,bfgs,bernoulli,bernoulli,59.562768251373896,False,True,-41.342711310421315,-71.12409543610826,bfgs,8,True,3.268922910137917e-11,True,0,bfgs,10,True,6.958345011298661e-12,True,0,bernoulli,-41.342711310421315,0.50895989248802109|-0.52092057550428994|-0.24997792205676281|-1.2400108622877246,45f45c731783470f36806d225f8da346290618d9be919dbeaebca83e2d8f1ab6,selected_candidate_loading,True,45f45c731783470f36806d225f8da346290618d9be919dbeaebca83e2d8f1ab6,bernoulli,4
rep2,start_B,7,6,bfgs,bernoulli,bernoulli,57.40765789138848,False,True,-43.98641304234421,-72.69024198803845,bfgs,8,True,4.626849792188636e-10,False,2,bfgs,12,True,2.5788149393690675e-12,True,0,bernoulli,-43.98641304234421,0.29669472696308041|-0.70004895214850738|0.95822457050140353|0.21503779087541647,5ef09575ea4c1f647f527b84c760d8d3b2c7b9be3f21ac642e2651a68171ad10,selected_candidate_loading,True,5ef09575ea4c1f647f527b84c760d8d3b2c7b9be3f21ac642e2651a68171ad10,bernoulli,4
rep2,start_B,7,7,bfgs,bernoulli,bernoulli,51.39482739800813,False,True,-49.01433632537394,-74.711750024378,bfgs,8,True,3.8126002355198805e-12,True,0,bfgs,9,True,5.980764106183756e-10,False,2,bernoulli,-49.01433632537394,-0.2684519922431689|-0.045476525535359885|0.44728235034792235|0.26317818679215332,194ddce45d3cffeca80cec6244cf87df5a20b6758fa6600603c5b1c88a0c542d,selected_candidate_loading,True,194ddce45d3cffeca80cec6244cf87df5a20b6758fa6600603c5b1c88a0c542d,bernoulli,4
rep2,start_B,7,8,bfgs,bernoulli,bernoulli,48.59110853096064,False,True,-48.530629448487105,-72.82618371396742,bfgs,8,True,1.2974077367999826e-11,True,0,bfgs,8,True,2.3865691312074943e-09,False,2,bernoulli,-48.530629448487105,0.53054197592257901|-0.063122441099189699|0.064100426025480273|0.12762475095533352,3217b645862d8e09d6c8324042ce0beeecdf8aa5888b8acaaf30b2884b279ccc,selected_candidate_loading,True,3217b645862d8e09d6c8324042ce0beeecdf8aa5888b8acaaf30b2884b279ccc,bernoulli,4
rep2,start_B,8,3,bfgs,bernoulli,bernoulli,58.579541045022054,False,False,-43.47294681926329,-72.76271734177432,bfgs,8,True,1.5917489548655795e-12,True,0,bfgs,9,False,1.195393751096674e-07,False,2,bernoulli,-43.47294681926329,0.11289369305411753|-0.52607897167425188|0.55617112110087608|0.85484703788637584,8afc0e6789962d68025cd1dd7569e6aecbb5cd064e9fe79747407a9933093e1e,selected_candidate_loading,True,8afc0e6789962d68025cd1dd7569e6aecbb5cd064e9fe79747407a9933093e1e,bernoulli,4
rep2,start_B,8,4,bfgs,bernoulli,bernoulli,59.5233754839671,False,True,-42.89419897372095,-72.6558867157045,bfgs,8,True,1.2961431927749345e-11,True,0,bfgs,13,True,1.3040901691852015e-12,True,0,bernoulli,-42.89419897372095,-0.065074589728888743|1.0341521417219446|-0.08025512748849474|-0.44039677928024767,67429276b7e8c174e796e39bcf5d46950cb108ac5608f4a4616de1fc040488e9,selected_candidate_loading,True,67429276b7e8c174e796e39bcf5d46950cb108ac5608f4a4616de1fc040488e9,bernoulli,4
rep2,start_B,8,5,bfgs,bernoulli,bernoulli,59.128274215276775,False,True,-41.268720098392166,-70.83285720603055,bfgs,7,True,6.778466676848893e-14,True,0,bfgs,9,True,4.177997858789695e-09,False,2,bernoulli,-41.268720098392166,0.54691408981508427|-0.53172448568906927|-0.25623719918667492|-1.2305226533677165,96b57ade829027e5b78810321caac9064c5808de1e7c5e03c4d530fb2c5eab2e,selected_candidate_loading,True,96b57ade829027e5b78810321caac9064c5808de1e7c5e03c4d530fb2c5eab2e,bernoulli,4
rep2,start_B,8,6,bfgs,bernoulli,bernoulli,57.74815655484282,False,True,-43.59359160470495,-72.46766988212636,bfgs,7,True,1.9399387096719067e-09,False,2,bfgs,13,True,8.154970032592246e-11,True,0,bernoulli,-43.59359160470495,0.28881099138471938|-0.628067694207053|0.9692547165636467|0.42866917034553725,265092e4e93f049871906d2744db05705ab9f2491c05b154246a2354cf1a9a5a,selected_candidate_loading,True,265092e4e93f049871906d2744db05705ab9f2491c05b154246a2354cf1a9a5a,bernoulli,4
rep2,start_B,8,7,bfgs,bernoulli,bernoulli,50.75216670095746,False,True,-49.39116878723379,-74.76725213771252,bfgs,9,True,1.0310889919651345e-10,False,2,bfgs,12,True,2.8382284619765665e-09,False,2,bernoulli,-49.39116878723379,-0.310577827984169|0.024654452564561651|0.34835800680646606|0.25294030629454328,9b4af04676027a99c0e6f73a1d7b8aa300cc6a250c5d59eee6f989f391f18e86,selected_candidate_loading,True,9b4af04676027a99c0e6f73a1d7b8aa300cc6a250c5d59eee6f989f391f18e86,bernoulli,4
rep2,start_B,8,8,bfgs,bernoulli,bernoulli,49.14645631454029,False,True,-47.98237321120174,-72.55560136847188,bfgs,8,True,1.5950618603710608e-11,True,0,bfgs,9,True,2.2854895753710026e-11,True,0,bernoulli,-47.98237321120174,0.56393119428622596|0.019180454321618856|-0.052343730365558588|0.21096824562612251,7dc9dfde2395f2f462157b529ecdc3b60d4d9295bd36e5418dde55762ae54575,selected_candidate_loading,True,7dc9dfde2395f2f462157b529ecdc3b60d4d9295bd36e5418dde55762ae54575,bernoulli,4
rep2,start_B,1,3,bfgs,bernoulli,bernoulli,50.668494569518984,False,True,-48.714778177823824,-74.04902546258332,bfgs,12,True,3.121490621538214e-10,False,2,bfgs,10,True,1.4874341758286392e-10,False,2,bernoulli,-48.714778177823824,-0.35769464157216202|-0.26835895115210523|-0.010855013300327487|-0.5169385104033547|0.12211329170226018,82249a7a213a18d907a3e359a6aee3fdccf714bf62544957e67d1c75dfd3cb29,selected_candidate_loading,True,82249a7a213a18d907a3e359a6aee3fdccf714bf62544957e67d1c75dfd3cb29,bernoulli,5
rep2,start_B,1,4,bfgs,bernoulli,bernoulli,52.9769775866105,False,True,-47.07125233021401,-73.55974112351926,bfgs,12,True,3.1089417262819554e-09,False,2,bfgs,11,True,3.596510111947282e-09,False,2,bernoulli,-47.07125233021401,0.22788570960718157|0.17069955714490556|-0.56110522309015087|0.28579208809394646|0.1973882153504844,2597a2339135f42d798867d1d759e08c37e3e1ee069dbc7572f839d08fcfb471,selected_candidate_loading,True,2597a2339135f42d798867d1d759e08c37e3e1ee069dbc7572f839d08fcfb471,bernoulli,5
rep2,start_B,1,5,bfgs,bernoulli,bernoulli,50.96918911794178,False,True,-47.02141138847056,-72.50600594744145,bfgs,14,True,2.8144420127773628e-11,True,0,bfgs,14,True,1.5298635247518177e-09,False,2,bernoulli,-47.02141138847056,0.27544778873618309|-0.53897143615424226|0.022298624372412881|0.69231793835281186|-0.27100823889779335,5a291a51380ebeafc082b776e5c5e386cf2be4118b076df11063b977cdcd250c,selected_candidate_loading,True,5a291a51380ebeafc082b776e5c5e386cf2be4118b076df11063b977cdcd250c,bernoulli,5
rep2,start_B,1,6,bfgs,bernoulli,bernoulli,52.29156490610683,False,False,-47.30329301282005,-73.44907546587346,bfgs,11,True,2.4740391957323026e-10,False,2,bfgs,11,False,2.6955473764189718e-08,False,2,bernoulli,-47.30329301282005,-0.631608566999868|0.30271578153901157|-0.20819377032928932|-0.14924586636579851|-0.37359511896127201,5f8cc08fd0c6093c6810e326fddae1dabdd6b4cdda0f9811f82ec9715d9b1787,selected_candidate_loading,True,5f8cc08fd0c6093c6810e326fddae1dabdd6b4cdda0f9811f82ec9715d9b1787,bernoulli,5
rep2,start_B,1,7,bfgs,bernoulli,bernoulli,48.348974781235,False,True,-50.61258478890156,-74.78707217951906,bfgs,10,True,5.862865748440527e-13,True,0,bfgs,10,True,3.177094143325121e-11,True,0,bernoulli,-50.61258478890156,-0.20639995930388838|0.3281309473847725|-0.058273490621833825|0.053427989597160115|0.088878783502573611,6fb0bd37247126c3e0498ea9835489dba673c57e3c2829f599711d143ca9cef2,selected_candidate_loading,True,6fb0bd37247126c3e0498ea9835489dba673c57e3c2829f599711d143ca9cef2,bernoulli,5
rep2,start_B,1,8,bfgs,bernoulli,bernoulli,50.08575808818827,False,True,-47.985598961969814,-73.02847800606395,bfgs,15,True,1.721348130701017e-09,False,2,bfgs,11,True,3.26147997498083e-11,True,0,bernoulli,-47.985598961969814,-0.25356013691514667|-0.13493668422489483|-0.22292161211507577|-0.19114137733676342|-0.34933297264863877,f7633adbb1a9cd4df1fa505aa864575a857b30bf4e5ec76428161cd4af342e7e,selected_candidate_loading,True,f7633adbb1a9cd4df1fa505aa864575a857b30bf4e5ec76428161cd4af342e7e,bernoulli,5
rep2,start_B,2,3,bfgs,bernoulli,bernoulli,56.40361402218254,False,True,-44.94812527952147,-73.14993229061274,bfgs,10,True,3.2072788869186296e-12,True,0,bfgs,11,True,3.2855982823321027e-09,False,2,bernoulli,-44.94812527952147,-0.70750384189844107|-0.48310519589139034|-0.044618168954267443|-0.38193486036208729|-0.023414471117881468,d12287b8bf296dee2aef98cec6e2fca16ddd6e0281bac8d3ae1539ceca4bca4e,selected_candidate_loading,True,d12287b8bf296dee2aef98cec6e2fca16ddd6e0281bac8d3ae1539ceca4bca4e,bernoulli,5
rep2,start_B,2,4,bfgs,bernoulli,bernoulli,55.98514995571762,False,True,-45.022389682574385,-73.0149646604332,bfgs,10,True,5.500237243438732e-09,False,2,bfgs,11,True,2.8027798748553324e-09,False,2,bernoulli,-45.022389682574385,0.39988587601709541|0.2264172807253573|-0.51859149823833806|0.20562461907922028|0.35498404433549319,d07fa8fc7e566af9abad15c6c560bbf0aa170a11772419e5c18a4d12533e65b6,selected_candidate_loading,True,d07fa8fc7e566af9abad15c6c560bbf0aa170a11772419e5c18a4d12533e65b6,bernoulli,5
rep2,start_B,2,5,bfgs,bernoulli,bernoulli,59.656101065088706,False,True,-42.24282224392694,-72.07087277647129,bfgs,11,True,1.2299619100986092e-10,False,2,bfgs,12,True,1.8420305281097172e-10,False,2,bernoulli,-42.24282224392694,0.6922409536856291|-1.1850779775550406|-0.00038351826614227473|0.75198101587750243|-0.071020056156014491,a8896adbe8d8883053d303a4ab7045b80321c63908822184e9607c4cd7c77724,selected_candidate_loading,True,a8896adbe8d8883053d303a4ab7045b80321c63908822184e9607c4cd7c77724,bernoulli,5
rep2,start_B,2,6,bfgs,bernoulli,bernoulli,54.149407808667235,False,True,-45.49102004013612,-72.56572394446974,bfgs,9,True,9.838674319695428e-11,True,0,bfgs,14,True,7.809743962639004e-10,False,2,bernoulli,-45.49102004013612,-0.75887990009521833|0.26299770540630046|-0.14486418116799568|-0.15118480113263619|-0.44265013597288339,4d2dc20cfbaf518cacaabccfb0f5f75bba33c7038cb30ba0d6fbdf0837d14257,selected_candidate_loading,True,4d2dc20cfbaf518cacaabccfb0f5f75bba33c7038cb30ba0d6fbdf0837d14257,bernoulli,5
rep2,start_B,2,7,bfgs,bernoulli,bernoulli,48.35019495169493,False,True,-49.91065989485031,-74.08575737069778,bfgs,12,True,1.5298100564109517e-10,False,2,bfgs,11,True,8.585466448884915e-10,False,2,bernoulli,-49.91065989485031,-0.27064968487265456|0.55382065806755376|0.060147887576865629|-0.1453649678329475|0.028630036771061813,dd3fbd4b90dfe5189babb534c26381589d1b898663f4faf60efbff9b2ee28065,selected_candidate_loading,True,dd3fbd4b90dfe5189babb534c26381589d1b898663f4faf60efbff9b2ee28065,bernoulli,5
rep2,start_B,2,8,bfgs,bernoulli,bernoulli,49.71236179558791,False,False,-47.47026676781254,-72.3264476656065,bfgs,9,False,3.82752880057069e-08,False,2,bfgs,10,True,4.685141163918161e-12,True,0,bernoulli,-47.47026676781254,-0.1907394774297401|-0.060189205742407707|-0.33463179117087433|0.17748210898218289|-0.60362911667922969,269dfda772f99f01d371cb14baa0eb14c26976936c1f1a3bec8d48192416466b,selected_candidate_loading,True,269dfda772f99f01d371cb14baa0eb14c26976936c1f1a3bec8d48192416466b,bernoulli,5
rep2,start_B,3,3,bfgs,bernoulli,bernoulli,58.57731238925254,False,True,-43.86900585377397,-73.15766204840024,bfgs,9,True,1.741067912064409e-09,False,2,bfgs,13,True,1.7371122762455116e-09,False,2,bernoulli,-43.86900585377397,-0.83491323250203497|-0.32691223351774112|0.05809251492406331|-0.49740568615328867|0.0021250797479383009,cc9472bf77a02c29b662715f398fedbcc0fbbf3617dcaf11da28c197bd4f42ce,selected_candidate_loading,True,cc9472bf77a02c29b662715f398fedbcc0fbbf3617dcaf11da28c197bd4f42ce,bernoulli,5
rep2,start_B,3,4,bfgs,bernoulli,bernoulli,57.846353459307906,False,False,-44.28547054149872,-73.20864727115267,bfgs,9,True,8.403500117992735e-11,True,0,bfgs,14,False,2.217300245632714e-07,False,2,bernoulli,-44.28547054149872,0.47669619589139578|0.073744494013562645|-0.55788441862341309|0.30172669798677154|0.49558958721820229,461d80ecb33adfc2f6bf090e9ff3ecf6841256af63d94bf86ed64796eb6ca112,selected_candidate_loading,True,461d80ecb33adfc2f6bf090e9ff3ecf6841256af63d94bf86ed64796eb6ca112,bernoulli,5
rep2,start_B,3,5,bfgs,bernoulli,bernoulli,58.44544684193281,False,False,-42.26452447673579,-71.48724789770219,bfgs,8,False,9.398673386229462e-08,False,2,bfgs,12,False,1.7739538229477603e-07,False,2,bernoulli,-42.26452447673579,0.54113234653620568|-1.0686236819479971|0.048478739097082953|0.78792029749908954|-0.1460567023508538,abef4e721602a4d86cc2df7128e933478bd1d994dd6b7823e309b6e011eba87b,selected_candidate_loading,True,abef4e721602a4d86cc2df7128e933478bd1d994dd6b7823e309b6e011eba87b,bernoulli,5
rep2,start_B,3,6,bfgs,bernoulli,bernoulli,57.1574988818186,False,False,-44.32691965803533,-72.90566909894463,bfgs,9,True,2.7776503319643096e-12,True,0,bfgs,14,False,4.36334964604157e-08,False,2,bernoulli,-44.32691965803533,-0.89644322669563814|0.3515865738554082|-0.19530467916377264|-0.14747951677517648|-0.452057453062083,380da9620f56c4b5c80e59454478e7e0a5dbe043f1dd5e9d15fc21b596aa0bfc,selected_candidate_loading,True,380da9620f56c4b5c80e59454478e7e0a5dbe043f1dd5e9d15fc21b596aa0bfc,bernoulli,5
rep2,start_B,3,7,bfgs,bernoulli,bernoulli,52.040104119962706,False,True,-48.393682701689,-74.41373476167036,bfgs,9,True,1.6241549438689162e-09,False,2,bfgs,12,True,3.395424039154271e-09,False,2,bernoulli,-48.393682701689,-0.34810401600081203|0.66990025366113004|0.070881827971084402|-0.21890470678776972|0.036544708643994395,4f14482a4387e2e945ad744b7f97b0de7119119113fec7fd0bbe482d5822a15d,selected_candidate_loading,True,4f14482a4387e2e945ad744b7f97b0de7119119113fec7fd0bbe482d5822a15d,bernoulli,5
rep2,start_B,3,8,bfgs,bernoulli,bernoulli,49.13769577945841,False,True,-48.12440255416667,-72.69325044389588,bfgs,12,True,4.362972205740334e-11,True,0,bfgs,12,True,1.913947045295572e-09,False,2,bernoulli,-48.12440255416667,-0.051228047130758084|-0.086991625833202732|-0.30025724324525749|-0.030107439696474437|-0.46416244812490404,2c823e2e3381107800613e7ba6e15e4915b8c8597d86a5aa9d693ee8e807f055,selected_candidate_loading,True,2c823e2e3381107800613e7ba6e15e4915b8c8597d86a5aa9d693ee8e807f055,bernoulli,5
rep2,start_B,4,3,bfgs,bernoulli,bernoulli,59.128828456708746,False,True,-42.93763533464469,-72.50204956299906,bfgs,9,True,6.40694608478043e-11,True,0,bfgs,13,True,5.231731492472136e-09,False,2,bernoulli,-42.93763533464469,-0.99571020244901765|-0.55159720952402691|-0.165745546611205|-0.26646618829604446|-0.058404829063864815,0206d7eacc9c4088aea1b9002393bd41a0007e5ba567d4143a210f2e76b4f0e6,selected_candidate_loading,True,0206d7eacc9c4088aea1b9002393bd41a0007e5ba567d4143a210f2e76b4f0e6,bernoulli,5
rep2,start_B,4,4,bfgs,bernoulli,bernoulli,62.57105099527119,False,False,-41.33635589199981,-72.6218813896354,bfgs,8,False,1.828574499040947e-08,False,2,bfgs,14,True,5.867717689511664e-09,False,2,bernoulli,-41.33635589199981,0.64429022596579155|0.13334226226213566|-0.7331499303650838|0.37481260103784558|0.55951792442256709,9fe2fe639e644dcfb2874d15bda0e02711b6342f201bf734956fd034a4d2b03c,selected_candidate_loading,True,9fe2fe639e644dcfb2874d15bda0e02711b6342f201bf734956fd034a4d2b03c,bernoulli,5
rep2,start_B,4,5,bfgs,bernoulli,bernoulli,57.66646822785306,False,True,-43.01288194208387,-71.8461160560104,bfgs,9,True,1.1136114252963125e-11,True,0,bfgs,13,True,3.135355086669733e-10,False,2,bernoulli,-43.01288194208387,0.43170468497134634|-0.75585769854456486|0.091263406496695967|0.83089743871531085|-0.29140423712009456,6cc186b242b427fd9f275182d5cd1bf2e58f0533bf25b818e66ee483e7fe3270,selected_candidate_loading,True,6cc186b242b427fd9f275182d5cd1bf2e58f0533bf25b818e66ee483e7fe3270,bernoulli,5
rep2,start_B,4,6,bfgs,bernoulli,bernoulli,54.045993117862196,False,True,-45.25755364095477,-72.28055019988587,bfgs,9,True,2.3373192270526033e-11,True,0,bfgs,13,True,3.4693567130261726e-09,False,2,bernoulli,-45.25755364095477,-0.81259585460636219|-0.026999632805371633|-0.17322991782690511|-0.20986919167283333|-0.31782381873668231,3429613e0f3f6b112bc1c68c6e5bacff3ce422ac89fdac4dc0875c360bbba8fc,selected_candidate_loading,True,3429613e0f3f6b112bc1c68c6e5bacff3ce422ac89fdac4dc0875c360bbba8fc,bernoulli,5
rep2,start_B,4,7,bfgs,bernoulli,bernoulli,50.22189428995233,False,True,-48.724760099383886,-73.83570724436005,bfgs,10,True,1.7112533612362313e-11,True,0,bfgs,13,True,8.051448396884098e-13,True,0,bernoulli,-48.724760099383886,-0.27454156803321034|0.48074539012177997|0.077402177175654077|-0.2935443305303988|0.18518027729269657,9ea2a20230571f36e81b10e697d3b680bb8aef373bfaeffe6c701ecd3ec19aa1,selected_candidate_loading,True,9ea2a20230571f36e81b10e697d3b680bb8aef373bfaeffe6c701ecd3ec19aa1,bernoulli,5
rep2,start_B,4,8,bfgs,bernoulli,bernoulli,47.456573129173165,False,False,-48.84331846440399,-72.57160502899058,bfgs,9,True,1.6177277739615193e-09,False,2,bfgs,10,False,1.6507106392893434e-08,False,2,bernoulli,-48.84331846440399,-0.037062516251370962|-0.29604506169932521|-0.25966501411266191|-0.11483006258945937|-0.29218244096781154,681443026fbf55cbbc5b57e504d45f405026a5819736ad1bca14995d0eed9cad,selected_candidate_loading,True,681443026fbf55cbbc5b57e504d45f405026a5819736ad1bca14995d0eed9cad,bernoulli,5
rep2,start_B,5,3,bfgs,bernoulli,bernoulli,61.39514946585237,False,False,-41.826121335801886,-72.52369606872807,bfgs,9,True,1.6576251482547378e-11,True,0,bfgs,14,False,1.4089149225071652e-08,False,2,bernoulli,-41.826121335801886,-1.0617909081562673|-0.44656493533640718|-0.20639124353747015|-0.4066842881870677|-0.033283924472472713,0d8aa6b21ce6fade75a28e860e89c69b48f471a360124b667025d6910b381941,selected_candidate_loading,True,0d8aa6b21ce6fade75a28e860e89c69b48f471a360124b667025d6910b381941,bernoulli,5
rep2,start_B,5,4,bfgs,bernoulli,bernoulli,63.083521692192775,False,True,-41.34626139294513,-72.88802223904152,bfgs,10,True,2.0411494716654487e-11,True,0,bfgs,14,True,1.1036993541324591e-09,False,2,bernoulli,-41.34626139294513,0.46956870700651665|-0.053078669591019319|-0.79990722031984696|0.64752753699995913|0.57145253687960118,d2a9a910324a07c3a34cf3c17961da983a738165751b2e9eee4334bea178fcc2,selected_candidate_loading,True,d2a9a910324a07c3a34cf3c17961da983a738165751b2e9eee4334bea178fcc2,bernoulli,5
rep2,start_B,5,5,bfgs,bernoulli,bernoulli,63.87927979490422,False,True,-40.02377481694731,-71.96341471439942,bfgs,10,True,1.1949587985782272e-10,False,2,bfgs,13,True,1.1056240367679493e-10,False,2,bernoulli,-40.02377481694731,0.6267614646230466|-1.052916785983971|0.051681879212166479|0.97291911538132414|-0.2356833686096578,81417e48a62ceb1bf1913e55b741e1c1d06d8c4a27eb85c84a9d571989e08f1f,selected_candidate_loading,True,81417e48a62ceb1bf1913e55b741e1c1d06d8c4a27eb85c84a9d571989e08f1f,bernoulli,5
rep2,start_B,5,6,bfgs,bernoulli,bernoulli,53.78378368275773,False,True,-45.572867832989715,-72.46475967436858,bfgs,9,True,2.755373706975206e-10,False,2,bfgs,14,True,3.1164367086944365e-09,False,2,bernoulli,-45.572867832989715,-0.66177578993260333|0.18952399141562334|-0.15297884720980165|-0.49423152011817645|-0.29909961250289346,31730a7c238d85ab0eb31aa8764671138332140a164c4c8c6da14e641849158e,selected_candidate_loading,True,31730a7c238d85ab0eb31aa8764671138332140a164c4c8c6da14e641849158e,bernoulli,5
rep2,start_B,5,7,bfgs,bernoulli,bernoulli,50.47833316961754,False,True,-48.59513901860913,-73.8343056034179,bfgs,9,True,2.985016678280772e-10,False,2,bfgs,13,True,2.7316980066860454e-10,False,2,bernoulli,-48.59513901860913,-0.313219967628247|0.50857906218911553|-0.0093234263200221382|-0.25840542858439486|0.12890743513172914,f42f85615827a35dbf16c8c9870889f922322fead76e636c1551f1cc81a23d2a,selected_candidate_loading,True,f42f85615827a35dbf16c8c9870889f922322fead76e636c1551f1cc81a23d2a,bernoulli,5
rep2,start_B,5,8,bfgs,bernoulli,bernoulli,48.86610672236772,False,True,-48.13803724724166,-72.57109060842552,bfgs,9,True,4.917783069657844e-10,False,2,bfgs,12,True,6.951551867473426e-09,False,2,bernoulli,-48.13803724724166,-0.140342114001408|0.0070689890881451764|-0.3052913402816167|0.012338542440673769|-0.54552936696875653,37a706276bd477814458e1ded1400458cc91ef4b522f06360c7c9bde46dc3e45,selected_candidate_loading,True,37a706276bd477814458e1ded1400458cc91ef4b522f06360c7c9bde46dc3e45,bernoulli,5
rep2,start_B,6,3,bfgs,bernoulli,bernoulli,63.63819752553836,False,True,-40.633974791373454,-72.45307355414263,bfgs,9,True,3.594173847432103e-11,True,0,bfgs,13,True,6.676584884957037e-09,False,2,bernoulli,-40.633974791373454,-1.19464654560352|-0.36711181621892114|-0.24209413647881431|-0.3577724541323839|-0.07140516188995763,2c47f929a674f54e7a416c8714575f71af5411fc7a2e19447ca58627e5119632,selected_candidate_loading,True,2c47f929a674f54e7a416c8714575f71af5411fc7a2e19447ca58627e5119632,bernoulli,5
rep2,start_B,6,4,bfgs,bernoulli,bernoulli,64.92954710191401,False,True,-40.37141727465034,-72.83619082560735,bfgs,10,True,1.930619220047447e-10,False,2,bfgs,13,True,1.1541276490056872e-09,False,2,bernoulli,-40.37141727465034,0.45724163629039871|-0.25035239472663934|-0.95047190133971127|0.74597460452085684|0.60027025024532643,238f86e353e304e8061591fcf2cede9185b6692533b285f312626964f5aadfb4,selected_candidate_loading,True,238f86e353e304e8061591fcf2cede9185b6692533b285f312626964f5aadfb4,bernoulli,5
rep2,start_B,6,5,bfgs,bernoulli,bernoulli,60.35623193383316,False,False,-41.83188897658515,-72.01000494350173,bfgs,11,True,3.0430047370799685e-12,True,0,bfgs,12,False,4.1876397691709146e-07,False,2,bernoulli,-41.83188897658515,0.54041612039025788|-1.0111037495632287|0.11968015371772298|0.7009204257830991|-0.099150833982230985,94805d1ea0e6f1a21246e8fc63b0a8f3543986db0c553509a34e8b80b99c4798,selected_candidate_loading,True,94805d1ea0e6f1a21246e8fc63b0a8f3543986db0c553509a34e8b80b99c4798,bernoulli,5
rep2,start_B,6,6,bfgs,bernoulli,bernoulli,54.162249517360635,False,True,-45.15657871433372,-72.23770347301404,bfgs,11,True,4.908962125682592e-12,True,0,bfgs,13,True,1.051965625720186e-09,False,2,bernoulli,-45.15657871433372,-0.6556709816407944|0.36630394697154961|-0.061547359735858745|-0.4484141695705961|-0.43722563701573508,181dab7912a75d3b2cfe7e5e1068f1a0404cc1f24f1891ff20b3c040e52dc4ae,selected_candidate_loading,True,181dab7912a75d3b2cfe7e5e1068f1a0404cc1f24f1891ff20b3c040e52dc4ae,bernoulli,5
rep2,start_B,6,7,bfgs,bernoulli,bernoulli,51.547054772189796,False,True,-48.02148846087019,-73.79501584696509,bfgs,10,True,4.594019609172051e-13,True,0,bfgs,11,True,2.0438423259383497e-09,False,2,bernoulli,-48.02148846087019,-0.4631022917947516|0.62080684476526415|-0.0028053752602067699|-0.064405782759584224|0.0041109873994952494,8f026e26ceb578b99fbe7048ef85f64b734228b434dbff77a1038b7e45f09c17,selected_candidate_loading,True,8f026e26ceb578b99fbe7048ef85f64b734228b434dbff77a1038b7e45f09c17,bernoulli,5
rep2,start_B,6,8,bfgs,bernoulli,bernoulli,50.24861438827456,False,False,-47.5724007619335,-72.69670795607078,bfgs,8,False,1.6079470155361264e-07,False,2,bfgs,11,True,7.593925488436071e-14,True,0,bernoulli,-47.5724007619335,-0.13793235623347619|-0.21141786171012325|-0.41468972057249481|0.24880940717531888|-0.48346767774893334,2441d8b7b502bcf8a4913e9c57c92cef2749ac5fe024f9004aadfd5bbd1ef0fe,selected_candidate_loading,True,2441d8b7b502bcf8a4913e9c57c92cef2749ac5fe024f9004aadfd5bbd1ef0fe,bernoulli,5
rep2,start_B,7,3,bfgs,bernoulli,bernoulli,60.45736863581649,False,False,-42.079098756663626,-72.30778307457187,bfgs,10,True,3.923247859916046e-09,False,2,bfgs,13,False,1.9343008261785143e-08,False,2,bernoulli,-42.079098756663626,-0.94840005602410415|-0.37558936571823004|-0.19598703413345966|-0.53193570378916233|-0.092766472501205524,cda1823d6031ea91cba527dab206d540185d92006a25097ad4eb1874deebef03,selected_candidate_loading,True,cda1823d6031ea91cba527dab206d540185d92006a25097ad4eb1874deebef03,bernoulli,5
rep2,start_B,7,4,bfgs,bernoulli,bernoulli,63.07626747255641,False,True,-41.36015272056991,-72.89828645684811,bfgs,9,True,1.7984195466169694e-09,False,2,bfgs,14,True,6.681217179504983e-09,False,2,bernoulli,-41.36015272056991,0.43976557686754059|-0.085117212289489097|-0.71989245092124454|0.76062534465835963|0.68355009105132247,c3f3ef38dbf5c11bdcb9a321d42ec1b469e7831d5a20e38cb29398b1eee5ff85,selected_candidate_loading,True,c3f3ef38dbf5c11bdcb9a321d42ec1b469e7831d5a20e38cb29398b1eee5ff85,bernoulli,5
rep2,start_B,7,5,bfgs,bernoulli,bernoulli,61.69086133550955,False,True,-40.6440144155441,-71.48944508329888,bfgs,10,True,1.1224032814283191e-10,False,2,bfgs,12,True,2.0535306788360685e-10,False,2,bernoulli,-40.6440144155441,0.74880766260102916|-1.1575977193770499|0.21146474739247359|0.70835831504504987|0.037102274097835251,eafaa3369395afcb9296cad94d04d4df2bf94c85fdf79754380bb6a1691ee039,selected_candidate_loading,True,eafaa3369395afcb9296cad94d04d4df2bf94c85fdf79754380bb6a1691ee039,bernoulli,5
rep2,start_B,7,6,bfgs,bernoulli,bernoulli,51.94850889483834,False,True,-46.55681633884541,-72.53107078626458,bfgs,9,True,3.220122657410229e-09,False,2,bfgs,13,True,1.6541633840461144e-09,False,2,bernoulli,-46.55681633884541,-0.57234117362342107|0.2500066478414642|-0.2059758582043445|-0.38108622484330079|-0.36244912209801255,fc3ec165e925eaffe35e1351740f6080e017c3b9f9516a766d32e1655655595b,selected_candidate_loading,True,fc3ec165e925eaffe35e1351740f6080e017c3b9f9516a766d32e1655655595b,bernoulli,5
rep2,start_B,7,7,bfgs,bernoulli,bernoulli,50.69857787302473,False,False,-48.68200864935416,-74.03129758586653,bfgs,9,True,6.734470758829047e-11,True,0,bfgs,14,False,1.9883925873043217e-07,False,2,bernoulli,-48.68200864935416,-0.41363637080302745|0.53422489305013543|-0.022037453424185022|-0.10306049488837574|0.04376542631179825,ad0cc04e3792584fbbff0948c827472422e6fae8715182fe886ff3eb74eb009a,selected_candidate_loading,True,ad0cc04e3792584fbbff0948c827472422e6fae8715182fe886ff3eb74eb009a,bernoulli,5
rep2,start_B,7,8,bfgs,bernoulli,bernoulli,51.25370998232077,False,True,-46.17630389563436,-71.80315888679475,bfgs,9,True,4.044516943579879e-11,True,0,bfgs,15,True,3.0463807476621694e-09,False,2,bernoulli,-46.17630389563436,-0.12891112428112822|-0.11742713798337946|-0.46056578718600677|0.39353548652083764|-0.5970856112877867,3d40c5d43317c9dfab532bc45ccf669b2530248a6ef5d9db1da5dfe3e93910af,selected_candidate_loading,True,3d40c5d43317c9dfab532bc45ccf669b2530248a6ef5d9db1da5dfe3e93910af,bernoulli,5
rep2,start_B,8,3,bfgs,bernoulli,bernoulli,59.366393529706556,False,True,-43.06746880498039,-72.75066556983367,bfgs,9,True,5.1385562471750745e-11,True,0,bfgs,11,True,7.563003645572053e-09,False,2,bernoulli,-43.06746880498039,-0.85728512755623432|-0.38715429718162325|-0.045162082681796591|-0.62967404924660064|-0.14579535351686185,85992606dc70adc2ea311a76eaffd420579ad543f910c96221e612030c9bc816,selected_candidate_loading,True,85992606dc70adc2ea311a76eaffd420579ad543f910c96221e612030c9bc816,bernoulli,5
rep2,start_B,8,4,bfgs,bernoulli,bernoulli,62.67293908456334,False,True,-41.390691928521015,-72.72716147080268,bfgs,9,True,1.0891563206882893e-10,False,2,bfgs,14,True,5.288624294053079e-09,False,2,bernoulli,-41.390691928521015,0.53581069672785597|0.024220546107316939|-0.73600451034544201|0.51610115184609495|0.7277458146399105,0aababe8123e69300a3dc87c2cbb42908bc25c6087f0071822e8ec21ffeca036,selected_candidate_loading,True,0aababe8123e69300a3dc87c2cbb42908bc25c6087f0071822e8ec21ffeca036,bernoulli,5
rep2,start_B,8,5,bfgs,bernoulli,bernoulli,58.56431185156467,False,False,-42.25713072393283,-71.53928664971517,bfgs,10,True,1.206617028515211e-11,True,0,bfgs,14,False,1.7749248648613046e-08,False,2,bernoulli,-42.25713072393283,0.77327000211723662|-0.91631770529206491|0.22671870148856468|0.48434051973273534|0.01536320972836016,d6cea009cab7ba7718929f7ca929507cb312813492d37b9519202345a2de0457,selected_candidate_loading,True,d6cea009cab7ba7718929f7ca929507cb312813492d37b9519202345a2de0457,bernoulli,5
rep2,start_B,8,6,bfgs,bernoulli,bernoulli,53.92554445280018,False,True,-45.47788213318364,-72.44065435958373,bfgs,8,True,5.490760823789742e-09,False,2,bfgs,14,True,1.0048850640487217e-11,True,0,bernoulli,-45.47788213318364,-0.59368118445387508|0.33806442169595302|-0.11373961943068314|-0.49648534018234208|-0.46988828979779279,379ff6913a97a14093ff496d0322c4ad4c5ad8d62deb6977b604febe32b753c4,selected_candidate_loading,True,379ff6913a97a14093ff496d0322c4ad4c5ad8d62deb6977b604febe32b753c4,bernoulli,5
rep2,start_B,8,7,bfgs,bernoulli,bernoulli,50.42580641905147,False,True,-49.11204893478342,-74.32495214430915,bfgs,9,True,1.404458771503414e-11,True,0,bfgs,15,True,1.0414639151079542e-10,False,2,bernoulli,-49.11204893478342,-0.42209709018178948|0.45049598867655544|-0.029357861716609656|-0.03066925587893788|0.038920440778769355,75c06254573534f2b5ebf761e142e844ce06b897e62b9b70de12f06f0f9d5876,selected_candidate_loading,True,75c06254573534f2b5ebf761e142e844ce06b897e62b9b70de12f06f0f9d5876,bernoulli,5
rep2,start_B,8,8,bfgs,bernoulli,bernoulli,51.861428472029644,False,False,-46.26232271075976,-72.19303694677458,bfgs,9,True,3.627453004639847e-10,False,2,bfgs,14,False,1.5554654719807105e-08,False,2,bernoulli,-46.26232271075976,-0.16656540277689905|-0.14537189782085999|-0.50749986427777161|0.2633653277623329|-0.57301248312322528,b0b2f14192a550a4bbb96f35c0c5a8a848427bb0696b4f3492e6e8f9abd96c5a,selected_candidate_loading,True,b0b2f14192a550a4bbb96f35c0c5a8a848427bb0696b4f3492e6e8f9abd96c5a,bernoulli,5
rep2,start_P,1,3,bfgs,poisson,bernoulli,49.91098341835641,True,True,-49.32334659946494,-74.27883830864315,bfgs,6,True,2.0312320714310772e-10,False,2,bfgs,4,True,7.098082122070082e-11,True,0,bernoulli,-49.32334659946494,-0.55861309612366006,159bf380f983eb25b62de3d5fee723603e9ff4765ea2dc8d9f5782ebdb5c11cf,selected_candidate_loading,True,159bf380f983eb25b62de3d5fee723603e9ff4765ea2dc8d9f5782ebdb5c11cf,bernoulli,1
rep2,start_P,1,4,bfgs,poisson,bernoulli,47.12063486098026,True,True,-51.30970734499658,-74.87002477548671,bfgs,4,True,8.260059303211165e-15,True,0,bfgs,4,True,1.1428191726281512e-12,True,0,bernoulli,-51.30970734499658,0.27176698406002592,738e5972b3b528cd0f1ea3a30d4ffcd3e5f056876e17e482dacafb3d6a3b7772,selected_candidate_loading,True,738e5972b3b528cd0f1ea3a30d4ffcd3e5f056876e17e482dacafb3d6a3b7772,bernoulli,1
rep2,start_P,1,5,bfgs,poisson,bernoulli,47.380410502517094,True,False,-51.14362494532223,-74.83383019658078,bfgs,4,True,3.5501024342465824e-11,True,0,bfgs,4,False,1.499495869694556e-08,False,2,bernoulli,-51.14362494532223,0.30418770228966596,407bc9d747131b46ec48c9fea5ae330873e51aa3080814531776c1caad7459ba,selected_candidate_loading,True,407bc9d747131b46ec48c9fea5ae330873e51aa3080814531776c1caad7459ba,bernoulli,1
rep2,start_P,1,6,bfgs,poisson,bernoulli,48.59440548314252,True,True,-50.20128260789247,-74.49848534946373,bfgs,7,True,1.7763568394002506e-16,True,0,bfgs,4,True,1.0134559857988279e-11,True,0,bernoulli,-50.20128260789247,-0.45019158714772084,0d0afceb19ee836f84be976690818613d53ee306d32e3e704085afeb697e4a21,selected_candidate_loading,True,0d0afceb19ee836f84be976690818613d53ee306d32e3e704085afeb697e4a21,bernoulli,1
rep2,start_P,1,7,bfgs,poisson,bernoulli,46.031005495417446,True,True,-51.983833511830866,-74.99933625953959,bfgs,3,True,5.073242170805514e-09,False,2,bfgs,4,True,2.1604940059205546e-14,True,0,bernoulli,-51.983833511830866,0.015336920937988111,173b5c89823168428c4914e91981be9afe1d855c6d2fe38c9d8e9ae0a68595ea,selected_candidate_loading,True,173b5c89823168428c4914e91981be9afe1d855c6d2fe38c9d8e9ae0a68595ea,bernoulli,1
rep2,start_P,1,8,bfgs,poisson,bernoulli,46.43974299248502,True,True,-51.67223142638013,-74.89210292262264,bfgs,4,True,5.595879315478669e-12,True,0,bfgs,4,True,3.3661962106634745e-14,True,0,bernoulli,-51.67223142638013,-0.1839526525924722,a95dc81f59510c572d830ad8165c12880e68d86ab6516ad969c349b69134c23e,selected_candidate_loading,True,a95dc81f59510c572d830ad8165c12880e68d86ab6516ad969c349b69134c23e,bernoulli,1
rep2,start_P,2,3,bfgs,bernoulli,bernoulli,53.08352080293142,False,True,-47.01976368619238,-73.56152408765809,bfgs,5,True,6.38378239159465e-16,True,0,bfgs,5,True,9.683365220780616e-14,True,0,bernoulli,-47.01976368619238,-0.79106889592243812,1a7510b66fbd742f783a9ed91dde53af8b51c0f3569617b6bdc2819032dad7f6,selected_candidate_loading,True,1a7510b66fbd742f783a9ed91dde53af8b51c0f3569617b6bdc2819032dad7f6,bernoulli,1
rep2,start_P,2,4,bfgs,bernoulli,bernoulli,48.816979434368776,False,True,-50.32125007141149,-74.72973978859588,bfgs,4,True,9.699352432335217e-13,True,0,bfgs,5,True,7.105427357601002e-16,True,0,bernoulli,-50.32125007141149,0.43300688629821465,d37e4987d0c8d450e1575c08cf47b289d84886f3bd208654cd1eec7b5cca6635,selected_candidate_loading,True,d37e4987d0c8d450e1575c08cf47b289d84886f3bd208654cd1eec7b5cca6635,bernoulli,1
rep2,start_P,2,5,bfgs,bernoulli,bernoulli,46.84175397532539,False,True,-51.532047669691266,-74.95292465735396,bfgs,4,True,7.37756522539712e-12,True,0,bfgs,4,True,7.207399121966774e-11,True,0,bernoulli,-51.532047669691266,0.221679455562109,8391fcb9ffa19572e8844cc7c74fafb61863f009ddd318d6a17eb325fea47a59,selected_candidate_loading,True,8391fcb9ffa19572e8844cc7c74fafb61863f009ddd318d6a17eb325fea47a59,bernoulli,1
rep2,start_P,2,6,bfgs,bernoulli,bernoulli,50.843924800558426,False,False,-48.516303992737065,-73.93826639301628,bfgs,4,True,7.65982832717782e-12,True,0,bfgs,5,False,2.9272432122695592e-08,False,2,bernoulli,-48.516303992737065,-0.64435245555043164,39a18feca6e2104b4d40f4dfe7cff85332efbeb199101f320a3a85c81d17a1e6,selected_candidate_loading,True,39a18feca6e2104b4d40f4dfe7cff85332efbeb199101f320a3a85c81d17a1e6,bernoulli,1
rep2,start_P,2,7,bfgs,bernoulli,bernoulli,46.10883573010011,False,True,-51.94525405325055,-74.9996719183006,bfgs,4,True,1.3544720900426909e-15,True,0,bfgs,3,True,4.924038954357002e-12,True,0,bernoulli,-51.94525405325055,0.066000512949576248,bfcdd24c8ab67cfbacc687049ffa4cbe6cd71fb6ae62f626ba454957f5015eaa,selected_candidate_loading,True,bfcdd24c8ab67cfbacc687049ffa4cbe6cd71fb6ae62f626ba454957f5015eaa,bernoulli,1
rep2,start_P,2,8,bfgs,bernoulli,bernoulli,47.375083926941954,False,True,-50.910467852763645,-74.59800981623462,bfgs,4,True,4.101785577859118e-12,True,0,bfgs,4,True,2.8357538539580673e-11,True,0,bernoulli,-50.910467852763645,-0.34468503935616474,797c237524fde8fc5fdb61b7f5a8801bd48c58c5c592f402d7c07a1ff4024562,selected_candidate_loading,True,797c237524fde8fc5fdb61b7f5a8801bd48c58c5c592f402d7c07a1ff4024562,bernoulli,1
rep2,start_P,3,3,bfgs,bernoulli,bernoulli,50.009198917224836,False,True,-47.93753475577013,-72.94213421438255,bfgs,5,True,1.554312234475219e-16,True,0,bfgs,7,True,2.1380195391884627e-10,False,2,bernoulli,-47.93753475577013,-0.70775883753784763,2aabf8ec66c62d190ec0142c069cc85e0729746e6160be013ef8d538814d02a5,selected_candidate_loading,True,2aabf8ec66c62d190ec0142c069cc85e0729746e6160be013ef8d538814d02a5,bernoulli,1
rep2,start_P,3,4,bfgs,bernoulli,bernoulli,53.8950430571991,False,True,-47.7309273228707,-74.67844885147025,bfgs,4,True,9.222900221317332e-11,True,0,bfgs,5,True,2.8404834040429704e-12,True,0,bernoulli,-47.7309273228707,0.72837047039578995,591cbd0bb2571ecc7fc5a601465633c6ec7e0aa1d704f8c7cb6af0b5108737cf,selected_candidate_loading,True,591cbd0bb2571ecc7fc5a601465633c6ec7e0aa1d704f8c7cb6af0b5108737cf,bernoulli,1
rep2,start_P,3,5,bfgs,bernoulli,bernoulli,45.61154442130227,False,False,-51.9840050944126,-74.78977730506374,bfgs,4,False,5.481892912939657e-08,False,2,bfgs,5,True,7.460698725481052e-15,True,0,bernoulli,-51.9840050944126,-0.014728112493714867,929347891af4604c27afdbc74e9283c9a19efe59fe368165f7e2f7650090e8af,selected_candidate_loading,True,929347891af4604c27afdbc74e9283c9a19efe59fe368165f7e2f7650090e8af,bernoulli,1
rep2,start_P,3,6,bfgs,bernoulli,bernoulli,48.26433794004659,False,True,-49.28742598949058,-73.41959495951387,bfgs,5,True,1.1102230246251565e-16,True,0,bfgs,4,True,3.5140779175435455e-12,True,0,bernoulli,-49.28742598949058,-0.56366379410024281,d2ac689493b0beab93b416e4cdd90c34a7200c1c97d2aedde7069f1e3bd4b805,selected_candidate_loading,True,d2ac689493b0beab93b416e4cdd90c34a7200c1c97d2aedde7069f1e3bd4b805,bernoulli,1
rep2,start_P,3,7,bfgs,bernoulli,bernoulli,46.63170123156904,False,True,-51.66178946094944,-74.97764007673396,bfgs,4,True,1.0189626920009687e-12,True,0,bfgs,5,True,5.329070518200751e-15,True,0,bernoulli,-51.66178946094944,0.18708057973611106,a5e0aa8ae6a44c38e5fa01cc194f966890ad06f14aad65be98257541c41784e9,selected_candidate_loading,True,a5e0aa8ae6a44c38e5fa01cc194f966890ad06f14aad65be98257541c41784e9,bernoulli,1
rep2,start_P,3,8,bfgs,bernoulli,bernoulli,48.164327501338875,False,True,-49.36719012466084,-73.44935387533027,bfgs,4,True,1.794608905925088e-12,True,0,bfgs,4,True,2.426503442620742e-13,True,0,bernoulli,-49.36719012466084,-0.55445948368713893,8963ef5cdbe7e595b54f3dac5293d1661a35351e2edf59b630f8b546086c6204,selected_candidate_loading,True,8963ef5cdbe7e595b54f3dac5293d1661a35351e2edf59b630f8b546086c6204,bernoulli,1
rep2,start_P,4,3,bfgs,bernoulli,bernoulli,47.59970872789914,False,True,-49.8793648914476,-73.67921925539717,bfgs,5,True,3.748112931134529e-14,True,0,bfgs,4,True,8.570921750106208e-13,True,0,bernoulli,-49.8793648914476,-0.49312717218430796,e47382e519b14745b90213b201f60eea306a96e5f3b6157a96fceb7974ab9a5e,selected_candidate_loading,True,e47382e519b14745b90213b201f60eea306a96e5f3b6157a96fceb7974ab9a5e,bernoulli,1
rep2,start_P,4,4,bfgs,bernoulli,bernoulli,53.386978152886826,False,True,-48.006922958301146,-74.70041203474456,bfgs,4,True,1.4921397450962104e-13,True,0,bfgs,7,True,9.769962616701378e-16,True,0,bernoulli,-48.006922958301146,0.70245544118892866,e4e3187d0b3b7ae2d75145669a4aee0196643e9cade9694e9f7c8439205ae967,selected_candidate_loading,True,e4e3187d0b3b7ae2d75145669a4aee0196643e9cade9694e9f7c8439205ae967,bernoulli,1
rep2,start_P,4,5,bfgs,bernoulli,bernoulli,45.816656249671595,False,True,-51.47971733839521,-74.38804546323101,bfgs,4,True,1.6757617515850144e-11,True,0,bfgs,5,True,7.993605777301127e-16,True,0,bernoulli,-51.47971733839521,-0.23459473612198062,39f118b93b18941449fc1c4e1f2ef0996b5f4b03abc8ec61809dfa1962d538ab,selected_candidate_loading,True,39f118b93b18941449fc1c4e1f2ef0996b5f4b03abc8ec61809dfa1962d538ab,bernoulli,1
rep2,start_P,4,6,bfgs,bernoulli,bernoulli,47.383270686521556,False,True,-50.056908645400064,-73.74854398866084,bfgs,4,True,5.380143885957977e-10,False,2,bfgs,4,True,2.918665309437074e-11,True,0,bernoulli,-50.056908645400064,-0.47030801195205857,f2ca0f49642d4ae782c728c91670d93836c73abb2c7f10939ecc0bde3f5f0c02,selected_candidate_loading,True,f2ca0f49642d4ae782c728c91670d93836c73abb2c7f10939ecc0bde3f5f0c02,bernoulli,1
rep2,start_P,4,7,bfgs,bernoulli,bernoulli,47.023306504068145,False,False,-51.48365040414412,-74.9953036561782,bfgs,4,True,1.503241975342462e-14,True,0,bfgs,4,False,1.718094747582555e-08,False,2,bernoulli,-51.48365040414412,0.23366466859379934,b791e697f05a6b65393f2e07856855e18621318646454eb741ed74f8fe7983e2,selected_candidate_loading,True,b791e697f05a6b65393f2e07856855e18621318646454eb741ed74f8fe7983e2,bernoulli,1
rep2,start_P,4,8,bfgs,bernoulli,bernoulli,49.06834594151502,False,True,-48.720587938331676,-73.25476090908919,bfgs,4,True,2.800870646524345e-12,True,0,bfgs,5,True,2.1316282072803005e-15,True,0,bernoulli,-48.720587938331676,-0.62765848488861686,faeecc1423c6b9b30c0abcb5ed29fbb3d4c02fb8ff717a8e6ee41309f78d11aa,selected_candidate_loading,True,faeecc1423c6b9b30c0abcb5ed29fbb3d4c02fb8ff717a8e6ee41309f78d11aa,bernoulli,1
rep2,start_P,5,3,bfgs,bernoulli,bernoulli,46.95425920036807,False,True,-50.47599733356925,-73.95312693375328,bfgs,5,True,8.881784197001253e-17,True,0,bfgs,4,True,5.499778410467115e-12,True,0,bernoulli,-50.47599733356925,-0.41424033891892048,144e4bac761b72c875a67ea8bcc43f8f30ef5b7df843ab7ae6b1868611378370,selected_candidate_loading,True,144e4bac761b72c875a67ea8bcc43f8f30ef5b7df843ab7ae6b1868611378370,bernoulli,1
rep2,start_P,5,4,bfgs,bernoulli,bernoulli,53.43911892682533,False,False,-47.957476176347726,-74.67703563976039,bfgs,3,False,5.6908093526431005e-08,False,2,bfgs,7,True,7.638334409421077e-15,True,0,bernoulli,-47.957476176347726,0.71316007666929826,26acd6514c079dc3da234da159e7411328c7cd1e92f8ae1abe1c9b05a7d65f06,selected_candidate_loading,True,26acd6514c079dc3da234da159e7411328c7cd1e92f8ae1abe1c9b05a7d65f06,bernoulli,1
rep2,start_P,5,5,bfgs,bernoulli,bernoulli,46.78513509252346,False,True,-50.621102464001666,-74.0136700102634,bfgs,4,True,2.424727085781342e-14,True,0,bfgs,4,True,5.60085311462899e-13,True,0,bernoulli,-50.621102464001666,-0.39264253313519309,1007358486e43cb18d947201d0f50ec49955e0b693dece360049844cf02de8bd,selected_candidate_loading,True,1007358486e43cb18d947201d0f50ec49955e0b693dece360049844cf02de8bd,bernoulli,1
rep2,start_P,5,6,bfgs,bernoulli,bernoulli,46.498853442095196,False,True,-50.87317705108883,-74.12260377213643,bfgs,5,True,1.021405182655144e-15,True,0,bfgs,4,True,2.9542590596065564e-12,True,0,bernoulli,-50.87317705108883,-0.35267351634543043,c4ca86e1c9be8988ce32c9e430ff7e90bb87f568a22ad2fd39fbfeb3b2fa5df3,selected_candidate_loading,True,c4ca86e1c9be8988ce32c9e430ff7e90bb87f568a22ad2fd39fbfeb3b2fa5df3,bernoulli,1
rep2,start_P,5,7,bfgs,bernoulli,bernoulli,47.124873914410344,False,False,-51.43647860234936,-74.99891555955453,bfgs,3,True,5.78173064980092e-12,True,0,bfgs,4,False,2.5032008839076524e-07,False,2,bernoulli,-51.43647860234936,0.24492682933421089,edb5513753c4e2de5560b56c8d346ec6f1b685c3d10aad02300bf523e66cae24,selected_candidate_loading,True,edb5513753c4e2de5560b56c8d346ec6f1b685c3d10aad02300bf523e66cae24,bernoulli,1
rep2,start_P,5,8,bfgs,bernoulli,bernoulli,48.14058226260633,False,True,-49.50650808312848,-73.57679921443165,bfgs,5,True,3.4416913763379854e-16,True,0,bfgs,4,True,4.720224211496316e-13,True,0,bernoulli,-49.50650808312848,-0.54166788704526403,d53ee1e1f1f05e478c2b7e3471bfbcc8640ed4d5efb698d8a996ae14da61556c,selected_candidate_loading,True,d53ee1e1f1f05e478c2b7e3471bfbcc8640ed4d5efb698d8a996ae14da61556c,bernoulli,1
rep2,start_P,6,3,bfgs,bernoulli,bernoulli,46.39714087655753,False,False,-50.70244055611899,-73.90101099439775,bfgs,3,False,1.1584302725964334e-07,False,2,bfgs,4,True,3.3236524643598386e-12,True,0,bernoulli,-50.70244055611899,-0.38041773635599402,efab47c451cef5c4ed6532ae2ecbf83dd32bc2818969771b80dcfab59bfca2f7,selected_candidate_loading,True,efab47c451cef5c4ed6532ae2ecbf83dd32bc2818969771b80dcfab59bfca2f7,bernoulli,1
rep2,start_P,6,4,bfgs,bernoulli,bernoulli,52.55668943210502,False,True,-48.5360130387671,-74.81435775481961,bfgs,5,True,5.329070518200751e-16,True,0,bfgs,7,True,8.704148513061228e-15,True,0,bernoulli,-48.5360130387671,0.6543877776409518,23680ffc0a7da060d8f66da6e0b5de8a4121d64c339a04c354f81e0a46e17409,selected_candidate_loading,True,23680ffc0a7da060d8f66da6e0b5de8a4121d64c339a04c354f81e0a46e17409,bernoulli,1
rep2,start_P,6,5,bfgs,bernoulli,bernoulli,47.70982161804375,False,True,-49.564057557810756,-73.41896836683263,bfgs,4,True,2.2722712600398154e-11,True,0,bfgs,4,True,4.972022793481301e-13,True,0,bernoulli,-49.564057557810756,-0.53580594223619926,00aff9c5d5b4722bfa86809900539f6a4cb2ea80ae755438a57912ac88169864,selected_candidate_loading,True,00aff9c5d5b4722bfa86809900539f6a4cb2ea80ae755438a57912ac88169864,bernoulli,1
rep2,start_P,6,6,bfgs,bernoulli,bernoulli,45.955409075231756,False,True,-51.13148458180238,-74.10918911941826,bfgs,4,True,2.3607338306419477e-12,True,0,bfgs,4,True,6.887823644774471e-14,True,0,bernoulli,-51.13148458180238,-0.30751627399487247,15e3165bd786645260026970be9fea82fa5ed71e72ee091b46f1cc4d50ed203a,selected_candidate_loading,True,15e3165bd786645260026970be9fea82fa5ed71e72ee091b46f1cc4d50ed203a,bernoulli,1
rep2,start_P,6,7,bfgs,bernoulli,bernoulli,48.35832450351671,False,False,-50.81669437297501,-74.99585662473336,bfgs,3,False,1.4257575076115358e-08,False,2,bfgs,5,True,2.683724076302241e-12,True,0,bernoulli,-50.81669437297501,0.36219030171708377,a4444be7d71d83c1696349e94068ffadfd33aed7ee20d9dc705550e5423b5fe0,selected_candidate_loading,True,a4444be7d71d83c1696349e94068ffadfd33aed7ee20d9dc705550e5423b5fe0,bernoulli,1
rep2,start_P,6,8,bfgs,bernoulli,bernoulli,47.559716016417,False,True,-49.68848353198468,-73.46834154019318,bfgs,4,True,3.517186542012496e-14,True,0,bfgs,4,True,3.3365310514454904e-12,True,0,bernoulli,-49.68848353198468,-0.520422952023467,eee837af842303e2e5c1dbcfd8e5fc48c7f547e2643a3da5f0698f482d73e5e2,selected_candidate_loading,True,eee837af842303e2e5c1dbcfd8e5fc48c7f547e2643a3da5f0698f482d73e5e2,bernoulli,1
rep2,start_P,7,3,bfgs,bernoulli,bernoulli,46.45488757283216,False,True,-50.82906091666846,-74.05650470308454,bfgs,4,True,5.3734794391857575e-15,True,0,bfgs,4,True,6.985523270941485e-13,True,0,bernoulli,-50.82906091666846,-0.3603993868032811,2fa1114e2740c08cd1290fdce494e2371892e475e5004b570a9816030cf437f5,selected_candidate_loading,True,2fa1114e2740c08cd1290fdce494e2371892e475e5004b570a9816030cf437f5,bernoulli,1
rep2,start_P,7,4,bfgs,bernoulli,bernoulli,53.02709315348329,False,True,-48.22078770162787,-74.73433427836952,bfgs,4,True,2.6645352591003756e-16,True,0,bfgs,7,True,9.36140054363932e-14,True,0,bernoulli,-48.22078770162787,0.68770580578347573,878fe096ae630a8fbdb8d9f0f940460f1759a3085c6ab0e85d6e0bf52086cef9,selected_candidate_loading,True,878fe096ae630a8fbdb8d9f0f940460f1759a3085c6ab0e85d6e0bf52086cef9,bernoulli,1
rep2,start_P,7,5,bfgs,bernoulli,bernoulli,47.268817078212635,False,True,-50.120418911597994,-73.75482745070431,bfgs,5,True,5.329070518200751e-16,True,0,bfgs,4,True,1.4640733070336865e-12,True,0,bernoulli,-50.120418911597994,-0.46475771921970205,26e002842b8870de03b52ced53d8eada7ba08f2ef11407a782957925a97a86d8,selected_candidate_loading,True,26e002842b8870de03b52ced53d8eada7ba08f2ef11407a782957925a97a86d8,bernoulli,1
rep2,start_P,7,6,bfgs,bernoulli,bernoulli,46.37966182983894,False,True,-50.89817942206227,-74.08801033698174,bfgs,4,True,7.308118110671557e-10,False,2,bfgs,4,True,3.668230164066699e-11,True,0,bernoulli,-50.89817942206227,-0.34894029435824792,b540f4f40bf912600ef273bb7d2f932be5c735de89a9dfe0d754fc2c33cfbb2f,selected_candidate_loading,True,b540f4f40bf912600ef273bb7d2f932be5c735de89a9dfe0d754fc2c33cfbb2f,bernoulli,1
rep2,start_P,7,7,bfgs,bernoulli,bernoulli,47.49446928134536,False,True,-51.25275925566327,-74.99999389633595,bfgs,4,True,8.83265460771554e-11,True,0,bfgs,5,True,2.8165456078532713e-12,True,0,bernoulli,-51.25275925566327,0.28426133430634454,f4b6b1364f40143be284d4cfec3c5240fdf816ac4a8b1533418ce7f65623a8a9,selected_candidate_loading,True,f4b6b1364f40143be284d4cfec3c5240fdf816ac4a8b1533418ce7f65623a8a9,bernoulli,1
rep2,start_P,7,8,bfgs,bernoulli,bernoulli,47.928716133694635,False,False,-49.5778597671032,-73.54221783395052,bfgs,2,False,9.696825467031545e-08,False,2,bfgs,4,True,5.936140468065787e-12,True,0,bernoulli,-49.5778597671032,-0.53424748554456736,4ca0b101779f3d97f58dae3c360fa6c55f782e035a67e1c01a878dab5d1bd06a,selected_candidate_loading,True,4ca0b101779f3d97f58dae3c360fa6c55f782e035a67e1c01a878dab5d1bd06a,bernoulli,1
rep2,start_P,8,3,bfgs,bernoulli,bernoulli,46.04054234665706,False,True,-50.68325345413316,-73.70352462746169,bfgs,4,True,1.7763568394002506e-16,True,0,bfgs,4,True,1.7212897773788427e-12,True,0,bernoulli,-50.68325345413316,-0.38362201811751134,cb7232054bf3186af322121afd7b4f9d39f8bffb80afc150547adc32390468b5,selected_candidate_loading,True,cb7232054bf3186af322121afd7b4f9d39f8bffb80afc150547adc32390468b5,bernoulli,1
rep2,start_P,8,4,bfgs,bernoulli,bernoulli,52.022211822484365,False,True,-48.89568481071255,-74.90679072195474,bfgs,5,True,5.329070518200751e-16,True,0,bfgs,7,True,2.5668356329333618e-14,True,0,bernoulli,-48.89568481071255,0.6140700396331884,27d4d100deaca47fe16cc5a74bbd358f00dd703429cf1f27cdb94262ff47e759,selected_candidate_loading,True,27d4d100deaca47fe16cc5a74bbd358f00dd703429cf1f27cdb94262ff47e759,bernoulli,1
rep2,start_P,8,5,bfgs,bernoulli,bernoulli,46.86122247386851,False,True,-49.910587903591235,-73.34119914052549,bfgs,3,True,9.43956024457293e-13,True,0,bfgs,4,True,5.4741988719797515e-12,True,0,bernoulli,-49.910587903591235,-0.49237334850084258,ca0881df4d695a4e433203d8a15d3df17cc65a8c6a99b28a48d7c8b7498b8863,selected_candidate_loading,True,ca0881df4d695a4e433203d8a15d3df17cc65a8c6a99b28a48d7c8b7498b8863,bernoulli,1
rep2,start_P,8,6,bfgs,bernoulli,bernoulli,45.5583312344279,False,True,-51.20161798802572,-73.98078360523967,bfgs,4,True,1.3781886742947335e-11,True,0,bfgs,4,True,1.64562363735854e-11,True,0,bernoulli,-51.20161798802572,-0.29432128015417847,3b09d0c9fab27016644e0944dacfdb57d10d3b118df42d4f40abf59a57a277c3,selected_candidate_loading,True,3b09d0c9fab27016644e0944dacfdb57d10d3b118df42d4f40abf59a57a277c3,bernoulli,1
rep2,start_P,8,7,bfgs,bernoulli,bernoulli,47.59737571208886,False,True,-51.18946004658637,-74.9881479026308,bfgs,3,True,8.835343567881182e-12,True,0,bfgs,5,True,5.4197535348521345e-12,True,0,bernoulli,-51.18946004658637,0.29667252860646531,456e3116dd4561bb3f9ba1f07c4fd03212939289a41d4a730d7b0021f6d1963d,selected_candidate_loading,True,456e3116dd4561bb3f9ba1f07c4fd03212939289a41d4a730d7b0021f6d1963d,bernoulli,1
rep2,start_P,8,8,bfgs,bernoulli,bernoulli,47.488859257280254,False,True,-49.36111006132186,-73.10553968996199,bfgs,3,True,4.4369130591803693e-11,True,0,bfgs,4,True,6.739586666526521e-12,True,0,bernoulli,-49.36111006132186,-0.5603186161084881,4725737cd35f7afb91b153a715f909011af028c202cfb5b2f99dca7b45fb9ab8,selected_candidate_loading,True,4725737cd35f7afb91b153a715f909011af028c202cfb5b2f99dca7b45fb9ab8,bernoulli,1
rep2,start_P,1,3,bfgs,poisson,bernoulli,45.06789151632037,True,True,-51.67434728778089,-74.20829304594108,bfgs,6,True,3.4676261861932288e-12,True,0,bfgs,8,True,1.4974599338302143e-11,True,0,bernoulli,-51.67434728778089,0.19938298922624517|-0.047739478481553875,cec9b5b23e8887673cbac1b0ac79e9f5818d7bb946eee536338b84e8c91d1ac3,selected_candidate_loading,True,cec9b5b23e8887673cbac1b0ac79e9f5818d7bb946eee536338b84e8c91d1ac3,bernoulli,2
rep2,start_P,1,4,bfgs,poisson,bernoulli,52.66102506923126,True,True,-48.58261546593874,-74.91312800055437,bfgs,6,True,3.2684965844964606e-14,True,0,bfgs,8,True,2.61240060694945e-09,False,2,bernoulli,-48.58261546593874,-0.47564677970589792|0.33121248505570511,eb2caeb369aa6148a001b43b99998a0ea9c54a7c78e029f4ded225bd62854568,selected_candidate_loading,True,eb2caeb369aa6148a001b43b99998a0ea9c54a7c78e029f4ded225bd62854568,bernoulli,2
rep2,start_P,1,5,bfgs,poisson,bernoulli,48.124252905588435,True,True,-49.10280932519025,-73.16493577798447,bfgs,7,True,2.480449623476488e-10,False,2,bfgs,7,True,4.5288217620509386e-12,True,0,bernoulli,-49.10280932519025,-0.3191864536992991|-0.5539078781663207,c35d428d1854cb001aba86041af7def71891d21c65d05be200329b4a55a4c0dc,selected_candidate_loading,True,c35d428d1854cb001aba86041af7def71891d21c65d05be200329b4a55a4c0dc,bernoulli,2
rep2,start_P,1,6,bfgs,poisson,bernoulli,45.34667279742821,True,False,-51.220825087200105,-73.89416148591421,bfgs,5,False,5.555702287107778e-08,False,2,bfgs,6,True,1.0488214741144475e-10,False,2,bernoulli,-51.220825087200105,0.30306806222603533|-0.086056293948416379,b95f4fcef8e60f2fa1f5a1900388246bedc84087772a4e9d1c6ce0f2fd923958,selected_candidate_loading,True,b95f4fcef8e60f2fa1f5a1900388246bedc84087772a4e9d1c6ce0f2fd923958,bernoulli,2
rep2,start_P,1,7,bfgs,poisson,bernoulli,48.10313370514601,True,False,-50.647772599444295,-74.6993394520173,bfgs,5,False,1.2959057507089256e-07,False,2,bfgs,6,True,1.291883727772003e-09,False,2,bernoulli,-50.647772599444295,0.29501751347298705|0.3686719120035839,964392e6c4ea2e60a1c778bcc43229ea501638b98eb44f6d401f8768d30847d0,selected_candidate_loading,True,964392e6c4ea2e60a1c778bcc43229ea501638b98eb44f6d401f8768d30847d0,bernoulli,2
rep2,start_P,1,8,bfgs,poisson,bernoulli,46.61040177231463,True,True,-49.835326082128994,-73.14052696828631,bfgs,6,True,5.335865083111457e-12,True,0,bfgs,6,True,8.917311333789258e-14,True,0,bernoulli,-49.835326082128994,0.26330287131438113|-0.31283044843720292,d657ae28a92a90f604e5bb10cd44d588110de6655957883d1ca2309e7f5ca680,selected_candidate_loading,True,d657ae28a92a90f604e5bb10cd44d588110de6655957883d1ca2309e7f5ca680,bernoulli,2
rep2,start_P,2,3,bfgs,bernoulli,bernoulli,46.57270500595331,False,True,-50.656873352368564,-73.94322585534522,bfgs,5,True,2.5850718232689474e-09,False,2,bfgs,5,True,8.937184325930047e-13,True,0,bernoulli,-50.656873352368564,0.34614672036937916|-0.16796088641020324,01b7e6f1e14b68804e0936f664a0cb1c6d29e509993587bb499815cc61bcf31d,selected_candidate_loading,True,01b7e6f1e14b68804e0936f664a0cb1c6d29e509993587bb499815cc61bcf31d,bernoulli,2
rep2,start_P,2,4,bfgs,bernoulli,bernoulli,55.83446528035509,False,True,-46.42991891460255,-74.3471515547801,bfgs,7,True,9.558220881444868e-12,True,0,bfgs,9,True,2.1174528797018867e-11,True,0,bernoulli,-46.42991891460255,-0.91202054996343973|0.23500068255830817,59fb4ed56fdb9ad3e63fa4ca77b87abd0a2b14407656d554074f8ba1ca70b886,selected_candidate_loading,True,59fb4ed56fdb9ad3e63fa4ca77b87abd0a2b14407656d554074f8ba1ca70b886,bernoulli,2
rep2,start_P,2,5,bfgs,bernoulli,bernoulli,47.411653288788685,False,True,-49.916387910116306,-73.62221455451065,bfgs,6,True,3.1895608376686366e-11,True,0,bfgs,8,True,1.8432757542541366e-10,False,2,bernoulli,-49.916387910116306,-0.055849617707803174|-0.42976159430596139,c25a9eba93e778ca993a8eca0ce395518d6888437300c3d20d2ae4327d8739b6,selected_candidate_loading,True,c25a9eba93e778ca993a8eca0ce395518d6888437300c3d20d2ae4327d8739b6,bernoulli,2
rep2,start_P,2,6,bfgs,bernoulli,bernoulli,45.75488605344384,False,True,-51.415585301410644,-74.29302832813256,bfgs,5,True,1.0482033019343362e-10,False,2,bfgs,5,True,8.267719842081078e-12,True,0,bernoulli,-51.415585301410644,0.20226902786108511|-0.12495220783173923,40559dd7e73e11160dfaded2e24b613740117897d33d03613600abe63b0c4fae,selected_candidate_loading,True,40559dd7e73e11160dfaded2e24b613740117897d33d03613600abe63b0c4fae,bernoulli,2
rep2,start_P,2,7,bfgs,bernoulli,bernoulli,48.541867570618905,False,True,-50.62516224466923,-74.89609602997868,bfgs,6,True,4.688505139682775e-12,True,0,bfgs,6,True,5.509601441744394e-10,False,2,bernoulli,-50.62516224466923,0.14626503041967642|0.3529561296491513,f40cab49435964921c77188f208f09805234c3f0e5b65a10bced79671532f485,selected_candidate_loading,True,f40cab49435964921c77188f208f09805234c3f0e5b65a10bced79671532f485,bernoulli,2
rep2,start_P,2,8,bfgs,bernoulli,bernoulli,48.81490892036457,False,True,-48.84027206354259,-73.24772652372488,bfgs,7,True,1.5413789133944533e-10,False,2,bfgs,6,True,3.737792297897613e-11,True,0,bernoulli,-48.84027206354259,-0.13340414419855134|-0.54963479530554027,4daf2eb174ec16cd1a58993304dd42e533446bfd6c750b3c7fda692e921e3b06,selected_candidate_loading,True,4daf2eb174ec16cd1a58993304dd42e533446bfd6c750b3c7fda692e921e3b06,bernoulli,2
rep2,start_P,3,3,bfgs,bernoulli,bernoulli,47.06763047130181,False,True,-50.52458590882793,-74.05840114447884,bfgs,5,True,1.2145839889399213e-13,True,0,bfgs,6,True,8.197424961053912e-10,False,2,bernoulli,-50.52458590882793,0.35492186338095116|-0.19793175163407239,7bc40dc83ddf9c9b08e36f7dfec6da232ecf71fab744b5777bf3b68629d71bc8,selected_candidate_loading,True,7bc40dc83ddf9c9b08e36f7dfec6da232ecf71fab744b5777bf3b68629d71bc8,bernoulli,2
rep2,start_P,3,4,bfgs,bernoulli,bernoulli,58.08601098508986,False,False,-44.43478862775577,-73.4777941203007,bfgs,4,False,1.0938700212292929e-07,False,2,bfgs,8,False,2.237856495668211e-08,False,2,bernoulli,-44.43478862775577,-0.97197543834821509|0.43333973714372848,70ecc8470b4349c9cfe73867eb6f11693687c31c212ba0f8bc859325d7826c5e,selected_candidate_loading,True,70ecc8470b4349c9cfe73867eb6f11693687c31c212ba0f8bc859325d7826c5e,bernoulli,2
rep2,start_P,3,5,bfgs,bernoulli,bernoulli,46.95381632976151,False,False,-50.00734055808539,-73.48424872296614,bfgs,4,False,8.017783432734405e-08,False,2,bfgs,6,True,4.977351863999502e-13,True,0,bernoulli,-50.00734055808539,0.085102717384176962|-0.42978200039097436,3c25d902ac93b019fdb0e3e4250a1c4785a67e187848d96e9d8b72156722df55,selected_candidate_loading,True,3c25d902ac93b019fdb0e3e4250a1c4785a67e187848d96e9d8b72156722df55,bernoulli,2
rep2,start_P,3,6,bfgs,bernoulli,bernoulli,45.95397891806883,False,True,-51.170500438633766,-74.14748989766818,bfgs,5,True,3.733342524014915e-11,True,0,bfgs,6,True,2.9533886447552504e-10,False,2,bernoulli,-51.170500438633766,0.1796921844445904|-0.21778242756000663,7befbf17039701d9c88d0dc4a6466339b515b11a6c56e4a240cc0fbb6f7ab54c,selected_candidate_loading,True,7befbf17039701d9c88d0dc4a6466339b515b11a6c56e4a240cc0fbb6f7ab54c,bernoulli,2
rep2,start_P,3,7,bfgs,bernoulli,bernoulli,48.067351160863936,False,True,-50.9628355691328,-74.99651114956477,bfgs,7,True,1.5099033134902129e-15,True,0,bfgs,7,True,4.387268326411231e-13,True,0,bernoulli,-50.9628355691328,0.044163117887749556|0.31410233603021409,dba50c90c1b835bc10a8e6600c4d8f0fa03be61fb66c549e4b7f4dda70f87d14,selected_candidate_loading,True,dba50c90c1b835bc10a8e6600c4d8f0fa03be61fb66c549e4b7f4dda70f87d14,bernoulli,2
rep2,start_P,3,8,bfgs,bernoulli,bernoulli,47.84460564943794,False,True,-49.17067941001318,-73.09298223473215,bfgs,6,True,9.193312777711072e-13,True,0,bfgs,6,True,9.325873406851315e-16,True,0,bernoulli,-49.17067941001318,-0.1856814553924527|-0.52827529684789798,0adb9986cb9fe5f7d55bdb1b4f7fe1230507bd6dddea155f38d8ed0acd02f8a4,selected_candidate_loading,True,0adb9986cb9fe5f7d55bdb1b4f7fe1230507bd6dddea155f38d8ed0acd02f8a4,bernoulli,2
rep2,start_P,4,3,bfgs,bernoulli,bernoulli,46.2341704094936,False,True,-50.98985066465252,-74.10693586939932,bfgs,5,True,8.144180441149728e-10,False,2,bfgs,8,True,9.096723374568683e-13,True,0,bernoulli,-50.98985066465252,0.071028086787834815|-0.30676508436539029,57011bd18d97d797fd14fc3869d0bbf9c7c4e13fc68f7305dd2f8513eb5850d0,selected_candidate_loading,True,57011bd18d97d797fd14fc3869d0bbf9c7c4e13fc68f7305dd2f8513eb5850d0,bernoulli,2
rep2,start_P,4,4,bfgs,bernoulli,bernoulli,57.64340145056933,False,True,-45.01626557427986,-73.83796629956453,bfgs,6,True,7.788418798782004e-11,True,0,bfgs,9,True,7.105427357601002e-14,True,0,bernoulli,-45.01626557427986,-0.78277583149232899|0.61777250526685301,77f966eb4a1ab8ea50d2a063ee4b0aae44d38935c041720326b1071f76110102,selected_candidate_loading,True,77f966eb4a1ab8ea50d2a063ee4b0aae44d38935c041720326b1071f76110102,bernoulli,2
rep2,start_P,4,5,bfgs,bernoulli,bernoulli,48.1972280261389,False,True,-49.582785991811136,-73.68140000488059,bfgs,6,True,4.2019721036012927e-13,True,0,bfgs,6,True,1.839151053673049e-12,True,0,bernoulli,-49.582785991811136,0.31827672726194328|-0.4057682659225948,3f1cacda01fd57f29649f8fb64f8902309697d344f65a590b97980528b4b4ecf,selected_candidate_loading,True,3f1cacda01fd57f29649f8fb64f8902309697d344f65a590b97980528b4b4ecf,bernoulli,2
rep2,start_P,4,6,bfgs,bernoulli,bernoulli,45.98785016391031,False,False,-51.17076522112286,-74.16469030307802,bfgs,6,True,2.6063595726100174e-13,True,0,bfgs,5,False,2.096784877281266e-07,False,2,bernoulli,-51.17076522112286,-0.063076528972463144|-0.28078839199446443,a5ab7f6589996402959806a214068865b8396059693db2e1a4aa810501a872b5,selected_candidate_loading,True,a5ab7f6589996402959806a214068865b8396059693db2e1a4aa810501a872b5,bernoulli,2
rep2,start_P,4,7,bfgs,bernoulli,bernoulli,48.04800279466957,False,True,-50.952681113280605,-74.97668251061539,bfgs,5,True,1.7437047361568149e-10,False,2,bfgs,6,True,1.0403052433383132e-09,False,2,bernoulli,-50.952681113280605,-0.04287513715285609|0.31789529024762597,9c236f8cb1339944a8ed1897384896c6ec003640c5a0643f291fe255b891b917,selected_candidate_loading,True,9c236f8cb1339944a8ed1897384896c6ec003640c5a0643f291fe255b891b917,bernoulli,2
rep2,start_P,4,8,bfgs,bernoulli,bernoulli,49.334781674537,False,True,-48.422994656165386,-73.09038549343389,bfgs,5,True,6.672307151234236e-12,True,0,bfgs,6,True,2.4069635173873394e-12,True,0,bernoulli,-48.422994656165386,-0.31082941152052601|-0.57004632660630339,51dfe8b03fda1da473b6d30ed8aa2a6dd8584cd768efc5f552ff9484bdbfc061,selected_candidate_loading,True,51dfe8b03fda1da473b6d30ed8aa2a6dd8584cd768efc5f552ff9484bdbfc061,bernoulli,2
rep2,start_P,5,3,bfgs,bernoulli,bernoulli,46.401757348907125,False,True,-50.777054426709796,-73.97793310116336,bfgs,5,True,5.0365045467515305e-12,True,0,bfgs,5,True,2.693050227264848e-11,True,0,bernoulli,-50.777054426709796,0.071314639741580962|-0.34072206272412364,5725b5b3d33ea67f3e0dc5a53017dc35b3beeb36f8e1216f98e214c60affe677,selected_candidate_loading,True,5725b5b3d33ea67f3e0dc5a53017dc35b3beeb36f8e1216f98e214c60affe677,bernoulli,2
rep2,start_P,5,4,bfgs,bernoulli,bernoulli,56.43841343635009,False,True,-45.7242306676595,-73.94343738583454,bfgs,6,True,1.1896617024831357e-11,True,0,bfgs,8,True,3.4278116345376473e-09,False,2,bernoulli,-45.7242306676595,-0.74124525879671799|0.56995019394062552,8f5c6b7a6004fb4d1875bc7aa12db9ab64c0a02a8d479493cf9b1e2077d6c1d6,selected_candidate_loading,True,8f5c6b7a6004fb4d1875bc7aa12db9ab64c0a02a8d479493cf9b1e2077d6c1d6,bernoulli,2
rep2,start_P,5,5,bfgs,bernoulli,bernoulli,48.51060205700682,False,True,-49.39344544275505,-73.64874647125846,bfgs,5,True,5.7721116775155676e-11,True,0,bfgs,6,True,6.292140142249991e-11,True,0,bernoulli,-49.39344544275505,0.38422289972485008|-0.3907183107091548,c3ec55d26351e01e50de091214a611c764f6093787fe6d0ebd554e4cdb6563c1,selected_candidate_loading,True,c3ec55d26351e01e50de091214a611c764f6093787fe6d0ebd554e4cdb6563c1,bernoulli,2
rep2,start_P,5,6,bfgs,bernoulli,bernoulli,45.94155466055156,False,False,-51.1963983924897,-74.16717572276548,bfgs,5,False,9.284388395869314e-08,False,2,bfgs,6,False,3.8094810150823835e-08,False,2,bernoulli,-51.1963983924897,-0.1275996819280564|-0.25653830747492751,5514c9675e81e08f56a696e13cec594eae939eb1cc17fac905296f5c6a1096d0,selected_candidate_loading,True,5514c9675e81e08f56a696e13cec594eae939eb1cc17fac905296f5c6a1096d0,bernoulli,2
rep2,start_P,5,7,bfgs,bernoulli,bernoulli,48.02665098929218,False,False,-50.90140601165253,-74.91473150629862,bfgs,6,True,8.846257060213247e-14,True,0,bfgs,6,False,2.2100565018057238e-07,False,2,bernoulli,-50.90140601165253,-0.15359812129146513|0.29651913418617132,54b73be34efcfdffe89617992d6ee0f098e37c2c856c1db4c1b2988de4ad57d0,selected_candidate_loading,True,54b73be34efcfdffe89617992d6ee0f098e37c2c856c1db4c1b2988de4ad57d0,bernoulli,2
rep2,start_P,5,8,bfgs,bernoulli,bernoulli,49.20205229515213,False,True,-48.440717203552126,-73.04174335112819,bfgs,5,True,2.8821833808478914e-11,True,0,bfgs,6,True,2.474465077284549e-13,True,0,bernoulli,-48.440717203552126,-0.26894065634836406|-0.5801005307204955,1897012be3e0910ff3369ca065bac8737dff02660a6cbe08126b310c76450131,selected_candidate_loading,True,1897012be3e0910ff3369ca065bac8737dff02660a6cbe08126b310c76450131,bernoulli,2
rep2,start_P,6,3,bfgs,bernoulli,bernoulli,46.491245042968245,False,True,-50.68283093703049,-73.92845345851461,bfgs,5,True,8.931717587756793e-11,True,0,bfgs,6,True,3.9968028886505636e-16,True,0,bernoulli,-50.68283093703049,0.0055762354308224868|-0.36321310997193235,421e9261216f01c78afff26965e2806aff7c2ef14f67b4510cc3ced64402ad15,selected_candidate_loading,True,421e9261216f01c78afff26965e2806aff7c2ef14f67b4510cc3ced64402ad15,bernoulli,2
rep2,start_P,6,4,bfgs,bernoulli,bernoulli,54.94057780370656,False,False,-46.2950107168617,-73.76529961871498,bfgs,5,False,2.6718928225477612e-08,False,2,bfgs,10,True,5.965716809441801e-12,True,0,bernoulli,-46.2950107168617,-0.64911526668487507|0.56451177651223206,cf3c4ccdb03c7b986af19d7e36ab38e445ae08129f0f85141c3ee7f630e366cb,selected_candidate_loading,True,cf3c4ccdb03c7b986af19d7e36ab38e445ae08129f0f85141c3ee7f630e366cb,bernoulli,2
rep2,start_P,6,5,bfgs,bernoulli,bernoulli,49.03636768482531,False,False,-49.40864483226029,-73.92682867467295,bfgs,6,True,1.1475265182525617e-13,True,0,bfgs,5,False,2.0678694756526284e-07,False,2,bernoulli,-49.40864483226029,0.43051214629696838|-0.33895033542945735,785f7859d94581bf24e14ad7006826aa0c2c64e11086616054d4bd2c6b950a33,selected_candidate_loading,True,785f7859d94581bf24e14ad7006826aa0c2c64e11086616054d4bd2c6b950a33,bernoulli,2
rep2,start_P,6,6,bfgs,bernoulli,bernoulli,46.39046897179969,False,True,-50.651797799492996,-73.84703228539284,bfgs,5,True,2.828848266744899e-14,True,0,bfgs,6,True,6.501466032204917e-14,True,0,bernoulli,-50.651797799492996,-0.16470363535022264|-0.34078187930456177,5e10745286ae1cb8f6e772ebe0531b0dda607572fe297551ecb3221620802ba4,selected_candidate_loading,True,5e10745286ae1cb8f6e772ebe0531b0dda607572fe297551ecb3221620802ba4,bernoulli,2
rep2,start_P,6,7,bfgs,bernoulli,bernoulli,47.47288353680335,False,True,-51.09979928501366,-74.83624105341534,bfgs,5,True,1.6630696819674995e-12,True,0,bfgs,7,True,1.511134550824522e-11,True,0,bernoulli,-51.09979928501366,-0.12570670931612071|0.27147101432516779,9cfcd85e6501b0e1e021f61a5c4af953fdf667666847d462a38543cc5510b17b,selected_candidate_loading,True,9cfcd85e6501b0e1e021f61a5c4af953fdf667666847d462a38543cc5510b17b,bernoulli,2
rep2,start_P,6,8,bfgs,bernoulli,bernoulli,48.820606710163176,False,True,-48.61976754948781,-73.0300709045694,bfgs,6,True,9.530154443382343e-14,True,0,bfgs,5,True,7.325067663543905e-10,False,2,bernoulli,-48.61976754948781,-0.18196681186078656|-0.58845521374935583,aff999c392cd8e9711b992aebba46326e2d253571dd5d868a9fa167122a5fbc5,selected_candidate_loading,True,aff999c392cd8e9711b992aebba46326e2d253571dd5d868a9fa167122a5fbc5,bernoulli,2
rep2,start_P,7,3,bfgs,bernoulli,bernoulli,47.37487242931425,False,False,-49.950866875678514,-73.63830309033564,bfgs,5,True,9.058744865342305e-11,True,0,bfgs,5,False,1.8619084718451973e-08,False,2,bernoulli,-49.950866875678514,-0.1558355457436599|-0.44225812261512781,54fb8952d2d9d8bec6c925387a596df79ca82715d536c551ac758e18bb8f5447,selected_candidate_loading,True,54fb8952d2d9d8bec6c925387a596df79ca82715d536c551ac758e18bb8f5447,bernoulli,2
rep2,start_P,7,4,bfgs,bernoulli,bernoulli,55.695268242230554,False,True,-46.408950374610725,-74.256584495726,bfgs,5,True,4.9391957190891846e-11,True,0,bfgs,8,True,1.1898393381670757e-11,True,0,bernoulli,-46.408950374610725,-0.59594288479897217|0.6128368283488953,2e66ddcd84dc62c84f19d6f218e3f6f3a911fc0f553123e04c8da4da9a94f3be,selected_candidate_loading,True,2e66ddcd84dc62c84f19d6f218e3f6f3a911fc0f553123e04c8da4da9a94f3be,bernoulli,2
rep2,start_P,7,5,bfgs,bernoulli,bernoulli,48.95351322353625,False,True,-49.12372349450011,-73.60048010626824,bfgs,5,True,6.211031688962975e-13,True,0,bfgs,6,True,7.549834535325318e-10,False,2,bernoulli,-49.12372349450011,0.4529077259684528|-0.37039845803955068,f523a729fc599f327e0dc0f5436491ab8bce4f60747aa50f4b1a936ef8065802,selected_candidate_loading,True,f523a729fc599f327e0dc0f5436491ab8bce4f60747aa50f4b1a936ef8065802,bernoulli,2
rep2,start_P,7,6,bfgs,bernoulli,bernoulli,46.69946848396212,False,False,-50.55210155347687,-73.90183579545793,bfgs,4,True,4.120259688988881e-11,True,0,bfgs,5,False,2.534036915413651e-07,False,2,bernoulli,-50.55210155347687,-0.16337478876698994|-0.35653295644462185,11e3cc401e4fabe7c7635a74156285f706a6ebf5fb4ded10e21dc15194a5ed7b,selected_candidate_loading,True,11e3cc401e4fabe7c7635a74156285f706a6ebf5fb4ded10e21dc15194a5ed7b,bernoulli,2
rep2,start_P,7,7,bfgs,bernoulli,bernoulli,47.94219253235934,False,True,-50.95698226006856,-74.92807852624823,bfgs,5,True,3.369748924342275e-13,True,0,bfgs,8,True,4.715894341700277e-13,True,0,bernoulli,-50.95698226006856,-0.16847361525660018|0.27871584712541453,aa94cfeb7f7c5796cd2816744d76275172a74f11e4d25c549d1b8f11af67e15d,selected_candidate_loading,True,aa94cfeb7f7c5796cd2816744d76275172a74f11e4d25c549d1b8f11af67e15d,bernoulli,2
rep2,start_P,7,8,bfgs,bernoulli,bernoulli,48.942398953827535,False,True,-48.70856505938667,-73.17976453630044,bfgs,6,True,4.851674617611934e-14,True,0,bfgs,6,True,1.6015633264032659e-12,True,0,bernoulli,-48.70856505938667,-0.22621045399946083|-0.56843070585318389,01ed9f19312a16dfd22cf5b392c665ba447d89cdeb0ac92a5ea34e387d6de8c9,selected_candidate_loading,True,01ed9f19312a16dfd22cf5b392c665ba447d89cdeb0ac92a5ea34e387d6de8c9,bernoulli,2
rep2,start_P,8,3,bfgs,bernoulli,bernoulli,47.6841470370493,False,True,-49.50019257675371,-73.34226609527836,bfgs,5,True,8.069793722143004e-11,True,0,bfgs,6,True,3.944400361888256e-12,True,0,bernoulli,-49.50019257675371,-0.28225420541520652|-0.445907289809089,8e99183251db0eb49b35edc6a6eefc17ed8c387202e91b49002f9e1ae9efc289,selected_candidate_loading,True,8e99183251db0eb49b35edc6a6eefc17ed8c387202e91b49002f9e1ae9efc289,bernoulli,2
rep2,start_P,8,4,bfgs,bernoulli,bernoulli,56.87221810362516,False,True,-45.532756717255424,-73.968865769068,bfgs,6,True,1.2874146193553315e-12,True,0,bfgs,9,True,3.580069574127265e-11,True,0,bernoulli,-45.532756717255424,-0.57525215877266467|0.73529189287201102,e77bfdf82337bf56dbdc9aa44c03f3e4d4d49fef83b74d251c96af654c9593d1,selected_candidate_loading,True,e77bfdf82337bf56dbdc9aa44c03f3e4d4d49fef83b74d251c96af654c9593d1,bernoulli,2
rep2,start_P,8,5,bfgs,bernoulli,bernoulli,49.54510250758224,False,True,-48.87626409745958,-73.6488153512507,bfgs,5,True,4.852562796031634e-13,True,0,bfgs,6,True,1.453868669898384e-09,False,2,bernoulli,-48.87626409745958,0.47008255742561122|-0.40164191846101022,80e2a79b7d4f0157bdb5de7d3d17840cbda3020642132c1e1ccc38e9b8c9579e,selected_candidate_loading,True,80e2a79b7d4f0157bdb5de7d3d17840cbda3020642132c1e1ccc38e9b8c9579e,bernoulli,2
rep2,start_P,8,6,bfgs,bernoulli,bernoulli,47.21013357383154,False,True,-49.908224015240464,-73.51329080215623,bfgs,5,True,1.4228618283596005e-13,True,0,bfgs,5,True,1.4172130136103078e-11,True,0,bernoulli,-49.908224015240464,-0.2695684375894003|-0.39719505700942354,4149709b5b047709601bbdc9cbd74df2575fce766001d1895753055855a0f5c3,selected_candidate_loading,True,4149709b5b047709601bbdc9cbd74df2575fce766001d1895753055855a0f5c3,bernoulli,2
rep2,start_P,8,7,bfgs,bernoulli,bernoulli,47.48958770936798,False,False,-51.06719829048035,-74.81199214516434,bfgs,5,False,2.1845154662969436e-08,False,2,bfgs,6,True,1.8992606487522325e-09,False,2,bernoulli,-51.06719829048035,-0.18343438229586384|0.2542284641337712,d8b93b24bffabd5821dc40c44a3fa44295b2fa750b5a58dcad89e188cc1fc460,selected_candidate_loading,True,d8b93b24bffabd5821dc40c44a3fa44295b2fa750b5a58dcad89e188cc1fc460,bernoulli,2
rep2,start_P,8,8,bfgs,bernoulli,bernoulli,48.67424848191128,False,True,-48.68842073482141,-73.02554497577705,bfgs,6,True,8.881784197001252e-16,True,0,bfgs,5,True,2.2457120607555226e-10,False,2,bernoulli,-48.68842073482141,-0.31823258476790678|-0.52786321695092309,207b4c9a5f4ebdcb3eb5dc793befa36770e91e456707f034825c36551cb6a7d7,selected_candidate_loading,True,207b4c9a5f4ebdcb3eb5dc793befa36770e91e456707f034825c36551cb6a7d7,bernoulli,2
rep2,start_P,1,3,bfgs,poisson,bernoulli,45.156402039088164,True,False,-51.56282543450493,-74.14102645404901,bfgs,6,False,3.4520220459910433e-08,False,2,bfgs,7,False,1.558413140756443e-08,False,2,bernoulli,-51.56282543450493,0.19315895006571562|0.10576340144818504|0.084754109584888104,f402267d61916fd2455ea52e9a7c7b56579e29a99c1920472acd58ace2a4350d,selected_candidate_loading,True,f402267d61916fd2455ea52e9a7c7b56579e29a99c1920472acd58ace2a4350d,bernoulli,3
rep2,start_P,1,4,bfgs,poisson,bernoulli,49.52887512089427,True,False,-48.88088260792925,-73.64532016837639,bfgs,12,True,2.901351248141282e-09,False,2,bfgs,7,False,3.042584495460687e-08,False,2,bernoulli,-48.88088260792925,0.38876864976664616|-0.16168874042174688|0.34851858445421968,4a0e5554d7c5fedcc038213f6d86d71a371b0108292be4e473a178ca271ec86a,selected_candidate_loading,True,4a0e5554d7c5fedcc038213f6d86d71a371b0108292be4e473a178ca271ec86a,bernoulli,3
rep2,start_P,1,5,bfgs,poisson,bernoulli,52.350441419288956,True,True,-46.36475051040567,-72.53997122005015,bfgs,10,True,3.190900876859359e-11,True,0,bfgs,7,True,5.470913500005281e-10,False,2,bernoulli,-46.36475051040567,0.18924423362718432|0.79929822690873664|-0.77860059552296879,dfa3e6e288216882bb3b8fe7c87357653cec37ae8b83e1852ac92c655b2e5ef2,selected_candidate_loading,True,dfa3e6e288216882bb3b8fe7c87357653cec37ae8b83e1852ac92c655b2e5ef2,bernoulli,3
rep2,start_P,1,6,bfgs,poisson,bernoulli,44.943890708892766,True,True,-51.74325897741867,-74.21520433186505,bfgs,7,True,1.1039169578452857e-12,True,0,bfgs,7,True,7.196927498398509e-11,True,0,bernoulli,-51.74325897741867,0.02831432726091403|0.15817569867723225|0.028160529361759081,c263b473561e39c4a5c22fe2fd7e80be0dd219f8f5a337f7d830b3f4f2e00331,selected_candidate_loading,True,c263b473561e39c4a5c22fe2fd7e80be0dd219f8f5a337f7d830b3f4f2e00331,bernoulli,3
rep2,start_P,1,7,bfgs,poisson,bernoulli,49.760184703321414,True,True,-49.66997899216409,-74.5500713438248,bfgs,7,True,1.3427389866649264e-09,False,2,bfgs,8,True,3.0837923326032526e-10,False,2,bernoulli,-49.66997899216409,-0.067694958131840025|-0.52457891881518304|0.35596732073281506,fd43c47238070b257336a77d0be682550f0871e0f8ca7b0969063f72684ec661,selected_candidate_loading,True,fd43c47238070b257336a77d0be682550f0871e0f8ca7b0969063f72684ec661,bernoulli,3
rep2,start_P,1,8,bfgs,poisson,bernoulli,46.65962904895004,True,True,-49.98011447609063,-73.30992900056565,bfgs,12,True,3.006341842137772e-11,True,0,bfgs,8,True,4.334777869985373e-10,False,2,bernoulli,-49.98011447609063,0.010020671130851012|0.45318084842607947|0.05957491246274,6341c9ac2c06c244994b0ba4dd596d99e845be1280ed6315672c4c6f7245a954,selected_candidate_loading,True,6341c9ac2c06c244994b0ba4dd596d99e845be1280ed6315672c4c6f7245a954,bernoulli,3
rep2,start_P,2,3,bfgs,bernoulli,bernoulli,49.61361504052593,False,True,-48.34372739765418,-73.15053491791714,bfgs,11,True,6.587480250175304e-09,False,2,bfgs,7,True,1.521844872343081e-10,False,2,bernoulli,-48.34372739765418,-0.45566296061278339|-0.26560415532377962|0.64735282877814371,8e070ac37b68a0c8b5b62a5fb089e8b6bb9d0368af98198797032c6f4500bb35,selected_candidate_loading,True,8e070ac37b68a0c8b5b62a5fb089e8b6bb9d0368af98198797032c6f4500bb35,bernoulli,3
rep2,start_P,2,4,bfgs,bernoulli,bernoulli,56.74130561865118,False,True,-45.93495354456461,-74.3056063538902,bfgs,8,True,1.3674528176466083e-11,True,0,bfgs,8,True,4.5285553085250285e-11,True,0,bernoulli,-45.93495354456461,0.88321842246111293|0.010961219297259153|-0.05111396298427872,d1c743490181acbd07cc7913847f2901ff15c432be49f952dfc227956dd3897a,selected_candidate_loading,True,d1c743490181acbd07cc7913847f2901ff15c432be49f952dfc227956dd3897a,bernoulli,3
rep2,start_P,2,5,bfgs,bernoulli,bernoulli,60.347490194360745,False,True,-41.83342431006061,-72.00716940724098,bfgs,8,True,7.036466076471015e-09,False,2,bfgs,11,True,7.67798269407649e-11,True,0,bernoulli,-41.83342431006061,0.36477106437312068|1.3164530988727468|-1.0376252288775769,eee832a4652f3dabe4158c583d6505887e21abaa3880f87dc7f18087f1a4ba93,selected_candidate_loading,True,eee832a4652f3dabe4158c583d6505887e21abaa3880f87dc7f18087f1a4ba93,bernoulli,3
rep2,start_P,2,6,bfgs,bernoulli,bernoulli,47.149719241292615,False,False,-50.159484855458516,-73.73434447610482,bfgs,6,False,1.52415882159751e-07,False,2,bfgs,7,True,5.699041238926839e-12,True,0,bernoulli,-50.159484855458516,-0.33146932060453782|-0.16197095669041828|0.42738315971839252,cefa323cab081b2ed6d224ddc96f6602c43c3ae908455f736341e2e6c93f5d53,selected_candidate_loading,True,cefa323cab081b2ed6d224ddc96f6602c43c3ae908455f736341e2e6c93f5d53,bernoulli,3
rep2,start_P,2,7,bfgs,bernoulli,bernoulli,51.24321693948883,False,True,-48.73149218880536,-74.35310065854978,bfgs,7,True,3.358174183176743e-10,False,2,bfgs,8,True,1.5786198015455e-09,False,2,bernoulli,-48.73149218880536,-0.22247652627829495|-0.75958203958113324|0.33202721561920628,36c322c7e3cda19ccbd6027092a234eba4527955d9def3ee5a8dc4b19158b878,selected_candidate_loading,True,36c322c7e3cda19ccbd6027092a234eba4527955d9def3ee5a8dc4b19158b878,bernoulli,3
rep2,start_P,2,8,bfgs,bernoulli,bernoulli,48.50631196291252,False,True,-48.69411147844727,-72.94726745990353,bfgs,7,True,9.694933744697209e-12,True,0,bfgs,8,True,7.277733971022826e-12,True,0,bernoulli,-48.69411147844727,-0.1435993645869042|0.43027607073339907|0.3043026071342208,f3f50c371b22bea763e2c5db35b55fcc8462a413dd7975a61d189b37e54a25e8,selected_candidate_loading,True,f3f50c371b22bea763e2c5db35b55fcc8462a413dd7975a61d189b37e54a25e8,bernoulli,3
rep2,start_P,3,3,bfgs,bernoulli,bernoulli,56.643869314169464,False,True,-44.8904399351375,-73.21237459222223,bfgs,8,True,5.87887827308009e-10,False,2,bfgs,11,True,2.469823456863196e-10,False,2,bernoulli,-44.8904399351375,-0.7523280048850185|-0.47828154226932978|0.68526920943179204,372388552edacf6a54ce8bc42a6b93220fe197424d78f2f6a413dd13f062f6cd,selected_candidate_loading,True,372388552edacf6a54ce8bc42a6b93220fe197424d78f2f6a413dd13f062f6cd,bernoulli,3
rep2,start_P,3,4,bfgs,bernoulli,bernoulli,58.39560140277372,False,True,-43.75528498674107,-72.95308568812793,bfgs,8,True,4.8909498673310734e-11,True,0,bfgs,11,True,2.9584583671748986e-10,False,2,bernoulli,-43.75528498674107,1.1082190774832021|0.059301109735211917|0.18094284430717553,b0cd70ef7f0ef6804bae3953a3d1993061373e2e7499381c6e1230a260e9de5e,selected_candidate_loading,True,b0cd70ef7f0ef6804bae3953a3d1993061373e2e7499381c6e1230a260e9de5e,bernoulli,3
rep2,start_P,3,5,bfgs,bernoulli,bernoulli,55.29536795614601,False,False,-43.9555327196678,-71.6032166977408,bfgs,8,True,2.0392665334156844e-11,True,0,bfgs,12,False,1.0409675921252415e-08,False,2,bernoulli,-43.9555327196678,0.19428257345834271|0.965707097629389|-0.72529704311705478,1379c57c1fcf546850cc8b83c3d343492dd238d4ec75787684c4a96fd523a024,selected_candidate_loading,True,1379c57c1fcf546850cc8b83c3d343492dd238d4ec75787684c4a96fd523a024,bernoulli,3
rep2,start_P,3,6,bfgs,bernoulli,bernoulli,53.03283906515338,False,False,-46.99480061299482,-73.51122014557151,bfgs,8,False,1.1327261706384207e-08,False,2,bfgs,9,False,1.0532065175539173e-08,False,2,bernoulli,-46.99480061299482,-0.56152189375350525|-0.31430870361239976|0.60633364466045292,bcb102762cf8804395cfc97f84014dcc99de2c9c5f25ac4fb221346b7af6e6a6,selected_candidate_loading,True,bcb102762cf8804395cfc97f84014dcc99de2c9c5f25ac4fb221346b7af6e6a6,bernoulli,3
rep2,start_P,3,7,bfgs,bernoulli,bernoulli,51.016305838948085,False,False,-49.258377212732896,-74.76653013220694,bfgs,7,False,5.899120392172108e-08,False,2,bfgs,10,True,1.8266155255020066e-11,True,0,bernoulli,-49.258377212732896,-0.12963982150375244|-0.57055878876939226|0.28587623560444131,e86314d727f6091758179addb3db65daa65ec7b3989181c92c3163275c2d6e40,selected_candidate_loading,True,e86314d727f6091758179addb3db65daa65ec7b3989181c92c3163275c2d6e40,bernoulli,3
rep2,start_P,3,8,bfgs,bernoulli,bernoulli,48.53245056328129,False,True,-48.60580365210494,-72.87202893374558,bfgs,5,True,7.921499012297772e-11,True,0,bfgs,8,True,2.0100858755256468e-09,False,2,bernoulli,-48.60580365210494,-0.13255426497937153|0.44534154868687209|0.35211705071505195,c10d0537c73e85493f9a7e096d8e27607a7f52d7ae18377bbb382d6396a7929e,selected_candidate_loading,True,c10d0537c73e85493f9a7e096d8e27607a7f52d7ae18377bbb382d6396a7929e,bernoulli,3
rep2,start_P,4,3,bfgs,bernoulli,bernoulli,57.82147886063052,False,True,-43.92325444457367,-72.83399387488893,bfgs,7,True,1.755290490734751e-09,False,2,bfgs,10,True,2.4678375787345886e-09,False,2,bernoulli,-43.92325444457367,-0.90924970293163498|-0.4084883809557816|0.59665404021150392,8618437d97b4be47fbb42d2bf55dba94124ad24540a67ea9dc1fcbffd9e443c2,selected_candidate_loading,True,8618437d97b4be47fbb42d2bf55dba94124ad24540a67ea9dc1fcbffd9e443c2,bernoulli,3
rep2,start_P,4,4,bfgs,bernoulli,bernoulli,58.408375220650086,False,True,-43.66679419337195,-72.87098180369699,bfgs,7,True,2.9665159217984183e-13,True,0,bfgs,11,True,2.026783540998167e-09,False,2,bernoulli,-43.66679419337195,1.0784475087984804|-0.058874704028291071|0.24788358656491064,0cd64b0f0cebd3bd091682b4d1ffb5425984c9c817c3cb6399545eb1c60fab40,selected_candidate_loading,True,0cd64b0f0cebd3bd091682b4d1ffb5425984c9c817c3cb6399545eb1c60fab40,bernoulli,3
rep2,start_P,4,5,bfgs,bernoulli,bernoulli,54.84188070836093,False,True,-44.74439613458255,-72.16533648876302,bfgs,7,True,6.069076796677564e-10,False,2,bfgs,10,True,1.6650904655080012e-09,False,2,bernoulli,-44.74439613458255,0.11139832750512844|0.81303918528628571|-0.70243608420209969,ea496d9fd3ba83df471bcf77562d9cb37850eb6e7aec81619958ffda74341290,selected_candidate_loading,True,ea496d9fd3ba83df471bcf77562d9cb37850eb6e7aec81619958ffda74341290,bernoulli,3
rep2,start_P,4,6,bfgs,bernoulli,bernoulli,53.11412558086765,False,False,-46.81842860772128,-73.3754913981551,bfgs,7,True,8.740297374743023e-12,True,0,bfgs,10,False,2.91606021107782e-08,False,2,bernoulli,-46.81842860772128,-0.62684244287997215|-0.28871303315010177|0.52643300119340453,416e7b88f54742536b57b35259e6920478db83f27a9502e10614a9228dfca7e6,selected_candidate_loading,True,416e7b88f54742536b57b35259e6920478db83f27a9502e10614a9228dfca7e6,bernoulli,3
rep2,start_P,4,7,bfgs,bernoulli,bernoulli,49.84445772812424,False,True,-49.78383305247094,-74.70606191653306,bfgs,8,True,1.6815349113130652e-11,True,0,bfgs,11,True,1.6992163676121664e-09,False,2,bernoulli,-49.78383305247094,-0.064603612980901531|-0.47469121590844932|0.24379484656669154,c1d8fe819baacd403b0699512906b79e1036a01be78074da974e0822f9fc0893,selected_candidate_loading,True,c1d8fe819baacd403b0699512906b79e1036a01be78074da974e0822f9fc0893,bernoulli,3
rep2,start_P,4,8,bfgs,bernoulli,bernoulli,48.481151312860945,False,True,-48.55648827415357,-72.79706393058405,bfgs,6,True,1.716857767064539e-11,True,0,bfgs,8,True,1.200942545409589e-09,False,2,bernoulli,-48.55648827415357,-0.12970285921361449|0.43677019407331952|0.39592290163997357,41d9777f93b1fc815c78c18ff0cb6ffd5b9b0f03bfedd440fef7d11c0ad6be79,selected_candidate_loading,True,41d9777f93b1fc815c78c18ff0cb6ffd5b9b0f03bfedd440fef7d11c0ad6be79,bernoulli,3
rep2,start_P,5,3,bfgs,bernoulli,bernoulli,59.07379576529485,False,True,-43.132994960559174,-72.6698928432066,bfgs,7,True,1.2541079286165768e-12,True,0,bfgs,8,True,1.4222251820683595e-09,False,2,bernoulli,-43.132994960559174,-1.0145494097853474|-0.45248871576786948|0.61151875515008058,c09da35faaf1c768c92ee7524911f3c9d35f50f2118d9fcc58d1fd2449c3abe1,selected_candidate_loading,True,c09da35faaf1c768c92ee7524911f3c9d35f50f2118d9fcc58d1fd2449c3abe1,bernoulli,3
rep2,start_P,5,4,bfgs,bernoulli,bernoulli,57.92336419177482,False,True,-44.39029241963438,-73.35197451552179,bfgs,7,True,2.9504292342608095e-10,False,2,bfgs,10,True,1.122895021410386e-09,False,2,bernoulli,-44.39029241963438,0.99509383845571497|0.0070356633965144794|0.31643447463877344,e8b2625d1c0c33ad80b9aaaed3b5c7f368087874940e266be02ae4534a52d260,selected_candidate_loading,True,e8b2625d1c0c33ad80b9aaaed3b5c7f368087874940e266be02ae4534a52d260,bernoulli,3
rep2,start_P,5,5,bfgs,bernoulli,bernoulli,54.54385878375035,False,True,-44.92221504227142,-72.1941444341466,bfgs,7,True,2.1600143895739164e-11,True,0,bfgs,10,True,5.266578284590651e-11,True,0,bernoulli,-44.92221504227142,0.18537433288782432|0.76997809550811613|-0.73486773654420257,5c193ff05ca33811233391385fb944fe3055a607f58382c436caf02c6df53a4c,selected_candidate_loading,True,5c193ff05ca33811233391385fb944fe3055a607f58382c436caf02c6df53a4c,bernoulli,3
rep2,start_P,5,6,bfgs,bernoulli,bernoulli,54.623992337104355,False,False,-45.86602479298269,-73.17802096153487,bfgs,7,True,1.6152863935303686e-09,False,2,bfgs,9,False,4.809876138267555e-07,False,2,bernoulli,-45.86602479298269,-0.73531702136309784|-0.30880084998503865|0.58178895328605695,04c2c470d34e67334a3cda38b391809cdde77c911f34b31ec0751d532004a668,selected_candidate_loading,True,04c2c470d34e67334a3cda38b391809cdde77c911f34b31ec0751d532004a668,bernoulli,3
rep2,start_P,5,7,bfgs,bernoulli,bernoulli,49.1375698389153,False,True,-50.27453194722451,-74.84331686668216,bfgs,7,True,6.15741235776568e-11,True,0,bfgs,9,True,4.121499586062782e-10,False,2,bernoulli,-50.27453194722451,-0.042096127533507513|-0.40465398190609708|0.22096346694887883,9839498091f23477f8cb121dd4842e8104280e544c79492351e9bbd055c1a3c4,selected_candidate_loading,True,9839498091f23477f8cb121dd4842e8104280e544c79492351e9bbd055c1a3c4,bernoulli,3
rep2,start_P,5,8,bfgs,bernoulli,bernoulli,48.602620960014406,False,True,-48.64117061643465,-72.94248109644185,bfgs,7,True,3.06054737109207e-11,True,0,bfgs,7,True,4.640479644990591e-09,False,2,bernoulli,-48.64117061643465,-0.22530767506871929|0.45280323857111832|0.2943673656003683,5afc8c5fd7863ca37a26e2df2935496208aa118486f1d75be9f34521d880df85,selected_candidate_loading,True,5afc8c5fd7863ca37a26e2df2935496208aa118486f1d75be9f34521d880df85,bernoulli,3
rep2,start_P,6,3,bfgs,bernoulli,bernoulli,59.97234478363366,False,False,-42.73849210876168,-72.72466450057851,bfgs,6,True,3.111004787115235e-11,True,0,bfgs,8,False,1.0612514245167404e-08,False,2,bernoulli,-42.73849210876168,-1.088808672559038|-0.48534664140842471|0.59269922145970166,c1fc3842cc41f7c645afb70d68d3d84223f13a3f895712df797e8b51b910b013,selected_candidate_loading,True,c1fc3842cc41f7c645afb70d68d3d84223f13a3f895712df797e8b51b910b013,bernoulli,3
rep2,start_P,6,4,bfgs,bernoulli,bernoulli,60.53598135531736,False,True,-42.36090829377927,-72.62889897143795,bfgs,7,True,1.727316067956508e-11,True,0,bfgs,12,True,6.68517685653569e-11,True,0,bernoulli,-42.36090829377927,1.2315389874344098|0.066356027035359907|0.31439056959506084,b1061094070736a27d94dd32c3d78e34379c04ed60cc953082aebac96ebd9fab,selected_candidate_loading,True,b1061094070736a27d94dd32c3d78e34379c04ed60cc953082aebac96ebd9fab,bernoulli,3
rep2,start_P,6,5,bfgs,bernoulli,bernoulli,54.5085860787636,False,True,-44.87702567188261,-72.13131871126441,bfgs,7,True,2.1749719358865606e-09,False,2,bfgs,9,True,2.1255441851053547e-10,False,2,bernoulli,-44.87702567188261,0.1721075855767506|0.81126235196966479|-0.65388328911027227,228ec2327eec956abfce82fe92d68fb4179b3ff618f77b13e6ed51059ee020d7,selected_candidate_loading,True,228ec2327eec956abfce82fe92d68fb4179b3ff618f77b13e6ed51059ee020d7,bernoulli,3
rep2,start_P,6,6,bfgs,bernoulli,bernoulli,54.76857282063618,False,True,-45.66381443657355,-73.04810084689164,bfgs,6,True,4.966445033005584e-11,True,0,bfgs,11,True,5.611164688446024e-09,False,2,bernoulli,-45.66381443657355,-0.74042837278577045|-0.22739011734748912|0.63326526231785873,45c01cda6d01925c6cdb675040b4917670abbd517b3e4e14d9753d8694aed817,selected_candidate_loading,True,45c01cda6d01925c6cdb675040b4917670abbd517b3e4e14d9753d8694aed817,bernoulli,3
rep2,start_P,6,7,bfgs,bernoulli,bernoulli,50.032678001941804,False,True,-49.7255047523814,-74.7418437533523,bfgs,6,True,2.6476598691260735e-13,True,0,bfgs,7,True,2.195442977415141e-09,False,2,bernoulli,-49.7255047523814,-0.10528519077665473|-0.47008942194590636|0.2538945692690257,61fdadd83b944935cf4f1061ad9f3066e4926177f8498a6495884c952165c589,selected_candidate_loading,True,61fdadd83b944935cf4f1061ad9f3066e4926177f8498a6495884c952165c589,bernoulli,3
rep2,start_P,6,8,bfgs,bernoulli,bernoulli,48.96922419299128,False,True,-48.38967170582653,-72.87428380232217,bfgs,6,True,2.9967139880682223e-13,True,0,bfgs,7,True,4.718332391462354e-11,True,0,bernoulli,-48.38967170582653,-0.26027096216505247|0.39956588825284056|0.36776773420738557,b492a8dec3616cf3f8f023d385a76b3112d036d0a6a2cbd710f914255190d756,selected_candidate_loading,True,b492a8dec3616cf3f8f023d385a76b3112d036d0a6a2cbd710f914255190d756,bernoulli,3
rep2,start_P,7,3,bfgs,bernoulli,bernoulli,59.73226790204255,False,True,-42.86845195813772,-72.734585909159,bfgs,7,True,6.908251748427574e-13,True,0,bfgs,11,True,2.442793523016462e-10,False,2,bernoulli,-42.86845195813772,-1.1095888307638535|-0.48351286263580862|0.52372014482775719,8cae17f9807a24f4ed495a71df0f84296e6c4ffe6b5df2d5f94dec7469efadfa,selected_candidate_loading,True,8cae17f9807a24f4ed495a71df0f84296e6c4ffe6b5df2d5f94dec7469efadfa,bernoulli,3
rep2,start_P,7,4,bfgs,bernoulli,bernoulli,58.27107493780974,False,True,-43.89548716692194,-73.03102463582681,bfgs,8,True,1.134035088057317e-11,True,0,bfgs,10,True,1.9494992287150126e-09,False,2,bernoulli,-43.89548716692194,1.0148551446659708|0.070562691208548606|0.44187567414142287,302c6f42d03a5085733e63c3b7d09ce964420d5a101808be31de4dcb84463165,selected_candidate_loading,True,302c6f42d03a5085733e63c3b7d09ce964420d5a101808be31de4dcb84463165,bernoulli,3
rep2,start_P,7,5,bfgs,bernoulli,bernoulli,54.59625215855145,False,True,-44.64559330999038,-71.9437193892661,bfgs,8,True,1.6285817139305437e-11,True,0,bfgs,10,True,7.465631668424067e-10,False,2,bernoulli,-44.64559330999038,0.2936090311244437|0.81825607376443332|-0.70099793935379762,e7102ce050e9a09412ab28bb9ea1471b3a4c4f296114d39367f41b8246cedd16,selected_candidate_loading,True,e7102ce050e9a09412ab28bb9ea1471b3a4c4f296114d39367f41b8246cedd16,bernoulli,3
rep2,start_P,7,6,bfgs,bernoulli,bernoulli,54.93994056200793,False,True,-45.761206404111434,-73.2311766851154,bfgs,7,True,8.40644442945404e-11,True,0,bfgs,11,True,5.757172516496212e-13,True,0,bernoulli,-45.761206404111434,-0.78665964509807051|-0.32156402165098774|0.55854223770720079,d6b621a1cf8c67d0fe600189ae76cf8a799bd46e51672bdd0d9adbc472f84819,selected_candidate_loading,True,d6b621a1cf8c67d0fe600189ae76cf8a799bd46e51672bdd0d9adbc472f84819,bernoulli,3
rep2,start_P,7,7,bfgs,bernoulli,bernoulli,50.3014861008197,False,True,-49.616673082494025,-74.76741613290388,bfgs,5,True,6.696740406653135e-09,False,2,bfgs,9,True,9.053912108925034e-09,False,2,bernoulli,-49.616673082494025,-0.10995215328621878|-0.47377777620907019|0.29524436202160048,3cbdea4f58bb912b3b97afb5d2095f97328db379e0752b8756ac44b32bce454e,selected_candidate_loading,True,3cbdea4f58bb912b3b97afb5d2095f97328db379e0752b8756ac44b32bce454e,bernoulli,3
rep2,start_P,7,8,bfgs,bernoulli,bernoulli,48.36144958755253,False,True,-48.68372129090312,-72.86444608467939,bfgs,7,True,2.8967583887151703e-11,True,0,bfgs,7,True,6.805853658420347e-11,True,0,bernoulli,-48.68372129090312,-0.19656240832610564|0.5040273435025665|0.2037577671487856,7d05bb7a8206ac48fc19f40ff4c1733172ffbd3fe162cc3b5134df76fc8fea92,selected_candidate_loading,True,7d05bb7a8206ac48fc19f40ff4c1733172ffbd3fe162cc3b5134df76fc8fea92,bernoulli,3
rep2,start_P,8,3,bfgs,bernoulli,bernoulli,58.869552796295395,False,True,-43.44225857265189,-72.87703497079958,bfgs,7,True,9.831495617618202e-11,True,0,bfgs,11,True,6.849077749393473e-10,False,2,bernoulli,-43.44225857265189,-1.0803411125510911|-0.32614019595082161|0.48509007884603988,5200282846e42a8a0488997f8a889c246f0ad45dee501e8b65ca80a4f278680c,selected_candidate_loading,True,5200282846e42a8a0488997f8a889c246f0ad45dee501e8b65ca80a4f278680c,bernoulli,3
rep2,start_P,8,4,bfgs,bernoulli,bernoulli,58.46812314991226,False,True,-43.92057248266913,-73.15463405762526,bfgs,7,True,4.277325160728651e-11,True,0,bfgs,10,True,2.6663364849355274e-10,False,2,bernoulli,-43.92057248266913,1.0259894272092425|-0.11454096240522164|0.32333833905756248,63f91d2d78ae4dbbabb0c4103e8a441e49b3228af72b44aa0bbb178c19ea8985,selected_candidate_loading,True,63f91d2d78ae4dbbabb0c4103e8a441e49b3228af72b44aa0bbb178c19ea8985,bernoulli,3
rep2,start_P,8,5,bfgs,bernoulli,bernoulli,54.58747281083933,False,True,-44.303173528551255,-71.59690993397092,bfgs,7,True,2.703440626916631e-09,False,2,bfgs,10,True,6.7144186211010036e-09,False,2,bernoulli,-44.303173528551255,0.33271014656159681|0.79383025479519165|-0.74616929022647682,80001b0fa200efca0b254f2e2e6514a77797614a2db3bb6a39c3b802cd4934e8,selected_candidate_loading,True,80001b0fa200efca0b254f2e2e6514a77797614a2db3bb6a39c3b802cd4934e8,bernoulli,3
rep2,start_P,8,6,bfgs,bernoulli,bernoulli,53.75921269813804,False,False,-46.33669227424775,-73.21629862331677,bfgs,6,False,6.115470121415001e-08,False,2,bfgs,11,True,3.1924908938663067e-09,False,2,bernoulli,-46.33669227424775,-0.74478686771841596|-0.12419857820809606|0.51869140048815165,ec776beec36d109284ef9601d89bd9e0a01c32c046f4d4834c6d23dd1f11cea9,selected_candidate_loading,True,ec776beec36d109284ef9601d89bd9e0a01c32c046f4d4834c6d23dd1f11cea9,bernoulli,3
rep2,start_P,8,7,bfgs,bernoulli,bernoulli,50.24263747281276,False,True,-49.72241895849193,-74.84373769489831,bfgs,7,True,4.413762688670886e-11,True,0,bfgs,12,True,7.481215646976125e-12,True,0,bernoulli,-49.72241895849193,-0.17971994033401181|-0.46742851031417326|0.2422680423007498,ae6e61b676075a6fc7f2ea9263a2c95f0e3494cd215640d64f5711c7c519bd95,selected_candidate_loading,True,ae6e61b676075a6fc7f2ea9263a2c95f0e3494cd215640d64f5711c7c519bd95,bernoulli,3
rep2,start_P,8,8,bfgs,bernoulli,bernoulli,48.46500836821227,False,True,-48.466270480277885,-72.69877466438402,bfgs,6,True,3.785476376805264e-11,True,0,bfgs,8,True,1.5189773883150792e-10,False,2,bernoulli,-48.466270480277885,-0.19614972562552802|0.49645769215880603|0.28062816460857853,daae996cc90747cca0959a07b0dcd75c204330107adedd944f2f73c437a46e40,selected_candidate_loading,True,daae996cc90747cca0959a07b0dcd75c204330107adedd944f2f73c437a46e40,bernoulli,3
rep2,start_P,1,3,bfgs,poisson,bernoulli,54.96865230877499,True,True,-45.342852737498056,-72.82717889188555,bfgs,10,True,4.848121371026082e-09,False,2,bfgs,8,True,8.870008505468264e-10,False,2,bernoulli,-45.342852737498056,0.18131641100340429|-0.46386595332378472|0.27054444024527952|0.71257190648666169,6953146a10a2c905d218d2d72207d54f94440ae94b73d50302e1e0867331768b,selected_candidate_loading,True,6953146a10a2c905d218d2d72207d54f94440ae94b73d50302e1e0867331768b,bernoulli,4
rep2,start_P,1,4,bfgs,poisson,bernoulli,55.32808731846504,True,False,-46.49845249206665,-74.16249615129917,bfgs,12,False,5.125434920927319e-08,False,2,bfgs,11,True,5.32785904283628e-10,False,2,bernoulli,-46.49845249206665,-0.28254926840847783|0.59165090878382509|0.23154489788019147|-0.24185633723730027,5d7e3cf162c360aa5400ff7a82e4b0dd8fe569028f320d78e34547ac61a8dff9,selected_candidate_loading,True,5d7e3cf162c360aa5400ff7a82e4b0dd8fe569028f320d78e34547ac61a8dff9,bernoulli,4
rep2,start_P,1,5,bfgs,poisson,bernoulli,52.0841286623145,True,True,-46.94828121980187,-72.99034555095912,bfgs,12,True,1.7550206621308463e-09,False,2,bfgs,10,True,1.9171046972132898e-10,False,2,bernoulli,-46.94828121980187,0.16428151576161623|-0.068450335646745825|-0.4902777903381067|-0.64836410905858399,f32844bffc9513a4286363b55d2605dfbb972d4aa113dfb47ea7c45cc94ce13b,selected_candidate_loading,True,f32844bffc9513a4286363b55d2605dfbb972d4aa113dfb47ea7c45cc94ce13b,bernoulli,4
rep2,start_P,1,6,bfgs,poisson,bernoulli,53.3473008286484,True,True,-46.36714830745534,-73.04079872177954,bfgs,11,True,7.726184181322538e-09,False,2,bfgs,9,True,6.836984312030837e-11,True,0,bernoulli,-46.36714830745534,0.33422438617041655|-0.2696680894290841|0.66562882013884517|0.28974335865912559,3f8d3ad8845e054097fab39c1857ed7162e71d9b36b795e34f068f8ff6c13806,selected_candidate_loading,True,3f8d3ad8845e054097fab39c1857ed7162e71d9b36b795e34f068f8ff6c13806,bernoulli,4
rep2,start_P,1,7,bfgs,poisson,bernoulli,48.979184456181116,True,True,-50.0591504367796,-74.54874266487016,bfgs,9,True,8.931834827308193e-10,False,2,bfgs,9,True,4.913403994777354e-09,False,2,bernoulli,-50.0591504367796,-0.086703497475863145|0.028069694630072882|0.36405146407316424|0.30819271238927382,ed0770db01a05dcbe414b21a3ff80d6453fba3b93fafc600b909cbbefe788aa4,selected_candidate_loading,True,ed0770db01a05dcbe414b21a3ff80d6453fba3b93fafc600b909cbbefe788aa4,bernoulli,4
rep2,start_P,1,8,bfgs,poisson,bernoulli,46.7334616549071,True,True,-50.25861456156629,-73.62534538901984,bfgs,12,True,6.240857497452623e-10,False,2,bfgs,14,True,5.457660989804936e-11,True,0,bernoulli,-50.25861456156629,0.33575537515271187|-0.073829632286283337|-0.050407978887077098|0.038308281082505335,de4d82ceb4373e145afd3085d7d1771001695dd1125a6980c7ff86008c159e1d,selected_candidate_loading,True,de4d82ceb4373e145afd3085d7d1771001695dd1125a6980c7ff86008c159e1d,bernoulli,4
rep2,start_P,2,3,bfgs,bernoulli,bernoulli,57.25867446398223,False,False,-43.950074654788025,-72.57941188677914,bfgs,8,True,3.511043544790482e-09,False,2,bfgs,11,False,1.2249030676425576e-07,False,2,bernoulli,-43.950074654788025,0.28481528175467646|-0.46619094873949135|0.322120443078663|0.88228760221859326,904ee318e11d3aba345b97b43fe83ab3191d8f05ca5217afa45e5521691e688c,selected_candidate_loading,True,904ee318e11d3aba345b97b43fe83ab3191d8f05ca5217afa45e5521691e688c,bernoulli,4
rep2,start_P,2,4,bfgs,bernoulli,bernoulli,58.6297904019886,False,True,-44.052332095842246,-73.36722729683655,bfgs,10,True,1.7251515771476987e-10,False,2,bfgs,12,True,6.018394671514216e-09,False,2,bernoulli,-44.052332095842246,-0.19071374199708332|0.90617571436255384|0.085654212778623576|-0.18093395680516214,2fdd186ae77ffe1f6a3dc8258431506b24b1582ac9a89d55d83495f5282b92ba,selected_candidate_loading,True,2fdd186ae77ffe1f6a3dc8258431506b24b1582ac9a89d55d83495f5282b92ba,bernoulli,4
rep2,start_P,2,5,bfgs,bernoulli,bernoulli,56.31268162808412,False,True,-44.00712843905925,-72.16346925310131,bfgs,8,True,2.299903600899711e-10,False,2,bfgs,12,True,4.353178095772847e-09,False,2,bernoulli,-44.00712843905925,0.15620211887451649|-0.23205305014638869|-0.36219869224407042|-1.008039689355678,7c0da5dcba530f866b0f08c5dedde15fde0b9c6808841d8c4ffac1929cf5b08c,selected_candidate_loading,True,7c0da5dcba530f866b0f08c5dedde15fde0b9c6808841d8c4ffac1929cf5b08c,bernoulli,4
rep2,start_P,2,6,bfgs,bernoulli,bernoulli,56.1035635616218,False,False,-44.537058171568845,-72.58883995237974,bfgs,10,True,9.502012288109541e-10,False,2,bfgs,12,False,1.0128351979332707e-08,False,2,bernoulli,-44.537058171568845,0.34466016648256786|-0.55589552476736781|1.0132449375939609|-0.021874238971742975,8fc08013e730f9d8121c0d8e1c274a56edd5c849f9b15cbe1121704a0065daf1,selected_candidate_loading,True,8fc08013e730f9d8121c0d8e1c274a56edd5c849f9b15cbe1121704a0065daf1,bernoulli,4
rep2,start_P,2,7,bfgs,bernoulli,bernoulli,49.22551647820316,False,True,-50.161346741187586,-74.77410498028917,bfgs,7,True,8.046676036599366e-09,False,2,bfgs,9,True,6.803529802035247e-10,False,2,bernoulli,-50.161346741187586,-0.18347244303043619|0.061735834576767672|0.21103940513212521|0.30992943302789067,3528eb88175f6c71f9611ec977c1e925ef069a97fe42f24fcbb2af155d139281,selected_candidate_loading,True,3528eb88175f6c71f9611ec977c1e925ef069a97fe42f24fcbb2af155d139281,bernoulli,4
rep2,start_P,2,8,bfgs,bernoulli,bernoulli,48.95045407519417,False,True,-48.39118258861597,-72.86640962621306,bfgs,9,True,2.935696130634824e-12,True,0,bfgs,8,True,1.8468046647512892e-09,False,2,bernoulli,-48.39118258861597,0.52540761211942566|-0.0094041052223043237|-0.04028917943451072|0.25077439555054787,48bc0566303736b036261d702a4acdc41cc88e720c539c285dfa55644a32f112,selected_candidate_loading,True,48bc0566303736b036261d702a4acdc41cc88e720c539c285dfa55644a32f112,bernoulli,4
rep2,start_P,3,3,bfgs,bernoulli,bernoulli,58.66387613685366,False,True,-43.24314840101412,-72.57508646944095,bfgs,8,True,1.368984925420591e-11,True,0,bfgs,12,True,2.9067109830194227e-11,True,0,bernoulli,-43.24314840101412,0.21235978069724168|-0.59438844347541175|0.26325952842299477|0.96814855279265599,de50510d0766a9fdc187b18b488829c67164d3776b4ca3c58e9026b10120215e,selected_candidate_loading,True,de50510d0766a9fdc187b18b488829c67164d3776b4ca3c58e9026b10120215e,bernoulli,4
rep2,start_P,3,4,bfgs,bernoulli,bernoulli,58.31019014777904,False,True,-43.98266876502968,-73.1377638389192,bfgs,8,True,1.0828116181471615e-12,True,0,bfgs,12,True,1.1622861340043756e-09,False,2,bernoulli,-43.98266876502968,-0.36042667256072697|0.84592299181625519|0.16573513473637641|-0.22451734677000632,a8b6f2b47def08d81f6e943f10b0145b480a281fce48910cb041191689a71199,selected_candidate_loading,True,a8b6f2b47def08d81f6e943f10b0145b480a281fce48910cb041191689a71199,bernoulli,4
rep2,start_P,3,5,bfgs,bernoulli,bernoulli,55.95527323534262,False,True,-44.354920102808705,-72.33255672048001,bfgs,8,True,4.4124703890702223e-13,True,0,bfgs,12,True,8.156213482379826e-11,True,0,bernoulli,-44.354920102808705,0.2096828668820625|-0.10853513337915541|-0.42147350479539869|-0.94912127685661729,2605cebefd8d04faeb365f6adaee386cc3c475ba04b54e4a1dbd412ccd08b1e6,selected_candidate_loading,True,2605cebefd8d04faeb365f6adaee386cc3c475ba04b54e4a1dbd412ccd08b1e6,bernoulli,4
rep2,start_P,3,6,bfgs,bernoulli,bernoulli,59.63225163223872,False,True,-43.05816808879582,-72.87429390491518,bfgs,7,True,7.700938375876377e-09,False,2,bfgs,13,True,4.177502788138554e-11,True,0,bernoulli,-43.05816808879582,0.36344292013368967|-0.64535380163172895|1.2454023733079937|-0.25691435559708792,231714875b1444c51ceeab6aa3f4c303b041017185c3c0689c0c02114f02f49b,selected_candidate_loading,True,231714875b1444c51ceeab6aa3f4c303b041017185c3c0689c0c02114f02f49b,bernoulli,4
rep2,start_P,3,7,bfgs,bernoulli,bernoulli,50.574082486354115,False,False,-49.078348143894814,-74.36538938707187,bfgs,7,False,2.3578289543024766e-08,False,2,bfgs,9,True,1.9716217287274462e-10,False,2,bernoulli,-49.078348143894814,-0.25769673510229119|0.047093274516094352|0.12272413767717198|0.54100425145648601,c3610cf966c35f58847e8716e5edc135482a66870a34fb9ccd8bf5315d10a3a9,selected_candidate_loading,True,c3610cf966c35f58847e8716e5edc135482a66870a34fb9ccd8bf5315d10a3a9,bernoulli,4
rep2,start_P,3,8,bfgs,bernoulli,bernoulli,48.64647158843795,False,True,-48.58562097378989,-72.90885676800886,bfgs,9,True,3.336802945064221e-10,False,2,bfgs,11,True,1.958664341827898e-11,True,0,bernoulli,-48.58562097378989,0.51970815297451423|0.018554148316724108|0.15877502234432844|-0.16748302653679101,bbc7a3611ce5a834159a56e390d9b19ef01df228333773cc94d69e27e4d7e491,selected_candidate_loading,True,bbc7a3611ce5a834159a56e390d9b19ef01df228333773cc94d69e27e4d7e491,bernoulli,4
rep2,start_P,4,3,bfgs,bernoulli,bernoulli,59.717173060490325,False,True,-42.555231454351926,-72.41381798459709,bfgs,8,True,4.3722891973629884e-11,True,0,bfgs,11,True,7.561262016508862e-09,False,2,bernoulli,-42.555231454351926,0.30883376739016483|-0.54286687580364812|0.39388187278595788|0.94721789240575904,6404b212b4037f26223423e843d9309f17756f581e08188394a4b0d1f9ae040f,selected_candidate_loading,True,6404b212b4037f26223423e843d9309f17756f581e08188394a4b0d1f9ae040f,bernoulli,4
rep2,start_P,4,4,bfgs,bernoulli,bernoulli,56.00913997708511,False,True,-45.541320883459505,-73.54589087200206,bfgs,8,True,1.289257944847577e-09,False,2,bfgs,13,True,2.217911276858331e-09,False,2,bernoulli,-45.541320883459505,-0.34275316329195199|0.66431514438116679|0.20567357123968347|-0.41771016900864821,3e374d21a54a61f53f1740ddb7fea0ea2d125a832cd2ebb186e6b31b6e8b6bc2,selected_candidate_loading,True,3e374d21a54a61f53f1740ddb7fea0ea2d125a832cd2ebb186e6b31b6e8b6bc2,bernoulli,4
rep2,start_P,4,5,bfgs,bernoulli,bernoulli,58.281135396109306,False,True,-42.84144299312409,-71.98201069117874,bfgs,8,True,1.66223834696666e-10,False,2,bfgs,11,True,8.495881775871795e-12,True,0,bernoulli,-42.84144299312409,0.25444216589310742|-0.26943655109049924|-0.35804385595679156|-1.1736230470883189,dc7deab786effdc81f2abe9422fdfe71ea680113e1389933f61c3bed792bac7a,selected_candidate_loading,True,dc7deab786effdc81f2abe9422fdfe71ea680113e1389933f61c3bed792bac7a,bernoulli,4
rep2,start_P,4,6,bfgs,bernoulli,bernoulli,61.17599469100868,False,False,-41.81044793414767,-72.39844527965201,bfgs,8,False,1.4534058390136551e-08,False,2,bfgs,11,True,2.8431782705951036e-09,False,2,bernoulli,-41.81044793414767,0.47552865232017333|-0.53386093370928889|1.3212107883531425|-0.22369544723845294,045b16ef706fdc7f8f9f56d1e7e04dc6660b1b1f23d9b7f865914e55fa74e5a8,selected_candidate_loading,True,045b16ef706fdc7f8f9f56d1e7e04dc6660b1b1f23d9b7f865914e55fa74e5a8,bernoulli,4
rep2,start_P,4,7,bfgs,bernoulli,bernoulli,52.10945763083659,False,True,-48.32122330708865,-74.37595212250694,bfgs,7,True,5.060336949469502e-09,False,2,bfgs,11,True,2.343649940783621e-10,False,2,bernoulli,-48.32122330708865,-0.3121710346342651|0.028727846621069669|0.060047124262614118|0.67522848881594322,bce06cd0bf14e8e28501d973ecb0852c814d5f941df26d06e3b097e3a0c8ac6e,selected_candidate_loading,True,bce06cd0bf14e8e28501d973ecb0852c814d5f941df26d06e3b097e3a0c8ac6e,bernoulli,4
rep2,start_P,4,8,bfgs,bernoulli,bernoulli,49.53617675229431,False,True,-47.857372724944874,-72.62546110109203,bfgs,8,True,7.770388776862092e-11,True,0,bfgs,9,True,9.001881379200327e-10,False,2,bernoulli,-47.857372724944874,0.58634116575016415|0.038974178770090885|0.19305883133241011|-0.1408391303029658,7d2e09240c9c475d3595393ceabe4ad83a24d708b48d77ae2a6164f145c3c6b7,selected_candidate_loading,True,7d2e09240c9c475d3595393ceabe4ad83a24d708b48d77ae2a6164f145c3c6b7,bernoulli,4
rep2,start_P,5,3,bfgs,bernoulli,bernoulli,56.896427352188425,False,True,-43.82979307321271,-72.27800674930693,bfgs,8,True,6.589755408015208e-11,True,0,bfgs,13,True,3.0480595825110866e-11,True,0,bernoulli,-43.82979307321271,0.31721669711618117|-0.48743696011322662|0.50368807198659016|0.71528852588157321,05f9b45539af961296dd222312a76de43d2ec366143c2fece2f29ec477aed68e,selected_candidate_loading,True,05f9b45539af961296dd222312a76de43d2ec366143c2fece2f29ec477aed68e,bernoulli,4
rep2,start_P,5,4,bfgs,bernoulli,bernoulli,57.630341883494594,False,True,-44.21071629821667,-73.02588723996396,bfgs,7,True,3.0286726016015565e-09,False,2,bfgs,12,True,4.9771338161974654e-09,False,2,bernoulli,-44.21071629821667,-0.28160924576555546|0.86281033423621367|0.10376845018801896|-0.34016191122825756,a3b8c39e94c2d2eb31ed12a8b9604e0a2a92cb094290262df17f1edee3b8ddf1,selected_candidate_loading,True,a3b8c39e94c2d2eb31ed12a8b9604e0a2a92cb094290262df17f1edee3b8ddf1,bernoulli,4
rep2,start_P,5,5,bfgs,bernoulli,bernoulli,59.34945947930049,False,True,-42.640138195190175,-72.31486793484042,bfgs,9,True,9.867195949198049e-12,True,0,bfgs,12,True,2.132769516549615e-11,True,0,bernoulli,-42.640138195190175,0.31695336873529112|-0.23117124975640727|-0.21407768661929386|-1.2847130851482906,8a4eb2e18d56721bb5f9a5ce5cf7f6d3b4ef10c3bc638cd5e97212405be6b9f4,selected_candidate_loading,True,8a4eb2e18d56721bb5f9a5ce5cf7f6d3b4ef10c3bc638cd5e97212405be6b9f4,bernoulli,4
rep2,start_P,5,6,bfgs,bernoulli,bernoulli,61.58273746568888,False,True,-41.492596448791566,-72.283965181636,bfgs,8,True,1.1219025708442133e-12,True,0,bfgs,13,True,5.4115600889304005e-11,True,0,bernoulli,-41.492596448791566,0.44349779673769529|-0.60052746678521784|1.3304273379396587|-0.27810904033473549,b0e124114978eb121ee0be559fcee57d898f40fc604dec865eb12d9b85fe6b64,selected_candidate_loading,True,b0e124114978eb121ee0be559fcee57d898f40fc604dec865eb12d9b85fe6b64,bernoulli,4
rep2,start_P,5,7,bfgs,bernoulli,bernoulli,50.10333631742003,False,True,-49.082533232760525,-74.13420139147054,bfgs,8,True,2.841384905138966e-10,False,2,bfgs,13,True,4.864456726316746e-10,False,2,bernoulli,-49.082533232760525,-0.23102845060684171|0.058217897480710622|0.1517411573408477|0.56845662191706559,5a2989b943d099f58b5c93ea430b1f7503acdcba4c5a73db1cb63ec7b47783a5,selected_candidate_loading,True,5a2989b943d099f58b5c93ea430b1f7503acdcba4c5a73db1cb63ec7b47783a5,bernoulli,4
rep2,start_P,5,8,bfgs,bernoulli,bernoulli,48.61571899424919,False,True,-48.39203936932641,-72.69989886645101,bfgs,8,True,1.2559420170532576e-11,True,0,bfgs,9,True,1.5216272686302545e-11,True,0,bernoulli,-48.39203936932641,0.54260085583077333|0.0021922870739188548|0.21268923968130621|-0.0058861906210078366,7998d970da7d49fe38c5dfb53407072d7c51e6292060a0132412b2a8ac6b2908,selected_candidate_loading,True,7998d970da7d49fe38c5dfb53407072d7c51e6292060a0132412b2a8ac6b2908,bernoulli,4
rep2,start_P,6,3,bfgs,bernoulli,bernoulli,59.56955181225901,False,True,-42.947797959781575,-72.73257386591108,bfgs,8,True,4.587052959692528e-13,True,0,bfgs,12,True,2.197391157920947e-10,False,2,bernoulli,-42.947797959781575,0.3085876929409257|-0.61477191052497793|0.45495965499889757|0.82128062466742702,e1a636c36c5698d980d92969c78401779a7d7df3014e17d3b6cce834dec6b711,selected_candidate_loading,True,e1a636c36c5698d980d92969c78401779a7d7df3014e17d3b6cce834dec6b711,bernoulli,4
rep2,start_P,6,4,bfgs,bernoulli,bernoulli,57.9250283445094,False,True,-43.67163657063283,-72.63415074288753,bfgs,8,True,6.778520855732495e-10,False,2,bfgs,11,True,3.6972039207938677e-09,False,2,bernoulli,-43.67163657063283,-0.3339729267659492|0.92367752280709514|0.082280376651916468|-0.31185378454015245,7b28dde026de4e5750ea298d506f187b648aa67c22414280935389628df891f5,selected_candidate_loading,True,7b28dde026de4e5750ea298d506f187b648aa67c22414280935389628df891f5,bernoulli,4
rep2,start_P,6,5,bfgs,bernoulli,bernoulli,55.65991009695266,False,True,-44.327652350598235,-72.15760739907456,bfgs,8,True,1.149033579395109e-09,False,2,bfgs,10,True,1.3742639026759208e-09,False,2,bernoulli,-44.327652350598235,0.28492139431451546|-0.15805458816579385|-0.41582686149069598|-0.97121175748988742,b6fb1c231b9a24a5a597fbe4809d6c0a1b3a2f1c1c77d72dc9e7cd0400279d10,selected_candidate_loading,True,b6fb1c231b9a24a5a597fbe4809d6c0a1b3a2f1c1c77d72dc9e7cd0400279d10,bernoulli,4
rep2,start_P,6,6,bfgs,bernoulli,bernoulli,64.10204554982687,False,True,-40.34108992286224,-72.39211269777567,bfgs,9,True,2.6908342221076963e-11,True,0,bfgs,13,True,3.007307691760275e-09,False,2,bernoulli,-40.34108992286224,0.61931945968169999|-0.70226330628649447|1.3845455173609851|-0.37165572833402827,6cec5bb315f029ebb8cd7ffa4c1da2bf322603b84a43efc48b73724671bffa0a,selected_candidate_loading,True,6cec5bb315f029ebb8cd7ffa4c1da2bf322603b84a43efc48b73724671bffa0a,bernoulli,4
rep2,start_P,6,7,bfgs,bernoulli,bernoulli,50.488782166203464,False,True,-49.112483875074986,-74.35687495817672,bfgs,8,True,2.770324358802867e-10,False,2,bfgs,10,True,1.8151709246794211e-09,False,2,bernoulli,-49.112483875074986,-0.27673363275627005|0.050468617256644532|0.039249719027535414|0.61718428407863457,9ca4b4ff06541ad9b0a04404529e91bf1cf825e02e3ef7f53aba25a70d74c790,selected_candidate_loading,True,9ca4b4ff06541ad9b0a04404529e91bf1cf825e02e3ef7f53aba25a70d74c790,bernoulli,4
rep2,start_P,6,8,bfgs,bernoulli,bernoulli,49.44284361612313,False,True,-47.906703406584185,-72.62812521464575,bfgs,7,True,4.500018135900063e-11,True,0,bfgs,9,True,4.941658193757803e-12,True,0,bernoulli,-47.906703406584185,0.58808733226020837|0.092730062254618287|0.17355440140626902|0.018844239348310695,9220ffbb2e6ca1f445ab8483b2de0f414d424aa6aa72d2d547a4d200bf7fdd5e,selected_candidate_loading,True,9220ffbb2e6ca1f445ab8483b2de0f414d424aa6aa72d2d547a4d200bf7fdd5e,bernoulli,4
rep2,start_P,7,3,bfgs,bernoulli,bernoulli,58.00017621560818,False,False,-43.932499230591006,-72.9325873383951,bfgs,8,True,1.2396306203754648e-12,True,0,bfgs,10,False,2.4497173356508028e-08,False,2,bernoulli,-43.932499230591006,0.36327319470136599|-0.50610013699990519|0.66040340776221806|0.63464523520873117,29f54c22f6ffa0a0df2097f2946662c6ef0f608a15a0781fa1fe7194f1416938,selected_candidate_loading,True,29f54c22f6ffa0a0df2097f2946662c6ef0f608a15a0781fa1fe7194f1416938,bernoulli,4
rep2,start_P,7,4,bfgs,bernoulli,bernoulli,58.74067290890595,False,True,-43.626176815871325,-72.9965132703243,bfgs,8,True,4.691358412856062e-13,True,0,bfgs,15,True,1.1532028665328654e-10,False,2,bernoulli,-43.626176815871325,-0.35909127393687712|0.92633039940361861|0.018290634725249021|-0.31156908160053404,a408c13445fc6510ffa7458d7c80de946b3244b0b219c34740b0d88980cceb1e,selected_candidate_loading,True,a408c13445fc6510ffa7458d7c80de946b3244b0b219c34740b0d88980cceb1e,bernoulli,4
rep2,start_P,7,5,bfgs,bernoulli,bernoulli,57.53714589586218,False,True,-42.69143460250474,-71.46000755043583,bfgs,8,True,1.6856009921184522e-10,False,2,bfgs,12,True,8.858799915856252e-10,False,2,bernoulli,-42.69143460250474,0.33710026893233741|-0.2614229372251296|-0.28598388548265036|-1.179987297623911,703ad9d57f242fe4922b213c4ebc66bc8250bdcb1fe905ca3ff1103106b043e5,selected_candidate_loading,True,703ad9d57f242fe4922b213c4ebc66bc8250bdcb1fe905ca3ff1103106b043e5,bernoulli,4
rep2,start_P,7,6,bfgs,bernoulli,bernoulli,63.044559137214264,False,True,-40.32826204087455,-71.85054160948168,bfgs,7,True,1.6512951006575348e-10,False,2,bfgs,12,True,7.257936407434329e-09,False,2,bernoulli,-40.32826204087455,0.62407935468032683|-0.66966129449985778|1.4252683994341535|-0.22440417493817436,3d9fe6c38d94e41f1f3be6cb25439582fd527e8eea7f319dc430a9fe33fae781,selected_candidate_loading,True,3d9fe6c38d94e41f1f3be6cb25439582fd527e8eea7f319dc430a9fe33fae781,bernoulli,4
rep2,start_P,7,7,bfgs,bernoulli,bernoulli,51.52488878291544,False,True,-48.96327709650221,-74.72572148795993,bfgs,8,True,1.2555512185485896e-13,True,0,bfgs,13,True,3.876678977832171e-11,True,0,bernoulli,-48.96327709650221,-0.26826552964456019|0.033655326349169519|0.13325921110228822|0.57032458237091788,7911cc8257df786d972ec8e5d37a34459577d77925c1f981f520aa58dad539e7,selected_candidate_loading,True,7911cc8257df786d972ec8e5d37a34459577d77925c1f981f520aa58dad539e7,bernoulli,4
rep2,start_P,7,8,bfgs,bernoulli,bernoulli,49.098205361102444,False,False,-48.42785502543551,-72.97695770598673,bfgs,7,False,9.94377616303499e-08,False,2,bfgs,9,True,4.485922744379422e-12,True,0,bernoulli,-48.42785502543551,0.53005688216601143|0.015035306871378787|0.034076125304359488|0.17486952072853892,16e88fd687310f5dd7a95e311cfa4be87acd84d2b62f2cd85ee50398c1629d9f,selected_candidate_loading,True,16e88fd687310f5dd7a95e311cfa4be87acd84d2b62f2cd85ee50398c1629d9f,bernoulli,4
rep2,start_P,8,3,bfgs,bernoulli,bernoulli,60.09709036113455,False,True,-42.09088736844792,-72.1394325490152,bfgs,8,True,3.1686226975580213e-10,False,2,bfgs,10,True,1.78562830632778e-09,False,2,bernoulli,-42.09088736844792,0.3521469624723047|-0.68549839409239832|0.87095804511330466|0.61322923680926034,10edaca740bfd0ec390c504628120c7fd6af0cf4cd87ed3aaacef81c437fab02,selected_candidate_loading,True,10edaca740bfd0ec390c504628120c7fd6af0cf4cd87ed3aaacef81c437fab02,bernoulli,4
rep2,start_P,8,4,bfgs,bernoulli,bernoulli,58.17895336122709,False,False,-44.28306037252709,-73.37253705314063,bfgs,8,True,8.743581414449864e-11,True,0,bfgs,11,False,2.634061455064618e-07,False,2,bernoulli,-44.28306037252709,-0.32274084961835692|0.92114638592026943|-0.037061139915012802|-0.22743900778122558,7d2ef406cabcbc69174e87983f803c8ec31d0030382bfbc303f0884df8e7bd40,selected_candidate_loading,True,7d2ef406cabcbc69174e87983f803c8ec31d0030382bfbc303f0884df8e7bd40,bernoulli,4
rep2,start_P,8,5,bfgs,bernoulli,bernoulli,59.23770072905589,False,True,-41.86028924731005,-71.479139611838,bfgs,7,True,2.975291923945633e-09,False,2,bfgs,10,True,2.2729901072437998e-09,False,2,bernoulli,-41.86028924731005,0.3884439200824979|-0.27263868742246822|-0.38480015257471262|-1.234049698877183,65405f3ca3b247ae721b63ae9b4fa573ac792662aefb4ba6a24cefaa498b6843,selected_candidate_loading,True,65405f3ca3b247ae721b63ae9b4fa573ac792662aefb4ba6a24cefaa498b6843,bernoulli,4
rep2,start_P,8,6,bfgs,bernoulli,bernoulli,57.89383439952819,False,True,-43.34699358190279,-72.29391078166688,bfgs,9,True,3.847815999158399e-09,False,2,bfgs,14,True,1.5624445293127564e-09,False,2,bernoulli,-43.34699358190279,0.44099059492089637|-0.60645222183591041|1.1556189317670746|-0.065162719850717116,7ee1702047d9e856d1611571936c49648b6f6afedba3ba3d951a90e82fde2968,selected_candidate_loading,True,7ee1702047d9e856d1611571936c49648b6f6afedba3ba3d951a90e82fde2968,bernoulli,4
rep2,start_P,8,7,bfgs,bernoulli,bernoulli,50.99115794859648,False,True,-49.17314209240266,-74.6687210667009,bfgs,8,True,3.0249935889514747e-11,True,0,bfgs,13,True,1.046636455281913e-09,False,2,bernoulli,-49.17314209240266,-0.29819270045000185|0.017336874724423468|0.19486759872973505|0.45494572313335313,9bb6fe74e84527619c2477b33d26e3d33d3930ec5ba8bc87a91a396cb792ce40,selected_candidate_loading,True,9bb6fe74e84527619c2477b33d26e3d33d3930ec5ba8bc87a91a396cb792ce40,bernoulli,4
rep2,start_P,8,8,bfgs,bernoulli,bernoulli,49.63036462393711,False,True,-47.49197474413238,-72.30715705610093,bfgs,7,True,5.6914117863016144e-11,True,0,bfgs,9,True,2.5446311724408588e-12,True,0,bernoulli,-47.49197474413238,0.60828066118375412|0.075266837078969348|-0.066835546497150067|0.19463125485555199,83cb1ad5a9b596925a1aae69adf85f64aa5037afb36aab6f56e89cf40de0531b,selected_candidate_loading,True,83cb1ad5a9b596925a1aae69adf85f64aa5037afb36aab6f56e89cf40de0531b,bernoulli,4
rep2,start_P,1,3,bfgs,poisson,bernoulli,50.18054798762279,True,True,-48.95591129053412,-74.04618528434551,bfgs,12,True,2.2251018805263812e-10,False,2,bfgs,9,True,2.5967901606804842e-09,False,2,bernoulli,-48.95591129053412,-0.15389849991104426|-0.087245883609118308|-0.072455176033002985|-0.69253855046889279|0.14991889327628757,7e555babdca4c34be6109677f232e4330093442e30b90fe299f6f58d36896bc1,selected_candidate_loading,True,7e555babdca4c34be6109677f232e4330093442e30b90fe299f6f58d36896bc1,bernoulli,5
rep2,start_P,1,4,bfgs,poisson,bernoulli,51.191845831736686,True,True,-48.515543275928664,-74.111466191797,bfgs,13,True,2.565037071633469e-09,False,2,bfgs,10,True,1.321906850648702e-09,False,2,bernoulli,-48.515543275928664,0.046016968369952463|0.19681660941883219|-0.34896723349173842|0.51747715637079006|0.20207396755627927,cb38c46657bfa3a44b97713d9c32e6a7ab2b8e291d9e2e21aec7515f2ab52ac9,selected_candidate_loading,True,cb38c46657bfa3a44b97713d9c32e6a7ab2b8e291d9e2e21aec7515f2ab52ac9,bernoulli,5
rep2,start_P,1,5,bfgs,poisson,bernoulli,52.55856129645986,True,True,-46.641357175074575,-72.9206378233045,bfgs,13,True,6.64653949655758e-09,False,2,bfgs,11,True,3.815717519728423e-10,False,2,bernoulli,-46.641357175074575,0.30952886978989591|-0.92283571976309797|0.16869358916195953|0.13570003707840067|-0.047736241246888231,3e70e95e98864cd0cc11134603c669f25f1fa77a6d24628de28e3cb3968920d3,selected_candidate_loading,True,3e70e95e98864cd0cc11134603c669f25f1fa77a6d24628de28e3cb3968920d3,bernoulli,5
rep2,start_P,1,6,bfgs,poisson,bernoulli,52.34260921308582,True,False,-46.99636198555161,-73.16766659209452,bfgs,10,True,3.742546272889058e-10,False,2,bfgs,11,False,2.170919102262303e-08,False,2,bernoulli,-46.99636198555161,-0.54555064841448364|0.50619562736323731|-0.33775669633462652|-0.29145991145268352|-0.30386688145111029,8e9b0fbb19c4d1b4706133e475f7766290353d8a805daad9580d315536338136,selected_candidate_loading,True,8e9b0fbb19c4d1b4706133e475f7766290353d8a805daad9580d315536338136,bernoulli,5
rep2,start_P,1,7,bfgs,poisson,bernoulli,48.51569177374803,True,True,-50.41769759100807,-74.67554347788209,bfgs,10,True,3.4945379923101427e-12,True,0,bfgs,12,True,1.3939238097115946e-10,False,2,bernoulli,-50.41769759100807,-0.18943253046807942|0.3875240065404631|-0.032724592827693098|0.062814416324819877|0.090712269568677367,f0f97eec0f2701f3b17874c03f00fa8d34bbf281b2a8c006a29575eb747a79ab,selected_candidate_loading,True,f0f97eec0f2701f3b17874c03f00fa8d34bbf281b2a8c006a29575eb747a79ab,bernoulli,5
rep2,start_P,1,8,bfgs,poisson,bernoulli,49.74659831056729,True,False,-48.211541019808735,-73.08484017509238,bfgs,11,True,2.312533009529716e-09,False,2,bfgs,10,False,1.94071341219626e-08,False,2,bernoulli,-48.211541019808735,-0.21773017187414445|-0.011041632696579838|-0.3882785079823165|-0.15147609317144228|-0.30467152894483035,e43cc6f936746d00ed433d83f84c043914b179b9967de78b0085425a5be536e4,selected_candidate_loading,True,e43cc6f936746d00ed433d83f84c043914b179b9967de78b0085425a5be536e4,bernoulli,5
rep2,start_P,2,3,bfgs,bernoulli,bernoulli,53.58337081096164,False,True,-46.47142554263688,-73.2631109481177,bfgs,9,True,5.967153882124876e-10,False,2,bfgs,13,True,4.9804960156052404e-11,True,0,bernoulli,-46.47142554263688,-0.42245419458654782|-0.24872009982668972|-0.2604907243926059|-0.63334777874705162|-0.037163206896005656,21e1e7fe8bc42eb12927fe0d994bcdd3c2e16394b16fa446aed9601157c1d760,selected_candidate_loading,True,21e1e7fe8bc42eb12927fe0d994bcdd3c2e16394b16fa446aed9601157c1d760,bernoulli,5
rep2,start_P,2,4,bfgs,bernoulli,bernoulli,56.631851964214476,False,False,-45.04054650768692,-73.35647248979416,bfgs,11,True,3.4514304525501417e-09,False,2,bfgs,11,False,1.9138010287633733e-08,False,2,bernoulli,-45.04054650768692,0.31489626419956307|0.08974095451211983|-0.30096525283692466|0.49601056394222309|0.52531474104418951,5988f65b371b95cf8a41dd437ad223f46be6283c7d7ab7d57ffb035ab0dc830b,selected_candidate_loading,True,5988f65b371b95cf8a41dd437ad223f46be6283c7d7ab7d57ffb035ab0dc830b,bernoulli,5
rep2,start_P,2,5,bfgs,bernoulli,bernoulli,59.22794690951039,False,False,-42.49433134219585,-72.10830479695105,bfgs,11,True,2.7224436038864044e-10,False,2,bfgs,11,False,1.9217879216881783e-07,False,2,bernoulli,-42.49433134219585,0.55462201095094776|-1.3433109270802102|0.16669270431492389|0.43055427888380821|-0.034919145057940658,37824f522a57261f6e30ec4184e270465ea87f2a56e38d589864d7f1cae821a5,selected_candidate_loading,True,37824f522a57261f6e30ec4184e270465ea87f2a56e38d589864d7f1cae821a5,bernoulli,5
rep2,start_P,2,6,bfgs,bernoulli,bernoulli,55.55904806022292,False,False,-44.77808348000086,-72.55760751011232,bfgs,9,True,2.1869039912303377e-11,True,0,bfgs,12,False,4.020697392803641e-08,False,2,bernoulli,-44.77808348000086,-0.66117755688978164|0.43135704320674084|-0.46287210252346045|-0.20701556536288071|-0.48503677441984938,a52f776057393d5bd0054cfdd22553be8a6c4f730510ff2adcd533843514c419,selected_candidate_loading,True,a52f776057393d5bd0054cfdd22553be8a6c4f730510ff2adcd533843514c419,bernoulli,5
rep2,start_P,2,7,bfgs,bernoulli,bernoulli,49.74373597400296,False,False,-49.24617887979568,-74.11804686679716,bfgs,8,False,1.0668456758011758e-07,False,2,bfgs,11,True,4.3211662026365615e-11,True,0,bernoulli,-49.24617887979568,-0.28414561807787631|0.7304244553519299|0.057475659698820014|0.017946162632218769|-0.029277848437036437,f9b08d1d8b970e0e5882edf35805c3cd0414dd117e907f91207187cc02c59076,selected_candidate_loading,True,f9b08d1d8b970e0e5882edf35805c3cd0414dd117e907f91207187cc02c59076,bernoulli,5
rep2,start_P,2,8,bfgs,bernoulli,bernoulli,49.37565630387169,False,True,-47.93704539947612,-72.62487355141197,bfgs,9,True,4.194418057323901e-09,False,2,bfgs,10,True,1.9239276838334264e-12,True,0,bernoulli,-47.93704539947612,-0.09146539921610497|-0.0055731320907386073|-0.45007130914756183|0.13239342206440827|-0.51239329065499384,9f55e031c4a872a9af50084de57c57274d4eb86c5eb03838c988ecd1efe92ee2,selected_candidate_loading,True,9f55e031c4a872a9af50084de57c57274d4eb86c5eb03838c988ecd1efe92ee2,bernoulli,5
rep2,start_P,3,3,bfgs,bernoulli,bernoulli,60.360883920646444,False,True,-42.748180879571564,-72.92862283989479,bfgs,10,True,8.359357650533638e-12,True,0,bfgs,14,True,1.72573999535075e-10,False,2,bernoulli,-42.748180879571564,-0.57876816646194851|-0.43567758612808466|-0.15957261316421878|-1.0242532867750789|0.081233856745428365,23e264aa80c5d6bf450eff257e2592542cdb680e0939be2ffcbdc914185ae7f6,selected_candidate_loading,True,23e264aa80c5d6bf450eff257e2592542cdb680e0939be2ffcbdc914185ae7f6,bernoulli,5
rep2,start_P,3,4,bfgs,bernoulli,bernoulli,56.93845164138001,False,True,-44.4659077861695,-72.93513360685951,bfgs,9,True,5.799805080641818e-13,True,0,bfgs,15,True,1.4708234630234074e-12,True,0,bernoulli,-44.4659077861695,0.38266751836631546|0.19327536050464267|-0.29689843830866547|0.33068722406361251|0.61968890805658972,ea9a78fd933d05875be1ed00de8af1cd48e9563459b2b05e14a1517821a6986f,selected_candidate_loading,True,ea9a78fd933d05875be1ed00de8af1cd48e9563459b2b05e14a1517821a6986f,bernoulli,5
rep2,start_P,3,5,bfgs,bernoulli,bernoulli,57.53771699118181,False,True,-43.1042184780525,-71.8730769736434,bfgs,10,True,6.719229617146993e-10,False,2,bfgs,15,True,2.2628161566728977e-09,False,2,bernoulli,-43.1042184780525,0.40350799712794549|-1.1505250769946249|-0.030686740702761121|0.60222604790858081|-0.14556011923258536,1d07712fd60a6661854624981d533c7c354325726973d3f9e84b15d8775b08d3,selected_candidate_loading,True,1d07712fd60a6661854624981d533c7c354325726973d3f9e84b15d8775b08d3,bernoulli,5
rep2,start_P,3,6,bfgs,bernoulli,bernoulli,57.66392807946336,False,True,-44.189403345476244,-73.02136738520792,bfgs,9,True,6.189715406890173e-13,True,0,bfgs,14,True,2.5795134916961617e-10,False,2,bernoulli,-44.189403345476244,-0.75044754388600388|0.35406174244816196|-0.50197317245917383|-0.13672012851253429|-0.54613102885007436,2642cf8b914a4612cc541f514382a884d57a3193ae88c565084ca0a7b8cccb01,selected_candidate_loading,True,2642cf8b914a4612cc541f514382a884d57a3193ae88c565084ca0a7b8cccb01,bernoulli,5
rep2,start_P,3,7,bfgs,bernoulli,bernoulli,50.57657780458295,False,True,-48.95969451389187,-74.24798341618335,bfgs,9,True,6.977529665164184e-13,True,0,bfgs,12,True,9.718292837135323e-12,True,0,bernoulli,-48.95969451389187,-0.27925957198166967|0.61443843066787451|0.0076682799815263152|-0.18809351741005009|0.047215319733033979,2a8713bd28b066f2941820d98a154d77732600a20328fa4c3733242eb2046462,selected_candidate_loading,True,2a8713bd28b066f2941820d98a154d77732600a20328fa4c3733242eb2046462,bernoulli,5
rep2,start_P,3,8,bfgs,bernoulli,bernoulli,49.31214061792687,False,True,-47.975162588289336,-72.63123289725277,bfgs,9,True,3.7865599544772977e-10,False,2,bfgs,10,True,3.4693901085347534e-09,False,2,bernoulli,-47.975162588289336,0.11298312970862852|-0.020717949890162467|-0.36855897269937904|-0.12642063436355144|-0.37180390420051707,c57f3e87600e79b2e71241861307e7a15f4edb813e16d7b69f58ff36cab6aa6a,selected_candidate_loading,True,c57f3e87600e79b2e71241861307e7a15f4edb813e16d7b69f58ff36cab6aa6a,bernoulli,5
rep2,start_P,4,3,bfgs,bernoulli,bernoulli,60.64014587470632,False,False,-42.25220609989033,-72.57227903724349,bfgs,12,False,1.9126953709758253e-08,False,2,bfgs,11,False,3.974240447846e-08,False,2,bernoulli,-42.25220609989033,-0.83088717957570679|-0.55460087673926417|-0.40888088029685171|-0.67728816492099564|-0.12769987386508255,fda22b662e20885be5bb8de55a6a656ad70c9bb24bc612d4da96a91169f1bf25,selected_candidate_loading,True,fda22b662e20885be5bb8de55a6a656ad70c9bb24bc612d4da96a91169f1bf25,bernoulli,5
rep2,start_P,4,4,bfgs,bernoulli,bernoulli,60.49522424762884,False,False,-42.866937537213246,-73.11454966102767,bfgs,10,True,3.241140689169697e-12,True,0,bfgs,13,False,1.0531050342876824e-08,False,2,bernoulli,-42.866937537213246,0.5790605437628682|0.022851876271785955|-0.25140183874534106|0.16072152754942373|0.91175738519735261,372f6480ef5628c60dc6ed9aa5257ec3ffd1dbc4d8af44a1795e57a5a14c4cd6,selected_candidate_loading,True,372f6480ef5628c60dc6ed9aa5257ec3ffd1dbc4d8af44a1795e57a5a14c4cd6,bernoulli,5
rep2,start_P,4,5,bfgs,bernoulli,bernoulli,58.84765656317754,False,False,-42.72772411631392,-72.15155239790269,bfgs,8,False,3.8716311312469995e-08,False,2,bfgs,15,True,1.1311094283428247e-10,False,2,bernoulli,-42.72772411631392,0.28481923794622988|-1.0296719951106312|0.065946276336968396|0.69335832014069576|-0.22042411866163225,5a674954b894be2e0edf12642aaf5f980f47a66189824f9e33a5ecff05c91cb6,selected_candidate_loading,True,5a674954b894be2e0edf12642aaf5f980f47a66189824f9e33a5ecff05c91cb6,bernoulli,5
rep2,start_P,4,6,bfgs,bernoulli,bernoulli,59.2721009208214,False,True,-42.33608276400918,-71.97213322441988,bfgs,10,True,2.231188567236586e-11,True,0,bfgs,14,True,5.82628985057454e-09,False,2,bernoulli,-42.33608276400918,-0.9776248184628793|0.19584619413536627|-0.61590741632414925|-0.078344204302293441|-0.76746140144811059,13f7ac6e71642024d6b501dd8160f2766e9a44c13e20c27fc577ec14d9cfee66,selected_candidate_loading,True,13f7ac6e71642024d6b501dd8160f2766e9a44c13e20c27fc577ec14d9cfee66,bernoulli,5
rep2,start_P,4,7,bfgs,bernoulli,bernoulli,50.578800053708335,False,True,-48.74688188643961,-74.03628191329378,bfgs,10,True,1.7030421517461036e-11,True,0,bfgs,13,True,1.1999915505711556e-10,False,2,bernoulli,-48.74688188643961,-0.33962048492340269|0.52323101466296351|0.027878116401282495|-0.18364058500455929|0.058581982065317881,02ffba8752ca7f60e487797d0bb97b4c0f21062d8c0678157ba9cf0e29689f02,selected_candidate_loading,True,02ffba8752ca7f60e487797d0bb97b4c0f21062d8c0678157ba9cf0e29689f02,bernoulli,5
rep2,start_P,4,8,bfgs,bernoulli,bernoulli,48.35430893612404,False,False,-48.36375836546778,-72.5409128335298,bfgs,8,False,1.8727964645748328e-08,False,2,bfgs,9,True,1.20559535687903e-09,False,2,bernoulli,-48.36375836546778,0.071554818642732471|-0.10812802146728559|-0.35508750790816707|-0.1233374862083666|-0.37614081376198533,a0c46eaf393d1dc8768cc9dfb3c8db3fe2826c52039c1af3dd1c211cb3448392,selected_candidate_loading,True,a0c46eaf393d1dc8768cc9dfb3c8db3fe2826c52039c1af3dd1c211cb3448392,bernoulli,5
rep2,start_P,5,3,bfgs,bernoulli,bernoulli,61.925347679409924,False,True,-41.1425733286073,-72.10524716831226,bfgs,9,True,8.806289031326742e-12,True,0,bfgs,15,True,6.853810852192055e-11,True,0,bernoulli,-41.1425733286073,-0.97354358438488353|-0.44516644230182101|-0.50073597946827575|-0.58493600145232982|-0.39304390412202328,ba61652d8d6c71b6dfe2d473b5cbf6d1ee2bf717540e23df4049ccce3781eab9,selected_candidate_loading,True,ba61652d8d6c71b6dfe2d473b5cbf6d1ee2bf717540e23df4049ccce3781eab9,bernoulli,5
rep2,start_P,5,4,bfgs,bernoulli,bernoulli,61.613380700989595,False,False,-42.01452304550852,-72.82121339600332,bfgs,9,True,8.612222046622264e-12,True,0,bfgs,13,False,1.2365612711562334e-08,False,2,bernoulli,-42.01452304550852,0.43147704929681613|-0.084719300725173155|-0.35259157267626179|0.34690852434470737|0.95603923540453162,cb8cdae52a70c50a14460aa0c27d15bbd442aabc5cbc2a8d816061cb7416f5e8,selected_candidate_loading,True,cb8cdae52a70c50a14460aa0c27d15bbd442aabc5cbc2a8d816061cb7416f5e8,bernoulli,5
rep2,start_P,5,5,bfgs,bernoulli,bernoulli,58.91298102109005,False,True,-42.34603566215242,-71.80252617269744,bfgs,9,True,1.0412562367889678e-09,False,2,bfgs,13,True,1.6483422626833998e-09,False,2,bernoulli,-42.34603566215242,0.24510872907791648|-1.0463848822484878|-0.017717414365432036|0.8127599533288159|-0.24542500426456396,7da1cf3cc7e489560227e4696865b4d4c3981ce02b5f7821f1cda6a92cc1043a,selected_candidate_loading,True,7da1cf3cc7e489560227e4696865b4d4c3981ce02b5f7821f1cda6a92cc1043a,bernoulli,5
rep2,start_P,5,6,bfgs,bernoulli,bernoulli,60.369017681554624,False,True,-41.04909418559289,-71.2336030263702,bfgs,9,True,3.0996911704050946e-10,False,2,bfgs,12,True,8.36035809470559e-09,False,2,bernoulli,-41.04909418559289,-1.01695450250469|0.18736699205831869|-0.75098030891257317|-0.13258151491331241|-0.84528009484927047,2550a8c85664636354d283ea8083ec092d4ed17d0aa877fa627494e90bee44a8,selected_candidate_loading,True,2550a8c85664636354d283ea8083ec092d4ed17d0aa877fa627494e90bee44a8,bernoulli,5
rep2,start_P,5,7,bfgs,bernoulli,bernoulli,49.639281314052056,False,True,-48.92490159225977,-73.7445422492858,bfgs,9,True,3.277125237843848e-11,True,0,bfgs,12,True,5.637199083224909e-09,False,2,bernoulli,-48.92490159225977,-0.41733570879801712|0.4734711472648665|-0.14033891343569915|-0.0092754299073880362|-0.084348176790451257,5d770cd94b91492e15563a7706fe6193b4f3351804a3a9583ba2cee51843df8c,selected_candidate_loading,True,5d770cd94b91492e15563a7706fe6193b4f3351804a3a9583ba2cee51843df8c,bernoulli,5
rep2,start_P,5,8,bfgs,bernoulli,bernoulli,47.6089900522864,False,True,-48.085377171096525,-71.88987219723973,bfgs,11,True,1.3833312273447973e-10,False,2,bfgs,10,True,6.245315375963401e-12,True,0,bernoulli,-48.085377171096525,0.08234697892866967|-0.014883791647620782|-0.35570185534048016|-0.0465908886459954|-0.47973172391192925,579d96218ecb35cb344f52cad69409d1d9c102ae54702533a8eabdeb768f7834,selected_candidate_loading,True,579d96218ecb35cb344f52cad69409d1d9c102ae54702533a8eabdeb768f7834,bernoulli,5
rep2,start_P,6,3,bfgs,bernoulli,bernoulli,64.81137400061849,False,False,-39.690788213301005,-72.09647521361025,bfgs,10,True,2.1296742147569603e-11,True,0,bfgs,14,False,2.896404855956547e-08,False,2,bernoulli,-39.690788213301005,-1.2102770107194452|-0.36689095947607064|-0.63137230672464262|-0.3144370178784951|-0.47039067478805674,576ce1f3ad5f010ff4b9476bea736ae71e570e57d9799313ef0ff636f092bd0a,selected_candidate_loading,True,576ce1f3ad5f010ff4b9476bea736ae71e570e57d9799313ef0ff636f092bd0a,bernoulli,5
rep2,start_P,6,4,bfgs,bernoulli,bernoulli,62.65537882001283,False,True,-41.57034358708846,-72.89803299709487,bfgs,9,True,7.78223885333773e-10,False,2,bfgs,13,True,4.0411958224240153e-10,False,2,bernoulli,-41.57034358708846,0.36646632313934285|-0.25551514091596889|-0.35840084567846298|0.46193774942523386|1.0635093373688072,4090ff708b2c5d7b1be99fe0f426c65e98ad05758588779712e44efb788a8c81,selected_candidate_loading,True,4090ff708b2c5d7b1be99fe0f426c65e98ad05758588779712e44efb788a8c81,bernoulli,5
rep2,start_P,6,5,bfgs,bernoulli,bernoulli,56.34146753725844,False,True,-43.634084304101634,-71.80481807273085,bfgs,10,True,1.9625825409264052e-10,False,2,bfgs,14,True,4.832863931270026e-09,False,2,bernoulli,-43.634084304101634,0.24301412880491113|-0.64794640265683234|0.15009840029631502|0.77086949681691053|-0.34176222247619265,3df73cfc83a25ddb9c110c9de0b0a0333d661230be702650cded701eb1a187c6,selected_candidate_loading,True,3df73cfc83a25ddb9c110c9de0b0a0333d661230be702650cded701eb1a187c6,bernoulli,5
rep2,start_P,6,6,bfgs,bernoulli,bernoulli,60.432654604967084,False,False,-41.101827242932664,-71.3181545454162,bfgs,10,True,3.9328540424321546e-13,True,0,bfgs,14,False,1.2701186768993011e-08,False,2,bernoulli,-41.101827242932664,-1.0428517229332783|0.32087328557947825|-0.63573025816691964|-0.11149011216310863|-0.84599099716427806,1e57c6541a9a3293d81b70b3dc40686e41193f71307f34de04ce707ef63467d0,selected_candidate_loading,True,1e57c6541a9a3293d81b70b3dc40686e41193f71307f34de04ce707ef63467d0,bernoulli,5
rep2,start_P,6,7,bfgs,bernoulli,bernoulli,49.50835116873441,False,False,-48.6349475255539,-73.3891231099211,bfgs,9,True,8.546496843564455e-13,True,0,bfgs,12,False,1.4075977722294297e-08,False,2,bernoulli,-48.6349475255539,-0.40044663546162135|0.54332816569919373|-0.18771564427409668|0.044599150553618544|-0.068616039629690706,61d07e1798e614a0dff3d43962fc5011b655ae244722123f9810433c05843cf6,selected_candidate_loading,True,61d07e1798e614a0dff3d43962fc5011b655ae244722123f9810433c05843cf6,bernoulli,5
rep2,start_P,6,8,bfgs,bernoulli,bernoulli,47.24112429352064,False,True,-48.25370729325991,-71.87426944002023,bfgs,13,True,9.132516964882597e-12,True,0,bfgs,10,True,1.058925391816956e-10,False,2,bernoulli,-48.25370729325991,0.043433357880841718|-0.084129833723645353|-0.38374533931019639|0.061745937992365232|-0.43771847663847402,a078822ceeb24428e9d55592e46ab8c70eed8fc190af50323045f91f67e48f6b,selected_candidate_loading,True,a078822ceeb24428e9d55592e46ab8c70eed8fc190af50323045f91f67e48f6b,bernoulli,5
rep2,start_P,7,3,bfgs,bernoulli,bernoulli,56.68768386984081,False,False,-44.07308161634313,-72.41692355126354,bfgs,9,False,1.8007190600854982e-07,False,2,bfgs,15,True,5.999578345239343e-09,False,2,bernoulli,-44.07308161634313,-0.7848482908522898|-0.25814305888528882|-0.32835322112991017|-0.51212366777239471|-0.20292367933635758,585e317884d7c9179760dff9fb9843a6cf93420f1136834227ea39d72907b305,selected_candidate_loading,True,585e317884d7c9179760dff9fb9843a6cf93420f1136834227ea39d72907b305,bernoulli,5
rep2,start_P,7,4,bfgs,bernoulli,bernoulli,59.89118812714821,False,True,-42.86534881837818,-72.81094288195229,bfgs,10,True,6.199849522658952e-11,True,0,bfgs,12,True,7.074408792107079e-09,False,2,bernoulli,-42.86534881837818,0.38881423397166631|-0.074122801380368947|-0.38729855023296111|0.48226223370137694|0.85058165532593721,6db24a0c2da231bf3916383079bf91882ef4b6d147c54dabad6d2ab3e284f37c,selected_candidate_loading,True,6db24a0c2da231bf3916383079bf91882ef4b6d147c54dabad6d2ab3e284f37c,bernoulli,5
rep2,start_P,7,5,bfgs,bernoulli,bernoulli,56.367529137499915,False,False,-43.473586166193165,-71.65735073494312,bfgs,11,True,1.0611245215841337e-11,True,0,bfgs,14,False,1.4112573865077138e-08,False,2,bernoulli,-43.473586166193165,0.20730747404889291|-0.78268561741711717|0.14328094630703847|0.76485919223498966|-0.23867245544907983,ed6b082c0464942c75d9d75166308a8a5efb4615cb53e0e4e85cc58507acf6fe,selected_candidate_loading,True,ed6b082c0464942c75d9d75166308a8a5efb4615cb53e0e4e85cc58507acf6fe,bernoulli,5
rep2,start_P,7,6,bfgs,bernoulli,bernoulli,58.51468113130524,False,False,-41.89396614444619,-71.15130671009881,bfgs,8,False,1.0418582041538117e-08,False,2,bfgs,17,True,9.238014797574579e-11,True,0,bernoulli,-41.89396614444619,-1.0047087601559201|0.21895310465812448|-0.70502715818352601|-0.18098852371966939|-0.63266957085303022,029283b751e1220f44824c2a7e8bce8914f5dcbc21f5af0710066d870c0a2614,selected_candidate_loading,True,029283b751e1220f44824c2a7e8bce8914f5dcbc21f5af0710066d870c0a2614,bernoulli,5
rep2,start_P,7,7,bfgs,bernoulli,bernoulli,49.032850157204166,False,True,-48.8489138570372,-73.36533893563929,bfgs,10,True,1.0256552052112512e-09,False,2,bfgs,14,True,5.129049185370604e-10,False,2,bernoulli,-48.8489138570372,-0.34509145011501108|0.56601047272071459|-0.072241199077725901|-0.052552511035527417|-0.048848615593372877,7313bd35520675aac8408036c2a19f0c9a027c7d991626e5c859b2b0396adf28,selected_candidate_loading,True,7313bd35520675aac8408036c2a19f0c9a027c7d991626e5c859b2b0396adf28,bernoulli,5
rep2,start_P,7,8,bfgs,bernoulli,bernoulli,47.49505593214596,False,True,-48.32223981811268,-72.06976778418566,bfgs,10,True,4.910167383798125e-09,False,2,bfgs,10,True,1.833655005611945e-10,False,2,bernoulli,-48.32223981811268,-0.1085770155169897|-0.22182549150388048|-0.42210588050456938|0.19010107498813508|-0.3659636610673993,17bb9adbe70bd4af1775526c74398c3e2c6048949cb12f74c98a10da22c665f4,selected_candidate_loading,True,17bb9adbe70bd4af1775526c74398c3e2c6048949cb12f74c98a10da22c665f4,bernoulli,5
rep2,start_P,8,3,bfgs,bernoulli,bernoulli,56.676768630512285,False,True,-43.880910189714065,-72.21929450497021,bfgs,9,True,7.935121004720713e-10,False,2,bfgs,14,True,1.3540564225422714e-10,False,2,bernoulli,-43.880910189714065,-0.65630379350744084|0.16653931452019732|-0.19380887871173663|-0.69901894715357593|-0.34119497393754022,3aca7eedf1171527bff0eaf6d7d0003df611c4b2c8e84feef5549f2b9ceee424,selected_candidate_loading,True,3aca7eedf1171527bff0eaf6d7d0003df611c4b2c8e84feef5549f2b9ceee424,bernoulli,5
rep2,start_P,8,4,bfgs,bernoulli,bernoulli,58.8220613196911,False,True,-43.04176183788407,-72.45279249772962,bfgs,9,True,1.741778277164485e-10,False,2,bfgs,12,True,5.279633796817507e-09,False,2,bernoulli,-43.04176183788407,0.30330600831008725|-0.04359648824111674|-0.43994904295743037|0.52624088212268616|0.76854433225609731,61da84e7f57fd8f563ac2e3ed84aa7bf39391a705f4b0df88d473b439283ebc2,selected_candidate_loading,True,61da84e7f57fd8f563ac2e3ed84aa7bf39391a705f4b0df88d473b439283ebc2,bernoulli,5
rep2,start_P,8,5,bfgs,bernoulli,bernoulli,56.70792575099543,False,True,-43.82162350101822,-72.17558637651594,bfgs,9,True,1.574385066760442e-11,True,0,bfgs,12,True,5.738694319745719e-09,False,2,bernoulli,-43.82162350101822,0.20726013720894459|-0.9532156028528066|0.26260137821402735|0.56126987493954017|-0.098554543124084376,8ffaf7a6bf86183443c1d367d07af13399768a4a279879d49fa6c7ae90d4d512,selected_candidate_loading,True,8ffaf7a6bf86183443c1d367d07af13399768a4a279879d49fa6c7ae90d4d512,bernoulli,5
rep2,start_P,8,6,bfgs,bernoulli,bernoulli,53.9330493852722,False,True,-44.90807106224757,-71.87459575488367,bfgs,12,True,1.7072751212765524e-09,False,2,bfgs,17,True,1.4372307788335091e-10,False,2,bernoulli,-44.90807106224757,-0.51684324261369441|0.27703694115632149|-0.35842616283038886|-0.48151595206720765|-0.48334835631557216,b7a9be4df7b863ad6252cea483ff63c666a23e80f2b88c12232d7104ee77b3b1,selected_candidate_loading,True,b7a9be4df7b863ad6252cea483ff63c666a23e80f2b88c12232d7104ee77b3b1,bernoulli,5
rep2,start_P,8,7,bfgs,bernoulli,bernoulli,48.26710366800444,False,True,-48.92118098253968,-73.0547328165419,bfgs,10,True,3.102460510717719e-11,True,0,bfgs,12,True,8.215470193029262e-10,False,2,bernoulli,-48.92118098253968,-0.26813606008827617|0.5908068186080041|-0.12922399408396804|-0.047511570711279517|-0.12763247568876807,f50fcc4097201c7b04b484622386b0d24ce0cc50fdadd1a4290ac78662830714,selected_candidate_loading,True,f50fcc4097201c7b04b484622386b0d24ce0cc50fdadd1a4290ac78662830714,bernoulli,5
rep2,start_P,8,8,bfgs,bernoulli,bernoulli,51.841369526805636,False,True,-45.64423440696585,-71.56491917036867,bfgs,10,True,5.85648862738708e-11,True,0,bfgs,11,True,1.0234479930204543e-12,True,0,bernoulli,-45.64423440696585,-0.202692782935294|-0.17646376996800292|-0.6531984761977272|0.22884001083649308|-0.57679218876729665,67b19692063cf1fc644de8f93310b294cb79a82a75ae1966766a5c036fee022b,selected_candidate_loading,True,67b19692063cf1fc644de8f93310b294cb79a82a75ae1966766a5c036fee022b,bernoulli,5
rep3,start_B,1,3,bfgs,bernoulli,bernoulli,47.29910983317605,False,True,-51.220433671668694,-74.86998858825672,bfgs,4,True,6.63091803687621e-12,True,0,bfgs,4,True,7.105427357601002e-16,True,0,bernoulli,-51.220433671668694,0.29023214229274369,6133e459d2d80ff69395e0ef7272f7c4f81ab6df5ba8b0c06c66e0d9026c0a68,selected_candidate_loading,True,6133e459d2d80ff69395e0ef7272f7c4f81ab6df5ba8b0c06c66e0d9026c0a68,bernoulli,1
rep3,start_B,1,4,bfgs,bernoulli,bernoulli,48.91698824479056,False,False,-49.938770657730956,-74.39726478012624,bfgs,3,False,1.6402601983322994e-07,False,2,bfgs,5,True,6.355804771374096e-13,True,0,bernoulli,-49.938770657730956,-0.48721725933934229,b9c17560ec569e436b4b350d07cecb430c6049c9f03add8555472e9bc7858421,selected_candidate_loading,True,b9c17560ec569e436b4b350d07cecb430c6049c9f03add8555472e9bc7858421,bernoulli,1
rep3,start_B,1,5,bfgs,bernoulli,bernoulli,46.0193114870942,False,False,-51.98580046162088,-74.99545620516798,bfgs,4,False,5.377107306081541e-08,False,2,bfgs,4,False,6.633644797915394e-08,False,2,bernoulli,-51.98580046162088,0.0050393960557702311,db4121ff857065ed53323b5b4d78d04c78b687e250dd6e25f0a4600269946bad,selected_candidate_loading,True,db4121ff857065ed53323b5b4d78d04c78b687e250dd6e25f0a4600269946bad,bernoulli,1
rep3,start_B,1,6,bfgs,bernoulli,bernoulli,47.19016678809086,False,True,-51.11688702563835,-74.71197041968378,bfgs,4,True,2.769648954625836e-11,True,0,bfgs,5,True,1.5099033134902129e-15,True,0,bernoulli,-51.11688702563835,-0.30988837456108165,5ff79434cbf25d0f94c89ab8da640b67a7f61db7623d2520eeced739c1c41f3d,selected_candidate_loading,True,5ff79434cbf25d0f94c89ab8da640b67a7f61db7623d2520eeced739c1c41f3d,bernoulli,1
rep3,start_B,1,7,bfgs,bernoulli,bernoulli,46.71579524588165,False,False,-51.44949351733355,-74.80739114027438,bfgs,4,True,4.8777870631511174e-12,True,0,bfgs,3,False,4.7443933195445707e-07,False,2,bernoulli,-51.44949351733355,-0.24183948140094877,6c3a826362a29c8ad14b188c239a06b1c00f4403a19423808d83eedeebb22ed6,selected_candidate_loading,True,6c3a826362a29c8ad14b188c239a06b1c00f4403a19423808d83eedeebb22ed6,bernoulli,1
rep3,start_B,1,8,bfgs,bernoulli,bernoulli,46.173915270126045,False,True,-51.84379479455301,-74.93075242961604,bfgs,4,True,1.7395862528246652e-12,True,0,bfgs,5,True,1.7763568394002506e-16,True,0,bernoulli,-51.84379479455301,-0.12353126874369678,f845b5a2ee26cf960648b185fdb39af5cb5765394b04ef42e5c2498516bd847e,selected_candidate_loading,True,f845b5a2ee26cf960648b185fdb39af5cb5765394b04ef42e5c2498516bd847e,bernoulli,1
rep3,start_B,2,3,bfgs,bernoulli,bernoulli,46.99486887140691,False,True,-51.497775118263306,-74.99520955396676,bfgs,4,True,4.990940993820914e-12,True,0,bfgs,4,True,5.847411443937745e-12,True,0,bernoulli,-51.497775118263306,0.23034534991547287,93c4d47ae07ac908f45e436677875222adb0a0c4a3a5897371a6954b454bc0b2,selected_candidate_loading,True,93c4d47ae07ac908f45e436677875222adb0a0c4a3a5897371a6954b454bc0b2,bernoulli,1
rep3,start_B,2,4,bfgs,bernoulli,bernoulli,49.505151751828606,False,True,-48.496367678426594,-73.2489435543409,bfgs,4,True,5.0734438872268585e-11,True,0,bfgs,5,True,4.689759691700601e-12,True,0,bernoulli,-48.496367678426594,-0.65247398523817945,886e48c41acc859752f483fb9134491589f816d651acd8ed719129d9714ae220,selected_candidate_loading,True,886e48c41acc859752f483fb9134491589f816d651acd8ed719129d9714ae220,bernoulli,1
rep3,start_B,2,5,bfgs,bernoulli,bernoulli,46.40777550334539,False,True,-50.94822172068869,-74.15210947236139,bfgs,4,True,2.9235991405585085e-11,True,0,bfgs,5,True,7.105427357601002e-16,True,0,bernoulli,-50.94822172068869,-0.33936806432861033,6a3bd2820f3541d1480195c7bd8f658339227702edc1bd98055545b2137415a8,selected_candidate_loading,True,6a3bd2820f3541d1480195c7bd8f658339227702edc1bd98055545b2137415a8,bernoulli,1
rep3,start_B,2,6,bfgs,bernoulli,bernoulli,46.48802920928745,False,True,-50.87713108364311,-74.12114568828683,bfgs,4,True,1.1433811231142954e-09,False,2,bfgs,5,True,1.0658141036401502e-15,True,0,bernoulli,-50.87713108364311,-0.35127647351218755,cb2815a6b02d5b793b62d1aef640ad91b6bc3d49f37845e13040b5ff54c59ea4,selected_candidate_loading,True,cb2815a6b02d5b793b62d1aef640ad91b6bc3d49f37845e13040b5ff54c59ea4,bernoulli,1
rep3,start_B,2,7,bfgs,bernoulli,bernoulli,49.222862095549175,False,True,-48.70642189753413,-73.31785294530872,bfgs,4,True,9.864176142571069e-12,True,0,bfgs,4,True,6.643166017283874e-11,True,0,bernoulli,-48.70642189753413,-0.6299472451156708,eb636b181742443ca58940f9d4dc56758c5dc8c7747f3475ee5daa631e672c07,selected_candidate_loading,True,eb636b181742443ca58940f9d4dc56758c5dc8c7747f3475ee5daa631e672c07,bernoulli,1
rep3,start_B,2,8,bfgs,bernoulli,bernoulli,46.34628830276337,False,True,-51.00335108595937,-74.17649523734106,bfgs,4,True,1.084989875721476e-11,True,0,bfgs,4,True,7.595364337475985e-11,True,0,bernoulli,-51.00335108595937,-0.32988332371406925,eafa48ffbc9b9401c0e34f9b6fd4428c9db708b9b64123b68d5c244b0a1e58fd,selected_candidate_loading,True,eafa48ffbc9b9401c0e34f9b6fd4428c9db708b9b64123b68d5c244b0a1e58fd,bernoulli,1
rep3,start_B,3,3,bfgs,bernoulli,bernoulli,47.812461319203834,False,False,-51.08645827299411,-74.99268893259602,bfgs,3,False,7.211537706997007e-08,False,2,bfgs,4,True,5.838796113266653e-11,True,0,bernoulli,-51.08645827299411,0.31447219185686309,8b0528efe571bd03bb4200ac2864d22ab7d209cc415f0b04add57c19b061a318,selected_candidate_loading,True,8b0528efe571bd03bb4200ac2864d22ab7d209cc415f0b04add57c19b061a318,bernoulli,1
rep3,start_B,3,4,bfgs,bernoulli,bernoulli,50.217356549371885,False,True,-48.065584422515045,-73.17426269720099,bfgs,3,True,1.3050280411874837e-09,False,2,bfgs,5,True,1.3855583347321953e-14,True,0,bernoulli,-48.065584422515045,-0.6917791040075093,d6bb24a68532674dcac42ca154c3b78f17e75fcd5b3bb1dddf8f6a62f6bd1713,selected_candidate_loading,True,d6bb24a68532674dcac42ca154c3b78f17e75fcd5b3bb1dddf8f6a62f6bd1713,bernoulli,1
rep3,start_B,3,5,bfgs,bernoulli,bernoulli,47.455421280308855,False,False,-50.16266012324253,-73.89037076339696,bfgs,3,False,1.0510931058860252e-08,False,2,bfgs,5,True,7.105427357601002e-16,True,0,bernoulli,-50.16266012324253,-0.45480511793780082,e4907271c5f59cb8ff507803e37af17c3b7ef9758277788b1588a5fa686e43e1,selected_candidate_loading,True,e4907271c5f59cb8ff507803e37af17c3b7ef9758277788b1588a5fa686e43e1,bernoulli,1
rep3,start_B,3,6,bfgs,bernoulli,bernoulli,47.68307444460429,False,True,-49.98138870572118,-73.82292592802332,bfgs,4,True,4.973799150320701e-15,True,0,bfgs,5,True,3.552713678800501e-16,True,0,bernoulli,-49.98138870572118,-0.4783634340212663,0d013835ef895751b9ea931161e56d231b4d669d747ffd973ee993266c486620,selected_candidate_loading,True,0d013835ef895751b9ea931161e56d231b4d669d747ffd973ee993266c486620,bernoulli,1
rep3,start_B,3,7,bfgs,bernoulli,bernoulli,48.87028379796466,False,True,-49.06533002043434,-73.50047191941667,bfgs,4,True,5.0950799135307536e-12,True,0,bfgs,5,True,2.842170943040401e-15,True,0,bernoulli,-49.06533002043434,-0.58665237092091571,dfc6b71402d21aa5dbe5a42e34f5a4590a972914b7dc1f26eb41b4147297c70a,selected_candidate_loading,True,dfc6b71402d21aa5dbe5a42e34f5a4590a972914b7dc1f26eb41b4147297c70a,bernoulli,1
rep3,start_B,3,8,bfgs,bernoulli,bernoulli,46.3998007678305,False,True,-51.04687015427204,-74.24677053818729,bfgs,3,True,2.6712021483632498e-11,True,0,bfgs,5,True,1.385997805414263e-09,False,2,bernoulli,-51.04687015427204,-0.32153210591085662,de73ba1fa067a9549b52cfc389b744fe70ef7e7c9ddfc56b7b61647f5edf6224,selected_candidate_loading,True,de73ba1fa067a9549b52cfc389b744fe70ef7e7c9ddfc56b7b61647f5edf6224,bernoulli,1
rep3,start_B,4,3,bfgs,bernoulli,bernoulli,46.70165790630202,False,True,-51.64914289935773,-74.99997185250874,bfgs,4,True,2.139879384799315e-11,True,0,bfgs,4,True,4.103384299014579e-14,True,0,bernoulli,-51.64914289935773,0.19057268751968928,6242a1b29a363c5fd8cf79b17ed4f89f068f5c14b5897c8c6d729d481e34bb29,selected_candidate_loading,True,6242a1b29a363c5fd8cf79b17ed4f89f068f5c14b5897c8c6d729d481e34bb29,bernoulli,1
rep3,start_B,4,4,bfgs,bernoulli,bernoulli,50.485674395677506,False,True,-48.25264692801447,-73.49548412585322,bfgs,4,True,1.9584334154387762e-14,True,0,bfgs,7,True,1.1546319456101628e-14,True,0,bernoulli,-48.25264692801447,-0.67056941487956079,d5226c00f37af55dd23b82740b4b9c9b6a70f01a4e968d6786178ac040ad03c0,selected_candidate_loading,True,d5226c00f37af55dd23b82740b4b9c9b6a70f01a4e968d6786178ac040ad03c0,bernoulli,1
rep3,start_B,4,5,bfgs,bernoulli,bernoulli,48.92049712105964,False,True,-49.379318799681656,-73.83956736021148,bfgs,4,True,5.5644377994212845e-14,True,0,bfgs,5,True,4.654054919228656e-14,True,0,bernoulli,-49.379318799681656,-0.54987140620632491,aba541ff03d51c77fd51a8f30d12267561f97976db50fe46efc82dc5bfee9453,selected_candidate_loading,True,aba541ff03d51c77fd51a8f30d12267561f97976db50fe46efc82dc5bfee9453,bernoulli,1
rep3,start_B,4,6,bfgs,bernoulli,bernoulli,47.31316234666291,False,True,-50.58718326021013,-74.24376443354159,bfgs,4,True,6.111289252430652e-11,True,0,bfgs,5,True,1.7408297026122456e-14,True,0,bernoulli,-50.58718326021013,-0.39495434768870719,693053a21ff6f2b04773cb726cbc47224ef590faf1a24dc27792e5a2f3f2d82f,selected_candidate_loading,True,693053a21ff6f2b04773cb726cbc47224ef590faf1a24dc27792e5a2f3f2d82f,bernoulli,1
rep3,start_B,4,7,bfgs,bernoulli,bernoulli,47.782197934114805,False,True,-50.226821026846935,-74.11791999390434,bfgs,5,True,7.993605777301127e-16,True,0,bfgs,5,True,5.684341886080802e-15,True,0,bernoulli,-50.226821026846935,-0.44550211488183439,fdb2acb8d52f2c4a53b0d4dd75976fd51f5f62e6b437b6287c25e3b89daa05e9,selected_candidate_loading,True,fdb2acb8d52f2c4a53b0d4dd75976fd51f5f62e6b437b6287c25e3b89daa05e9,bernoulli,1
rep3,start_B,4,8,bfgs,bernoulli,bernoulli,46.96700066112001,False,True,-50.85968306543613,-74.34318339599614,bfgs,4,True,1.84297022087776e-15,True,0,bfgs,5,True,3.730349362740526e-15,True,0,bernoulli,-50.85968306543613,-0.35285625598225806,7cc6747bd459b5d23285d315f3b433e96d17bdf642d75b5bb8eb3f19320c100d,selected_candidate_loading,True,7cc6747bd459b5d23285d315f3b433e96d17bdf642d75b5bb8eb3f19320c100d,bernoulli,1
rep3,start_B,5,3,bfgs,bernoulli,bernoulli,46.29449991778907,False,False,-51.83832924531016,-74.9855792042047,bfgs,4,False,7.158214039293398e-08,False,2,bfgs,4,True,1.521629489076304e-11,True,0,bernoulli,-51.83832924531016,0.12587530596389415,d500a2406a771d132c0f0ebb5bada9532d0faec3d7afc26bda8fdbaa862f6f82,selected_candidate_loading,True,d500a2406a771d132c0f0ebb5bada9532d0faec3d7afc26bda8fdbaa862f6f82,bernoulli,1
rep3,start_B,5,4,bfgs,bernoulli,bernoulli,49.4375019248223,False,True,-48.90954758358832,-73.62829854599947,bfgs,5,True,2.3092638912203257e-15,True,0,bfgs,5,True,1.865174681370263e-15,True,0,bernoulli,-48.90954758358832,-0.60823400676420813,0805075c89cfea7d78b4b1a757560cd0fa1c7d743a0b9820e517fe69e330878e,selected_candidate_loading,True,0805075c89cfea7d78b4b1a757560cd0fa1c7d743a0b9820e517fe69e330878e,bernoulli,1
rep3,start_B,5,5,bfgs,bernoulli,bernoulli,48.723356499023396,False,True,-49.43376067367396,-73.79543892318566,bfgs,3,True,4.1122660832115796e-14,True,0,bfgs,5,True,1.148414696672262e-13,True,0,bernoulli,-49.43376067367396,-0.54825490545281197,04a4dcd918cd2251f8e4bfebc5a9f2b556ee73cc6b1362ff2c4041121c18708a,selected_candidate_loading,True,04a4dcd918cd2251f8e4bfebc5a9f2b556ee73cc6b1362ff2c4041121c18708a,bernoulli,1
rep3,start_B,5,6,bfgs,bernoulli,bernoulli,46.599014063612714,False,True,-51.08551647495197,-74.38502350675833,bfgs,4,True,7.105569466148154e-11,True,0,bfgs,5,True,1.0658141036401502e-15,True,0,bernoulli,-51.08551647495197,-0.3153218797644704,ee5d9e6591e4cc5acfe3097b0d8f76a2ea9c07f77dd301885e8c2a39f88ce4df,selected_candidate_loading,True,ee5d9e6591e4cc5acfe3097b0d8f76a2ea9c07f77dd301885e8c2a39f88ce4df,bernoulli,1
rep3,start_B,5,7,bfgs,bernoulli,bernoulli,46.447119196112624,False,True,-51.214831411214675,-74.43839100927099,bfgs,5,True,3.9968028886505636e-16,True,0,bfgs,5,True,3.2862601528904635e-15,True,0,bernoulli,-51.214831411214675,-0.29107868023215344,a632c747d6b1d4ecc96d2910d72c2c09a8032289870afc3d96a96accedb7cd3a,selected_candidate_loading,True,a632c747d6b1d4ecc96d2910d72c2c09a8032289870afc3d96a96accedb7cd3a,bernoulli,1
rep3,start_B,5,8,bfgs,bernoulli,bernoulli,46.62479430537532,False,True,-51.06386423261436,-74.37626138530202,bfgs,4,True,9.992007221626409e-14,True,0,bfgs,5,True,4.529709940470638e-15,True,0,bernoulli,-51.06386423261436,-0.31922347226613312,683cca184179cb801f83385510939d26842da1f0edae9379ed925e74efe61e37,selected_candidate_loading,True,683cca184179cb801f83385510939d26842da1f0edae9379ed925e74efe61e37,bernoulli,1
rep3,start_B,6,3,bfgs,bernoulli,bernoulli,46.12352138688223,False,True,-51.91074120677207,-74.97250190021319,bfgs,4,True,6.217248937900876e-16,True,0,bfgs,4,True,2.3092638912203256e-14,True,0,bernoulli,-51.91074120677207,0.089752713291978092,10f5322a561b67e5953ff658ac6bc091bb36b85a999ba4d678ee14d2d24ebfc5,selected_candidate_loading,True,10f5322a561b67e5953ff658ac6bc091bb36b85a999ba4d678ee14d2d24ebfc5,bernoulli,1
rep3,start_B,6,4,bfgs,bernoulli,bernoulli,51.467977608050745,False,True,-47.50403923487919,-73.23802803890456,bfgs,4,True,2.0551604862362183e-10,False,2,bfgs,5,True,3.9896974612929624e-13,True,0,bernoulli,-47.50403923487919,-0.75676955688523784,9ac8a63827c4bf8e0a66d2cccc0e75a916883dec5781755eccf6a4b5dd23b9aa,selected_candidate_loading,True,9ac8a63827c4bf8e0a66d2cccc0e75a916883dec5781755eccf6a4b5dd23b9aa,bernoulli,1
rep3,start_B,6,5,bfgs,bernoulli,bernoulli,47.8770762828548,False,True,-50.10046501375214,-74.03900315517954,bfgs,5,True,8.437694987151189e-16,True,0,bfgs,5,True,7.567280135845067e-14,True,0,bernoulli,-50.10046501375214,-0.46558236078534648,09aacf44d14f33d467178be9f553caf63b0ddb6e874ee84c4249714abb0df6ba,selected_candidate_loading,True,09aacf44d14f33d467178be9f553caf63b0ddb6e874ee84c4249714abb0df6ba,bernoulli,1
rep3,start_B,6,6,bfgs,bernoulli,bernoulli,46.92380837621195,False,True,-50.84420407647879,-74.30610826458476,bfgs,4,True,2.4868995751603505e-15,True,0,bfgs,4,True,4.4471708093851705e-09,False,2,bernoulli,-50.84420407647879,-0.35696435140598648,77ed48a50f41f7e310dd3716e2216b2d813c155af73ddd79e88ff56bf2bbeb62,selected_candidate_loading,True,77ed48a50f41f7e310dd3716e2216b2d813c155af73ddd79e88ff56bf2bbeb62,bernoulli,1
rep3,start_B,6,7,bfgs,bernoulli,bernoulli,46.457138693172396,False,True,-51.23074445318365,-74.45931379976984,bfgs,3,True,1.8960388814548423e-13,True,0,bfgs,4,True,1.7578358324499277e-09,False,2,bernoulli,-51.23074445318365,-0.28810321665482258,2a0a6048a05277cb8d354d2afbed0f4c6c7c306001d799543c73fc87b7da372a,selected_candidate_loading,True,2a0a6048a05277cb8d354d2afbed0f4c6c7c306001d799543c73fc87b7da372a,bernoulli,1
rep3,start_B,6,8,bfgs,bernoulli,bernoulli,46.72774557208436,False,True,-51.00388191447368,-74.36775470051586,bfgs,3,True,3.5186742408654938e-12,True,0,bfgs,5,True,1.409804895047273e-09,False,2,bernoulli,-51.00388191447368,-0.33001608750341244,c7c56a4936fb902dbfd11e29fc7e439890694b4475560c6bab8d85e21b3550d2,selected_candidate_loading,True,c7c56a4936fb902dbfd11e29fc7e439890694b4475560c6bab8d85e21b3550d2,bernoulli,1
rep3,start_B,7,3,bfgs,bernoulli,bernoulli,46.19869065586941,False,True,-51.88860604291248,-74.98795137084718,bfgs,3,True,4.8597570412312055e-12,True,0,bfgs,4,True,3.2662761384472105e-13,True,0,bernoulli,-51.88860604291248,0.1021491146382946,2379af950dd6117210fe6ff816925fc959df18db3ff5f2d61a83b7010e6dd64e,selected_candidate_loading,True,2379af950dd6117210fe6ff816925fc959df18db3ff5f2d61a83b7010e6dd64e,bernoulli,1
rep3,start_B,7,4,bfgs,bernoulli,bernoulli,50.14357433813757,False,True,-48.575324378937054,-73.64711154800584,bfgs,5,True,4.929390229335695e-15,True,0,bfgs,6,True,2.284394895468722e-13,True,0,bernoulli,-48.575324378937054,-0.64756175465305632,b766ed313bc24a1915a885274c5ad0e046825c30b75b9b65c0f4b4f2e6c3536d,selected_candidate_loading,True,b766ed313bc24a1915a885274c5ad0e046825c30b75b9b65c0f4b4f2e6c3536d,bernoulli,1
rep3,start_B,7,5,bfgs,bernoulli,bernoulli,48.68396154835452,False,False,-49.61842247013162,-73.96040324430888,bfgs,4,False,8.928811368047462e-08,False,2,bfgs,5,True,7.184475236954313e-13,True,0,bernoulli,-49.61842247013162,-0.52780797984964312,36aaa27efe0e4a9600b0691de506b8f0ca64db03c5c14ebc83395e486b23c5ed,selected_candidate_loading,True,36aaa27efe0e4a9600b0691de506b8f0ca64db03c5c14ebc83395e486b23c5ed,bernoulli,1
rep3,start_B,7,6,bfgs,bernoulli,bernoulli,46.271462438925525,False,True,-51.48074236267676,-74.61647358213952,bfgs,5,True,1.9539925233402757e-15,True,0,bfgs,5,True,2.4868995751603505e-15,True,0,bernoulli,-51.48074236267676,-0.23458379630555293,7a51f5b536fa39e97dc8db2d46b6fa0ab9eaa5a9d539518f965111fe139a1f4c,selected_candidate_loading,True,7a51f5b536fa39e97dc8db2d46b6fa0ab9eaa5a9d539518f965111fe139a1f4c,bernoulli,1
rep3,start_B,7,7,bfgs,bernoulli,bernoulli,46.31867784693637,False,False,-51.43962814702486,-74.59896707049305,bfgs,3,False,1.769991493816292e-07,False,2,bfgs,5,True,2.1316282072803005e-15,True,0,bernoulli,-51.43962814702486,-0.24414752855078706,9ca604dd92b916aa9f789583678534eba34d1cd5b779b5b9bdb0c03bf4b92b30,selected_candidate_loading,True,9ca604dd92b916aa9f789583678534eba34d1cd5b779b5b9bdb0c03bf4b92b30,bernoulli,1
rep3,start_B,7,8,bfgs,bernoulli,bernoulli,47.72501442274809,False,True,-50.32672507267335,-74.18923228404739,bfgs,4,True,1.6679990721968353e-13,True,0,bfgs,5,True,9.059419880941277e-15,True,0,bernoulli,-50.32672507267335,-0.43537482745498529,00899b1b9aefefea070f0413a3d099688ca9d9b0ac9e757ff61debe33d41d2ec,selected_candidate_loading,True,00899b1b9aefefea070f0413a3d099688ca9d9b0ac9e757ff61debe33d41d2ec,bernoulli,1
rep3,start_B,8,3,bfgs,bernoulli,bernoulli,46.113322729514834,False,True,-51.9317121594562,-74.98837352421361,bfgs,4,True,4.4408920985006264e-17,True,0,bfgs,4,True,1.035438401686406e-12,True,0,bernoulli,-51.9317121594562,0.076203879005690617,ed8089d55a526ca3ebc0274efd85812e62349a9253b6e1744b23d6cc75d6d3e3,selected_candidate_loading,True,ed8089d55a526ca3ebc0274efd85812e62349a9253b6e1744b23d6cc75d6d3e3,bernoulli,1
rep3,start_B,8,4,bfgs,bernoulli,bernoulli,50.98532370112551,False,True,-48.13076347931734,-73.62342532988009,bfgs,4,True,2.531308496145357e-14,True,0,bfgs,5,True,7.815970093361103e-15,True,0,bernoulli,-48.13076347931734,-0.69197515556312228,04d6ac7986d08815b01ff04622d9b953adf08136d2888a42580263998f47bb15,selected_candidate_loading,True,04d6ac7986d08815b01ff04622d9b953adf08136d2888a42580263998f47bb15,bernoulli,1
rep3,start_B,8,5,bfgs,bernoulli,bernoulli,48.783216054244235,False,True,-49.67009217084346,-74.06170019796558,bfgs,3,True,9.02043106876249e-11,True,0,bfgs,5,True,7.187139772213414e-13,True,0,bernoulli,-49.67009217084346,-0.52008009490256124,ad9082a1e432a6dc18ac0e64335042b8dd3be568444b849d2f0ba50404c18581,selected_candidate_loading,True,ad9082a1e432a6dc18ac0e64335042b8dd3be568444b849d2f0ba50404c18581,bernoulli,1
rep3,start_B,8,6,bfgs,bernoulli,bernoulli,46.88214308978115,False,True,-51.073229762236,-74.51430130712657,bfgs,4,True,8.615330671091215e-14,True,0,bfgs,5,True,3.552713678800501e-15,True,0,bernoulli,-51.073229762236,-0.3176254758407584,a1890ed362a84da6e003d53178e5d296a2904d34dce97b724dcbe1bfa7a47c66,selected_candidate_loading,True,a1890ed362a84da6e003d53178e5d296a2904d34dce97b724dcbe1bfa7a47c66,bernoulli,1
rep3,start_B,8,7,bfgs,bernoulli,bernoulli,46.37068100500258,False,True,-51.4821053356614,-74.66744583816269,bfgs,3,True,3.9992675837652314e-11,True,0,bfgs,5,True,8.881784197001252e-16,True,0,bernoulli,-51.4821053356614,-0.23412651225737158,4f24fe0d6618172cadd7d8b05b5f2ca1b6c93deb0c05c09ceade74d5638fb3aa,selected_candidate_loading,True,4f24fe0d6618172cadd7d8b05b5f2ca1b6c93deb0c05c09ceade74d5638fb3aa,bernoulli,1
rep3,start_B,8,8,bfgs,bernoulli,bernoulli,47.223086666640725,False,True,-50.81222982776966,-74.42377316109003,bfgs,4,True,8.382949889806923e-11,True,0,bfgs,5,True,3.1956659540810507e-13,True,0,bernoulli,-50.81222982776966,-0.362026360924532,947133e4767b434cabaa91a521266ecb060871cc7a99979574cefe7c98ed14d2,selected_candidate_loading,True,947133e4767b434cabaa91a521266ecb060871cc7a99979574cefe7c98ed14d2,bernoulli,1
rep3,start_B,1,3,bfgs,bernoulli,bernoulli,44.971788609752195,False,True,-51.82385309794688,-74.30974740282298,bfgs,6,True,4.4125814113726847e-13,True,0,bfgs,6,True,1.097171598019031e-09,False,2,bernoulli,-51.82385309794688,0.12296724237458981|0.10151661685272018,3232d25a8771d1343cb52277e2227305b4384fb1bf784ebdb391678ee7278217,selected_candidate_loading,True,3232d25a8771d1343cb52277e2227305b4384fb1bf784ebdb391678ee7278217,bernoulli,2
rep3,start_B,1,4,bfgs,bernoulli,bernoulli,50.933464753002426,False,True,-49.46963505622723,-74.93636743272845,bfgs,10,True,1.6173395955831894e-12,True,0,bfgs,6,True,2.85912959974155e-13,True,0,bernoulli,-49.46963505622723,-0.53110958117205609|-0.37916742552997512,939db0c8e46c713dc4659ef63b62894d89d37dbb6992829f96758a57bdc0eebf,selected_candidate_loading,True,939db0c8e46c713dc4659ef63b62894d89d37dbb6992829f96758a57bdc0eebf,bernoulli,2
rep3,start_B,1,5,bfgs,bernoulli,bernoulli,46.404677753061506,False,True,-51.2600186036344,-74.46235748016515,bfgs,10,True,2.113642594281373e-13,True,0,bfgs,8,True,6.390451501303573e-11,True,0,bernoulli,-51.2600186036344,-0.010233475783491717|-0.29506190182579484,79361cff0f9504c5e2d04db98354c3262a99de681a169a1f1682f0f488582678,selected_candidate_loading,True,79361cff0f9504c5e2d04db98354c3262a99de681a169a1f1682f0f488582678,bernoulli,2
rep3,start_B,1,6,bfgs,bernoulli,bernoulli,48.796053410166664,False,True,-50.40481338115499,-74.80284008623832,bfgs,6,True,7.386313782831166e-13,True,0,bfgs,8,True,4.318824103899388e-10,False,2,bernoulli,-50.40481338115499,-0.34106106951271237|0.15281263866365033,5a81a5967d3d367c52da04b7b0ae3eecd6f63ffd45fc49d7a47db4594c6493f4,selected_candidate_loading,True,5a81a5967d3d367c52da04b7b0ae3eecd6f63ffd45fc49d7a47db4594c6493f4,bernoulli,2
rep3,start_B,1,7,bfgs,bernoulli,bernoulli,45.23654959765686,False,False,-51.9835782462014,-74.60185304502983,bfgs,6,True,1.582067810090848e-14,True,0,bfgs,6,False,5.052067270305826e-07,False,2,bernoulli,-51.9835782462014,-0.0037951694722123375|0.014930658951334315,eb4cbf24cb24cf260bbe53e75ec90898967237adfd0f52b290f13d3e0b53afe1,selected_candidate_loading,True,eb4cbf24cb24cf260bbe53e75ec90898967237adfd0f52b290f13d3e0b53afe1,bernoulli,2
rep3,start_B,1,8,bfgs,bernoulli,bernoulli,45.972329288060834,False,True,-51.6015228777301,-74.58768752176051,bfgs,6,True,9.438706483066994e-11,True,0,bfgs,7,True,5.113687251423471e-13,True,0,bernoulli,-51.6015228777301,-0.034953549040944651|-0.22005991193253693,df6c26fd43a49f93d1dd829546e824192711de21e5b9cfa97ee644fc6ef04a94,selected_candidate_loading,True,df6c26fd43a49f93d1dd829546e824192711de21e5b9cfa97ee644fc6ef04a94,bernoulli,2
rep3,start_B,2,3,bfgs,bernoulli,bernoulli,45.47478216300773,False,True,-51.435320658497496,-74.17271174000136,bfgs,5,True,5.094946686767798e-10,False,2,bfgs,6,True,5.008704562214916e-12,True,0,bernoulli,-51.435320658497496,0.26078605125522425|0.042965247543835523,b7de6ceca6db1c25b9cbf295148b704fa98974a49374c3449f2adc5dfa884213,selected_candidate_loading,True,b7de6ceca6db1c25b9cbf295148b704fa98974a49374c3449f2adc5dfa884213,bernoulli,2
rep3,start_B,2,4,bfgs,bernoulli,bernoulli,53.30561958731562,False,True,-47.6917299042242,-74.34453969788201,bfgs,6,True,4.484925764103309e-11,True,0,bfgs,10,True,8.689915453885533e-12,True,0,bernoulli,-47.6917299042242,-0.71406787705026575|-0.43192477368086268,bdc1c27cc39dba2702e84daad672ab210df63283265ba6eaa57c019eeb0c2508,selected_candidate_loading,True,bdc1c27cc39dba2702e84daad672ab210df63283265ba6eaa57c019eeb0c2508,bernoulli,2
rep3,start_B,2,5,bfgs,bernoulli,bernoulli,49.32893083169772,False,True,-48.718163463295205,-73.38262887914406,bfgs,6,True,4.909984818723956e-09,False,2,bfgs,7,True,9.162004488416641e-13,True,0,bernoulli,-48.718163463295205,-0.021872149956432937|-0.60608675718462623,24aad1d2a28a01058802a70061ae4087d9b1fcc17c1c53a11da155267a7f3d8e,selected_candidate_loading,True,24aad1d2a28a01058802a70061ae4087d9b1fcc17c1c53a11da155267a7f3d8e,bernoulli,2
rep3,start_B,2,6,bfgs,bernoulli,bernoulli,49.318353827369265,False,True,-50.33507275401699,-74.99424966770162,bfgs,5,True,1.4048318064396881e-12,True,0,bfgs,7,True,5.653609524980396e-12,True,0,bernoulli,-50.33507275401699,-0.40512613176179002|0.12176871643170556,12a932e35e6dd39a0650a9715a0ed17197cf48528be61f7d97f018d769bf9b04,selected_candidate_loading,True,12a932e35e6dd39a0650a9715a0ed17197cf48528be61f7d97f018d769bf9b04,bernoulli,2
rep3,start_B,2,7,bfgs,bernoulli,bernoulli,45.761949270928554,False,True,-51.57784441343447,-74.45881904889875,bfgs,6,True,3.321343200468618e-13,True,0,bfgs,7,True,4.373923445655237e-11,True,0,bernoulli,-51.57784441343447,-0.045615122309445123|-0.20678891688217577,eb75f0707c3d7d80d6d79f8957ee1ea1f81fda619197834fcfd02769633d6868,selected_candidate_loading,True,eb75f0707c3d7d80d6d79f8957ee1ea1f81fda619197834fcfd02769633d6868,bernoulli,2
rep3,start_B,2,8,bfgs,bernoulli,bernoulli,46.94964861227983,False,True,-50.31139276521248,-73.7862170713524,bfgs,5,True,5.1625148600464854e-11,True,0,bfgs,6,True,2.91648483141671e-11,True,0,bernoulli,-50.31139276521248,0.072395540926305776|-0.39915202860934001,9468d5669bc4671b9a96e51b51f6a1585279c2214ee23b6cc302b2e16b73ce41,selected_candidate_loading,True,9468d5669bc4671b9a96e51b51f6a1585279c2214ee23b6cc302b2e16b73ce41,bernoulli,2
rep3,start_B,3,3,bfgs,bernoulli,bernoulli,46.18384556689526,False,True,-51.60177625925071,-74.69369904269834,bfgs,6,True,2.62568669029406e-09,False,2,bfgs,6,True,9.263256828262457e-13,True,0,bernoulli,-51.60177625925071,0.2004659510221701|0.051387045002751951,ff1a1bd83e4e96acb76138d11a46c243180b7f51815611a7fe9cba53fc691938,selected_candidate_loading,True,ff1a1bd83e4e96acb76138d11a46c243180b7f51815611a7fe9cba53fc691938,bernoulli,2
rep3,start_B,3,4,bfgs,bernoulli,bernoulli,52.52101420279162,False,True,-47.235560956951694,-73.4960680583475,bfgs,7,True,1.6504575484077576e-13,True,0,bfgs,9,True,3.7360914362238874e-11,True,0,bernoulli,-47.235560956951694,-0.6602913126620561|-0.40995194986054129,51faef83a5226b3b9216e8984e2849db51933818b4dab3248a559b4e1990fe4d,selected_candidate_loading,True,51faef83a5226b3b9216e8984e2849db51933818b4dab3248a559b4e1990fe4d,bernoulli,2
rep3,start_B,3,5,bfgs,bernoulli,bernoulli,49.83767323250939,False,False,-48.2064094797107,-73.1252460959654,bfgs,5,True,3.632649736573512e-14,True,0,bfgs,6,False,1.5171391660739885e-07,False,2,bernoulli,-48.2064094797107,-0.027480613348900861|-0.66007352197773028,ab5bedb84b56e5ebb25035f55b10ad92c98237e74468db839b7e4752beff0da6,selected_candidate_loading,True,ab5bedb84b56e5ebb25035f55b10ad92c98237e74468db839b7e4752beff0da6,bernoulli,2
rep3,start_B,3,6,bfgs,bernoulli,bernoulli,48.67739647561535,False,True,-50.32535920887,-74.66405744667767,bfgs,5,True,3.513371815699884e-11,True,0,bfgs,7,True,7.782410826884245e-10,False,2,bernoulli,-50.32535920887,-0.44251439113171104|0.066598669444999842,a5ee88ee6e4c097ef41d1fd0ad3dd59bce3be71fc6b91398e0718b5fcc77fab0,selected_candidate_loading,True,a5ee88ee6e4c097ef41d1fd0ad3dd59bce3be71fc6b91398e0718b5fcc77fab0,bernoulli,2
rep3,start_B,3,7,bfgs,bernoulli,bernoulli,45.8411736123422,False,True,-51.46444422172529,-74.38503102789639,bfgs,5,True,3.79167808262082e-12,True,0,bfgs,6,True,5.720279361298708e-10,False,2,bernoulli,-51.46444422172529,-0.0066458049495723183|-0.23195662334930259,a93c0a75c27889327c1efe8305e44dc578eb5ab4048d4573576b35c558d98edc,selected_candidate_loading,True,a93c0a75c27889327c1efe8305e44dc578eb5ab4048d4573576b35c558d98edc,bernoulli,2
rep3,start_B,3,8,bfgs,bernoulli,bernoulli,47.406561480908024,False,True,-49.997127451205095,-73.70040819165911,bfgs,5,True,2.8244073746463983e-14,True,0,bfgs,6,True,8.91940743485975e-11,True,0,bernoulli,-49.997127451205095,0.10653640633986995|-0.45741105324471604,0fad0aea8d55ee1db74c45541ec049d7222b31dc01f9ff1a842614f1c1cac045,selected_candidate_loading,True,0fad0aea8d55ee1db74c45541ec049d7222b31dc01f9ff1a842614f1c1cac045,bernoulli,2
rep3,start_B,4,3,bfgs,bernoulli,bernoulli,45.33924282434309,False,True,-51.807196592444335,-74.47681800461588,bfgs,6,True,1.4717560503640925e-12,True,0,bfgs,7,True,3.3871305760158063e-11,True,0,bernoulli,-51.807196592444335,0.13969688570096828|0.00065298162798220114,8c4e361c98d28090f22c4bda22a187b44f81ed4524011410477d39d0b126972d,selected_candidate_loading,True,8c4e361c98d28090f22c4bda22a187b44f81ed4524011410477d39d0b126972d,bernoulli,2
rep3,start_B,4,4,bfgs,bernoulli,bernoulli,51.864299307927084,False,True,-47.62884905430763,-73.56099870827117,bfgs,6,True,1.8753443242758293e-12,True,0,bfgs,9,True,1.1502065966340069e-11,True,0,bernoulli,-47.62884905430763,-0.61560713089620089|-0.39398560747849132,a65677980197a88638fa2a72def7c0c3bcf780f9c8069cf0bf6e9ddbd421a04f,selected_candidate_loading,True,a65677980197a88638fa2a72def7c0c3bcf780f9c8069cf0bf6e9ddbd421a04f,bernoulli,2
rep3,start_B,4,5,bfgs,bernoulli,bernoulli,47.996807892712724,False,True,-49.01559435568596,-73.01399830204232,bfgs,6,True,4.194884439812085e-11,True,0,bfgs,7,True,1.1360738683130477e-09,False,2,bernoulli,-49.01559435568596,0.0069513050878241113|-0.59013541917799317,b6e509675326b05e2a89bc0605ca9d15ce2dd31d7b21baee025bc40c482a933e,selected_candidate_loading,True,b6e509675326b05e2a89bc0605ca9d15ce2dd31d7b21baee025bc40c482a933e,bernoulli,2
rep3,start_B,4,6,bfgs,bernoulli,bernoulli,47.792180174982576,False,True,-50.75855015476522,-74.6546402422565,bfgs,6,True,1.0083223145329612e-11,True,0,bfgs,7,True,1.5919011664422556e-10,False,2,bernoulli,-50.75855015476522,-0.37435564502461666|-0.0018783019773291432,5086d4a0f9e27b2be41b1ebe2010b2ceeda09ea5fa2776166381a1af6e581e2c,selected_candidate_loading,True,5086d4a0f9e27b2be41b1ebe2010b2ceeda09ea5fa2776166381a1af6e581e2c,bernoulli,2
rep3,start_B,4,7,bfgs,bernoulli,bernoulli,45.55277301181269,False,True,-51.102770672301986,-73.87915717820833,bfgs,6,True,2.4424906541753444e-15,True,0,bfgs,6,True,2.6616246984190183e-10,False,2,bernoulli,-51.102770672301986,0.062098115621802723|-0.30730357843131495,5024ddf3bc920eb6116b7f11930d7a0efd657541e095e172da42071335bf367e,selected_candidate_loading,True,5024ddf3bc920eb6116b7f11930d7a0efd657541e095e172da42071335bf367e,bernoulli,2
rep3,start_B,4,8,bfgs,bernoulli,bernoulli,47.33852428974845,False,True,-49.420600952897146,-73.08986309777137,bfgs,5,True,3.205480325618737e-12,True,0,bfgs,6,True,2.5232083089576917e-11,True,0,bernoulli,-49.420600952897146,0.10465112147458951|-0.54072431453189662,f99166bc2f5f352c0c756a6ae89602ebd63d02b354854b871c3ba131ef2128df,selected_candidate_loading,True,f99166bc2f5f352c0c756a6ae89602ebd63d02b354854b871c3ba131ef2128df,bernoulli,2
rep3,start_B,5,3,bfgs,bernoulli,bernoulli,45.691564765386275,False,True,-51.72408454001786,-74.569866922711,bfgs,5,True,2.8218716252581544e-11,True,0,bfgs,6,True,2.9682922786378184e-13,True,0,bernoulli,-51.72408454001786,0.13704051868800471|0.089444131213273478,702df6dabda333f5ead91fe17299328a04efc9f5d5a5e98a24323b853f1fa992,selected_candidate_loading,True,702df6dabda333f5ead91fe17299328a04efc9f5d5a5e98a24323b853f1fa992,bernoulli,2
rep3,start_B,5,4,bfgs,bernoulli,bernoulli,52.64478360016486,False,True,-47.45641327580485,-73.77880507588728,bfgs,6,True,1.6902035326893384e-13,True,0,bfgs,9,True,1.588507103633674e-12,True,0,bernoulli,-47.45641327580485,-0.54807986622934335|-0.48813642958997139,f8efd908fc0b03b9436e25ef150a2c02b515f2b98f4ecce4ef8c34f251d0e086,selected_candidate_loading,True,f8efd908fc0b03b9436e25ef150a2c02b515f2b98f4ecce4ef8c34f251d0e086,bernoulli,2
rep3,start_B,5,5,bfgs,bernoulli,bernoulli,47.49787735224146,False,True,-49.98168562627245,-73.73062430239318,bfgs,6,True,5.717870621424481e-12,True,0,bfgs,8,True,2.546095001498827e-11,True,0,bernoulli,-49.98168562627245,-0.0069439264666558724|-0.4734973919318361,9c007d3cbdb0321d61a095cb71ba71b73e04c6677a6bd1a45bba6f3719413d64,selected_candidate_loading,True,9c007d3cbdb0321d61a095cb71ba71b73e04c6677a6bd1a45bba6f3719413d64,bernoulli,2
rep3,start_B,5,6,bfgs,bernoulli,bernoulli,48.13377443345868,False,False,-50.66268319916668,-74.72957041589602,bfgs,5,True,1.667552762540936e-10,False,2,bfgs,6,False,2.380670248713912e-08,False,2,bernoulli,-50.66268319916668,-0.37369304211777193|-0.087665259698095133,8daa640e8c1e2e45c34225a69293ba34d40b9e54d2b0c6a9a724ab1637636a50,selected_candidate_loading,True,8daa640e8c1e2e45c34225a69293ba34d40b9e54d2b0c6a9a724ab1637636a50,bernoulli,2
rep3,start_B,5,7,bfgs,bernoulli,bernoulli,45.77665191964047,False,True,-51.30617896432297,-74.1945049241432,bfgs,5,True,3.1336711003859817e-12,True,0,bfgs,7,True,4.140131792951252e-10,False,2,bernoulli,-51.30617896432297,0.045564440880041225|-0.26882881704500089,5166d8efac814b4c4d12dada60230513d626f7f82989e4619b68277285a36ce2,selected_candidate_loading,True,5166d8efac814b4c4d12dada60230513d626f7f82989e4619b68277285a36ce2,bernoulli,2
rep3,start_B,5,8,bfgs,bernoulli,bernoulli,47.445630738780466,False,True,-49.67667491066216,-73.39949028005239,bfgs,6,True,1.4459011765666218e-11,True,0,bfgs,6,True,6.35364401091465e-09,False,2,bernoulli,-49.67667491066216,0.19889472796223293|-0.48612019278730567,b0dfa906d01dd2cf89fee69807b542590868a045614899a8fb30cc19c69bbec2,selected_candidate_loading,True,b0dfa906d01dd2cf89fee69807b542590868a045614899a8fb30cc19c69bbec2,bernoulli,2
rep3,start_B,6,3,bfgs,bernoulli,bernoulli,45.548514096019915,False,True,-51.856314375282636,-74.6305714232926,bfgs,6,True,3.383959779057477e-14,True,0,bfgs,6,True,3.169020601490047e-13,True,0,bernoulli,-51.856314375282636,0.099160023664868549|0.058559718280345369,33ca265e2c7214353a132d54239e222b1501b683bb92ce2520eea83c0a9b7e32,selected_candidate_loading,True,33ca265e2c7214353a132d54239e222b1501b683bb92ce2520eea83c0a9b7e32,bernoulli,2
rep3,start_B,6,4,bfgs,bernoulli,bernoulli,53.60415230429534,False,True,-46.76137153782931,-73.56344768997698,bfgs,5,True,2.2218227258008484e-12,True,0,bfgs,9,True,2.5335555875471982e-11,True,0,bernoulli,-46.76137153782931,-0.55491443692394327|-0.57700225052374066,233286598702949c1a1f37880dbedee96306bcc5fad056d54ba432409561827c,selected_candidate_loading,True,233286598702949c1a1f37880dbedee96306bcc5fad056d54ba432409561827c,bernoulli,2
rep3,start_B,6,5,bfgs,bernoulli,bernoulli,48.91639307406693,False,True,-48.69129627984453,-73.149492816878,bfgs,5,True,6.1247718008417e-11,True,0,bfgs,7,True,3.2995012277936555e-11,True,0,bernoulli,-48.69129627984453,0.15314631578129828|-0.61039146818594625,756c1d256e3ffbd04f58aa4b069c3fe6ec6019f5d53e9ce5368e8ad3490964fe,selected_candidate_loading,True,756c1d256e3ffbd04f58aa4b069c3fe6ec6019f5d53e9ce5368e8ad3490964fe,bernoulli,2
rep3,start_B,6,6,bfgs,bernoulli,bernoulli,48.00259976505559,False,False,-50.742500886610834,-74.74380076913863,bfgs,4,True,3.7470506697445673e-10,False,2,bfgs,5,False,2.408219839100667e-08,False,2,bernoulli,-50.742500886610834,-0.36405990818540868|-0.083297824874306134,d103b3b0d25c131e5acbf97d6452efb21539ae7e479f3723f5a0ff032659a7e5,selected_candidate_loading,True,d103b3b0d25c131e5acbf97d6452efb21539ae7e479f3723f5a0ff032659a7e5,bernoulli,2
rep3,start_B,6,7,bfgs,bernoulli,bernoulli,46.554565077116905,False,True,-50.52632620927773,-73.80360874783618,bfgs,5,True,3.150235627913389e-12,True,0,bfgs,6,True,1.79344805673054e-10,False,2,bernoulli,-50.52632620927773,0.13700757786880696|-0.38514786894071024,09b3cb8df33fda2673f37c23d5217c95f23a55470ca15093b76bddcdc29223e5,selected_candidate_loading,True,09b3cb8df33fda2673f37c23d5217c95f23a55470ca15093b76bddcdc29223e5,bernoulli,2
rep3,start_B,6,8,bfgs,bernoulli,bernoulli,47.056464033376045,False,True,-50.06806584083495,-73.59629785752297,bfgs,6,True,1.709743457922741e-14,True,0,bfgs,6,True,9.258721789251467e-10,False,2,bernoulli,-50.06806584083495,0.17619139702842737|-0.43991001652467882,4f7bfc40e5658cf25bbbcd565706f3b77297460bdcabb4dcc99d56c79210b712,selected_candidate_loading,True,4f7bfc40e5658cf25bbbcd565706f3b77297460bdcabb4dcc99d56c79210b712,bernoulli,2
rep3,start_B,7,3,bfgs,bernoulli,bernoulli,45.34554838533364,False,True,-51.88619071543012,-74.55896490809694,bfgs,5,True,1.1102230246251565e-15,True,0,bfgs,5,True,2.1519444004525212e-10,False,2,bernoulli,-51.88619071543012,0.08049447815855508|0.057245034101257281,e2f6c15fc043c6f1b3f519b3d2ac9ca4d2844593df097bb7b4215f3a7e2b77f4,selected_candidate_loading,True,e2f6c15fc043c6f1b3f519b3d2ac9ca4d2844593df097bb7b4215f3a7e2b77f4,bernoulli,2
rep3,start_B,7,4,bfgs,bernoulli,bernoulli,52.40688125485285,False,True,-47.105173914554804,-73.30861454198123,bfgs,6,True,3.1309266290691083e-11,True,0,bfgs,9,True,5.101846722865844e-11,True,0,bernoulli,-47.105173914554804,-0.48245599634551861|-0.57956269303689401,c8a8545fbdad5bd12405988e762d05914563616c562e7d712a9867f2cbaaa453,selected_candidate_loading,True,c8a8545fbdad5bd12405988e762d05914563616c562e7d712a9867f2cbaaa453,bernoulli,2
rep3,start_B,7,5,bfgs,bernoulli,bernoulli,48.516476573632076,False,True,-48.465526533889374,-72.72376482070541,bfgs,4,True,4.557764343715576e-09,False,2,bfgs,7,True,3.335010149985163e-11,True,0,bernoulli,-48.465526533889374,0.19916669338691304|-0.64323394761729891,8932044d15bbede2ab90c1249cddbbc1b7d918b6e5d66619f8c49a4b70a4d16d,selected_candidate_loading,True,8932044d15bbede2ab90c1249cddbbc1b7d918b6e5d66619f8c49a4b70a4d16d,bernoulli,2
rep3,start_B,7,6,bfgs,bernoulli,bernoulli,47.98144745550427,False,True,-50.423211379763096,-74.41393510751523,bfgs,5,True,7.768132803676053e-11,True,0,bfgs,6,True,1.3788225228239525e-09,False,2,bernoulli,-50.423211379763096,-0.35974954235917633|-0.18828008927659567,817d72a3ca9835f59f653591a0f91b21af294e8684f7c2ae295810da051dff97,selected_candidate_loading,True,817d72a3ca9835f59f653591a0f91b21af294e8684f7c2ae295810da051dff97,bernoulli,2
rep3,start_B,7,7,bfgs,bernoulli,bernoulli,46.25121404270692,False,False,-50.455761920951645,-73.5813689423051,bfgs,4,False,1.9796887191780853e-07,False,2,bfgs,6,True,1.4843024587207765e-10,False,2,bernoulli,-50.455761920951645,0.086716426701907809|-0.41332729447117861,43aa965e997f96ccdaa10be1337599ae2b2c47252e873cc7c19b3933a0b44552,selected_candidate_loading,True,43aa965e997f96ccdaa10be1337599ae2b2c47252e873cc7c19b3933a0b44552,bernoulli,2
rep3,start_B,7,8,bfgs,bernoulli,bernoulli,47.789479387662766,False,True,-48.940664481089485,-72.83540417492087,bfgs,5,True,2.311635327600925e-11,True,0,bfgs,6,True,6.102951921604927e-10,False,2,bernoulli,-48.940664481089485,0.26563226957294944|-0.57039791652888083,60100ab6824632e468b79c7ce41cffe50d447b083ac0d20015203929161d9243,selected_candidate_loading,True,60100ab6824632e468b79c7ce41cffe50d447b083ac0d20015203929161d9243,bernoulli,2
rep3,start_B,8,3,bfgs,bernoulli,bernoulli,45.89022457982482,False,True,-51.59248168906597,-74.53759397897838,bfgs,5,True,8.58202398035246e-13,True,0,bfgs,5,True,1.157788265260251e-09,False,2,bernoulli,-51.59248168906597,0.17227293450066467|0.10584695746879902,123466a22d5484b4015d6988de73bb70b6045c4bc8ab972365caf9dec70b78ef,selected_candidate_loading,True,123466a22d5484b4015d6988de73bb70b6045c4bc8ab972365caf9dec70b78ef,bernoulli,2
rep3,start_B,8,4,bfgs,bernoulli,bernoulli,52.391802967593975,False,True,-47.26189394669228,-73.45779543048927,bfgs,6,True,4.2543746303636e-14,True,0,bfgs,9,True,9.666367706273604e-12,True,0,bernoulli,-47.26189394669228,-0.57259928132659099|-0.49440717334030798,e8649380391925e63b1ed439ae844d961d05afc926ddf507395f67d7a582cb9f,selected_candidate_loading,True,e8649380391925e63b1ed439ae844d961d05afc926ddf507395f67d7a582cb9f,bernoulli,2
rep3,start_B,8,5,bfgs,bernoulli,bernoulli,48.439745572835506,False,True,-48.71927231295592,-72.93914509937368,bfgs,6,True,5.561950899846124e-12,True,0,bfgs,7,True,4.1684674600972473e-10,False,2,bernoulli,-48.71927231295592,0.12584675282292038|-0.60784308175786894,a7a99d05afeb7ef4f84e3cc573678729f19f949cfe1f1f4bf119965a512cfc25,selected_candidate_loading,True,a7a99d05afeb7ef4f84e3cc573678729f19f949cfe1f1f4bf119965a512cfc25,bernoulli,2
rep3,start_B,8,6,bfgs,bernoulli,bernoulli,48.478266959423024,False,True,-50.19929141948397,-74.43842489919548,bfgs,5,True,2.526698850147113e-11,True,0,bfgs,6,True,6.788303252847072e-12,True,0,bernoulli,-50.19929141948397,-0.42556309857853664|-0.14999757964067725,2d4834a7f7c2ff0644a5cbcb17502c604fc48c37092db5bec738fbd366c57789,selected_candidate_loading,True,2d4834a7f7c2ff0644a5cbcb17502c604fc48c37092db5bec738fbd366c57789,bernoulli,2
rep3,start_B,8,7,bfgs,bernoulli,bernoulli,46.390403381629525,False,True,-50.333833465231486,-73.52903515604625,bfgs,5,True,4.1965662056497875e-10,False,2,bfgs,6,True,2.3369750579149695e-11,True,0,bernoulli,-50.333833465231486,0.16581571679673826|-0.40304687512076953,fd3857c48a89a4e7b2289b9fa077bda12a7aa16d3b7022b2750ddd3eef3f3c5e,selected_candidate_loading,True,fd3857c48a89a4e7b2289b9fa077bda12a7aa16d3b7022b2750ddd3eef3f3c5e,bernoulli,2
rep3,start_B,8,8,bfgs,bernoulli,bernoulli,47.02927240751292,False,True,-49.785502491116226,-73.30013869487269,bfgs,7,True,7.362999099314039e-14,True,0,bfgs,6,True,8.833644926653505e-12,True,0,bernoulli,-49.785502491116226,0.17159445270255996|-0.47591347730742761,e7755287b770c0b7f4e39b6a7d45f7bfec65a46cc4e7733a032f93869f44fbe8,selected_candidate_loading,True,e7755287b770c0b7f4e39b6a7d45f7bfec65a46cc4e7733a032f93869f44fbe8,bernoulli,2
rep3,start_B,1,3,bfgs,bernoulli,bernoulli,47.80391472854306,False,False,-50.08610771700116,-73.9880650812727,bfgs,7,True,4.008752618744893e-09,False,2,bfgs,6,False,1.7579084570229498e-07,False,2,bernoulli,-50.08610771700116,-0.33061251436805472|0.028690412566488559|-0.33334166476157245,02b2aa899c8343425515b9285deb2dd3820b2a6079df41f1a6b3ec49fdabe606,selected_candidate_loading,True,02b2aa899c8343425515b9285deb2dd3820b2a6079df41f1a6b3ec49fdabe606,bernoulli,3
rep3,start_B,1,4,bfgs,bernoulli,bernoulli,48.66046385042236,False,False,-50.14342336164525,-74.47365528685643,bfgs,9,True,8.735848311403061e-09,False,2,bfgs,8,False,1.10121376906136e-08,False,2,bernoulli,-50.14342336164525,0.30283515294795282|-0.20440623847151115|0.2966950693914599,b4c1ad9ced518f24100aa9bfba64ac97acb81953945a37f352385653f15a8df2,selected_candidate_loading,True,b4c1ad9ced518f24100aa9bfba64ac97acb81953945a37f352385653f15a8df2,bernoulli,3
rep3,start_B,1,5,bfgs,bernoulli,bernoulli,47.736077077154135,False,True,-50.11332601955888,-73.98136455813595,bfgs,11,True,3.935530346055316e-10,False,2,bfgs,8,True,1.2406117799734773e-11,True,0,bernoulli,-50.11332601955888,0.12333142632798397|-0.35034975832388787|-0.10524639039383203,43270a116129abc84569649fb2679df9311d16cb72fe6183ca1c500392d8afcd,selected_candidate_loading,True,43270a116129abc84569649fb2679df9311d16cb72fe6183ca1c500392d8afcd,bernoulli,3
rep3,start_B,1,6,bfgs,bernoulli,bernoulli,51.97729336112906,False,True,-48.233368052137166,-74.2220147327017,bfgs,11,True,6.334376578820411e-10,False,2,bfgs,9,True,6.0543986490912974e-12,True,0,bernoulli,-48.233368052137166,-0.016094933546287243|-0.039031848463748804|0.93409778686619416,4f5227a176ecfdaa8f4f9ef559a067d3c3b0cb0c5d92be782234b9b462d7189b,selected_candidate_loading,True,4f5227a176ecfdaa8f4f9ef559a067d3c3b0cb0c5d92be782234b9b462d7189b,bernoulli,3
rep3,start_B,1,7,bfgs,bernoulli,bernoulli,46.28319301670132,False,True,-51.584324867437545,-74.7259213757882,bfgs,7,True,3.7623237858497307e-13,True,0,bfgs,7,True,4.106492923483529e-11,True,0,bernoulli,-51.584324867437545,0.15370750973543634|-0.0049992219502963319|-0.23823206128795968,304908e35852dfb46d81bb39e26c0d2f2290d92e565038a72f662655bcd6400f,selected_candidate_loading,True,304908e35852dfb46d81bb39e26c0d2f2290d92e565038a72f662655bcd6400f,bernoulli,3
rep3,start_B,1,8,bfgs,bernoulli,bernoulli,46.41093206637379,False,False,-51.25633516394777,-74.46180119713466,bfgs,7,True,4.690814403573995e-12,True,0,bfgs,7,False,8.051503748163214e-08,False,2,bernoulli,-51.25633516394777,0.11834332343109759|-0.12890603182786711|-0.24324056824371104,b54f2ef9d77e6f5d04fe53caa64c50de7f2b28317545b66c1ff05350ce76c5f2,selected_candidate_loading,True,b54f2ef9d77e6f5d04fe53caa64c50de7f2b28317545b66c1ff05350ce76c5f2,bernoulli,3
rep3,start_B,2,3,bfgs,bernoulli,bernoulli,47.151364282637246,False,True,-50.183075890678325,-73.75875803199695,bfgs,6,True,9.610713114227565e-09,False,2,bfgs,8,True,1.118369841179856e-11,True,0,bernoulli,-50.183075890678325,-0.39767321284760487|-0.21271026016545738|-0.009646041411480814,168fcba55ae656b230ae787b6f734bf88e3fb28c9b0250b943900408c0c8411b,selected_candidate_loading,True,168fcba55ae656b230ae787b6f734bf88e3fb28c9b0250b943900408c0c8411b,bernoulli,3
rep3,start_B,2,4,bfgs,bernoulli,bernoulli,53.84056584382587,False,True,-47.28080985085578,-74.20109277276872,bfgs,8,True,8.191491929210314e-12,True,0,bfgs,8,True,5.112258838479989e-10,False,2,bernoulli,-47.28080985085578,0.66612437130680957|-0.1843256235092505|0.083827939678825875,fa7a4f5acf5c4635435363ffc903f32bc233fdccbae6d80755b8d0eb4041def0,selected_candidate_loading,True,fa7a4f5acf5c4635435363ffc903f32bc233fdccbae6d80755b8d0eb4041def0,bernoulli,3
rep3,start_B,2,5,bfgs,bernoulli,bernoulli,49.621954581938795,False,True,-48.787255070173536,-73.59823236114293,bfgs,7,True,7.000622304076387e-12,True,0,bfgs,9,True,1.7486967429647394e-11,True,0,bernoulli,-48.787255070173536,0.061475944713686975|-0.49866297578999247|-0.097851415456669699,7e3f5f7fd4b3efeec1d3e822fa893155838febf6191f694d777f447608e05d41,selected_candidate_loading,True,7e3f5f7fd4b3efeec1d3e822fa893155838febf6191f694d777f447608e05d41,bernoulli,3
rep3,start_B,2,6,bfgs,bernoulli,bernoulli,52.127111663002125,False,True,-48.69535709935336,-74.75891293085442,bfgs,7,True,1.0114882265099822e-10,False,2,bfgs,11,True,5.170682326749442e-10,False,2,bernoulli,-48.69535709935336,0.26568433342618303|0.087026385148987945|0.66613334791802414,97930e1fe3ab354e7cdce8230b22fe247d044866bb65023d91ae3e0874531de8,selected_candidate_loading,True,97930e1fe3ab354e7cdce8230b22fe247d044866bb65023d91ae3e0874531de8,bernoulli,3
rep3,start_B,2,7,bfgs,bernoulli,bernoulli,47.91183366087621,False,True,-50.51552019153019,-74.4714370219683,bfgs,8,True,4.084522053915407e-10,False,2,bfgs,7,True,5.548204917715794e-09,False,2,bernoulli,-50.51552019153019,0.28084668948634844|0.1945957552887714|-0.52855335215265775,d5e6967a24efd1758ab7822688d52bc0994fb24172a37e37210efc02b1ac8748,selected_candidate_loading,True,d5e6967a24efd1758ab7822688d52bc0994fb24172a37e37210efc02b1ac8748,bernoulli,3
rep3,start_B,2,8,bfgs,bernoulli,bernoulli,47.515103322264494,False,False,-50.15162573551246,-73.90917739664471,bfgs,7,True,1.3902982098912276e-10,False,2,bfgs,6,False,9.749909164469273e-07,False,2,bernoulli,-50.15162573551246,0.075498604305538328|-0.22433815753159908|-0.41572702599642897,a3c1625f4750b3531875f418d722519090b29921a0cfbe640d419f8315994f1c,selected_candidate_loading,True,a3c1625f4750b3531875f418d722519090b29921a0cfbe640d419f8315994f1c,bernoulli,3
rep3,start_B,3,3,bfgs,bernoulli,bernoulli,49.43070904782951,False,False,-49.14126817800488,-73.85662270191963,bfgs,6,False,2.19773316101346e-08,False,2,bfgs,11,True,2.1073354616873983e-09,False,2,bernoulli,-49.14126817800488,-0.44278597002491488|-0.37280401429813814|0.16580420103076157,4a86d231ffc428956762bc9ac499ebc0cfdaa39b4b226bd536efa42f103b26f9,selected_candidate_loading,True,4a86d231ffc428956762bc9ac499ebc0cfdaa39b4b226bd536efa42f103b26f9,bernoulli,3
rep3,start_B,3,4,bfgs,bernoulli,bernoulli,53.955933700415386,False,True,-46.766025793730265,-73.74399264393796,bfgs,6,True,3.112132773708254e-11,True,0,bfgs,12,True,4.213287774224028e-10,False,2,bernoulli,-46.766025793730265,0.69961399793575696|-0.18592683753189052|0.04585571156631342,e219d2b14b07729fd76b159d9584ee04339551d140b9f6f0d5f85058e2cbe6b6,selected_candidate_loading,True,e219d2b14b07729fd76b159d9584ee04339551d140b9f6f0d5f85058e2cbe6b6,bernoulli,3
rep3,start_B,3,5,bfgs,bernoulli,bernoulli,48.65095396371086,False,True,-49.15283820233367,-73.4783151841891,bfgs,7,True,2.5264211334086185e-09,False,2,bfgs,8,True,9.755296570546079e-12,True,0,bernoulli,-49.15283820233367,0.11597105580873597|-0.44326907737589133|-0.29253041439574806,a5bf8633e37ba0619e99d2ff8b51a9dc00e97b5ce818c3c00ab413d245101c30,selected_candidate_loading,True,a5bf8633e37ba0619e99d2ff8b51a9dc00e97b5ce818c3c00ab413d245101c30,bernoulli,3
rep3,start_B,3,6,bfgs,bernoulli,bernoulli,53.97751614474214,False,True,-47.29038579018045,-74.27914386255152,bfgs,11,True,5.803141078786211e-10,False,2,bfgs,10,True,4.402033626504931e-10,False,2,bernoulli,-47.29038579018045,0.56523617435729856|0.42803053904545979|0.22694708662152796,a0b488b110b1a78afc705e29c2ec30e761074294febefe59a068a2263c61fb44,selected_candidate_loading,True,a0b488b110b1a78afc705e29c2ec30e761074294febefe59a068a2263c61fb44,bernoulli,3
rep3,start_B,3,7,bfgs,bernoulli,bernoulli,50.68950857854655,False,True,-47.782101862585215,-73.12685615185849,bfgs,7,True,3.971425410753682e-11,True,0,bfgs,8,True,4.544466136735537e-10,False,2,bernoulli,-47.782101862585215,0.41377962278695241|0.31451827240595637|-0.71131770902795022,09a9444ffc47e6cfb2ccdd182ab4647ff0bcc607c53779377b4787527efcc6c8,selected_candidate_loading,True,09a9444ffc47e6cfb2ccdd182ab4647ff0bcc607c53779377b4787527efcc6c8,bernoulli,3
rep3,start_B,3,8,bfgs,bernoulli,bernoulli,47.585146071814634,False,True,-49.527408013623095,-73.31998104953041,bfgs,8,True,2.325251102774928e-13,True,0,bfgs,8,True,4.9327120166253736e-11,True,0,bernoulli,-49.527408013623095,0.12905734773422323|-0.13168488212006532|-0.57854944696753285,fc354687043ef89f993d07d7a5aa29c0cc8dc5d53e7b3c92b68ece55931fd19c,selected_candidate_loading,True,fc354687043ef89f993d07d7a5aa29c0cc8dc5d53e7b3c92b68ece55931fd19c,bernoulli,3
rep3,start_B,4,3,bfgs,bernoulli,bernoulli,51.39059398064414,False,True,-48.25174764821701,-73.94704463853908,bfgs,7,True,1.220623602193882e-12,True,0,bfgs,8,True,2.285402844748319e-09,False,2,bernoulli,-48.25174764821701,-0.44034680536824145|-0.49085852910760025|0.23398828006153102,a71e2c0503c47dc5a59c6015087c1f2dd571e853a0e51b6e29fe98a1b4d4d707,selected_candidate_loading,True,a71e2c0503c47dc5a59c6015087c1f2dd571e853a0e51b6e29fe98a1b4d4d707,bernoulli,3
rep3,start_B,4,4,bfgs,bernoulli,bernoulli,54.06204974783854,False,True,-46.26615841369438,-73.29718328761365,bfgs,7,True,4.527045405211538e-12,True,0,bfgs,12,True,6.103338390239798e-11,True,0,bernoulli,-46.26615841369438,0.76776666027536566|-0.16313697608934882|0.056788677148062773,c8387b726b77023dab2061bb5f4c6b83b55758b471ecb4529df591e912a49c28,selected_candidate_loading,True,c8387b726b77023dab2061bb5f4c6b83b55758b471ecb4529df591e912a49c28,bernoulli,3
rep3,start_B,4,5,bfgs,bernoulli,bernoulli,47.224071594264714,False,True,-49.44586803886822,-73.05790383600058,bfgs,7,True,7.747313901518283e-12,True,0,bfgs,8,True,5.689451687551639e-12,True,0,bernoulli,-49.44586803886822,0.17944335530008629|-0.3149346021051706|-0.39063977483165058,f1a98a7d80217326989b11d1ed257f3f3e5c25a9cdbaa6243758f22058b38ff6,selected_candidate_loading,True,f1a98a7d80217326989b11d1ed257f3f3e5c25a9cdbaa6243758f22058b38ff6,bernoulli,3
rep3,start_B,4,6,bfgs,bernoulli,bernoulli,55.57497710532017,False,True,-44.85498506059158,-72.64247361325167,bfgs,8,True,4.411582210650522e-13,True,0,bfgs,10,True,1.5604000314084486e-10,False,2,bernoulli,-44.85498506059158,0.78104855038992094|0.58102549554872474|-0.085421699245353255,2e5a81c10379bbed74ce47340690fae9bfbd0697c0cf052b9ad3a5ac68db65fd,selected_candidate_loading,True,2e5a81c10379bbed74ce47340690fae9bfbd0697c0cf052b9ad3a5ac68db65fd,bernoulli,3
rep3,start_B,4,7,bfgs,bernoulli,bernoulli,48.88257932676528,False,True,-47.7503575706743,-72.19164723405694,bfgs,7,True,7.562489634516111e-10,False,2,bfgs,12,True,3.999002284871267e-09,False,2,bernoulli,-47.7503575706743,0.3672649125034641|0.32851347064189512|-0.63797247519657496,8dcb27299acbe77914cb5121a1fbf9e224be122ad26ba99b98a846f451945698,selected_candidate_loading,True,8dcb27299acbe77914cb5121a1fbf9e224be122ad26ba99b98a846f451945698,bernoulli,3
rep3,start_B,4,8,bfgs,bernoulli,bernoulli,46.01655981471018,False,True,-50.05319984833274,-73.06147975568783,bfgs,8,True,3.758071631665416e-12,True,0,bfgs,8,True,1.2349508082820648e-09,False,2,bernoulli,-50.05319984833274,0.064575944370694235|-0.19420846790664201|-0.43942857576938343,b5492a1ba6658241358530a4ca675dfc2d206649d0a223f03c83e84cfdab48cd,selected_candidate_loading,True,b5492a1ba6658241358530a4ca675dfc2d206649d0a223f03c83e84cfdab48cd,bernoulli,3
rep3,start_B,5,3,bfgs,bernoulli,bernoulli,49.30087849427518,False,True,-49.50929325478281,-74.1597325019204,bfgs,8,True,2.744904303852991e-12,True,0,bfgs,10,True,6.58918430929134e-10,False,2,bernoulli,-49.50929325478281,-0.40576913810389015|-0.38179353502991592|0.13764172788852039,64ec9c4540ae01b557fd209dcf5a941779669e40a21568db01c4af4f82bbacc7,selected_candidate_loading,True,64ec9c4540ae01b557fd209dcf5a941779669e40a21568db01c4af4f82bbacc7,bernoulli,3
rep3,start_B,5,4,bfgs,bernoulli,bernoulli,52.9434298598853,False,True,-46.6676037568443,-73.13931868678695,bfgs,7,True,6.775469074682406e-13,True,0,bfgs,11,True,1.749447253729386e-11,True,0,bernoulli,-46.6676037568443,0.74146424952051293|-0.18327313057083916|0.041889793305345771,a88b78f3fed1d6c187a5d630d07bf877c8371861e4ca0480d36f5315a3a0de8c,selected_candidate_loading,True,a88b78f3fed1d6c187a5d630d07bf877c8371861e4ca0480d36f5315a3a0de8c,bernoulli,3
rep3,start_B,5,5,bfgs,bernoulli,bernoulli,47.112790689113865,False,True,-49.387643183085075,-72.94403852764201,bfgs,7,True,4.984901380566953e-14,True,0,bfgs,8,True,4.062067376908729e-10,False,2,bernoulli,-49.387643183085075,0.15162074318649227|-0.34502713078669361|-0.37705163075225362,c83b4dde5ce3b1847baaa663edae9f727354b3b16a8cf933067e781bb799390f,selected_candidate_loading,True,c83b4dde5ce3b1847baaa663edae9f727354b3b16a8cf933067e781bb799390f,bernoulli,3
rep3,start_B,5,6,bfgs,bernoulli,bernoulli,55.41490922056559,False,False,-44.3989571179399,-72.1064117282227,bfgs,6,False,5.948444723458124e-08,False,2,bfgs,10,True,4.621854010622428e-11,True,0,bernoulli,-44.3989571179399,0.86274950623398561|0.60022083687669536|-0.26997938512479591,8f71c92c73053b9dc2f0c23fddd448336c975a6fb28937e5ec5233bd50652c05,selected_candidate_loading,True,8f71c92c73053b9dc2f0c23fddd448336c975a6fb28937e5ec5233bd50652c05,bernoulli,3
rep3,start_B,5,7,bfgs,bernoulli,bernoulli,48.25530304010398,False,True,-48.298376381129195,-72.42602790118119,bfgs,7,True,5.172652528528943e-10,False,2,bfgs,11,True,2.646429164698816e-09,False,2,bernoulli,-48.298376381129195,0.35893135765925016|0.34953530843562103|-0.53538994253294192,7e55c1ea728ac1cba356d6311045b855c11cc60257b04de3c07c678d483cd9da,selected_candidate_loading,True,7e55c1ea728ac1cba356d6311045b855c11cc60257b04de3c07c678d483cd9da,bernoulli,3
rep3,start_B,5,8,bfgs,bernoulli,bernoulli,46.07835866385045,False,True,-50.024096524490176,-73.0632758564154,bfgs,7,True,2.6626145732677743e-12,True,0,bfgs,8,True,4.6181547475043774e-11,True,0,bernoulli,-50.024096524490176,0.042267523152579652|-0.25091159742605545|-0.39867499872385193,12b7e2195caa25cad2af60590914d15f093210171570f66f4ad1d3fbdc9d209f,selected_candidate_loading,True,12b7e2195caa25cad2af60590914d15f093210171570f66f4ad1d3fbdc9d209f,bernoulli,3
rep3,start_B,6,3,bfgs,bernoulli,bernoulli,49.49541827604065,False,True,-49.30768095736971,-74.05539009539004,bfgs,8,True,4.346598636573162e-11,True,0,bfgs,7,True,3.523285307949209e-09,False,2,bernoulli,-49.30768095736971,-0.36748969127015546|-0.44390060250320745|0.090814537950117777,61a8bdfc666d80ff13a14742ac29ba91a78372ee0a7df43379f3feeb33c06ca8,selected_candidate_loading,True,61a8bdfc666d80ff13a14742ac29ba91a78372ee0a7df43379f3feeb33c06ca8,bernoulli,3
rep3,start_B,6,4,bfgs,bernoulli,bernoulli,53.75970401762538,False,True,-46.14164949464811,-73.0215015034608,bfgs,6,True,7.825791126236936e-11,True,0,bfgs,11,True,3.404778714521939e-09,False,2,bernoulli,-46.14164949464811,0.81293104405573613|-0.14181561392718992|0.045263947048249008,27a9bd9fe0c3dfdb6a9dce7b4e7aef10378d112c3054af084dd379b2d05a4d1a,selected_candidate_loading,True,27a9bd9fe0c3dfdb6a9dce7b4e7aef10378d112c3054af084dd379b2d05a4d1a,bernoulli,3
rep3,start_B,6,5,bfgs,bernoulli,bernoulli,47.18761279466271,False,True,-49.35391093202677,-72.94771732935813,bfgs,7,True,7.1903816234453185e-12,True,0,bfgs,9,True,7.095907195164841e-12,True,0,bernoulli,-49.35391093202677,0.22538702311549116|-0.29050644431210865|-0.40847345685981917,34d26f5eaaa1bb5e53a7cbd36168befe3a3bfac9b10980db72a553f6a433f477,selected_candidate_loading,True,34d26f5eaaa1bb5e53a7cbd36168befe3a3bfac9b10980db72a553f6a433f477,bernoulli,3
rep3,start_B,6,6,bfgs,bernoulli,bernoulli,56.06098318114226,False,False,-44.139682126419515,-72.17017371699065,bfgs,8,True,1.3951062527439716e-13,True,0,bfgs,9,False,4.870122118250108e-07,False,2,bernoulli,-44.139682126419515,0.80280514842861739|0.67628940035076401|-0.24326618602489405,9f70c195392bbcc43b972dff43872ee7c79411a864306be2ba8a09198da8706d,selected_candidate_loading,True,9f70c195392bbcc43b972dff43872ee7c79411a864306be2ba8a09198da8706d,bernoulli,3
rep3,start_B,6,7,bfgs,bernoulli,bernoulli,50.248463172361355,False,True,-47.04335665584957,-72.16758824203025,bfgs,7,True,2.9465436757192266e-10,False,2,bfgs,7,True,1.8536283619141614e-12,True,0,bernoulli,-47.04335665584957,0.36162817653985457|0.46083126035598898|-0.62286604914955435,f6aea47ad29ea1111958c1a648670a7705717bbef4274144c97995a3094c9a0f,selected_candidate_loading,True,f6aea47ad29ea1111958c1a648670a7705717bbef4274144c97995a3094c9a0f,bernoulli,3
rep3,start_B,6,8,bfgs,bernoulli,bernoulli,45.829068245551966,False,True,-50.550179768607016,-73.464713891383,bfgs,7,True,5.726110696713249e-11,True,0,bfgs,8,True,2.311129065901696e-11,True,0,bernoulli,-50.550179768607016,0.091079823067773763|-0.24441272326112201|-0.30413744707139523,b1af7d4e5d3f3ef134d5f62162199efd0c4755f8d6512d601af9a91e1067c0b7,selected_candidate_loading,True,b1af7d4e5d3f3ef134d5f62162199efd0c4755f8d6512d601af9a91e1067c0b7,bernoulli,3
rep3,start_B,7,3,bfgs,bernoulli,bernoulli,49.22365106331293,False,True,-49.44269334308427,-74.05451887474074,bfgs,6,True,3.983322560685565e-11,True,0,bfgs,9,True,2.3178792218914168e-10,False,2,bernoulli,-49.44269334308427,-0.35026777444013985|-0.43933769774560205|0.11302935091613375,60efb001505213b010041f09455310d809f2cc6f57d94bbda13fa4bc869e2646,selected_candidate_loading,True,60efb001505213b010041f09455310d809f2cc6f57d94bbda13fa4bc869e2646,bernoulli,3
rep3,start_B,7,4,bfgs,bernoulli,bernoulli,53.71272396423646,False,True,-46.13312164712663,-72.98948362924486,bfgs,7,True,6.017630838073273e-13,True,0,bfgs,10,True,2.3160343642913972e-10,False,2,bernoulli,-46.13312164712663,0.80123972412456446|-0.10476492284070742|0.061004135495446671,7feaecc978ad8955322de17572d2020ba61df7012040b90869563848c72490ba,selected_candidate_loading,True,7feaecc978ad8955322de17572d2020ba61df7012040b90869563848c72490ba,bernoulli,3
rep3,start_B,7,5,bfgs,bernoulli,bernoulli,47.30239466499157,False,True,-48.99378852424934,-72.64498585674512,bfgs,7,True,1.5374368445009167e-13,True,0,bfgs,10,True,5.053895080209259e-11,True,0,bernoulli,-48.99378852424934,0.28998504441361589|-0.30305128726917624|-0.41119287188039505,996e7b6dc3fcb51c9c592b42921ce6a821a38eedff8b9eda30f7e6735298dcc9,selected_candidate_loading,True,996e7b6dc3fcb51c9c592b42921ce6a821a38eedff8b9eda30f7e6735298dcc9,bernoulli,3
rep3,start_B,7,6,bfgs,bernoulli,bernoulli,56.2968806628968,False,True,-43.81579022708085,-71.96423055852925,bfgs,7,True,3.9818446317951837e-10,False,2,bfgs,10,True,3.971301065774924e-12,True,0,bernoulli,-43.81579022708085,0.71289476912757277|0.85788172229808557|-0.25299965722236917,38a7aced2cd1a5ae9b3accbf1ce4e025230cf3739f8407f61b5fef6e21611787,selected_candidate_loading,True,38a7aced2cd1a5ae9b3accbf1ce4e025230cf3739f8407f61b5fef6e21611787,bernoulli,3
rep3,start_B,7,7,bfgs,bernoulli,bernoulli,49.60285863669846,False,False,-47.16866279848548,-71.9700921168347,bfgs,7,True,7.546177016592991e-11,True,0,bfgs,11,False,1.9688058872091573e-08,False,2,bernoulli,-47.16866279848548,0.40729538559950285|0.42739203439595946|-0.58648202270614458,23f4a1d1645279c4db580ab59252f399817912fc98738d8a25dd5e8e94758a45,selected_candidate_loading,True,23f4a1d1645279c4db580ab59252f399817912fc98738d8a25dd5e8e94758a45,bernoulli,3
rep3,start_B,7,8,bfgs,bernoulli,bernoulli,45.60742577589065,False,False,-50.43492933533447,-73.2386422232798,bfgs,5,False,4.742607595531467e-08,False,2,bfgs,8,True,4.348095217210357e-11,True,0,bernoulli,-50.43492933533447,0.099969917966880734|-0.27120848386631818|-0.30657477818928425,e67172ebdb467faa6c5f7e8b1c598c09c75d47b33afc1f838cc69ade628921ff,selected_candidate_loading,True,e67172ebdb467faa6c5f7e8b1c598c09c75d47b33afc1f838cc69ade628921ff,bernoulli,3
rep3,start_B,8,3,bfgs,bernoulli,bernoulli,49.339196392751916,False,False,-49.35619869394195,-74.0257968903179,bfgs,6,False,2.6106635608869057e-08,False,2,bfgs,7,False,1.3849382796138344e-08,False,2,bernoulli,-49.35619869394195,-0.4193351878169726|-0.33516405789512543|0.19242349309227585,dd765b29fba7dd1fa6eb73aa480785f5259f2d31d09a7ff1e6b589652b0d1fba,selected_candidate_loading,True,dd765b29fba7dd1fa6eb73aa480785f5259f2d31d09a7ff1e6b589652b0d1fba,bernoulli,3
rep3,start_B,8,4,bfgs,bernoulli,bernoulli,53.49173613849686,False,True,-46.468544218067095,-73.21441228731553,bfgs,6,True,5.7339311076987085e-11,True,0,bfgs,11,True,9.48273519429943e-10,False,2,bernoulli,-46.468544218067095,0.78627364523018539|-0.13328622105109794|0.035644816588811488,8022cf1bd7fb025ad9eb3ec22d1ec3aca8dc97544fdaa9603b6c28a62ee392e8,selected_candidate_loading,True,8022cf1bd7fb025ad9eb3ec22d1ec3aca8dc97544fdaa9603b6c28a62ee392e8,bernoulli,3
rep3,start_B,8,5,bfgs,bernoulli,bernoulli,48.986263284899536,False,True,-47.47908085601698,-71.97221249846675,bfgs,6,True,5.839509542582277e-10,False,2,bfgs,8,True,3.874066900610984e-11,True,0,bernoulli,-47.47908085601698,0.27522889566236114|-0.39775269910100824|-0.56346873797259656,dadcea3016995f2a6489ae9f14977f8381829c05c45d068193a69ec34cffc846,selected_candidate_loading,True,dadcea3016995f2a6489ae9f14977f8381829c05c45d068193a69ec34cffc846,bernoulli,3
rep3,start_B,8,6,bfgs,bernoulli,bernoulli,56.628837047044655,False,True,-43.60049316585688,-71.91491168937921,bfgs,7,True,2.767217566201907e-11,True,0,bfgs,10,True,1.017492756716365e-11,True,0,bernoulli,-43.60049316585688,0.8021505454564174|0.74053531243342685|-0.34171622081049863,21c4abea906421a2a97ed9b1d8e62bacb5a90d8bb0022eb64912743d7db1bf19,selected_candidate_loading,True,21c4abea906421a2a97ed9b1d8e62bacb5a90d8bb0022eb64912743d7db1bf19,bernoulli,3
rep3,start_B,8,7,bfgs,bernoulli,bernoulli,49.25634362186565,False,True,-47.2024170808249,-71.83058889175773,bfgs,7,True,1.3124665798613933e-10,False,2,bfgs,11,True,2.9582605698408314e-09,False,2,bernoulli,-47.2024170808249,0.32683321848679403|0.38335006876088368|-0.65766173426559649,a5ca883764af1fbcc06257aeca5e3335e2218e14fea00451a08ba2fa766967af,selected_candidate_loading,True,a5ca883764af1fbcc06257aeca5e3335e2218e14fea00451a08ba2fa766967af,bernoulli,3
rep3,start_B,8,8,bfgs,bernoulli,bernoulli,45.75047718509887,False,True,-50.03338374504341,-72.90862233759285,bfgs,7,True,3.621813959853171e-12,True,0,bfgs,7,True,1.7051413614410649e-09,False,2,bernoulli,-50.03338374504341,0.043932390398683449|-0.29068323010468222|-0.36922407151472214,a02a89fa348900c5704fe5a6e90f22ccd6f8266d44a05b1cbf084d8209796f25,selected_candidate_loading,True,a02a89fa348900c5704fe5a6e90f22ccd6f8266d44a05b1cbf084d8209796f25,bernoulli,3
rep3,start_B,1,3,bfgs,bernoulli,bernoulli,48.860645902521284,False,True,-49.0991766687197,-73.52949961998034,bfgs,9,True,4.358380323310485e-12,True,0,bfgs,11,True,7.826042036640501e-11,True,0,bernoulli,-49.0991766687197,-0.2785340280065754|-0.62623832548559899|-0.0021129999756576232|0.049815036504640177,e7fffc9961b117b5cd0561852106cc1417eec179baa9ffc8d59543dabedef619,selected_candidate_loading,True,e7fffc9961b117b5cd0561852106cc1417eec179baa9ffc8d59543dabedef619,bernoulli,4
rep3,start_B,1,4,bfgs,bernoulli,bernoulli,52.52512481181718,False,True,-48.086621099182516,-74.3491835050911,bfgs,13,True,1.4023626704329217e-10,False,2,bfgs,8,True,5.708716888097598e-10,False,2,bernoulli,-48.086621099182516,0.24991240722261002|0.21061852777637013|0.43621482915150606|-0.40296282282478707,7c0b1245b73e1310270fea5ef4442e27fdd46bbdc5a1a4d0b55affa22b49ca27,selected_candidate_loading,True,7c0b1245b73e1310270fea5ef4442e27fdd46bbdc5a1a4d0b55affa22b49ca27,bernoulli,4
rep3,start_B,1,5,bfgs,bernoulli,bernoulli,47.491499443360624,False,True,-50.50497178837725,-74.25072151005756,bfgs,11,True,9.549161461563926e-12,True,0,bfgs,9,True,3.15409448559123e-11,True,0,bernoulli,-50.50497178837725,-0.26100498639312131|0.078222780936428343|0.22362561556614155|-0.10968342852876918,1a30a468e4ea08f84fb39d1d16f8d2fd063e9ec944ae6a0260a19a39e7b63f9c,selected_candidate_loading,True,1a30a468e4ea08f84fb39d1d16f8d2fd063e9ec944ae6a0260a19a39e7b63f9c,bernoulli,4
rep3,start_B,1,6,bfgs,bernoulli,bernoulli,55.12501262449963,False,True,-46.55069172315316,-74.11319803540297,bfgs,12,True,6.440428990117653e-09,False,2,bfgs,11,True,3.370466128416183e-10,False,2,bernoulli,-46.55069172315316,0.69817233471301254|0.29340729295535622|-0.038181633086057667|-0.18895421885195482,edeb1b1c880a43268cc2a1f239974d01c731587dc302e1437e1774dc99d1bc84,selected_candidate_loading,True,edeb1b1c880a43268cc2a1f239974d01c731587dc302e1437e1774dc99d1bc84,bernoulli,4
rep3,start_B,1,7,bfgs,bernoulli,bernoulli,47.89499677064177,False,True,-50.6279238837361,-74.57542226905699,bfgs,12,True,1.5692764865349318e-09,False,2,bfgs,9,True,2.110683183786932e-10,False,2,bernoulli,-50.6279238837361,0.28493208745235704|0.17079503291905959|0.16800968323474771|-0.033430343784306864,8ce1c544be033e0a6f39c4e2d8c03f64a8c767ffb5edef1bc14b1fe66121aee8,selected_candidate_loading,True,8ce1c544be033e0a6f39c4e2d8c03f64a8c767ffb5edef1bc14b1fe66121aee8,bernoulli,4
rep3,start_B,1,8,bfgs,bernoulli,bernoulli,46.09710854735516,False,True,-51.50538661585925,-74.55394088953683,bfgs,8,True,7.808091950778362e-11,True,0,bfgs,11,True,2.1730613752879436e-09,False,2,bernoulli,-51.50538661585925,-0.15583755427410556|0.084722045310331742|0.085337047213259007|-0.072852386445462963,00e1ff1e407b06265f98b942ec9dae6eee84b4db2315d7cda088f2fd59eb4626,selected_candidate_loading,True,00e1ff1e407b06265f98b942ec9dae6eee84b4db2315d7cda088f2fd59eb4626,bernoulli,4
rep3,start_B,2,3,bfgs,bernoulli,bernoulli,51.850039319952785,False,True,-47.51412549385039,-73.43914515382679,bfgs,8,True,1.8818004932086296e-10,False,2,bfgs,9,True,7.026096204842957e-10,False,2,bernoulli,-47.51412549385039,-0.5406858921727693|-0.58476306605541295|0.15732202393091729|0.14569454253681921,948b13083d6f94a2b66267c2ef1d6b99eb9a801b6422d0b0e58be2f129db070c,selected_candidate_loading,True,948b13083d6f94a2b66267c2ef1d6b99eb9a801b6422d0b0e58be2f129db070c,bernoulli,4
rep3,start_B,2,4,bfgs,bernoulli,bernoulli,54.00579456983397,False,False,-46.26315591405938,-73.26605319897637,bfgs,8,False,2.3372320230308218e-07,False,2,bfgs,13,False,3.532595568567221e-08,False,2,bernoulli,-46.26315591405938,0.32815816278755322|0.37369625190948802|0.21245863094697409|-0.60752762851265396,6c6b190ee5ebd4242d00b07ecd5b96d3210e7a1ad104f3c4602c29ca2ccc5ae6,selected_candidate_loading,True,6c6b190ee5ebd4242d00b07ecd5b96d3210e7a1ad104f3c4602c29ca2ccc5ae6,bernoulli,4
rep3,start_B,2,5,bfgs,bernoulli,bernoulli,48.40904648672249,False,True,-48.98814081951284,-73.19266406287409,bfgs,9,True,2.461044423807124e-10,False,2,bfgs,11,True,7.485123632022805e-13,True,0,bernoulli,-48.98814081951284,-0.11918492384209706|0.3221233773631495|0.48842944934587035|-0.10715605552203945,4430e7332f4afbdb17b9e5b97c68ac5690b24815c6138943381b175bad564b34,selected_candidate_loading,True,4430e7332f4afbdb17b9e5b97c68ac5690b24815c6138943381b175bad564b34,bernoulli,4
rep3,start_B,2,6,bfgs,bernoulli,bernoulli,56.98589715839324,False,True,-43.70875081509813,-72.20169939429475,bfgs,9,True,7.898588449961607e-11,True,0,bfgs,14,True,1.4947376669738333e-10,False,2,bernoulli,-43.70875081509813,0.91634002055557073|0.50865419346009388|-0.23445441648016319|-0.19757301096125668,f4c65ba77dc934bb5394d8c0a64a87fe1c12d449af015d89a685a1d8d4be7401,selected_candidate_loading,True,f4c65ba77dc934bb5394d8c0a64a87fe1c12d449af015d89a685a1d8d4be7401,bernoulli,4
rep3,start_B,2,7,bfgs,bernoulli,bernoulli,48.08693250316493,False,True,-48.37168321121221,-72.41514946279467,bfgs,8,True,1.5764429761588873e-10,False,2,bfgs,11,True,6.83934198164593e-10,False,2,bernoulli,-48.37168321121221,0.49255517560310969|0.095190953311309889|0.28170825368336733|0.19276802084540476,9bf735aa61c9d50a2afb0e82ef6de4fb93eb6a02b8c70123e6f23574c359dbf6,selected_candidate_loading,True,9bf735aa61c9d50a2afb0e82ef6de4fb93eb6a02b8c70123e6f23574c359dbf6,bernoulli,4
rep3,start_B,2,8,bfgs,bernoulli,bernoulli,46.70243113928012,False,False,-49.274733617663216,-72.62594918730328,bfgs,13,True,2.7335911312320604e-12,True,0,bfgs,9,False,9.676369590039258e-08,False,2,bernoulli,-49.274733617663216,0.012335672655209537|-0.43265635867536634|0.55848556124300808|0.24077775422712605,04d238bef93193c49a00cfcf4fe831bd232db03c461d3863efd8534fe2dd861a,selected_candidate_loading,True,04d238bef93193c49a00cfcf4fe831bd232db03c461d3863efd8534fe2dd861a,bernoulli,4
rep3,start_B,3,3,bfgs,bernoulli,bernoulli,51.59676966824985,False,True,-47.62966211508448,-73.4280469492094,bfgs,9,True,3.073114207552408e-10,False,2,bfgs,13,True,1.1780914910275443e-09,False,2,bernoulli,-47.62966211508448,-0.50416842500176784|-0.66688277080158964|0.14741712256801223|0.081218885551989209,f7b9b45f7d5b6a48aa415e1a2703ecd4421fe1238254cb8f0ff9d1ec10d2250a,selected_candidate_loading,True,f7b9b45f7d5b6a48aa415e1a2703ecd4421fe1238254cb8f0ff9d1ec10d2250a,bernoulli,4
rep3,start_B,3,4,bfgs,bernoulli,bernoulli,54.62804385562313,False,True,-45.93742173563943,-73.251443663451,bfgs,7,True,1.5822898546957731e-12,True,0,bfgs,13,True,5.808969971710099e-12,True,0,bernoulli,-45.93742173563943,0.32996095720064056|0.37342436405840607|0.24847747365840137|-0.60878559187439063,026b90b006de185e37f070268200cdf3ba850584b1913c55be7c02b18423522e,selected_candidate_loading,True,026b90b006de185e37f070268200cdf3ba850584b1913c55be7c02b18423522e,bernoulli,4
rep3,start_B,3,5,bfgs,bernoulli,bernoulli,48.380679198310375,False,True,-49.12274096720652,-73.3130805663617,bfgs,8,True,7.040612537423385e-12,True,0,bfgs,13,True,8.467045391202799e-10,False,2,bernoulli,-49.12274096720652,-0.094401682301040193|0.16587945225614703|0.47367080220100499|-0.10089157153611659,04df4f7bede12c9cca6167a43a6da2e87b7a84570060b29584310b951cc0e511,selected_candidate_loading,True,04df4f7bede12c9cca6167a43a6da2e87b7a84570060b29584310b951cc0e511,bernoulli,4
rep3,start_B,3,6,bfgs,bernoulli,bernoulli,58.54278456467982,False,True,-43.58697162067866,-72.85836390301857,bfgs,8,True,2.220446049250313e-14,True,0,bfgs,13,True,2.4011666766021732e-09,False,2,bernoulli,-43.58697162067866,0.97588497421306042|0.4353204560499554|-0.21078030480916593|-0.22350578950200728,cc00b55b447849999d3b120729f18b1f2506443dee5de19e0aed7ccf667e650d,selected_candidate_loading,True,cc00b55b447849999d3b120729f18b1f2506443dee5de19e0aed7ccf667e650d,bernoulli,4
rep3,start_B,3,7,bfgs,bernoulli,bernoulli,48.97757788543524,False,True,-48.45794536739669,-72.94673431011431,bfgs,8,True,1.4809931059289739e-12,True,0,bfgs,10,True,9.977529913385297e-11,True,0,bernoulli,-48.45794536739669,0.46298015506949408|0.16787256343398735|0.31960796166214644|0.21626445938109187,c85dfe676d87d095a03de36e38a9b23715e70605c6da9d44186a0fbc6da942a7,selected_candidate_loading,True,c85dfe676d87d095a03de36e38a9b23715e70605c6da9d44186a0fbc6da942a7,bernoulli,4
rep3,start_B,3,8,bfgs,bernoulli,bernoulli,47.743603607952224,False,True,-48.93144895850399,-72.8032507624801,bfgs,8,True,1.9388934902053735e-13,True,0,bfgs,10,True,1.9680790330767194e-11,True,0,bernoulli,-48.93144895850399,-0.029401061421425404|-0.36815828650789151|0.5867016333496835|0.17979626976556382,6bb339819a165041fbac0a5a5ff4b6937eea6d06d8fa817e060bb4919a64c045,selected_candidate_loading,True,6bb339819a165041fbac0a5a5ff4b6937eea6d06d8fa817e060bb4919a64c045,bernoulli,4
rep3,start_B,4,3,bfgs,bernoulli,bernoulli,50.824588236442764,False,False,-48.57292322990203,-73.98521734812341,bfgs,9,True,8.927854011631098e-10,False,2,bfgs,12,False,1.2075935096333978e-08,False,2,bernoulli,-48.57292322990203,-0.37140199924710593|-0.60605428438122455|0.04661675988978517|0.13344173692900269,bf7e419b21be0cebce52476e0358980bd3106fda5e47be5d6a927a790a991851,selected_candidate_loading,True,bf7e419b21be0cebce52476e0358980bd3106fda5e47be5d6a927a790a991851,bernoulli,4
rep3,start_B,4,4,bfgs,bernoulli,bernoulli,54.677984357557094,False,True,-45.738616243608256,-73.0776084223868,bfgs,8,True,7.596827611422441e-11,True,0,bfgs,12,True,3.776915236120004e-09,False,2,bernoulli,-45.738616243608256,0.3348115524424165|0.25157030023972826|0.22617666285731131|-0.68201682672073272,c34aed25c06481462cfe67dea9452710915ef0381a91049b3465fe682bf3d975,selected_candidate_loading,True,c34aed25c06481462cfe67dea9452710915ef0381a91049b3465fe682bf3d975,bernoulli,4
rep3,start_B,4,5,bfgs,bernoulli,bernoulli,47.58837663632299,False,True,-49.17222524911657,-72.96641356727807,bfgs,8,True,1.794369097751769e-11,True,0,bfgs,9,True,3.591342778719309e-11,True,0,bernoulli,-49.17222524911657,0.015781248187986652|0.085757138195938221|0.50628130657120474|-0.084879187554634236,7f8bb0bfc133345396def7abd387dfe0ddf01cd22afcafdb318dafe02b1bf776,selected_candidate_loading,True,7f8bb0bfc133345396def7abd387dfe0ddf01cd22afcafdb318dafe02b1bf776,bernoulli,4
rep3,start_B,4,6,bfgs,bernoulli,bernoulli,56.97009672468616,False,True,-43.43087491608905,-71.91592327843213,bfgs,8,True,5.667688540711424e-12,True,0,bfgs,12,True,1.3525274233927575e-10,False,2,bernoulli,-43.43087491608905,0.94637213671853637|0.4883404037416646|-0.10465479627688862|-0.19673845678940746,cfe4b6fa6849996005e6cafe27ad4739f5b761a0614fb12ee8b4088109953ae4,selected_candidate_loading,True,cfe4b6fa6849996005e6cafe27ad4739f5b761a0614fb12ee8b4088109953ae4,bernoulli,4
rep3,start_B,4,7,bfgs,bernoulli,bernoulli,49.31633963578574,False,True,-47.31660350745442,-71.97477332534729,bfgs,9,True,1.8241408383801174e-12,True,0,bfgs,9,True,9.480061180511257e-12,True,0,bernoulli,-47.31660350745442,0.53157468139428354|0.28781676756210084|0.36470927689894367|0.2061145154853537,e11fa3e1580d3a4ea8c0e03c10d86cc1014745e23b7bf7d64db7fbcb544a1161,selected_candidate_loading,True,e11fa3e1580d3a4ea8c0e03c10d86cc1014745e23b7bf7d64db7fbcb544a1161,bernoulli,4
rep3,start_B,4,8,bfgs,bernoulli,bernoulli,47.35801442003779,False,True,-49.177264437752896,-72.85627164777179,bfgs,8,True,1.3828316269837159e-11,True,0,bfgs,10,True,2.427538259297535e-09,False,2,bernoulli,-49.177264437752896,0.0063779589995552333|-0.37404013424351945|0.48850685140621114|0.19862981010124153,c35367943e04e48acfb4692adf99934d4f867f1afab67b1f39fd6b97360744e6,selected_candidate_loading,True,c35367943e04e48acfb4692adf99934d4f867f1afab67b1f39fd6b97360744e6,bernoulli,4
rep3,start_B,5,3,bfgs,bernoulli,bernoulli,53.160156879662765,False,True,-47.40614473713448,-73.98622317696586,bfgs,7,True,1.923733172759512e-09,False,2,bfgs,11,True,5.786137613483788e-09,False,2,bernoulli,-47.40614473713448,-0.43445837305140211|-0.71848009204985319|0.0090770817622061774|0.19739813381441829,3c10e9a0483339fe1121151f0a762dbcf22b2019af3e7d807ef282874b1e1879,selected_candidate_loading,True,3c10e9a0483339fe1121151f0a762dbcf22b2019af3e7d807ef282874b1e1879,bernoulli,4
rep3,start_B,5,4,bfgs,bernoulli,bernoulli,53.12859536868696,False,False,-46.29891146353486,-72.86320914787834,bfgs,8,True,3.078728383343332e-11,True,0,bfgs,12,False,1.0255101350331585e-07,False,2,bernoulli,-46.29891146353486,0.27977108693149555|0.32633631515111478|0.26960157772504267|-0.64940866650377249,aaf6a43ba792898900e6119d35b02926dcb5434b510506ca2a381203e02c3bab,selected_candidate_loading,True,aaf6a43ba792898900e6119d35b02926dcb5434b510506ca2a381203e02c3bab,bernoulli,4
rep3,start_B,5,5,bfgs,bernoulli,bernoulli,48.43399502550572,False,True,-48.44836145465543,-72.6653589674083,bfgs,9,True,3.4143354810112214e-11,True,0,bfgs,9,True,8.275833129900434e-10,False,2,bernoulli,-48.44836145465543,-0.058812222022898208|0.33236116398909116|0.51434206146725903|-0.15290742278824307,807dfa8c98389685d1b50bc830e7204f8e80c8d0a556eb92e5d85f24f25b74a1,selected_candidate_loading,True,807dfa8c98389685d1b50bc830e7204f8e80c8d0a556eb92e5d85f24f25b74a1,bernoulli,4
rep3,start_B,5,6,bfgs,bernoulli,bernoulli,59.375823031801986,False,True,-41.862670414210285,-71.55058193011128,bfgs,8,True,5.530822955179815e-09,False,2,bfgs,12,True,2.5658238644865606e-09,False,2,bernoulli,-41.862670414210285,0.9172670455721873|0.82308078898178905|-0.036964401494077759|-0.41961473970026425,58a532c84565c5dab7c5b6371ca1cf62e739429b39b219470f56421f45ce6c53,selected_candidate_loading,True,58a532c84565c5dab7c5b6371ca1cf62e739429b39b219470f56421f45ce6c53,bernoulli,4
rep3,start_B,5,7,bfgs,bernoulli,bernoulli,49.17239748351133,False,True,-47.617628032550684,-72.20382677430635,bfgs,8,True,4.616671489543478e-11,True,0,bfgs,10,True,5.9093290261103e-10,False,2,bernoulli,-47.617628032550684,0.59249475835248788|0.14895459994431201|0.34952869441397638|0.16907949015564872,533e54eabf92aa6e2df6b65b9a3c051de36e1cc3839b4dc1f0ea8e1696378504,selected_candidate_loading,True,533e54eabf92aa6e2df6b65b9a3c051de36e1cc3839b4dc1f0ea8e1696378504,bernoulli,4
rep3,start_B,5,8,bfgs,bernoulli,bernoulli,46.84258157671135,False,True,-49.78294609789752,-73.2042368862532,bfgs,9,True,1.4925394253850755e-12,True,0,bfgs,10,True,4.915999873844612e-09,False,2,bernoulli,-49.78294609789752,0.050560355816799837|-0.34707192149459504|0.40724539145772271|0.19961490042742142,064db1b966c57295db5af1aa33a607c4bcaeea73af2902eba3fccd872afc983c,selected_candidate_loading,True,064db1b966c57295db5af1aa33a607c4bcaeea73af2902eba3fccd872afc983c,bernoulli,4
rep3,start_B,6,3,bfgs,bernoulli,bernoulli,52.713358376816984,False,True,-47.5516264908518,-73.9083056792603,bfgs,8,True,3.777555068751326e-09,False,2,bfgs,14,True,4.1356322810770506e-10,False,2,bernoulli,-47.5516264908518,-0.23357567318464326|-0.83954602158183056|-0.021494479719737003|0.2469086588371448,39bd409fa6e690b2852558e26e5eee8aa73ceb29be729a83a1aee62abaf30f02,selected_candidate_loading,True,39bd409fa6e690b2852558e26e5eee8aa73ceb29be729a83a1aee62abaf30f02,bernoulli,4
rep3,start_B,6,4,bfgs,bernoulli,bernoulli,53.805045278825745,False,True,-46.276833674091556,-73.17935631350443,bfgs,10,True,3.3538569699231855e-10,False,2,bfgs,13,True,1.9148150287584543e-10,False,2,bernoulli,-46.276833674091556,0.18131302905207636|0.35314911231856705|0.27779593007795894|-0.67483138646546659,3e126b6f26a4afd4c3592ef4dd16ebd931c8ede18120fe5aa6e92211c61796f8,selected_candidate_loading,True,3e126b6f26a4afd4c3592ef4dd16ebd931c8ede18120fe5aa6e92211c61796f8,bernoulli,4
rep3,start_B,6,5,bfgs,bernoulli,bernoulli,48.72751401807078,False,True,-48.73838185006533,-73.10213885910072,bfgs,8,True,2.99230862310651e-11,True,0,bfgs,9,True,1.5209919879133338e-09,False,2,bernoulli,-48.73838185006533,-0.16674952306407431|0.30043951230878563|0.47883488168177629|-0.1746506054914867,1106d894f2bf82b08a990d894d2fae2121c1972c9cfb110cbcdf9461ca4750e3,selected_candidate_loading,True,1106d894f2bf82b08a990d894d2fae2121c1972c9cfb110cbcdf9461ca4750e3,bernoulli,4
rep3,start_B,6,6,bfgs,bernoulli,bernoulli,59.14693281017375,False,True,-42.61912266847729,-72.19258907356416,bfgs,8,True,4.0717085258989985e-11,True,0,bfgs,11,True,3.877193079093732e-09,False,2,bernoulli,-42.61912266847729,0.93094230973445646|0.74363926145733372|-0.020746011656736219|-0.27107969868904458,ac28902fc49769d6a0669aee6fa2b2e10f18a304ff199be5bf2e72e563227c90,selected_candidate_loading,True,ac28902fc49769d6a0669aee6fa2b2e10f18a304ff199be5bf2e72e563227c90,bernoulli,4
rep3,start_B,6,7,bfgs,bernoulli,bernoulli,50.21615144758543,False,True,-47.5123836054976,-72.62045932929031,bfgs,8,True,5.846306327939032e-10,False,2,bfgs,11,True,9.45052078815678e-09,False,2,bernoulli,-47.5123836054976,0.62118385063258053|-0.059074792549637885|0.40209711803331905|0.23448823968876822,d41ef0b10c3239af277f9a5b94f39d5d81b01d770ec1f30a0762bef7c6c90e1f,selected_candidate_loading,True,d41ef0b10c3239af277f9a5b94f39d5d81b01d770ec1f30a0762bef7c6c90e1f,bernoulli,4
rep3,start_B,6,8,bfgs,bernoulli,bernoulli,50.87042395631764,False,True,-47.341555510817244,-72.77676748897606,bfgs,9,True,1.2946943073188776e-09,False,2,bfgs,9,True,9.304937265142144e-10,False,2,bernoulli,-47.341555510817244,0.1653160992962886|-0.73220803953652214|0.52749742366056651|0.29339216505023813,60be561aae90b30d9f034bdadbf3cf732ca240e4d321b188c3bdb1ec40c6862e,selected_candidate_loading,True,60be561aae90b30d9f034bdadbf3cf732ca240e4d321b188c3bdb1ec40c6862e,bernoulli,4
rep3,start_B,7,3,bfgs,bernoulli,bernoulli,50.49310435686762,False,True,-48.15213445534334,-73.39868663377715,bfgs,10,True,2.1374013670083514e-13,True,0,bfgs,13,True,1.024580420505572e-11,True,0,bernoulli,-48.15213445534334,-0.27207901625422265|-0.70912954382953342|0.013868574182628044|0.25135069912071667,5d74a19a35ed7aab00fd2df1a9e9934e7b7939003055bcd4e43b339adcd6f2f5,selected_candidate_loading,True,5d74a19a35ed7aab00fd2df1a9e9934e7b7939003055bcd4e43b339adcd6f2f5,bernoulli,4
rep3,start_B,7,4,bfgs,bernoulli,bernoulli,53.7750748757752,False,True,-46.336104438390194,-73.2236418762778,bfgs,9,True,7.785283528960463e-11,True,0,bfgs,13,True,1.2674918406507807e-09,False,2,bernoulli,-46.336104438390194,0.3208789058969222|0.19765426683640006|0.31578732941869736|-0.61850289693650107,abf55a9b4d8af0b2a2130f5f53c012e6e4e02f88f791599cbdfa58ba65b93104,selected_candidate_loading,True,abf55a9b4d8af0b2a2130f5f53c012e6e4e02f88f791599cbdfa58ba65b93104,bernoulli,4
rep3,start_B,7,5,bfgs,bernoulli,bernoulli,47.83368667407271,False,True,-48.49829888897267,-72.41514222600902,bfgs,9,True,9.43440880973867e-10,False,2,bfgs,10,True,9.079892393515365e-12,True,0,bernoulli,-48.49829888897267,0.004645659049818898|0.20785108671520072|0.5402353696368517|-0.075261215113506696,0a54321775179b8f96543bc4629ef9140e119de0253aa0daefab9814f373ea10,selected_candidate_loading,True,0a54321775179b8f96543bc4629ef9140e119de0253aa0daefab9814f373ea10,bernoulli,4
rep3,start_B,7,6,bfgs,bernoulli,bernoulli,57.21793329481447,False,False,-43.67265464702084,-72.28162129442808,bfgs,9,True,3.0890423552421e-11,True,0,bfgs,10,False,4.946694394103446e-08,False,2,bernoulli,-43.67265464702084,0.84449892507014634|0.65754147530540452|0.069361861910928649|-0.26627861221793175,216f52ed17ec7ec52f2a01f1bb35b17a8351d5beb1eee982e18997fa79ff7bd4,selected_candidate_loading,True,216f52ed17ec7ec52f2a01f1bb35b17a8351d5beb1eee982e18997fa79ff7bd4,bernoulli,4
rep3,start_B,7,7,bfgs,bernoulli,bernoulli,48.302667719007346,False,True,-48.15448680039024,-72.30582065989391,bfgs,9,True,2.7400304247748865e-14,True,0,bfgs,10,True,3.320455022048918e-11,True,0,bernoulli,-48.15448680039024,0.57536911252725731|0.068198602202539704|0.31973564889789097|0.26597227973252202,f73d331beefa04ab9c7df3290efa4f6e9767d5440d0d93f17cfa4b97576582c5,selected_candidate_loading,True,f73d331beefa04ab9c7df3290efa4f6e9767d5440d0d93f17cfa4b97576582c5,bernoulli,4
rep3,start_B,7,8,bfgs,bernoulli,bernoulli,47.84909083157687,False,True,-48.3044884306592,-72.22903384644763,bfgs,8,True,1.5868675262709075e-10,False,2,bfgs,15,True,2.1996333643414801e-10,False,2,bernoulli,-48.3044884306592,0.19504310938337033|-0.56955682157425036|0.44253263419328448|0.40335745394954015,96fa3dc21dcf6c11aea3b8b5a664f93d6b290f09ecc4286552e1ac4c5774ce47,selected_candidate_loading,True,96fa3dc21dcf6c11aea3b8b5a664f93d6b290f09ecc4286552e1ac4c5774ce47,bernoulli,4
rep3,start_B,8,3,bfgs,bernoulli,bernoulli,50.92428419844788,False,False,-48.696471281169366,-74.1586133803933,bfgs,9,True,3.2709106534412057e-10,False,2,bfgs,12,False,2.1529284612853417e-07,False,2,bernoulli,-48.696471281169366,-0.33679959533918041|-0.58693732025808576|-0.066030475697817129|0.18643375247547458,4e89b5b5d2b3a77e9f6357a85a171d4bd4edb93d5b6b21dd9b596d977279b544,selected_candidate_loading,True,4e89b5b5d2b3a77e9f6357a85a171d4bd4edb93d5b6b21dd9b596d977279b544,bernoulli,4
rep3,start_B,8,4,bfgs,bernoulli,bernoulli,54.70011424725716,False,False,-45.687338745519405,-73.03739586914799,bfgs,8,True,1.3848033830754503e-12,True,0,bfgs,14,False,2.990844976819007e-08,False,2,bernoulli,-45.687338745519405,0.33101525176366009|0.16663488042067875|0.27618007122141813|-0.71574499041659023,a26ba39cdef18d798f98a4f969df319691ed592cfd5ace573a76ad8548470676,selected_candidate_loading,True,a26ba39cdef18d798f98a4f969df319691ed592cfd5ace573a76ad8548470676,bernoulli,4
rep3,start_B,8,5,bfgs,bernoulli,bernoulli,48.855240892610524,False,True,-48.138620459397636,-72.5662409057029,bfgs,8,True,9.298339875840612e-13,True,0,bfgs,10,True,5.4024329454449574e-11,True,0,bernoulli,-48.138620459397636,-0.056562825126283009|0.25771979856239774|0.57164449535123396|-0.19738526602770576,0a93bb902e9c91644a4f927a15e5b13546f4a2ad2f5b66e6a6e4a11374b1688e,selected_candidate_loading,True,0a93bb902e9c91644a4f927a15e5b13546f4a2ad2f5b66e6a6e4a11374b1688e,bernoulli,4
rep3,start_B,8,6,bfgs,bernoulli,bernoulli,58.91120484618311,False,False,-42.540750293512964,-71.99635271660452,bfgs,7,False,5.0118605710025577e-08,False,2,bfgs,13,True,4.075615400722654e-11,True,0,bernoulli,-42.540750293512964,0.86178155992932204|0.78486531642113844|-0.042414777521783825|-0.44364443242066909,1d1d6b00e1dcd7f08242ae01118c052f7777eedb527da4eb1507a7a7a922c16c,selected_candidate_loading,True,1d1d6b00e1dcd7f08242ae01118c052f7777eedb527da4eb1507a7a7a922c16c,bernoulli,4
rep3,start_B,8,7,bfgs,bernoulli,bernoulli,50.12591339386289,False,True,-47.06736110565502,-72.13031780258646,bfgs,8,True,3.284350569288108e-12,True,0,bfgs,10,True,1.6126744384337143e-11,True,0,bernoulli,-47.06736110565502,0.70079755331207982|-0.038835053710746144|0.29833516235657664|0.36454105339042003,77d699ec8ca584e05a10c6b1f8492b95e9359a378da26359245839cdc94fc262,selected_candidate_loading,True,77d699ec8ca584e05a10c6b1f8492b95e9359a378da26359245839cdc94fc262,bernoulli,4
rep3,start_B,8,8,bfgs,bernoulli,bernoulli,48.89232740464519,False,True,-48.4484483843395,-72.8946120866621,bfgs,10,True,3.3262566034863995e-10,False,2,bfgs,12,True,4.2100462671612606e-09,False,2,bernoulli,-48.4484483843395,0.17477734558846098|-0.61798971855629659|0.38447092281773104|0.35949338153166555,cf2c53430c8db01dd9ce0da5e00c69313c7bf9981583e20b31572ef3ad25bbf9,selected_candidate_loading,True,cf2c53430c8db01dd9ce0da5e00c69313c7bf9981583e20b31572ef3ad25bbf9,bernoulli,4
rep3,start_B,1,3,bfgs,bernoulli,bernoulli,48.83702416254758,False,True,-49.20123240141466,-73.61974448268845,bfgs,14,True,1.2666347970480273e-10,False,2,bfgs,13,True,2.2594548454435426e-11,True,0,bernoulli,-49.20123240141466,0.23796109839854721|0.29390417164560034|-0.5192023322004411|0.056334531961814788|-0.14113116896562139,5c9839f8315c6178f564d6c1f1675e7b48c51ddf7382884794a65a19a0d8af2c,selected_candidate_loading,True,5c9839f8315c6178f564d6c1f1675e7b48c51ddf7382884794a65a19a0d8af2c,bernoulli,5
rep3,start_B,1,4,bfgs,bernoulli,bernoulli,52.62629995782639,False,True,-47.11981865797244,-73.43296863688563,bfgs,15,True,7.377030208921553e-10,False,2,bfgs,12,True,3.534308617991755e-09,False,2,bernoulli,-47.11981865797244,0.024218443051757969|-0.09828604762537875|0.3614254108428952|0.44601773853862992|-0.30706402039506375,cad4b316c5e48b6af958e1dadf2783fe1c903f4479825b1c2ff8c13c752d0bbb,selected_candidate_loading,True,cad4b316c5e48b6af958e1dadf2783fe1c903f4479825b1c2ff8c13c752d0bbb,bernoulli,5
rep3,start_B,1,5,bfgs,bernoulli,bernoulli,48.16783910960723,False,True,-49.77598148749844,-73.85990104230206,bfgs,10,True,2.666755705149626e-12,True,0,bfgs,11,True,6.499120797087698e-10,False,2,bernoulli,-49.77598148749844,-0.013257249691823502|0.36377606082655528|0.086967776773992644|0.17553850914444422|-0.12260528068547455,aa53684292481a3fb0c2dbad62531d4208243ea0386e8630d029bb870a22aa4b,selected_candidate_loading,True,aa53684292481a3fb0c2dbad62531d4208243ea0386e8630d029bb870a22aa4b,bernoulli,5
rep3,start_B,1,6,bfgs,bernoulli,bernoulli,53.97304337525239,False,False,-45.825652987894415,-72.81217467552061,bfgs,12,False,1.1401423805068589e-08,False,2,bfgs,9,False,1.1490977573913596e-07,False,2,bernoulli,-45.825652987894415,0.071079108231948962|-0.65735822982580405|0.30703119943605156|0.38544111046191676|0.14847540264965101,4c0845e16c912aa800c9b633cbb444794486141dd70bbf5c273e9d103dff1416,selected_candidate_loading,True,4c0845e16c912aa800c9b633cbb444794486141dd70bbf5c273e9d103dff1416,bernoulli,5
rep3,start_B,1,7,bfgs,bernoulli,bernoulli,48.537556956906016,False,False,-49.6277517858633,-73.89653026431631,bfgs,11,True,5.730295615791192e-09,False,2,bfgs,10,False,1.2576169634570532e-07,False,2,bernoulli,-49.6277517858633,-0.38842234173743306|-0.042000043596619435|0.23608317152333361|0.23003484536235985|0.24154935624392165,dd31266c0f4e834a0d243d60ddc866cbce291e6ef87d79d7344b5c2776c65118,selected_candidate_loading,True,dd31266c0f4e834a0d243d60ddc866cbce291e6ef87d79d7344b5c2776c65118,bernoulli,5
rep3,start_B,1,8,bfgs,bernoulli,bernoulli,47.441065672735945,False,True,-50.493265665137706,-74.21379850150568,bfgs,13,True,9.19530140919278e-10,False,2,bfgs,11,True,2.7807692148940076e-09,False,2,bernoulli,-50.493265665137706,-0.34398050759410115|0.22195098148704218|-0.094585660499886717|0.14208593625008775|0.05880115181466164,5cca3bfc92559b8d4420a2849543c3f315256635c39076201d7ff84b9c480558,selected_candidate_loading,True,5cca3bfc92559b8d4420a2849543c3f315256635c39076201d7ff84b9c480558,bernoulli,5
rep3,start_B,2,3,bfgs,bernoulli,bernoulli,48.21150706269002,False,True,-49.07288652812323,-73.17864005946824,bfgs,9,True,1.6885026710156124e-11,True,0,bfgs,12,True,7.829745740650651e-10,False,2,bernoulli,-49.07288652812323,0.37476515445925263|0.28657100437754601|-0.42598645132866947|-0.14047685182166972|-0.19272978269473809,e161dbc3ff1db81010a5ee84ee34b67fddd71871df7257c4826e0fb939e3ca6e,selected_candidate_loading,True,e161dbc3ff1db81010a5ee84ee34b67fddd71871df7257c4826e0fb939e3ca6e,bernoulli,5
rep3,start_B,2,4,bfgs,bernoulli,bernoulli,53.594987031631646,False,True,-45.767749097372295,-72.56524261318812,bfgs,8,True,2.6312679146656136e-09,False,2,bfgs,11,True,1.1883527495371027e-11,True,0,bernoulli,-45.767749097372295,-0.018008681936427861|-0.044121578791816926|0.51355630690087828|0.36366825377510237|-0.43332864070373761,9e96af5cc8d5fe5401552044c6b8eda110f8b48a243db4adfdd4c79a6919058d,selected_candidate_loading,True,9e96af5cc8d5fe5401552044c6b8eda110f8b48a243db4adfdd4c79a6919058d,bernoulli,5
rep3,start_B,2,5,bfgs,bernoulli,bernoulli,47.33276751417222,False,True,-48.81408212343125,-72.48046588051736,bfgs,9,True,7.048117645069852e-12,True,0,bfgs,13,True,2.3359228926156383e-09,False,2,bernoulli,-48.81408212343125,0.081487925866514627|0.41892773506873177|0.21220193740047757|0.25867164429266676|-0.020687658735794902,6616e5cb17cc18a77419fee32637ac75b80c08d99bec91f6432b108848cff1d4,selected_candidate_loading,True,6616e5cb17cc18a77419fee32637ac75b80c08d99bec91f6432b108848cff1d4,bernoulli,5
rep3,start_B,2,6,bfgs,bernoulli,bernoulli,58.24953875764865,False,False,-41.848000520070386,-70.97276989889471,bfgs,11,True,8.549561059112421e-12,True,0,bfgs,13,False,1.0996314048217215e-08,False,2,bernoulli,-41.848000520070386,-0.0043085645691454217|-0.85733793133073655|0.29657045431724832|0.7522885922521847|0.064650559537330191,e6082104f9153ae70e5e1360a59f433b16f261178cf729b520aeeb8ed63b69bb,selected_candidate_loading,True,e6082104f9153ae70e5e1360a59f433b16f261178cf729b520aeeb8ed63b69bb,bernoulli,5
rep3,start_B,2,7,bfgs,bernoulli,bernoulli,49.386004032557025,False,True,-47.43137890456063,-72.12438092083914,bfgs,10,True,1.550293227126076e-11,True,0,bfgs,11,True,2.667759346763887e-09,False,2,bernoulli,-47.43137890456063,-0.53484168198737914|-0.11829092844115954|0.10624185043856178|0.51704126757608226|0.30228308439266366,06f459783deee6f23c1ae493a5258475965f0dac7c101fc6687af6940eb05b03,selected_candidate_loading,True,06f459783deee6f23c1ae493a5258475965f0dac7c101fc6687af6940eb05b03,bernoulli,5
rep3,start_B,2,8,bfgs,bernoulli,bernoulli,49.20907507275233,False,True,-47.874876224811494,-72.47941376118766,bfgs,9,True,5.218200449519373e-09,False,2,bfgs,11,True,7.729149231749944e-09,False,2,bernoulli,-47.874876224811494,-0.63846774791599537|0.25895662746139797|-0.36117224670388232|0.29133647500207244|0.028142528782586981,63cf99bf8b6736bdd7eeea514b43770fc2b598b9096d5cf24fe7ee1def0b3210,selected_candidate_loading,True,63cf99bf8b6736bdd7eeea514b43770fc2b598b9096d5cf24fe7ee1def0b3210,bernoulli,5
rep3,start_B,3,3,bfgs,bernoulli,bernoulli,50.102921657387256,False,True,-47.656687725195845,-72.70814855388947,bfgs,10,True,8.255818251257097e-12,True,0,bfgs,11,True,9.447802540307748e-11,True,0,bernoulli,-47.656687725195845,0.44454428731695822|0.30391568205528535|-0.51921315598154583|-0.19983254694482663|-0.16575852644427261,b0a6dde6c7abca3b5147e666b27bfd7ae62340c401b8f27adc56c860d155282f,selected_candidate_loading,True,b0a6dde6c7abca3b5147e666b27bfd7ae62340c401b8f27adc56c860d155282f,bernoulli,5
rep3,start_B,3,4,bfgs,bernoulli,bernoulli,55.39318107099825,False,True,-44.79143498238655,-72.48802551788567,bfgs,9,True,3.5407055065661555e-11,True,0,bfgs,14,True,2.869796111859557e-09,False,2,bernoulli,-44.79143498238655,0.11027171659832968|0.079864825531294509|0.69041693186063113|0.38733149319622129|-0.42570597119056214,4655d8c92d2956ff7cf07f7621eba5f1dd1c2faad0d889f74bac85083f972c9c,selected_candidate_loading,True,4655d8c92d2956ff7cf07f7621eba5f1dd1c2faad0d889f74bac85083f972c9c,bernoulli,5
rep3,start_B,3,5,bfgs,bernoulli,bernoulli,47.68115912006638,False,True,-48.9085574576293,-72.74913701766249,bfgs,9,True,5.404467984249095e-11,True,0,bfgs,12,True,2.4393764674890404e-09,False,2,bernoulli,-48.9085574576293,-0.14625192136083706|0.43359143143471124|0.11227209298669115|0.24429072534376686|0.045261234792406152,7260b78f5c64eb9d992ff7d84129570bfac5fc4dc5ae02dcf39cdf1c4fa1802f,selected_candidate_loading,True,7260b78f5c64eb9d992ff7d84129570bfac5fc4dc5ae02dcf39cdf1c4fa1802f,bernoulli,5
rep3,start_B,3,6,bfgs,bernoulli,bernoulli,58.44474103755948,False,False,-41.69795766000554,-70.92032817878528,bfgs,10,True,1.5048818191587543e-09,False,2,bfgs,11,False,9.5740223447216e-07,False,2,bernoulli,-41.69795766000554,0.022964596284997311|-0.8766547893803307|0.32384525637176104|0.74481387419170808|-0.0010571032431007442,bf371f9b2094be8fec6d175e282ddf12d948526afc57b8735f7c585ae03aba73,selected_candidate_loading,True,bf371f9b2094be8fec6d175e282ddf12d948526afc57b8735f7c585ae03aba73,bernoulli,5
rep3,start_B,3,7,bfgs,bernoulli,bernoulli,50.92070945105452,False,True,-46.64935469681013,-72.10970942233739,bfgs,10,True,4.104805384486099e-12,True,0,bfgs,16,True,2.0997026339841796e-09,False,2,bernoulli,-46.64935469681013,-0.69060960360363077|-0.18111356403511722|-0.010842162015268891|0.48001146128294619|0.37169404098686643,d424c90b053b48c9e56d1caa01010f1be61b76b8eecaa7693da8776a98d266fa,selected_candidate_loading,True,d424c90b053b48c9e56d1caa01010f1be61b76b8eecaa7693da8776a98d266fa,bernoulli,5
rep3,start_B,3,8,bfgs,bernoulli,bernoulli,50.113264965419006,False,True,-47.1465660668279,-72.2031985495374,bfgs,10,True,5.976996675371993e-12,True,0,bfgs,12,True,8.42911123122292e-09,False,2,bernoulli,-47.1465660668279,-0.68554226066209356|0.27279684014347122|-0.46776872678157677|0.30788170492778089|0.14796487829645077,633c2e0c5184a1531c772b9bd63394f71f8ceedbb0bc65952a91099aa046296d,selected_candidate_loading,True,633c2e0c5184a1531c772b9bd63394f71f8ceedbb0bc65952a91099aa046296d,bernoulli,5
rep3,start_B,4,3,bfgs,bernoulli,bernoulli,46.95283532354817,False,True,-48.70488945052072,-72.1813071122948,bfgs,10,True,3.658566782860362e-11,True,0,bfgs,15,True,3.58434206759739e-09,False,2,bernoulli,-48.70488945052072,0.36851699347635863|0.18714486597983024|-0.58661529690673686|-0.034266736455337697|-0.099723064183322108,99a6b028067172acd16e4cc2f212dae4a9c194fb619b2ad5abbd71c3a3c37232,selected_candidate_loading,True,99a6b028067172acd16e4cc2f212dae4a9c194fb619b2ad5abbd71c3a3c37232,bernoulli,5
rep3,start_B,4,4,bfgs,bernoulli,bernoulli,55.08474289716891,False,False,-44.85875258430493,-72.40112403288938,bfgs,11,False,3.3428884194108833e-08,False,2,bfgs,15,True,6.960399458189048e-10,False,2,bernoulli,-44.85875258430493,0.066873701207658967|0.11516677748074421|0.73336434250170546|0.36449048584758181|-0.35692213631412434,9860bb452921ebcf9a3dfd8ea2f1502dad5f75d685cb9149b0c410df9007fa2e,selected_candidate_loading,True,9860bb452921ebcf9a3dfd8ea2f1502dad5f75d685cb9149b0c410df9007fa2e,bernoulli,5
rep3,start_B,4,5,bfgs,bernoulli,bernoulli,47.01354206222791,False,True,-48.68935415035416,-72.19612518146812,bfgs,9,True,7.721811412508828e-10,False,2,bfgs,10,True,2.7347643372088727e-09,False,2,bernoulli,-48.68935415035416,-0.30859868755544451|0.37297930720229078|0.034828335910577567|0.25555921221946781|0.21575749649268536,bec2a45ff6669513ffa0a0f7e34433411aef67a858dfa8ad6b3e8bf131af6722,selected_candidate_loading,True,bec2a45ff6669513ffa0a0f7e34433411aef67a858dfa8ad6b3e8bf131af6722,bernoulli,5
rep3,start_B,4,6,bfgs,bernoulli,bernoulli,56.27075234117129,False,True,-42.81533828507743,-70.95071445566307,bfgs,10,True,6.501466032204917e-14,True,0,bfgs,12,True,6.698608667754513e-10,False,2,bernoulli,-42.81533828507743,-0.063926529820744038|-0.79721369058645219|0.31494900419104527|0.70577160476315526|-0.0057464605404886678,3bdd241dde4fd0f5b7280f8bcf5b2df611e8c9f636b0e928448d24ecfd123076,selected_candidate_loading,True,3bdd241dde4fd0f5b7280f8bcf5b2df611e8c9f636b0e928448d24ecfd123076,bernoulli,5
rep3,start_B,4,7,bfgs,bernoulli,bernoulli,50.459798691818804,False,True,-46.006333654453485,-71.23623300036289,bfgs,9,True,2.4150104138698224e-11,True,0,bfgs,15,True,1.3699632539498907e-09,False,2,bernoulli,-46.006333654453485,-0.64938364639328017|-0.22286722522421368|-0.14413589827287573|0.57620759541758193|0.37928183365281432,57445f810cf0e597af51937afbcbad00ba523237f9bbfe65580f23508e03c8d2,selected_candidate_loading,True,57445f810cf0e597af51937afbcbad00ba523237f9bbfe65580f23508e03c8d2,bernoulli,5
rep3,start_B,4,8,bfgs,bernoulli,bernoulli,50.035249513505974,False,False,-46.58904708564993,-71.60667184240292,bfgs,10,True,9.35689747905144e-11,True,0,bfgs,13,False,4.3474998534520634e-08,False,2,bernoulli,-46.58904708564993,-0.64186871851024818|0.27955015784368836|-0.60831006484221295|0.23707085774757608|0.078250479310489757,ca7c420276e101316a14b9570e6a0ee6a082d7c0ad4ef52fce358d7324eb15c6,selected_candidate_loading,True,ca7c420276e101316a14b9570e6a0ee6a082d7c0ad4ef52fce358d7324eb15c6,bernoulli,5
rep3,start_B,5,3,bfgs,bernoulli,bernoulli,48.233400570876,False,True,-49.20911262711367,-73.32581291255167,bfgs,10,True,3.9547309871323936e-12,True,0,bfgs,10,True,9.551985868938573e-11,True,0,bernoulli,-49.20911262711367,0.34510010036684186|0.18569250296723439|-0.47308959366489811|-0.10794258581540736|-0.13545480039009816,3ea50ef4ee17e0863acd54f5d7f2e5d8136bc15887c45ce8f5ffa9d403741e46,selected_candidate_loading,True,3ea50ef4ee17e0863acd54f5d7f2e5d8136bc15887c45ce8f5ffa9d403741e46,bernoulli,5
rep3,start_B,5,4,bfgs,bernoulli,bernoulli,54.03380144771481,False,False,-45.907950187202744,-72.92485091106015,bfgs,10,True,4.304894218876143e-11,True,0,bfgs,13,False,1.7323052897699754e-08,False,2,bernoulli,-45.907950187202744,-0.052133306498747076|0.057071605144263265|0.67268626311382018|0.30104566348494488|-0.3560677316721747,6239f1a69f0e1ec7b0135ecdfda66c858e121d7c127cc92427d5d6cd79bf87f0,selected_candidate_loading,True,6239f1a69f0e1ec7b0135ecdfda66c858e121d7c127cc92427d5d6cd79bf87f0,bernoulli,5
rep3,start_B,5,5,bfgs,bernoulli,bernoulli,49.8002872669599,False,True,-47.61899003319321,-72.51913366667316,bfgs,9,True,2.6340610581598868e-09,False,2,bfgs,10,True,1.814076527884012e-10,False,2,bernoulli,-47.61899003319321,-0.55697890449790954|0.40135328708188367|-0.009091970356767818|0.26517865268410418|0.054585967794279357,985a91eaa0bfe0667849b65c1f76c3ca5ccf470553510a601574563138dddd49,selected_candidate_loading,True,985a91eaa0bfe0667849b65c1f76c3ca5ccf470553510a601574563138dddd49,bernoulli,5
rep3,start_B,5,6,bfgs,bernoulli,bernoulli,59.71970978636875,False,True,-41.3061958841091,-71.16605077729348,bfgs,9,True,8.127187811624026e-12,True,0,bfgs,14,True,2.493600881336988e-11,True,0,bernoulli,-41.3061958841091,-0.12429393631283202|-0.76640681498134988|0.51878522044657061|0.73890562118732539|0.042080681265032241,fa3d01691d2f888aedc2978018dbecfe3cbe454cc92327eec78206e7d71544a7,selected_candidate_loading,True,fa3d01691d2f888aedc2978018dbecfe3cbe454cc92327eec78206e7d71544a7,bernoulli,5
rep3,start_B,5,7,bfgs,bernoulli,bernoulli,52.14617540795149,False,True,-45.377092663998766,-71.45018036797451,bfgs,9,True,4.830136290934206e-13,True,0,bfgs,15,True,4.861751889961851e-10,False,2,bernoulli,-45.377092663998766,-0.60778476664234626|-0.25860505475707929|-0.0022231022909801525|0.62036862691994465|0.44110398411381019,aef91c5260d32759e499607bc038255b8d6e70cf1c277ebaf7e8c45921bf7873,selected_candidate_loading,True,aef91c5260d32759e499607bc038255b8d6e70cf1c277ebaf7e8c45921bf7873,bernoulli,5
rep3,start_B,5,8,bfgs,bernoulli,bernoulli,50.199949148799405,False,False,-46.780378346782975,-71.88035292118268,bfgs,10,True,1.3664624987086426e-13,True,0,bfgs,15,False,3.097882768088312e-08,False,2,bernoulli,-46.780378346782975,-0.5920410072285236|0.22458122871829184|-0.55238540616625476|0.37451128426070207|0.067406441749485943,a1dba70407ee16810be4e244ed315af19b64a0c8e95ffff95f53ad33f5be07dc,selected_candidate_loading,True,a1dba70407ee16810be4e244ed315af19b64a0c8e95ffff95f53ad33f5be07dc,bernoulli,5
rep3,start_B,6,3,bfgs,bernoulli,bernoulli,48.073437331319724,False,True,-49.14255129447962,-73.17926996013948,bfgs,9,True,3.224104316856824e-11,True,0,bfgs,10,True,1.7866190304971496e-09,False,2,bernoulli,-49.14255129447962,0.26889550858295558|0.22142816639977364|-0.41257910082589727|-0.14659981969114286|-0.11950244492725304,385d03172bf9882d611c587ce9644dee16d93a4f19da18d5b6d92efd300f9f4d,selected_candidate_loading,True,385d03172bf9882d611c587ce9644dee16d93a4f19da18d5b6d92efd300f9f4d,bernoulli,5
rep3,start_B,6,4,bfgs,bernoulli,bernoulli,55.415285105855745,False,True,-44.671852813726126,-72.379495366654,bfgs,10,True,2.6008291076351497e-09,False,2,bfgs,15,True,6.108530348214458e-12,True,0,bernoulli,-44.671852813726126,-0.1293502516860498|0.20021623883373033|0.81720276338173981|0.26687227291777738|-0.2716877997277321,79f16febbfe3ef074f9bae96158b5a122a3a634ec76693722d8b75b57ea69843,selected_candidate_loading,True,79f16febbfe3ef074f9bae96158b5a122a3a634ec76693722d8b75b57ea69843,bernoulli,5
rep3,start_B,6,5,bfgs,bernoulli,bernoulli,52.49072570238678,False,True,-46.07155305702156,-72.31691590821495,bfgs,9,True,5.6492553301978886e-09,False,2,bfgs,16,True,1.4928539349146063e-09,False,2,bernoulli,-46.07155305702156,-0.68176402819708803|0.56562699829537233|-0.11634523818037822|0.18818204383266945|0.05302674986419903,22abed8ebae950dff8c678ef28553c4b7037afb5bda0117881fae67b1f999dca,selected_candidate_loading,True,22abed8ebae950dff8c678ef28553c4b7037afb5bda0117881fae67b1f999dca,bernoulli,5
rep3,start_B,6,6,bfgs,bernoulli,bernoulli,57.64585127581746,False,True,-41.65229107427077,-70.4752167121795,bfgs,9,True,1.7965184895274433e-12,True,0,bfgs,13,True,1.5554122434480178e-09,False,2,bernoulli,-41.65229107427077,-0.09957178028923562|-0.69063245404935247|0.66000627561428293|0.68411984273562354|0.25685498207209945,2e8ee73d5b20b02d737a101d746a2d12129938c355605b0fd406d6ec18980aa6,selected_candidate_loading,True,2e8ee73d5b20b02d737a101d746a2d12129938c355605b0fd406d6ec18980aa6,bernoulli,5
rep3,start_B,6,7,bfgs,bernoulli,bernoulli,50.78708099444951,False,True,-46.10301106094138,-71.49655155816613,bfgs,11,True,2.1184029530552095e-11,True,0,bfgs,15,True,4.737568781720824e-10,False,2,bernoulli,-46.10301106094138,-0.62380282012861632|-0.14064000040082913|-0.094828310622968787|0.5273230999098063|0.33943903539144477,a73cb331df0e839d28dc061121d90baae84be9a9d53e43787cd741dd4ff0f5cb,selected_candidate_loading,True,a73cb331df0e839d28dc061121d90baae84be9a9d53e43787cd741dd4ff0f5cb,bernoulli,5
rep3,start_B,6,8,bfgs,bernoulli,bernoulli,49.49983995505721,False,True,-47.285991047230084,-72.03591102475869,bfgs,11,True,1.6063506080854496e-11,True,0,bfgs,14,True,3.3256829512495756e-09,False,2,bernoulli,-47.285991047230084,-0.48043812284802367|0.30845358071348183|-0.54784155593988104|0.33884909720616913|0.0070325196469449422,cf214bf15afbe0642eb2b1176a3b11e8694768ae40eeab82888e1e421e866d9d,selected_candidate_loading,True,cf214bf15afbe0642eb2b1176a3b11e8694768ae40eeab82888e1e421e866d9d,bernoulli,5
rep3,start_B,7,3,bfgs,bernoulli,bernoulli,49.07015199277629,False,True,-49.323596944257886,-73.85867294064603,bfgs,11,True,5.259792601464142e-13,True,0,bfgs,10,True,3.869793374633446e-12,True,0,bernoulli,-49.323596944257886,0.30905042223486484|0.20549989404920221|-0.36087208107596219|-0.11310231990964743|-0.18067836328734921,1fba0db56dc52412064e6d9bf8ff5a40d35bcf380bb4ca8a3ea09a2db6475bfa,selected_candidate_loading,True,1fba0db56dc52412064e6d9bf8ff5a40d35bcf380bb4ca8a3ea09a2db6475bfa,bernoulli,5
rep3,start_B,7,4,bfgs,bernoulli,bernoulli,56.06450786406941,False,True,-44.46640315072578,-72.49865708276049,bfgs,9,True,1.1131857657886712e-10,False,2,bfgs,15,True,5.075141973343023e-11,True,0,bernoulli,-44.46640315072578,-0.17966291835477444|0.1541068291018613|0.82865484911661391|0.29367455675797172|-0.25100170070015626,7655f8b133a1ce0146a992da6488a6c110a5fb9e773a6f926a79565df21802ce,selected_candidate_loading,True,7655f8b133a1ce0146a992da6488a6c110a5fb9e773a6f926a79565df21802ce,bernoulli,5
rep3,start_B,7,5,bfgs,bernoulli,bernoulli,53.40955223628902,False,True,-45.54599067848426,-72.25076679662877,bfgs,11,True,6.441993605221796e-11,True,0,bfgs,15,True,9.966940964223347e-09,False,2,bernoulli,-45.54599067848426,-0.80061205009569525|0.63799205913829327|-0.11748323250674403|0.073016167955419251|0.074811994500473988,f2743dc91c085739ae736a8928c3fb5d199802cc14284344e76da8d14a1e1b4d,selected_candidate_loading,True,f2743dc91c085739ae736a8928c3fb5d199802cc14284344e76da8d14a1e1b4d,bernoulli,5
rep3,start_B,7,6,bfgs,bernoulli,bernoulli,54.749031385225976,False,True,-44.37859629481626,-71.75311198742925,bfgs,11,True,5.774865030616638e-11,True,0,bfgs,15,True,6.4752877726448336e-09,False,2,bernoulli,-44.37859629481626,-0.47011043229424454|-0.47296514326238087|0.47874035066233439|0.48629153852125789|0.23847406469510293,080b47ccb3f45f5547ee33fb314b2c2a6c898d79d35eea38271a726f344b1a75,selected_candidate_loading,True,080b47ccb3f45f5547ee33fb314b2c2a6c898d79d35eea38271a726f344b1a75,bernoulli,5
rep3,start_B,7,7,bfgs,bernoulli,bernoulli,51.545651052924484,False,True,-45.80494415435834,-71.57776968082058,bfgs,9,True,1.9662539374465383e-10,False,2,bfgs,15,True,2.224116002480514e-09,False,2,bernoulli,-45.80494415435834,-0.70804855799934119|-0.052524957370660312|-0.1324404894587552|0.49729402602935829|0.40824822703923092,e8bc02219317155152e8c078f476ff31565aa67476fa6ba0a863106faf36818d,selected_candidate_loading,True,e8bc02219317155152e8c078f476ff31565aa67476fa6ba0a863106faf36818d,bernoulli,5
rep3,start_B,7,8,bfgs,bernoulli,bernoulli,48.990986915722786,False,False,-47.64744863668012,-72.14294209454151,bfgs,9,True,6.210818526142248e-11,True,0,bfgs,13,False,1.2716628141618003e-07,False,2,bernoulli,-47.64744863668012,-0.32017690704106166|0.25762579540150321|-0.5959184982047685|0.46778960934482483|0.092682402404844766,f18c3362ae602630ad4199580305e918c4cbc77368be032bda127e827cc0a09e,selected_candidate_loading,True,f18c3362ae602630ad4199580305e918c4cbc77368be032bda127e827cc0a09e,bernoulli,5
rep3,start_B,8,3,bfgs,bernoulli,bernoulli,50.59939522922683,False,False,-48.16680729295026,-73.46650490756367,bfgs,11,True,3.970637152406198e-11,True,0,bfgs,11,False,4.9507752919453195e-08,False,2,bernoulli,-48.16680729295026,0.48349994388160089|0.0080723649542492545|-0.52954063082718217|-0.023964487790184428|-0.23961523454763711,3c042cef2216d7495d3a36c3b3f57198d86bd0cb04886682871c28a87ca41a46,selected_candidate_loading,True,3c042cef2216d7495d3a36c3b3f57198d86bd0cb04886682871c28a87ca41a46,bernoulli,5
rep3,start_B,8,4,bfgs,bernoulli,bernoulli,54.998430014354994,False,True,-45.7278584992394,-73.2270735064169,bfgs,9,True,2.7506757982465047e-11,True,0,bfgs,14,True,2.4796195680076847e-09,False,2,bernoulli,-45.7278584992394,-0.17373229860348657|0.18230301296375118|0.60484836868656877|0.39616215427531598|-0.29635649186119278,ca97c4792ade6ef2292e149dc2e7eecdb405a96d6de83c449c80035acf30a64d,selected_candidate_loading,True,ca97c4792ade6ef2292e149dc2e7eecdb405a96d6de83c449c80035acf30a64d,bernoulli,5
rep3,start_B,8,5,bfgs,bernoulli,bernoulli,51.76245357530938,False,True,-46.041573864575604,-71.9228006522303,bfgs,10,True,1.483257960899209e-14,True,0,bfgs,14,True,9.866170588845868e-09,False,2,bernoulli,-46.041573864575604,-0.71767969093534989|0.63268231855676271|-0.086845212773289493|0.12193421879621633|0.057067353134138646,a01bb102ccc912312f7967c5f40bc89ee76513d2fb7061b83f6a0edfe5cee2a0,selected_candidate_loading,True,a01bb102ccc912312f7967c5f40bc89ee76513d2fb7061b83f6a0edfe5cee2a0,bernoulli,5
rep3,start_B,8,6,bfgs,bernoulli,bernoulli,55.85194934110896,False,True,-44.377528255800556,-72.30350292635504,bfgs,10,True,3.1130431565884464e-11,True,0,bfgs,14,True,3.877445697852977e-10,False,2,bernoulli,-44.377528255800556,-0.40726263321695982|-0.49878099997801351|0.35237127963764187|0.55542036283299479|0.19331755600189385,45c044c032b909d09d64cd6a4aeefdb0fd86f377e2fac873dd2690df5e780c18,selected_candidate_loading,True,45c044c032b909d09d64cd6a4aeefdb0fd86f377e2fac873dd2690df5e780c18,bernoulli,5
rep3,start_B,8,7,bfgs,bernoulli,bernoulli,53.163974371155035,False,True,-45.01783791806797,-71.59982510364549,bfgs,10,True,2.823498768123045e-10,False,2,bfgs,14,True,1.885784306487892e-10,False,2,bernoulli,-45.01783791806797,-0.98807361442698138|0.099146808003374956|-0.14479838905455419|0.26127056597174508|0.38884652180806739,756c8c130ad9786b8dbdadd3823d983ca6a3cf18c7723f1ef3616c235dfbbfb7,selected_candidate_loading,True,756c8c130ad9786b8dbdadd3823d983ca6a3cf18c7723f1ef3616c235dfbbfb7,bernoulli,5
rep3,start_B,8,8,bfgs,bernoulli,bernoulli,49.80846985253066,False,True,-46.820222453974225,-71.72445738023956,bfgs,11,True,2.077621363838489e-09,False,2,bfgs,12,True,5.211507669855564e-10,False,2,bernoulli,-46.820222453974225,-0.49069422005092017|0.3034131716255819|-0.64670221288072283|0.33490486539060205|0.043306063657210445,f967873643d7f500fd96daf8ab3c1ba42d0661c60c78b47dd993f7fa5703c819,selected_candidate_loading,True,f967873643d7f500fd96daf8ab3c1ba42d0661c60c78b47dd993f7fa5703c819,bernoulli,5
rep3,start_P,1,3,bfgs,poisson,bernoulli,47.24761397884136,True,True,-51.335606311467096,-74.95941330088777,bfgs,4,True,3.8077541120173916e-12,True,0,bfgs,4,True,3.2899905022532037e-12,True,0,bernoulli,-51.335606311467096,0.26686044446883883,a4f2850d47e880d6eaf1ae5e0e1d6c64b6a6f6be405be67aef19148cf84e0711,selected_candidate_loading,True,a4f2850d47e880d6eaf1ae5e0e1d6c64b6a6f6be405be67aef19148cf84e0711,bernoulli,1
rep3,start_P,1,4,bfgs,poisson,bernoulli,48.04273762085907,True,False,-50.26175287351852,-74.28312168394805,bfgs,4,False,1.0076792644753141e-08,False,2,bfgs,5,True,5.2935433814127465e-14,True,0,bernoulli,-50.26175287351852,-0.44405289583556612,1a6da44f38c209bc5bd3bc58e49d8317f9cde8360f0e54366cbb84ad8d0d8e1e,selected_candidate_loading,True,1a6da44f38c209bc5bd3bc58e49d8317f9cde8360f0e54366cbb84ad8d0d8e1e,bernoulli,1
rep3,start_P,1,5,bfgs,poisson,bernoulli,45.942288115707754,True,False,-51.98581461587338,-74.95695867372726,bfgs,4,True,2.1049828546892967e-14,True,0,bfgs,3,False,1.2067824131989368e-06,False,2,bernoulli,-51.98581461587338,-0.0048872964915099215,9d9db83d8500b069c52ea97e86eebb1410f790ff4338e3196cc8c41d6d6e80c7,selected_candidate_loading,True,9d9db83d8500b069c52ea97e86eebb1410f790ff4338e3196cc8c41d6d6e80c7,bernoulli,1
rep3,start_P,1,6,bfgs,poisson,bernoulli,46.74377860609553,True,True,-51.22884310550876,-74.60073240855652,bfgs,4,True,3.5967162581584946e-11,True,0,bfgs,4,True,4.991109747720657e-11,True,0,bernoulli,-51.22884310550876,-0.28855024943894214,56a9609631f0391f01cf1878fa3ed7bcccde86c980f8991b91b1c4ad04d8d2ca,selected_candidate_loading,True,56a9609631f0391f01cf1878fa3ed7bcccde86c980f8991b91b1c4ad04d8d2ca,bernoulli,1
rep3,start_P,1,7,bfgs,poisson,bernoulli,46.47615962032623,True,True,-51.439991417256195,-74.67807122741931,bfgs,4,True,5.080336151763731e-12,True,0,bfgs,2,True,9.907630271754897e-14,True,0,bernoulli,-51.439991417256195,-0.2439977430165941,56d8e77ac0764c5fb76610f3e7481e5d535635f890135b3422a638c094618a16,selected_candidate_loading,True,56d8e77ac0764c5fb76610f3e7481e5d535635f890135b3422a638c094618a16,bernoulli,1
rep3,start_P,1,8,bfgs,poisson,bernoulli,46.020896431930396,True,True,-51.833825235017045,-74.84427345098224,bfgs,4,True,1.4400924897017831e-12,True,0,bfgs,5,True,1.0658141036401502e-15,True,0,bernoulli,-51.833825235017045,-0.12780967998404014,f81b656a3057abaa1e53b2e8a5ac2dd1efb3fd0c09a7f67c6c1f2cc1b9e51e1f,selected_candidate_loading,True,f81b656a3057abaa1e53b2e8a5ac2dd1efb3fd0c09a7f67c6c1f2cc1b9e51e1f,bernoulli,1
rep3,start_P,2,3,bfgs,bernoulli,bernoulli,46.84945548200466,False,True,-51.554108500760734,-74.97883624176306,bfgs,4,True,1.1747047778953856e-12,True,0,bfgs,4,True,4.199307568342192e-12,True,0,bernoulli,-51.554108500760734,0.2164581423790965,1c4125c9d6245f394fcb4bd9c945d5ba58eca18abc384443e74fca6c7543faa1,selected_candidate_loading,True,1c4125c9d6245f394fcb4bd9c945d5ba58eca18abc384443e74fca6c7543faa1,bernoulli,1
rep3,start_P,2,4,bfgs,bernoulli,bernoulli,48.37208194675148,False,True,-49.130695799965864,-73.3167367733416,bfgs,4,True,1.426396778470007e-11,True,0,bfgs,5,True,1.0222933610748441e-12,True,0,bernoulli,-49.130695799965864,-0.58363190304082591,f85bdceb971c247816c6d74f448251f5bd5037d17bcb6fe05a306c7bc965cb18,selected_candidate_loading,True,f85bdceb971c247816c6d74f448251f5bd5037d17bcb6fe05a306c7bc965cb18,bernoulli,1
rep3,start_P,2,5,bfgs,bernoulli,bernoulli,46.16626840818816,False,True,-50.97412930235481,-74.05726350644889,bfgs,4,True,3.188098673945206e-11,True,0,bfgs,5,True,1.0658141036401502e-15,True,0,bernoulli,-50.97412930235481,-0.33508369034226104,e996a01d75119c6175c3d7ba1095bd26e1ab060d22bd854f90fdf187d68c5d86,selected_candidate_loading,True,e996a01d75119c6175c3d7ba1095bd26e1ab060d22bd854f90fdf187d68c5d86,bernoulli,1
rep3,start_P,2,6,bfgs,bernoulli,bernoulli,46.08038284879322,False,True,-51.05596439088228,-74.09615581527889,bfgs,5,True,2.969448686940268e-10,False,2,bfgs,5,True,7.105427357601002e-16,True,0,bernoulli,-51.05596439088228,-0.32073544214347821,c739be5637862d04ac5609ff97b9b05cc6bcaf05614afa786892768b644aac8c,selected_candidate_loading,True,c739be5637862d04ac5609ff97b9b05cc6bcaf05614afa786892768b644aac8c,bernoulli,1
rep3,start_P,2,7,bfgs,bernoulli,bernoulli,49.17031744930583,False,True,-48.51775072569451,-73.10290945034743,bfgs,4,True,2.172174662362636e-11,True,0,bfgs,4,True,1.1082157413966342e-11,True,0,bernoulli,-48.51775072569451,-0.65109025623454275,86ffa7ca0dfa01d3a4414068b0dffbf8542ae8b3d1ddb42646219dd0e69c22f3,selected_candidate_loading,True,86ffa7ca0dfa01d3a4414068b0dffbf8542ae8b3d1ddb42646219dd0e69c22f3,bernoulli,1
rep3,start_P,2,8,bfgs,bernoulli,bernoulli,46.178583783599834,False,True,-50.96252945630488,-74.0518213481048,bfgs,4,True,9.749978602258125e-12,True,0,bfgs,5,True,3.907985046680551e-15,True,0,bernoulli,-50.96252945630488,-0.33707520194086094,1af982bf74435f0e5d6576f23b252c98fc3845c14799064e6c1eab6e005d4e87,selected_candidate_loading,True,1af982bf74435f0e5d6576f23b252c98fc3845c14799064e6c1eab6e005d4e87,bernoulli,1
rep3,start_P,3,3,bfgs,bernoulli,bernoulli,47.82471394186618,False,True,-51.08645154872026,-74.99880851965335,bfgs,4,True,5.010880599343181e-13,True,0,bfgs,5,True,2.842170943040401e-15,True,0,bernoulli,-51.08645154872026,0.31458841456542957,c873a49fb746ea4c6d261f41024d1a6cbc2dba0f7025086ad13a6cac2293d879,selected_candidate_loading,True,c873a49fb746ea4c6d261f41024d1a6cbc2dba0f7025086ad13a6cac2293d879,bernoulli,1
rep3,start_P,3,4,bfgs,bernoulli,bernoulli,49.37322295914602,False,False,-48.484832364093826,-73.17144384366684,bfgs,3,False,1.2770220214619599e-07,False,2,bfgs,5,False,5.6823124339189234e-08,False,2,bernoulli,-48.484832364093826,-0.6498112928276728,2fd2de866dad8e0f27f6c8bb0602d13e895089c4fe7bcd8138e4f9049b086b40,selected_candidate_loading,True,2fd2de866dad8e0f27f6c8bb0602d13e895089c4fe7bcd8138e4f9049b086b40,bernoulli,1
rep3,start_P,3,5,bfgs,bernoulli,bernoulli,47.24344829692831,False,True,-50.15384155264458,-73.77556570110873,bfgs,4,True,1.1368683772161604e-14,True,0,bfgs,5,True,0.0,True,0,bernoulli,-50.15384155264458,-0.45631035333638009,d1ea3943c776e5e6c7b64508a7d2d731e06387f9e260619892c4e708fc2156c8,selected_candidate_loading,True,d1ea3943c776e5e6c7b64508a7d2d731e06387f9e260619892c4e708fc2156c8,bernoulli,1
rep3,start_P,3,6,bfgs,bernoulli,bernoulli,47.414288082864815,False,False,-50.01364333486604,-73.72078737629845,bfgs,3,False,1.3468704196384352e-08,False,2,bfgs,5,True,1.7763568394002505e-15,True,0,bernoulli,-50.01364333486604,-0.47461431864048359,028df9f4a409d2e302d8fe4633f9ff2c4baaf22f3b26fdde4d21934e47d6c7da,selected_candidate_loading,True,028df9f4a409d2e302d8fe4633f9ff2c4baaf22f3b26fdde4d21934e47d6c7da,bernoulli,1
rep3,start_P,3,7,bfgs,bernoulli,bernoulli,49.02544327258849,False,True,-48.74841301932899,-73.26113465562324,bfgs,4,True,2.604583215770617e-13,True,0,bfgs,5,True,1.0125233984581428e-14,True,0,bernoulli,-48.74841301932899,-0.62191089772353048,b6da3528edeb198b2cdd5c0a6d2d84986d78d87adf8bbccfc1524cb64d1377c9,selected_candidate_loading,True,b6da3528edeb198b2cdd5c0a6d2d84986d78d87adf8bbccfc1524cb64d1377c9,bernoulli,1
rep3,start_P,3,8,bfgs,bernoulli,bernoulli,46.302108412452355,False,True,-50.966827466418195,-74.11788167264437,bfgs,3,True,3.3750779948604757e-15,True,0,bfgs,5,True,7.105427357601002e-16,True,0,bernoulli,-50.966827466418195,-0.33554596513443868,3abe68fcce636c004dad7b1a16f575a122c08f0112758bf3cecd97e1fdc44ab9,selected_candidate_loading,True,3abe68fcce636c004dad7b1a16f575a122c08f0112758bf3cecd97e1fdc44ab9,bernoulli,1
rep3,start_P,4,3,bfgs,bernoulli,bernoulli,46.736211113114024,False,True,-51.631693374443344,-74.99979893100036,bfgs,4,True,1.8396395518038844e-11,True,0,bfgs,4,True,1.709032915186981e-12,True,0,bernoulli,-51.631693374443344,0.19548527289136264,4417048e1d5e4378138981189037ee258ee9c59bdf3470016b38aa01b69029b2,selected_candidate_loading,True,4417048e1d5e4378138981189037ee258ee9c59bdf3470016b38aa01b69029b2,bernoulli,1
rep3,start_P,4,4,bfgs,bernoulli,bernoulli,50.086367331988214,False,True,-48.43863113099572,-73.48181479698982,bfgs,2,True,5.846434447676074e-11,True,0,bfgs,5,True,3.552713678800501e-15,True,0,bernoulli,-48.43863113099572,-0.65113916037190855,03a552255a31ae4244e8e42169d87be625110c581a5d6e5e7c80cbf3f8becf20,selected_candidate_loading,True,03a552255a31ae4244e8e42169d87be625110c581a5d6e5e7c80cbf3f8becf20,bernoulli,1
rep3,start_P,4,5,bfgs,bernoulli,bernoulli,48.84154615457784,False,True,-49.34738980003092,-73.76816287731984,bfgs,4,True,4.4475534366483774e-14,True,0,bfgs,5,True,2.1849189124623082e-14,True,0,bernoulli,-49.34738980003092,-0.55322480280822384,365634dd1b488d70a3ae859a2353f6a3aa2eced44c2f38aa26bfb1cf7997afc6,selected_candidate_loading,True,365634dd1b488d70a3ae859a2353f6a3aa2eced44c2f38aa26bfb1cf7997afc6,bernoulli,1
rep3,start_P,4,6,bfgs,bernoulli,bernoulli,47.25669240074478,False,True,-50.55482237958162,-74.18316857995401,bfgs,4,True,3.694911043794491e-11,True,0,bfgs,5,True,4.973799150320701e-15,True,0,bernoulli,-50.55482237958162,-0.39958807908753669,5c74e9426184bc63b545547beee18b5cd653324ee9d97e090edfe94e98b86857,selected_candidate_loading,True,5c74e9426184bc63b545547beee18b5cd653324ee9d97e090edfe94e98b86857,bernoulli,1
rep3,start_P,4,7,bfgs,bernoulli,bernoulli,47.91906741715897,False,True,-50.04068702820763,-74.00022073678711,bfgs,4,True,2.111884378486195e-09,False,2,bfgs,4,True,2.4628997508102658e-09,False,2,bernoulli,-50.04068702820763,-0.46971123013347549,80eee9dee1284c59e2c4f4f1d5d7598022ca64328c712311d11f3a16bf9c4905,selected_candidate_loading,True,80eee9dee1284c59e2c4f4f1d5d7598022ca64328c712311d11f3a16bf9c4905,bernoulli,1
rep3,start_P,4,8,bfgs,bernoulli,bernoulli,46.93646330694624,False,True,-50.81096185941208,-74.2791935128852,bfgs,4,True,3.275157922644212e-16,True,0,bfgs,5,True,1.0658141036401502e-15,True,0,bernoulli,-50.81096185941208,-0.36060169865419983,62cc7984f854692353a423ddc67b2f183bd31697f8f4c1c816ef9be14fee0d4d,selected_candidate_loading,True,62cc7984f854692353a423ddc67b2f183bd31697f8f4c1c816ef9be14fee0d4d,bernoulli,1
rep3,start_P,5,3,bfgs,bernoulli,bernoulli,46.30833016123158,False,True,-51.830496622907695,-74.98466170352349,bfgs,4,True,7.295941628626679e-13,True,0,bfgs,4,True,2.3603374810221566e-11,True,0,bernoulli,-51.830496622907695,0.12918686783889571,30a6ec99d4544fd3d3ef3d723ad66217110ccf6eacf583211a3e0ebe3f74852b,selected_candidate_loading,True,30a6ec99d4544fd3d3ef3d723ad66217110ccf6eacf583211a3e0ebe3f74852b,bernoulli,1
rep3,start_P,5,4,bfgs,bernoulli,bernoulli,49.31057890045294,False,True,-48.97073401271992,-73.62602346294639,bfgs,4,True,3.012239346844581e-11,True,0,bfgs,5,True,2.042810365310288e-15,True,0,bernoulli,-48.97073401271992,-0.60128170394128999,055a59a58c42955098d8494f29700078882446cf6b29ab0beb7cf7ec5007a894,selected_candidate_loading,True,055a59a58c42955098d8494f29700078882446cf6b29ab0beb7cf7ec5007a894,bernoulli,1
rep3,start_P,5,5,bfgs,bernoulli,bernoulli,48.719948434623205,False,True,-49.40632985648911,-73.76630407380071,bfgs,3,True,8.135714324453147e-14,True,0,bfgs,5,True,9.876544027065393e-14,True,0,bernoulli,-49.40632985648911,-0.55137809237391533,003670f2bf506518d15cec2fa6e87ac75cbd008d1618bad1856ec353b62df961,selected_candidate_loading,True,003670f2bf506518d15cec2fa6e87ac75cbd008d1618bad1856ec353b62df961,bernoulli,1
rep3,start_P,5,6,bfgs,bernoulli,bernoulli,46.58481620267871,False,True,-51.07361721656006,-74.36602531789941,bfgs,4,True,8.176570531759353e-11,True,0,bfgs,5,True,5.861977570020826e-15,True,0,bernoulli,-51.07361721656006,-0.31744367898673526,3743b6996f6caddcb5f6b4d4ba01144b2502f17ef4532fc6fb677043501fb910,selected_candidate_loading,True,3743b6996f6caddcb5f6b4d4ba01144b2502f17ef4532fc6fb677043501fb910,bernoulli,1
rep3,start_P,5,7,bfgs,bernoulli,bernoulli,46.48239346939475,False,True,-51.16100447102887,-74.40220120572624,bfgs,5,True,1.3322676295501878e-15,True,0,bfgs,5,True,3.0198066269804257e-15,True,0,bernoulli,-51.16100447102887,-0.30135379920443883,7772d4c988d0849570c80f589dd51c4d7f3d855635fe849d1996dd5e74af23c8,selected_candidate_loading,True,7772d4c988d0849570c80f589dd51c4d7f3d855635fe849d1996dd5e74af23c8,bernoulli,1
rep3,start_P,5,8,bfgs,bernoulli,bernoulli,46.63257598194714,False,True,-51.03332281115248,-74.34961080212605,bfgs,4,True,1.8314239014216581e-13,True,0,bfgs,5,True,2.220446049250313e-15,True,0,bernoulli,-51.03332281115248,-0.32462859569241254,f7e945bae22d544db01e39b0db9a27d23d3a5f88ede232743b0e17ef222fe62a,selected_candidate_loading,True,f7e945bae22d544db01e39b0db9a27d23d3a5f88ede232743b0e17ef222fe62a,bernoulli,1
rep3,start_P,6,3,bfgs,bernoulli,bernoulli,46.12794871839395,False,True,-51.907811531325365,-74.97178589052234,bfgs,4,True,2.3092638912203257e-15,True,0,bfgs,4,True,2.312816604899126e-13,True,0,bernoulli,-51.907811531325365,0.091486884269172508,1665b580b0ec30d71ca73ea1bcc9ecaf643b2ac01418f6c31b83d24439e52a55,selected_candidate_loading,True,1665b580b0ec30d71ca73ea1bcc9ecaf643b2ac01418f6c31b83d24439e52a55,bernoulli,1
rep3,start_P,6,4,bfgs,bernoulli,bernoulli,51.39451930609172,False,True,-47.53583860856388,-73.23309826160974,bfgs,5,True,1.7763568394002506e-16,True,0,bfgs,5,True,4.511946372076636e-13,True,0,bernoulli,-47.53583860856388,-0.7533884043059802,7ac692420e39403468cd657168e91c3f0787f6a8a2d121d6910c81badd09cb2f,selected_candidate_loading,True,7ac692420e39403468cd657168e91c3f0787f6a8a2d121d6910c81badd09cb2f,bernoulli,1
rep3,start_P,6,5,bfgs,bernoulli,bernoulli,47.87282659240417,False,True,-50.08865581239767,-74.02506910859975,bfgs,5,True,4.4408920985006264e-17,True,0,bfgs,5,True,6.394884621840902e-14,True,0,bernoulli,-50.08865581239767,-0.46709121852601848,793624f9689c6736a4ef4d82cf19ac1838e8e3975e0066422f5056e9fbda29d3,selected_candidate_loading,True,793624f9689c6736a4ef4d82cf19ac1838e8e3975e0066422f5056e9fbda29d3,bernoulli,1
rep3,start_P,6,6,bfgs,bernoulli,bernoulli,46.92270595030806,False,True,-50.831712287095044,-74.29306526224907,bfgs,4,True,7.105427357601002e-16,True,0,bfgs,5,True,2.4868995751603505e-15,True,0,bernoulli,-50.831712287095044,-0.35897324445602047,38ad532c5f7f188f098da74ea9664b1a5a16e4b9012760bda73493f247b3bc33,selected_candidate_loading,True,38ad532c5f7f188f098da74ea9664b1a5a16e4b9012760bda73493f247b3bc33,bernoulli,1
rep3,start_P,6,7,bfgs,bernoulli,bernoulli,46.473019143098966,False,True,-51.20468038545082,-74.4411899570003,bfgs,3,True,3.1291236268771175e-11,True,0,bfgs,5,True,7.105427357601002e-16,True,0,bernoulli,-51.20468038545082,-0.29316798359446167,cf4d9cb18b44edc768f9b439af818654e90fa8708dde61e44fe0ea7b8a5f362a,selected_candidate_loading,True,cf4d9cb18b44edc768f9b439af818654e90fa8708dde61e44fe0ea7b8a5f362a,bernoulli,1
rep3,start_P,6,8,bfgs,bernoulli,bernoulli,46.734485717287995,False,True,-50.9853232253791,-74.3525660840231,bfgs,3,True,7.859490835926408e-13,True,0,bfgs,5,True,3.197442310920451e-15,True,0,bernoulli,-50.9853232253791,-0.33321993329061417,fccc000c93e181dda5fb90c75282cc158f7a27f9046ad2aee0e4843720ba5dbc,selected_candidate_loading,True,fccc000c93e181dda5fb90c75282cc158f7a27f9046ad2aee0e4843720ba5dbc,bernoulli,1
rep3,start_P,7,3,bfgs,bernoulli,bernoulli,46.20069440610661,False,True,-51.88715863595776,-74.98750583901106,bfgs,3,True,2.823696831910638e-12,True,0,bfgs,4,True,3.010036664363724e-13,True,0,bernoulli,-51.88715863595776,0.10290745237283161,c18698dda50cac82cb4b9ca8d40b36891021b96c4dcbffb53cdac14a9e838e52,selected_candidate_loading,True,c18698dda50cac82cb4b9ca8d40b36891021b96c4dcbffb53cdac14a9e838e52,bernoulli,1
rep3,start_P,7,4,bfgs,bernoulli,bernoulli,50.10631447358638,False,True,-48.590265430229046,-73.64342266702224,bfgs,5,True,1.8989835148808252e-09,False,2,bfgs,6,True,5.933031843596836e-14,True,0,bernoulli,-48.590265430229046,-0.64581558563724206,001dc9c0c660baa0f50b406fed4acd30bcfe2a379b8e0679fc47897608071c03,selected_candidate_loading,True,001dc9c0c660baa0f50b406fed4acd30bcfe2a379b8e0679fc47897608071c03,bernoulli,1
rep3,start_P,7,5,bfgs,bernoulli,bernoulli,48.67866716765836,False,True,-49.61224461381587,-73.95157819764505,bfgs,4,True,5.466072039439495e-13,True,0,bfgs,5,True,6.409095476556104e-13,True,0,bernoulli,-49.61224461381587,-0.52849129712242959,fda11eede90db57d8c718d94595807eece877ea7985d40bcae2383180a8eaa64,selected_candidate_loading,True,fda11eede90db57d8c718d94595807eece877ea7985d40bcae2383180a8eaa64,bernoulli,1
rep3,start_P,7,6,bfgs,bernoulli,bernoulli,46.26890731921216,False,True,-51.47593359528503,-74.61038725489111,bfgs,4,True,2.388844677625457e-10,False,2,bfgs,5,True,4.538698306078004e-09,False,2,bernoulli,-51.47593359528503,-0.23571307919570278,8ae11182c29d39f6a2bacd1a8f9cbb2e15fedf531543054105422888d8e6f7fc,selected_candidate_loading,True,8ae11182c29d39f6a2bacd1a8f9cbb2e15fedf531543054105422888d8e6f7fc,bernoulli,1
rep3,start_P,7,7,bfgs,bernoulli,bernoulli,46.323563058568695,False,True,-51.42827226815668,-74.59005379744103,bfgs,4,True,1.1926459819733281e-12,True,0,bfgs,5,True,1.3322676295501878e-15,True,0,bernoulli,-51.42827226815668,-0.2467204755467374,4612a3063e0dfac20eb24b7b3db3899fba2a366b500417838ce63748a1399ed9,selected_candidate_loading,True,4612a3063e0dfac20eb24b7b3db3899fba2a366b500417838ce63748a1399ed9,bernoulli,1
rep3,start_P,7,8,bfgs,bernoulli,bernoulli,47.730372633931864,False,True,-50.31366390313484,-74.17885022010077,bfgs,4,True,1.673328142715036e-13,True,0,bfgs,5,True,1.1013412404281553e-14,True,0,bernoulli,-50.31366390313484,-0.43715966409888501,b2b2ae67944314ca06997799814b24bf803d4498f1b4ea72f4e16d44ed834e40,selected_candidate_loading,True,b2b2ae67944314ca06997799814b24bf803d4498f1b4ea72f4e16d44ed834e40,bernoulli,1
rep3,start_P,8,3,bfgs,bernoulli,bernoulli,46.11423251716231,False,True,-51.93100416040753,-74.98812041898869,bfgs,4,True,1.1435297153639113e-15,True,0,bfgs,4,True,7.332801033044234e-13,True,0,bernoulli,-51.93100416040753,0.076699707171622694,c4fe5b686f66ea271e19e81895793d4c78724f229494073cdf4d04e779e0bb5e,selected_candidate_loading,True,c4fe5b686f66ea271e19e81895793d4c78724f229494073cdf4d04e779e0bb5e,bernoulli,1
rep3,start_P,8,4,bfgs,bernoulli,bernoulli,50.96189320319856,False,True,-48.14006926510631,-73.62101586670559,bfgs,4,True,2.7533531010703882e-14,True,0,bfgs,5,True,1.2079226507921703e-14,True,0,bernoulli,-48.14006926510631,-0.69092067619641295,a24005b2d3bd4224206468b2e8e9f93b9f5dbfafb1264feec4a7e35be3f0234e,selected_candidate_loading,True,a24005b2d3bd4224206468b2e8e9f93b9f5dbfafb1264feec4a7e35be3f0234e,bernoulli,1
rep3,start_P,8,5,bfgs,bernoulli,bernoulli,48.780584851781455,False,True,-49.66632349484198,-74.05661592073271,bfgs,4,True,5.329070518200751e-16,True,0,bfgs,5,True,6.796341267545359e-13,True,0,bernoulli,-49.66632349484198,-0.52049794667570226,b92c58fa19f54d99284b3818998871b2da904334e18e6004b817e75a049914f9,selected_candidate_loading,True,b92c58fa19f54d99284b3818998871b2da904334e18e6004b817e75a049914f9,bernoulli,1
rep3,start_P,8,6,bfgs,bernoulli,bernoulli,46.883207621595474,False,True,-51.06812151370108,-74.50972532449882,bfgs,4,True,8.277822871605167e-14,True,0,bfgs,4,True,3.377960311468087e-09,False,2,bernoulli,-51.06812151370108,-0.3185332581896993,399530515bd038518c94bc99cf16e3077d519c950b6c3f146a6be6b3b231bb3f,selected_candidate_loading,True,399530515bd038518c94bc99cf16e3077d519c950b6c3f146a6be6b3b231bb3f,bernoulli,1
rep3,start_P,8,7,bfgs,bernoulli,bernoulli,46.37383623344954,False,True,-51.47570352231348,-74.66262163903825,bfgs,3,True,6.756787351847038e-11,True,0,bfgs,5,True,1.2434497875801752e-15,True,0,bernoulli,-51.47570352231348,-0.2356334701441456,92b3b95707503c3732d71cf9c6226a4f02c7823bde73c6ade05a82c046f4939a,selected_candidate_loading,True,92b3b95707503c3732d71cf9c6226a4f02c7823bde73c6ade05a82c046f4939a,bernoulli,1
rep3,start_P,8,8,bfgs,bernoulli,bernoulli,47.22492959421399,False,False,-50.806258374720315,-74.41872317182731,bfgs,4,True,8.807402585020441e-11,True,0,bfgs,5,False,6.955159914667775e-08,False,2,bernoulli,-50.806258374720315,-0.36297187973171513,65e77c7d9d1be39bfbfe54953ab06630b7fc71699ef8252f055c4058deb28174,selected_candidate_loading,True,65e77c7d9d1be39bfbfe54953ab06630b7fc71699ef8252f055c4058deb28174,bernoulli,1
rep3,start_P,1,3,bfgs,poisson,bernoulli,44.90537177838762,True,False,-51.836596331195416,-74.28928222038923,bfgs,6,True,1.955369199890811e-12,True,0,bfgs,5,False,1.4040944393833854e-07,False,2,bernoulli,-51.836596331195416,0.11968585215425674|0.090425890506663067,062bd750bab206a2ab0cc85915f3b86cb768c193b83cc240e68fa942d9b0dcff,selected_candidate_loading,True,062bd750bab206a2ab0cc85915f3b86cb768c193b83cc240e68fa942d9b0dcff,bernoulli,2
rep3,start_P,1,4,bfgs,poisson,bernoulli,50.801743155044235,True,True,-49.49112092641172,-74.89199250393384,bfgs,7,True,8.117785332828475e-10,False,2,bfgs,6,True,1.6568291183460814e-11,True,0,bernoulli,-49.49112092641172,-0.53657860566149418|-0.32806613021726372,eb730bbd51179f94d10cb3356a66c6a25dd8657a62455d56759eebd067768d42,selected_candidate_loading,True,eb730bbd51179f94d10cb3356a66c6a25dd8657a62455d56759eebd067768d42,bernoulli,2
rep3,start_P,1,5,bfgs,poisson,bernoulli,46.5303840965627,True,False,-51.51533901024105,-74.7805310585224,bfgs,9,False,5.5257561681898435e-08,False,2,bfgs,7,True,1.3217361233275326e-13,True,0,bernoulli,-51.51533901024105,-0.026724954438234791|-0.24386832505226402,fb229c59882f83c7a517d80095f0f6d51f4081a17d9867f23d6d20f2994569a3,selected_candidate_loading,True,fb229c59882f83c7a517d80095f0f6d51f4081a17d9867f23d6d20f2994569a3,bernoulli,2
rep3,start_P,1,6,bfgs,poisson,bernoulli,49.106289093527295,True,False,-49.53678416475945,-74.0899287115231,bfgs,5,False,1.194381460511984e-07,False,2,bfgs,7,True,5.792477608679291e-13,True,0,bernoulli,-49.53678416475945,-0.37916145013036323|0.27001130546905788,f0b51f6a950b316be8bcf4425bddc5afa5e06804e7a79de0c77567cdcd34a66a,selected_candidate_loading,True,f0b51f6a950b316be8bcf4425bddc5afa5e06804e7a79de0c77567cdcd34a66a,bernoulli,2
rep3,start_P,1,7,bfgs,poisson,bernoulli,45.16906938312317,True,True,-51.8740995895176,-74.45863428107918,bfgs,7,True,3.709255125272648e-14,True,0,bfgs,6,True,1.3566844314638615e-09,False,2,bernoulli,-51.8740995895176,-0.027813785014050792|0.10091116165332505,899659072581a345576b423178a1857afb37087bebbcb1c3bd90886acfbeb48d,selected_candidate_loading,True,899659072581a345576b423178a1857afb37087bebbcb1c3bd90886acfbeb48d,bernoulli,2
rep3,start_P,1,8,bfgs,poisson,bernoulli,46.14294702528629,True,True,-51.70785038121485,-74.77932389385799,bfgs,6,True,4.630462679955372e-12,True,0,bfgs,6,True,3.8796141854646746e-10,False,2,bernoulli,-51.70785038121485,-0.03862692009951043|-0.18988469994261098,af21717dc6f1d750206f324027fe021213b4355342871c4312b08b7539128cde,selected_candidate_loading,True,af21717dc6f1d750206f324027fe021213b4355342871c4312b08b7539128cde,bernoulli,2
rep3,start_P,2,3,bfgs,bernoulli,bernoulli,45.66598669181954,False,True,-51.36266554089593,-74.1956588868057,bfgs,6,True,1.2826184558889508e-12,True,0,bfgs,5,True,1.741918076447746e-09,False,2,bernoulli,-51.36266554089593,0.26931969640907172|0.00085431506417782193,da60b42608c5c0e01cfa8f6d605569df38b38e89b3a501fca5ac8f709f150cbc,selected_candidate_loading,True,da60b42608c5c0e01cfa8f6d605569df38b38e89b3a501fca5ac8f709f150cbc,bernoulli,2
rep3,start_P,2,4,bfgs,bernoulli,bernoulli,53.41634597652421,False,False,-47.75190060011431,-74.46007358837642,bfgs,5,False,3.844182581147493e-08,False,2,bfgs,9,True,3.5834057943162635e-12,True,0,bernoulli,-47.75190060011431,-0.73325779162358351|-0.37752770225052523,13431be27e9745e5f2143941a7341a97e57f3aba91f251d9653cd9780365c7bf,selected_candidate_loading,True,13431be27e9745e5f2143941a7341a97e57f3aba91f251d9653cd9780365c7bf,bernoulli,2
rep3,start_P,2,5,bfgs,bernoulli,bernoulli,49.472508946426146,False,True,-48.90758331481387,-73.64383778802694,bfgs,7,True,1.3241945318043235e-10,False,2,bfgs,7,True,1.7639778526756799e-13,True,0,bernoulli,-48.90758331481387,-0.067303109926534155|-0.60071113964263001,3b5e8ae1276d9aecdae3c4e88a59b903e0809022fb1eebb5b2ac748460b17b24,selected_candidate_loading,True,3b5e8ae1276d9aecdae3c4e88a59b903e0809022fb1eebb5b2ac748460b17b24,bernoulli,2
rep3,start_P,2,6,bfgs,bernoulli,bernoulli,50.58329875993246,False,True,-49.63330560290309,-74.92495498286932,bfgs,5,True,1.8347989794165187e-11,True,0,bfgs,7,True,2.8621276876306113e-11,True,0,bernoulli,-49.63330560290309,-0.43095251923069988|0.22909086875135676,8abe1f54e8835f22f9b028a3f577315db71eae11bc6bf33536eccbb875673c9e,selected_candidate_loading,True,8abe1f54e8835f22f9b028a3f577315db71eae11bc6bf33536eccbb875673c9e,bernoulli,2
rep3,start_P,2,7,bfgs,bernoulli,bernoulli,45.83182393332818,False,True,-51.78830055403514,-74.70421252069923,bfgs,6,True,4.732214620162267e-13,True,0,bfgs,6,True,1.4210854715202004e-13,True,0,bernoulli,-51.78830055403514,-0.081445050026736493|-0.13724148047203122,07792c7c9d3025c8c229e23c68c91ec322f0d21856da3840ed7b5aa48fc3731e,selected_candidate_loading,True,07792c7c9d3025c8c229e23c68c91ec322f0d21856da3840ed7b5aa48fc3731e,bernoulli,2
rep3,start_P,2,8,bfgs,bernoulli,bernoulli,47.06761473115287,False,True,-50.475888677297974,-74.00969604287441,bfgs,6,True,7.749356711883593e-13,True,0,bfgs,7,True,9.077405493940205e-11,True,0,bernoulli,-50.475888677297974,0.040021118081230891|-0.39001250846314162,af83efb563a4ce4edc9b2ad009967291b83a3552af191bc2cda0dc5c210b00ae,selected_candidate_loading,True,af83efb563a4ce4edc9b2ad009967291b83a3552af191bc2cda0dc5c210b00ae,bernoulli,2
rep3,start_P,3,3,bfgs,bernoulli,bernoulli,46.35520446758085,False,True,-51.40402131282576,-74.58162354661619,bfgs,5,True,2.174019630984958e-10,False,2,bfgs,6,True,1.2430056983703252e-13,True,0,bernoulli,-51.40402131282576,0.25697487965288524|-0.0098483396788715382,4df1a2accf03e94aaddc7aa7471182472d48e0ba177a1632e9ec54498a2da7dd,selected_candidate_loading,True,4df1a2accf03e94aaddc7aa7471182472d48e0ba177a1632e9ec54498a2da7dd,bernoulli,2
rep3,start_P,3,4,bfgs,bernoulli,bernoulli,52.575469174865646,False,True,-47.2764600097222,-73.56419459715502,bfgs,6,True,5.936806601880562e-13,True,0,bfgs,9,True,8.248421945467044e-11,True,0,bernoulli,-47.2764600097222,-0.69198416564903398|-0.34910309903760484,3074a8344475ec614571a59ffab270cbca9f02a8905cb0383409fd281bdaf23e,selected_candidate_loading,True,3074a8344475ec614571a59ffab270cbca9f02a8905cb0383409fd281bdaf23e,bernoulli,2
rep3,start_P,3,5,bfgs,bernoulli,bernoulli,50.13280590488944,False,True,-48.091267622050125,-73.15767057449484,bfgs,5,True,1.9316992450058024e-12,True,0,bfgs,6,True,1.758486023462069e-10,False,2,bernoulli,-48.091267622050125,-0.07847031100319829|-0.67140580212025669,643b0ed438e8dd663a825a0a1320d19ffc628f938ca07447ffa39d9ea5abda82,selected_candidate_loading,True,643b0ed438e8dd663a825a0a1320d19ffc628f938ca07447ffa39d9ea5abda82,bernoulli,2
rep3,start_P,3,6,bfgs,bernoulli,bernoulli,49.94713281493303,False,True,-49.63525839108153,-74.60882479854804,bfgs,6,True,3.4077185517844556e-13,True,0,bfgs,6,True,3.5963546363149136e-09,False,2,bernoulli,-49.63525839108153,-0.51250043994327887|0.16502930151025419,6d1ea2a8a9da3dfcd3ccd9bffe3d252618aa898dcacda039ce70ea4562e8b3c8,selected_candidate_loading,True,6d1ea2a8a9da3dfcd3ccd9bffe3d252618aa898dcacda039ce70ea4562e8b3c8,bernoulli,2
rep3,start_P,3,7,bfgs,bernoulli,bernoulli,45.81771734324025,False,True,-51.659975896932394,-74.56883456855252,bfgs,4,True,6.776271188613236e-09,False,2,bfgs,6,True,1.2434497875801753e-14,True,0,bernoulli,-51.659975896932394,-0.077583322967363699|-0.16613797212597053,950ce78bb57d8eeb6a1fd1db80eba6b82cc4a7168fce881b37d0a61037a0c3f1,selected_candidate_loading,True,950ce78bb57d8eeb6a1fd1db80eba6b82cc4a7168fce881b37d0a61037a0c3f1,bernoulli,2
rep3,start_P,3,8,bfgs,bernoulli,bernoulli,47.375091478087995,False,True,-50.11357192522665,-73.80111766427065,bfgs,5,True,4.884981308350689e-14,True,0,bfgs,6,True,1.4443735096847377e-10,False,2,bernoulli,-50.11357192522665,0.058964722941912684|-0.45175924385014171,98ff035158fde895c408510f615bc97b9dcc8a03a81da60c2cc6e2095a646cd3,selected_candidate_loading,True,98ff035158fde895c408510f615bc97b9dcc8a03a81da60c2cc6e2095a646cd3,bernoulli,2
rep3,start_P,4,3,bfgs,bernoulli,bernoulli,45.56132544548093,False,True,-51.551342397116095,-74.33200511985656,bfgs,5,True,1.7432266297134901e-09,False,2,bfgs,7,True,3.2225369039906584e-10,False,2,bernoulli,-51.551342397116095,0.20767000391778709|-0.076173152741534356,cbc3377839104cb8fa2cb4d8607afaf227b633bd1853754af7f99b37965da5bf,selected_candidate_loading,True,cbc3377839104cb8fa2cb4d8607afaf227b633bd1853754af7f99b37965da5bf,bernoulli,2
rep3,start_P,4,4,bfgs,bernoulli,bernoulli,52.56132207705778,False,True,-47.35720784405058,-73.63786888257947,bfgs,5,True,1.7315060496514435e-11,True,0,bfgs,9,True,4.0693004521585865e-13,True,0,bernoulli,-47.35720784405058,-0.68678834103235586|-0.32168423011222502,c56e71e28ed05873b51f50fbe96c530924a2e49ff13cae7c0491709007edf70a,selected_candidate_loading,True,c56e71e28ed05873b51f50fbe96c530924a2e49ff13cae7c0491709007edf70a,bernoulli,2
rep3,start_P,4,5,bfgs,bernoulli,bernoulli,48.09614627549652,False,True,-49.164801146611254,-73.21287428435951,bfgs,6,True,1.0423732987874246e-10,False,2,bfgs,9,True,1.2866596676985865e-12,True,0,bernoulli,-49.164801146611254,-0.042158491342869538|-0.57463936178760422,09aa6cc0c00c3842e1996bd3918f54373434ab34948754f07b55b1a94194b729,selected_candidate_loading,True,09aa6cc0c00c3842e1996bd3918f54373434ab34948754f07b55b1a94194b729,bernoulli,2
rep3,start_P,4,6,bfgs,bernoulli,bernoulli,49.42205914336978,False,True,-49.97492739252549,-74.68595696421038,bfgs,6,True,2.7465141272386974e-12,True,0,bfgs,10,True,7.397605084058511e-10,False,2,bernoulli,-49.97492739252549,-0.47557973448006152|0.11564880613398179,9ca4ad67ed029ea093c49c662ca39310619e7b06a9f651534372f3394fb96a4d,selected_candidate_loading,True,9ca4ad67ed029ea093c49c662ca39310619e7b06a9f651534372f3394fb96a4d,bernoulli,2
rep3,start_P,4,7,bfgs,bernoulli,bernoulli,45.54686767306947,False,True,-51.50578360969256,-74.27921744622729,bfgs,6,True,1.4210854715202005e-15,True,0,bfgs,6,True,5.620393039862392e-13,True,0,bernoulli,-51.50578360969256,-0.046033227941118061|-0.22131793630319482,9ef3fc18dd8b198c302acb389f3cdd2f91d1dd8eb5a475717cf6a4c61f5caab7,selected_candidate_loading,True,9ef3fc18dd8b198c302acb389f3cdd2f91d1dd8eb5a475717cf6a4c61f5caab7,bernoulli,2
rep3,start_P,4,8,bfgs,bernoulli,bernoulli,47.37513958241378,False,False,-49.63984818222141,-73.3274179734283,bfgs,5,True,1.5441870004906376e-12,True,0,bfgs,6,False,8.909797326595026e-08,False,2,bernoulli,-49.63984818222141,0.042907798278618847|-0.52309233282891554,39000b9ab2fa624c597ec9cb75f1e6eaeee799d6d683ac151220a2386120f008,selected_candidate_loading,True,39000b9ab2fa624c597ec9cb75f1e6eaeee799d6d683ac151220a2386120f008,bernoulli,2
rep3,start_P,5,3,bfgs,bernoulli,bernoulli,45.83123449770562,False,True,-51.52310207515495,-74.43871932400776,bfgs,6,True,5.6443738571942956e-14,True,0,bfgs,7,True,1.7763568394002505e-15,True,0,bernoulli,-51.52310207515495,0.22357611908679598|0.016509972817155369,e24ae74cd184bedf0a0bd3f70c41f23429bcea6d9c064d4a98482020956d67d1,selected_candidate_loading,True,e24ae74cd184bedf0a0bd3f70c41f23429bcea6d9c064d4a98482020956d67d1,bernoulli,2
rep3,start_P,5,4,bfgs,bernoulli,bernoulli,52.98475397869582,False,True,-47.440867357712456,-73.93324434706037,bfgs,6,True,7.94919685631612e-15,True,0,bfgs,9,True,3.548128457708799e-12,True,0,bernoulli,-47.440867357712456,-0.61983875444049585|-0.39849790591529893,8823629436d7bfca1e8b9e6e8c2891be703ab0fa78b1dc2020840a5b699fefa2,selected_candidate_loading,True,8823629436d7bfca1e8b9e6e8c2891be703ab0fa78b1dc2020840a5b699fefa2,bernoulli,2
rep3,start_P,5,5,bfgs,bernoulli,bernoulli,47.6776790074983,False,True,-50.05860045968283,-73.89743996343198,bfgs,6,True,1.4053780361678036e-11,True,0,bfgs,8,True,1.0689605867142404e-10,False,2,bernoulli,-50.05860045968283,-0.044744513800856416|-0.46317654471177877,748c2b69656095ba50fa7fb61aac716af54907adecbbfff0e973f9c4086ce0c8,selected_candidate_loading,True,748c2b69656095ba50fa7fb61aac716af54907adecbbfff0e973f9c4086ce0c8,bernoulli,2
rep3,start_P,5,6,bfgs,bernoulli,bernoulli,50.27505103226585,False,False,-49.623977567819836,-74.76150308395276,bfgs,4,False,4.940327325009264e-08,False,2,bfgs,6,True,1.8277696023361045e-10,False,2,bernoulli,-49.623977567819836,-0.5315395058488892|0.053778789771949463,7f4427eca4ccb66f6b21c36a2d963e873974136a85d42f2867145c5b5811767f,selected_candidate_loading,True,7f4427eca4ccb66f6b21c36a2d963e873974136a85d42f2867145c5b5811767f,bernoulli,2
rep3,start_P,5,7,bfgs,bernoulli,bernoulli,46.0090997162244,False,False,-51.543754286048795,-74.548304144161,bfgs,5,True,6.50735021423543e-11,True,0,bfgs,6,False,4.297587283375037e-07,False,2,bernoulli,-51.543754286048795,-0.080831704302679858|-0.19745918713799873,e97f1159826106e780b2fef86cef6053f47f3ec4583c2d5e7f61bde16cc039e2,selected_candidate_loading,True,e97f1159826106e780b2fef86cef6053f47f3ec4583c2d5e7f61bde16cc039e2,bernoulli,2
rep3,start_P,5,8,bfgs,bernoulli,bernoulli,47.87665029820249,False,True,-49.58273588383199,-73.52106103293323,bfgs,5,True,8.429333231418923e-10,False,2,bfgs,7,True,2.0085888507992423e-11,True,0,bernoulli,-49.58273588383199,0.16427223948218223|-0.51081424766777017,a4400e16a3fcaa1750820e4e94bffe4e69a4a76a3ffe0f9015560c393d0173a7,selected_candidate_loading,True,a4400e16a3fcaa1750820e4e94bffe4e69a4a76a3ffe0f9015560c393d0173a7,bernoulli,2
rep3,start_P,6,3,bfgs,bernoulli,bernoulli,45.76075613686125,False,True,-51.606155421211405,-74.48653348964203,bfgs,6,True,3.8661074341916904e-12,True,0,bfgs,7,True,1.2606982124907518e-11,True,0,bernoulli,-51.606155421211405,0.20470727385378945|-0.01320000621853344,c7fb288f774986d78e54455b1007a460be848787f5bc712d4e04a6536dbc1995,selected_candidate_loading,True,c7fb288f774986d78e54455b1007a460be848787f5bc712d4e04a6536dbc1995,bernoulli,2
rep3,start_P,6,4,bfgs,bernoulli,bernoulli,53.98773728831762,False,True,-46.65207727528404,-73.64594591944285,bfgs,5,True,3.429421191469828e-11,True,0,bfgs,9,True,1.0875744749228034e-13,True,0,bernoulli,-46.65207727528404,-0.64965941584816744|-0.48101624140520105,38d274818b68349fe4a59d15c4f824df16e3960d9cd1046e26897cb1df163b25,selected_candidate_loading,True,38d274818b68349fe4a59d15c4f824df16e3960d9cd1046e26897cb1df163b25,bernoulli,2
rep3,start_P,6,5,bfgs,bernoulli,bernoulli,49.295428931368576,False,True,-48.612481197404875,-73.26019566308916,bfgs,5,True,3.5036995527093496e-11,True,0,bfgs,7,True,1.3644324559081155e-11,True,0,bernoulli,-48.612481197404875,0.10038813979103708|-0.63284323473671211,f0504a581d219c50446664c6fc739ccbd8fadad62e01a9c3723af070108bdebd,selected_candidate_loading,True,f0504a581d219c50446664c6fc739ccbd8fadad62e01a9c3723af070108bdebd,bernoulli,2
rep3,start_P,6,6,bfgs,bernoulli,bernoulli,50.33313152935328,False,False,-49.538952324855465,-74.7055180895321,bfgs,4,True,1.7426060594516456e-13,True,0,bfgs,7,False,8.398164555445398e-08,False,2,bernoulli,-49.538952324855465,-0.54203971292299991|0.055523996001675277,7fdce02a0bd9e28b6bf146491105677b19e0b76bb4072fc2be3eb2e23974c6c1,selected_candidate_loading,True,7fdce02a0bd9e28b6bf146491105677b19e0b76bb4072fc2be3eb2e23974c6c1,bernoulli,2
rep3,start_P,6,7,bfgs,bernoulli,bernoulli,46.35038985442709,False,False,-51.10511144335846,-74.280306370572,bfgs,4,False,1.1146317340227085e-07,False,2,bfgs,6,True,3.552713678800501e-15,True,0,bernoulli,-51.10511144335846,-0.030784294566694334|-0.30567954598856367,a0e21c3b940a7ce2c4d80446555af3e7eeaf76880b0d8950fb0112091df15400,selected_candidate_loading,True,a0e21c3b940a7ce2c4d80446555af3e7eeaf76880b0d8950fb0112091df15400,bernoulli,2
rep3,start_P,6,8,bfgs,bernoulli,bernoulli,47.59096593445737,False,True,-49.84144477885521,-73.6369277460839,bfgs,6,True,9.053335858766331e-12,True,0,bfgs,6,True,3.679412063917198e-09,False,2,bernoulli,-49.84144477885521,0.14554919800150459|-0.4834038248480233,42a6908d342f8a9e2ef5917d55612bc275f50a7f307a9a62085c60f4889c5cf6,selected_candidate_loading,True,42a6908d342f8a9e2ef5917d55612bc275f50a7f307a9a62085c60f4889c5cf6,bernoulli,2
rep3,start_P,7,3,bfgs,bernoulli,bernoulli,45.589011755803924,False,True,-51.64662330285493,-74.44112918075689,bfgs,4,True,1.1936464261452783e-09,False,2,bfgs,6,True,1.2450458442003766e-10,False,2,bernoulli,-51.64662330285493,0.19082815383919846|-0.022592637026717079,779db4bb775e658d4b6b2194cf94460d5608ba6678442cf0943d1f2f8bc4a11b,selected_candidate_loading,True,779db4bb775e658d4b6b2194cf94460d5608ba6678442cf0943d1f2f8bc4a11b,bernoulli,2
rep3,start_P,7,4,bfgs,bernoulli,bernoulli,52.7583819886201,False,False,-47.13119981498863,-73.51039080929868,bfgs,6,True,1.205711086527117e-11,True,0,bfgs,7,False,1.3820546872378436e-06,False,2,bernoulli,-47.13119981498863,-0.56714814394848512|-0.4915717645348136,7f482dc66702bdaabb29dc39ace5bc4bef508aebb09ea621e10da0f8fb056b09,selected_candidate_loading,True,7f482dc66702bdaabb29dc39ace5bc4bef508aebb09ea621e10da0f8fb056b09,bernoulli,2
rep3,start_P,7,5,bfgs,bernoulli,bernoulli,48.942824717616816,False,True,-48.56823098276588,-73.03964334157429,bfgs,5,True,2.1838308938981755e-12,True,0,bfgs,7,True,5.5266369258788474e-11,True,0,bernoulli,-48.56823098276588,0.12591667824190644|-0.65304110712793095,aeac43b7ad3c0149d18fe4882a9167fcd74cabc6da63caa620b2088b903d999b,selected_candidate_loading,True,aeac43b7ad3c0149d18fe4882a9167fcd74cabc6da63caa620b2088b903d999b,bernoulli,2
rep3,start_P,7,6,bfgs,bernoulli,bernoulli,50.59750369344985,False,True,-49.21442215282329,-74.51317399954821,bfgs,5,True,1.1185630199861407e-11,True,0,bfgs,7,True,1.136655469746728e-09,False,2,bernoulli,-49.21442215282329,-0.57085744704845121|-0.014441743092794413,137050e775e40e591274af2e721deb6afc533cf563c61f17da5ebe56f33f3286,selected_candidate_loading,True,137050e775e40e591274af2e721deb6afc533cf563c61f17da5ebe56f33f3286,bernoulli,2
rep3,start_P,7,7,bfgs,bernoulli,bernoulli,46.48561302590427,False,True,-50.912045262901565,-74.1548517758537,bfgs,5,True,6.482459014023334e-12,True,0,bfgs,6,True,1.7349677250422247e-12,True,0,bernoulli,-50.912045262901565,-0.097424249230375404|-0.32425045281379122,8cd66ba15a336a4c60135a1f7cf196c6bdcc8bb6938a75be6d902cba503c20b6,selected_candidate_loading,True,8cd66ba15a336a4c60135a1f7cf196c6bdcc8bb6938a75be6d902cba503c20b6,bernoulli,2
rep3,start_P,7,8,bfgs,bernoulli,bernoulli,48.71688236870057,False,False,-48.63666852044528,-72.99510970479557,bfgs,5,True,2.3357671352641775e-11,True,0,bfgs,5,False,4.194256061573753e-07,False,2,bernoulli,-48.63666852044528,0.22192575170102241|-0.6278722043487972,203476247af89ad97a1509f7ad51671f5603204b6ed2fbf95cc517a4e4417067,selected_candidate_loading,True,203476247af89ad97a1509f7ad51671f5603204b6ed2fbf95cc517a4e4417067,bernoulli,2
rep3,start_P,8,3,bfgs,bernoulli,bernoulli,46.41976355884745,False,True,-51.2029993678682,-74.41288114729193,bfgs,5,True,4.041860179881951e-11,True,0,bfgs,6,True,3.089684064150333e-10,False,2,bernoulli,-51.2029993678682,0.29360259513336129|0.027654682983533775,2fa4f1a80eccc8d7122685a6f098786a9273f80fa836af3320682a2d5503511a,selected_candidate_loading,True,2fa4f1a80eccc8d7122685a6f098786a9273f80fa836af3320682a2d5503511a,bernoulli,2
rep3,start_P,8,4,bfgs,bernoulli,bernoulli,52.72696827070179,False,False,-47.17604286108874,-73.53952699643963,bfgs,5,True,2.59229726573551e-10,False,2,bfgs,7,False,6.9016068739991e-07,False,2,bernoulli,-47.17604286108874,-0.65071540549018902|-0.39996934423400393,d901df3a16f6d4fa3ac003ca805b00b6f96c4307dbbf54355f88707049cb74e7,selected_candidate_loading,True,d901df3a16f6d4fa3ac003ca805b00b6f96c4307dbbf54355f88707049cb74e7,bernoulli,2
rep3,start_P,8,5,bfgs,bernoulli,bernoulli,48.69410249437645,False,True,-48.85337507783482,-73.20042632502305,bfgs,6,True,2.7515545397704954e-12,True,0,bfgs,7,True,9.718253979329461e-12,True,0,bernoulli,-48.85337507783482,0.081660509061354941|-0.6057288947129873,fb12fe5954ff37390ad16986b101db730469143e34c1792b71d0a4b34dc302ac,selected_candidate_loading,True,fb12fe5954ff37390ad16986b101db730469143e34c1792b71d0a4b34dc302ac,bernoulli,2
rep3,start_P,8,6,bfgs,bernoulli,bernoulli,51.364586814055116,False,True,-48.668002742504896,-74.35029614953245,bfgs,5,True,3.73584718715847e-11,True,0,bfgs,6,True,2.425847855924701e-11,True,0,bernoulli,-48.668002742504896,-0.64841823636278495|0.0020682766261530439,fc715a7e78339498d083118be27721ee2d1af0b9eeeb850c8478ec38faf433f4,selected_candidate_loading,True,fc715a7e78339498d083118be27721ee2d1af0b9eeeb850c8478ec38faf433f4,bernoulli,2
rep3,start_P,8,7,bfgs,bernoulli,bernoulli,46.29843630775642,False,True,-50.95032820993934,-74.09954636381755,bfgs,6,True,4.616307336391401e-14,True,0,bfgs,7,True,2.9917175403681996e-10,False,2,bernoulli,-50.95032820993934,-0.034881655396085801|-0.33078417504745261,3a21047a3bf13806fe887d6cbe66499c3901bc33192ae74eaf9008ea176df103,selected_candidate_loading,True,3a21047a3bf13806fe887d6cbe66499c3901bc33192ae74eaf9008ea176df103,bernoulli,2
rep3,start_P,8,8,bfgs,bernoulli,bernoulli,47.746589747618415,False,True,-49.53301863481118,-73.40631350862039,bfgs,7,True,6.048272993552928e-12,True,0,bfgs,7,True,1.7195134205394424e-13,True,0,bernoulli,-49.53301863481118,0.15399854862775592|-0.5175478662417724,52a8e55653aa508b0381cfcab9de4fcfa5ef52793b9e65b3707b65dbb845588d,selected_candidate_loading,True,52a8e55653aa508b0381cfcab9de4fcfa5ef52793b9e65b3707b65dbb845588d,bernoulli,2
rep3,start_P,1,3,bfgs,poisson,bernoulli,45.6390263702002,True,True,-50.51449852054146,-73.33401170564156,bfgs,6,True,2.7464253093967272e-11,True,0,bfgs,7,True,1.208421362974832e-10,False,2,bernoulli,-50.51449852054146,-0.24351608791973975|-0.033640692334510454|-0.35153258174314966,754a6d05fa88200ef83906ce775966646b637a493048138aeec7ec6f430763aa,selected_candidate_loading,True,754a6d05fa88200ef83906ce775966646b637a493048138aeec7ec6f430763aa,bernoulli,3
rep3,start_P,1,4,bfgs,poisson,bernoulli,49.191772427186194,True,True,-50.116701951712464,-74.71258816530556,bfgs,9,True,1.2860183140617209e-09,False,2,bfgs,10,True,6.619718384559547e-11,True,0,bernoulli,-50.116701951712464,0.39809871969930299|-0.1019771760081588|0.20807149442922052,9f3787d40b6cf3556246d196f5a5ef26d7ad3f40a0dd38d3fecf56d0b2573430,selected_candidate_loading,True,9f3787d40b6cf3556246d196f5a5ef26d7ad3f40a0dd38d3fecf56d0b2573430,bernoulli,3
rep3,start_P,1,5,bfgs,poisson,bernoulli,46.760549406650114,True,True,-50.567273736434856,-73.94754843975991,bfgs,8,True,2.6937341246480175e-13,True,0,bfgs,8,True,7.54426627835869e-09,False,2,bernoulli,-50.567273736434856,0.11292943797538589|-0.30001468485190491|-0.062856419624986365,d9c9503651e7eed9f65cf0fbcac1526dd295d6c9df4a5662430dc646f61972df,selected_candidate_loading,True,d9c9503651e7eed9f65cf0fbcac1526dd295d6c9df4a5662430dc646f61972df,bernoulli,3
rep3,start_P,1,6,bfgs,poisson,bernoulli,51.91686295767899,True,True,-48.96790444709935,-74.92633592593884,bfgs,12,True,7.539657786992393e-12,True,0,bfgs,7,True,3.1363283845009525e-11,True,0,bernoulli,-48.96790444709935,0.11107487303575124|0.12362124159354451|0.66600590301927631,14a8b30ed152e025f159ac5087f00577b3dba1bd69d21916c6143d13faad46f3,selected_candidate_loading,True,14a8b30ed152e025f159ac5087f00577b3dba1bd69d21916c6143d13faad46f3,bernoulli,3
rep3,start_P,1,7,bfgs,poisson,bernoulli,45.850072508236266,True,True,-51.408707555613354,-74.33374380973149,bfgs,7,True,3.965539008277119e-12,True,0,bfgs,8,True,4.3810022276602467e-10,False,2,bernoulli,-51.408707555613354,0.21075352140609416|0.13462038115160807|-0.2576061969767347,a2e59d484aad7d8c8a7d7d9c90dc9b25b66c5796455705f7ba008fd4e834808b,selected_candidate_loading,True,a2e59d484aad7d8c8a7d7d9c90dc9b25b66c5796455705f7ba008fd4e834808b,bernoulli,3
rep3,start_P,1,8,bfgs,poisson,bernoulli,45.02194984906845,True,True,-51.77312149516524,-74.28409641969947,bfgs,7,True,1.9703572107232505e-12,True,0,bfgs,8,True,2.013518241028578e-11,True,0,bernoulli,-51.77312149516524,0.050925838024188486|-0.076738060835943506|-0.11513484750123591,b34f92ca01082529413a1c49a3a9bf598d0e3ba4df846a180b344cc676109466,selected_candidate_loading,True,b34f92ca01082529413a1c49a3a9bf598d0e3ba4df846a180b344cc676109466,bernoulli,3
rep3,start_P,2,3,bfgs,bernoulli,bernoulli,47.37234961047034,False,True,-50.28039543536086,-73.96657024059603,bfgs,6,True,6.628968307609284e-09,False,2,bfgs,8,True,2.2340849170632283e-10,False,2,bernoulli,-50.28039543536086,-0.36198926663785636|-0.26603434012666832|0.079593926625767655,dd7e2338b8f2a584eb2cd043370b88f2d4a2cea9191d35a3114dca6838a6b75c,selected_candidate_loading,True,dd7e2338b8f2a584eb2cd043370b88f2d4a2cea9191d35a3114dca6838a6b75c,bernoulli,3
rep3,start_P,2,4,bfgs,bernoulli,bernoulli,53.97007121899533,False,True,-47.17558391725094,-74.1606195267486,bfgs,8,True,1.2883388578188716e-09,False,2,bfgs,9,True,2.800315923590091e-10,False,2,bernoulli,-47.17558391725094,0.69628255302956099|-0.13355069479680554|-0.062202600471198577,7bcb8af0208c2af727dfb8ff4a84aaa48d50173e67f160d4496677880a45dd6d,selected_candidate_loading,True,7bcb8af0208c2af727dfb8ff4a84aaa48d50173e67f160d4496677880a45dd6d,bernoulli,3
rep3,start_P,2,5,bfgs,bernoulli,bernoulli,48.42621734083946,False,True,-49.87802965611543,-74.09113832653516,bfgs,6,True,1.8239473653647309e-09,False,2,bfgs,10,True,1.3121226327683643e-12,True,0,bernoulli,-49.87802965611543,0.076072503561366453|-0.39532938872313966|-0.081478873833492574,a36ca24e55e3ccd750a787c99900c54bdbd6f4de7e7174f500a8a8e14ca4521a,selected_candidate_loading,True,a36ca24e55e3ccd750a787c99900c54bdbd6f4de7e7174f500a8a8e14ca4521a,bernoulli,3
rep3,start_P,2,6,bfgs,bernoulli,bernoulli,52.18439692347988,False,False,-48.67252527166323,-74.76472373340317,bfgs,8,True,7.130740442562456e-13,True,0,bfgs,8,False,3.8172758420884634e-07,False,2,bernoulli,-48.67252527166323,0.35271947192081565|0.29391485940167078|0.42887067990551569,eccf64b0c144393c9198c1347ee7e8cc993484a2fea0b971d8bde85c6d66903d,selected_candidate_loading,True,eccf64b0c144393c9198c1347ee7e8cc993484a2fea0b971d8bde85c6d66903d,bernoulli,3
rep3,start_P,2,7,bfgs,bernoulli,bernoulli,48.201026314574975,False,True,-50.273822528953154,-74.37433568624064,bfgs,7,True,2.2749935268961964e-11,True,0,bfgs,7,True,6.6966324263617595e-09,False,2,bernoulli,-50.273822528953154,0.29876475638878564|0.24050550972520238|-0.48628433966841172,c09a24f16b35d6ff087c7ccbfd7ddaa815a584d75e14515c2cf94e8fe96b9f71,selected_candidate_loading,True,c09a24f16b35d6ff087c7ccbfd7ddaa815a584d75e14515c2cf94e8fe96b9f71,bernoulli,3
rep3,start_P,2,8,bfgs,bernoulli,bernoulli,46.992849444572215,False,False,-50.64409799620181,-74.14052271848792,bfgs,6,False,3.6940515302230634e-08,False,2,bfgs,7,True,5.020410753786564e-11,True,0,bernoulli,-50.64409799620181,0.070372368302956401|-0.18555196318799158|-0.35076913367323276,f41bf17e3953e5d4cca41b6b82ce325c2696b2aa62e1f1b45df86392b1fda388,selected_candidate_loading,True,f41bf17e3953e5d4cca41b6b82ce325c2696b2aa62e1f1b45df86392b1fda388,bernoulli,3
rep3,start_P,3,3,bfgs,bernoulli,bernoulli,49.58468110804975,False,True,-49.24421144721531,-74.03655200124018,bfgs,7,True,4.065157099830685e-11,True,0,bfgs,8,True,1.0948189022030874e-10,False,2,bernoulli,-49.24421144721531,-0.4171652296503347|-0.37096982417634145|0.20305613087959121,bbecb7821e26a42b4cd6e62a9a8232578524f44613446f792564f651f4546a46,selected_candidate_loading,True,bbecb7821e26a42b4cd6e62a9a8232578524f44613446f792564f651f4546a46,bernoulli,3
rep3,start_P,3,4,bfgs,bernoulli,bernoulli,53.41094942621268,False,False,-47.0332818949672,-73.73875660807354,bfgs,7,True,3.52366136269211e-11,True,0,bfgs,11,False,1.4544353603151982e-07,False,2,bernoulli,-47.0332818949672,0.7023997864366841|-0.076848219896509973|0.094266234475684496,903095a0c3ad05330843eecef33e0d1044f2d8b9fea4f4b9b1ede1a277b42c26,selected_candidate_loading,True,903095a0c3ad05330843eecef33e0d1044f2d8b9fea4f4b9b1ede1a277b42c26,bernoulli,3
rep3,start_P,3,5,bfgs,bernoulli,bernoulli,48.676053343416314,False,False,-49.07214597229669,-73.41017264400485,bfgs,6,False,3.710376841326024e-08,False,2,bfgs,11,True,8.375873189470085e-11,True,0,bernoulli,-49.07214597229669,0.13237548139042143|-0.43718383522983162|-0.29810257662363593,438aeeae19cb7fabe385828fe6a81e677a2811d2b24e063006a7604ac79f8a0e,selected_candidate_loading,True,438aeeae19cb7fabe385828fe6a81e677a2811d2b24e063006a7604ac79f8a0e,bernoulli,3
rep3,start_P,3,6,bfgs,bernoulli,bernoulli,54.12702345873882,False,True,-46.85453511825291,-73.91804684762232,bfgs,7,True,2.5469782061193768e-09,False,2,bfgs,11,True,5.5279911204131337e-11,True,0,bernoulli,-46.85453511825291,0.61616880859614931|0.49996119441168202|0.10941371111182115,2f13bb0aa7566d6ac5864e652f7df3265f75e456f4ef7135ebdb9f39d4af3fd2,selected_candidate_loading,True,2f13bb0aa7566d6ac5864e652f7df3265f75e456f4ef7135ebdb9f39d4af3fd2,bernoulli,3
rep3,start_P,3,7,bfgs,bernoulli,bernoulli,49.68696059084502,False,True,-48.42847487245086,-73.27195516787337,bfgs,7,True,1.3775958151995838e-11,True,0,bfgs,10,True,8.009072338666102e-09,False,2,bernoulli,-48.42847487245086,0.38686118728588131|0.30909770957885369|-0.59018350041644507,530d0eee58861102c9cd3432a5304e99c74ee22ac220c6b33ad2171d3d2bb833,selected_candidate_loading,True,530d0eee58861102c9cd3432a5304e99c74ee22ac220c6b33ad2171d3d2bb833,bernoulli,3
rep3,start_P,3,8,bfgs,bernoulli,bernoulli,47.853032520736434,False,False,-49.20884698682404,-73.13536324719226,bfgs,7,True,6.634692795159936e-14,True,0,bfgs,8,False,2.1520633097793507e-08,False,2,bernoulli,-49.20884698682404,0.08576465221966019|-0.21961031992454572|-0.57154455623184386,39f8f4a41a69edab901fed5c1738bc032647835a3c99f25115c728b62b2a1e15,selected_candidate_loading,True,39f8f4a41a69edab901fed5c1738bc032647835a3c99f25115c728b62b2a1e15,bernoulli,3
rep3,start_P,4,3,bfgs,bernoulli,bernoulli,48.724366677362966,False,False,-49.496822227181816,-73.8590055658633,bfgs,7,True,7.01936286873206e-12,True,0,bfgs,10,False,1.71404964888211e-08,False,2,bernoulli,-49.496822227181816,-0.37997498420271442|-0.38231971640771883|0.025467162939275537,c044449d1b6482e3e01dbed9bc57a1fdd8a5d83d5820b81f43cf8e444fe1377a,selected_candidate_loading,True,c044449d1b6482e3e01dbed9bc57a1fdd8a5d83d5820b81f43cf8e444fe1377a,bernoulli,3
rep3,start_P,4,4,bfgs,bernoulli,bernoulli,53.984733976666334,False,True,-46.567129954446706,-73.55949694277987,bfgs,7,True,2.638689267087102e-12,True,0,bfgs,12,True,1.1380744513456164e-09,False,2,bernoulli,-46.567129954446706,0.71243463512982386|-0.20179568138413362|0.1961678971372364,3ca6fd886d147b90c37f58fc7a3873b8746274a37c1ffd44bb6eb397554eac19,selected_candidate_loading,True,3ca6fd886d147b90c37f58fc7a3873b8746274a37c1ffd44bb6eb397554eac19,bernoulli,3
rep3,start_P,4,5,bfgs,bernoulli,bernoulli,47.470200339850905,False,True,-49.408907266275925,-73.14400743620138,bfgs,7,True,7.601919094213372e-12,True,0,bfgs,8,True,2.480426974926786e-11,True,0,bernoulli,-49.408907266275925,0.2425082982787416|-0.32139531802620325|-0.34963758020994634,e196e0d8e3f871ec9cbed19dc144265be8fbe70b213ac48a70d0ae061e0ebcc1,selected_candidate_loading,True,e196e0d8e3f871ec9cbed19dc144265be8fbe70b213ac48a70d0ae061e0ebcc1,bernoulli,3
rep3,start_P,4,6,bfgs,bernoulli,bernoulli,56.280816289546806,False,True,-44.61866815509846,-72.75907629987186,bfgs,7,True,6.986816014631359e-10,False,2,bfgs,12,True,8.354559266621209e-11,True,0,bernoulli,-44.61866815509846,0.72294753091156128|0.70281142662730089|-0.033824094627168094,541ea98b7079a579ccd23456a359c4b6f7af8fe5402c02d2a71804d5f3983e03,selected_candidate_loading,True,541ea98b7079a579ccd23456a359c4b6f7af8fe5402c02d2a71804d5f3983e03,bernoulli,3
rep3,start_P,4,7,bfgs,bernoulli,bernoulli,49.892661162180886,False,True,-47.259706769331366,-72.20603735042181,bfgs,6,True,3.212434762644989e-11,True,0,bfgs,7,True,1.3352696726087742e-11,True,0,bernoulli,-47.259706769331366,0.41130651833994503|0.3214631981034386|-0.66209850459957831,7917aec1f371e910bdf1483811c1ef096fe18ce2586804b9d410b4eadc343daf,selected_candidate_loading,True,7917aec1f371e910bdf1483811c1ef096fe18ce2586804b9d410b4eadc343daf,bernoulli,3
rep3,start_P,4,8,bfgs,bernoulli,bernoulli,46.46360412920471,False,True,-49.72575738513117,-72.95755944973352,bfgs,7,True,5.042339212835146e-10,False,2,bfgs,9,True,1.1937117960769683e-12,True,0,bernoulli,-49.72575738513117,0.12632080367084397|-0.20382754420042809|-0.48137093988473784,a93b837f2e5786c5d89cbebae15d49bf9cf7bec774a12204a1784a67941c9952,selected_candidate_loading,True,a93b837f2e5786c5d89cbebae15d49bf9cf7bec774a12204a1784a67941c9952,bernoulli,3
rep3,start_P,5,3,bfgs,bernoulli,bernoulli,48.80153049660828,False,False,-49.77985716156856,-74.1806224098727,bfgs,7,True,8.30002733209767e-14,True,0,bfgs,7,False,2.9128282341694955e-07,False,2,bernoulli,-49.77985716156856,-0.3706108393201456|-0.38093559321530357|0.069856190084191597,4081d12348903acb5981859f6f2ec9c6136204dd7d883b4bca0efe3c09b98432,selected_candidate_loading,True,4081d12348903acb5981859f6f2ec9c6136204dd7d883b4bca0efe3c09b98432,bernoulli,3
rep3,start_P,5,4,bfgs,bernoulli,bernoulli,53.762491695184806,False,True,-46.340164703838845,-73.22141055143125,bfgs,7,True,2.8947066965656632e-12,True,0,bfgs,10,True,8.895757158677853e-09,False,2,bernoulli,-46.340164703838845,0.77136983028419293|-0.11893141168407567|0.14239169137279656,4752290b7aa06c958227738f709d5b9cffbf95a2091e390c741b02f3537ccdc4,selected_candidate_loading,True,4752290b7aa06c958227738f709d5b9cffbf95a2091e390c741b02f3537ccdc4,bernoulli,3
rep3,start_P,5,5,bfgs,bernoulli,bernoulli,46.99166771938236,False,True,-49.85560380523284,-73.35143766492402,bfgs,7,True,3.0367877101866727e-10,False,2,bfgs,8,True,7.420109228439831e-10,False,2,bernoulli,-49.85560380523284,0.26509138413767247|-0.25817810694043958|-0.29361560689075572,caf1f45926fb7685a47a61ea442c69779f09a87157dea0f278b62d02e6c68f69,selected_candidate_loading,True,caf1f45926fb7685a47a61ea442c69779f09a87157dea0f278b62d02e6c68f69,bernoulli,3
rep3,start_P,5,6,bfgs,bernoulli,bernoulli,56.885268908680786,False,True,-44.03870853854944,-72.48134299288984,bfgs,7,True,5.138378611491135e-12,True,0,bfgs,12,True,4.862619196188689e-11,True,0,bernoulli,-44.03870853854944,0.80604801074036081|0.76578906789964263|-0.19310541011598595,b5719be4ee9b671285a53ab98e7b84dd6e18313e15aee7ca3e1bcb47a9a8abb0,selected_candidate_loading,True,b5719be4ee9b671285a53ab98e7b84dd6e18313e15aee7ca3e1bcb47a9a8abb0,bernoulli,3
rep3,start_P,5,7,bfgs,bernoulli,bernoulli,49.488973401927495,False,True,-48.054405466798116,-72.79889216776186,bfgs,8,True,2.4971713585841826e-10,False,2,bfgs,11,True,4.0571817905288295e-09,False,2,bernoulli,-48.054405466798116,0.41747826747366473|0.35099287722884942|-0.5024587368814919,5b5c552e20825c7dee751bb8a2ffef552e30c642615196151e1f7847661f94fb,selected_candidate_loading,True,5b5c552e20825c7dee751bb8a2ffef552e30c642615196151e1f7847661f94fb,bernoulli,3
rep3,start_P,5,8,bfgs,bernoulli,bernoulli,46.235183815558926,False,True,-50.35605025097359,-73.47364215875305,bfgs,7,True,1.7967405341323684e-12,True,0,bfgs,8,True,9.247678178780916e-11,True,0,bernoulli,-50.35605025097359,0.08721132864839766|-0.27566519895698055|-0.31432499134934344,dcf099704dff12260039fadd4c6f936c256c7d9059f7ac7206bb9fe337112521,selected_candidate_loading,True,dcf099704dff12260039fadd4c6f936c256c7d9059f7ac7206bb9fe337112521,bernoulli,3
rep3,start_P,6,3,bfgs,bernoulli,bernoulli,48.830607671291276,False,True,-49.777398808062905,-74.19270264370854,bfgs,7,True,4.191091917959966e-11,True,0,bfgs,8,True,1.3196066461773626e-11,True,0,bernoulli,-49.777398808062905,-0.33675925138508961|-0.41072256581124278|0.0067179087256256098,7a69350274c254120d0d2d821fb7e5a2786e33967334bcb44ab230494f8a43a3,selected_candidate_loading,True,7a69350274c254120d0d2d821fb7e5a2786e33967334bcb44ab230494f8a43a3,bernoulli,3
rep3,start_P,6,4,bfgs,bernoulli,bernoulli,52.88291922885777,False,True,-46.79802794104037,-73.23948755546925,bfgs,7,True,9.196527983590385e-11,True,0,bfgs,10,True,4.1769285807902177e-10,False,2,bernoulli,-46.79802794104037,0.73272668527934603|-0.066892462791594859|0.22791101801881292,176eebcde8ad971d8ccad3536e4ac9627a11cda4772ab573ae51cf7f70bf051b,selected_candidate_loading,True,176eebcde8ad971d8ccad3536e4ac9627a11cda4772ab573ae51cf7f70bf051b,bernoulli,3
rep3,start_P,6,5,bfgs,bernoulli,bernoulli,47.294010378019664,False,True,-49.55581318568875,-73.20281837469858,bfgs,6,True,1.4937917569568525e-11,True,0,bfgs,10,True,1.8350876374029212e-11,True,0,bernoulli,-49.55581318568875,0.31168963420829882|-0.29850411444257968|-0.28765884340974218,7a3aad82f922ef18ac65753bf9cfda4de6247e18150b8e8809bb7007bca1a98c,selected_candidate_loading,True,7a3aad82f922ef18ac65753bf9cfda4de6247e18150b8e8809bb7007bca1a98c,bernoulli,3
rep3,start_P,6,6,bfgs,bernoulli,bernoulli,56.75889113467592,False,True,-44.09295703253202,-72.47240259986998,bfgs,7,True,9.75920322332513e-09,False,2,bfgs,9,True,3.399171055740169e-10,False,2,bernoulli,-44.09295703253202,0.79326436140747658|0.77303635244432323|0.027703464076898762,b9dd412386f118d4b500be11a2e6a1905ed2aea79bf292f4be0de483676bddd9,selected_candidate_loading,True,b9dd412386f118d4b500be11a2e6a1905ed2aea79bf292f4be0de483676bddd9,bernoulli,3
rep3,start_P,6,7,bfgs,bernoulli,bernoulli,50.35071670281478,False,True,-47.083303734221865,-72.25866208562925,bfgs,6,True,3.753546806706254e-10,False,2,bfgs,9,True,8.468248324788874e-12,True,0,bernoulli,-47.083303734221865,0.49612125364283377|0.33957633202809873|-0.57955429964655947,a9458cb17d438356faa9c110e3c815e474ae6e7fbdb56c8c530159fa5b48d155,selected_candidate_loading,True,a9458cb17d438356faa9c110e3c815e474ae6e7fbdb56c8c530159fa5b48d155,bernoulli,3
rep3,start_P,6,8,bfgs,bernoulli,bernoulli,46.071793322700046,False,False,-50.455227745625635,-73.49112440697566,bfgs,7,True,1.0198064614996838e-12,True,0,bfgs,7,False,1.5439310860898558e-07,False,2,bernoulli,-50.455227745625635,0.13118344958962583|-0.24567480672828124|-0.31283749754086199,7d6af6ffc50d6e42e989adbb59630e2c4c71bf828769e1ffdb42fc21db862d65,selected_candidate_loading,True,7d6af6ffc50d6e42e989adbb59630e2c4c71bf828769e1ffdb42fc21db862d65,bernoulli,3
rep3,start_P,7,3,bfgs,bernoulli,bernoulli,49.68982358163771,False,True,-49.08508354434177,-73.92999533516063,bfgs,7,True,8.950440388844071e-12,True,0,bfgs,8,True,1.7390160422792177e-10,False,2,bernoulli,-49.08508354434177,-0.47881086336475776|-0.36732180858911501|0.089479735896059384,3e6d058548586a46c0a0d6b18a14d28b28df0072593d596209c0f3bb4f27f14b,selected_candidate_loading,True,3e6d058548586a46c0a0d6b18a14d28b28df0072593d596209c0f3bb4f27f14b,bernoulli,3
rep3,start_P,7,4,bfgs,bernoulli,bernoulli,53.23262706907745,False,True,-46.628359169898125,-73.24467270443685,bfgs,7,True,1.6253665080512292e-14,True,0,bfgs,11,True,3.125801673053985e-10,False,2,bernoulli,-46.628359169898125,0.71096017855889126|-0.19757239685992045|0.22959336217607496,717d0dc8e14ef1ac521e4628bf2a2b8088027a045de0d778c353f8fd4bf2cdbb,selected_candidate_loading,True,717d0dc8e14ef1ac521e4628bf2a2b8088027a045de0d778c353f8fd4bf2cdbb,bernoulli,3
rep3,start_P,7,5,bfgs,bernoulli,bernoulli,46.663736724455305,False,True,-49.77143187122789,-73.10330023345554,bfgs,7,True,2.853739466956995e-12,True,0,bfgs,9,True,1.4676798665291813e-11,True,0,bernoulli,-49.77143187122789,0.26595769159859978|-0.35356454366187662|-0.23421412191570065,1d59b42be7116b39f2e1eff6de5e4d63e7b36061a469d8bff0b3f38cdaf3bd55,selected_candidate_loading,True,1d59b42be7116b39f2e1eff6de5e4d63e7b36061a469d8bff0b3f38cdaf3bd55,bernoulli,3
rep3,start_P,7,6,bfgs,bernoulli,bernoulli,57.26628946142888,False,True,-43.614714827737394,-72.24785955845184,bfgs,7,True,3.07497360907405e-12,True,0,bfgs,9,True,5.771094713225011e-11,True,0,bernoulli,-43.614714827737394,0.8782482732502338|0.7328878029123097|-0.16571064283144213,1e74f814994f775e68b80415845d936da63ba27d8244c9e086ae6593b0a672fa,selected_candidate_loading,True,1e74f814994f775e68b80415845d936da63ba27d8244c9e086ae6593b0a672fa,bernoulli,3
rep3,start_P,7,7,bfgs,bernoulli,bernoulli,49.098825241606775,False,True,-47.799890835387465,-72.34930345619085,bfgs,8,True,1.7137535834876873e-11,True,0,bfgs,13,True,7.338369911735753e-11,True,0,bernoulli,-47.799890835387465,0.51821915941903118|0.21919193650902111|-0.5149588148909845,b652786a400464e5cd6941a072b775e3aa3d7c43fb89cca0220da889064de6c6,selected_candidate_loading,True,b652786a400464e5cd6941a072b775e3aa3d7c43fb89cca0220da889064de6c6,bernoulli,3
rep3,start_P,7,8,bfgs,bernoulli,bernoulli,46.306313357195535,False,True,-49.88105278885541,-73.03420946745318,bfgs,7,True,1.4564793815452503e-12,True,0,bfgs,8,True,2.1735502286901463e-12,True,0,bernoulli,-49.88105278885541,0.18648145048272322|-0.35667031705506269|-0.29085233024027585,36ee00da994dc9e9c6c5e14e4829b3e272faf7bf2cf90f476cfc654b6471bbd1,selected_candidate_loading,True,36ee00da994dc9e9c6c5e14e4829b3e272faf7bf2cf90f476cfc654b6471bbd1,bernoulli,3
rep3,start_P,8,3,bfgs,bernoulli,bernoulli,49.31620638345238,False,True,-49.42349424359711,-74.0815974353233,bfgs,7,True,5.329352958938216e-10,False,2,bfgs,12,True,1.4178631602135284e-10,False,2,bernoulli,-49.42349424359711,-0.42539763495943628|-0.37298511032212889|0.084307071634492303,3db6eb314d1651d8b1743669092f39a5ef7f5271e4f43e22caa451b185fcc52a,selected_candidate_loading,True,3db6eb314d1651d8b1743669092f39a5ef7f5271e4f43e22caa451b185fcc52a,bernoulli,3
rep3,start_P,8,4,bfgs,bernoulli,bernoulli,53.23523653472243,False,True,-46.43309016324253,-73.05070843060375,bfgs,5,True,2.8108626537459713e-11,True,0,bfgs,11,True,2.660626718942183e-11,True,0,bernoulli,-46.43309016324253,0.76372410769842691|-0.16739488161315813|0.19735927254612484,9d5c14a0ac62d23ac864f8cbd4acf19546835b4adc9a6f825add7602ccd75e42,selected_candidate_loading,True,9d5c14a0ac62d23ac864f8cbd4acf19546835b4adc9a6f825add7602ccd75e42,bernoulli,3
rep3,start_P,8,5,bfgs,bernoulli,bernoulli,48.70581789148075,False,True,-48.09856277280614,-72.45147171854651,bfgs,7,True,8.163956177753562e-11,True,0,bfgs,9,True,2.691350857453312e-11,True,0,bernoulli,-48.09856277280614,0.33187283321642791|-0.47367713498427627|-0.37109177868209442,5178767d0e564af68e3b0b022188f5ce2dcb6b91993cd7b28825a7c43bcf6ea0,selected_candidate_loading,True,5178767d0e564af68e3b0b022188f5ce2dcb6b91993cd7b28825a7c43bcf6ea0,bernoulli,3
rep3,start_P,8,6,bfgs,bernoulli,bernoulli,57.822209565858586,False,True,-43.24020477398347,-72.15130955691276,bfgs,7,True,2.589217729109805e-12,True,0,bfgs,9,True,3.8790137768529576e-10,False,2,bernoulli,-43.24020477398347,0.9462318647101291|0.69651747789113683|-0.1400955378759739,a476cecea906b38ca6f03183e0e0d1dc0bb6c4123f2b00c45ac189b3ed87b24f,selected_candidate_loading,True,a476cecea906b38ca6f03183e0e0d1dc0bb6c4123f2b00c45ac189b3ed87b24f,bernoulli,3
rep3,start_P,8,7,bfgs,bernoulli,bernoulli,49.05090395788285,False,False,-48.09205922907625,-72.61751120801767,bfgs,6,False,2.0577949033651065e-08,False,2,bfgs,11,True,7.048109829099758e-09,False,2,bernoulli,-48.09205922907625,0.48784422880211359|0.30412391805608457|-0.45963971824084443,ae5565e6fab9d1b8b4c68486f7eb1b5a43af030af98b7b7f53a91aaea49dbab4,selected_candidate_loading,True,ae5565e6fab9d1b8b4c68486f7eb1b5a43af030af98b7b7f53a91aaea49dbab4,bernoulli,3
rep3,start_P,8,8,bfgs,bernoulli,bernoulli,45.8060315080219,False,True,-50.28489831177619,-73.18791406578714,bfgs,7,True,3.8576946082002904e-10,False,2,bfgs,8,True,7.510267963084516e-11,True,0,bernoulli,-50.28489831177619,0.10660260343369615|-0.26860971851997112|-0.33942605233795292,cea1a90ea26b34271ec2496763d06cd02e8e79521407cb25fe150c5ab4258a6c,selected_candidate_loading,True,cea1a90ea26b34271ec2496763d06cd02e8e79521407cb25fe150c5ab4258a6c,bernoulli,3
rep3,start_P,1,3,bfgs,poisson,bernoulli,49.779450761915996,True,True,-48.48442904613991,-73.3741544270979,bfgs,12,True,3.3784443687068235e-09,False,2,bfgs,9,True,1.0168488273620824e-11,True,0,bernoulli,-48.48442904613991,-0.31590829183337904|-0.6821057627693764|-0.020216281386271136|0.11617355220421727,b29f6c9c9270a59922546be95800df2d9cb4639f014746e902f29a0519077d87,selected_candidate_loading,True,b29f6c9c9270a59922546be95800df2d9cb4639f014746e902f29a0519077d87,bernoulli,4
rep3,start_P,1,4,bfgs,poisson,bernoulli,52.0876691690742,True,True,-47.99811838203116,-74.04195296656826,bfgs,11,True,4.003799825014198e-09,False,2,bfgs,8,True,5.385831303161837e-09,False,2,bernoulli,-47.99811838203116,0.044071859103507582|0.27224570643792928|0.21089200636739264|-0.56807856524323952,92fabbf1b3b9ae047a416dd1c7ae8d7ced6092cda34ddacdee5323492c98502c,selected_candidate_loading,True,92fabbf1b3b9ae047a416dd1c7ae8d7ced6092cda34ddacdee5323492c98502c,bernoulli,4
rep3,start_P,1,5,bfgs,poisson,bernoulli,46.74815567267751,True,False,-50.792853601943506,-74.16693143828226,bfgs,9,True,1.0215006618352618e-10,False,2,bfgs,9,False,2.106711864957589e-08,False,2,bernoulli,-50.792853601943506,-0.20705835955979937|0.19338157041892262|0.13026243393575071|-0.12225637356078008,30ab0fda748d6892bccb72d34ed00a54b49ec0fffe88bf5103a740ce02be4922,selected_candidate_loading,True,30ab0fda748d6892bccb72d34ed00a54b49ec0fffe88bf5103a740ce02be4922,bernoulli,4
rep3,start_P,1,6,bfgs,poisson,bernoulli,53.246758596904044,True,True,-47.433693874043,-74.05707317249502,bfgs,14,True,1.0197416244750457e-10,False,2,bfgs,9,True,5.928578694636144e-09,False,2,bernoulli,-47.433693874043,0.58215278297959228|0.31336699863995043|-0.026738334391032598|-0.21507065593118926,3751eb8b290358283175d8c427c3774a8f0d662cb60ebd3ace4afe08dbd951d0,selected_candidate_loading,True,3751eb8b290358283175d8c427c3774a8f0d662cb60ebd3ace4afe08dbd951d0,bernoulli,4
rep3,start_P,1,7,bfgs,poisson,bernoulli,47.11808139549099,True,True,-50.62801380515243,-74.18705450289792,bfgs,13,True,6.134166063986867e-10,False,2,bfgs,10,True,6.300737709352688e-13,True,0,bernoulli,-50.62801380515243,0.22291307397159096|0.28627595312423387|0.21025026539404443|-0.01236538891209046,0b4b354ddfe404662fedb950551574ff5d2fa2db4086d65fea637ceacce0aba3,selected_candidate_loading,True,0b4b354ddfe404662fedb950551574ff5d2fa2db4086d65fea637ceacce0aba3,bernoulli,4
rep3,start_P,1,8,bfgs,poisson,bernoulli,45.88806717869487,True,False,-50.71081673971636,-73.65485032906379,bfgs,10,False,3.2271969274688675e-08,False,2,bfgs,10,True,2.4876563031739353e-10,False,2,bernoulli,-50.71081673971636,-0.16664084690578002|0.0027974462524750074|0.36107588618866038|0.11413413242826821,0e24ad5276724927f36175a094d9b9d26543e5d3e591360f03cc47a7d0219a87,selected_candidate_loading,True,0e24ad5276724927f36175a094d9b9d26543e5d3e591360f03cc47a7d0219a87,bernoulli,4
rep3,start_P,2,3,bfgs,bernoulli,bernoulli,52.069132880367604,False,False,-47.505372372939185,-73.53993881312299,bfgs,9,True,7.242277888508397e-11,True,0,bfgs,11,False,9.830408194133611e-08,False,2,bernoulli,-47.505372372939185,-0.45023567800515846|-0.71653825878327404|0.11359688666944734|0.24665233310119061,ab2bd08e4cddf45f0beae4b8163e5c3327b1a210dd27d93da1ef55267c973097,selected_candidate_loading,True,ab2bd08e4cddf45f0beae4b8163e5c3327b1a210dd27d93da1ef55267c973097,bernoulli,4
rep3,start_P,2,4,bfgs,bernoulli,bernoulli,55.45041321469476,False,False,-45.68272435352845,-73.40793096087583,bfgs,7,False,1.610340509827779e-08,False,2,bfgs,13,True,5.163568461696855e-10,False,2,bernoulli,-45.68272435352845,0.15683850250021267|0.51889575864263515|0.14073632717082177|-0.73050024510403722,1512d4b5e927a94d4fd85dd0cb55f1ca93ba64bb210fe293607a2682f92445d8,selected_candidate_loading,True,1512d4b5e927a94d4fd85dd0cb55f1ca93ba64bb210fe293607a2682f92445d8,bernoulli,4
rep3,start_P,2,5,bfgs,bernoulli,bernoulli,48.37511789766171,False,True,-49.154738739324685,-73.34229768815554,bfgs,9,True,1.7396040163930593e-11,True,0,bfgs,10,True,2.1617152512476423e-12,True,0,bernoulli,-49.154738739324685,-0.21903996025196029|0.34588293895805111|0.38210555130328638|-0.099825665143229228,fce24b50af57e89ed0d0946203f6893d196f78173c92bf73ed7e0e5a0dfd51dd,selected_candidate_loading,True,fce24b50af57e89ed0d0946203f6893d196f78173c92bf73ed7e0e5a0dfd51dd,bernoulli,4
rep3,start_P,2,6,bfgs,bernoulli,bernoulli,54.72968284046155,False,True,-45.39837164942719,-72.76321306965797,bfgs,8,True,4.6352104376978786e-10,False,2,bfgs,10,True,2.8702817900239098e-12,True,0,bernoulli,-45.39837164942719,0.71462888434365524|0.60010389745742032|-0.19697190640400092|-0.31015543156478009,632520d6b609e7cf7aa29d7cc926bdc0cfe8272675e58ebd7b285403cafe16ab,selected_candidate_loading,True,632520d6b609e7cf7aa29d7cc926bdc0cfe8272675e58ebd7b285403cafe16ab,bernoulli,4
rep3,start_P,2,7,bfgs,bernoulli,bernoulli,48.13025659604838,False,True,-48.529431091459344,-72.59455938948354,bfgs,8,True,5.421281201734018e-10,False,2,bfgs,9,True,9.323886018819394e-09,False,2,bernoulli,-48.529431091459344,0.35491960522376725|0.35982804174306321|0.31855007333449781|0.12142428762231564,d8828574a051e531db5857a0f3271e62521cbf2b1ea27ade025f0a7cb23b5eb1,selected_candidate_loading,True,d8828574a051e531db5857a0f3271e62521cbf2b1ea27ade025f0a7cb23b5eb1,bernoulli,4
rep3,start_P,2,8,bfgs,bernoulli,bernoulli,46.63794170315825,False,True,-49.38812141353159,-72.70709226511072,bfgs,10,True,7.1826100622729424e-12,True,0,bfgs,9,True,5.6781246371429e-13,True,0,bernoulli,-49.38812141353159,0.080861745084932532|-0.33978904750625655|0.62562395065846865|0.26461018486955012,3af39fe5d9ec0a51c62ab2e5fa446702e11e0b39c448889b2c911c447442dcec,selected_candidate_loading,True,3af39fe5d9ec0a51c62ab2e5fa446702e11e0b39c448889b2c911c447442dcec,bernoulli,4
rep3,start_P,3,3,bfgs,bernoulli,bernoulli,49.710853505603254,False,True,-48.71042616688084,-73.56585291968247,bfgs,8,True,5.393947866139115e-09,False,2,bfgs,13,True,1.4593255492911795e-10,False,2,bernoulli,-48.71042616688084,-0.32008747081123196|-0.63645533914446495|0.16924081571219096|0.1271740351285443,d6ffab5a263eb279774e05bac7bace7545a64d15299b5030e8bb4d74cd874e2d,selected_candidate_loading,True,d6ffab5a263eb279774e05bac7bace7545a64d15299b5030e8bb4d74cd874e2d,bernoulli,4
rep3,start_P,3,4,bfgs,bernoulli,bernoulli,53.199973562916256,False,True,-46.73367165049734,-73.33365843195547,bfgs,8,True,1.162024032552722e-10,False,2,bfgs,13,True,1.016350728577642e-09,False,2,bernoulli,-46.73367165049734,0.10834646219665216|0.40931069411255971|0.18414826174569465|-0.6081380699086244,eb61f034906abc40b28b8f7850a028b7cf8534421eb525c4d4274ae59e9a9c87,selected_candidate_loading,True,eb61f034906abc40b28b8f7850a028b7cf8534421eb525c4d4274ae59e9a9c87,bernoulli,4
rep3,start_P,3,5,bfgs,bernoulli,bernoulli,48.28940063251849,False,True,-48.75260457298151,-72.89730488924076,bfgs,8,True,1.5562751087827564e-10,False,2,bfgs,10,True,7.977802585212856e-11,True,0,bernoulli,-48.75260457298151,-0.24527888721307181|0.2224850355505448|0.45077847098849211|-0.014033875787796937,df199313bca4d194717ceafd4068ae2ede91b6fb47d19226c537160d0a2d500e,selected_candidate_loading,True,df199313bca4d194717ceafd4068ae2ede91b6fb47d19226c537160d0a2d500e,bernoulli,4
rep3,start_P,3,6,bfgs,bernoulli,bernoulli,57.20664032514459,False,True,-44.145996907988966,-72.74931707056126,bfgs,8,True,6.427214316317986e-12,True,0,bfgs,12,True,7.555478775955748e-09,False,2,bernoulli,-44.145996907988966,0.73589423547505561|0.75088382709878754|-0.073475876031086018|-0.25426884915120279,8df8a19b22e5afa4b0857da94d7755d4859f562cfd68f43c88093572284dc497,selected_candidate_loading,True,8df8a19b22e5afa4b0857da94d7755d4859f562cfd68f43c88093572284dc497,bernoulli,4
rep3,start_P,3,7,bfgs,bernoulli,bernoulli,50.734360163602204,False,False,-47.04791077439521,-72.41509085619631,bfgs,7,False,3.892943487224243e-08,False,2,bfgs,9,True,7.576915428408882e-10,False,2,bernoulli,-47.04791077439521,0.43980135060243081|0.46812211644888352|0.34948247230955543|0.27499945185874769,e1299998b7b8dece49a0c2afd505a96abe85c852e4f7b3463300bad2a74683d6,selected_candidate_loading,True,e1299998b7b8dece49a0c2afd505a96abe85c852e4f7b3463300bad2a74683d6,bernoulli,4
rep3,start_P,3,8,bfgs,bernoulli,bernoulli,47.165493274425444,False,False,-49.02291687800842,-72.60566351522114,bfgs,8,True,3.920297975135156e-11,True,0,bfgs,8,False,1.2257512582714014e-08,False,2,bernoulli,-49.02291687800842,-0.060608627720031019|-0.16350149844246104|0.60941958141121344|0.19249095224887183,6d2f57870ba673819c973805da945e3356ed5a2be7ca4841592c33d1058fa1ef,selected_candidate_loading,True,6d2f57870ba673819c973805da945e3356ed5a2be7ca4841592c33d1058fa1ef,bernoulli,4
rep3,start_P,4,3,bfgs,bernoulli,bernoulli,50.99808161026486,False,True,-47.89764364187284,-73.39668444700527,bfgs,8,True,6.296416721340847e-10,False,2,bfgs,14,True,2.8491448089695836e-11,True,0,bernoulli,-47.89764364187284,-0.22475567548629186|-0.77357796744036056|0.13642343177899646|0.096867018960875545,18f453190d3b2c8d7a03c3758ba465f43d3bf9acf9667968d8b8bdcc1e833d19,selected_candidate_loading,True,18f453190d3b2c8d7a03c3758ba465f43d3bf9acf9667968d8b8bdcc1e833d19,bernoulli,4
rep3,start_P,4,4,bfgs,bernoulli,bernoulli,54.145075515893154,False,True,-46.00915842377238,-73.08169618171895,bfgs,8,True,1.723421405586123e-12,True,0,bfgs,15,True,1.4770354606064017e-09,False,2,bernoulli,-46.00915842377238,0.22343909441653698|0.361986146236844|0.24534434961181298|-0.62831299932044105,3083fe27410fd39fc57d8523525bca5e1b9733a14c9105f0b194f2b14fa2355b,selected_candidate_loading,True,3083fe27410fd39fc57d8523525bca5e1b9733a14c9105f0b194f2b14fa2355b,bernoulli,4
rep3,start_P,4,5,bfgs,bernoulli,bernoulli,47.29183455047219,False,True,-49.31639856186674,-72.96231583710284,bfgs,8,True,5.6787352598064444e-11,True,0,bfgs,11,True,5.737271546735201e-10,False,2,bernoulli,-49.31639856186674,-0.16520047812326538|0.25804799677765033|0.39442627174856026|-0.16459890499372534,21a826b8abea8e8cbcc41c5589a0787e4bdfeefceeba21fb97083c534d9bdcbc,selected_candidate_loading,True,21a826b8abea8e8cbcc41c5589a0787e4bdfeefceeba21fb97083c534d9bdcbc,bernoulli,4
rep3,start_P,4,6,bfgs,bernoulli,bernoulli,56.63616518488854,False,True,-44.13593887346899,-72.45402146591326,bfgs,8,True,1.7584911304879823e-11,True,0,bfgs,11,True,2.384232367091954e-10,False,2,bernoulli,-44.13593887346899,0.76788967293820409|0.71101729807758529|-0.086116477181682291|-0.095636539651949459,453a72fb96aefc2f18392b3f56ecbfbd3cdddaf1ef9dcb66c7cb8060b81a2652,selected_candidate_loading,True,453a72fb96aefc2f18392b3f56ecbfbd3cdddaf1ef9dcb66c7cb8060b81a2652,bernoulli,4
rep3,start_P,4,7,bfgs,bernoulli,bernoulli,49.9302202238722,False,True,-46.88665045321163,-71.85176056514773,bfgs,8,True,1.7804607344018563e-09,False,2,bfgs,15,True,1.530500726154571e-12,True,0,bernoulli,-46.88665045321163,0.2715251816362933|0.61193257259225697|0.3585866444138604|0.26623857656842775,1fbc506ea2037168ef2af225f7056b1c7b70fb579a2fa93f55c769c061b7fcfa,selected_candidate_loading,True,1fbc506ea2037168ef2af225f7056b1c7b70fb579a2fa93f55c769c061b7fcfa,bernoulli,4
rep3,start_P,4,8,bfgs,bernoulli,bernoulli,45.823059482640744,False,True,-50.021599263467785,-72.93312900478816,bfgs,9,True,6.008438191429377e-12,True,0,bfgs,9,True,5.312723594386171e-10,False,2,bernoulli,-50.021599263467785,-0.05897013025478276|-0.158358993630803|0.45831067211644072|0.044787605066822909,e5e213c3fc5d6f31d3c27b5a45ce57432856454d837ef1c51f330d8f9c1ab438,selected_candidate_loading,True,e5e213c3fc5d6f31d3c27b5a45ce57432856454d837ef1c51f330d8f9c1ab438,bernoulli,4
rep3,start_P,5,3,bfgs,bernoulli,bernoulli,51.96368774583894,False,True,-47.580893368891665,-73.56273724181113,bfgs,9,True,1.510258584858093e-11,True,0,bfgs,13,True,1.5591794522151758e-11,True,0,bernoulli,-47.580893368891665,-0.21427675285294173|-0.82755185141433873|0.14111254326579703|0.22469389455432881,f980c0c30e08eff62983eda41f5a077f6a2e9d0115551bf758b34e2108d54fb1,selected_candidate_loading,True,f980c0c30e08eff62983eda41f5a077f6a2e9d0115551bf758b34e2108d54fb1,bernoulli,4
rep3,start_P,5,4,bfgs,bernoulli,bernoulli,54.98246154057641,False,True,-45.11542605775278,-72.60665682804098,bfgs,9,True,2.2465562743434475e-10,False,2,bfgs,13,True,2.2543373834338355e-10,False,2,bernoulli,-45.11542605775278,0.19694070207769518|0.53671262298061317|0.18562217332482067|-0.72665725349766153,48f9c68c2ebe4a06e0f7f6c4502a017ab291ef1990739dacd8dd914fda2dae99,selected_candidate_loading,True,48f9c68c2ebe4a06e0f7f6c4502a017ab291ef1990739dacd8dd914fda2dae99,bernoulli,4
rep3,start_P,5,5,bfgs,bernoulli,bernoulli,49.165250955891906,False,True,-47.67137983384188,-72.25400531178784,bfgs,8,True,2.0775908771142326e-11,True,0,bfgs,10,True,8.219425140509884e-13,True,0,bernoulli,-47.67137983384188,-0.26260334124736157|0.40878056380202432|0.48302403850289294|-0.14996720142457104,90cae6ac993e871b64fff1c31fec80adbf8272c2c5a90aadbccf4240b9a0576c,selected_candidate_loading,True,90cae6ac993e871b64fff1c31fec80adbf8272c2c5a90aadbccf4240b9a0576c,bernoulli,4
rep3,start_P,5,6,bfgs,bernoulli,bernoulli,57.71842726757245,False,True,-43.13484635445809,-71.99405998824432,bfgs,8,True,3.7553660181544045e-11,True,0,bfgs,11,True,5.088004551012659e-09,False,2,bernoulli,-43.13484635445809,0.7346579144654487|0.91266879563032188|-0.023127069581378664|-0.14576535348065187,e9b75e0adc2bec214ad18b6eaf9d0445fb64deef1c03543f34a21fb02a8c179f,selected_candidate_loading,True,e9b75e0adc2bec214ad18b6eaf9d0445fb64deef1c03543f34a21fb02a8c179f,bernoulli,4
rep3,start_P,5,7,bfgs,bernoulli,bernoulli,50.56609884258968,False,False,-46.71660479571917,-71.99965421701401,bfgs,8,True,1.6112000622570121e-12,True,0,bfgs,12,False,1.3982490187913755e-08,False,2,bernoulli,-46.71660479571917,0.40585992706885049|0.56653194891988146|0.39410919624168195|0.15522092176281496,9e191b788086159afb7afa3517d77afd3d992400c4297d791260c642f60f690a,selected_candidate_loading,True,9e191b788086159afb7afa3517d77afd3d992400c4297d791260c642f60f690a,bernoulli,4
rep3,start_P,5,8,bfgs,bernoulli,bernoulli,46.340504662365746,False,True,-49.6207265272914,-72.79097885847428,bfgs,8,True,9.856164773225373e-11,True,0,bfgs,11,True,2.418687472527381e-12,True,0,bernoulli,-49.6207265272914,-0.056785177449388456|-0.18502817502058277|0.51594131964107992|0.14169784776302988,955a5e3ff45b546a55d1630f36ccd2dcd3f387f759cb7ee95803b667550cb744,selected_candidate_loading,True,955a5e3ff45b546a55d1630f36ccd2dcd3f387f759cb7ee95803b667550cb744,bernoulli,4
rep3,start_P,6,3,bfgs,bernoulli,bernoulli,52.84071569763228,False,False,-47.10697788058279,-73.52733572939893,bfgs,8,True,2.4799545528253476e-09,False,2,bfgs,12,False,7.693319463708548e-08,False,2,bernoulli,-47.10697788058279,-0.038477780488241548|-0.95190110079989587|0.21198986514547799|0.28405485039594319,175760ee99751109a2fe66ef88e0aef3efab8c8781d40a32ce8262e155ec7a4c,selected_candidate_loading,True,175760ee99751109a2fe66ef88e0aef3efab8c8781d40a32ce8262e155ec7a4c,bernoulli,4
rep3,start_P,6,4,bfgs,bernoulli,bernoulli,55.641956790345944,False,True,-44.970372512682516,-72.79135090785549,bfgs,8,True,4.1566416975058473e-11,True,0,bfgs,13,True,3.508122833895122e-10,False,2,bernoulli,-44.970372512682516,0.16787829314834443|0.57563689877711699|0.13652365442854703|-0.76606693499157263,d2abee54b92224fba45471782655cc499e4dcdbe695225a6058923ec55412937,selected_candidate_loading,True,d2abee54b92224fba45471782655cc499e4dcdbe695225a6058923ec55412937,bernoulli,4
rep3,start_P,6,5,bfgs,bernoulli,bernoulli,48.714637572717876,False,False,-48.623973357740574,-72.98129214409951,bfgs,8,False,7.681809397475092e-08,False,2,bfgs,10,True,1.366440341085684e-09,False,2,bernoulli,-48.623973357740574,-0.33047545499490921|0.27721571872269085|0.3470945561342384|-0.23751697831754012,1138f6d0d50912ce8bb3f445b63ad560bc5c5eb9dec90ffab47c09f6b99c802c,selected_candidate_loading,True,1138f6d0d50912ce8bb3f445b63ad560bc5c5eb9dec90ffab47c09f6b99c802c,bernoulli,4
rep3,start_P,6,6,bfgs,bernoulli,bernoulli,60.26695326115677,False,True,-42.16503433340836,-72.29851096398674,bfgs,9,True,3.343036958369794e-12,True,0,bfgs,12,True,2.6462307900487756e-10,False,2,bernoulli,-42.16503433340836,0.83346809887578777|0.93616406023211873|0.031275917506296345|-0.30464082831806188,30d55e1ed5c7c6cc2086b156db7b9b7c06be339bd2a23bdc9f95f9f4ecab2b35,selected_candidate_loading,True,30d55e1ed5c7c6cc2086b156db7b9b7c06be339bd2a23bdc9f95f9f4ecab2b35,bernoulli,4
rep3,start_P,6,7,bfgs,bernoulli,bernoulli,49.070519758578214,False,False,-48.24229029736542,-72.77755017665453,bfgs,8,True,4.16213047360614e-09,False,2,bfgs,13,False,1.2547633931880853e-08,False,2,bernoulli,-48.24229029736542,0.37494674351872392|0.25120844927868913|0.48248406714326536|0.1879494987754235,aa9ac049027c22bef7a5d3d3b85231f890bb8aa66a39d218ad13deea9226ec5f,selected_candidate_loading,True,aa9ac049027c22bef7a5d3d3b85231f890bb8aa66a39d218ad13deea9226ec5f,bernoulli,4
rep3,start_P,6,8,bfgs,bernoulli,bernoulli,47.9863741701174,False,True,-49.04103136668622,-73.03421845174492,bfgs,9,True,2.2071482419505627e-10,False,2,bfgs,10,True,1.4422951721826393e-11,True,0,bernoulli,-49.04103136668622,0.041471155449925301|-0.38456740914362392|0.57825850014423363|0.11741014826716063,8c455270dc030e5db961a8d389a3bbf906545fdc6dc395b22d2d9961a4a099a0,selected_candidate_loading,True,8c455270dc030e5db961a8d389a3bbf906545fdc6dc395b22d2d9961a4a099a0,bernoulli,4
rep3,start_P,7,3,bfgs,bernoulli,bernoulli,51.82406546541921,False,True,-47.49740778376349,-73.4094405164731,bfgs,8,True,4.715554613454742e-10,False,2,bfgs,11,True,1.284859685313222e-09,False,2,bernoulli,-47.49740778376349,-0.036706883688394185|-0.86848750924807339|0.18374102067056969|0.17944652954866561,bcd9ac7837a10889a1615eb76db108528344630125384f6d892a1580c41583d0,selected_candidate_loading,True,bcd9ac7837a10889a1615eb76db108528344630125384f6d892a1580c41583d0,bernoulli,4
rep3,start_P,7,4,bfgs,bernoulli,bernoulli,54.826414627599945,False,False,-45.80285518136037,-73.21606249516034,bfgs,9,True,6.842082456159915e-13,True,0,bfgs,13,False,1.6443474927518854e-08,False,2,bernoulli,-45.80285518136037,0.22675996386421868|0.48264865492885656|0.20497030821280318|-0.63910115030780201,8a122bd4e2fc6fa430e3168761551d60f8fb9f801df550a5d40ac8279cd7eae1,selected_candidate_loading,True,8a122bd4e2fc6fa430e3168761551d60f8fb9f801df550a5d40ac8279cd7eae1,bernoulli,4
rep3,start_P,7,5,bfgs,bernoulli,bernoulli,47.79381271560868,False,True,-48.83116936634342,-72.72807572414776,bfgs,8,True,1.5172796352658224e-11,True,0,bfgs,12,True,7.528072332174673e-11,True,0,bernoulli,-48.83116936634342,-0.26760643331359629|0.2466348181037164|0.41369797937108554|-0.12413069000281667,6fc6e34fb04e65dcda95c0d919064cf38ddb6a8a53a445ab8058bb397c46290a,selected_candidate_loading,True,6fc6e34fb04e65dcda95c0d919064cf38ddb6a8a53a445ab8058bb397c46290a,bernoulli,4
rep3,start_P,7,6,bfgs,bernoulli,bernoulli,59.1220567678927,False,True,-43.00846295745079,-72.56949134139714,bfgs,8,True,5.280869075363626e-11,True,0,bfgs,12,True,6.259800322538922e-09,False,2,bernoulli,-43.00846295745079,0.5254928690103825|1.0435294623296436|0.074033047617132336|-0.2213745866560333,f287e092bfaa69009ba1b48242d6a21869f8015e4cd4814a172da34d27f4c9e3,selected_candidate_loading,True,f287e092bfaa69009ba1b48242d6a21869f8015e4cd4814a172da34d27f4c9e3,bernoulli,4
rep3,start_P,7,7,bfgs,bernoulli,bernoulli,47.96616331452945,False,True,-49.105078886907414,-73.08816054417214,bfgs,8,True,3.088267419570912e-11,True,0,bfgs,9,True,1.882784950169025e-09,False,2,bernoulli,-49.105078886907414,0.21894451935007025|0.36220090994009796|0.35573298825239907|0.16838080907310682,1cb5ca6d510b681a1ba885176a23866a0fef94ef18f1fe06255df5286c2fa024,selected_candidate_loading,True,1cb5ca6d510b681a1ba885176a23866a0fef94ef18f1fe06255df5286c2fa024,bernoulli,4
rep3,start_P,7,8,bfgs,bernoulli,bernoulli,47.379813375164744,False,True,-49.24743194760138,-72.93733863518375,bfgs,8,True,1.4066525722000733e-11,True,0,bfgs,11,True,8.783462845940448e-12,True,0,bernoulli,-49.24743194760138,0.11709130281838932|-0.23786267550001064|0.57083721265201814|0.15593750502118212,5df7ee6f702733c2b4d1526bca514003341889539fc6d263024ddaa5c7c61b6c,selected_candidate_loading,True,5df7ee6f702733c2b4d1526bca514003341889539fc6d263024ddaa5c7c61b6c,bernoulli,4
rep3,start_P,8,3,bfgs,bernoulli,bernoulli,50.56805707388662,False,False,-48.404652936370255,-73.68868147331357,bfgs,8,True,1.2513669211955402e-09,False,2,bfgs,12,False,8.030292821814556e-08,False,2,bernoulli,-48.404652936370255,-0.19181645077830611|-0.70517735266919268|0.1583723109364237|0.17310050816574032,0bd3ba33487d642bfd8f0ca05661a7e67d70bb1c56f865656dcc4201b7ae2e68,selected_candidate_loading,True,0bd3ba33487d642bfd8f0ca05661a7e67d70bb1c56f865656dcc4201b7ae2e68,bernoulli,4
rep3,start_P,8,4,bfgs,bernoulli,bernoulli,53.40859391246083,False,True,-46.174837538711664,-72.87913449494208,bfgs,10,True,2.3732571463597198e-12,True,0,bfgs,13,True,1.2632293384939874e-09,False,2,bernoulli,-46.174837538711664,0.16408656661510293|0.40734717880546406|0.2389318324603765|-0.64520318748999717,9d61de72075e00f8483d8cb682521b5810b2692ae2dfe4ed848b7082694626aa,selected_candidate_loading,True,9d61de72075e00f8483d8cb682521b5810b2692ae2dfe4ed848b7082694626aa,bernoulli,4
rep3,start_P,8,5,bfgs,bernoulli,bernoulli,48.14503732495426,False,True,-48.14803538376214,-72.22055404623927,bfgs,9,True,1.0463629962487175e-12,True,0,bfgs,11,True,1.5240159717544444e-09,False,2,bernoulli,-48.14803538376214,-0.28712874273912486|0.42845560252603404|0.4061953248212864|-0.18475892714631517,d93fc5308157f3d5df7b157b606a06cf078a66a00fd5e3f51596769b8966a06f,selected_candidate_loading,True,d93fc5308157f3d5df7b157b606a06cf078a66a00fd5e3f51596769b8966a06f,bernoulli,4
rep3,start_P,8,6,bfgs,bernoulli,bernoulli,58.443603383361975,False,True,-42.742320114586356,-71.96412180626734,bfgs,8,True,3.9971081999823355e-12,True,0,bfgs,13,True,2.9428374903606168e-09,False,2,bernoulli,-42.742320114586356,0.55466374021693177|1.1224786597318885|0.0062182728289194612|-0.18931535471344638,993fdc13bbf4c6554c2c807f80629291b3addb3b5aa4eac17515afd0834d69df,selected_candidate_loading,True,993fdc13bbf4c6554c2c807f80629291b3addb3b5aa4eac17515afd0834d69df,bernoulli,4
rep3,start_P,8,7,bfgs,bernoulli,bernoulli,48.91998456608049,False,True,-48.109308920546205,-72.56930120358645,bfgs,8,True,2.1632695634821175e-13,True,0,bfgs,11,True,2.1759888335637356e-11,True,0,bernoulli,-48.109308920546205,0.36026232067567104|0.36564154276199184|0.38583240143321618|0.21161926055815142,2090e9dab12a99f052bda43e196595960f26717bdba66f391753bb584b1306d2,selected_candidate_loading,True,2090e9dab12a99f052bda43e196595960f26717bdba66f391753bb584b1306d2,bernoulli,4
rep3,start_P,8,8,bfgs,bernoulli,bernoulli,48.00106809428891,False,False,-48.750362011335866,-72.75089605848032,bfgs,8,True,7.657410261430186e-10,False,2,bfgs,9,False,3.8977628236125383e-08,False,2,bernoulli,-48.750362011335866,0.085865214843119306|-0.35228335529924321|0.60082689163369019|0.20555779247049843,c10f3e15e7eb2d833339f48de2245a924b51b6b45e5751d8a4f6897f7cda8c4a,selected_candidate_loading,True,c10f3e15e7eb2d833339f48de2245a924b51b6b45e5751d8a4f6897f7cda8c4a,bernoulli,4
rep3,start_P,1,3,bfgs,poisson,bernoulli,48.37286118270099,True,True,-49.17024919359513,-73.35667978494563,bfgs,14,True,3.382538693585957e-12,True,0,bfgs,10,True,1.3711694890616855e-09,False,2,bernoulli,-49.17024919359513,0.2713018159873955|0.38521934850079775|-0.43834359720851851|0.046705603842224205|-0.098799334251029644,699462e265e79bb3986974da5aded291df0db3712deee2e16e16ebd30c1a2e3a,selected_candidate_loading,True,699462e265e79bb3986974da5aded291df0db3712deee2e16e16ebd30c1a2e3a,bernoulli,5
rep3,start_P,1,4,bfgs,poisson,bernoulli,50.75679148464596,True,False,-46.64181119271085,-72.02020693503383,bfgs,12,False,5.024309359669132e-08,False,2,bfgs,12,True,1.0663588345671826e-09,False,2,bernoulli,-46.64181119271085,0.1363185567123813|-0.37792864846904467|0.4513701408645453|7.5294428287743826e-05|-0.49862859358988321,60367e48d5082d0951f4e7b887e3161f7da33c1662a5fb72b837fa32937bd650,selected_candidate_loading,True,60367e48d5082d0951f4e7b887e3161f7da33c1662a5fb72b837fa32937bd650,bernoulli,5
rep3,start_P,1,5,bfgs,poisson,bernoulli,45.468698533682286,True,True,-49.56597637696459,-72.30032564380573,bfgs,9,True,9.436873504853338e-11,True,0,bfgs,10,True,2.0243353299198575e-09,False,2,bernoulli,-49.56597637696459,0.19828588011257023|0.13953261846427206|0.19738794193950082|0.27166608388837427|-0.21743662320155499,b256dd420c28ebb1c8e8b10be4a8f60801dec261e91225dcf642fe6847388938,selected_candidate_loading,True,b256dd420c28ebb1c8e8b10be4a8f60801dec261e91225dcf642fe6847388938,bernoulli,5
rep3,start_P,1,6,bfgs,poisson,bernoulli,52.9841902218532,True,False,-44.43959005179626,-70.93168516272286,bfgs,12,False,1.8017718339535803e-08,False,2,bfgs,11,True,1.1198526550515453e-10,False,2,bernoulli,-44.43959005179626,0.0083529557612715861|-1.0187792106512532|0.24784729229346569|0.10059449655188342|-0.0038920648429166408,00e39c0e1e85ae25dc6d82a3ade98485241414dd934afd0b1cc4a72f849f243b,selected_candidate_loading,True,00e39c0e1e85ae25dc6d82a3ade98485241414dd934afd0b1cc4a72f849f243b,bernoulli,5
rep3,start_P,1,7,bfgs,poisson,bernoulli,44.95525460185888,True,False,-50.12679941541218,-72.60442671634162,bfgs,12,False,2.8691910580747048e-08,False,2,bfgs,16,True,2.1538308914159643e-09,False,2,bernoulli,-50.12679941541218,-0.19140715730665761|-0.23247503556958282|0.36660560647901386|0.22112285755261391|0.042808546527691643,577436bd9aa9b6fe59faf7e4fa5641ae51675247c7adb60033dfeba0a0eebf2d,selected_candidate_loading,True,577436bd9aa9b6fe59faf7e4fa5641ae51675247c7adb60033dfeba0a0eebf2d,bernoulli,5
rep3,start_P,1,8,bfgs,poisson,bernoulli,45.35543197277687,True,True,-50.15356939178349,-72.83128537817193,bfgs,12,True,5.95741527220639e-09,False,2,bfgs,11,True,2.2396502430410693e-10,False,2,bernoulli,-50.15356939178349,-0.23885181694803703|0.11341744349431208|-0.036115043366210915|0.39322600233312499|0.0021178677645227895,c7136d4f4be55c4ced48f913491a730c1ecca72585da7d4641f3c63ada28c8a6,selected_candidate_loading,True,c7136d4f4be55c4ced48f913491a730c1ecca72585da7d4641f3c63ada28c8a6,bernoulli,5
rep3,start_P,2,3,bfgs,bernoulli,bernoulli,50.332168032459194,False,True,-48.32684040511325,-73.49292442134285,bfgs,9,True,8.011006524810682e-10,False,2,bfgs,12,True,3.9103529303474713e-10,False,2,bernoulli,-48.32684040511325,0.025530804841727567|0.4959949166819409|-0.45687699983526259|0.073383439863510952|-0.097841849260184965,53f5b9221a82360a9276da72cc36a1197e29d1f733fe3494748ae96f0831ef97,selected_candidate_loading,True,53f5b9221a82360a9276da72cc36a1197e29d1f733fe3494748ae96f0831ef97,bernoulli,5
rep3,start_P,2,4,bfgs,bernoulli,bernoulli,55.09755701778258,False,False,-45.451385969046214,-73.0001644779375,bfgs,9,True,8.73150440838799e-12,True,0,bfgs,15,False,1.138098833369794e-08,False,2,bernoulli,-45.451385969046214,0.0059664673785836718|-0.31593785771825345|0.53369866895501605|-0.011007445862034776|-0.56446634820249497,23b484489cb6a1ad32568290d2a733de9db7ff0fecc11bf3da56d591a3abd909,selected_candidate_loading,True,23b484489cb6a1ad32568290d2a733de9db7ff0fecc11bf3da56d591a3abd909,bernoulli,5
rep3,start_P,2,5,bfgs,bernoulli,bernoulli,47.40541548629862,False,True,-48.99755150995818,-72.70025925310749,bfgs,11,True,5.033251593289379e-13,True,0,bfgs,12,True,2.8911525631891697e-09,False,2,bernoulli,-48.99755150995818,0.22644433721695387|0.131668334444173|0.26410074407173056|0.29250473198113541|-0.15930675825607454,681b5e07cbcfb9df3be8366f7672b2a285d1ecec8993f0469527ac4875c08578,selected_candidate_loading,True,681b5e07cbcfb9df3be8366f7672b2a285d1ecec8993f0469527ac4875c08578,bernoulli,5
rep3,start_P,2,6,bfgs,bernoulli,bernoulli,61.67420922746645,False,True,-40.05271095084286,-70.88981556457608,bfgs,10,True,1.302533103597625e-09,False,2,bfgs,13,True,8.472976831264133e-09,False,2,bernoulli,-40.05271095084286,0.18857267654669788|-1.3487355900171181|0.035641700970577735|0.22746485091011426|0.0064035507174123396,30d5856493b6ce430920bb5777506ef977a939e5a82c67267199215bc3baf22d,selected_candidate_loading,True,30d5856493b6ce430920bb5777506ef977a939e5a82c67267199215bc3baf22d,bernoulli,5
rep3,start_P,2,7,bfgs,bernoulli,bernoulli,51.924589148222225,False,False,-46.368654752998665,-72.33094932710978,bfgs,10,True,1.1225909091194807e-12,True,0,bfgs,11,False,3.724261101734072e-08,False,2,bernoulli,-46.368654752998665,-0.50390193029927033|-0.37975370835285049|0.56165263242147523|0.46796249280394769|0.12574336560696117,d8f2e7754db265001ecaf6d035d3a52edc8ec360722fc47598384db346edadce,selected_candidate_loading,True,d8f2e7754db265001ecaf6d035d3a52edc8ec360722fc47598384db346edadce,bernoulli,5
rep3,start_P,2,8,bfgs,bernoulli,bernoulli,48.67377560908014,False,False,-48.613360181467144,-72.95024798600721,bfgs,10,False,1.2435450877923415e-07,False,2,bfgs,10,True,1.7292478560193557e-11,True,0,bernoulli,-48.613360181467144,-0.41694568447471231|0.23718320006840568|-0.0065331005211671815|0.507615684435471|-0.074576534648329501,f8b2ca26c0bd8be1b43b6f6d3cf007d9ebca82228e63aa65de13ff25287ec450,selected_candidate_loading,True,f8b2ca26c0bd8be1b43b6f6d3cf007d9ebca82228e63aa65de13ff25287ec450,bernoulli,5
rep3,start_P,3,3,bfgs,bernoulli,bernoulli,49.79348132268012,False,False,-47.7867789512341,-72.68351961257416,bfgs,10,True,1.0005544170965664e-10,False,2,bfgs,16,False,1.1189810411593726e-08,False,2,bernoulli,-47.7867789512341,0.16815244051016726|0.35054829810697025|-0.6979778762020028|0.096269605196766445|-0.096978130831306089,f05490a03e0cd4bba9fc0c7baefe1610bd7883de61c8c9c3fbd132294640eafe,selected_candidate_loading,True,f05490a03e0cd4bba9fc0c7baefe1610bd7883de61c8c9c3fbd132294640eafe,bernoulli,5
rep3,start_P,3,4,bfgs,bernoulli,bernoulli,53.6258840142747,False,False,-45.76751173546387,-72.58045374260122,bfgs,9,True,1.2845529084870576e-10,False,2,bfgs,14,False,3.040024482814374e-07,False,2,bernoulli,-45.76751173546387,0.24556546815721778|-0.27700698513990168|0.52116535362243022|0.0059556747365012213|-0.48114730816410223,8272ee6bb3f4cb92733ab46fb592e4679caa87a7581305e65f52c7e77b1ed0c6,selected_candidate_loading,True,8272ee6bb3f4cb92733ab46fb592e4679caa87a7581305e65f52c7e77b1ed0c6,bernoulli,5
rep3,start_P,3,5,bfgs,bernoulli,bernoulli,47.6244322998666,False,True,-48.815662351656364,-72.62787850158966,bfgs,10,True,1.0241141268352294e-12,True,0,bfgs,11,True,6.917806623374379e-09,False,2,bernoulli,-48.815662351656364,-0.012556599681726578|0.1405407794201991|0.31407835557282748|0.43251044681628686|-0.040936006984763115,2d154e7edd7adbf4d615acf13b57aa817971c72fec1b5a959482b6f4c89c2569,selected_candidate_loading,True,2d154e7edd7adbf4d615acf13b57aa817971c72fec1b5a959482b6f4c89c2569,bernoulli,5
rep3,start_P,3,6,bfgs,bernoulli,bernoulli,59.57949795607627,False,False,-40.925880077500906,-70.71562905553904,bfgs,9,True,6.631743154628112e-10,False,2,bfgs,13,False,1.9827016334295067e-08,False,2,bernoulli,-40.925880077500906,0.19726023931495409|-1.231269222907011|-0.041600086447520779|0.15262773337704963|0.034610766163133938,9628b88dbee8dd54f5ea2366965e9865c1cbc2087654e430cb9b01e8c8675842,selected_candidate_loading,True,9628b88dbee8dd54f5ea2366965e9865c1cbc2087654e430cb9b01e8c8675842,bernoulli,5
rep3,start_P,3,7,bfgs,bernoulli,bernoulli,52.652455450508185,False,False,-46.12578930269823,-72.45201702795232,bfgs,9,True,2.9152796288123286e-10,False,2,bfgs,14,False,3.2710717015049793e-07,False,2,bernoulli,-46.12578930269823,-0.53211924709364855|-0.38571554791337526|0.49293060300215757|0.53682303897091765|0.2057466045269675,389fc40bfeed16ae7ce15e7c28778d66484220452a6a1243383685296bbc53bf,selected_candidate_loading,True,389fc40bfeed16ae7ce15e7c28778d66484220452a6a1243383685296bbc53bf,bernoulli,5
rep3,start_P,3,8,bfgs,bernoulli,bernoulli,48.86283405824902,False,True,-48.44714826205743,-72.87856529118194,bfgs,9,True,7.158837356247006e-10,False,2,bfgs,12,True,5.130282865195568e-11,True,0,bernoulli,-48.44714826205743,-0.48482127989780655|0.084894314592038542|-0.046765399036045353|0.56411214122067355|-0.040333754622444346,3596da660c320e0a55914d21b12104ae41f52a2a7986304e1c4a6cf3b322dbd2,selected_candidate_loading,True,3596da660c320e0a55914d21b12104ae41f52a2a7986304e1c4a6cf3b322dbd2,bernoulli,5
rep3,start_P,4,3,bfgs,bernoulli,bernoulli,50.580824685380264,False,False,-47.634171267244696,-72.92458360993483,bfgs,8,True,2.756060268893634e-10,False,2,bfgs,14,False,1.5070292569419053e-08,False,2,bernoulli,-47.634171267244696,0.08055836281401213|0.41927740996071433|-0.6686483220857693|0.18985835172703808|-0.10728922804277431,ff3d56f2486ae13434eca4d0aa2844d3f730fe7f4bdfc04fd7b44489f9626e80,selected_candidate_loading,True,ff3d56f2486ae13434eca4d0aa2844d3f730fe7f4bdfc04fd7b44489f9626e80,bernoulli,5
rep3,start_P,4,4,bfgs,bernoulli,bernoulli,54.496714339483006,False,True,-45.385789384763505,-72.63414655450501,bfgs,10,True,1.0577312359316693e-10,False,2,bfgs,15,True,9.281007395944841e-09,False,2,bernoulli,-45.385789384763505,0.25322930494785195|-0.26656660084072092|0.61514755640668362|-0.12565293869178781|-0.48987621185713226,6e8856b4e1bea2905e065696e15e8379697bba20897f417143c930bd9bbe8f76,selected_candidate_loading,True,6e8856b4e1bea2905e065696e15e8379697bba20897f417143c930bd9bbe8f76,bernoulli,5
rep3,start_P,4,5,bfgs,bernoulli,bernoulli,47.50337363818956,False,True,-48.71858262120123,-72.47026944029601,bfgs,9,True,1.2401768501035803e-11,True,0,bfgs,11,True,3.924627289819682e-11,True,0,bernoulli,-48.71858262120123,0.0077876237872158346|0.11047905607422824|0.28035146342410289|0.48578899458585673|-0.014249732996596697,4a1d9f3383ac2bc90d96161cb974f4165f5496249f606ef2e16df7a02e1bc5f7,selected_candidate_loading,True,4a1d9f3383ac2bc90d96161cb974f4165f5496249f606ef2e16df7a02e1bc5f7,bernoulli,5
rep3,start_P,4,6,bfgs,bernoulli,bernoulli,58.206651987983946,False,True,-41.73932746500401,-70.84265345899598,bfgs,10,True,1.2444800745470275e-11,True,0,bfgs,11,True,7.3529624583512644e-09,False,2,bernoulli,-41.73932746500401,0.2362975966332849|-1.159800670967758|-0.068117463557371041|0.2003937396211577|0.0065571601326631307,6bcdcf3b2f746b2962a35d5b6199597bf48bdbd01ec91e28e61587b8c7e240b0,selected_candidate_loading,True,6bcdcf3b2f746b2962a35d5b6199597bf48bdbd01ec91e28e61587b8c7e240b0,bernoulli,5
rep3,start_P,4,7,bfgs,bernoulli,bernoulli,51.631637002881206,False,False,-46.29715158218352,-72.11297008362412,bfgs,10,True,2.0587975768648904e-13,True,0,bfgs,14,False,1.6269392886236744e-07,False,2,bernoulli,-46.29715158218352,-0.34894199075042864|-0.40174308297926209|0.40461730787323597|0.62292934292065738|0.21717389432622314,71de8a94124e063d4c8b48797515801949e0155f83d0c26ed51f1135ee4e8290,selected_candidate_loading,True,71de8a94124e063d4c8b48797515801949e0155f83d0c26ed51f1135ee4e8290,bernoulli,5
rep3,start_P,4,8,bfgs,bernoulli,bernoulli,49.983977652543444,False,False,-47.50655710140029,-72.49854592767201,bfgs,9,True,2.2713830816201153e-11,True,0,bfgs,14,False,2.7028949478591357e-08,False,2,bernoulli,-47.50655710140029,-0.37520059357627189|0.034594707920200855|-0.0079181381215744726|0.72488522508420106|-0.016533895278264411,5b4d3c63a0e67c99284303e0de388ca4f4dd28376faf3c289763a8bc36292adc,selected_candidate_loading,True,5b4d3c63a0e67c99284303e0de388ca4f4dd28376faf3c289763a8bc36292adc,bernoulli,5
rep3,start_P,5,3,bfgs,bernoulli,bernoulli,51.09509880915931,False,True,-47.98922781635744,-73.5367772209371,bfgs,9,True,1.1107688102640622e-10,False,2,bfgs,15,True,2.8207463920182364e-09,False,2,bernoulli,-47.98922781635744,0.10350024231290141|0.4368260855979032|-0.61970830520920284|0.16980542792715528|-0.095251032456571336,0efe07163f322f1e7f25fd614e12feb17af78134b86d8a8f8cd3c7f3d60b5f8d,selected_candidate_loading,True,0efe07163f322f1e7f25fd614e12feb17af78134b86d8a8f8cd3c7f3d60b5f8d,bernoulli,5
rep3,start_P,5,4,bfgs,bernoulli,bernoulli,53.86043352980188,False,True,-46.09146819723767,-73.02168496213861,bfgs,10,True,2.6227731098060757e-11,True,0,bfgs,16,True,4.2958973156537185e-09,False,2,bernoulli,-46.09146819723767,0.25228824935647481|-0.3531330333219484|0.43846845761362424|-0.068339188183019983|-0.46757914186118327,b304a43d68d65dfde791fbcd69278602f3a0b73fbda83225993d61753b84a095,selected_candidate_loading,True,b304a43d68d65dfde791fbcd69278602f3a0b73fbda83225993d61753b84a095,bernoulli,5
rep3,start_P,5,5,bfgs,bernoulli,bernoulli,50.654828666333884,False,True,-46.839019159243136,-72.16643349241008,bfgs,9,True,9.665536815361974e-10,False,2,bfgs,12,True,6.134616420405692e-09,False,2,bernoulli,-46.839019159243136,-0.069979146588707436|0.061946780358130914|0.32901589107583451|0.67283427976351329|-0.17783290833849744,b80f809c0fb1059143b8acd8e834625245375f4e6d3c119fdf417b6addd43ee4,selected_candidate_loading,True,b80f809c0fb1059143b8acd8e834625245375f4e6d3c119fdf417b6addd43ee4,bernoulli,5
rep3,start_P,5,6,bfgs,bernoulli,bernoulli,59.75639527358574,False,True,-41.7772639895715,-71.65546162636437,bfgs,10,True,1.5092340710509688e-10,False,2,bfgs,12,True,3.0773800396843853e-09,False,2,bernoulli,-41.7772639895715,0.14615133245554637|-1.1572824429269923|-0.20316692647254897|0.20520024600667869|-0.11298815076553577,688f0966c8c73640feca5bdad767fc7727e95df25bf6db5ce0559cf6dc2ec2e9,selected_candidate_loading,True,688f0966c8c73640feca5bdad767fc7727e95df25bf6db5ce0559cf6dc2ec2e9,bernoulli,5
rep3,start_P,5,7,bfgs,bernoulli,bernoulli,50.381375519102434,False,True,-47.074324813591126,-72.26501257314234,bfgs,10,True,2.7978834304942524e-09,False,2,bfgs,14,True,2.706616264447348e-09,False,2,bernoulli,-47.074324813591126,-0.23492637615414699|-0.43176638799443828|0.42364331638576358|0.50372251131697721|0.17913378588024653,d92b6fb611ccd7e65c72c5e6d23ae7c65bb1d86162b001e9d176aeb93a4cad80,selected_candidate_loading,True,d92b6fb611ccd7e65c72c5e6d23ae7c65bb1d86162b001e9d176aeb93a4cad80,bernoulli,5
rep3,start_P,5,8,bfgs,bernoulli,bernoulli,50.072839893903534,False,True,-47.45907512959866,-72.49549507655043,bfgs,9,True,4.137266085280089e-11,True,0,bfgs,15,True,5.4041754182776455e-09,False,2,bernoulli,-47.45907512959866,-0.15944232553486953|0.14046885787059299|-0.10867806198953046|0.74920130502531879|-0.14221088143755492,bfa3e48bcec02890948770d12a7e1952184ac36abc8a64a9c6497d6580b67108,selected_candidate_loading,True,bfa3e48bcec02890948770d12a7e1952184ac36abc8a64a9c6497d6580b67108,bernoulli,5
rep3,start_P,6,3,bfgs,bernoulli,bernoulli,49.30836662197689,False,False,-48.519447623887075,-73.17363093487552,bfgs,9,True,2.531935550109665e-10,False,2,bfgs,13,False,5.060708954118809e-08,False,2,bernoulli,-48.519447623887075,0.087754723572581045|0.34315745000442072|-0.61793603941653596|0.17570521212154494|-0.058654803565837209,b9b66ced335ccf7d0f37dc196a596eba229c1a9ef9a3593fd570aa5048d1b08c,selected_candidate_loading,True,b9b66ced335ccf7d0f37dc196a596eba229c1a9ef9a3593fd570aa5048d1b08c,bernoulli,5
rep3,start_P,6,4,bfgs,bernoulli,bernoulli,55.116665166026024,False,True,-45.0816049212461,-72.63993750425911,bfgs,10,True,4.624745031378552e-13,True,0,bfgs,16,True,4.760261074210348e-11,True,0,bernoulli,-45.0816049212461,0.1143300526736318|-0.37422846172028984|0.59128365206136435|-0.037295616277366953|-0.53931758435205679,2c3bcadbfdacc8f5e2e16e3cd48e0b498245b58952cca2131a76ee160f7ed027,selected_candidate_loading,True,2c3bcadbfdacc8f5e2e16e3cd48e0b498245b58952cca2131a76ee160f7ed027,bernoulli,5
rep3,start_P,6,5,bfgs,bernoulli,bernoulli,50.08801418827956,False,True,-47.533612061532686,-72.57761915567247,bfgs,9,True,1.7385668460434545e-10,False,2,bfgs,15,True,3.062634457151603e-09,False,2,bernoulli,-47.533612061532686,-0.17187607568481389|0.17375962501965686|0.42574050927905166|0.55945627516122842|-0.13475929055850433,61c8b17ec6660ecdc733f3de107d9c80e8dbe389e0d017b392b0be3dcaf36225,selected_candidate_loading,True,61c8b17ec6660ecdc733f3de107d9c80e8dbe389e0d017b392b0be3dcaf36225,bernoulli,5
rep3,start_P,6,6,bfgs,bernoulli,bernoulli,56.55547878921804,False,True,-42.72191604659255,-70.99965544120157,bfgs,9,True,8.529047690331027e-10,False,2,bfgs,13,True,2.5035825634844857e-10,False,2,bernoulli,-42.72191604659255,0.22618072788798338|-1.0877065664046925|0.077635942654605147|-0.0057521287247347935|0.051406779865031275,08ddc280e1b990850e9df9568097bf623aa5a469c8f0cd6c3b740dc2f14a71ec,selected_candidate_loading,True,08ddc280e1b990850e9df9568097bf623aa5a469c8f0cd6c3b740dc2f14a71ec,bernoulli,5
rep3,start_P,6,7,bfgs,bernoulli,bernoulli,49.58286269137008,False,True,-47.107954438281055,-71.8993857839661,bfgs,9,True,7.007230351518955e-11,True,0,bfgs,15,True,1.7468316793056716e-10,False,2,bernoulli,-47.107954438281055,-0.11161077417485411|-0.50777013224030854|0.18598116264312523|0.5107463285666427|0.15442253743518478,75b2c3ab508db2e21dea581491438789d8e41adc6d4cbed2032b05282e069569,selected_candidate_loading,True,75b2c3ab508db2e21dea581491438789d8e41adc6d4cbed2032b05282e069569,bernoulli,5
rep3,start_P,6,8,bfgs,bernoulli,bernoulli,48.315446466995425,False,True,-48.57466611199565,-72.73238934549336,bfgs,9,True,8.380406824048946e-09,False,2,bfgs,15,True,7.821787662010137e-12,True,0,bernoulli,-48.57466611199565,-0.1980306098600946|0.11222701228087305|0.059468644617657919|0.64057412042017137|-0.081427736353448341,fbbaf45b01feb0cfd73b7d3847571e292f654f4569607cb5101456a935cc94d2,selected_candidate_loading,True,fbbaf45b01feb0cfd73b7d3847571e292f654f4569607cb5101456a935cc94d2,bernoulli,5
rep3,start_P,7,3,bfgs,bernoulli,bernoulli,52.003527380825616,False,True,-46.89394122174131,-72.89570491215412,bfgs,9,True,6.138684116585579e-10,False,2,bfgs,11,True,1.5934564778774528e-11,True,0,bernoulli,-46.89394122174131,0.26455147354801195|0.50504254153199168|-0.63789591726399653|0.073346893130042876|-0.10850120130356815,b3a117bf2a92d24d5a26e39a946abcf780b99ce6e06f78814ea8835610b33fe5,selected_candidate_loading,True,b3a117bf2a92d24d5a26e39a946abcf780b99ce6e06f78814ea8835610b33fe5,bernoulli,5
rep3,start_P,7,4,bfgs,bernoulli,bernoulli,53.88036859762697,False,True,-45.96649489199526,-72.90667919080875,bfgs,9,True,4.31195079642066e-12,True,0,bfgs,16,True,2.6636639074983925e-10,False,2,bernoulli,-45.96649489199526,0.22680150754157452|-0.36193490569676889|0.49015268618647528|-0.055275375932700689|-0.45180161167885124,cc92ecd44fcd48fb0bfa81dea27c89dadebfd3521831ddab0032e2a12ab6bb42,selected_candidate_loading,True,cc92ecd44fcd48fb0bfa81dea27c89dadebfd3521831ddab0032e2a12ab6bb42,bernoulli,5
rep3,start_P,7,5,bfgs,bernoulli,bernoulli,55.568816831199484,False,False,-44.60850236958244,-72.39291078518218,bfgs,11,True,7.058353901356896e-13,True,0,bfgs,12,False,3.9762369813400866e-08,False,2,bernoulli,-44.60850236958244,-0.32506256601916933|0.24684308951318004|0.82325623598091247|0.62963817394202948|-0.36540221490748975,ed03813b9bc908227182ac44b39ba596bc89d0e22713b40f46e87d5ab1a371cc,selected_candidate_loading,True,ed03813b9bc908227182ac44b39ba596bc89d0e22713b40f46e87d5ab1a371cc,bernoulli,5
rep3,start_P,7,6,bfgs,bernoulli,bernoulli,56.97822633198359,False,False,-43.613704483424016,-72.10281764941581,bfgs,11,True,1.525561899029526e-11,True,0,bfgs,11,False,1.1009671396777776e-08,False,2,bernoulli,-43.613704483424016,0.035180975605567974|-0.97475663355370634|0.20680317667195655|0.038595917478964299|0.10469664744230969,297146ee0436b7a29542a01ded44ca8c5688379843ab266c0bc4eb403aea6a63,selected_candidate_loading,True,297146ee0436b7a29542a01ded44ca8c5688379843ab266c0bc4eb403aea6a63,bernoulli,5
rep3,start_P,7,7,bfgs,bernoulli,bernoulli,50.666218751240706,False,True,-47.06010034479584,-72.3932097204162,bfgs,9,True,2.8269018792492774e-10,False,2,bfgs,15,True,2.9851684679726986e-09,False,2,bernoulli,-47.06010034479584,-0.1550656017581345|-0.38862396520586617|0.20560858905149801|0.69215266934318875|0.10088397231908437,f51e388e3f84d7c5cd194c3219b8c000f184b2d005c00b464e8aac1efca86b93,selected_candidate_loading,True,f51e388e3f84d7c5cd194c3219b8c000f184b2d005c00b464e8aac1efca86b93,bernoulli,5
rep3,start_P,7,8,bfgs,bernoulli,bernoulli,47.36263147810455,False,False,-49.02757287989335,-72.70888861894562,bfgs,8,False,1.7433151899837186e-08,False,2,bfgs,14,True,6.135216779057373e-11,True,0,bernoulli,-49.02757287989335,0.06819869909381443|0.095078507855236943|0.0031457690888585669|0.61395638749035186|-0.071855178377759454,4c24f3ee35abb1585a04de9ebf355d51e35e7abca9bdbcbfa80eaf4d101d3774,selected_candidate_loading,True,4c24f3ee35abb1585a04de9ebf355d51e35e7abca9bdbcbfa80eaf4d101d3774,bernoulli,5
rep3,start_P,8,3,bfgs,bernoulli,bernoulli,50.38822575687561,False,True,-47.87941601675129,-73.0735288951891,bfgs,11,True,5.582234674506026e-12,True,0,bfgs,16,True,2.4281021637762025e-12,True,0,bernoulli,-47.87941601675129,0.2668853248792451|0.31038680057947904|-0.66311261712111091|0.075354707344335345|-0.055836515085588879,c11302929bc94e132dcb0cbd8059f29d4548928fe7199130c0bf3019e16df820,selected_candidate_loading,True,c11302929bc94e132dcb0cbd8059f29d4548928fe7199130c0bf3019e16df820,bernoulli,5
rep3,start_P,8,4,bfgs,bernoulli,bernoulli,55.4760995361447,False,True,-44.90851255219702,-72.64656232026937,bfgs,9,True,1.1826928325575636e-12,True,0,bfgs,15,True,1.8539692281382968e-10,False,2,bernoulli,-44.90851255219702,0.1726792328498761|-0.41685190683412643|0.54634512738780117|-0.033602725244144566|-0.54564506024274573,4b0f6b3fe2adf2dc9b0c3a6c675ee7eb6014ba92130558678063cefb79b7edf3,selected_candidate_loading,True,4b0f6b3fe2adf2dc9b0c3a6c675ee7eb6014ba92130558678063cefb79b7edf3,bernoulli,5
rep3,start_P,8,5,bfgs,bernoulli,bernoulli,51.57262221170217,False,False,-46.444368008515326,-72.23067911436641,bfgs,10,True,1.334480081993661e-10,False,2,bfgs,13,False,2.1787524000504989e-07,False,2,bernoulli,-46.444368008515326,-0.10796079088363394|0.27226485805704304|0.73464038055533287|0.441073485117776|-0.28041091884172448,bdc053c6154159e64b2d87a8776059acca96d69b529c68606f27c66e4d46b7be,selected_candidate_loading,True,bdc053c6154159e64b2d87a8776059acca96d69b529c68606f27c66e4d46b7be,bernoulli,5
rep3,start_P,8,6,bfgs,bernoulli,bernoulli,55.45004455842076,False,True,-44.01393556047776,-71.73895783968814,bfgs,9,True,3.590776209705382e-09,False,2,bfgs,14,True,5.531517627277438e-09,False,2,bernoulli,-44.01393556047776,0.1194763165586825|-0.92707763112419184|0.22997833248920668|-0.0060779654852055141|0.20189956687296604,7e442c521e354fddcbef986996cfdf1c9ea60f4844a1bdd01b74a1710fd39949,selected_candidate_loading,True,7e442c521e354fddcbef986996cfdf1c9ea60f4844a1bdd01b74a1710fd39949,bernoulli,5
rep3,start_P,8,7,bfgs,bernoulli,bernoulli,50.96699752427642,False,False,-45.67093837431038,-71.15443713644859,bfgs,9,False,1.5936917652226158e-08,False,2,bfgs,15,False,1.3621221350845758e-08,False,2,bernoulli,-45.67093837431038,-0.089889430494393685|-0.44481364108762089|-0.11653299435899001|0.90452924236438104|0.21223098984306482,89285599d9137ce554d9ffe5aa0a082ecf4757adccea53023ce6757555b2ca7d,selected_candidate_loading,True,89285599d9137ce554d9ffe5aa0a082ecf4757adccea53023ce6757555b2ca7d,bernoulli,5
rep3,start_P,8,8,bfgs,bernoulli,bernoulli,46.78719673118769,False,True,-49.03793206651575,-72.4315304321096,bfgs,10,True,6.206795077901006e-11,True,0,bfgs,12,True,1.0725162979952074e-09,False,2,bernoulli,-49.03793206651575,-0.020559198017565696|0.1108085293445327|-0.1047439308918494|0.65835463436160069|-0.066540643597197524,2ab526dd78407d1905b01290bc996d5bd70e37a5b3744c7447c3296d866679fc,selected_candidate_loading,True,2ab526dd78407d1905b01290bc996d5bd70e37a5b3744c7447c3296d866679fc,bernoulli,5
