replicate,start_label,column,candidate_family,score,neg2_score,sigma_sq,optimizer,optimiser_iterations,optimiser_converged,optimiser_gradient_inf,scipy_success,loading_norm,family_x_true,selected_family,k,dataset_status
rep01,start_B,3,bernoulli,-51.796248080432385,103.59249616086477,,bfgs,4,True,2.0301449410453644e-11,True,0.14277734127925665,bernoulli,bernoulli,1,completed
rep01,start_B,3,poisson,-74.85252772361227,149.70505544722454,,bfgs,5,True,1.3349321648092883e-13,True,0.06339200514795937,bernoulli,bernoulli,1,completed
rep01,start_B,4,bernoulli,-49.73508932136406,99.47017864272811,,bfgs,3,True,1.929656434640492e-12,True,0.5107237297429927,bernoulli,bernoulli,1,completed
rep01,start_B,4,poisson,-73.1469738410465,146.293947682093,,bfgs,4,True,1.616484723854228e-14,True,0.22840929667012583,bernoulli,bernoulli,1,completed
rep01,start_B,5,bernoulli,-51.97883690596759,103.95767381193518,,bfgs,4,True,1.9984014443252818e-15,True,0.027719611010187092,bernoulli,bernoulli,1,completed
rep01,start_B,5,poisson,-74.58052154475868,149.16104308951736,,bfgs,4,True,2.8199664825478976e-13,True,0.1075632170389034,bernoulli,bernoulli,1,completed
rep01,start_B,6,bernoulli,-51.38504679091194,102.77009358182389,,bfgs,4,True,4.637223938175339e-12,True,0.2559930080769772,bernoulli,bernoulli,1,completed
rep01,start_B,6,poisson,-74.95423102890031,149.90846205780062,,bfgs,5,True,1.887379141862766e-15,True,0.03515661479170482,bernoulli,bernoulli,1,completed
rep01,start_B,7,bernoulli,-48.581142616735704,97.16228523347141,,bfgs,4,True,6.889095960360692e-09,False,0.6417806253276543,bernoulli,bernoulli,1,completed
rep01,start_B,7,poisson,-72.66025278890173,145.32050557780346,,bfgs,3,False,3.3868527437169725e-07,False,0.25693524257451195,bernoulli,bernoulli,1,completed
rep01,start_B,8,bernoulli,-51.925774594425945,103.85154918885189,,bfgs,4,True,3.0104807535735744e-13,True,0.08026417504927731,bernoulli,bernoulli,1,completed
rep01,start_B,8,poisson,-74.46801415915539,148.93602831831078,,bfgs,4,True,4.151257115836415e-12,True,0.12133049258071454,bernoulli,bernoulli,1,completed
rep01,start_B,3,bernoulli,-45.45384864589194,90.90769729178388,,bfgs,5,True,3.628962463864127e-10,False,0.9412778193814243,bernoulli,bernoulli,2,completed
rep01,start_B,3,poisson,-73.597115930989,147.194231861978,,bfgs,9,True,6.516731598793513e-13,True,0.20286221603112498,bernoulli,bernoulli,2,completed
rep01,start_B,4,bernoulli,-49.881609773849036,99.76321954769807,,bfgs,4,True,7.344624908256492e-12,True,0.4903889181969642,bernoulli,bernoulli,2,completed
rep01,start_B,4,poisson,-72.97983272017736,145.9596654403547,,bfgs,5,True,2.9732163508988664e-09,False,0.23832839455662688,bernoulli,bernoulli,2,completed
rep01,start_B,5,bernoulli,-47.67311038841625,95.3462207768325,,bfgs,5,True,2.587796643638285e-11,True,0.7390696766025945,bernoulli,bernoulli,2,completed
rep01,start_B,5,poisson,-73.22939892115589,146.45879784231178,,bfgs,10,True,1.7185355360993526e-10,False,0.2113380104836699,bernoulli,bernoulli,2,completed
rep01,start_B,6,bernoulli,-42.6678251850194,85.3356503700388,,bfgs,6,True,2.0051915683438893e-11,True,1.2217185716754715,bernoulli,bernoulli,2,completed
rep01,start_B,6,poisson,-72.78885499214479,145.57770998428958,,bfgs,9,False,1.0338122090336466e-08,False,0.2303582933674334,bernoulli,bernoulli,2,completed
rep01,start_B,7,bernoulli,-45.116771515929955,90.23354303185991,,bfgs,6,True,1.634803403760543e-14,True,0.9709103149847824,bernoulli,bernoulli,2,completed
rep01,start_B,7,poisson,-71.42553344522574,142.85106689045148,,bfgs,9,True,2.0324539606875192e-09,False,0.3110611121439882,bernoulli,bernoulli,2,completed
rep01,start_B,8,bernoulli,-51.327549909773346,102.65509981954669,,bfgs,5,True,2.36200037306844e-10,False,0.26659399987588417,bernoulli,bernoulli,2,completed
rep01,start_B,8,poisson,-74.1622987467006,148.3245974934012,,bfgs,7,True,8.353335800848072e-11,True,0.14899322757406672,bernoulli,bernoulli,2,completed
rep01,start_B,3,bernoulli,-45.301724343464215,90.60344868692843,,bfgs,7,True,2.255072795165347e-11,True,0.9158498644789386,bernoulli,bernoulli,3,completed
rep01,start_B,3,poisson,-73.46379944600855,146.9275988920171,,bfgs,10,False,2.287994242955449e-08,False,0.20552068452036493,bernoulli,bernoulli,3,completed
rep01,start_B,4,bernoulli,-49.62784040357834,99.25568080715668,,bfgs,6,True,2.6517321671803983e-11,True,0.5089509733563545,bernoulli,bernoulli,3,completed
rep01,start_B,4,poisson,-72.5788427670354,145.1576855340708,,bfgs,7,True,7.798042211959454e-11,True,0.26168908455267953,bernoulli,bernoulli,3,completed
rep01,start_B,5,bernoulli,-46.990863749135755,93.98172749827151,,bfgs,7,True,1.7605644941909303e-09,False,0.8186956580870892,bernoulli,bernoulli,3,completed
rep01,start_B,5,poisson,-72.49227805032436,144.98455610064872,,bfgs,12,True,1.1551684053756616e-10,False,0.27327096851974614,bernoulli,bernoulli,3,completed
rep01,start_B,6,bernoulli,-41.366572683362676,82.73314536672535,,bfgs,6,True,2.743406879446297e-09,False,1.3400483408771924,bernoulli,bernoulli,3,completed
rep01,start_B,6,poisson,-72.09729463435625,144.1945892687125,,bfgs,9,True,2.835299206527253e-09,False,0.27800264905121014,bernoulli,bernoulli,3,completed
rep01,start_B,7,bernoulli,-40.82070611205608,81.64141222411216,,bfgs,7,True,5.670091063336713e-11,True,1.3857563925757161,bernoulli,bernoulli,3,completed
rep01,start_B,7,poisson,-71.00781221894232,142.01562443788464,,bfgs,13,False,1.278507877844337e-07,False,0.29643778810729465,bernoulli,bernoulli,3,completed
rep01,start_B,8,bernoulli,-49.151749670492336,98.30349934098467,,bfgs,7,True,6.320504120083115e-11,True,0.6091150217424578,bernoulli,bernoulli,3,completed
rep01,start_B,8,poisson,-73.76307916027426,147.52615832054852,,bfgs,12,True,1.260786453016749e-09,False,0.17039847193883967,bernoulli,bernoulli,3,completed
rep01,start_B,3,bernoulli,-46.2169824771791,92.4339649543582,,bfgs,7,True,2.3579715957566806e-11,True,0.7839597889715719,bernoulli,bernoulli,4,completed
rep01,start_B,3,poisson,-73.70715232889548,147.41430465779095,,bfgs,13,True,2.7058188245554505e-09,False,0.17070887103589408,bernoulli,bernoulli,4,completed
rep01,start_B,4,bernoulli,-48.795861340936725,97.59172268187345,,bfgs,9,True,3.868104281323781e-10,False,0.6372280914757151,bernoulli,bernoulli,4,completed
rep01,start_B,4,poisson,-72.19958790453722,144.39917580907445,,bfgs,12,False,1.8403960549973064e-08,False,0.27864273442522114,bernoulli,bernoulli,4,completed
rep01,start_B,5,bernoulli,-45.44402693824342,90.88805387648684,,bfgs,7,True,1.7797421314469374e-10,False,0.9245034253700987,bernoulli,bernoulli,4,completed
rep01,start_B,5,poisson,-71.97364253820048,143.94728507640096,,bfgs,13,False,1.836366685381563e-08,False,0.2862176770400587,bernoulli,bernoulli,4,completed
rep01,start_B,6,bernoulli,-41.52091643954194,83.04183287908388,,bfgs,8,True,2.2663781962251052e-11,True,1.2184866345689709,bernoulli,bernoulli,4,completed
rep01,start_B,6,poisson,-72.27870576084669,144.55741152169338,,bfgs,11,False,1.0326685340178443e-08,False,0.24801071181264148,bernoulli,bernoulli,4,completed
rep01,start_B,7,bernoulli,-40.167239321686736,80.33447864337347,,bfgs,8,True,3.092370803869926e-12,True,1.35641424843989,bernoulli,bernoulli,4,completed
rep01,start_B,7,poisson,-70.5388705623097,141.0777411246194,,bfgs,10,True,1.5119721030742994e-09,False,0.31203151721579886,bernoulli,bernoulli,4,completed
rep01,start_B,8,bernoulli,-47.51872913618741,95.03745827237482,,bfgs,6,False,1.5779668682824877e-08,False,0.8603090199887372,bernoulli,bernoulli,4,completed
rep01,start_B,8,poisson,-73.42106474128897,146.84212948257795,,bfgs,13,True,1.315838193960417e-09,False,0.2097926256836065,bernoulli,bernoulli,4,completed
rep01,start_B,3,bernoulli,-44.142784895319835,88.28556979063967,,bfgs,9,True,1.591708986836693e-11,True,0.9910078379054997,bernoulli,bernoulli,5,completed
rep01,start_B,3,poisson,-73.40030031612784,146.80060063225568,,bfgs,14,True,4.5521686087290906e-09,False,0.18368222184651198,bernoulli,bernoulli,5,completed
rep01,start_B,4,bernoulli,-38.20244663684452,76.40489327368904,,bfgs,9,True,3.4588401032209506e-10,False,2.0851313557762183,bernoulli,bernoulli,5,completed
rep01,start_B,4,poisson,-69.44566932653159,138.89133865306317,,bfgs,17,True,9.136298023681988e-10,False,0.45876204163988127,bernoulli,bernoulli,5,completed
rep01,start_B,5,bernoulli,-45.96810706690453,91.93621413380906,,bfgs,11,True,8.201692880405176e-10,False,0.8179614895930899,bernoulli,bernoulli,5,completed
rep01,start_B,5,poisson,-72.18284468609777,144.36568937219553,,bfgs,17,True,5.309785944263013e-12,True,0.25930924394714944,bernoulli,bernoulli,5,completed
rep01,start_B,6,bernoulli,-36.90698160420746,73.81396320841492,,bfgs,9,True,2.925789610586094e-11,True,1.6766828190380263,bernoulli,bernoulli,5,completed
rep01,start_B,6,poisson,-71.75324746610117,143.50649493220234,,bfgs,15,False,3.9020319253513236e-08,False,0.26640214616345054,bernoulli,bernoulli,5,completed
rep01,start_B,7,bernoulli,-39.595661966414454,79.19132393282891,,bfgs,9,True,7.411848912397545e-14,True,1.3570969403775943,bernoulli,bernoulli,5,completed
rep01,start_B,7,poisson,-69.95603740970549,139.91207481941098,,bfgs,13,False,2.857135525946575e-08,False,0.32494016240554013,bernoulli,bernoulli,5,completed
rep01,start_B,8,bernoulli,-48.71393836758996,97.42787673517992,,bfgs,9,True,2.2161055213132385e-10,False,0.647963457755727,bernoulli,bernoulli,5,completed
rep01,start_B,8,poisson,-73.63938258747282,147.27876517494565,,bfgs,11,True,1.2640182234235907e-10,False,0.1638857849171798,bernoulli,bernoulli,5,completed
rep02,start_B,3,bernoulli,-51.90207629592943,103.80415259185887,,bfgs,4,True,3.448352714485736e-13,True,0.09479663435487988,bernoulli,bernoulli,1,completed
rep02,start_B,3,poisson,-74.86120218145912,149.72240436291824,,bfgs,4,True,6.593063872628591e-11,True,0.0612627641215014,bernoulli,bernoulli,1,completed
rep02,start_B,4,bernoulli,-44.71750764133583,89.43501528267166,,bfgs,4,True,2.7569058147491885e-13,True,1.0183404755008156,bernoulli,bernoulli,1,completed
rep02,start_B,4,poisson,-72.67019463300548,145.34038926601096,,bfgs,6,True,4.440892098500626e-15,True,0.2522292240284166,bernoulli,bernoulli,1,completed
rep02,start_B,5,bernoulli,-50.79966173146828,101.59932346293655,,bfgs,3,False,2.990588456874832e-08,False,0.36431954971718494,bernoulli,bernoulli,1,completed
rep02,start_B,5,poisson,-74.90219525918663,149.80439051837325,,bfgs,5,True,1.3741008331180637e-12,True,0.050673225182164654,bernoulli,bernoulli,1,completed
rep02,start_B,6,bernoulli,-46.18517260142938,92.37034520285876,,bfgs,4,True,4.0946357415805323e-11,True,0.8832116840553884,bernoulli,bernoulli,1,completed
rep02,start_B,6,poisson,-74.15157649117118,148.30315298234237,,bfgs,7,True,1.2989795905582469e-09,False,0.14631668002205533,bernoulli,bernoulli,1,completed
rep02,start_B,7,bernoulli,-50.97189483547858,101.94378967095716,,bfgs,3,True,2.8572974208884715e-09,False,0.33567830250797226,bernoulli,bernoulli,1,completed
rep02,start_B,7,poisson,-74.46537801900675,148.9307560380135,,bfgs,4,True,2.207367622020229e-12,True,0.12074164040804491,bernoulli,bernoulli,1,completed
rep02,start_B,8,bernoulli,-51.05669583503926,102.11339167007851,,bfgs,4,True,2.0339285811132867e-14,True,0.32079194169739444,bernoulli,bernoulli,1,completed
rep02,start_B,8,poisson,-74.4961151618368,148.9922303236736,,bfgs,4,True,2.896127782037183e-13,True,0.11719807018038209,bernoulli,bernoulli,1,completed
rep02,start_B,3,bernoulli,-48.33610942851465,96.6722188570293,,bfgs,6,True,3.953913640941664e-10,False,0.7038756888526094,bernoulli,bernoulli,2,completed
rep02,start_B,3,poisson,-74.3850297145003,148.7700594290006,,bfgs,9,True,2.9015012614763693e-12,True,0.1344404002786945,bernoulli,bernoulli,2,completed
rep02,start_B,4,bernoulli,-43.42981579031398,86.85963158062796,,bfgs,6,True,8.62965254810888e-12,True,1.1083993012325595,bernoulli,bernoulli,2,completed
rep02,start_B,4,poisson,-72.67158660977688,145.34317321955376,,bfgs,8,True,1.4451655871994263e-09,False,0.23782309836616866,bernoulli,bernoulli,2,completed
rep02,start_B,5,bernoulli,-50.74821051971473,101.49642103942946,,bfgs,5,True,2.1730075516757096e-10,False,0.3730560642866117,bernoulli,bernoulli,2,completed
rep02,start_B,5,poisson,-74.68889895013808,149.37779790027616,,bfgs,8,True,9.154621505302885e-14,True,0.09374213615657231,bernoulli,bernoulli,2,completed
rep02,start_B,6,bernoulli,-43.76502506080344,87.53005012160688,,bfgs,5,True,8.41083203084736e-11,True,1.134927579798861,bernoulli,bernoulli,2,completed
rep02,start_B,6,poisson,-73.15564826383645,146.3112965276729,,bfgs,9,True,4.66565452938994e-11,True,0.22232469250506215,bernoulli,bernoulli,2,completed
rep02,start_B,7,bernoulli,-50.65048218859137,101.30096437718274,,bfgs,5,True,1.731503829205394e-13,True,0.3807223825256451,bernoulli,bernoulli,2,completed
rep02,start_B,7,poisson,-74.545808225925,149.09161645185,,bfgs,6,True,1.5076828674409626e-13,True,0.10656885970421007,bernoulli,bernoulli,2,completed
rep02,start_B,8,bernoulli,-49.61410282109744,99.22820564219488,,bfgs,5,True,4.708677892040214e-13,True,0.5206241969230195,bernoulli,bernoulli,2,completed
rep02,start_B,8,poisson,-74.08528630034566,148.17057260069132,,bfgs,7,True,2.7331031882127375e-11,True,0.15186902994859683,bernoulli,bernoulli,2,completed
rep02,start_B,3,bernoulli,-48.07013447102119,96.14026894204238,,bfgs,6,True,4.383563068088847e-09,False,0.7202548349190764,bernoulli,bernoulli,3,completed
rep02,start_B,3,poisson,-74.41143696896252,148.82287393792504,,bfgs,10,True,4.2788579346364487e-10,False,0.1277953931420706,bernoulli,bernoulli,3,completed
rep02,start_B,4,bernoulli,-43.63705285080458,87.27410570160916,,bfgs,7,True,5.699740679432352e-12,True,1.0358193449572495,bernoulli,bernoulli,3,completed
rep02,start_B,4,poisson,-72.18823340549812,144.37646681099625,,bfgs,11,True,1.0270800876455154e-11,True,0.25476736757974966,bernoulli,bernoulli,3,completed
rep02,start_B,5,bernoulli,-50.47374746854594,100.94749493709188,,bfgs,7,True,9.201395201330343e-12,True,0.4016367817179397,bernoulli,bernoulli,3,completed
rep02,start_B,5,poisson,-74.38054459658703,148.76108919317406,,bfgs,8,True,1.43336973401631e-09,False,0.13543503561075118,bernoulli,bernoulli,3,completed
rep02,start_B,6,bernoulli,-41.716499208683274,83.43299841736655,,bfgs,7,True,8.472327284181347e-11,True,1.2852989814585623,bernoulli,bernoulli,3,completed
rep02,start_B,6,poisson,-72.27949042412104,144.55898084824207,,bfgs,10,False,3.007944967770015e-07,False,0.2735557746619647,bernoulli,bernoulli,3,completed
rep02,start_B,7,bernoulli,-50.23261608335821,100.46523216671642,,bfgs,6,False,6.264585797888244e-08,False,0.44212455873461204,bernoulli,bernoulli,3,completed
rep02,start_B,7,poisson,-74.43392048955306,148.86784097910612,,bfgs,8,True,1.8878691832036053e-09,False,0.11325918447485733,bernoulli,bernoulli,3,completed
rep02,start_B,8,bernoulli,-48.83705522072044,97.67411044144087,,bfgs,8,True,2.962874390277648e-12,True,0.6180988836004239,bernoulli,bernoulli,3,completed
rep02,start_B,8,poisson,-73.26826213812839,146.53652427625678,,bfgs,9,True,2.5088905952763695e-11,True,0.21440563978534619,bernoulli,bernoulli,3,completed
rep02,start_B,3,bernoulli,-47.67537549186871,95.35075098373741,,bfgs,9,True,6.146194664324867e-14,True,0.740975543280911,bernoulli,bernoulli,4,completed
rep02,start_B,3,poisson,-74.35113919938563,148.70227839877126,,bfgs,11,False,2.5051963348232675e-08,False,0.1313357450836887,bernoulli,bernoulli,4,completed
rep02,start_B,4,bernoulli,-40.00248123218663,80.00496246437326,,bfgs,8,True,3.421939176462274e-10,False,1.4996208668591435,bernoulli,bernoulli,4,completed
rep02,start_B,4,poisson,-71.59399243150187,143.18798486300375,,bfgs,13,True,2.610297256122607e-10,False,0.2981275078593195,bernoulli,bernoulli,4,completed
rep02,start_B,5,bernoulli,-50.644756415601464,101.28951283120293,,bfgs,9,True,4.2901238117565297e-13,True,0.3576352457875484,bernoulli,bernoulli,4,completed
rep02,start_B,5,poisson,-74.36168188324129,148.72336376648258,,bfgs,10,True,6.887499459651281e-11,True,0.13080830567755927,bernoulli,bernoulli,4,completed
rep02,start_B,6,bernoulli,-38.97582094425597,77.95164188851194,,bfgs,8,True,3.0703691894506945e-09,False,1.579456583565609,bernoulli,bernoulli,4,completed
rep02,start_B,6,poisson,-71.71307736717571,143.42615473435143,,bfgs,12,False,1.8451445260581067e-08,False,0.28861205695723385,bernoulli,bernoulli,4,completed
rep02,start_B,7,bernoulli,-49.483631469232236,98.96726293846447,,bfgs,8,True,5.213876441700905e-10,False,0.5152055952329968,bernoulli,bernoulli,4,completed
rep02,start_B,7,poisson,-74.37091998240513,148.74183996481025,,bfgs,11,True,3.550200133872749e-11,True,0.11328080851345985,bernoulli,bernoulli,4,completed
rep02,start_B,8,bernoulli,-48.26590662742878,96.53181325485755,,bfgs,8,True,1.191349241480566e-11,True,0.6413683252624054,bernoulli,bernoulli,4,completed
rep02,start_B,8,poisson,-73.14761511675465,146.2952302335093,,bfgs,9,True,2.668977927555716e-10,False,0.21035169540259704,bernoulli,bernoulli,4,completed
rep02,start_B,3,bernoulli,-35.445241484976876,70.89048296995375,,bfgs,11,True,1.09471487430568e-10,False,2.292092800953658,bernoulli,bernoulli,5,completed
rep02,start_B,3,poisson,-72.3680418756713,144.7360837513426,,bfgs,18,False,2.8097240445390524e-08,False,0.317599651057601,bernoulli,bernoulli,5,completed
rep02,start_B,4,bernoulli,-40.5405578269014,81.0811156538028,,bfgs,9,True,2.074840299570724e-12,True,1.2851935730726751,bernoulli,bernoulli,5,completed
rep02,start_B,4,poisson,-71.39253540717542,142.78507081435083,,bfgs,13,True,9.219793850601121e-09,False,0.28074395641310035,bernoulli,bernoulli,5,completed
rep02,start_B,5,bernoulli,-48.34601355009065,96.6920271001813,,bfgs,10,True,7.825713410625212e-11,True,0.753067394204078,bernoulli,bernoulli,5,completed
rep02,start_B,5,poisson,-73.36447856944494,146.72895713888988,,bfgs,11,True,2.124823714200197e-09,False,0.2313294317688533,bernoulli,bernoulli,5,completed
rep02,start_B,6,bernoulli,-36.841440320041706,73.68288064008341,,bfgs,10,True,7.803928614436018e-11,True,1.7884871956987043,bernoulli,bernoulli,5,completed
rep02,start_B,6,poisson,-71.33941977991273,142.67883955982546,,bfgs,16,False,2.6515000772775464e-08,False,0.3055467920201399,bernoulli,bernoulli,5,completed
rep02,start_B,7,bernoulli,-49.57499686821628,99.14999373643256,,bfgs,10,True,9.00231000855456e-12,True,0.5334122149132671,bernoulli,bernoulli,5,completed
rep02,start_B,7,poisson,-74.11435095337075,148.2287019067415,,bfgs,13,True,2.584076952416581e-10,False,0.16068794983307455,bernoulli,bernoulli,5,completed
rep02,start_B,8,bernoulli,-47.70789169215705,95.4157833843141,,bfgs,10,True,9.488410057656437e-13,True,0.7208830994101355,bernoulli,bernoulli,5,completed
rep02,start_B,8,poisson,-72.45535647694186,144.91071295388372,,bfgs,13,True,1.712180841551003e-10,False,0.25983183990026876,bernoulli,bernoulli,5,completed
rep03,start_B,3,bernoulli,-51.516104917723325,103.03220983544665,,bfgs,4,True,2.2115642650533117e-14,True,0.22604124762937633,bernoulli,bernoulli,1,completed
rep03,start_B,3,poisson,-74.98705496553576,149.97410993107152,,bfgs,5,True,1.0924594562311541e-14,True,0.01852590259644925,bernoulli,bernoulli,1,completed
rep03,start_B,4,bernoulli,-49.61601824140541,99.23203648281083,,bfgs,4,True,1.1368683772161604e-14,True,0.5278934207514525,bernoulli,bernoulli,1,completed
rep03,start_B,4,poisson,-74.72339100393233,149.44678200786467,,bfgs,5,True,1.0620837542774097e-12,True,0.08458796791799612,bernoulli,bernoulli,1,completed
rep03,start_B,5,bernoulli,-51.779053145021905,103.55810629004381,,bfgs,4,True,1.3766765505351941e-15,True,0.1492148783853044,bernoulli,bernoulli,1,completed
rep03,start_B,5,poisson,-74.99999967390099,149.99999934780197,,bfgs,5,True,3.2089927715084344e-09,False,9.325354587163363e-05,bernoulli,bernoulli,1,completed
rep03,start_B,6,bernoulli,-40.195980215306754,80.39196043061351,,bfgs,4,True,2.0572876735514002e-12,True,1.4535694393460077,bernoulli,bernoulli,1,completed
rep03,start_B,6,poisson,-71.63926262653152,143.27852525306304,,bfgs,6,True,1.1546319456101628e-15,True,0.3032848998426828,bernoulli,bernoulli,1,completed
rep03,start_B,7,bernoulli,-51.23430042776356,102.46860085552711,,bfgs,4,True,4.884981308350689e-15,True,0.28754327308234173,bernoulli,bernoulli,1,completed
rep03,start_B,7,poisson,-74.95876942696006,149.91753885392012,,bfgs,5,True,2.0818902157770936e-13,True,0.03298242311909559,bernoulli,bernoulli,1,completed
rep03,start_B,8,bernoulli,-48.53138822096044,97.06277644192087,,bfgs,3,True,4.168276834803919e-12,True,0.6519909193947576,bernoulli,bernoulli,1,completed
rep03,start_B,8,poisson,-73.68474493594505,147.3694898718901,,bfgs,4,True,6.862279633423895e-11,True,0.1902224099527577,bernoulli,bernoulli,1,completed
rep03,start_B,3,bernoulli,-48.39532374939805,96.7906474987961,,bfgs,6,True,2.1230472935229728e-11,True,0.747458172173891,bernoulli,bernoulli,2,completed
rep03,start_B,3,poisson,-74.33538499039477,148.67076998078954,,bfgs,9,True,7.290396897285944e-11,True,0.15005568562074714,bernoulli,bernoulli,2,completed
rep03,start_B,4,bernoulli,-49.43353061871208,98.86706123742417,,bfgs,5,True,1.522315606905522e-11,True,0.512369934613774,bernoulli,bernoulli,2,completed
rep03,start_B,4,poisson,-74.68831256090058,149.37662512180117,,bfgs,7,True,1.4099840045522783e-11,True,0.08446599204409284,bernoulli,bernoulli,2,completed
rep03,start_B,5,bernoulli,-48.75031488482839,97.50062976965678,,bfgs,5,True,2.1940671501852194e-11,True,0.7121406146571547,bernoulli,bernoulli,2,completed
rep03,start_B,5,poisson,-74.12866753473536,148.2573350694707,,bfgs,6,True,2.9081723140755855e-10,False,0.17184089474261235,bernoulli,bernoulli,2,completed
rep03,start_B,6,bernoulli,-40.30103567691977,80.60207135383953,,bfgs,5,True,6.179501355063622e-14,True,1.2820955062105897,bernoulli,bernoulli,2,completed
rep03,start_B,6,poisson,-71.75424361973941,143.50848723947882,,bfgs,7,True,2.4982238500115272e-12,True,0.26568302142884354,bernoulli,bernoulli,2,completed
rep03,start_B,7,bernoulli,-49.809055876898995,99.61811175379799,,bfgs,5,True,1.2410064309520407e-09,False,0.5472802356454693,bernoulli,bernoulli,2,completed
rep03,start_B,7,poisson,-74.4835353167359,148.9670706334718,,bfgs,6,True,2.764732942583947e-10,False,0.13170563969775154,bernoulli,bernoulli,2,completed
rep03,start_B,8,bernoulli,-47.915277863423526,95.83055572684705,,bfgs,6,True,1.5601044900392935e-10,False,0.6428928468484174,bernoulli,bernoulli,2,completed
rep03,start_B,8,poisson,-73.55511582857851,147.11023165715702,,bfgs,9,True,1.3666845433135677e-12,True,0.1784558105953557,bernoulli,bernoulli,2,completed
rep03,start_B,3,bernoulli,-47.106552317749774,94.21310463549955,,bfgs,6,True,2.5017382832004386e-09,False,0.8369025061392923,bernoulli,bernoulli,3,completed
rep03,start_B,3,poisson,-73.70966748529773,147.41933497059546,,bfgs,10,True,8.499900783220937e-11,True,0.20377778361905707,bernoulli,bernoulli,3,completed
rep03,start_B,4,bernoulli,-49.29781222360593,98.59562444721186,,bfgs,6,True,7.71606500915567e-11,True,0.5018232394875639,bernoulli,bernoulli,3,completed
rep03,start_B,4,poisson,-74.61784797369427,149.23569594738854,,bfgs,10,True,1.1008830652636803e-10,False,0.09646825472523086,bernoulli,bernoulli,3,completed
rep03,start_B,5,bernoulli,-48.11818662094956,96.23637324189912,,bfgs,7,True,1.487754364148941e-12,True,0.7501271740564849,bernoulli,bernoulli,3,completed
rep03,start_B,5,poisson,-74.27778639446333,148.55557278892667,,bfgs,11,True,1.0167231501156949e-10,False,0.14329038791467338,bernoulli,bernoulli,3,completed
rep03,start_B,6,bernoulli,-40.62020041750839,81.24040083501679,,bfgs,9,True,5.089428878335411e-12,True,1.1887588935880247,bernoulli,bernoulli,3,completed
rep03,start_B,6,poisson,-71.50067149726218,143.00134299452435,,bfgs,9,True,4.5024597383758193e-10,False,0.2694724306437859,bernoulli,bernoulli,3,completed
rep03,start_B,7,bernoulli,-37.71447484329377,75.42894968658754,,bfgs,7,True,4.081631699293098e-11,True,1.9605260934523545,bernoulli,bernoulli,3,completed
rep03,start_B,7,poisson,-72.98057009692407,145.96114019384814,,bfgs,15,True,6.594526727465855e-09,False,0.25329763014603285,bernoulli,bernoulli,3,completed
rep03,start_B,8,bernoulli,-47.184100757242255,94.36820151448451,,bfgs,6,True,3.6533664982130175e-12,True,0.6982694880450246,bernoulli,bernoulli,3,completed
rep03,start_B,8,poisson,-73.36616937506213,146.73233875012426,,bfgs,9,False,3.8824159664940794e-08,False,0.181123132677901,bernoulli,bernoulli,3,completed
rep03,start_B,3,bernoulli,-47.44969866339515,94.8993973267903,,bfgs,8,True,8.223038427956907e-09,False,0.7410136671916755,bernoulli,bernoulli,4,completed
rep03,start_B,3,poisson,-73.79057446055639,147.58114892111277,,bfgs,11,True,3.294180928037349e-10,False,0.18816254566019427,bernoulli,bernoulli,4,completed
rep03,start_B,4,bernoulli,-45.21406988986009,90.42813977972018,,bfgs,8,True,4.9305270977129115e-11,True,1.1516658294485775,bernoulli,bernoulli,4,completed
rep03,start_B,4,poisson,-73.13435208771946,146.26870417543893,,bfgs,13,True,3.4105062551859076e-09,False,0.2882123315450447,bernoulli,bernoulli,4,completed
rep03,start_B,5,bernoulli,-47.30510960915816,94.61021921831632,,bfgs,8,True,9.214629059783873e-13,True,0.7992688526942687,bernoulli,bernoulli,4,completed
rep03,start_B,5,poisson,-74.11035243058127,148.22070486116255,,bfgs,11,True,3.916295371331202e-09,False,0.14877523322469796,bernoulli,bernoulli,4,completed
rep03,start_B,6,bernoulli,-39.74049828774533,79.48099657549066,,bfgs,9,True,2.830402578979374e-13,True,1.2577697098995049,bernoulli,bernoulli,4,completed
rep03,start_B,6,poisson,-71.0348816185572,142.0697632371144,,bfgs,10,True,6.998723378615068e-10,False,0.30188206434976905,bernoulli,bernoulli,4,completed
rep03,start_B,7,bernoulli,-36.44276125489364,72.88552250978728,,bfgs,8,False,2.2424404200194205e-08,False,1.9948464112433126,bernoulli,bernoulli,4,completed
rep03,start_B,7,poisson,-72.63875370020801,145.27750740041603,,bfgs,20,False,3.587681344646709e-08,False,0.2549591679950041,bernoulli,bernoulli,4,completed
rep03,start_B,8,bernoulli,-47.372810523054795,94.74562104610959,,bfgs,7,False,1.2353965850309123e-08,False,0.6385423430416376,bernoulli,bernoulli,4,completed
rep03,start_B,8,poisson,-73.38186131170406,146.7637226234081,,bfgs,9,True,2.9660105482776087e-10,False,0.17535764909621668,bernoulli,bernoulli,4,completed
rep03,start_B,3,bernoulli,-45.142435659477435,90.28487131895487,,bfgs,9,True,2.694391643132121e-09,False,1.0414012723200416,bernoulli,bernoulli,5,completed
rep03,start_B,3,poisson,-73.09255550490293,146.18511100980587,,bfgs,12,False,1.1503710539706447e-08,False,0.2529528444440472,bernoulli,bernoulli,5,completed
rep03,start_B,4,bernoulli,-47.037028388159534,94.07405677631907,,bfgs,10,True,1.0154765028858036e-09,False,0.8468496122876077,bernoulli,bernoulli,5,completed
rep03,start_B,4,poisson,-74.26730664796573,148.53461329593145,,bfgs,13,True,1.06604447491776e-11,True,0.15464873248883965,bernoulli,bernoulli,5,completed
rep03,start_B,5,bernoulli,-47.85532943908994,95.71065887817988,,bfgs,9,True,3.4343461408070655e-11,True,0.7257611418080367,bernoulli,bernoulli,5,completed
rep03,start_B,5,poisson,-74.0955383521202,148.1910767042404,,bfgs,14,True,4.454196789183129e-10,False,0.1650787579168802,bernoulli,bernoulli,5,completed
rep03,start_B,6,bernoulli,-35.47379594315853,70.94759188631706,,bfgs,9,True,5.80323344934186e-11,True,1.7587104130697975,bernoulli,bernoulli,5,completed
rep03,start_B,6,poisson,-70.70247865472872,141.40495730945744,,bfgs,16,False,3.2345268019540185e-08,False,0.2888499916428492,bernoulli,bernoulli,5,completed
rep03,start_B,7,bernoulli,-36.47709860247047,72.95419720494094,,bfgs,10,True,1.0448356624337407e-09,False,1.8880735711148877,bernoulli,bernoulli,5,completed
rep03,start_B,7,poisson,-72.72421388210148,145.44842776420296,,bfgs,26,True,4.240937245825193e-09,False,0.24464025706462153,bernoulli,bernoulli,5,completed
rep03,start_B,8,bernoulli,-47.26736398135313,94.53472796270626,,bfgs,10,True,9.589840033186193e-12,True,0.6990649922332982,bernoulli,bernoulli,5,completed
rep03,start_B,8,poisson,-73.21096491069176,146.42192982138351,,bfgs,10,True,1.46655132482465e-11,True,0.19672066726118095,bernoulli,bernoulli,5,completed
rep04,start_B,3,bernoulli,-49.74975067414691,99.49950134829382,,bfgs,5,True,7.993605777301127e-16,True,0.508888026949368,bernoulli,bernoulli,1,completed
rep04,start_B,3,poisson,-74.90990884541827,149.81981769083654,,bfgs,7,True,6.773248628633155e-13,True,0.048955775810508056,bernoulli,bernoulli,1,completed
rep04,start_B,4,bernoulli,-50.40470878401618,100.80941756803236,,bfgs,2,True,2.3554402872605352e-11,True,0.4227360083412732,bernoulli,bernoulli,1,completed
rep04,start_B,4,poisson,-73.88196318789173,147.76392637578346,,bfgs,5,True,5.773159728050814e-14,True,0.1712004139378256,bernoulli,bernoulli,1,completed
rep04,start_B,5,bernoulli,-46.422694665762734,92.84538933152547,,bfgs,5,True,3.641531520770513e-15,True,0.8561152266531348,bernoulli,bernoulli,1,completed
rep04,start_B,5,poisson,-74.50827303253875,149.0165460650775,,bfgs,6,True,2.682298827494378e-14,True,0.11390828230503242,bernoulli,bernoulli,1,completed
rep04,start_B,6,bernoulli,-51.328313709900456,102.65662741980091,,bfgs,4,False,1.2309401253851604e-08,False,0.26804754815760556,bernoulli,bernoulli,1,completed
rep04,start_B,6,poisson,-74.99887879835288,149.99775759670575,,bfgs,4,True,5.146993942162226e-14,True,0.005468155918450646,bernoulli,bernoulli,1,completed
rep04,start_B,7,bernoulli,-51.02235468831083,102.04470937662165,,bfgs,3,True,8.3858342492249e-11,True,0.32627555090239224,bernoulli,bernoulli,1,completed
rep04,start_B,7,poisson,-74.99743846829597,149.99487693659194,,bfgs,4,True,1.652784575867372e-11,True,0.00826409750895769,bernoulli,bernoulli,1,completed
rep04,start_B,8,bernoulli,-42.86850863319326,85.73701726638652,,bfgs,4,False,5.746410245421885e-08,False,1.1805661850250224,bernoulli,bernoulli,1,completed
rep04,start_B,8,poisson,-71.58417791780585,143.1683558356117,,bfgs,6,True,8.881784197001252e-14,True,0.29384893988510913,bernoulli,bernoulli,1,completed
rep04,start_B,3,bernoulli,-48.898027702940134,97.79605540588027,,bfgs,5,True,1.0711570519461588e-13,True,0.6021909741724928,bernoulli,bernoulli,2,completed
rep04,start_B,3,poisson,-74.65146688293528,149.30293376587056,,bfgs,6,True,2.1087576129730224e-13,True,0.09681886320024341,bernoulli,bernoulli,2,completed
rep04,start_B,4,bernoulli,-50.22545255826901,100.45090511653802,,bfgs,5,True,2.552175137893187e-12,True,0.44115621490273293,bernoulli,bernoulli,2,completed
rep04,start_B,4,poisson,-74.08622993023452,148.17245986046905,,bfgs,7,True,3.5536018572202013e-13,True,0.1487642975531751,bernoulli,bernoulli,2,completed
rep04,start_B,5,bernoulli,-35.131164990616824,70.26232998123365,,bfgs,5,True,8.212261093376583e-10,False,1.8939788512398201,bernoulli,bernoulli,2,completed
rep04,start_B,5,poisson,-71.90817035150107,143.81634070300214,,bfgs,12,True,1.0418485518748355e-10,False,0.29017894867197297,bernoulli,bernoulli,2,completed
rep04,start_B,6,bernoulli,-42.11692476508332,84.23384953016664,,bfgs,5,True,2.248423669470867e-13,True,1.283783273153601,bernoulli,bernoulli,2,completed
rep04,start_B,6,poisson,-73.327041267392,146.654082534784,,bfgs,8,False,2.5966626309437137e-07,False,0.20836511119130752,bernoulli,bernoulli,2,completed
rep04,start_B,7,bernoulli,-51.72577154617625,103.4515430923525,,bfgs,6,True,1.4352963262354023e-13,True,0.16309930166032882,bernoulli,bernoulli,2,completed
rep04,start_B,7,poisson,-74.99291012842116,149.98582025684232,,bfgs,6,True,2.4078322669041086e-12,True,0.013498949474332387,bernoulli,bernoulli,2,completed
rep04,start_B,8,bernoulli,-41.737154743595816,83.47430948719163,,bfgs,6,True,2.86545907002278e-09,False,1.272730996319764,bernoulli,bernoulli,2,completed
rep04,start_B,8,poisson,-71.97663862009804,143.9532772401961,,bfgs,9,False,1.214937306315278e-08,False,0.26984024870931766,bernoulli,bernoulli,2,completed
rep04,start_B,3,bernoulli,-49.135028447296044,98.27005689459209,,bfgs,7,True,2.609157334632073e-12,True,0.5523318924171806,bernoulli,bernoulli,3,completed
rep04,start_B,3,poisson,-74.5158740949797,149.0317481899594,,bfgs,8,True,1.5692264154765213e-11,True,0.11544412387180406,bernoulli,bernoulli,3,completed
rep04,start_B,4,bernoulli,-49.11251478072444,98.22502956144888,,bfgs,8,True,4.337419312605562e-13,True,0.6018591586981601,bernoulli,bernoulli,3,completed
rep04,start_B,4,poisson,-73.11541355993774,146.23082711987547,,bfgs,9,True,2.387344433252281e-10,False,0.2336513047904171,bernoulli,bernoulli,3,completed
rep04,start_B,5,bernoulli,-35.126009363856745,70.25201872771349,,bfgs,6,True,1.7607500124583452e-09,False,1.892213267972098,bernoulli,bernoulli,3,completed
rep04,start_B,5,poisson,-71.69156081878683,143.38312163757365,,bfgs,14,False,2.094269424546269e-08,False,0.292538219597577,bernoulli,bernoulli,3,completed
rep04,start_B,6,bernoulli,-42.02625554963178,84.05251109926355,,bfgs,7,True,1.5187140434136382e-11,True,1.232532174488119,bernoulli,bernoulli,3,completed
rep04,start_B,6,poisson,-73.1764081173402,146.3528162346804,,bfgs,12,True,7.001290525110448e-09,False,0.2184865271996012,bernoulli,bernoulli,3,completed
rep04,start_B,7,bernoulli,-47.031441795865575,94.06288359173115,,bfgs,7,True,8.616884894507848e-09,False,0.8716737148833542,bernoulli,bernoulli,3,completed
rep04,start_B,7,poisson,-74.41959330781256,148.83918661562512,,bfgs,10,True,2.5710242823606675e-10,False,0.13084782347354756,bernoulli,bernoulli,3,completed
rep04,start_B,8,bernoulli,-40.736710362499096,81.47342072499819,,bfgs,8,True,1.4276458681905525e-09,False,1.3215904280645938,bernoulli,bernoulli,3,completed
rep04,start_B,8,poisson,-71.00402671524539,142.00805343049078,,bfgs,10,True,2.0931922861677776e-11,True,0.3183978058537366,bernoulli,bernoulli,3,completed
rep04,start_B,3,bernoulli,-48.39609068939589,96.79218137879178,,bfgs,9,True,4.32152091889293e-12,True,0.7136861665454458,bernoulli,bernoulli,4,completed
rep04,start_B,3,poisson,-74.00576531427092,148.01153062854183,,bfgs,10,True,6.494536020085207e-11,True,0.19208143868289887,bernoulli,bernoulli,4,completed
rep04,start_B,4,bernoulli,-47.455204180507636,94.91040836101527,,bfgs,8,True,1.0941914041495693e-12,True,0.8124134967073939,bernoulli,bernoulli,4,completed
rep04,start_B,4,poisson,-72.80864694363012,145.61729388726025,,bfgs,9,True,6.079936554215237e-12,True,0.24548694382535857,bernoulli,bernoulli,4,completed
rep04,start_B,5,bernoulli,-33.39344342693598,66.78688685387196,,bfgs,8,False,1.0353160173615094e-08,False,1.9808487123174812,bernoulli,bernoulli,4,completed
rep04,start_B,5,poisson,-71.52601161154546,143.0520232230909,,bfgs,15,False,2.175669143511527e-07,False,0.291603991336746,bernoulli,bernoulli,4,completed
rep04,start_B,6,bernoulli,-40.022339425959345,80.04467885191869,,bfgs,8,True,8.003131490852411e-12,True,1.482981307024326,bernoulli,bernoulli,4,completed
rep04,start_B,6,poisson,-72.46863965514059,144.93727931028118,,bfgs,11,True,1.4629806255328504e-09,False,0.27184191601506985,bernoulli,bernoulli,4,completed
rep04,start_B,7,bernoulli,-45.592035750077045,91.18407150015409,,bfgs,8,True,2.6150015486336996e-11,True,0.9929272350338885,bernoulli,bernoulli,4,completed
rep04,start_B,7,poisson,-74.02168248246892,148.04336496493784,,bfgs,13,True,2.9953639568702786e-11,True,0.18866186112521313,bernoulli,bernoulli,4,completed
rep04,start_B,8,bernoulli,-40.900471844383745,81.80094368876749,,bfgs,9,True,3.0077940138539816e-10,False,1.2198793466229012,bernoulli,bernoulli,4,completed
rep04,start_B,8,poisson,-70.935408395526,141.870816791052,,bfgs,14,True,7.786137956600214e-10,False,0.30631938363952715,bernoulli,bernoulli,4,completed
rep04,start_B,3,bernoulli,-47.977495870924216,95.95499174184843,,bfgs,9,True,2.7396360735565393e-10,False,0.7347780662100162,bernoulli,bernoulli,5,completed
rep04,start_B,3,poisson,-73.54202265785656,147.08404531571313,,bfgs,11,True,4.763284877640217e-10,False,0.23471021987661764,bernoulli,bernoulli,5,completed
rep04,start_B,4,bernoulli,-47.5029007021671,95.0058014043342,,bfgs,9,True,3.3566088131209424e-09,False,0.8081313197511139,bernoulli,bernoulli,5,completed
rep04,start_B,4,poisson,-72.00990604921284,144.0198120984257,,bfgs,13,True,3.874705711837123e-09,False,0.3199045543603969,bernoulli,bernoulli,5,completed
rep04,start_B,5,bernoulli,-34.09431193195989,68.18862386391979,,bfgs,10,True,5.559408156052825e-10,False,1.772657606725246,bernoulli,bernoulli,5,completed
rep04,start_B,5,poisson,-71.42894079719031,142.85788159438061,,bfgs,18,False,3.243648158957058e-08,False,0.2872408604994697,bernoulli,bernoulli,5,completed
rep04,start_B,6,bernoulli,-42.027144373828584,84.05428874765717,,bfgs,9,True,5.96278892928126e-10,False,1.1184767412218526,bernoulli,bernoulli,5,completed
rep04,start_B,6,poisson,-72.36358526423844,144.72717052847688,,bfgs,12,False,1.4176613039040831e-08,False,0.26973484521872726,bernoulli,bernoulli,5,completed
rep04,start_B,7,bernoulli,-44.87984021900682,89.75968043801365,,bfgs,9,True,8.57333426473872e-11,True,1.1165682165007078,bernoulli,bernoulli,5,completed
rep04,start_B,7,poisson,-73.35426446317906,146.70852892635813,,bfgs,13,True,2.3148688299556853e-09,False,0.25060695498255814,bernoulli,bernoulli,5,completed
rep04,start_B,8,bernoulli,-39.121377166030356,78.24275433206071,,bfgs,11,True,6.495493032332433e-10,False,1.3474925423064057,bernoulli,bernoulli,5,completed
rep04,start_B,8,poisson,-70.8835943335697,141.7671886671394,,bfgs,14,True,3.4174609808701464e-10,False,0.290347805798163,bernoulli,bernoulli,5,completed
rep05,start_B,3,bernoulli,-50.80795942630464,101.61591885260928,,bfgs,3,True,6.544098596350522e-13,True,0.3621337032371886,bernoulli,bernoulli,1,completed
rep05,start_B,3,poisson,-74.99952016888581,149.99904033777162,,bfgs,5,True,6.118217044104313e-13,True,0.0035796197515564447,bernoulli,bernoulli,1,completed
rep05,start_B,4,bernoulli,-44.34321365852304,88.68642731704608,,bfgs,4,True,1.589839371263224e-14,True,1.0415807210691674,bernoulli,bernoulli,1,completed
rep05,start_B,4,poisson,-74.43857387251133,148.87714774502265,,bfgs,7,True,6.661338147750939e-16,True,0.11898998657818255,bernoulli,bernoulli,1,completed
rep05,start_B,5,bernoulli,-51.59070904125167,103.18141808250334,,bfgs,4,True,4.884981308350689e-16,True,0.20682181957953547,bernoulli,bernoulli,1,completed
rep05,start_B,5,poisson,-74.21615475910748,148.43230951821496,,bfgs,4,True,1.319877540595371e-12,True,0.14792428820026632,bernoulli,bernoulli,1,completed
rep05,start_B,6,bernoulli,-50.56606888019967,101.13213776039935,,bfgs,3,True,1.474388167110874e-10,False,0.39933115965200605,bernoulli,bernoulli,1,completed
rep05,start_B,6,poisson,-74.99910181168022,149.99820362336044,,bfgs,5,True,1.8376411503595592e-13,True,0.004889242381061484,bernoulli,bernoulli,1,completed
rep05,start_B,7,bernoulli,-51.74019424027786,103.48038848055572,,bfgs,3,True,7.032596727185591e-13,True,0.16265705798979474,bernoulli,bernoulli,1,completed
rep05,start_B,7,poisson,-74.90093171316502,149.80186342633004,,bfgs,5,True,3.25961480029946e-14,True,0.05189130662338036,bernoulli,bernoulli,1,completed
rep05,start_B,8,bernoulli,-45.6707407235887,91.3414814471774,,bfgs,3,True,1.662692206139127e-12,True,0.9227346490930461,bernoulli,bernoulli,1,completed
rep05,start_B,8,poisson,-71.73198812191112,143.46397624382223,,bfgs,6,True,7.505107646466058e-15,True,0.3049599738719387,bernoulli,bernoulli,1,completed
rep05,start_B,3,bernoulli,-47.15176733623018,94.30353467246036,,bfgs,6,True,8.864818212828141e-10,False,0.8517111149500046,bernoulli,bernoulli,2,completed
rep05,start_B,3,poisson,-73.62689855362113,147.25379710724226,,bfgs,8,True,3.5121916486247073e-09,False,0.21030036827019047,bernoulli,bernoulli,2,completed
rep05,start_B,4,bernoulli,-44.14831485010314,88.29662970020628,,bfgs,4,True,7.208091901134139e-11,True,0.9566504417100958,bernoulli,bernoulli,2,completed
rep05,start_B,4,poisson,-74.44145715717623,148.88291431435246,,bfgs,10,True,4.898554895049756e-11,True,0.11003942728792793,bernoulli,bernoulli,2,completed
rep05,start_B,5,bernoulli,-51.63234341125879,103.26468682251758,,bfgs,5,True,2.751132655021138e-13,True,0.1812874820542361,bernoulli,bernoulli,2,completed
rep05,start_B,5,poisson,-74.15192176330268,148.30384352660536,,bfgs,6,True,6.16928730323707e-13,True,0.14176222938240363,bernoulli,bernoulli,2,completed
rep05,start_B,6,bernoulli,-50.50883655171113,101.01767310342225,,bfgs,5,True,6.972200594645983e-14,True,0.4011148389994542,bernoulli,bernoulli,2,completed
rep05,start_B,6,poisson,-74.97495319590948,149.94990639181896,,bfgs,6,True,1.0720935250674302e-11,True,0.026470834426303408,bernoulli,bernoulli,2,completed
rep05,start_B,7,bernoulli,-50.82966587415443,101.65933174830886,,bfgs,6,True,8.38301872363445e-11,True,0.37590256723723975,bernoulli,bernoulli,2,completed
rep05,start_B,7,poisson,-74.87393159084968,149.74786318169936,,bfgs,6,True,3.0213778146048755e-10,False,0.0576582224369313,bernoulli,bernoulli,2,completed
rep05,start_B,8,bernoulli,-46.176589872116665,92.35317974423333,,bfgs,6,True,3.8564706983379437e-13,True,0.8109397334285137,bernoulli,bernoulli,2,completed
rep05,start_B,8,poisson,-71.8076553760524,143.6153107521048,,bfgs,9,True,2.559131573320883e-10,False,0.2779515367388186,bernoulli,bernoulli,2,completed
rep05,start_B,3,bernoulli,-44.819557011312455,89.63911402262491,,bfgs,6,True,9.673578604818545e-12,True,1.0169625838346326,bernoulli,bernoulli,3,completed
rep05,start_B,3,poisson,-72.88306831197787,145.76613662395573,,bfgs,10,False,1.0995785804934766e-07,False,0.2636544971095399,bernoulli,bernoulli,3,completed
rep05,start_B,4,bernoulli,-41.99567256100731,83.99134512201462,,bfgs,8,True,1.0047240817101511e-13,True,1.155762684942898,bernoulli,bernoulli,3,completed
rep05,start_B,4,poisson,-73.35854096451583,146.71708192903165,,bfgs,9,False,1.1620638629139534e-08,False,0.22095649566344577,bernoulli,bernoulli,3,completed
rep05,start_B,5,bernoulli,-50.613602020633294,101.22720404126659,,bfgs,7,True,6.772538085897395e-12,True,0.40603204280017796,bernoulli,bernoulli,3,completed
rep05,start_B,5,poisson,-73.17675108964632,146.35350217929263,,bfgs,6,True,1.7769074212026225e-09,False,0.2425720311637177,bernoulli,bernoulli,3,completed
rep05,start_B,6,bernoulli,-49.09752892172779,98.19505784345559,,bfgs,5,False,6.669043979279366e-08,False,0.5962527366864339,bernoulli,bernoulli,3,completed
rep05,start_B,6,poisson,-74.94862928820339,149.89725857640678,,bfgs,11,True,1.5577682366263446e-09,False,0.03767768520152549,bernoulli,bernoulli,3,completed
rep05,start_B,7,bernoulli,-48.53779014874874,97.07558029749748,,bfgs,6,True,2.406428523116233e-09,False,0.7469286048471804,bernoulli,bernoulli,3,completed
rep05,start_B,7,poisson,-74.79761186982361,149.59522373964722,,bfgs,10,False,1.6284909692965142e-08,False,0.07504915801003255,bernoulli,bernoulli,3,completed
rep05,start_B,8,bernoulli,-39.920620490345016,79.84124098069003,,bfgs,6,True,3.194380315818535e-11,True,1.4532405837773477,bernoulli,bernoulli,3,completed
rep05,start_B,8,poisson,-71.1285894613023,142.2571789226046,,bfgs,11,True,4.876478776338899e-10,False,0.2932179457824038,bernoulli,bernoulli,3,completed
rep05,start_B,3,bernoulli,-45.68661742000738,91.37323484001476,,bfgs,8,True,7.479140862187706e-10,False,0.8977793095697089,bernoulli,bernoulli,4,completed
rep05,start_B,3,poisson,-73.01837665621164,146.0367533124233,,bfgs,11,True,4.464355482514115e-09,False,0.24489141374447945,bernoulli,bernoulli,4,completed
rep05,start_B,4,bernoulli,-28.456152127084284,56.91230425416857,,bfgs,11,True,1.7586220674159492e-11,True,3.6600517634778975,bernoulli,bernoulli,4,completed
rep05,start_B,4,poisson,-71.87983942095148,143.75967884190297,,bfgs,24,True,7.428280213161997e-11,True,0.33704792404082773,bernoulli,bernoulli,4,completed
rep05,start_B,5,bernoulli,-47.754400219125,95.50880043825,,bfgs,9,True,9.763034825027717e-12,True,0.8734177691106592,bernoulli,bernoulli,4,completed
rep05,start_B,5,poisson,-72.17352077519553,144.34704155039105,,bfgs,12,True,3.454481145581667e-10,False,0.3091078160055236,bernoulli,bernoulli,4,completed
rep05,start_B,6,bernoulli,-45.01087084118599,90.02174168237198,,bfgs,7,True,6.838983446222358e-09,False,1.128339640334034,bernoulli,bernoulli,4,completed
rep05,start_B,6,poisson,-74.076728482299,148.153456964598,,bfgs,13,True,3.999638842344666e-10,False,0.22727395404758005,bernoulli,bernoulli,4,completed
rep05,start_B,7,bernoulli,-43.95468030402378,87.90936060804756,,bfgs,7,True,7.178460942336428e-09,False,1.3245417784385145,bernoulli,bernoulli,4,completed
rep05,start_B,7,poisson,-73.61209834058968,147.22419668117936,,bfgs,12,True,7.034235860459149e-10,False,0.2706767363716139,bernoulli,bernoulli,4,completed
rep05,start_B,8,bernoulli,-35.91252441583513,71.82504883167026,,bfgs,9,True,1.0265671090969874e-10,False,2.0647426521641954,bernoulli,bernoulli,4,completed
rep05,start_B,8,poisson,-70.34211827991264,140.68423655982528,,bfgs,19,False,3.687615279801548e-08,False,0.3639532837171213,bernoulli,bernoulli,4,completed
rep05,start_B,3,bernoulli,-42.05127628377861,84.10255256755723,,bfgs,10,True,2.898086215452622e-11,True,1.1948589116346897,bernoulli,bernoulli,5,completed
rep05,start_B,3,poisson,-72.72019307572673,145.44038615145345,,bfgs,14,True,1.182671116595202e-09,False,0.24638324537733203,bernoulli,bernoulli,5,completed
rep05,start_B,4,bernoulli,-31.093923146118755,62.18784629223751,,bfgs,9,True,1.4384374663611865e-09,False,2.8917764367881507,bernoulli,bernoulli,5,completed
rep05,start_B,4,poisson,-71.50618877625509,143.01237755251017,,bfgs,24,False,1.0118622739696548e-08,False,0.35141566472473174,bernoulli,bernoulli,5,completed
rep05,start_B,5,bernoulli,-46.648709527266746,93.29741905453349,,bfgs,9,True,3.607674159411545e-11,True,1.0797110693653051,bernoulli,bernoulli,5,completed
rep05,start_B,5,poisson,-72.30402591825752,144.60805183651505,,bfgs,13,True,3.934668812988207e-09,False,0.2937905924887358,bernoulli,bernoulli,5,completed
rep05,start_B,6,bernoulli,-44.771322315222314,89.54264463044463,,bfgs,9,True,3.341771304121721e-12,True,1.1170225208574274,bernoulli,bernoulli,5,completed
rep05,start_B,6,poisson,-74.17267271600426,148.34534543200851,,bfgs,14,False,1.4911291028596453e-07,False,0.19990629491916664,bernoulli,bernoulli,5,completed
rep05,start_B,7,bernoulli,-44.776992426747405,89.55398485349481,,bfgs,9,True,4.1595371591540696e-11,True,1.1782439075069449,bernoulli,bernoulli,5,completed
rep05,start_B,7,poisson,-74.1825723638156,148.3651447276312,,bfgs,12,True,3.424472216906338e-09,False,0.19305068134543144,bernoulli,bernoulli,5,completed
rep05,start_B,8,bernoulli,-39.59283683989931,79.18567367979863,,bfgs,9,True,1.6517026024676084e-09,False,1.5221202808252856,bernoulli,bernoulli,5,completed
rep05,start_B,8,poisson,-71.34018258746926,142.68036517493852,,bfgs,16,True,5.353450305278784e-09,False,0.28552803051147174,bernoulli,bernoulli,5,completed
rep06,start_B,3,bernoulli,-51.067587746418226,102.13517549283645,,bfgs,5,True,3.169686735304822e-15,True,0.3214230878254801,bernoulli,bernoulli,1,completed
rep06,start_B,3,poisson,-73.96364607951266,147.9272921590253,,bfgs,4,True,3.829647710063e-12,True,0.1722687691658057,bernoulli,bernoulli,1,completed
rep06,start_B,4,bernoulli,-50.824857458108085,101.64971491621617,,bfgs,3,True,3.904087275685697e-09,False,0.3638952956175677,bernoulli,bernoulli,1,completed
rep06,start_B,4,poisson,-74.99990551694792,149.99981103389584,,bfgs,5,True,2.3771140611472674e-11,True,0.0015865852166920956,bernoulli,bernoulli,1,completed
rep06,start_B,5,bernoulli,-51.47605963998526,102.95211927997052,,bfgs,4,True,3.0034348341700935e-10,False,0.23672784751568784,bernoulli,bernoulli,1,completed
rep06,start_B,5,poisson,-74.97163441342916,149.94326882685831,,bfgs,5,True,1.568816188068922e-11,True,0.027712240553636597,bernoulli,bernoulli,1,completed
rep06,start_B,6,bernoulli,-51.80511146810001,103.61022293620002,,bfgs,4,True,7.367707111072264e-09,False,0.13966047398257392,bernoulli,bernoulli,1,completed
rep06,start_B,6,poisson,-74.44234730174041,148.88469460348082,,bfgs,4,True,3.928555258880806e-11,True,0.12548682091291874,bernoulli,bernoulli,1,completed
rep06,start_B,7,bernoulli,-51.747576101439066,103.49515220287813,,bfgs,4,True,6.883382752675971e-16,True,0.16060600067677636,bernoulli,bernoulli,1,completed
rep06,start_B,7,poisson,-74.92090409210056,149.8418081842011,,bfgs,5,True,9.992895400046108e-13,True,0.04649499932494832,bernoulli,bernoulli,1,completed
rep06,start_B,8,bernoulli,-51.132338818926755,102.26467763785351,,bfgs,3,False,1.3140865369187792e-07,False,0.30931618073002487,bernoulli,bernoulli,1,completed
rep06,start_B,8,poisson,-73.99870820274198,147.99741640548396,,bfgs,5,True,8.881784197001253e-17,True,0.16926350952222408,bernoulli,bernoulli,1,completed
rep06,start_B,3,bernoulli,-50.481890752910616,100.96378150582123,,bfgs,4,False,2.9361098086155836e-08,False,0.38666486817179746,bernoulli,bernoulli,2,completed
rep06,start_B,3,poisson,-73.57982545488429,147.15965090976857,,bfgs,8,True,1.0277725337459742e-10,False,0.19702690983965596,bernoulli,bernoulli,2,completed
rep06,start_B,4,bernoulli,-48.252227335511044,96.50445467102209,,bfgs,6,True,3.989080177291271e-11,True,0.7218661537826985,bernoulli,bernoulli,2,completed
rep06,start_B,4,poisson,-74.83998963877063,149.67997927754126,,bfgs,10,True,3.944009563383588e-11,True,0.07197798999572722,bernoulli,bernoulli,2,completed
rep06,start_B,5,bernoulli,-50.90357950983248,101.80715901966497,,bfgs,5,True,2.1163248931088675e-11,True,0.3585962018768656,bernoulli,bernoulli,2,completed
rep06,start_B,5,poisson,-74.34253587238301,148.68507174476602,,bfgs,7,False,1.8439981097628788e-08,False,0.1509357270475978,bernoulli,bernoulli,2,completed
rep06,start_B,6,bernoulli,-51.086191326408986,102.17238265281797,,bfgs,5,True,2.6450952539391892e-11,True,0.35110900750394597,bernoulli,bernoulli,2,completed
rep06,start_B,6,poisson,-73.93538243694199,147.87076487388399,,bfgs,6,True,7.116263134321343e-12,True,0.1867666089037518,bernoulli,bernoulli,2,completed
rep06,start_B,7,bernoulli,-51.04071777714574,102.08143555429147,,bfgs,5,True,2.3365664958419076e-11,True,0.3569083319680428,bernoulli,bernoulli,2,completed
rep06,start_B,7,poisson,-74.91229864762954,149.82459729525908,,bfgs,6,True,2.061082199356079e-09,False,0.04493380111218064,bernoulli,bernoulli,2,completed
rep06,start_B,8,bernoulli,-47.02881493976147,94.05762987952293,,bfgs,6,True,1.7264412122131034e-12,True,0.8489035693926722,bernoulli,bernoulli,2,completed
rep06,start_B,8,poisson,-73.74089359781723,147.48178719563447,,bfgs,10,True,1.8260948309034574e-13,True,0.1791320403932335,bernoulli,bernoulli,2,completed
rep06,start_B,3,bernoulli,-49.56318218933832,99.12636437867664,,bfgs,7,True,4.011719045848849e-09,False,0.5298149604784296,bernoulli,bernoulli,3,completed
rep06,start_B,3,poisson,-73.0539964737796,146.1079929475592,,bfgs,9,True,9.078180163157867e-09,False,0.22591781578699918,bernoulli,bernoulli,3,completed
rep06,start_B,4,bernoulli,-48.56477366805189,97.12954733610378,,bfgs,7,True,8.558265207625482e-12,True,0.6444568831031118,bernoulli,bernoulli,3,completed
rep06,start_B,4,poisson,-74.85838081813895,149.7167616362779,,bfgs,10,False,1.1817757394894101e-08,False,0.06552798065021329,bernoulli,bernoulli,3,completed
rep06,start_B,5,bernoulli,-49.61929445174419,99.23858890348838,,bfgs,8,True,7.766134402231728e-11,True,0.5712453484464944,bernoulli,bernoulli,3,completed
rep06,start_B,5,poisson,-73.6994577032729,147.3989154065458,,bfgs,9,True,1.5221779392504687e-11,True,0.20567106721494396,bernoulli,bernoulli,3,completed
rep06,start_B,6,bernoulli,-51.226308332342114,102.45261666468423,,bfgs,6,True,9.494005581700548e-12,True,0.30435956251159674,bernoulli,bernoulli,3,completed
rep06,start_B,6,poisson,-73.90839089652455,147.8167817930491,,bfgs,9,True,1.2797407578091225e-11,True,0.17494015369734242,bernoulli,bernoulli,3,completed
rep06,start_B,7,bernoulli,-50.32902125783178,100.65804251566357,,bfgs,9,True,2.2142909728017913e-11,True,0.46880998757784714,bernoulli,bernoulli,3,completed
rep06,start_B,7,poisson,-74.65968308134853,149.31936616269707,,bfgs,9,True,1.5402791819774108e-10,False,0.10088148668350705,bernoulli,bernoulli,3,completed
rep06,start_B,8,bernoulli,-44.179899540657814,88.35979908131563,,bfgs,6,True,3.236426238117929e-10,False,1.1219031798043733,bernoulli,bernoulli,3,completed
rep06,start_B,8,poisson,-72.77786141735469,145.55572283470937,,bfgs,11,True,6.8374861328379664e-12,True,0.24845162798966913,bernoulli,bernoulli,3,completed
rep06,start_B,3,bernoulli,-49.17094429524373,98.34188859048746,,bfgs,9,True,8.953282559787112e-13,True,0.5710660469233404,bernoulli,bernoulli,4,completed
rep06,start_B,3,poisson,-72.57242538854844,145.14485077709688,,bfgs,11,True,9.122196331645682e-11,True,0.25878777612566667,bernoulli,bernoulli,4,completed
rep06,start_B,4,bernoulli,-46.382928707639415,92.76585741527883,,bfgs,6,False,1.8921356743639705e-07,False,0.9108028567883342,bernoulli,bernoulli,4,completed
rep06,start_B,4,poisson,-73.1410803934604,146.2821607869208,,bfgs,13,True,1.0815567330624276e-10,False,0.3165374844061845,bernoulli,bernoulli,4,completed
rep06,start_B,5,bernoulli,-49.78670639041417,99.57341278082833,,bfgs,7,False,5.5116191155502034e-08,False,0.5170314834502799,bernoulli,bernoulli,4,completed
rep06,start_B,5,poisson,-73.6401011050961,147.2802022101922,,bfgs,12,True,8.125891071131263e-11,True,0.2234129991603632,bernoulli,bernoulli,4,completed
rep06,start_B,6,bernoulli,-49.62348979827057,99.24697959654114,,bfgs,9,True,8.176759269673539e-11,True,0.678536414574979,bernoulli,bernoulli,4,completed
rep06,start_B,6,poisson,-71.92802810207766,143.85605620415532,,bfgs,9,False,1.00473863895445e-08,False,0.38533449724975954,bernoulli,bernoulli,4,completed
rep06,start_B,7,bernoulli,-46.28095758176731,92.56191516353462,,bfgs,9,True,3.4785663238778855e-11,True,1.2004320063625649,bernoulli,bernoulli,4,completed
rep06,start_B,7,poisson,-71.30241436738632,142.60482873477264,,bfgs,9,True,1.1579715852860773e-09,False,0.46352266929799346,bernoulli,bernoulli,4,completed
rep06,start_B,8,bernoulli,-44.125917606647064,88.25183521329413,,bfgs,8,True,5.93011861838022e-11,True,1.1382350779832187,bernoulli,bernoulli,4,completed
rep06,start_B,8,poisson,-70.84018103689601,141.68036207379203,,bfgs,11,True,2.6734063851563404e-10,False,0.4107557085502672,bernoulli,bernoulli,4,completed
rep06,start_B,3,bernoulli,-48.74041559616129,97.48083119232258,,bfgs,10,True,2.1529444893531036e-13,True,0.6430261720906553,bernoulli,bernoulli,5,completed
rep06,start_B,3,poisson,-72.80222336566251,145.60444673132503,,bfgs,12,True,4.381989104906836e-10,False,0.22570622691385328,bernoulli,bernoulli,5,completed
rep06,start_B,4,bernoulli,-44.96698812398396,89.93397624796792,,bfgs,9,True,2.1468515853939607e-10,False,1.0807375657847937,bernoulli,bernoulli,5,completed
rep06,start_B,4,poisson,-73.38270801419628,146.76541602839256,,bfgs,12,True,2.0522490373764413e-09,False,0.2660455453276945,bernoulli,bernoulli,5,completed
rep06,start_B,5,bernoulli,-49.539167243121895,99.07833448624379,,bfgs,9,True,1.1585775894218386e-09,False,0.5113726564897622,bernoulli,bernoulli,5,completed
rep06,start_B,5,poisson,-73.34790265594741,146.69580531189482,,bfgs,12,False,1.6141080594334056e-08,False,0.22765238794973572,bernoulli,bernoulli,5,completed
rep06,start_B,6,bernoulli,-49.73638404617638,99.47276809235277,,bfgs,10,True,1.9066398460054757e-11,True,0.619836058137009,bernoulli,bernoulli,5,completed
rep06,start_B,6,poisson,-72.8484836639328,145.6969673278656,,bfgs,10,True,2.1651559323210277e-09,False,0.2797744707768633,bernoulli,bernoulli,5,completed
rep06,start_B,7,bernoulli,-48.501980983426165,97.00396196685233,,bfgs,9,True,3.608097154383927e-11,True,0.7542350132829544,bernoulli,bernoulli,5,completed
rep06,start_B,7,poisson,-73.33438136436068,146.66876272872136,,bfgs,15,False,1.7017673911712273e-08,False,0.2665000032620686,bernoulli,bernoulli,5,completed
rep06,start_B,8,bernoulli,-44.03908207567805,88.0781641513561,,bfgs,10,True,6.727757240199139e-12,True,1.06197344108992,bernoulli,bernoulli,5,completed
rep06,start_B,8,poisson,-71.91042749198013,143.82085498396026,,bfgs,13,True,1.619257183893552e-09,False,0.30359822755136506,bernoulli,bernoulli,5,completed
rep07,start_B,3,bernoulli,-50.581003512679146,101.16200702535829,,bfgs,4,True,9.777334497584888e-12,True,0.39826686289988866,bernoulli,bernoulli,1,completed
rep07,start_B,3,poisson,-74.21015812702112,148.42031625404223,,bfgs,4,True,4.917399820669743e-13,True,0.14710889872958213,bernoulli,bernoulli,1,completed
rep07,start_B,4,bernoulli,-51.875470910324076,103.75094182064815,,bfgs,4,False,1.8371861276733624e-08,False,0.10883988923459222,bernoulli,bernoulli,1,completed
rep07,start_B,4,poisson,-74.78578856813185,149.5715771362637,,bfgs,4,True,6.663292140274279e-12,True,0.07626128124326663,bernoulli,bernoulli,1,completed
rep07,start_B,5,bernoulli,-51.466453927281485,102.93290785456297,,bfgs,4,True,1.1457501614131616e-14,True,0.23788460712841178,bernoulli,bernoulli,1,completed
rep07,start_B,5,poisson,-74.56722024014216,149.13444048028433,,bfgs,4,True,2.3998580900297383e-13,True,0.10867310297918358,bernoulli,bernoulli,1,completed
rep07,start_B,6,bernoulli,-48.35251226390547,96.70502452781093,,bfgs,4,True,1.4879653065236198e-11,True,0.6708121801688417,bernoulli,bernoulli,1,completed
rep07,start_B,6,poisson,-73.47063138472663,146.94126276945326,,bfgs,5,True,7.105427357601002e-16,True,0.20490934336109473,bernoulli,bernoulli,1,completed
rep07,start_B,7,bernoulli,-47.43121739105452,94.86243478210903,,bfgs,4,True,9.801848221968612e-11,True,0.7659604590482978,bernoulli,bernoulli,1,completed
rep07,start_B,7,poisson,-74.46273628651261,148.92547257302522,,bfgs,7,True,1.5987211554602255e-15,True,0.11712101867121023,bernoulli,bernoulli,1,completed
rep07,start_B,8,bernoulli,-51.98455603737331,103.96911207474662,,bfgs,3,True,4.080291660102375e-13,True,0.012575499593588347,bernoulli,bernoulli,1,completed
rep07,start_B,8,poisson,-74.92379456851454,149.84758913702908,,bfgs,4,True,1.198552368464334e-11,True,0.04534331641869538,bernoulli,bernoulli,1,completed
rep07,start_B,3,bernoulli,-50.22205197419327,100.44410394838654,,bfgs,5,True,1.3251266750557989e-11,True,0.4491516805539705,bernoulli,bernoulli,2,completed
rep07,start_B,3,poisson,-73.95251039633254,147.90502079266508,,bfgs,6,True,2.9096725029376105e-13,True,0.17026935993185377,bernoulli,bernoulli,2,completed
rep07,start_B,4,bernoulli,-51.792059172773726,103.58411834554745,,bfgs,6,True,8.754508229458224e-11,True,0.1451705962980152,bernoulli,bernoulli,2,completed
rep07,start_B,4,poisson,-74.65476377222392,149.30952754444783,,bfgs,6,True,2.2826185386293218e-14,True,0.09747902817085714,bernoulli,bernoulli,2,completed
rep07,start_B,5,bernoulli,-48.362847891586306,96.72569578317261,,bfgs,6,True,3.483080490696011e-12,True,0.6611811379832014,bernoulli,bernoulli,2,completed
rep07,start_B,5,poisson,-73.36097747815771,146.72195495631541,,bfgs,6,True,8.563372233538757e-13,True,0.21299744015265534,bernoulli,bernoulli,2,completed
rep07,start_B,6,bernoulli,-48.3953859088925,96.790771817785,,bfgs,5,True,1.720485975909014e-11,True,0.6644697262969678,bernoulli,bernoulli,2,completed
rep07,start_B,6,poisson,-73.40777511325864,146.81555022651727,,bfgs,7,True,2.4863907377437045e-09,False,0.20921824616425044,bernoulli,bernoulli,2,completed
rep07,start_B,7,bernoulli,-44.70885220782143,89.41770441564286,,bfgs,5,True,1.461986087747391e-11,True,1.0097065485065508,bernoulli,bernoulli,2,completed
rep07,start_B,7,poisson,-73.33987577088524,146.6797515417705,,bfgs,10,True,3.2740476996195866e-13,True,0.20855270101160353,bernoulli,bernoulli,2,completed
rep07,start_B,8,bernoulli,-50.351658808596234,100.70331761719247,,bfgs,6,True,3.212736743307687e-11,True,0.4299711805837574,bernoulli,bernoulli,2,completed
rep07,start_B,8,poisson,-74.25349070525488,148.50698141050975,,bfgs,6,True,4.571276690512605e-12,True,0.14280855232541476,bernoulli,bernoulli,2,completed
rep07,start_B,3,bernoulli,-48.8769164169869,97.7538328339738,,bfgs,6,True,8.488854064125917e-12,True,0.644886744679481,bernoulli,bernoulli,3,completed
rep07,start_B,3,poisson,-73.46616846421172,146.93233692842344,,bfgs,6,False,5.42068534059581e-08,False,0.21375060324544104,bernoulli,bernoulli,3,completed
rep07,start_B,4,bernoulli,-50.584115722306585,101.16823144461317,,bfgs,8,True,3.192166531107432e-11,True,0.4434352011417113,bernoulli,bernoulli,3,completed
rep07,start_B,4,poisson,-74.14519871159315,148.2903974231863,,bfgs,8,True,3.433484607739956e-11,True,0.16370408079980447,bernoulli,bernoulli,3,completed
rep07,start_B,5,bernoulli,-44.03093858032241,88.06187716064483,,bfgs,7,False,1.8753050667896787e-08,False,1.1927125472559692,bernoulli,bernoulli,3,completed
rep07,start_B,5,poisson,-72.77415787811995,145.5483157562399,,bfgs,10,True,3.8667939517011975e-09,False,0.24686394806724068,bernoulli,bernoulli,3,completed
rep07,start_B,6,bernoulli,-48.48656871716653,96.97313743433305,,bfgs,7,True,1.7800156904002052e-10,False,0.6169484212951858,bernoulli,bernoulli,3,completed
rep07,start_B,6,poisson,-73.54590923311657,147.09181846623315,,bfgs,11,True,3.8106167110640853e-10,False,0.19012164981339097,bernoulli,bernoulli,3,completed
rep07,start_B,7,bernoulli,-44.20183726193947,88.40367452387893,,bfgs,7,True,6.104929894945598e-11,True,1.028308610908963,bernoulli,bernoulli,3,completed
rep07,start_B,7,poisson,-73.35415291920063,146.70830583840126,,bfgs,10,True,1.612696964858884e-09,False,0.19889425410256276,bernoulli,bernoulli,3,completed
rep07,start_B,8,bernoulli,-49.55647879510091,99.11295759020182,,bfgs,8,True,6.0471716523125e-11,True,0.5627015916132605,bernoulli,bernoulli,3,completed
rep07,start_B,8,poisson,-73.92882372117462,147.85764744234925,,bfgs,9,True,9.529440170297222e-09,False,0.17789105125993077,bernoulli,bernoulli,3,completed
rep07,start_B,3,bernoulli,-47.90160708345081,95.80321416690163,,bfgs,8,True,1.2046248443198238e-09,False,0.8228784673870799,bernoulli,bernoulli,4,completed
rep07,start_B,3,poisson,-71.02054857251161,142.04109714502323,,bfgs,8,True,7.071676577652398e-13,True,0.4239793135018735,bernoulli,bernoulli,4,completed
rep07,start_B,4,bernoulli,-47.37918839140515,94.7583767828103,,bfgs,8,True,3.4191691256069136e-09,False,1.0222152765647872,bernoulli,bernoulli,4,completed
rep07,start_B,4,poisson,-73.93905803119243,147.87811606238486,,bfgs,12,True,5.617915244116034e-10,False,0.17313542402342635,bernoulli,bernoulli,4,completed
rep07,start_B,5,bernoulli,-44.507651262138154,89.01530252427631,,bfgs,9,False,1.2206858368557504e-08,False,1.074304410944082,bernoulli,bernoulli,4,completed
rep07,start_B,5,poisson,-71.64852554492177,143.29705108984354,,bfgs,9,False,5.1686927338145947e-08,False,0.3694873369543793,bernoulli,bernoulli,4,completed
rep07,start_B,6,bernoulli,-48.119645280037005,96.23929056007401,,bfgs,8,True,4.152336252616351e-11,True,0.6294962381747606,bernoulli,bernoulli,4,completed
rep07,start_B,6,poisson,-72.92172689710085,145.8434537942017,,bfgs,10,True,7.481490982286232e-11,True,0.2541318721758271,bernoulli,bernoulli,4,completed
rep07,start_B,7,bernoulli,-41.55407214443032,83.10814428886064,,bfgs,8,True,2.781629149239961e-10,False,1.3742980626453707,bernoulli,bernoulli,4,completed
rep07,start_B,7,poisson,-73.4424096797831,146.8848193595662,,bfgs,12,True,8.599850237489549e-09,False,0.18254643646214355,bernoulli,bernoulli,4,completed
rep07,start_B,8,bernoulli,-49.01088484530016,98.02176969060032,,bfgs,8,True,2.691733502757643e-10,False,0.6641986459784658,bernoulli,bernoulli,4,completed
rep07,start_B,8,poisson,-71.81125275315611,143.62250550631222,,bfgs,9,True,1.6532535340729736e-10,False,0.38104695253313126,bernoulli,bernoulli,4,completed
rep07,start_B,3,bernoulli,-46.357628599226665,92.71525719845333,,bfgs,10,True,9.974336911966475e-11,True,0.9550697800619949,bernoulli,bernoulli,5,completed
rep07,start_B,3,poisson,-72.0404558506661,144.0809117013322,,bfgs,14,True,1.328146925771989e-10,False,0.33088431137088387,bernoulli,bernoulli,5,completed
rep07,start_B,4,bernoulli,-46.52616945271264,93.05233890542527,,bfgs,10,True,4.85731455057703e-12,True,1.07173158367925,bernoulli,bernoulli,5,completed
rep07,start_B,4,poisson,-73.51335101702655,147.0267020340531,,bfgs,11,True,3.3452981273995875e-09,False,0.22050146880278917,bernoulli,bernoulli,5,completed
rep07,start_B,5,bernoulli,-43.11803380594828,86.23606761189656,,bfgs,9,True,1.6532160085347415e-10,False,1.1609856585465035,bernoulli,bernoulli,5,completed
rep07,start_B,5,poisson,-72.03947572915844,144.07895145831688,,bfgs,13,True,9.855494198518499e-12,True,0.31084844603741346,bernoulli,bernoulli,5,completed
rep07,start_B,6,bernoulli,-46.51764091684164,93.03528183368329,,bfgs,9,False,7.747354646703286e-08,False,0.846349704259235,bernoulli,bernoulli,5,completed
rep07,start_B,6,poisson,-73.0764025602579,146.1528051205158,,bfgs,14,True,2.9979256410683776e-09,False,0.21439350593160417,bernoulli,bernoulli,5,completed
rep07,start_B,7,bernoulli,-40.18094521480466,80.36189042960932,,bfgs,9,True,4.3475134603454536e-11,True,1.4907464135125583,bernoulli,bernoulli,5,completed
rep07,start_B,7,poisson,-73.13849568651149,146.27699137302298,,bfgs,14,True,4.607499159980932e-10,False,0.20200221792308468,bernoulli,bernoulli,5,completed
rep07,start_B,8,bernoulli,-48.76312740547878,97.52625481095755,,bfgs,9,True,4.3535131055705276e-11,True,0.6566794483950371,bernoulli,bernoulli,5,completed
rep07,start_B,8,poisson,-72.88717039162896,145.7743407832579,,bfgs,12,True,6.846860856057902e-11,True,0.28154680081975236,bernoulli,bernoulli,5,completed
rep08,start_B,3,bernoulli,-51.17047579336344,102.34095158672687,,bfgs,4,True,2.575717417130363e-15,True,0.3005480395479573,bernoulli,bernoulli,1,completed
rep08,start_B,3,poisson,-74.6452815953314,149.2905631906628,,bfgs,5,True,1.7763568394002505e-15,True,0.09668437157050457,bernoulli,bernoulli,1,completed
rep08,start_B,4,bernoulli,-51.90633234402357,103.81266468804714,,bfgs,4,True,3.0615510127063316e-13,True,0.09237530053168122,bernoulli,bernoulli,1,completed
rep08,start_B,4,poisson,-74.9999489177715,149.999897835543,,bfgs,4,True,3.5538683107461113e-12,True,0.0011671026269284175,bernoulli,bernoulli,1,completed
rep08,start_B,5,bernoulli,-48.05680513407204,96.11361026814409,,bfgs,4,True,1.1812772982011666e-14,True,0.7098729761634728,bernoulli,bernoulli,1,completed
rep08,start_B,5,poisson,-74.33978849868,148.67957699736,,bfgs,7,True,4.440892098500626e-16,True,0.13203840899231523,bernoulli,bernoulli,1,completed
rep08,start_B,6,bernoulli,-51.5715584641283,103.1431169282566,,bfgs,4,True,3.21616511200773e-11,True,0.2122804311960057,bernoulli,bernoulli,1,completed
rep08,start_B,6,poisson,-74.97017942886296,149.94035885772593,,bfgs,4,True,1.791637949111191e-11,True,0.02820557131379099,bernoulli,bernoulli,1,completed
rep08,start_B,7,bernoulli,-51.587621590188334,103.17524318037667,,bfgs,4,True,1.2567724638756772e-14,True,0.20804922678563095,bernoulli,bernoulli,1,completed
rep08,start_B,7,poisson,-74.97229625963516,149.94459251927032,,bfgs,4,True,2.1123991444937928e-12,True,0.027186165844001367,bernoulli,bernoulli,1,completed
rep08,start_B,8,bernoulli,-51.95899903492153,103.91799806984307,,bfgs,3,True,2.34088304296165e-12,True,0.05373825031139278,bernoulli,bernoulli,1,completed
rep08,start_B,8,poisson,-74.9956422813638,149.9912845627276,,bfgs,4,True,2.213340621892712e-13,True,0.010777054442913611,bernoulli,bernoulli,1,completed
rep08,start_B,3,bernoulli,-42.86546194140393,85.73092388280786,,bfgs,6,True,4.785505325344274e-13,True,1.1580255546451361,bernoulli,bernoulli,2,completed
rep08,start_B,3,poisson,-73.33058039118247,146.66116078236493,,bfgs,10,True,1.8415757807588306e-11,True,0.20809791871642624,bernoulli,bernoulli,2,completed
rep08,start_B,4,bernoulli,-51.85402093861385,103.7080418772277,,bfgs,6,True,5.151434834260726e-15,True,0.1169176243632937,bernoulli,bernoulli,2,completed
rep08,start_B,4,poisson,-74.9428421302775,149.885684260555,,bfgs,5,True,6.890217257859987e-10,False,0.03970494240860161,bernoulli,bernoulli,2,completed
rep08,start_B,5,bernoulli,-47.97016455363325,95.9403291072665,,bfgs,6,True,5.4711790653527716e-14,True,0.7025744162345696,bernoulli,bernoulli,2,completed
rep08,start_B,5,poisson,-74.34292515015333,148.68585030030667,,bfgs,8,True,2.54906984409331e-10,False,0.13052152457997543,bernoulli,bernoulli,2,completed
rep08,start_B,6,bernoulli,-50.22291843013907,100.44583686027813,,bfgs,4,True,2.0383515320077093e-09,False,0.4497334728192829,bernoulli,bernoulli,2,completed
rep08,start_B,6,poisson,-74.7975259573716,149.5950519147432,,bfgs,6,True,7.21747994703037e-11,True,0.0734121812252891,bernoulli,bernoulli,2,completed
rep08,start_B,7,bernoulli,-51.77627232672502,103.55254465345004,,bfgs,6,True,1.7763568394002505e-15,True,0.1484167455867631,bernoulli,bernoulli,2,completed
rep08,start_B,7,poisson,-74.97192543969027,149.94385087938053,,bfgs,5,True,7.244304001119417e-09,False,0.027331032170327663,bernoulli,bernoulli,2,completed
rep08,start_B,8,bernoulli,-51.92722252389569,103.85444504779139,,bfgs,5,True,2.6594474622498864e-09,False,0.0790048983352407,bernoulli,bernoulli,2,completed
rep08,start_B,8,poisson,-74.9207401195574,149.8414802391148,,bfgs,6,True,3.5617535587562087e-10,False,0.04711801333131035,bernoulli,bernoulli,2,completed
rep08,start_B,3,bernoulli,-40.41356081129129,80.82712162258258,,bfgs,7,True,2.175117774783075e-09,False,1.3983016646325401,bernoulli,bernoulli,3,completed
rep08,start_B,3,poisson,-73.00453473059386,146.00906946118772,,bfgs,11,False,7.430661881357992e-08,False,0.22212337570069773,bernoulli,bernoulli,3,completed
rep08,start_B,4,bernoulli,-50.64984279264819,101.29968558529637,,bfgs,8,True,2.942535104466515e-13,True,0.40362289869995666,bernoulli,bernoulli,3,completed
rep08,start_B,4,poisson,-74.5083816290289,149.0167632580578,,bfgs,7,True,6.528599882926756e-11,True,0.12030823397788855,bernoulli,bernoulli,3,completed
rep08,start_B,5,bernoulli,-38.63084679408259,77.26169358816519,,bfgs,6,False,3.330226512332502e-08,False,1.6353718718688304,bernoulli,bernoulli,3,completed
rep08,start_B,5,poisson,-72.60250571265081,145.20501142530162,,bfgs,10,False,4.4348114645875736e-07,False,0.24444737690657448,bernoulli,bernoulli,3,completed
rep08,start_B,6,bernoulli,-48.92433146067337,97.84866292134674,,bfgs,8,True,1.9087309510723573e-11,True,0.6143945154711175,bernoulli,bernoulli,3,completed
rep08,start_B,6,poisson,-74.15656543973508,148.31313087947015,,bfgs,11,True,1.354028000832841e-10,False,0.15342962829387355,bernoulli,bernoulli,3,completed
rep08,start_B,7,bernoulli,-49.77875958227697,99.55751916455394,,bfgs,7,True,7.841256532969964e-11,True,0.5276183548929944,bernoulli,bernoulli,3,completed
rep08,start_B,7,poisson,-74.58403987769941,149.16807975539882,,bfgs,13,True,4.1015102425490114e-11,True,0.10645183120049871,bernoulli,bernoulli,3,completed
rep08,start_B,8,bernoulli,-51.59751499222648,103.19502998445296,,bfgs,7,True,7.629452625224076e-14,True,0.21370571068229152,bernoulli,bernoulli,3,completed
rep08,start_B,8,poisson,-74.81982975458499,149.63965950916997,,bfgs,7,True,4.60929072687577e-11,True,0.07320230888523489,bernoulli,bernoulli,3,completed
rep08,start_B,3,bernoulli,-39.51643016052683,79.03286032105366,,bfgs,8,True,2.8053737111122246e-11,True,1.514953075765813,bernoulli,bernoulli,4,completed
rep08,start_B,3,poisson,-72.40831446769612,144.81662893539223,,bfgs,15,True,9.772882059166931e-10,False,0.27271040327674445,bernoulli,bernoulli,4,completed
rep08,start_B,4,bernoulli,-49.999768760909085,99.99953752181817,,bfgs,9,True,3.997513431386324e-12,True,0.6483806945966033,bernoulli,bernoulli,4,completed
rep08,start_B,4,poisson,-74.60985735336425,149.2197147067285,,bfgs,11,True,5.671622470976301e-09,False,0.1320155560916745,bernoulli,bernoulli,4,completed
rep08,start_B,5,bernoulli,-33.711220797695894,67.42244159539179,,bfgs,8,False,2.5009845394663445e-08,False,2.3565217992379734,bernoulli,bernoulli,4,completed
rep08,start_B,5,poisson,-72.07999989837174,144.15999979674348,,bfgs,18,False,2.8080060066049128e-08,False,0.2876647461217501,bernoulli,bernoulli,4,completed
rep08,start_B,6,bernoulli,-49.383796389503765,98.76759277900753,,bfgs,8,True,2.4804672094091982e-09,False,0.5421109187140148,bernoulli,bernoulli,4,completed
rep08,start_B,6,poisson,-74.55498572181826,149.1099714436365,,bfgs,10,True,1.2787311653994494e-09,False,0.10454431203845439,bernoulli,bernoulli,4,completed
rep08,start_B,7,bernoulli,-49.38422183280563,98.76844366561126,,bfgs,8,True,4.136246900543483e-13,True,0.5400372752527778,bernoulli,bernoulli,4,completed
rep08,start_B,7,poisson,-74.43951292498552,148.87902584997104,,bfgs,9,True,5.2558668528490673e-11,True,0.11743383324962943,bernoulli,bernoulli,4,completed
rep08,start_B,8,bernoulli,-51.21163168069832,102.42326336139664,,bfgs,9,True,1.3715695246219185e-13,True,0.3146213699068335,bernoulli,bernoulli,4,completed
rep08,start_B,8,poisson,-74.74167782869678,149.48335565739356,,bfgs,9,True,2.24098073431378e-11,True,0.09358917295835911,bernoulli,bernoulli,4,completed
rep08,start_B,3,bernoulli,-39.195795038397264,78.39159007679453,,bfgs,10,False,1.3985621816203776e-08,False,1.4156622932212082,bernoulli,bernoulli,5,completed
rep08,start_B,3,poisson,-72.47716936061832,144.95433872123664,,bfgs,14,False,1.7037529609353896e-08,False,0.26849073562521636,bernoulli,bernoulli,5,completed
rep08,start_B,4,bernoulli,-50.42590879746068,100.85181759492136,,bfgs,9,True,2.454241254667977e-10,False,0.43334446813649974,bernoulli,bernoulli,5,completed
rep08,start_B,4,poisson,-74.45173693508757,148.90347387017513,,bfgs,12,True,2.6479760606434864e-10,False,0.12609271134953376,bernoulli,bernoulli,5,completed
rep08,start_B,5,bernoulli,-32.964476099467575,65.92895219893515,,bfgs,11,True,2.1402591698915786e-09,False,2.210960131598112,bernoulli,bernoulli,5,completed
rep08,start_B,5,poisson,-72.40995167690508,144.81990335381016,,bfgs,28,False,4.175083503366039e-08,False,0.24252094911842179,bernoulli,bernoulli,5,completed
rep08,start_B,6,bernoulli,-48.4899430694212,96.9798861388424,,bfgs,10,True,1.0673009143147282e-10,False,0.6799913049134537,bernoulli,bernoulli,5,completed
rep08,start_B,6,poisson,-73.92145955079513,147.84291910159027,,bfgs,15,True,7.4252679116426636e-09,False,0.19946811168704795,bernoulli,bernoulli,5,completed
rep08,start_B,7,bernoulli,-45.82901037082313,91.65802074164625,,bfgs,10,True,6.249667450219931e-13,True,1.081040730025152,bernoulli,bernoulli,5,completed
rep08,start_B,7,poisson,-73.31548974549082,146.63097949098164,,bfgs,14,True,3.744426990692773e-12,True,0.26746257522337946,bernoulli,bernoulli,5,completed
rep08,start_B,8,bernoulli,-50.324135297458206,100.64827059491641,,bfgs,9,True,1.658812198712667e-09,False,0.5869291838216523,bernoulli,bernoulli,5,completed
rep08,start_B,8,poisson,-74.6504800740471,149.3009601480942,,bfgs,10,True,4.1117029780934897e-10,False,0.10933689116356983,bernoulli,bernoulli,5,completed
rep09,start_B,3,bernoulli,-51.97092606633578,103.94185213267156,,bfgs,3,True,1.247677516857948e-11,True,0.04015889016112046,bernoulli,bernoulli,1,completed
rep09,start_B,3,poisson,-74.6744845816228,149.3489691632456,,bfgs,4,True,3.682831817286569e-13,True,0.09382380713930828,bernoulli,bernoulli,1,completed
rep09,start_B,4,bernoulli,-51.65884349853684,103.31768699707368,,bfgs,3,True,3.8407055313882666e-13,True,0.18774950356649106,bernoulli,bernoulli,1,completed
rep09,start_B,4,poisson,-74.95084838654061,149.90169677308123,,bfgs,5,True,7.189377981831058e-10,False,0.036323143450822694,bernoulli,bernoulli,1,completed
rep09,start_B,5,bernoulli,-51.93757295543749,103.87514591087498,,bfgs,4,True,0.0,True,0.07195324694760462,bernoulli,bernoulli,1,completed
rep09,start_B,5,poisson,-74.84163039448575,149.6832607889715,,bfgs,4,True,1.10553344256914e-11,True,0.06533781912228408,bernoulli,bernoulli,1,completed
rep09,start_B,6,bernoulli,-51.87055049785489,103.74110099570979,,bfgs,4,True,2.531308496145357e-15,True,0.11118448516736776,bernoulli,bernoulli,1,completed
rep09,start_B,6,poisson,-74.53800441501866,149.07600883003732,,bfgs,4,True,3.0198066269804257e-15,True,0.11186286916645286,bernoulli,bernoulli,1,completed
rep09,start_B,7,bernoulli,-51.01103002607559,102.02206005215118,,bfgs,4,True,6.217248937900876e-16,True,0.32733827640499225,bernoulli,bernoulli,1,completed
rep09,start_B,7,poisson,-73.99214567504882,147.98429135009764,,bfgs,4,True,9.970690939553605e-13,True,0.1654255994706594,bernoulli,bernoulli,1,completed
rep09,start_B,8,bernoulli,-50.542630486480974,101.08526097296195,,bfgs,4,True,7.367839671701404e-11,True,0.4011817605076326,bernoulli,bernoulli,1,completed
rep09,start_B,8,poisson,-73.76807782947802,147.53615565895603,,bfgs,5,True,1.0658141036401502e-15,True,0.18290140089609994,bernoulli,bernoulli,1,completed
rep09,start_B,3,bernoulli,-46.820008957543266,93.64001791508653,,bfgs,6,True,1.198507959543349e-12,True,0.8136390496216838,bernoulli,bernoulli,2,completed
rep09,start_B,3,poisson,-74.07049492654994,148.14098985309988,,bfgs,9,True,3.6420111371171516e-11,True,0.1579647554616583,bernoulli,bernoulli,2,completed
rep09,start_B,4,bernoulli,-51.6611312642426,103.3222625284852,,bfgs,6,True,9.159784042367391e-13,True,0.18846646212982687,bernoulli,bernoulli,2,completed
rep09,start_B,4,poisson,-74.79644798274178,149.59289596548356,,bfgs,7,True,8.076342372653756e-12,True,0.0746369468371842,bernoulli,bernoulli,2,completed
rep09,start_B,5,bernoulli,-47.02577278969088,94.05154557938177,,bfgs,4,False,1.7671914065431336e-08,False,0.7903623620738791,bernoulli,bernoulli,2,completed
rep09,start_B,5,poisson,-72.52794123574625,145.0558824714925,,bfgs,10,True,4.796163466380676e-14,True,0.26391191132217956,bernoulli,bernoulli,2,completed
rep09,start_B,6,bernoulli,-46.5152973526469,93.0305947052938,,bfgs,5,True,6.816769371198461e-14,True,0.8347404995642101,bernoulli,bernoulli,2,completed
rep09,start_B,6,poisson,-72.20116569632303,144.40233139264606,,bfgs,9,True,2.688418931917624e-13,True,0.282797429863976,bernoulli,bernoulli,2,completed
rep09,start_B,7,bernoulli,-47.41784263034938,94.83568526069875,,bfgs,5,True,2.8843594179761567e-13,True,0.7664363349200098,bernoulli,bernoulli,2,completed
rep09,start_B,7,poisson,-73.83383366465152,147.66766732930304,,bfgs,10,True,9.879030926640553e-11,True,0.17786931681453083,bernoulli,bernoulli,2,completed
rep09,start_B,8,bernoulli,-46.65922288608916,93.31844577217832,,bfgs,6,True,1.0597265287515257e-10,False,0.8242001307500136,bernoulli,bernoulli,2,completed
rep09,start_B,8,poisson,-71.857313331041,143.714626662082,,bfgs,8,True,5.775921962936081e-11,True,0.30444669487696174,bernoulli,bernoulli,2,completed
rep09,start_B,3,bernoulli,-47.48993912656217,94.97987825312434,,bfgs,7,True,1.1109957398502957e-11,True,0.749561756930535,bernoulli,bernoulli,3,completed
rep09,start_B,3,poisson,-74.14227265741593,148.28454531483186,,bfgs,11,True,4.098126282769954e-11,True,0.14710330832425794,bernoulli,bernoulli,3,completed
rep09,start_B,4,bernoulli,-51.709622375312335,103.41924475062467,,bfgs,8,True,2.0089441221671223e-11,True,0.1658992569246186,bernoulli,bernoulli,3,completed
rep09,start_B,4,poisson,-74.60308062799425,149.2061612559885,,bfgs,9,True,4.307554313243145e-13,True,0.1102854317349869,bernoulli,bernoulli,3,completed
rep09,start_B,5,bernoulli,-46.65694210995396,93.31388421990792,,bfgs,6,True,2.1368613545291738e-10,False,0.8522571928840054,bernoulli,bernoulli,3,completed
rep09,start_B,5,poisson,-72.17238598430639,144.34477196861278,,bfgs,10,False,2.157109737055407e-07,False,0.28931568206392827,bernoulli,bernoulli,3,completed
rep09,start_B,6,bernoulli,-46.544589360842124,93.08917872168425,,bfgs,7,True,2.2033574964552825e-11,True,0.8213403541164929,bernoulli,bernoulli,3,completed
rep09,start_B,6,poisson,-72.29156677751712,144.58313355503424,,bfgs,12,True,1.801573085158381e-10,False,0.27775513342696034,bernoulli,bernoulli,3,completed
rep09,start_B,7,bernoulli,-42.79287300613113,85.58574601226226,,bfgs,8,True,4.089728555811689e-12,True,1.2471696853789038,bernoulli,bernoulli,3,completed
rep09,start_B,7,poisson,-73.51438866668357,147.02877733336715,,bfgs,11,True,2.782025010361622e-09,False,0.19710494206262588,bernoulli,bernoulli,3,completed
rep09,start_B,8,bernoulli,-45.13836367920727,90.27672735841455,,bfgs,8,True,1.3289467304389291e-10,False,0.9273570019284467,bernoulli,bernoulli,3,completed
rep09,start_B,8,poisson,-72.0814641746226,144.1629283492452,,bfgs,11,True,2.0954917800963812e-10,False,0.2813019482530217,bernoulli,bernoulli,3,completed
rep09,start_B,3,bernoulli,-46.28685897194167,92.57371794388334,,bfgs,9,True,5.986144913094904e-12,True,0.9112879884965107,bernoulli,bernoulli,4,completed
rep09,start_B,3,poisson,-73.52157208853214,147.04314417706428,,bfgs,13,True,9.280773483055782e-10,False,0.2198336466000519,bernoulli,bernoulli,4,completed
rep09,start_B,4,bernoulli,-51.02985996330357,102.05971992660714,,bfgs,9,True,1.058327647740498e-10,False,0.38227913491356397,bernoulli,bernoulli,4,completed
rep09,start_B,4,poisson,-74.70544263454153,149.41088526908305,,bfgs,10,True,1.7911988559049519e-10,False,0.09184394849312986,bernoulli,bernoulli,4,completed
rep09,start_B,5,bernoulli,-46.86081909670978,93.72163819341957,,bfgs,8,True,8.82803341539784e-10,False,0.7870252867803468,bernoulli,bernoulli,4,completed
rep09,start_B,5,poisson,-71.9845739715914,143.9691479431828,,bfgs,12,False,3.1433986080742216e-08,False,0.29627358141721766,bernoulli,bernoulli,4,completed
rep09,start_B,6,bernoulli,-46.577241414665686,93.15448282933137,,bfgs,9,True,4.153655197569606e-12,True,0.771647754313296,bernoulli,bernoulli,4,completed
rep09,start_B,6,poisson,-72.13583579157454,144.27167158314907,,bfgs,12,False,5.890590963897324e-08,False,0.2758599354839393,bernoulli,bernoulli,4,completed
rep09,start_B,7,bernoulli,-41.07299940926548,82.14599881853096,,bfgs,8,True,1.9623540570279373e-10,False,1.3734507325171077,bernoulli,bernoulli,4,completed
rep09,start_B,7,poisson,-73.06688573437452,146.13377146874905,,bfgs,11,True,1.3606893389805918e-13,True,0.23478289130507374,bernoulli,bernoulli,4,completed
rep09,start_B,8,bernoulli,-42.718707419671944,85.43741483934389,,bfgs,8,True,9.121725597083241e-12,True,1.1165285343621143,bernoulli,bernoulli,4,completed
rep09,start_B,8,poisson,-71.54504313967439,143.09008627934878,,bfgs,14,True,9.738894135580267e-11,True,0.2871709689654937,bernoulli,bernoulli,4,completed
rep09,start_B,3,bernoulli,-46.18267692761484,92.36535385522969,,bfgs,9,True,6.018074927283124e-10,False,0.8108004695370556,bernoulli,bernoulli,5,completed
rep09,start_B,3,poisson,-73.93671875093355,147.8734375018671,,bfgs,14,True,9.782493037846507e-10,False,0.16583684326526205,bernoulli,bernoulli,5,completed
rep09,start_B,4,bernoulli,-49.67786838303323,99.35573676606646,,bfgs,10,True,1.015469486276288e-10,False,0.5810266661694867,bernoulli,bernoulli,5,completed
rep09,start_B,4,poisson,-74.39569651344122,148.79139302688245,,bfgs,11,True,4.0971065262684904e-09,False,0.14978463695075026,bernoulli,bernoulli,5,completed
rep09,start_B,5,bernoulli,-45.54760507520888,91.09521015041776,,bfgs,9,True,1.8582255734145293e-10,False,0.9036222200405755,bernoulli,bernoulli,5,completed
rep09,start_B,5,poisson,-71.70862995273194,143.41725990546388,,bfgs,15,True,2.862331260899964e-10,False,0.29542017477594984,bernoulli,bernoulli,5,completed
rep09,start_B,6,bernoulli,-43.30085817201033,86.60171634402066,,bfgs,10,True,5.60452706466208e-10,False,1.1700656360183885,bernoulli,bernoulli,5,completed
rep09,start_B,6,poisson,-71.71004277513224,143.42008555026447,,bfgs,14,True,3.5634519779392806e-10,False,0.2797148967100348,bernoulli,bernoulli,5,completed
rep09,start_B,7,bernoulli,-39.137369972852646,78.27473994570529,,bfgs,8,True,7.696221993036545e-11,True,1.6324207579436627,bernoulli,bernoulli,5,completed
rep09,start_B,7,poisson,-72.37004577829242,144.74009155658484,,bfgs,15,True,1.192727494547796e-09,False,0.2993549145221252,bernoulli,bernoulli,5,completed
rep09,start_B,8,bernoulli,-37.388352148346215,74.77670429669243,,bfgs,9,True,2.2646596264941366e-10,False,1.8141028909545593,bernoulli,bernoulli,5,completed
rep09,start_B,8,poisson,-69.43523821277209,138.87047642554418,,bfgs,13,False,3.355182921715993e-07,False,0.4469828972753321,bernoulli,bernoulli,5,completed
rep10,start_B,3,bernoulli,-51.80253385691219,103.60506771382438,,bfgs,1,False,7.97401660590502e-08,False,0.14036011343842514,bernoulli,bernoulli,1,completed
rep10,start_B,3,poisson,-74.9708712324352,149.9417424648704,,bfgs,5,True,3.2862601528904635e-15,True,0.027932413237430332,bernoulli,bernoulli,1,completed
rep10,start_B,4,bernoulli,-51.2535158808422,102.5070317616844,,bfgs,4,True,1.0658141036401502e-15,True,0.2831769848744538,bernoulli,bernoulli,1,completed
rep10,start_B,4,poisson,-74.9982649586482,149.9965299172964,,bfgs,5,True,2.5599749875482304e-09,False,0.006797853345000033,bernoulli,bernoulli,1,completed
rep10,start_B,5,bernoulli,-51.759194196449656,103.51838839289931,,bfgs,4,True,1.021405182655144e-15,True,0.15617683731944607,bernoulli,bernoulli,1,completed
rep10,start_B,5,poisson,-74.97846308788388,149.95692617576776,,bfgs,5,True,6.630046678335333e-10,False,0.02401138259853656,bernoulli,bernoulli,1,completed
rep10,start_B,6,bernoulli,-51.08388065745994,102.16776131491989,,bfgs,4,True,2.1849189124623082e-14,True,0.31521111789837014,bernoulli,bernoulli,1,completed
rep10,start_B,6,poisson,-74.25982710139542,148.51965420279083,,bfgs,4,True,6.994582690822426e-12,True,0.1413375261297603,bernoulli,bernoulli,1,completed
rep10,start_B,7,bernoulli,-50.617887346493845,101.23577469298769,,bfgs,3,True,2.4907986784228343e-11,True,0.39142671594735645,bernoulli,bernoulli,1,completed
rep10,start_B,7,poisson,-74.9618110562517,149.9236221125034,,bfgs,5,True,2.90434343241941e-14,True,0.03181195039687122,bernoulli,bernoulli,1,completed
rep10,start_B,8,bernoulli,-49.90544521442043,99.81089042884086,,bfgs,3,True,2.2382096176443155e-14,True,0.48895135856665844,bernoulli,bernoulli,1,completed
rep10,start_B,8,poisson,-73.78616158073078,147.57232316146155,,bfgs,5,True,2.6645352591003757e-15,True,0.18087730487401035,bernoulli,bernoulli,1,completed
rep10,start_B,3,bernoulli,-50.83668591724336,101.67337183448672,,bfgs,6,False,1.1326647442189142e-08,False,0.3834317127287538,bernoulli,bernoulli,2,completed
rep10,start_B,3,poisson,-74.97794866153697,149.95589732307394,,bfgs,6,True,2.8161678544691427e-11,True,0.02711338759119637,bernoulli,bernoulli,2,completed
rep10,start_B,4,bernoulli,-50.522143781968076,101.04428756393615,,bfgs,4,True,8.305005039233038e-09,False,0.4091487650323104,bernoulli,bernoulli,2,completed
rep10,start_B,4,poisson,-74.46415663339522,148.92831326679044,,bfgs,6,True,1.3611334281904419e-14,True,0.13274022566684346,bernoulli,bernoulli,2,completed
rep10,start_B,5,bernoulli,-38.94280664912502,77.88561329825004,,bfgs,6,True,1.4697132399987822e-13,True,1.681649724096246,bernoulli,bernoulli,2,completed
rep10,start_B,5,poisson,-73.24552361949979,146.49104723899958,,bfgs,9,True,6.893334791868711e-11,True,0.23815233507131753,bernoulli,bernoulli,2,completed
rep10,start_B,6,bernoulli,-49.36663212027064,98.73326424054127,,bfgs,5,True,1.1277867528747265e-10,False,0.600498524084307,bernoulli,bernoulli,2,completed
rep10,start_B,6,poisson,-74.43737226295165,148.8747445259033,,bfgs,6,True,1.2603251775544778e-13,True,0.11906135020995551,bernoulli,bernoulli,2,completed
rep10,start_B,7,bernoulli,-49.73440034340503,99.46880068681006,,bfgs,5,True,7.446847583025828e-10,False,0.4907606172584963,bernoulli,bernoulli,2,completed
rep10,start_B,7,poisson,-74.42372449892132,148.84744899784263,,bfgs,6,True,4.070876968853554e-12,True,0.13293723740749616,bernoulli,bernoulli,2,completed
rep10,start_B,8,bernoulli,-49.59714155710083,99.19428311420165,,bfgs,4,False,2.9952182090120516e-07,False,0.4973157708521114,bernoulli,bernoulli,2,completed
rep10,start_B,8,poisson,-74.01365514729207,148.02731029458414,,bfgs,6,True,9.673750689387361e-12,True,0.1477740223335126,bernoulli,bernoulli,2,completed
rep10,start_B,3,bernoulli,-40.64178583618973,81.28357167237947,,bfgs,7,True,4.574118861455645e-15,True,1.479446238467044,bernoulli,bernoulli,3,completed
rep10,start_B,3,poisson,-71.97025192354388,143.94050384708777,,bfgs,11,True,8.905658432922792e-11,True,0.3027641102692769,bernoulli,bernoulli,3,completed
rep10,start_B,4,bernoulli,-50.167070431212075,100.33414086242415,,bfgs,7,True,1.7204015989591425e-13,True,0.46000298266296297,bernoulli,bernoulli,3,completed
rep10,start_B,4,poisson,-74.22682794239113,148.45365588478225,,bfgs,8,True,3.572640849824893e-09,False,0.15608725603980844,bernoulli,bernoulli,3,completed
rep10,start_B,5,bernoulli,-35.313151600364606,70.62630320072921,,bfgs,6,True,9.435086489872902e-10,False,2.018177746955368,bernoulli,bernoulli,3,completed
rep10,start_B,5,poisson,-72.97783777764626,145.95567555529252,,bfgs,17,False,1.1576326519602275e-08,False,0.2427655938806843,bernoulli,bernoulli,3,completed
rep10,start_B,6,bernoulli,-48.786262054330074,97.57252410866015,,bfgs,6,True,8.255049976924056e-11,True,0.6534590439902068,bernoulli,bernoulli,3,completed
rep10,start_B,6,poisson,-74.36482973621239,148.72965947242477,,bfgs,12,True,2.140509991477302e-14,True,0.1244920010568201,bernoulli,bernoulli,3,completed
rep10,start_B,7,bernoulli,-49.32350795986487,98.64701591972974,,bfgs,7,True,9.411982304641243e-12,True,0.5431100616736353,bernoulli,bernoulli,3,completed
rep10,start_B,7,poisson,-74.13965584856469,148.27931169712937,,bfgs,10,True,5.860215424036141e-10,False,0.15876649238526352,bernoulli,bernoulli,3,completed
rep10,start_B,8,bernoulli,-46.18909101507542,92.37818203015084,,bfgs,7,True,1.185496145694742e-13,True,0.8686808279739602,bernoulli,bernoulli,3,completed
rep10,start_B,8,poisson,-72.54244783947522,145.08489567895043,,bfgs,7,True,9.891761187930115e-09,False,0.25883636909260815,bernoulli,bernoulli,3,completed
rep10,start_B,3,bernoulli,-41.92599867346753,83.85199734693506,,bfgs,9,True,2.41007214185629e-12,True,1.2695351095134542,bernoulli,bernoulli,4,completed
rep10,start_B,3,poisson,-71.66775157434765,143.3355031486953,,bfgs,12,True,8.016411889855135e-09,False,0.30876759826224626,bernoulli,bernoulli,4,completed
rep10,start_B,4,bernoulli,-50.63388326631251,101.26776653262502,,bfgs,8,True,4.899606054209471e-10,False,0.35903833333581225,bernoulli,bernoulli,4,completed
rep10,start_B,4,poisson,-74.00081985446676,148.0016397089335,,bfgs,9,True,1.0135311145909042e-09,False,0.17882307164526265,bernoulli,bernoulli,4,completed
rep10,start_B,5,bernoulli,-34.62694359296377,69.25388718592754,,bfgs,9,True,1.2262654447425802e-09,False,1.8949743631641478,bernoulli,bernoulli,4,completed
rep10,start_B,5,poisson,-72.67312296234266,145.34624592468532,,bfgs,17,False,2.307003748036607e-08,False,0.2580450126799135,bernoulli,bernoulli,4,completed
rep10,start_B,6,bernoulli,-48.49288382365326,96.98576764730652,,bfgs,9,True,3.4170000162703216e-12,True,0.6593017832393936,bernoulli,bernoulli,4,completed
rep10,start_B,6,poisson,-73.74439101284432,147.48878202568864,,bfgs,13,True,1.0054306276430225e-09,False,0.20627018944755487,bernoulli,bernoulli,4,completed
rep10,start_B,7,bernoulli,-40.44383312127397,80.88766624254794,,bfgs,9,True,1.0924822879676555e-09,False,1.8175584837894578,bernoulli,bernoulli,4,completed
rep10,start_B,7,poisson,-73.03513392466914,146.07026784933828,,bfgs,11,True,5.471116892863392e-10,False,0.2578367594430518,bernoulli,bernoulli,4,completed
rep10,start_B,8,bernoulli,-46.25938691281071,92.51877382562142,,bfgs,9,True,8.424507758064692e-11,True,0.8394794069275814,bernoulli,bernoulli,4,completed
rep10,start_B,8,poisson,-71.69419979439053,143.38839958878106,,bfgs,10,False,2.454305416677016e-08,False,0.3171037354853936,bernoulli,bernoulli,4,completed
rep10,start_B,3,bernoulli,-42.896763782736045,85.79352756547209,,bfgs,11,True,2.1512569503556732e-12,True,1.124625118151863,bernoulli,bernoulli,5,completed
rep10,start_B,3,poisson,-71.4867171810459,142.9734343620918,,bfgs,12,True,2.2191859905262843e-09,False,0.3108999792075689,bernoulli,bernoulli,5,completed
rep10,start_B,4,bernoulli,-49.01052487601669,98.02104975203338,,bfgs,10,True,1.6098597122038426e-09,False,0.6527551727840438,bernoulli,bernoulli,5,completed
rep10,start_B,4,poisson,-73.91868800100278,147.83737600200556,,bfgs,14,True,2.095768003584908e-11,True,0.16344121640256187,bernoulli,bernoulli,5,completed
rep10,start_B,5,bernoulli,-34.06119105366726,68.12238210733452,,bfgs,10,True,4.330598352142445e-09,False,2.0163461058235366,bernoulli,bernoulli,5,completed
rep10,start_B,5,poisson,-72.52262857584816,145.04525715169632,,bfgs,15,False,2.0768611403987335e-07,False,0.27813666518497593,bernoulli,bernoulli,5,completed
rep10,start_B,6,bernoulli,-48.66510824360996,97.33021648721991,,bfgs,10,True,1.4024337247064978e-13,True,0.6085123550985266,bernoulli,bernoulli,5,completed
rep10,start_B,6,poisson,-74.11476385588972,148.22952771177944,,bfgs,15,True,1.6358338017496977e-10,False,0.15882741292282276,bernoulli,bernoulli,5,completed
rep10,start_B,7,bernoulli,-43.293519066094014,86.58703813218803,,bfgs,9,True,6.0102558485652935e-09,False,1.3809315608203674,bernoulli,bernoulli,5,completed
rep10,start_B,7,poisson,-72.56749511113318,145.13499022226637,,bfgs,14,True,1.3036753898632013e-10,False,0.2868040937745499,bernoulli,bernoulli,5,completed
rep10,start_B,8,bernoulli,-44.87440188353514,89.74880376707029,,bfgs,10,True,1.4924514957215252e-10,False,0.947953222273045,bernoulli,bernoulli,5,completed
rep10,start_B,8,poisson,-71.40439181160843,142.80878362321687,,bfgs,15,True,1.7679684383153925e-10,False,0.31640615080174744,bernoulli,bernoulli,5,completed
rep11,start_B,3,bernoulli,-50.807772283344846,101.61554456668969,,bfgs,4,True,1.1448619829934615e-13,True,0.3618061826735438,bernoulli,bernoulli,1,completed
rep11,start_B,3,poisson,-74.90147295224119,149.80294590448239,,bfgs,4,True,3.75727560175676e-11,True,0.05125254039282121,bernoulli,bernoulli,1,completed
rep11,start_B,4,bernoulli,-51.623512097445676,103.24702419489135,,bfgs,4,True,2.842170943040401e-15,True,0.19787325202518866,bernoulli,bernoulli,1,completed
rep11,start_B,4,poisson,-74.72445396289403,149.44890792578806,,bfgs,4,True,3.531397396727698e-11,True,0.08541469065450945,bernoulli,bernoulli,1,completed
rep11,start_B,5,bernoulli,-47.53676279044224,95.07352558088448,,bfgs,3,True,7.644329613754052e-13,True,0.7454633559427387,bernoulli,bernoulli,1,completed
rep11,start_B,5,poisson,-73.4476424744344,146.8952849488688,,bfgs,7,True,9.769962616701378e-16,True,0.200283060939674,bernoulli,bernoulli,1,completed
rep11,start_B,6,bernoulli,-50.941596107718354,101.88319221543671,,bfgs,4,True,6.151357201389373e-13,True,0.3398477606092008,bernoulli,bernoulli,1,completed
rep11,start_B,6,poisson,-74.46499410998675,148.9299882199735,,bfgs,5,True,7.37188088351104e-15,True,0.1187024885145967,bernoulli,bernoulli,1,completed
rep11,start_B,7,bernoulli,-51.11775952567787,102.23551905135574,,bfgs,4,True,7.795589462844531e-09,False,0.308917631585512,bernoulli,bernoulli,1,completed
rep11,start_B,7,poisson,-74.52754129467891,149.05508258935782,,bfgs,5,True,4.4408920985006264e-17,True,0.1116179751182844,bernoulli,bernoulli,1,completed
rep11,start_B,8,bernoulli,-48.37370874843645,96.7474174968729,,bfgs,3,False,1.8077637475855114e-08,False,0.6615132232966959,bernoulli,bernoulli,1,completed
rep11,start_B,8,poisson,-74.5028161788128,149.0056323576256,,bfgs,4,True,1.0897505120510687e-11,True,0.11484904942610406,bernoulli,bernoulli,1,completed
rep11,start_B,3,bernoulli,-49.138995536413816,98.27799107282763,,bfgs,6,True,6.029314825184429e-11,True,0.6211812752699772,bernoulli,bernoulli,2,completed
rep11,start_B,3,poisson,-74.93704268503048,149.87408537006095,,bfgs,10,True,5.2153215079897566e-11,True,0.042917859619650923,bernoulli,bernoulli,2,completed
rep11,start_B,4,bernoulli,-51.94171554111267,103.88343108222534,,bfgs,5,True,1.9964474518019417e-12,True,0.07320827612717096,bernoulli,bernoulli,2,completed
rep11,start_B,4,poisson,-74.4917005669967,148.9834011339934,,bfgs,6,True,6.291633880550763e-14,True,0.1265891467952405,bernoulli,bernoulli,2,completed
rep11,start_B,5,bernoulli,-45.39258520392606,90.78517040785212,,bfgs,6,True,3.2946978478776144e-13,True,0.972654319444304,bernoulli,bernoulli,2,completed
rep11,start_B,5,poisson,-71.62351895558693,143.24703791117386,,bfgs,9,True,9.493970054563761e-11,True,0.3227668404115462,bernoulli,bernoulli,2,completed
rep11,start_B,6,bernoulli,-50.14640316947065,100.2928063389413,,bfgs,6,True,2.970956813896919e-14,True,0.46519651558222447,bernoulli,bernoulli,2,completed
rep11,start_B,6,poisson,-73.43110539352251,146.86221078704503,,bfgs,7,True,4.645173135031655e-14,True,0.21946272510739123,bernoulli,bernoulli,2,completed
rep11,start_B,7,bernoulli,-51.28723564417636,102.57447128835273,,bfgs,6,True,2.424727085781342e-14,True,0.2752650073633455,bernoulli,bernoulli,2,completed
rep11,start_B,7,poisson,-74.68020382156423,149.36040764312847,,bfgs,6,True,9.849477677903452e-10,False,0.09188356532048997,bernoulli,bernoulli,2,completed
rep11,start_B,8,bernoulli,-48.28051618055717,96.56103236111434,,bfgs,6,True,2.404876298101044e-12,True,0.6339059477481732,bernoulli,bernoulli,2,completed
rep11,start_B,8,poisson,-74.0826546345965,148.165309269193,,bfgs,10,True,3.5142954102340694e-10,False,0.1564092041180374,bernoulli,bernoulli,2,completed
rep11,start_B,3,bernoulli,-47.27461630530517,94.54923261061035,,bfgs,7,True,1.2640254398732508e-10,False,0.8147483715669962,bernoulli,bernoulli,3,completed
rep11,start_B,3,poisson,-74.6998566746264,149.3997133492528,,bfgs,11,True,1.5825207810848951e-10,False,0.09389965334347906,bernoulli,bernoulli,3,completed
rep11,start_B,4,bernoulli,-46.49009077755943,92.98018155511886,,bfgs,6,True,7.419604486358366e-10,False,0.9387916506195373,bernoulli,bernoulli,3,completed
rep11,start_B,4,poisson,-72.91801234382604,145.83602468765207,,bfgs,10,False,2.9450719156720596e-07,False,0.2580672740330588,bernoulli,bernoulli,3,completed
rep11,start_B,5,bernoulli,-42.400002659600034,84.80000531920007,,bfgs,7,True,3.9747194424677446e-10,False,1.2489152759743358,bernoulli,bernoulli,3,completed
rep11,start_B,5,poisson,-70.91946347890168,141.83892695780335,,bfgs,9,True,1.766675694625519e-12,True,0.35355017700352603,bernoulli,bernoulli,3,completed
rep11,start_B,6,bernoulli,-48.54058566202287,97.08117132404574,,bfgs,7,True,1.3443468560581095e-12,True,0.6815111975033318,bernoulli,bernoulli,3,completed
rep11,start_B,6,poisson,-73.56742694334255,147.1348538866851,,bfgs,8,True,2.413798050326932e-11,True,0.19956227969592383,bernoulli,bernoulli,3,completed
rep11,start_B,7,bernoulli,-42.733271720355695,85.46654344071139,,bfgs,8,True,1.032651519849992e-09,False,1.2915404672497142,bernoulli,bernoulli,3,completed
rep11,start_B,7,poisson,-72.15462533666155,144.3092506733231,,bfgs,12,True,3.2220057899490227e-09,False,0.2939966929084833,bernoulli,bernoulli,3,completed
rep11,start_B,8,bernoulli,-48.39559606448465,96.7911921289693,,bfgs,8,True,7.433476056917243e-12,True,0.5963897227261693,bernoulli,bernoulli,3,completed
rep11,start_B,8,poisson,-74.387256744703,148.774513489406,,bfgs,12,True,2.2005952615700154e-12,True,0.11863328592994801,bernoulli,bernoulli,3,completed
rep11,start_B,3,bernoulli,-45.99356008524562,91.98712017049124,,bfgs,8,True,1.7777113114902932e-12,True,0.898769185394231,bernoulli,bernoulli,4,completed
rep11,start_B,3,poisson,-74.41802392504631,148.83604785009263,,bfgs,14,True,4.449206336687439e-10,False,0.12803180459261868,bernoulli,bernoulli,4,completed
rep11,start_B,4,bernoulli,-46.748481512951614,93.49696302590323,,bfgs,8,True,7.554756820127295e-12,True,0.8590078613489828,bernoulli,bernoulli,4,completed
rep11,start_B,4,poisson,-73.00802360341501,146.01604720683002,,bfgs,13,True,4.7325721119761967e-11,True,0.23202237093617725,bernoulli,bernoulli,4,completed
rep11,start_B,5,bernoulli,-40.29405109109804,80.58810218219608,,bfgs,8,True,7.60459029081062e-11,True,1.3503112337868652,bernoulli,bernoulli,4,completed
rep11,start_B,5,poisson,-70.4615737806095,140.923147561219,,bfgs,13,True,5.8234306266058414e-12,True,0.3399058149371944,bernoulli,bernoulli,4,completed
rep11,start_B,6,bernoulli,-48.281293541730655,96.56258708346131,,bfgs,8,True,1.4379697432786998e-11,True,0.6682186989784349,bernoulli,bernoulli,4,completed
rep11,start_B,6,poisson,-73.48235556824271,146.96471113648542,,bfgs,11,False,8.862302982581838e-07,False,0.19179581379146562,bernoulli,bernoulli,4,completed
rep11,start_B,7,bernoulli,-38.27986029631978,76.55972059263956,,bfgs,8,True,1.7623946746425644e-11,True,1.8226280933714054,bernoulli,bernoulli,4,completed
rep11,start_B,7,poisson,-71.2573513723224,142.5147027446448,,bfgs,16,False,2.2981217817630295e-08,False,0.3485134457544499,bernoulli,bernoulli,4,completed
rep11,start_B,8,bernoulli,-45.511796987926004,91.02359397585201,,bfgs,9,True,2.0214898643899914e-10,False,1.0065107887165843,bernoulli,bernoulli,4,completed
rep11,start_B,8,poisson,-73.79898525949342,147.59797051898684,,bfgs,12,False,1.3439154743499772e-07,False,0.20253158304096458,bernoulli,bernoulli,4,completed
rep11,start_B,3,bernoulli,-44.77626648442056,89.55253296884112,,bfgs,9,True,1.0380473147719727e-10,False,1.0157046950612025,bernoulli,bernoulli,5,completed
rep11,start_B,3,poisson,-73.92520961096709,147.85041922193417,,bfgs,15,True,9.205081141772099e-13,True,0.1928111669358342,bernoulli,bernoulli,5,completed
rep11,start_B,4,bernoulli,-46.743541231891,93.487082463782,,bfgs,10,True,2.2032644819702795e-09,False,0.8015733539397064,bernoulli,bernoulli,5,completed
rep11,start_B,4,poisson,-72.5926056450085,145.185211290017,,bfgs,11,False,6.126351616009274e-08,False,0.2622237597706707,bernoulli,bernoulli,5,completed
rep11,start_B,5,bernoulli,-37.16978997943826,74.33957995887651,,bfgs,10,True,1.125889559361326e-09,False,1.679432262277634,bernoulli,bernoulli,5,completed
rep11,start_B,5,poisson,-69.99962400335451,139.99924800670902,,bfgs,15,True,7.29436955282381e-11,True,0.3553569267614683,bernoulli,bernoulli,5,completed
rep11,start_B,6,bernoulli,-47.768672604806206,95.53734520961241,,bfgs,10,True,1.601496518732759e-09,False,0.6680870122365188,bernoulli,bernoulli,5,completed
rep11,start_B,6,poisson,-73.29906857860723,146.59813715721447,,bfgs,15,True,2.5190236563332744e-10,False,0.20335373725856531,bernoulli,bernoulli,5,completed
rep11,start_B,7,bernoulli,-33.16420848490051,66.32841696980103,,bfgs,9,True,7.638312204960584e-11,True,2.408664995450101,bernoulli,bernoulli,5,completed
rep11,start_B,7,poisson,-70.73828307559135,141.4765661511827,,bfgs,23,False,1.7758125245848077e-07,False,0.351179767599399,bernoulli,bernoulli,5,completed
rep11,start_B,8,bernoulli,-40.56486629747815,81.1297325949563,,bfgs,11,True,3.860165520563896e-11,True,1.6027100363928326,bernoulli,bernoulli,5,completed
rep11,start_B,8,poisson,-72.66840570608109,145.33681141216218,,bfgs,13,True,1.8842705173938157e-13,True,0.28725528381684545,bernoulli,bernoulli,5,completed
rep12,start_B,3,bernoulli,-43.24454716022269,86.48909432044537,,bfgs,5,True,2.7000623958883806e-14,True,1.1705803034844402,bernoulli,bernoulli,1,completed
rep12,start_B,3,poisson,-73.05433955141038,146.10867910282076,,bfgs,6,True,1.7673862373612793e-12,True,0.22272934725120183,bernoulli,bernoulli,1,completed
rep12,start_B,4,bernoulli,-51.18763063954559,102.37526127909118,,bfgs,4,True,6.591532875077632e-14,True,0.29677809653842263,bernoulli,bernoulli,1,completed
rep12,start_B,4,poisson,-74.81647611267226,149.63295222534452,,bfgs,5,True,2.0872192862952944e-15,True,0.06989365915569495,bernoulli,bernoulli,1,completed
rep12,start_B,5,bernoulli,-51.0995607023368,102.1991214046736,,bfgs,4,True,7.549516567451064e-16,True,0.31330110887650764,bernoulli,bernoulli,1,completed
rep12,start_B,5,poisson,-74.79574294993715,149.5914858998743,,bfgs,5,True,1.1546319456101628e-15,True,0.07372416408065663,bernoulli,bernoulli,1,completed
rep12,start_B,6,bernoulli,-50.46873218135789,100.93746436271579,,bfgs,4,True,6.883382752675971e-16,True,0.4154070833096811,bernoulli,bernoulli,1,completed
rep12,start_B,6,poisson,-74.61073444221404,149.22146888442808,,bfgs,5,True,5.2136073236397354e-14,True,0.10132560208724488,bernoulli,bernoulli,1,completed
rep12,start_B,7,bernoulli,-51.91081030954858,103.82162061909716,,bfgs,4,True,1.7563728249569975e-14,True,0.0897204174167878,bernoulli,bernoulli,1,completed
rep12,start_B,7,poisson,-74.9852979961336,149.9705959922672,,bfgs,3,True,5.573319583618286e-15,True,0.019803032407128905,bernoulli,bernoulli,1,completed
rep12,start_B,8,bernoulli,-49.834429515608434,99.66885903121687,,bfgs,4,True,7.993605777301127e-16,True,0.501411233675355,bernoulli,bernoulli,1,completed
rep12,start_B,8,poisson,-74.50156243567332,149.00312487134664,,bfgs,5,True,3.47721851312599e-14,True,0.11488228768644101,bernoulli,bernoulli,1,completed
rep12,start_B,3,bernoulli,-37.77642106227152,75.55284212454303,,bfgs,5,True,7.946587832208251e-13,True,1.5737870174100588,bernoulli,bernoulli,2,completed
rep12,start_B,3,poisson,-70.63426353649933,141.26852707299867,,bfgs,10,True,4.456024438326267e-11,True,0.34735872408734386,bernoulli,bernoulli,2,completed
rep12,start_B,4,bernoulli,-51.291233046140654,102.58246609228131,,bfgs,5,True,2.255973186038318e-14,True,0.27898878718008546,bernoulli,bernoulli,2,completed
rep12,start_B,4,poisson,-74.63579233329935,149.2715846665987,,bfgs,6,True,2.5719358934250813e-10,False,0.09969185319466595,bernoulli,bernoulli,2,completed
rep12,start_B,5,bernoulli,-48.023497849934316,96.04699569986863,,bfgs,4,True,3.201905407479444e-11,True,0.7113015546679888,bernoulli,bernoulli,2,completed
rep12,start_B,5,poisson,-73.19912927273472,146.39825854546945,,bfgs,10,True,2.5486279753295094e-12,True,0.21611630384742606,bernoulli,bernoulli,2,completed
rep12,start_B,6,bernoulli,-48.14752612677474,96.29505225354949,,bfgs,5,True,1.6930901125533637e-13,True,0.6943374804274927,bernoulli,bernoulli,2,completed
rep12,start_B,6,poisson,-74.47011267926186,148.94022535852372,,bfgs,10,True,5.780856571213633e-09,False,0.11827920966771753,bernoulli,bernoulli,2,completed
rep12,start_B,7,bernoulli,-50.589696012106785,101.17939202421357,,bfgs,5,True,7.105427357601002e-15,True,0.39434514341331744,bernoulli,bernoulli,2,completed
rep12,start_B,7,poisson,-73.99233199234673,147.98466398469347,,bfgs,7,True,6.8127795072037145e-12,True,0.16173272002591377,bernoulli,bernoulli,2,completed
rep12,start_B,8,bernoulli,-48.47751606718556,96.95503213437112,,bfgs,6,True,3.3403244614760295e-10,False,0.6591172012193205,bernoulli,bernoulli,2,completed
rep12,start_B,8,poisson,-73.46067674292956,146.92135348585913,,bfgs,9,True,1.7822687770063795e-13,True,0.20257786318892287,bernoulli,bernoulli,2,completed
rep12,start_B,3,bernoulli,-35.29740962441197,70.59481924882394,,bfgs,7,True,2.0891866014949302e-11,True,1.727146815736616,bernoulli,bernoulli,3,completed
rep12,start_B,3,poisson,-70.25068901492844,140.50137802985688,,bfgs,14,True,7.0120746986646054e-09,False,0.34418809842149295,bernoulli,bernoulli,3,completed
rep12,start_B,4,bernoulli,-50.52091458531315,101.0418291706263,,bfgs,7,True,1.608890798365792e-11,True,0.44993614586382447,bernoulli,bernoulli,3,completed
rep12,start_B,4,poisson,-74.6140292846258,149.2280585692516,,bfgs,8,True,5.039402228845802e-12,True,0.10556760385366702,bernoulli,bernoulli,3,completed
rep12,start_B,5,bernoulli,-47.597353283471286,95.19470656694257,,bfgs,7,True,2.141868904459443e-11,True,0.7329402566139278,bernoulli,bernoulli,3,completed
rep12,start_B,5,poisson,-73.11962658787971,146.23925317575942,,bfgs,9,True,1.2491119250057636e-12,True,0.2141919966223621,bernoulli,bernoulli,3,completed
rep12,start_B,6,bernoulli,-46.95814609794628,93.91629219589257,,bfgs,7,True,1.3939427390141645e-11,True,0.7963939930856672,bernoulli,bernoulli,3,completed
rep12,start_B,6,poisson,-74.43280473269319,148.86560946538637,,bfgs,10,True,4.014848453692821e-11,True,0.11563018675905053,bernoulli,bernoulli,3,completed
rep12,start_B,7,bernoulli,-48.007458239575236,96.01491647915047,,bfgs,7,True,1.5756480564732557e-10,False,0.7479056036422662,bernoulli,bernoulli,3,completed
rep12,start_B,7,poisson,-73.0742189523926,146.1484379047852,,bfgs,7,True,3.3081315464755787e-13,True,0.23543424692704717,bernoulli,bernoulli,3,completed
rep12,start_B,8,bernoulli,-47.68913358310889,95.37826716621778,,bfgs,8,True,8.470557588680095e-13,True,0.7093695065864436,bernoulli,bernoulli,3,completed
rep12,start_B,8,poisson,-73.04213303018939,146.08426606037878,,bfgs,9,True,5.956082849145616e-13,True,0.2210543710972857,bernoulli,bernoulli,3,completed
rep12,start_B,3,bernoulli,-35.861102691786,71.722205383572,,bfgs,8,True,7.761919995630251e-11,True,1.6516729906205512,bernoulli,bernoulli,4,completed
rep12,start_B,3,poisson,-70.3104170744435,140.620834148887,,bfgs,14,True,9.391822874960098e-09,False,0.3348138211377592,bernoulli,bernoulli,4,completed
rep12,start_B,4,bernoulli,-48.75990535506859,97.51981071013718,,bfgs,10,True,6.029656773876013e-11,True,0.7097727094173072,bernoulli,bernoulli,4,completed
rep12,start_B,4,poisson,-74.07322880842348,148.14645761684696,,bfgs,10,True,1.6863799245925293e-11,True,0.17337896167556596,bernoulli,bernoulli,4,completed
rep12,start_B,5,bernoulli,-46.118981179853435,92.23796235970687,,bfgs,8,True,1.9023087105551896e-09,False,1.0081815863052195,bernoulli,bernoulli,4,completed
rep12,start_B,5,poisson,-72.5549284478446,145.1098568956892,,bfgs,14,True,9.635195041823862e-09,False,0.2538367123379894,bernoulli,bernoulli,4,completed
rep12,start_B,6,bernoulli,-40.257707892977166,80.51541578595433,,bfgs,8,True,1.4111534163419037e-10,False,1.9324554898642912,bernoulli,bernoulli,4,completed
rep12,start_B,6,poisson,-73.27512031950573,146.55024063901146,,bfgs,15,True,2.828892853301568e-09,False,0.29987242228618427,bernoulli,bernoulli,4,completed
rep12,start_B,7,bernoulli,-49.14431697527563,98.28863395055126,,bfgs,9,True,1.325618281811103e-10,False,0.5628084708047398,bernoulli,bernoulli,4,completed
rep12,start_B,7,poisson,-73.26826268200607,146.53652536401214,,bfgs,8,True,7.578323568679935e-09,False,0.20390792316301473,bernoulli,bernoulli,4,completed
rep12,start_B,8,bernoulli,-46.968999094430536,93.93799818886107,,bfgs,8,False,1.045393553944507e-08,False,0.7346154170745377,bernoulli,bernoulli,4,completed
rep12,start_B,8,poisson,-72.46882027772958,144.93764055545915,,bfgs,8,True,1.0089701296678299e-11,True,0.24043984140541663,bernoulli,bernoulli,4,completed
rep12,start_B,3,bernoulli,-30.97633586312397,61.95267172624794,,bfgs,10,True,8.83172585064429e-10,False,2.3630344670686823,bernoulli,bernoulli,5,completed
rep12,start_B,3,poisson,-69.48609409227856,138.97218818455713,,bfgs,19,False,1.343521756957955e-07,False,0.39869332718439365,bernoulli,bernoulli,5,completed
rep12,start_B,4,bernoulli,-48.19635973831252,96.39271947662505,,bfgs,10,True,6.561901466639597e-10,False,0.8213776546516542,bernoulli,bernoulli,5,completed
rep12,start_B,4,poisson,-74.06309002991425,148.1261800598285,,bfgs,15,True,1.925772374899992e-09,False,0.162467929640803,bernoulli,bernoulli,5,completed
rep12,start_B,5,bernoulli,-45.343347762985935,90.68669552597187,,bfgs,10,True,1.4599585984598207e-10,False,0.9906061561516357,bernoulli,bernoulli,5,completed
rep12,start_B,5,poisson,-71.85968888462655,143.7193777692531,,bfgs,16,False,1.1556776158272441e-08,False,0.28631406363098383,bernoulli,bernoulli,5,completed
rep12,start_B,6,bernoulli,-38.979307647957214,77.95861529591443,,bfgs,9,True,8.633720960382618e-11,True,1.7930008277131955,bernoulli,bernoulli,5,completed
rep12,start_B,6,poisson,-73.30304272024549,146.60608544049097,,bfgs,18,False,2.5364588318588233e-08,False,0.26217303061290714,bernoulli,bernoulli,5,completed
rep12,start_B,7,bernoulli,-47.914936005089075,95.82987201017815,,bfgs,11,True,1.0442118281162039e-10,False,0.6920805563046115,bernoulli,bernoulli,5,completed
rep12,start_B,7,poisson,-73.24675617807534,146.4935123561507,,bfgs,9,True,1.329580889830595e-11,True,0.193210048627331,bernoulli,bernoulli,5,completed
rep12,start_B,8,bernoulli,-44.89465596404595,89.7893119280919,,bfgs,12,True,5.410862868870936e-10,False,1.030810573690797,bernoulli,bernoulli,5,completed
rep12,start_B,8,poisson,-72.49833241568074,144.99666483136147,,bfgs,14,True,2.2967940327411894e-10,False,0.23046890510221252,bernoulli,bernoulli,5,completed
rep13,start_B,3,bernoulli,-51.686622153673774,103.37324430734755,,bfgs,4,True,2.851407998605282e-12,True,0.17953152010981577,bernoulli,bernoulli,1,completed
rep13,start_B,3,poisson,-74.9986924483122,149.9973848966244,,bfgs,5,True,2.264854970235319e-15,True,0.005901570962040282,bernoulli,bernoulli,1,completed
rep13,start_B,4,bernoulli,-51.39770133828184,102.79540267656368,,bfgs,4,True,5.221338028604805e-10,False,0.25278026781405677,bernoulli,bernoulli,1,completed
rep13,start_B,4,poisson,-74.97891973316811,149.95783946633622,,bfgs,5,True,1.2434497875801752e-15,True,0.023652949883733006,bernoulli,bernoulli,1,completed
rep13,start_B,5,bernoulli,-47.345128060406886,94.69025612081377,,bfgs,5,True,3.600538978076884e-10,False,0.7572265673979425,bernoulli,bernoulli,1,completed
rep13,start_B,5,poisson,-73.31964527611653,146.63929055223306,,bfgs,6,True,5.5067062021407766e-15,True,0.21327667996989386,bernoulli,bernoulli,1,completed
rep13,start_B,6,bernoulli,-51.08537051879652,102.17074103759305,,bfgs,3,True,6.123901385990393e-12,True,0.3142714634241105,bernoulli,bernoulli,1,completed
rep13,start_B,6,poisson,-74.49252306882214,148.98504613764428,,bfgs,3,False,1.89116804172329e-07,False,0.11717644738553436,bernoulli,bernoulli,1,completed
rep13,start_B,7,bernoulli,-51.83098249996715,103.6619649999343,,bfgs,3,True,1.1102230246251565e-15,True,0.12891024594732994,bernoulli,bernoulli,1,completed
rep13,start_B,7,poisson,-74.99837674074953,149.99675348149907,,bfgs,5,True,7.105427357601002e-16,True,0.006583290436795736,bernoulli,bernoulli,1,completed
rep13,start_B,8,bernoulli,-50.302773725520694,100.60554745104139,,bfgs,4,True,5.711657813378679e-11,True,0.4348968445104625,bernoulli,bernoulli,1,completed
rep13,start_B,8,poisson,-74.21769101140242,148.43538202280484,,bfgs,4,True,7.859313200242468e-12,True,0.14557446414349354,bernoulli,bernoulli,1,completed
rep13,start_B,3,bernoulli,-49.920979423227095,99.84195884645419,,bfgs,4,True,6.437541610893049e-11,True,0.484594469461347,bernoulli,bernoulli,2,completed
rep13,start_B,3,poisson,-74.2911195411554,148.5822390823108,,bfgs,6,True,1.8455255101912372e-10,False,0.13968903013419973,bernoulli,bernoulli,2,completed
rep13,start_B,4,bernoulli,-51.509290325753625,103.01858065150725,,bfgs,5,True,3.371919454764338e-09,False,0.2239945049699152,bernoulli,bernoulli,2,completed
rep13,start_B,4,poisson,-74.95370310876034,149.90740621752067,,bfgs,6,True,7.287095371566465e-11,True,0.034116245401072436,bernoulli,bernoulli,2,completed
rep13,start_B,5,bernoulli,-45.44620234158323,90.89240468316646,,bfgs,5,True,3.7569947153315295e-14,True,0.8836804163473334,bernoulli,bernoulli,2,completed
rep13,start_B,5,poisson,-73.20129692167647,146.40259384335295,,bfgs,9,True,4.3246739522828645e-12,True,0.2081629195473395,bernoulli,bernoulli,2,completed
rep13,start_B,6,bernoulli,-49.47009189111152,98.94018378222304,,bfgs,5,True,2.824407374646398e-13,True,0.5664277250333482,bernoulli,bernoulli,2,completed
rep13,start_B,6,poisson,-73.83571711187196,147.67143422374392,,bfgs,6,True,5.817175185995893e-10,False,0.18637046081586117,bernoulli,bernoulli,2,completed
rep13,start_B,7,bernoulli,-51.49439868878064,102.98879737756128,,bfgs,6,True,2.0872192862952944e-15,True,0.24222238943033952,bernoulli,bernoulli,2,completed
rep13,start_B,7,poisson,-74.99623469760668,149.99246939521336,,bfgs,5,False,1.4063066142711022e-07,False,0.01055962182892583,bernoulli,bernoulli,2,completed
rep13,start_B,8,bernoulli,-49.26732591223263,98.53465182446526,,bfgs,5,True,2.4087398742267395e-13,True,0.5498423104283569,bernoulli,bernoulli,2,completed
rep13,start_B,8,poisson,-74.30829296836833,148.61658593673667,,bfgs,7,True,7.669074264526899e-11,True,0.1279951179362217,bernoulli,bernoulli,2,completed
rep13,start_B,3,bernoulli,-50.315695150266855,100.63139030053371,,bfgs,6,True,2.429106638057732e-11,True,0.41743879713750887,bernoulli,bernoulli,3,completed
rep13,start_B,3,poisson,-74.37596509508383,148.75193019016766,,bfgs,7,True,2.1881994438643913e-09,False,0.13541828628075359,bernoulli,bernoulli,3,completed
rep13,start_B,4,bernoulli,-51.19834241029548,102.39668482059096,,bfgs,7,True,5.595524044110789e-14,True,0.28971210868257585,bernoulli,bernoulli,3,completed
rep13,start_B,4,poisson,-74.96653879752928,149.93307759505856,,bfgs,8,True,2.8359614656636724e-11,True,0.030488229442541665,bernoulli,bernoulli,3,completed
rep13,start_B,5,bernoulli,-45.2619593953529,90.5239187907058,,bfgs,8,True,1.8367363185944894e-12,True,0.9092581879443121,bernoulli,bernoulli,3,completed
rep13,start_B,5,poisson,-72.36986210257135,144.7397242051427,,bfgs,10,False,1.7882711200734036e-08,False,0.25479916378723283,bernoulli,bernoulli,3,completed
rep13,start_B,6,bernoulli,-48.25878486514216,96.51756973028432,,bfgs,7,True,8.122743588856451e-11,True,0.6955136989567944,bernoulli,bernoulli,3,completed
rep13,start_B,6,poisson,-72.96530536943075,145.9306107388615,,bfgs,7,False,1.9076742729939867e-08,False,0.24870991532195702,bernoulli,bernoulli,3,completed
rep13,start_B,7,bernoulli,-51.25550777292476,102.51101554584952,,bfgs,7,True,1.8311130389747632e-11,True,0.30736594930839173,bernoulli,bernoulli,3,completed
rep13,start_B,7,poisson,-74.55730269878748,149.11460539757496,,bfgs,10,True,6.466324142806456e-11,True,0.12691266692687195,bernoulli,bernoulli,3,completed
rep13,start_B,8,bernoulli,-49.82608627588429,99.65217255176859,,bfgs,7,True,1.1523043630390362e-11,True,0.4826630717601029,bernoulli,bernoulli,3,completed
rep13,start_B,8,poisson,-74.26862535499319,148.53725070998638,,bfgs,8,True,4.359917316065776e-09,False,0.12583540207919816,bernoulli,bernoulli,3,completed
rep13,start_B,3,bernoulli,-49.85150708269764,99.70301416539527,,bfgs,7,True,5.841869210598816e-11,True,0.46157875530030623,bernoulli,bernoulli,4,completed
rep13,start_B,3,poisson,-73.8841147265053,147.7682294530106,,bfgs,9,True,5.44526645995802e-11,True,0.18314166401349194,bernoulli,bernoulli,4,completed
rep13,start_B,4,bernoulli,-50.614562223136055,101.22912444627211,,bfgs,9,True,2.2637891561316794e-12,True,0.4607015657810458,bernoulli,bernoulli,4,completed
rep13,start_B,4,poisson,-74.85737265133832,149.71474530267665,,bfgs,13,True,3.0464519795714295e-13,True,0.06663073054580929,bernoulli,bernoulli,4,completed
rep13,start_B,5,bernoulli,-43.4516027707878,86.9032055415756,,bfgs,8,True,4.5294844819299127e-10,False,1.0455828270885374,bernoulli,bernoulli,4,completed
rep13,start_B,5,poisson,-71.58457691084342,143.16915382168685,,bfgs,11,True,1.9957244745683056e-09,False,0.3028320708299142,bernoulli,bernoulli,4,completed
rep13,start_B,6,bernoulli,-47.474313039067084,94.94862607813417,,bfgs,8,True,2.936912935069813e-11,True,0.7318345952860219,bernoulli,bernoulli,4,completed
rep13,start_B,6,poisson,-72.40239999733004,144.80479999466007,,bfgs,10,True,3.0348580315475716e-10,False,0.2692884030872075,bernoulli,bernoulli,4,completed
rep13,start_B,7,bernoulli,-46.45646729529572,92.91293459059143,,bfgs,9,True,1.380922598492873e-11,True,1.1275417099255642,bernoulli,bernoulli,4,completed
rep13,start_B,7,poisson,-73.82294305889943,147.64588611779885,,bfgs,14,True,1.6962093951633507e-10,False,0.2297484075665165,bernoulli,bernoulli,4,completed
rep13,start_B,8,bernoulli,-48.782725891355724,97.56545178271145,,bfgs,8,True,8.550831154252592e-11,True,0.642779440458738,bernoulli,bernoulli,4,completed
rep13,start_B,8,poisson,-74.15633083907069,148.31266167814138,,bfgs,11,True,1.4728662733887176e-12,True,0.13759273749083445,bernoulli,bernoulli,4,completed
rep13,start_B,3,bernoulli,-48.147164459828446,96.29432891965689,,bfgs,9,True,9.74232250428031e-11,True,0.7622225953513625,bernoulli,bernoulli,5,completed
rep13,start_B,3,poisson,-73.86062296604224,147.72124593208449,,bfgs,13,True,1.4787916446934447e-10,False,0.17192723853481423,bernoulli,bernoulli,5,completed
rep13,start_B,4,bernoulli,-47.525602275155414,95.05120455031083,,bfgs,10,True,3.4534014314857587e-09,False,0.9746540195248368,bernoulli,bernoulli,5,completed
rep13,start_B,4,poisson,-73.70808103968425,147.4161620793685,,bfgs,15,True,5.208839581882784e-10,False,0.2523612211293404,bernoulli,bernoulli,5,completed
rep13,start_B,5,bernoulli,-43.635940864526795,87.27188172905359,,bfgs,9,True,1.8042555227637535e-10,False,0.9820561416673486,bernoulli,bernoulli,5,completed
rep13,start_B,5,poisson,-71.99250982417323,143.98501964834645,,bfgs,14,True,9.833946990056574e-11,True,0.24866097958921077,bernoulli,bernoulli,5,completed
rep13,start_B,6,bernoulli,-47.30477993995477,94.60955987990954,,bfgs,9,True,2.2509314412388904e-10,False,0.7663015647440758,bernoulli,bernoulli,5,completed
rep13,start_B,6,poisson,-72.3044556480788,144.6089112961576,,bfgs,16,True,2.183189806714836e-09,False,0.2746739163132379,bernoulli,bernoulli,5,completed
rep13,start_B,7,bernoulli,-49.99875269325882,99.99750538651764,,bfgs,9,True,6.418881337566518e-09,False,0.5677337589993591,bernoulli,bernoulli,5,completed
rep13,start_B,7,poisson,-74.00052241785355,148.0010448357071,,bfgs,11,True,9.754081986557139e-11,True,0.19644273946970348,bernoulli,bernoulli,5,completed
rep13,start_B,8,bernoulli,-48.480505785084084,96.96101157016817,,bfgs,8,False,2.865767809723252e-08,False,0.6495583593398966,bernoulli,bernoulli,5,completed
rep13,start_B,8,poisson,-73.75579604735759,147.51159209471518,,bfgs,12,True,1.0642823067286145e-09,False,0.17614294918939566,bernoulli,bernoulli,5,completed
rep14,start_B,3,bernoulli,-51.960172713674275,103.92034542734855,,bfgs,4,True,3.4638958368304883e-15,True,0.05256281595081741,bernoulli,bernoulli,1,completed
rep14,start_B,3,poisson,-74.97558212018613,149.95116424037226,,bfgs,4,True,5.135447622706124e-13,True,0.025520642441819057,bernoulli,bernoulli,1,completed
rep14,start_B,4,bernoulli,-50.91772687626333,101.83545375252666,,bfgs,4,True,3.377298440909726e-14,True,0.3473899624279573,bernoulli,bernoulli,1,completed
rep14,start_B,4,poisson,-74.81041544370328,149.62083088740656,,bfgs,5,True,5.537792446830281e-14,True,0.07083514535197626,bernoulli,bernoulli,1,completed
rep14,start_B,5,bernoulli,-50.11066478153417,100.22132956306834,,bfgs,5,True,2.3092638912203257e-15,True,0.4703800306924369,bernoulli,bernoulli,1,completed
rep14,start_B,5,poisson,-74.64466089800598,149.28932179601196,,bfgs,5,True,6.803446694902959e-14,True,0.09672174878085749,bernoulli,bernoulli,1,completed
rep14,start_B,6,bernoulli,-51.9845903827654,103.9691807655308,,bfgs,3,True,1.3500045525915994e-11,True,0.012429091223705308,bernoulli,bernoulli,1,completed
rep14,start_B,6,poisson,-74.9967709028523,149.9935418057046,,bfgs,3,True,8.054232836229858e-11,True,0.009280623054755131,bernoulli,bernoulli,1,completed
rep14,start_B,7,bernoulli,-48.58153709226959,97.16307418453918,,bfgs,4,True,7.476101959724702e-11,True,0.6605243285687447,bernoulli,bernoulli,1,completed
rep14,start_B,7,poisson,-74.33419525790175,148.6683905158035,,bfgs,5,True,8.466560785791444e-14,True,0.131783343263147,bernoulli,bernoulli,1,completed
rep14,start_B,8,bernoulli,-51.985992710396445,103.97198542079289,,bfgs,4,True,6.734785173989622e-10,False,0.002211044122093848,bernoulli,bernoulli,1,completed
rep14,start_B,8,poisson,-74.99372099415697,149.98744198831395,,bfgs,4,True,2.575717417130363e-15,True,0.012941728666234205,bernoulli,bernoulli,1,completed
rep14,start_B,3,bernoulli,-51.50847698446766,103.01695396893533,,bfgs,5,True,3.545306270780202e-11,True,0.2511814053596641,bernoulli,bernoulli,2,completed
rep14,start_B,3,poisson,-74.95846384096163,149.91692768192326,,bfgs,6,True,2.6989380105812976e-10,False,0.035297898196463784,bernoulli,bernoulli,2,completed
rep14,start_B,4,bernoulli,-51.00330630518388,102.00661261036775,,bfgs,5,True,3.275109738964943e-10,False,0.31018675926175954,bernoulli,bernoulli,2,completed
rep14,start_B,4,poisson,-74.76627593940526,149.53255187881052,,bfgs,6,True,3.7618014259166445e-11,True,0.07786552764091786,bernoulli,bernoulli,2,completed
rep14,start_B,5,bernoulli,-50.081204981179766,100.16240996235953,,bfgs,6,True,8.256728634137289e-12,True,0.4348155693705291,bernoulli,bernoulli,2,completed
rep14,start_B,5,poisson,-74.61668513761865,149.2333702752373,,bfgs,7,True,1.4851550544925373e-12,True,0.0942280187344911,bernoulli,bernoulli,2,completed
rep14,start_B,6,bernoulli,-50.7515536400645,101.503107280129,,bfgs,6,True,1.0934098071402332e-11,True,0.40834049706352693,bernoulli,bernoulli,2,completed
rep14,start_B,6,poisson,-74.46235891491887,148.92471782983773,,bfgs,6,True,4.0641276455311016e-11,True,0.1303853129668196,bernoulli,bernoulli,2,completed
rep14,start_B,7,bernoulli,-47.53064628610537,95.06129257221075,,bfgs,5,True,6.640328287232933e-11,True,0.7484438930606241,bernoulli,bernoulli,2,completed
rep14,start_B,7,poisson,-74.28364982126165,148.5672996425233,,bfgs,9,True,9.100187270405513e-12,True,0.1369836936757138,bernoulli,bernoulli,2,completed
rep14,start_B,8,bernoulli,-51.405458968721554,102.81091793744311,,bfgs,5,True,4.564466582479554e-10,False,0.2765664012684541,bernoulli,bernoulli,2,completed
rep14,start_B,8,poisson,-74.68138418454888,149.36276836909775,,bfgs,6,True,4.482440460473747e-12,True,0.10028354476278388,bernoulli,bernoulli,2,completed
rep14,start_B,3,bernoulli,-48.602348236869155,97.20469647373831,,bfgs,6,True,3.598454867415057e-13,True,0.6580884959846866,bernoulli,bernoulli,3,completed
rep14,start_B,3,poisson,-74.43837145268773,148.87674290537547,,bfgs,10,True,9.278208978891201e-10,False,0.12695814731679936,bernoulli,bernoulli,3,completed
rep14,start_B,4,bernoulli,-47.76279183155741,95.52558366311482,,bfgs,6,True,7.76831932114419e-12,True,0.7247947230194721,bernoulli,bernoulli,3,completed
rep14,start_B,4,poisson,-73.69418651540204,147.38837303080408,,bfgs,9,True,6.923798330157882e-09,False,0.18577062882950449,bernoulli,bernoulli,3,completed
rep14,start_B,5,bernoulli,-49.577110157669935,99.15422031533987,,bfgs,8,True,2.6900703886667543e-12,True,0.5029565198059989,bernoulli,bernoulli,3,completed
rep14,start_B,5,poisson,-74.57233966918187,149.14467933836374,,bfgs,11,True,1.385380143936743e-11,True,0.10215468620792828,bernoulli,bernoulli,3,completed
rep14,start_B,6,bernoulli,-49.276731871173126,98.55346374234625,,bfgs,7,True,1.6654304602070623e-10,False,0.6025323586329572,bernoulli,bernoulli,3,completed
rep14,start_B,6,poisson,-73.7932020160893,147.5864040321786,,bfgs,8,True,9.806001843859491e-12,True,0.18982300812660147,bernoulli,bernoulli,3,completed
rep14,start_B,7,bernoulli,-46.060638223471514,92.12127644694303,,bfgs,7,False,5.056666156910694e-08,False,0.8698799332931265,bernoulli,bernoulli,3,completed
rep14,start_B,7,poisson,-73.87641939121364,147.7528387824273,,bfgs,12,True,2.7849216266417897e-10,False,0.1661192509092703,bernoulli,bernoulli,3,completed
rep14,start_B,8,bernoulli,-48.75666752951509,97.51333505903018,,bfgs,8,False,1.1935933041939962e-08,False,0.6425648807776596,bernoulli,bernoulli,3,completed
rep14,start_B,8,poisson,-73.7291619851987,147.4583239703974,,bfgs,12,False,4.924228567404487e-08,False,0.1926940163758858,bernoulli,bernoulli,3,completed
rep14,start_B,3,bernoulli,-49.06894191578762,98.13788383157524,,bfgs,8,True,3.6440201967025133e-10,False,0.5984343371383096,bernoulli,bernoulli,4,completed
rep14,start_B,3,poisson,-74.57237262010854,149.14474524021708,,bfgs,11,False,3.921121739108857e-07,False,0.10535896118060424,bernoulli,bernoulli,4,completed
rep14,start_B,4,bernoulli,-46.931572308594255,93.86314461718851,,bfgs,9,True,1.0798029137504273e-12,True,0.815222919348114,bernoulli,bernoulli,4,completed
rep14,start_B,4,poisson,-73.18722139590969,146.37444279181938,,bfgs,14,True,2.1291498564224298e-10,False,0.23370190988991174,bernoulli,bernoulli,4,completed
rep14,start_B,5,bernoulli,-48.97764229245368,97.95528458490736,,bfgs,8,True,1.0903722369448588e-12,True,0.5265162520324688,bernoulli,bernoulli,4,completed
rep14,start_B,5,poisson,-74.11669080664281,148.23338161328562,,bfgs,12,True,8.805900453268122e-13,True,0.15323221787525118,bernoulli,bernoulli,4,completed
rep14,start_B,6,bernoulli,-49.651918514779105,99.30383702955821,,bfgs,7,False,3.311286960183679e-08,False,0.5322687090466593,bernoulli,bernoulli,4,completed
rep14,start_B,6,poisson,-73.71195989232532,147.42391978465065,,bfgs,9,True,1.6808520960504002e-09,False,0.19637294545215336,bernoulli,bernoulli,4,completed
rep14,start_B,7,bernoulli,-44.221673174455304,88.44334634891061,,bfgs,10,True,8.430567355333097e-12,True,1.1427103510673673,bernoulli,bernoulli,4,completed
rep14,start_B,7,poisson,-72.87747035902717,145.75494071805434,,bfgs,13,True,4.392076080605989e-09,False,0.2828621175290345,bernoulli,bernoulli,4,completed
rep14,start_B,8,bernoulli,-48.042534577761565,96.08506915552313,,bfgs,8,True,1.499044444130959e-10,False,0.7282692710287736,bernoulli,bernoulli,4,completed
rep14,start_B,8,poisson,-73.78034178216146,147.56068356432291,,bfgs,12,False,3.658004227302669e-08,False,0.18050538993049947,bernoulli,bernoulli,4,completed
rep14,start_B,3,bernoulli,-47.439431291923505,94.87886258384701,,bfgs,9,True,7.539391333466483e-12,True,0.7159095417982456,bernoulli,bernoulli,5,completed
rep14,start_B,3,poisson,-73.838059584711,147.676119169422,,bfgs,11,False,3.8837585170092835e-08,False,0.1874918721499305,bernoulli,bernoulli,5,completed
rep14,start_B,4,bernoulli,-46.23187044859158,92.46374089718316,,bfgs,10,True,3.0357999447616634e-11,True,1.0024793457090369,bernoulli,bernoulli,5,completed
rep14,start_B,4,poisson,-72.66602985927588,145.33205971855176,,bfgs,15,False,1.037405366055566e-08,False,0.3072475536014939,bernoulli,bernoulli,5,completed
rep14,start_B,5,bernoulli,-47.01170585267887,94.02341170535774,,bfgs,9,True,5.5560074985194776e-09,False,0.9027240804791918,bernoulli,bernoulli,5,completed
rep14,start_B,5,poisson,-73.0387013774073,146.0774027548146,,bfgs,16,False,5.9263310003832e-08,False,0.2902934264723071,bernoulli,bernoulli,5,completed
rep14,start_B,6,bernoulli,-45.969153887490236,91.93830777498047,,bfgs,10,True,1.2547136662988124e-10,False,1.0077901262877351,bernoulli,bernoulli,5,completed
rep14,start_B,6,poisson,-73.42534117118335,146.8506823423667,,bfgs,15,False,3.8205633162702314e-08,False,0.2118112275481682,bernoulli,bernoulli,5,completed
rep14,start_B,7,bernoulli,-43.39007232756622,86.78014465513245,,bfgs,8,False,2.41036965320518e-07,False,1.2210062033220428,bernoulli,bernoulli,5,completed
rep14,start_B,7,poisson,-72.40266460886998,144.80532921773997,,bfgs,15,True,1.8749446439869643e-13,True,0.32818752721022754,bernoulli,bernoulli,5,completed
rep14,start_B,8,bernoulli,-46.99107428146556,93.98214856293112,,bfgs,11,True,3.6656933044554306e-11,True,0.776060619535549,bernoulli,bernoulli,5,completed
rep14,start_B,8,poisson,-73.56321925950587,147.12643851901174,,bfgs,14,True,4.982636248040961e-11,True,0.18856487245802828,bernoulli,bernoulli,5,completed
rep15,start_B,3,bernoulli,-50.47658092565722,100.95316185131443,,bfgs,4,True,3.0198066269804257e-15,True,0.41283402456491936,bernoulli,bernoulli,1,completed
rep15,start_B,3,poisson,-74.83845606788535,149.6769121357707,,bfgs,5,True,6.826539333815163e-13,True,0.06494667102322031,bernoulli,bernoulli,1,completed
rep15,start_B,4,bernoulli,-51.982788400080516,103.96557680016103,,bfgs,3,True,7.727152251391089e-15,True,0.018620524873009688,bernoulli,bernoulli,1,completed
rep15,start_B,4,poisson,-74.94539561716053,149.89079123432106,,bfgs,4,True,3.0198066269804257e-15,True,0.0383467932017417,bernoulli,bernoulli,1,completed
rep15,start_B,5,bernoulli,-51.984443099385146,103.96888619877029,,bfgs,3,True,1.3322676295501878e-15,True,0.013045715758303784,bernoulli,bernoulli,1,completed
rep15,start_B,5,poisson,-74.96578073256144,149.93156146512288,,bfgs,4,True,3.3306690738754696e-12,True,0.030327732714979183,bernoulli,bernoulli,1,completed
rep15,start_B,6,bernoulli,-51.96363038090218,103.92726076180436,,bfgs,3,True,1.892841439143922e-12,True,0.048910202942480815,bernoulli,bernoulli,1,completed
rep15,start_B,6,poisson,-74.98311760172922,149.96623520345844,,bfgs,4,True,3.339337695251743e-11,True,0.021278255172246796,bernoulli,bernoulli,1,completed
rep15,start_B,7,bernoulli,-51.74057236110192,103.48114472220384,,bfgs,2,False,9.183444551474907e-08,False,0.16255708411219552,bernoulli,bernoulli,1,completed
rep15,start_B,7,poisson,-74.99817314478705,149.9963462895741,,bfgs,5,True,1.0658141036401502e-15,True,0.006972741579800003,bernoulli,bernoulli,1,completed
rep15,start_B,8,bernoulli,-50.17510706731766,100.35021413463532,,bfgs,3,True,9.558856817193374e-10,False,0.4547855750767547,bernoulli,bernoulli,1,completed
rep15,start_B,8,poisson,-74.79020254811361,149.58040509622722,,bfgs,5,True,3.8617997688561446e-13,True,0.07389024122339811,bernoulli,bernoulli,1,completed
rep15,start_B,3,bernoulli,-49.3561796555898,98.7123593111796,,bfgs,5,True,5.268674385661143e-13,True,0.530948950215196,bernoulli,bernoulli,2,completed
rep15,start_B,3,poisson,-74.41869813852657,148.83739627705313,,bfgs,6,True,1.456041953673548e-11,True,0.12337328653702585,bernoulli,bernoulli,2,completed
rep15,start_B,4,bernoulli,-42.62500369371272,85.25000738742544,,bfgs,6,False,1.4697369965510631e-08,False,1.2627062904176247,bernoulli,bernoulli,2,completed
rep15,start_B,4,poisson,-72.23053022320974,144.46106044641948,,bfgs,8,True,3.7260772245417685e-11,True,0.2827052954700537,bernoulli,bernoulli,2,completed
rep15,start_B,5,bernoulli,-50.01019769919914,100.02039539839828,,bfgs,4,True,1.0173728526297055e-11,True,0.5010514752411781,bernoulli,bernoulli,2,completed
rep15,start_B,5,poisson,-74.72049188666156,149.44098377332313,,bfgs,6,True,2.4385781484392855e-10,False,0.0882281296371212,bernoulli,bernoulli,2,completed
rep15,start_B,6,bernoulli,-48.93671233251497,97.87342466502994,,bfgs,6,True,4.662936703425657e-13,True,0.6355727035565699,bernoulli,bernoulli,2,completed
rep15,start_B,6,poisson,-74.54912217372842,149.09824434745684,,bfgs,10,True,1.4797274516809012e-12,True,0.1130430791765222,bernoulli,bernoulli,2,completed
rep15,start_B,7,bernoulli,-51.51602731480067,103.03205462960133,,bfgs,5,True,2.3064217202772854e-12,True,0.23189664308541,bernoulli,bernoulli,2,completed
rep15,start_B,7,poisson,-74.99515793580144,149.9903158716029,,bfgs,6,True,1.312144171095042e-10,False,0.011792227024243974,bernoulli,bernoulli,2,completed
rep15,start_B,8,bernoulli,-44.718655303665045,89.43731060733009,,bfgs,5,True,2.5066115849625702e-12,True,1.035456205986719,bernoulli,bernoulli,2,completed
rep15,start_B,8,poisson,-73.96491742555595,147.9298348511119,,bfgs,8,True,9.036549286633999e-13,True,0.16983341815264322,bernoulli,bernoulli,2,completed
rep15,start_B,3,bernoulli,-48.22615698813733,96.45231397627467,,bfgs,7,True,7.651665967500776e-11,True,0.6799807792946245,bernoulli,bernoulli,3,completed
rep15,start_B,3,poisson,-73.96839229524028,147.93678459048056,,bfgs,11,True,1.6600343322181743e-10,False,0.17231336921720197,bernoulli,bernoulli,3,completed
rep15,start_B,4,bernoulli,-39.26012980697824,78.52025961395648,,bfgs,6,True,1.5613181858498136e-10,False,1.5514951628797296,bernoulli,bernoulli,3,completed
rep15,start_B,4,poisson,-71.47320622458855,142.9464124491771,,bfgs,10,True,4.1700640718289606e-09,False,0.31807836985491794,bernoulli,bernoulli,3,completed
rep15,start_B,5,bernoulli,-50.288135715307156,100.57627143061431,,bfgs,7,True,1.6579582151621253e-11,True,0.4516386001281479,bernoulli,bernoulli,3,completed
rep15,start_B,5,poisson,-74.71804564518614,149.43609129037227,,bfgs,7,True,4.404803188862161e-11,True,0.08612520659726192,bernoulli,bernoulli,3,completed
rep15,start_B,6,bernoulli,-47.227347244563404,94.45469448912681,,bfgs,6,True,1.4299672557172016e-13,True,0.7897059518269727,bernoulli,bernoulli,3,completed
rep15,start_B,6,poisson,-73.82119496662969,147.64238993325938,,bfgs,11,True,2.2851720515859597e-12,True,0.179761645954428,bernoulli,bernoulli,3,completed
rep15,start_B,7,bernoulli,-51.35751349469265,102.7150269893853,,bfgs,7,True,3.180677943248611e-13,True,0.2621843540484467,bernoulli,bernoulli,3,completed
rep15,start_B,7,poisson,-74.86991378917796,149.73982757835591,,bfgs,7,False,7.800964194615289e-08,False,0.06158997166797338,bernoulli,bernoulli,3,completed
rep15,start_B,8,bernoulli,-44.72080289952886,89.44160579905773,,bfgs,8,True,2.0947354961720067e-12,True,1.0068840495953288,bernoulli,bernoulli,3,completed
rep15,start_B,8,poisson,-73.77737968603694,147.55475937207387,,bfgs,10,True,3.3944379751460473e-09,False,0.18069514727656213,bernoulli,bernoulli,3,completed
rep15,start_B,3,bernoulli,-49.24202962491766,98.48405924983533,,bfgs,8,True,3.9796983486439786e-10,False,0.5064563468089351,bernoulli,bernoulli,4,completed
rep15,start_B,3,poisson,-73.96519557440934,147.93039114881867,,bfgs,9,True,5.850942230711809e-10,False,0.16740586390646034,bernoulli,bernoulli,4,completed
rep15,start_B,4,bernoulli,-37.167185237575545,74.33437047515109,,bfgs,7,True,8.23588952592047e-10,False,1.8637520209186433,bernoulli,bernoulli,4,completed
rep15,start_B,4,poisson,-70.12863359402756,140.25726718805512,,bfgs,15,True,9.101912290532254e-09,False,0.4009449700934729,bernoulli,bernoulli,4,completed
rep15,start_B,5,bernoulli,-50.30325219976845,100.6065043995369,,bfgs,9,True,6.137423902430328e-13,True,0.43183096793254705,bernoulli,bernoulli,4,completed
rep15,start_B,5,poisson,-74.6478235007424,149.2956470014848,,bfgs,9,True,5.076862541475435e-12,True,0.10767873319888034,bernoulli,bernoulli,4,completed
rep15,start_B,6,bernoulli,-44.41283060373794,88.82566120747587,,bfgs,8,True,2.0552448631860898e-12,True,1.1049710138297957,bernoulli,bernoulli,4,completed
rep15,start_B,6,poisson,-72.75849995971203,145.51699991942405,,bfgs,12,True,1.850875008813091e-11,True,0.2795982840656357,bernoulli,bernoulli,4,completed
rep15,start_B,7,bernoulli,-49.91178988074673,99.82357976149346,,bfgs,7,True,1.09224060906854e-09,False,0.6410098235441853,bernoulli,bernoulli,4,completed
rep15,start_B,7,poisson,-74.67909804368523,149.35819608737046,,bfgs,10,True,7.664233692139533e-11,True,0.1110080652235192,bernoulli,bernoulli,4,completed
rep15,start_B,8,bernoulli,-44.70607980646535,89.4121596129307,,bfgs,9,True,4.127054253899587e-11,True,0.9519864136308805,bernoulli,bernoulli,4,completed
rep15,start_B,8,poisson,-73.71613101839304,147.43226203678608,,bfgs,12,True,9.066553730008309e-09,False,0.18285421016946635,bernoulli,bernoulli,4,completed
rep15,start_B,3,bernoulli,-46.49784128086884,92.99568256173768,,bfgs,9,True,1.1009334111022894e-09,False,0.9243071547975652,bernoulli,bernoulli,5,completed
rep15,start_B,3,poisson,-73.34601753013581,146.69203506027162,,bfgs,13,True,2.86150556583209e-09,False,0.2189104296925005,bernoulli,bernoulli,5,completed
rep15,start_B,4,bernoulli,-30.96374082183936,61.92748164367872,,bfgs,11,True,1.871009125409273e-10,False,2.900632429794529,bernoulli,bernoulli,5,completed
rep15,start_B,4,poisson,-69.77076293422824,139.5415258684565,,bfgs,20,False,1.1767855578881381e-08,False,0.408011817111175,bernoulli,bernoulli,5,completed
rep15,start_B,5,bernoulli,-48.977752666699736,97.95550533339947,,bfgs,9,True,2.263508491751054e-10,False,0.6049835952190099,bernoulli,bernoulli,5,completed
rep15,start_B,5,poisson,-74.42647507889797,148.85295015779593,,bfgs,10,True,4.917446450036778e-11,True,0.13834510303144673,bernoulli,bernoulli,5,completed
rep15,start_B,6,bernoulli,-40.93198728652162,81.86397457304324,,bfgs,9,True,7.427754544764298e-09,False,1.683605527043213,bernoulli,bernoulli,5,completed
rep15,start_B,6,poisson,-72.4190702884386,144.8381405768772,,bfgs,13,True,2.1038850661625474e-09,False,0.3042104213250249,bernoulli,bernoulli,5,completed
rep15,start_B,7,bernoulli,-48.13485766288377,96.26971532576754,,bfgs,9,True,7.485390085548715e-12,True,0.8482173793413413,bernoulli,bernoulli,5,completed
rep15,start_B,7,poisson,-73.524525509486,147.049051018972,,bfgs,11,True,6.472703795168399e-09,False,0.24321477900235244,bernoulli,bernoulli,5,completed
rep15,start_B,8,bernoulli,-41.23290529498187,82.46581058996374,,bfgs,10,True,3.366102951929406e-11,True,1.298722421561997,bernoulli,bernoulli,5,completed
rep15,start_B,8,poisson,-73.24392190676511,146.48784381353022,,bfgs,12,True,2.3701209883597587e-10,False,0.21023703696567875,bernoulli,bernoulli,5,completed
rep16,start_B,3,bernoulli,-51.59162118964106,103.18324237928212,,bfgs,4,True,5.95301585804009e-14,True,0.20670974621551266,bernoulli,bernoulli,1,completed
rep16,start_B,3,poisson,-74.9944718189286,149.9889436378572,,bfgs,5,True,3.0553337637684307e-14,True,0.012170688861592721,bernoulli,bernoulli,1,completed
rep16,start_B,4,bernoulli,-51.783962633183705,103.56792526636741,,bfgs,3,True,3.82804898890754e-14,True,0.14740082424222448,bernoulli,bernoulli,1,completed
rep16,start_B,4,poisson,-74.61867669808261,149.23735339616522,,bfgs,4,True,7.101288446165199e-11,True,0.1025810290070966,bernoulli,bernoulli,1,completed
rep16,start_B,5,bernoulli,-49.930480230624276,99.86096046124855,,bfgs,4,True,3.9204195445563526e-13,True,0.48737582958031944,bernoulli,bernoulli,1,completed
rep16,start_B,5,poisson,-74.89877684066019,149.79755368132038,,bfgs,5,True,4.546407694761001e-12,True,0.05137695659703023,bernoulli,bernoulli,1,completed
rep16,start_B,6,bernoulli,-51.483235263686325,102.96647052737265,,bfgs,4,True,1.4210854715202005e-15,True,0.23388609747864653,bernoulli,bernoulli,1,completed
rep16,start_B,6,poisson,-74.9988367551847,149.9976735103694,,bfgs,5,True,4.707345624410664e-13,True,0.005575726855303746,bernoulli,bernoulli,1,completed
rep16,start_B,7,bernoulli,-51.90269471691054,103.80538943382108,,bfgs,4,True,7.105427357601002e-16,True,0.09444185784018419,bernoulli,bernoulli,1,completed
rep16,start_B,7,poisson,-74.940398968697,149.880797937394,,bfgs,5,True,7.904787935331115e-15,True,0.04016812944892936,bernoulli,bernoulli,1,completed
rep16,start_B,8,bernoulli,-46.4214939319926,92.8429878639852,,bfgs,5,True,1.432187701766452e-15,True,0.857761242487637,bernoulli,bernoulli,1,completed
rep16,start_B,8,poisson,-72.58361772955797,145.16723545911594,,bfgs,6,True,8.881784197001253e-17,True,0.26158284597575326,bernoulli,bernoulli,1,completed
rep16,start_B,3,bernoulli,-49.635521634837296,99.27104326967459,,bfgs,4,True,3.879296883724237e-12,True,0.5297962640411086,bernoulli,bernoulli,2,completed
rep16,start_B,3,poisson,-74.69515063956455,149.3903012791291,,bfgs,6,True,1.888324163701327e-10,False,0.08875463197947536,bernoulli,bernoulli,2,completed
rep16,start_B,4,bernoulli,-51.165373170334576,102.33074634066915,,bfgs,6,True,1.5987211554602255e-15,True,0.2948801459591299,bernoulli,bernoulli,2,completed
rep16,start_B,4,poisson,-74.45734524199281,148.91469048398562,,bfgs,6,True,4.735323244631217e-13,True,0.12179668121250785,bernoulli,bernoulli,2,completed
rep16,start_B,5,bernoulli,-48.92163510960597,97.84327021921195,,bfgs,5,True,1.0357670277016951e-11,True,0.5962525362027682,bernoulli,bernoulli,2,completed
rep16,start_B,5,poisson,-74.59886599076609,149.19773198153217,,bfgs,7,True,2.427533729587594e-11,True,0.10078787999490427,bernoulli,bernoulli,2,completed
rep16,start_B,6,bernoulli,-50.444479454425974,100.88895890885195,,bfgs,6,True,8.943956686380261e-14,True,0.4245807634899509,bernoulli,bernoulli,2,completed
rep16,start_B,6,poisson,-74.86175873274013,149.72351746548026,,bfgs,8,True,1.912161298744941e-09,False,0.0599590739700029,bernoulli,bernoulli,2,completed
rep16,start_B,7,bernoulli,-50.739999952778895,101.47999990555779,,bfgs,5,True,3.295141937087465e-14,True,0.37411855494771645,bernoulli,bernoulli,2,completed
rep16,start_B,7,poisson,-74.75415647839142,149.50831295678285,,bfgs,6,True,1.0201658517949852e-09,False,0.07923913724623739,bernoulli,bernoulli,2,completed
rep16,start_B,8,bernoulli,-45.45518861476841,90.91037722953682,,bfgs,4,True,7.114149003228931e-09,False,0.9561863784471065,bernoulli,bernoulli,2,completed
rep16,start_B,8,poisson,-72.2374827032109,144.4749654064218,,bfgs,8,True,1.1894218943098167e-10,False,0.28550660228720753,bernoulli,bernoulli,2,completed
rep16,start_B,3,bernoulli,-47.60308053963524,95.20616107927049,,bfgs,7,True,7.579217253805836e-11,True,0.8178045910776808,bernoulli,bernoulli,3,completed
rep16,start_B,3,poisson,-74.30803757128066,148.61607514256133,,bfgs,11,True,2.602362769721367e-14,True,0.1443099866098552,bernoulli,bernoulli,3,completed
rep16,start_B,4,bernoulli,-50.991853556943475,101.98370711388695,,bfgs,7,True,4.869917802352575e-11,True,0.34078327381963763,bernoulli,bernoulli,3,completed
rep16,start_B,4,poisson,-74.4243355445803,148.8486710891606,,bfgs,9,True,1.2694179041261577e-11,True,0.119390757830251,bernoulli,bernoulli,3,completed
rep16,start_B,5,bernoulli,-46.126008226716934,92.25201645343387,,bfgs,7,True,1.8808954393989552e-10,False,0.8749856213770615,bernoulli,bernoulli,3,completed
rep16,start_B,5,poisson,-73.76885506929682,147.53771013859364,,bfgs,11,True,8.788752836608182e-10,False,0.19220239283102838,bernoulli,bernoulli,3,completed
rep16,start_B,6,bernoulli,-51.02571099108599,102.05142198217197,,bfgs,7,True,5.2728577060179303e-11,True,0.3215854026118981,bernoulli,bernoulli,3,completed
rep16,start_B,6,poisson,-74.91851851928836,149.8370370385767,,bfgs,8,True,3.5319455693461066e-12,True,0.044066544142011665,bernoulli,bernoulli,3,completed
rep16,start_B,7,bernoulli,-47.58046757851833,95.16093515703666,,bfgs,8,True,1.829647544582258e-14,True,0.8024677716278166,bernoulli,bernoulli,3,completed
rep16,start_B,7,poisson,-73.77307271717147,147.54614543434295,,bfgs,10,True,4.220573890378887e-11,True,0.20099600424800235,bernoulli,bernoulli,3,completed
rep16,start_B,8,bernoulli,-45.366820068289464,90.73364013657893,,bfgs,8,True,4.827218624825491e-11,True,0.9099837073684522,bernoulli,bernoulli,3,completed
rep16,start_B,8,poisson,-72.22908973527296,144.45817947054593,,bfgs,9,True,3.6979219686372745e-11,True,0.26917978320411073,bernoulli,bernoulli,3,completed
rep16,start_B,3,bernoulli,-46.990942838431394,93.98188567686279,,bfgs,7,True,3.586754171447382e-10,False,0.8219204839546441,bernoulli,bernoulli,4,completed
rep16,start_B,3,poisson,-73.99224614358774,147.98449228717547,,bfgs,14,True,5.5531357290306e-12,True,0.1970163269617322,bernoulli,bernoulli,4,completed
rep16,start_B,4,bernoulli,-48.24711570573099,96.49423141146198,,bfgs,8,True,2.734039661334009e-11,True,0.8683213171184899,bernoulli,bernoulli,4,completed
rep16,start_B,4,poisson,-74.34115095173449,148.68230190346898,,bfgs,11,True,1.5428741617640185e-12,True,0.12568694749182852,bernoulli,bernoulli,4,completed
rep16,start_B,5,bernoulli,-46.4477409504553,92.8954819009106,,bfgs,9,True,8.93720653039054e-12,True,0.8934877266556507,bernoulli,bernoulli,4,completed
rep16,start_B,5,poisson,-72.84021012258265,145.6804202451653,,bfgs,14,True,2.416769007140829e-11,True,0.29564136914038186,bernoulli,bernoulli,4,completed
rep16,start_B,6,bernoulli,-50.1455865537111,100.2911731074222,,bfgs,8,True,6.304912147925279e-11,True,0.530880518564801,bernoulli,bernoulli,4,completed
rep16,start_B,6,poisson,-74.04193944219845,148.0838788843969,,bfgs,9,True,7.984726491105931e-11,True,0.2259999467853778,bernoulli,bernoulli,4,completed
rep16,start_B,7,bernoulli,-47.35760125373092,94.71520250746184,,bfgs,9,True,5.01147745524122e-10,False,0.8047348128794963,bernoulli,bernoulli,4,completed
rep16,start_B,7,poisson,-72.85565139974881,145.71130279949762,,bfgs,12,False,1.5422315691182576e-08,False,0.285375456658869,bernoulli,bernoulli,4,completed
rep16,start_B,8,bernoulli,-45.21438886624732,90.42877773249464,,bfgs,8,True,1.7561840870428114e-11,True,0.8661651352471292,bernoulli,bernoulli,4,completed
rep16,start_B,8,poisson,-71.53782104949087,143.07564209898175,,bfgs,14,True,1.9475621115816465e-11,True,0.31203631082876726,bernoulli,bernoulli,4,completed
rep16,start_B,3,bernoulli,-47.284099353942246,94.56819870788449,,bfgs,10,True,4.517275442594837e-13,True,0.8079367232535034,bernoulli,bernoulli,5,completed
rep16,start_B,3,poisson,-73.79887303395817,147.59774606791635,,bfgs,14,False,3.5927551778058844e-08,False,0.2049380427501852,bernoulli,bernoulli,5,completed
rep16,start_B,4,bernoulli,-47.36530549828165,94.7306109965633,,bfgs,9,True,5.140456948993233e-11,True,0.947019605457566,bernoulli,bernoulli,5,completed
rep16,start_B,4,poisson,-74.31193420856216,148.62386841712433,,bfgs,12,False,2.508353745822589e-08,False,0.11918638176586854,bernoulli,bernoulli,5,completed
rep16,start_B,5,bernoulli,-36.83689488402613,73.67378976805226,,bfgs,10,True,2.740059179551224e-10,False,2.1215956204833533,bernoulli,bernoulli,5,completed
rep16,start_B,5,poisson,-69.86013616701538,139.72027233403077,,bfgs,16,False,5.674000789213096e-08,False,0.4838671226737757,bernoulli,bernoulli,5,completed
rep16,start_B,6,bernoulli,-50.85281977120299,101.70563954240598,,bfgs,9,True,9.76041425460039e-10,False,0.3299080437994892,bernoulli,bernoulli,5,completed
rep16,start_B,6,poisson,-74.10896980527582,148.21793961055164,,bfgs,12,True,1.2491625511756866e-10,False,0.20356485805037908,bernoulli,bernoulli,5,completed
rep16,start_B,7,bernoulli,-45.00701142815933,90.01402285631866,,bfgs,9,True,1.0078151646553123e-10,False,1.0668530913455212,bernoulli,bernoulli,5,completed
rep16,start_B,7,poisson,-72.69881994055532,145.39763988111065,,bfgs,12,True,7.82479894212429e-09,False,0.2745092671338669,bernoulli,bernoulli,5,completed
rep16,start_B,8,bernoulli,-44.68031797650597,89.36063595301194,,bfgs,10,True,1.5113021945012406e-12,True,0.8598307761842504,bernoulli,bernoulli,5,completed
rep16,start_B,8,poisson,-71.58764910747139,143.17529821494279,,bfgs,14,True,7.516727684730995e-10,False,0.2823666875799431,bernoulli,bernoulli,5,completed
rep17,start_B,3,bernoulli,-51.803755369531494,103.60751073906299,,bfgs,4,False,3.064725140333735e-08,False,0.14018496766305774,bernoulli,bernoulli,1,completed
rep17,start_B,3,poisson,-74.8719115070347,149.7438230140694,,bfgs,5,True,3.552713678800501e-16,True,0.058694739374750365,bernoulli,bernoulli,1,completed
rep17,start_B,4,bernoulli,-51.97450426724424,103.94900853448848,,bfgs,4,True,6.4911498398601e-11,True,0.035087795650969686,bernoulli,bernoulli,1,completed
rep17,start_B,4,poisson,-74.60816594303103,149.21633188606205,,bfgs,4,True,2.639986007579864e-10,False,0.10272761962265728,bernoulli,bernoulli,1,completed
rep17,start_B,5,bernoulli,-50.63567329879519,101.27134659759038,,bfgs,4,True,5.715613726753333e-09,False,0.394677444619745,bernoulli,bernoulli,1,completed
rep17,start_B,5,poisson,-74.99998849438126,149.9999769887625,,bfgs,8,True,8.104450444079702e-12,True,0.0005538778759759927,bernoulli,bernoulli,1,completed
rep17,start_B,6,bernoulli,-50.73822126257117,101.47644252514235,,bfgs,4,True,1.1990408665951691e-15,True,0.37827913657324475,bernoulli,bernoulli,1,completed
rep17,start_B,6,poisson,-74.99966596997338,149.99933193994676,,bfgs,5,True,6.430411758628907e-14,True,0.002985459756205345,bernoulli,bernoulli,1,completed
rep17,start_B,7,bernoulli,-46.52308036295644,93.04616072591288,,bfgs,4,True,1.4535705972207325e-12,True,0.8904270706543117,bernoulli,bernoulli,1,completed
rep17,start_B,7,poisson,-74.71140630550424,149.42281261100848,,bfgs,6,True,5.932285773724289e-11,True,0.08659056150484762,bernoulli,bernoulli,1,completed
rep17,start_B,8,bernoulli,-51.87968390051746,103.75936780103493,,bfgs,4,True,2.6645352591003757e-15,True,0.10684231195691889,bernoulli,bernoulli,1,completed
rep17,start_B,8,poisson,-74.45875940493526,148.91751880987053,,bfgs,4,True,7.993605777301127e-16,True,0.12068981688438765,bernoulli,bernoulli,1,completed
rep17,start_B,3,bernoulli,-51.93122142660902,103.86244285321804,,bfgs,5,True,6.696865284538945e-14,True,0.0726237125489896,bernoulli,bernoulli,2,completed
rep17,start_B,3,poisson,-74.53177365965152,149.06354731930304,,bfgs,7,True,8.281437757773347e-10,False,0.11143300957942712,bernoulli,bernoulli,2,completed
rep17,start_B,4,bernoulli,-51.812621535523974,103.62524307104795,,bfgs,5,True,8.874609935816125e-11,True,0.1393144966422448,bernoulli,bernoulli,2,completed
rep17,start_B,4,poisson,-74.44857667151332,148.89715334302664,,bfgs,7,True,2.582429825537247e-11,True,0.12295530803386825,bernoulli,bernoulli,2,completed
rep17,start_B,5,bernoulli,-49.10433952091023,98.20867904182046,,bfgs,5,True,1.458499987450068e-11,True,0.6479225674147324,bernoulli,bernoulli,2,completed
rep17,start_B,5,poisson,-74.23840544648947,148.47681089297893,,bfgs,6,True,4.353645888244273e-10,False,0.14237779364073816,bernoulli,bernoulli,2,completed
rep17,start_B,6,bernoulli,-48.80117921112638,97.60235842225276,,bfgs,5,True,9.977396686622341e-12,True,0.5856690551657028,bernoulli,bernoulli,2,completed
rep17,start_B,6,poisson,-74.9277738791104,149.8555477582208,,bfgs,9,True,7.012742775369674e-10,False,0.043972941914657476,bernoulli,bernoulli,2,completed
rep17,start_B,7,bernoulli,-47.74832920898965,95.4966584179793,,bfgs,5,True,2.7083446596520842e-12,True,0.7019978695251012,bernoulli,bernoulli,2,completed
rep17,start_B,7,poisson,-74.93917317899904,149.87834635799808,,bfgs,11,True,1.8243184740640573e-13,True,0.03789077319931607,bernoulli,bernoulli,2,completed
rep17,start_B,8,bernoulli,-51.40637720137598,102.81275440275196,,bfgs,6,True,2.2390977960640157e-12,True,0.27237484166767506,bernoulli,bernoulli,2,completed
rep17,start_B,8,poisson,-74.4796725874969,148.9593451749938,,bfgs,5,False,2.17219333631391e-08,False,0.11227704224114174,bernoulli,bernoulli,2,completed
rep17,start_B,3,bernoulli,-49.04863494276267,98.09726988552534,,bfgs,6,True,4.2699670466106453e-10,False,0.6623611656440428,bernoulli,bernoulli,3,completed
rep17,start_B,3,poisson,-74.38440479634077,148.76880959268155,,bfgs,11,True,1.0537348771322287e-12,True,0.12575222343254538,bernoulli,bernoulli,3,completed
rep17,start_B,4,bernoulli,-51.47634894431244,102.95269788862488,,bfgs,8,True,1.2949641359227827e-13,True,0.26153799433483016,bernoulli,bernoulli,3,completed
rep17,start_B,4,poisson,-74.36448747883178,148.72897495766355,,bfgs,10,True,6.970415911133898e-11,True,0.12319873109654375,bernoulli,bernoulli,3,completed
rep17,start_B,5,bernoulli,-48.844369713140054,97.68873942628011,,bfgs,6,True,3.0165914211011116e-11,True,0.6535505136135867,bernoulli,bernoulli,3,completed
rep17,start_B,5,poisson,-74.15165497291771,148.30330994583542,,bfgs,12,True,3.6101859279824565e-10,False,0.14731026269457115,bernoulli,bernoulli,3,completed
rep17,start_B,6,bernoulli,-49.01278418806355,98.0255683761271,,bfgs,6,False,8.872963952466506e-08,False,0.537836034379186,bernoulli,bernoulli,3,completed
rep17,start_B,6,poisson,-74.61868185882561,149.23736371765122,,bfgs,12,True,6.199043778298829e-11,True,0.10916425974279903,bernoulli,bernoulli,3,completed
rep17,start_B,7,bernoulli,-45.04174957029346,90.08349914058692,,bfgs,7,True,6.755554726733948e-10,False,0.9416904405359219,bernoulli,bernoulli,3,completed
rep17,start_B,7,poisson,-74.81366067520727,149.62732135041455,,bfgs,10,True,6.332179225410073e-11,True,0.07175497494020316,bernoulli,bernoulli,3,completed
rep17,start_B,8,bernoulli,-42.903079270920514,85.80615854184103,,bfgs,6,True,3.03655767197597e-11,True,1.3381232570866026,bernoulli,bernoulli,3,completed
rep17,start_B,8,poisson,-71.16704482275506,142.33408964551012,,bfgs,11,True,6.499694116257615e-11,True,0.34655226997953237,bernoulli,bernoulli,3,completed
rep17,start_B,3,bernoulli,-48.36071316729296,96.72142633458591,,bfgs,9,True,3.855049612866423e-12,True,0.6702151927249929,bernoulli,bernoulli,4,completed
rep17,start_B,3,poisson,-74.3659509045666,148.7319018091332,,bfgs,13,True,1.404778515734506e-11,True,0.1225862908891142,bernoulli,bernoulli,4,completed
rep17,start_B,4,bernoulli,-51.55398161725018,103.10796323450036,,bfgs,8,True,2.2390977960640157e-13,True,0.22603537568230575,bernoulli,bernoulli,4,completed
rep17,start_B,4,poisson,-74.41424681351756,148.82849362703513,,bfgs,11,True,1.890191891895654e-10,False,0.11250184358336286,bernoulli,bernoulli,4,completed
rep17,start_B,5,bernoulli,-49.29846240150924,98.59692480301848,,bfgs,7,False,2.197479744836528e-08,False,0.559281593544154,bernoulli,bernoulli,4,completed
rep17,start_B,5,poisson,-74.22986161566502,148.45972323133003,,bfgs,9,True,1.6742307540340562e-10,False,0.13246015000509787,bernoulli,bernoulli,4,completed
rep17,start_B,6,bernoulli,-48.13596717534189,96.27193435068378,,bfgs,8,True,4.1399076389225795e-10,False,0.6588682726340864,bernoulli,bernoulli,4,completed
rep17,start_B,6,poisson,-74.29966901119761,148.59933802239522,,bfgs,14,True,2.3216459310582138e-11,True,0.15010299394046236,bernoulli,bernoulli,4,completed
rep17,start_B,7,bernoulli,-43.403449243698205,86.80689848739641,,bfgs,8,True,3.294450268143123e-11,True,1.1014469996204377,bernoulli,bernoulli,4,completed
rep17,start_B,7,poisson,-74.56549621321781,149.13099242643563,,bfgs,14,True,1.2316050401750544e-10,False,0.12001176641128969,bernoulli,bernoulli,4,completed
rep17,start_B,8,bernoulli,-43.08789002929405,86.1757800585881,,bfgs,7,True,5.964494875776438e-09,False,1.2090281480149176,bernoulli,bernoulli,4,completed
rep17,start_B,8,poisson,-71.49963585406259,142.99927170812518,,bfgs,9,False,3.746598677967228e-07,False,0.30960394376424566,bernoulli,bernoulli,4,completed
rep17,start_B,3,bernoulli,-48.02444306469821,96.04888612939642,,bfgs,9,True,2.4884805327474168e-11,True,0.695186015252396,bernoulli,bernoulli,5,completed
rep17,start_B,3,poisson,-74.25196800872268,148.50393601744537,,bfgs,15,True,1.6149495962736183e-09,False,0.13144728227388514,bernoulli,bernoulli,5,completed
rep17,start_B,4,bernoulli,-51.629069448074645,103.25813889614929,,bfgs,9,True,1.5787371410169725e-14,True,0.19679384345875947,bernoulli,bernoulli,5,completed
rep17,start_B,4,poisson,-74.37724398331423,148.75448796662846,,bfgs,10,True,2.7187813264606397e-09,False,0.13332633216632872,bernoulli,bernoulli,5,completed
rep17,start_B,5,bernoulli,-47.41734131274849,94.83468262549698,,bfgs,9,True,8.337275314573844e-12,True,0.9325972793374481,bernoulli,bernoulli,5,completed
rep17,start_B,5,poisson,-73.39311713231886,146.78623426463773,,bfgs,14,True,8.575572607583127e-09,False,0.25604917901685575,bernoulli,bernoulli,5,completed
rep17,start_B,6,bernoulli,-47.44205767938278,94.88411535876556,,bfgs,10,True,9.865896988259238e-12,True,0.7844268830023281,bernoulli,bernoulli,5,completed
rep17,start_B,6,poisson,-74.43223489725656,148.86446979451313,,bfgs,14,True,1.2639134183700662e-10,False,0.12689884407236499,bernoulli,bernoulli,5,completed
rep17,start_B,7,bernoulli,-43.45768208771053,86.91536417542106,,bfgs,12,True,9.665734879149568e-12,True,1.1076243007119495,bernoulli,bernoulli,5,completed
rep17,start_B,7,poisson,-74.4280594368459,148.8561188736918,,bfgs,14,True,8.293781128543288e-09,False,0.13782886439404726,bernoulli,bernoulli,5,completed
rep17,start_B,8,bernoulli,-43.780815483758566,87.56163096751713,,bfgs,9,True,2.750523031558316e-10,False,1.0740254503374955,bernoulli,bernoulli,5,completed
rep17,start_B,8,poisson,-71.62376325988926,143.24752651977852,,bfgs,12,True,1.0272943384848078e-09,False,0.2967825146828042,bernoulli,bernoulli,5,completed
rep18,start_B,3,bernoulli,-49.29458720540275,98.5891744108055,,bfgs,5,True,2.575717417130363e-15,True,0.5634364325520385,bernoulli,bernoulli,1,completed
rep18,start_B,3,poisson,-74.58236093472814,149.1647218694563,,bfgs,6,False,2.371577265958269e-08,False,0.10466363312902525,bernoulli,bernoulli,1,completed
rep18,start_B,4,bernoulli,-49.99130199277071,99.98260398554142,,bfgs,4,True,7.223110998211269e-14,True,0.47867862493786506,bernoulli,bernoulli,1,completed
rep18,start_B,4,poisson,-74.26617823502913,148.53235647005826,,bfgs,5,True,3.108624468950438e-16,True,0.13980510049432035,bernoulli,bernoulli,1,completed
rep18,start_B,5,bernoulli,-48.9907354743906,97.9814709487812,,bfgs,3,False,1.7040238287080455e-08,False,0.5978639852760693,bernoulli,bernoulli,1,completed
rep18,start_B,5,poisson,-73.98308802555894,147.96617605111788,,bfgs,5,True,8.881784197001252e-16,True,0.16433389170147503,bernoulli,bernoulli,1,completed
rep18,start_B,6,bernoulli,-50.667761348315636,101.33552269663127,,bfgs,3,True,7.704947790898587e-15,True,0.38422721273091004,bernoulli,bernoulli,1,completed
rep18,start_B,6,poisson,-74.4692668015833,148.9385336031666,,bfgs,5,True,3.774758283725532e-15,True,0.11900660196447184,bernoulli,bernoulli,1,completed
rep18,start_B,7,bernoulli,-51.79171176252125,103.5834235250425,,bfgs,3,True,3.6688252436078986e-11,True,0.14448553706519313,bernoulli,bernoulli,1,completed
rep18,start_B,7,poisson,-74.99617924311319,149.99235848622638,,bfgs,4,True,3.820979088686727e-11,True,0.010089123653010469,bernoulli,bernoulli,1,completed
rep18,start_B,8,bernoulli,-48.406657375648194,96.81331475129639,,bfgs,4,True,3.730349362740526e-15,True,0.6609815651108668,bernoulli,bernoulli,1,completed
rep18,start_B,8,poisson,-74.41680662496962,148.83361324993925,,bfgs,6,False,3.153815057999054e-08,False,0.12340173565720508,bernoulli,bernoulli,1,completed
rep18,start_B,3,bernoulli,-49.095964893174155,98.19192978634831,,bfgs,5,True,4.167720613068582e-11,True,0.5632861296369968,bernoulli,bernoulli,2,completed
rep18,start_B,3,poisson,-74.04135670191347,148.08271340382694,,bfgs,8,True,9.42238009837837e-11,True,0.16243870667474095,bernoulli,bernoulli,2,completed
rep18,start_B,4,bernoulli,-45.55989437825201,91.11978875650402,,bfgs,5,True,1.6187051699034782e-13,True,0.9552363887980311,bernoulli,bernoulli,2,completed
rep18,start_B,4,poisson,-74.06908092334528,148.13816184669056,,bfgs,8,True,2.1490204338281415e-10,False,0.15093386830433292,bernoulli,bernoulli,2,completed
rep18,start_B,5,bernoulli,-48.39348001433466,96.78696002866933,,bfgs,6,True,2.5840662942755444e-12,True,0.6340675514233357,bernoulli,bernoulli,2,completed
rep18,start_B,5,poisson,-73.5313141013487,147.0626282026974,,bfgs,10,True,1.1889643269924477e-09,False,0.1969411862915791,bernoulli,bernoulli,2,completed
rep18,start_B,6,bernoulli,-46.59960223051209,93.19920446102418,,bfgs,5,True,8.457444189424734e-10,False,0.8764157270828159,bernoulli,bernoulli,2,completed
rep18,start_B,6,poisson,-74.50920051115413,149.01840102230827,,bfgs,7,False,1.9876493324161303e-08,False,0.11004445904729394,bernoulli,bernoulli,2,completed
rep18,start_B,7,bernoulli,-51.63604240299767,103.27208480599533,,bfgs,6,True,3.9968028886505636e-16,True,0.18852639922049694,bernoulli,bernoulli,2,completed
rep18,start_B,7,poisson,-74.53133121802084,149.06266243604168,,bfgs,6,True,1.5439649558857126e-12,True,0.11832474661148826,bernoulli,bernoulli,2,completed
rep18,start_B,8,bernoulli,-46.39755682113348,92.79511364226695,,bfgs,5,True,5.962910165635548e-11,True,0.8600363366485153,bernoulli,bernoulli,2,completed
rep18,start_B,8,poisson,-74.47129212484893,148.94258424969786,,bfgs,9,True,1.0645305303924601e-09,False,0.11296213343658415,bernoulli,bernoulli,2,completed
rep18,start_B,3,bernoulli,-45.93086722174415,91.8617344434883,,bfgs,7,True,4.840024381280728e-10,False,0.8898449973856701,bernoulli,bernoulli,3,completed
rep18,start_B,3,poisson,-73.09994841667194,146.19989683334387,,bfgs,11,True,2.755919359387349e-09,False,0.2232189463488677,bernoulli,bernoulli,3,completed
rep18,start_B,4,bernoulli,-42.69668830226327,85.39337660452654,,bfgs,6,False,3.862101431995057e-08,False,1.2203473711547184,bernoulli,bernoulli,3,completed
rep18,start_B,4,poisson,-73.4806260563563,146.9612521127126,,bfgs,9,True,7.708689242491573e-12,True,0.1997759179182468,bernoulli,bernoulli,3,completed
rep18,start_B,5,bernoulli,-48.44100504251351,96.88201008502702,,bfgs,6,True,6.68760602451357e-12,True,0.6152573496377048,bernoulli,bernoulli,3,completed
rep18,start_B,5,poisson,-73.2203411045366,146.4406822090732,,bfgs,8,True,3.435191020528805e-11,True,0.21993609847023418,bernoulli,bernoulli,3,completed
rep18,start_B,6,bernoulli,-44.70506562490352,89.41013124980704,,bfgs,6,True,2.4056832526042625e-09,False,1.0255279227962808,bernoulli,bernoulli,3,completed
rep18,start_B,6,poisson,-74.37175604772047,148.74351209544093,,bfgs,10,False,7.375636851270073e-08,False,0.12031805815471198,bernoulli,bernoulli,3,completed
rep18,start_B,7,bernoulli,-49.51589265248917,99.03178530497834,,bfgs,7,True,6.952827202866274e-12,True,0.5636758001034688,bernoulli,bernoulli,3,completed
rep18,start_B,7,poisson,-74.08036726220686,148.16073452441373,,bfgs,9,True,2.1396172611432006e-10,False,0.16504278381296325,bernoulli,bernoulli,3,completed
rep18,start_B,8,bernoulli,-47.55668475154114,95.11336950308228,,bfgs,7,True,1.339364952279709e-10,False,0.7312589979429566,bernoulli,bernoulli,3,completed
rep18,start_B,8,poisson,-74.55929972223831,149.11859944447662,,bfgs,10,True,2.3851889352499713e-10,False,0.1008908576408542,bernoulli,bernoulli,3,completed
rep18,start_B,3,bernoulli,-44.15485412427499,88.30970824854998,,bfgs,7,True,1.8650925248664407e-09,False,1.1554585964559758,bernoulli,bernoulli,4,completed
rep18,start_B,3,poisson,-71.65414353687527,143.30828707375053,,bfgs,13,True,1.8628210085580576e-12,True,0.33976176567515626,bernoulli,bernoulli,4,completed
rep18,start_B,4,bernoulli,-41.163153390083316,82.32630678016663,,bfgs,8,True,3.353743949219279e-11,True,1.3223018628101373,bernoulli,bernoulli,4,completed
rep18,start_B,4,poisson,-72.36811145517773,144.73622291035545,,bfgs,11,False,8.950672070184851e-08,False,0.2838506357221508,bernoulli,bernoulli,4,completed
rep18,start_B,5,bernoulli,-47.031077373120524,94.06215474624105,,bfgs,8,True,4.379298701451262e-10,False,0.8719089489224278,bernoulli,bernoulli,4,completed
rep18,start_B,5,poisson,-73.43028100445527,146.86056200891053,,bfgs,13,True,7.268831536677567e-10,False,0.19515931109143164,bernoulli,bernoulli,4,completed
rep18,start_B,6,bernoulli,-40.23747809752787,80.47495619505574,,bfgs,8,True,4.678701870375335e-12,True,1.5466400886047778,bernoulli,bernoulli,4,completed
rep18,start_B,6,poisson,-74.14083560446136,148.28167120892272,,bfgs,14,True,2.5024340266632804e-09,False,0.16268257524160784,bernoulli,bernoulli,4,completed
rep18,start_B,7,bernoulli,-49.546823423721335,99.09364684744267,,bfgs,8,True,7.121370160234619e-12,True,0.5582964083444765,bernoulli,bernoulli,4,completed
rep18,start_B,7,poisson,-73.62978624780017,147.25957249560034,,bfgs,10,True,1.1480594253043819e-11,True,0.20864010296208693,bernoulli,bernoulli,4,completed
rep18,start_B,8,bernoulli,-45.037049310072064,90.07409862014413,,bfgs,8,True,2.4695090417026223e-11,True,0.9131599063348268,bernoulli,bernoulli,4,completed
rep18,start_B,8,poisson,-74.39035243650619,148.78070487301238,,bfgs,13,True,8.004903406799712e-11,True,0.11039935087354039,bernoulli,bernoulli,4,completed
rep18,start_B,3,bernoulli,-45.29904963402505,90.5980992680501,,bfgs,11,True,7.415845715286196e-13,True,0.9240871553751003,bernoulli,bernoulli,5,completed
rep18,start_B,3,poisson,-71.28938451618754,142.57876903237508,,bfgs,13,False,2.0144140444600113e-08,False,0.35515225391807537,bernoulli,bernoulli,5,completed
rep18,start_B,4,bernoulli,-41.72105030777989,83.44210061555978,,bfgs,9,True,1.5908985240287165e-11,True,1.2222669403815736,bernoulli,bernoulli,5,completed
rep18,start_B,4,poisson,-71.59604933625316,143.19209867250632,,bfgs,13,False,6.109752233030008e-08,False,0.3264212560128866,bernoulli,bernoulli,5,completed
rep18,start_B,5,bernoulli,-46.01898679519236,92.03797359038472,,bfgs,9,True,4.570858358476926e-10,False,0.9656854365239501,bernoulli,bernoulli,5,completed
rep18,start_B,5,poisson,-73.05211394056718,146.10422788113436,,bfgs,15,True,9.134086820239418e-11,True,0.2144606033851741,bernoulli,bernoulli,5,completed
rep18,start_B,6,bernoulli,-40.991850237385485,81.98370047477097,,bfgs,10,True,8.502138992838582e-10,False,1.3648296339060084,bernoulli,bernoulli,5,completed
rep18,start_B,6,poisson,-74.35245846158384,148.70491692316767,,bfgs,16,False,2.0236105517656976e-08,False,0.11499055921697711,bernoulli,bernoulli,5,completed
rep18,start_B,7,bernoulli,-49.2188866748977,98.4377733497954,,bfgs,9,True,1.088742429544709e-11,True,0.6456666539626117,bernoulli,bernoulli,5,completed
rep18,start_B,7,poisson,-72.91884602554032,145.83769205108064,,bfgs,10,True,1.0722789767214636e-09,False,0.28301408368817377,bernoulli,bernoulli,5,completed
rep18,start_B,8,bernoulli,-43.04452566852447,86.08905133704894,,bfgs,9,False,2.1555522478067246e-08,False,1.1700805389464717,bernoulli,bernoulli,5,completed
rep18,start_B,8,poisson,-73.75325349962584,147.50650699925168,,bfgs,14,True,1.5898393712632242e-12,True,0.20045710695461355,bernoulli,bernoulli,5,completed
rep19,start_B,3,bernoulli,-50.25987759155748,100.51975518311497,,bfgs,3,False,1.1222139750799442e-08,False,0.44535434563907583,bernoulli,bernoulli,1,completed
rep19,start_B,3,poisson,-74.00779268441534,148.01558536883067,,bfgs,4,True,3.356426248046773e-13,True,0.1657017402016536,bernoulli,bernoulli,1,completed
rep19,start_B,4,bernoulli,-51.71943095276909,103.43886190553818,,bfgs,3,True,3.5231373374244866e-12,True,0.16960018448201178,bernoulli,bernoulli,1,completed
rep19,start_B,4,poisson,-74.64188183622315,149.2837636724463,,bfgs,4,True,8.742162549424392e-12,True,0.09906393632179677,bernoulli,bernoulli,1,completed
rep19,start_B,5,bernoulli,-51.74145243236753,103.48290486473506,,bfgs,4,True,2.284004096964054e-11,True,0.1623682969431759,bernoulli,bernoulli,1,completed
rep19,start_B,5,poisson,-74.99197163997916,149.9839432799583,,bfgs,5,True,3.8966607718293746e-13,True,0.014668209463714285,bernoulli,bernoulli,1,completed
rep19,start_B,6,bernoulli,-49.40600259984773,98.81200519969546,,bfgs,4,True,1.2727952025670674e-11,True,0.5547382405451191,bernoulli,bernoulli,1,completed
rep19,start_B,6,poisson,-73.70408530181184,147.4081706036237,,bfgs,4,True,7.910294641533255e-11,True,0.18953980742763507,bernoulli,bernoulli,1,completed
rep19,start_B,7,bernoulli,-50.75948723417268,101.51897446834536,,bfgs,4,True,8.528644457328482e-12,True,0.37136588168938583,bernoulli,bernoulli,1,completed
rep19,start_B,7,poisson,-74.20020229999508,148.40040459999017,,bfgs,4,True,7.987654981889136e-12,True,0.14863382585247226,bernoulli,bernoulli,1,completed
rep19,start_B,8,bernoulli,-49.243934697745466,98.48786939549093,,bfgs,4,False,3.513063444593456e-08,False,0.5739403323622244,bernoulli,bernoulli,1,completed
rep19,start_B,8,poisson,-74.7771107755544,149.5542215511088,,bfgs,7,True,8.881784197001252e-16,True,0.07591915572669095,bernoulli,bernoulli,1,completed
rep19,start_B,3,bernoulli,-50.13768341321114,100.27536682642229,,bfgs,6,True,2.7476509956159134e-10,False,0.451622586183654,bernoulli,bernoulli,2,completed
rep19,start_B,3,poisson,-73.91017895286863,147.82035790573727,,bfgs,6,True,5.744743569735533e-11,True,0.1717298034635095,bernoulli,bernoulli,2,completed
rep19,start_B,4,bernoulli,-48.565325094322915,97.13065018864583,,bfgs,6,True,1.3557681560749658e-09,False,0.675590942191362,bernoulli,bernoulli,2,completed
rep19,start_B,4,poisson,-74.22693603729917,148.45387207459834,,bfgs,9,True,3.957758565320546e-11,True,0.14749690131441068,bernoulli,bernoulli,2,completed
rep19,start_B,5,bernoulli,-44.99254740182523,89.98509480365045,,bfgs,6,True,4.254842089768118e-10,False,1.0359276187405957,bernoulli,bernoulli,2,completed
rep19,start_B,5,poisson,-73.0649957230028,146.1299914460056,,bfgs,8,True,1.2061462939527702e-13,True,0.23365322213545545,bernoulli,bernoulli,2,completed
rep19,start_B,6,bernoulli,-50.346313313372335,100.69262662674467,,bfgs,6,True,5.082126386390939e-12,True,0.4137029448870089,bernoulli,bernoulli,2,completed
rep19,start_B,6,poisson,-74.03291870810155,148.0658374162031,,bfgs,6,True,2.79534617675381e-11,True,0.15847643440831866,bernoulli,bernoulli,2,completed
rep19,start_B,7,bernoulli,-50.6127812140623,101.2255624281246,,bfgs,5,True,9.57456336436735e-14,True,0.379398664877236,bernoulli,bernoulli,2,completed
rep19,start_B,7,poisson,-74.24095503600806,148.48191007201612,,bfgs,6,True,6.0396132539608514e-15,True,0.13857479431520214,bernoulli,bernoulli,2,completed
rep19,start_B,8,bernoulli,-47.81002601986161,95.62005203972322,,bfgs,5,True,5.333836150533955e-12,True,0.6957507693917443,bernoulli,bernoulli,2,completed
rep19,start_B,8,poisson,-74.51402733918634,149.02805467837268,,bfgs,9,True,8.038592014258938e-10,False,0.10746140356894768,bernoulli,bernoulli,2,completed
rep19,start_B,3,bernoulli,-48.38630215066691,96.77260430133381,,bfgs,7,True,6.943965402683717e-11,True,0.668536125405578,bernoulli,bernoulli,3,completed
rep19,start_B,3,poisson,-73.49501431341984,146.9900286268397,,bfgs,8,True,2.5999558062039797e-11,True,0.19609868918037537,bernoulli,bernoulli,3,completed
rep19,start_B,4,bernoulli,-49.16823320234247,98.33646640468494,,bfgs,7,True,1.9097607939499995e-10,False,0.58897089379034,bernoulli,bernoulli,3,completed
rep19,start_B,4,poisson,-74.37368384352835,148.7473676870567,,bfgs,10,True,6.050164813586889e-11,True,0.12692959871741338,bernoulli,bernoulli,3,completed
rep19,start_B,5,bernoulli,-41.9798448032408,83.9596896064816,,bfgs,8,True,1.0036416142611415e-13,True,1.2996636204032144,bernoulli,bernoulli,3,completed
rep19,start_B,5,poisson,-72.26147285403506,144.52294570807013,,bfgs,10,True,1.2232792556687855e-10,False,0.26584886046961625,bernoulli,bernoulli,3,completed
rep19,start_B,6,bernoulli,-49.72340982238187,99.44681964476374,,bfgs,8,True,1.6995516105566822e-12,True,0.47535787915615485,bernoulli,bernoulli,3,completed
rep19,start_B,6,poisson,-73.65632638331161,147.31265276662322,,bfgs,9,True,4.225531036183838e-11,True,0.18001279945856347,bernoulli,bernoulli,3,completed
rep19,start_B,7,bernoulli,-47.53632545222647,95.07265090445294,,bfgs,7,True,2.5903901246238093e-11,True,0.7651383101076236,bernoulli,bernoulli,3,completed
rep19,start_B,7,poisson,-73.62999322022424,147.25998644044847,,bfgs,11,False,1.3310800195398542e-08,False,0.1850368067349735,bernoulli,bernoulli,3,completed
rep19,start_B,8,bernoulli,-47.751202186432316,95.50240437286463,,bfgs,6,True,3.2053781851004713e-11,True,0.7018491070034191,bernoulli,bernoulli,3,completed
rep19,start_B,8,poisson,-74.59873849042197,149.19747698084393,,bfgs,12,True,1.9240875559489723e-10,False,0.10243834760644265,bernoulli,bernoulli,3,completed
rep19,start_B,3,bernoulli,-44.32022880823122,88.64045761646244,,bfgs,8,True,1.112816505610681e-11,True,1.2496604134159772,bernoulli,bernoulli,4,completed
rep19,start_B,3,poisson,-71.78365321996353,143.56730643992705,,bfgs,12,True,1.2038607444253557e-09,False,0.3513521541085242,bernoulli,bernoulli,4,completed
rep19,start_B,4,bernoulli,-45.88465161475633,91.76930322951266,,bfgs,9,True,7.186162775951743e-12,True,1.0851929525093233,bernoulli,bernoulli,4,completed
rep19,start_B,4,poisson,-73.88954158431258,147.77908316862516,,bfgs,12,True,4.398374997549581e-10,False,0.17970268756696417,bernoulli,bernoulli,4,completed
rep19,start_B,5,bernoulli,-37.9098906174343,75.8197812348686,,bfgs,8,True,8.498511561150224e-10,False,1.8731457108626477,bernoulli,bernoulli,4,completed
rep19,start_B,5,poisson,-71.0018437818668,142.0036875637336,,bfgs,16,True,9.424009128622401e-09,False,0.38815175969402765,bernoulli,bernoulli,4,completed
rep19,start_B,6,bernoulli,-48.46110513757217,96.92221027514434,,bfgs,9,True,1.1279417400089642e-09,False,0.6556267864563082,bernoulli,bernoulli,4,completed
rep19,start_B,6,poisson,-73.5103693894381,147.0207387788762,,bfgs,9,True,4.466276237735656e-11,True,0.1764737253563992,bernoulli,bernoulli,4,completed
rep19,start_B,7,bernoulli,-47.119066379550866,94.23813275910173,,bfgs,9,True,9.845003701158816e-11,True,0.7926664875572246,bernoulli,bernoulli,4,completed
rep19,start_B,7,poisson,-73.4382731759598,146.8765463519196,,bfgs,12,True,4.436578171507222e-09,False,0.19669087348356512,bernoulli,bernoulli,4,completed
rep19,start_B,8,bernoulli,-45.40056314248055,90.8011262849611,,bfgs,8,True,5.619171794535305e-12,True,1.0652171447366692,bernoulli,bernoulli,4,completed
rep19,start_B,8,poisson,-74.37854918518994,148.75709837037988,,bfgs,15,False,1.4202708698007882e-08,False,0.13535927945913548,bernoulli,bernoulli,4,completed
rep19,start_B,3,bernoulli,-45.58181642921447,91.16363285842894,,bfgs,10,True,7.987388528363226e-13,True,1.0339926051983104,bernoulli,bernoulli,5,completed
rep19,start_B,3,poisson,-71.70629499010046,143.41258998020092,,bfgs,16,True,1.1343184169732012e-10,False,0.3375263128570909,bernoulli,bernoulli,5,completed
rep19,start_B,4,bernoulli,-44.7825635355003,89.5651270710006,,bfgs,9,True,2.0739143735681865e-11,True,1.1214539570050677,bernoulli,bernoulli,5,completed
rep19,start_B,4,poisson,-73.79148980812015,147.5829796162403,,bfgs,13,True,4.045931678575698e-09,False,0.16749817125307545,bernoulli,bernoulli,5,completed
rep19,start_B,5,bernoulli,-35.90693228758433,71.81386457516867,,bfgs,9,True,1.8433959914077037e-11,True,1.9852975811486562,bernoulli,bernoulli,5,completed
rep19,start_B,5,poisson,-70.06509867277964,140.13019734555928,,bfgs,16,False,2.1325951760076124e-08,False,0.3985994707081761,bernoulli,bernoulli,5,completed
rep19,start_B,6,bernoulli,-47.63759566345201,95.27519132690402,,bfgs,10,False,2.897754511899109e-08,False,0.7126487037813413,bernoulli,bernoulli,5,completed
rep19,start_B,6,poisson,-72.66697895860466,145.33395791720932,,bfgs,10,True,1.6196448626715209e-10,False,0.24266873300484398,bernoulli,bernoulli,5,completed
rep19,start_B,7,bernoulli,-46.72122329671881,93.44244659343762,,bfgs,10,True,4.292122213200855e-13,True,0.8072361588458135,bernoulli,bernoulli,5,completed
rep19,start_B,7,poisson,-73.3227175553535,146.645435110707,,bfgs,13,True,9.341504458859617e-09,False,0.19306175980270854,bernoulli,bernoulli,5,completed
rep19,start_B,8,bernoulli,-44.75328145602846,89.50656291205692,,bfgs,10,True,9.127809619258187e-13,True,1.144683302372086,bernoulli,bernoulli,5,completed
rep19,start_B,8,poisson,-74.21297407488422,148.42594814976843,,bfgs,14,False,1.8008774738120793e-08,False,0.17107100052416127,bernoulli,bernoulli,5,completed
rep20,start_B,3,bernoulli,-48.38245120961018,96.76490241922036,,bfgs,4,True,6.274980535181385e-14,True,0.6654355240903791,bernoulli,bernoulli,1,completed
rep20,start_B,3,poisson,-74.94635456576052,149.89270913152103,,bfgs,7,True,4.563460720419243e-13,True,0.037393005651809856,bernoulli,bernoulli,1,completed
rep20,start_B,4,bernoulli,-50.71546388025371,101.43092776050742,,bfgs,4,True,2.7755575615628914e-16,True,0.3774358791322428,bernoulli,bernoulli,1,completed
rep20,start_B,4,poisson,-74.98155689911653,149.96311379823305,,bfgs,5,True,2.5014657012434328e-12,True,0.022320281082644233,bernoulli,bernoulli,1,completed
rep20,start_B,5,bernoulli,-51.87366575682249,103.74733151364498,,bfgs,4,True,1.3322676295501878e-16,True,0.10972441948455848,bernoulli,bernoulli,1,completed
rep20,start_B,5,poisson,-74.22760431752145,148.4552086350429,,bfgs,4,True,2.0261126110199255e-12,True,0.14902268792642342,bernoulli,bernoulli,1,completed
rep20,start_B,6,bernoulli,-51.04202742205673,102.08405484411345,,bfgs,4,True,1.1808332089913164e-13,True,0.3232581695830473,bernoulli,bernoulli,1,completed
rep20,start_B,6,poisson,-74.95481589516692,149.90963179033383,,bfgs,6,True,2.4868995751603505e-15,True,0.03506049013742309,bernoulli,bernoulli,1,completed
rep20,start_B,7,bernoulli,-49.15327179001364,98.30654358002728,,bfgs,4,True,5.416977977290571e-11,True,0.5811153778223355,bernoulli,bernoulli,1,completed
rep20,start_B,7,poisson,-74.98271618903297,149.96543237806594,,bfgs,7,True,2.9327651418498134e-13,True,0.021331238078979593,bernoulli,bernoulli,1,completed
rep20,start_B,8,bernoulli,-51.56666725059004,103.13333450118007,,bfgs,4,True,3.552713678800501e-16,True,0.21325020100951306,bernoulli,bernoulli,1,completed
rep20,start_B,8,poisson,-74.85962010004971,149.71924020009942,,bfgs,4,False,6.959060168121312e-07,False,0.06224946408379601,bernoulli,bernoulli,1,completed
rep20,start_B,3,bernoulli,-46.663718376868054,93.32743675373611,,bfgs,6,True,4.416911281168723e-13,True,0.8030681211419864,bernoulli,bernoulli,2,completed
rep20,start_B,3,poisson,-74.95670022622858,149.91340045245715,,bfgs,9,False,2.8681428521082352e-08,False,0.030833028071356794,bernoulli,bernoulli,2,completed
rep20,start_B,4,bernoulli,-50.925057398308105,101.85011479661621,,bfgs,6,True,5.453415496958769e-14,True,0.3193369045616441,bernoulli,bernoulli,2,completed
rep20,start_B,4,poisson,-74.58713684881613,149.17427369763226,,bfgs,8,True,5.575739869811969e-12,True,0.11432697483145748,bernoulli,bernoulli,2,completed
rep20,start_B,5,bernoulli,-51.455591854600996,102.91118370920199,,bfgs,5,True,1.2134293569943111e-12,True,0.25620647021680104,bernoulli,bernoulli,2,completed
rep20,start_B,5,poisson,-73.35968011484871,146.71936022969743,,bfgs,6,True,1.1013412404281553e-14,True,0.2169877129002485,bernoulli,bernoulli,2,completed
rep20,start_B,6,bernoulli,-48.875641756638444,97.75128351327689,,bfgs,5,True,1.7857715306490718e-11,True,0.6251390609116196,bernoulli,bernoulli,2,completed
rep20,start_B,6,poisson,-73.98282872315161,147.96565744630323,,bfgs,10,True,4.0778491694482e-14,True,0.18565095899130302,bernoulli,bernoulli,2,completed
rep20,start_B,7,bernoulli,-46.387139858244794,92.77427971648959,,bfgs,6,True,5.482050369209901e-11,True,0.8161836173169313,bernoulli,bernoulli,2,completed
rep20,start_B,7,poisson,-74.9166908664768,149.8333817329536,,bfgs,8,False,1.4403396253470646e-08,False,0.04362086099806513,bernoulli,bernoulli,2,completed
rep20,start_B,8,bernoulli,-50.342873247538776,100.68574649507755,,bfgs,5,True,2.5564794725596586e-11,True,0.40686727944995665,bernoulli,bernoulli,2,completed
rep20,start_B,8,poisson,-74.55167687629913,149.10335375259825,,bfgs,6,True,2.6184374113391584e-11,True,0.12169140847287352,bernoulli,bernoulli,2,completed
rep20,start_B,3,bernoulli,-47.09006506242095,94.1801301248419,,bfgs,8,True,4.405364961712621e-14,True,0.7400761614505693,bernoulli,bernoulli,3,completed
rep20,start_B,3,poisson,-74.91301733982218,149.82603467964435,,bfgs,12,True,8.350653502020578e-13,True,0.048294679261123345,bernoulli,bernoulli,3,completed
rep20,start_B,4,bernoulli,-50.85672358068581,101.71344716137162,,bfgs,7,True,2.3378632363346695e-12,True,0.3467051206120665,bernoulli,bernoulli,3,completed
rep20,start_B,4,poisson,-74.28507590300246,148.57015180600493,,bfgs,8,True,4.061662117749165e-12,True,0.14805073076326503,bernoulli,bernoulli,3,completed
rep20,start_B,5,bernoulli,-51.42387360797103,102.84774721594206,,bfgs,7,True,2.900657491977654e-11,True,0.2435976410485577,bernoulli,bernoulli,3,completed
rep20,start_B,5,poisson,-73.27145608628803,146.54291217257605,,bfgs,8,True,1.4503687140177136e-11,True,0.21539591287592272,bernoulli,bernoulli,3,completed
rep20,start_B,6,bernoulli,-45.73704018121295,91.4740803624259,,bfgs,7,True,4.368061468085216e-12,True,0.9035122155338224,bernoulli,bernoulli,3,completed
rep20,start_B,6,poisson,-73.5878236993489,147.1756473986978,,bfgs,11,True,4.813390797053785e-11,True,0.1965081211432131,bernoulli,bernoulli,3,completed
rep20,start_B,7,bernoulli,-35.32585320476216,70.65170640952432,,bfgs,7,True,2.6175817069429284e-11,True,1.7885509163855968,bernoulli,bernoulli,3,completed
rep20,start_B,7,poisson,-73.56257093396283,147.12514186792566,,bfgs,14,False,1.1572235114609697e-08,False,0.19429369201202681,bernoulli,bernoulli,3,completed
rep20,start_B,8,bernoulli,-48.22308126519856,96.44616253039712,,bfgs,7,True,9.650413801409741e-11,True,0.6618988084027915,bernoulli,bernoulli,3,completed
rep20,start_B,8,poisson,-74.284417229579,148.568834459158,,bfgs,11,True,7.866647999676956e-10,False,0.13988034027140867,bernoulli,bernoulli,3,completed
rep20,start_B,3,bernoulli,-44.71799459248346,89.43598918496691,,bfgs,8,True,6.448376055345761e-10,False,1.1113046638508046,bernoulli,bernoulli,4,completed
rep20,start_B,3,poisson,-74.1328035759724,148.2656071519448,,bfgs,11,False,5.228723805483781e-07,False,0.19532448056221943,bernoulli,bernoulli,4,completed
rep20,start_B,4,bernoulli,-50.75377711255698,101.50755422511396,,bfgs,9,True,1.1901590823981678e-13,True,0.32942241432430847,bernoulli,bernoulli,4,completed
rep20,start_B,4,poisson,-74.21371340041544,148.4274268008309,,bfgs,9,True,4.352924476425102e-09,False,0.1460054820696192,bernoulli,bernoulli,4,completed
rep20,start_B,5,bernoulli,-50.19679292233161,100.39358584466322,,bfgs,9,True,3.183888708235827e-09,False,0.5913759304583245,bernoulli,bernoulli,4,completed
rep20,start_B,5,poisson,-73.14429932631344,146.2885986526269,,bfgs,11,True,1.4142543136586028e-09,False,0.22575738898872888,bernoulli,bernoulli,4,completed
rep20,start_B,6,bernoulli,-45.286301507787776,90.57260301557555,,bfgs,9,True,5.703322258909793e-11,True,1.0234392462746615,bernoulli,bernoulli,4,completed
rep20,start_B,6,poisson,-73.11027194828452,146.22054389656904,,bfgs,12,False,1.9129734940559474e-08,False,0.24048916946097035,bernoulli,bernoulli,4,completed
rep20,start_B,7,bernoulli,-36.631536044543694,73.26307208908739,,bfgs,8,True,3.670280301903972e-10,False,1.5574744116905548,bernoulli,bernoulli,4,completed
rep20,start_B,7,poisson,-73.92202641268656,147.84405282537313,,bfgs,16,False,7.848105096908142e-08,False,0.1557236466047788,bernoulli,bernoulli,4,completed
rep20,start_B,8,bernoulli,-48.68630661983106,97.37261323966212,,bfgs,10,True,1.113154013410167e-12,True,0.5822716994221889,bernoulli,bernoulli,4,completed
rep20,start_B,8,poisson,-74.26898530444956,148.53797060889912,,bfgs,12,True,2.8885560610092398e-11,True,0.1341106533685664,bernoulli,bernoulli,4,completed
rep20,start_B,3,bernoulli,-41.00006726115614,82.00013452231228,,bfgs,10,True,7.376068644759925e-11,True,1.6131945799878522,bernoulli,bernoulli,5,completed
rep20,start_B,3,poisson,-73.51467193070384,147.02934386140768,,bfgs,13,True,6.10044398330345e-10,False,0.27245013853852834,bernoulli,bernoulli,5,completed
rep20,start_B,4,bernoulli,-49.818661805340135,99.63732361068027,,bfgs,10,True,2.530126330668736e-10,False,0.5252813776115117,bernoulli,bernoulli,5,completed
rep20,start_B,4,poisson,-72.79757188408124,145.59514376816247,,bfgs,10,True,1.8073615493108263e-09,False,0.3126639534017366,bernoulli,bernoulli,5,completed
rep20,start_B,5,bernoulli,-49.535545469375656,99.07109093875131,,bfgs,9,True,4.586229707115308e-09,False,0.7124173229704778,bernoulli,bernoulli,5,completed
rep20,start_B,5,poisson,-72.10567180712307,144.21134361424615,,bfgs,13,True,8.928869599245103e-09,False,0.3272233053326136,bernoulli,bernoulli,5,completed
rep20,start_B,6,bernoulli,-43.697367249932384,87.39473449986477,,bfgs,9,True,2.1011015149952072e-11,True,1.1718527794176956,bernoulli,bernoulli,5,completed
rep20,start_B,6,poisson,-72.11232273899589,144.22464547799177,,bfgs,15,True,1.292801565799806e-09,False,0.3226201432095975,bernoulli,bernoulli,5,completed
rep20,start_B,7,bernoulli,-35.863625501802325,71.72725100360465,,bfgs,10,True,2.1303692143703756e-09,False,1.582503031051925,bernoulli,bernoulli,5,completed
rep20,start_B,7,poisson,-73.51763920630307,147.03527841260615,,bfgs,20,False,2.4150093203001433e-08,False,0.19881175555270542,bernoulli,bernoulli,5,completed
rep20,start_B,8,bernoulli,-43.08195879290357,86.16391758580714,,bfgs,10,True,3.005129478594881e-10,False,1.323796823717479,bernoulli,bernoulli,5,completed
rep20,start_B,8,poisson,-71.6556959614526,143.3113919229052,,bfgs,13,True,3.1882672058003434e-10,False,0.38374956814768657,bernoulli,bernoulli,5,completed
