trial,y_obs_rate,regime,condition,n_cols_used,n_train_pairs,rmse_Z,rmse_z_dim1,rmse_z_dim2,rmse_z_dim3,test_y_ll,test_y_rmse,train_y_ll,w0_err,w_err,w0_est,w_est,bic_diagnostic_only,q_strict_diagnostic_only,numerics_mode,internal_retry_detected,nan_occurred,nan_count,q_bic_failed,failure_reason,n_warnings,clip_diag_status,hash_Z,hash_Y,hash_test_mask,hash_train_mask,model_seed,runtime_s,prec_t_total,prec_identity_max_abs_err,prec_t_bern,prec_t_bern_share,prec_fnorm_bern_mean,prec_eig1_bern,prec_eig2_bern,prec_eig3_bern,prec_trace_bern,prec_lambda_min_bern,prec_lambda_max_bern,prec_coverage_index_bern,prec_effective_rank_bern,prec_t_bern_to_dim1,prec_t_bern_to_dim2,prec_t_bern_to_dim3,prec_t_gauss,prec_t_gauss_share,prec_fnorm_gauss_mean,prec_eig1_gauss,prec_eig2_gauss,prec_eig3_gauss,prec_trace_gauss,prec_lambda_min_gauss,prec_lambda_max_gauss,prec_coverage_index_gauss,prec_effective_rank_gauss,prec_t_gauss_to_dim1,prec_t_gauss_to_dim2,prec_t_gauss_to_dim3,prec_t_pois,prec_t_pois_share,prec_fnorm_pois_mean,prec_eig1_pois,prec_eig2_pois,prec_eig3_pois,prec_trace_pois,prec_lambda_min_pois,prec_lambda_max_pois,prec_coverage_index_pois,prec_effective_rank_pois,prec_t_pois_to_dim1,prec_t_pois_to_dim2,prec_t_pois_to_dim3
0,1.0,complementary,single_bernoulli,3,2528,0.3057682728863097,0.35126173430215085,0.2710154918842445,0.28922051670899207,-2.1376779995739,2.7057940226982544,-1.9939642309007832,0.006588543068169361,0.0025712701256931925,1.2065885430681693,0.3025712701256932,11089.541563799343,-5531.62470199565,consistent,False,False,0,False,,0,not_applicable,7fbd0202d03a6693,49d627a52f71500e,38be70041ec77440,490921810a379d69,121000,7.46,0.8725850250250782,1.1102230246251565e-16,0.8725850250250782,1.0,1.2046018915042067,0.7617515764190774,0.11003848396773844,0.0007949646382622265,0.8725850250250781,0.0007949646382622265,0.7617515764190774,0.0009110454746107742,1.2853432136393008,0.7173939329706043,0.09098404894993993,0.06420704310453393,,,,,,,,,,,,,,,,,,,,,,,,,,,,
0,1.0,complementary,single_gaussian,3,2528,0.2690103891841526,0.2955601240828099,0.184342728344967,0.30945393845533037,-2.100949688042013,2.6576183483674853,-1.999300017438684,0.006904245395531694,0.002479174175362475,1.2069042453955316,0.30247917417536246,10898.768784436146,-5429.665272362041,consistent,False,False,0,False,,0,not_applicable,7fbd0202d03a6693,49d627a52f71500e,38be70041ec77440,490921810a379d69,121000,6.33,39.98779244139898,1.2434497875801753e-14,,,,,,,,,,,,,,,39.98779244139898,1.0,1.0110036489484056,37.9420520445599,2.0353783316093055,0.010362065229776223,39.98779244139899,0.010362065229776223,37.9420520445599,0.0002591307145789942,1.1075547699579682,1.4278344474629394,37.5707658323899,0.9891921615461148,,,,,,,,,,,,,,
0,1.0,complementary,single_poisson,3,2528,0.28981328437739506,0.33210954874953974,0.2860046880458406,0.24470346431960682,-2.111636666428299,2.462204451726409,-1.9964078311752589,0.005698124846340136,0.0034355271528104803,1.20569812484634,0.30343552715281047,11444.05571847228,-5708.881779332119,consistent,False,False,0,False,,0,not_applicable,7fbd0202d03a6693,49d627a52f71500e,38be70041ec77440,490921810a379d69,121000,7.24,6.344678596100271,2.220446049250313e-15,,,,,,,,,,,,,,,,,,,,,,,,,,,,,6.344678596100271,1.0,1.0616258938254683,5.936224355384397,0.37238873162272607,0.0360655090931524,6.344678596100275,0.0360655090931524,5.936224355384397,0.005684371327386053,1.137828924157321,0.09879253424425598,0.4728140403085967,5.773072021547424
0,1.0,complementary,per_column_all,9,2528,0.26731063664164456,0.3156115298814144,0.18459395351751992,0.28404113067647224,-2.1182914869626632,2.6263407042020166,-1.995484864631247,0.008498578527977196,0.004678226720227774,1.2084985785279772,0.30467822672022776,11881.469983463701,-5881.577632163753,consistent,False,False,0,False,,0,not_applicable,7fbd0202d03a6693,49d627a52f71500e,38be70041ec77440,490921810a379d69,121000,10.79,45.964169262318585,1.2434497875801753e-14,0.7721985050795909,0.016800010039834203,1.1266733073221895,0.665124750493618,0.10701629062849682,5.7463957476509626e-05,0.7721985050795913,5.7463957476509626e-05,0.665124750493618,7.44160434117737e-05,1.3138683968874862,0.6557259363614494,0.1038455550022328,0.012627013715909283,39.06235313604777,0.8498435577747094,1.0187969924288602,37.10254096954519,1.9494359299236592,0.01037623657892702,39.062353136047776,0.01037623657892702,37.10254096954519,0.00026563265512418794,1.1053814750745108,1.6142182569048509,36.80414346625456,0.6439914128883932,6.129617621191223,0.13335643218545631,1.0578778684238168,5.747271185109042,0.34974163749377485,0.032604798588402664,6.12961762119122,0.032604798588402664,5.747271185109042,0.005319222275086436,1.133245945704697,0.03756048797962424,0.48768931576281965,5.604367817448786
0,1.0,full_coverage,single_bernoulli,3,2528,0.3126617381070245,0.33151459174816583,0.2958504393556782,0.30958469022129614,-2.1508104177582865,2.8604315486782137,-1.9960872477900955,0.006166901968661653,0.002411541818664986,1.2061669019686616,0.302411541818665,11104.224499458918,-5538.966169825438,consistent,False,False,0,False,,0,not_applicable,7fbd0202d03a6693,49d627a52f71500e,38be70041ec77440,490921810a379d69,121000,7.54,0.46464644826376655,1.1102230246251565e-16,0.46464644826376655,1.0,0.8419192570594108,0.24029103198557344,0.15085595510130076,0.07349946117689234,0.46464644826376655,0.07349946117689234,0.24029103198557344,0.15818362854496368,2.5133603477982,0.12328372910854768,0.17323450722829375,0.16812821192692523,,,,,,,,,,,,,,,,,,,,,,,,,,,,
0,1.0,full_coverage,single_gaussian,3,2528,0.24372884275594078,0.2744631326723946,0.23029175831725862,0.2232642856084493,-2.083301646794226,2.579519519007463,-2.0007415028694524,0.007533825172801434,0.007013335673324184,1.2075338251728014,0.3070133356733242,10871.661295416783,-5416.111527852359,consistent,False,False,0,False,,0,not_applicable,7fbd0202d03a6693,49d627a52f71500e,38be70041ec77440,490921810a379d69,121000,6.34,40.13914195522095,1.4210854715202004e-14,,,,,,,,,,,,,,,40.13914195522095,1.0,1.0012374877949468,22.625197613057537,9.664518916533645,7.849425425629778,40.13914195522096,7.849425425629778,22.625197613057537,0.1955553866693653,2.415822657582796,11.417937758842243,15.293115491174927,13.42808870520376,,,,,,,,,,,,,,
0,1.0,full_coverage,single_poisson,3,2528,0.29185933009623205,0.3106989928649355,0.28057398850828175,0.28335486319795794,-2.0833211230680693,2.46269922393651,-1.9940780857750227,0.00978158627715886,0.007177338689848212,1.2097815862771588,0.3071773386898482,11455.503086420791,-5714.605463306374,consistent,False,False,0,False,,0,not_applicable,7fbd0202d03a6693,49d627a52f71500e,38be70041ec77440,490921810a379d69,121000,7.43,5.821659647581393,2.220446049250313e-15,,,,,,,,,,,,,,,,,,,,,,,,,,,,,5.821659647581393,1.0,1.0471506945845157,2.748061377346996,2.2228597290663017,0.8507385411680949,5.821659647581393,0.8507385411680949,2.748061377346996,0.1461333352803498,2.5643098457534523,2.4903619201505407,0.959176012439082,2.3721217149917666
0,1.0,full_coverage,per_column_all,9,2528,0.235966235726006,0.25356219308939776,0.21555121014142326,0.23724266743224348,-2.0685970459199314,2.4082656523900594,-2.00106149249287,0.010220344476069343,0.005655881007237573,1.2102203444760693,0.30565588100723756,11886.322914763026,-5884.004097813416,consistent,False,False,0,False,,0,not_applicable,7fbd0202d03a6693,49d627a52f71500e,38be70041ec77440,490921810a379d69,121000,10.73,52.225778062402,8.881784197001252e-15,0.5427416150056807,0.01039221693082649,0.9171326604343202,0.29296304349435937,0.15342260983746175,0.09635596167385972,0.5427416150056809,0.09635596167385972,0.29296304349435937,0.1775356062808104,2.4826606199838572,0.1604873180031497,0.20987959834298942,0.17237469865954183,45.84647141637684,0.8778513813924833,1.0102106453573114,26.019169537476742,10.895898043526836,8.931403835373276,45.84647141637685,8.931403835373276,26.019169537476742,0.19481115033387025,2.400831920691017,13.291726428793638,16.30316302552096,16.25158196206226,5.836565031019473,0.11175640167669021,1.0439675105556232,2.8307816036912548,1.9910301702029236,1.0147532571252946,5.836565031019473,1.0147532571252946,2.8307816036912548,0.17386138109182475,2.618961877948147,2.6396304456240713,1.142113781968118,2.054820803427286
0,1.0,shared,y_only,0,2528,0.28947576003452175,0.28941575108711115,0.27315500865742826,0.3049811653376905,-2.0965717327155917,2.6516107305302006,-1.9942035513252379,0.008678301199026128,0.004927086447913287,1.208678301199026,0.3049270864479133,15561.023974374248,-7708.208547715005,consistent,False,False,0,False,,0,not_applicable,7fbd0202d03a6693,49d627a52f71500e,38be70041ec77440,490921810a379d69,121000,6.29,0.0,0.0,0.0,,0.0,,,,0.0,,,,,0.0,0.0,0.0,0.0,,0.0,,,,0.0,,,,,0.0,0.0,0.0,0.0,,0.0,,,,0.0,,,,,0.0,0.0,0.0
0,0.1,complementary,single_bernoulli,3,253,0.9669593987157711,0.7950031371671581,0.9130931979229794,1.157264991302969,-3.081263924231013,4.59190187890096,-1.9639145081371499,0.018799038114762467,0.023793545907265345,1.1812009618852375,0.32379354590726533,1971.405978940335,-972.5569095661458,consistent,False,False,0,False,,0,not_applicable,7fbd0202d03a6693,49d627a52f71500e,38be70041ec77440,fab23b845a7c0e4f,121000,7.32,1.0105873733230144,5.551115123125783e-16,1.0105873733230144,1.0,1.2854900595499907,0.900063187589009,0.10949317458723026,0.0010310111467749727,1.0105873733230144,0.0010310111467749727,0.900063187589009,0.0010202098047047638,1.242284900483462,0.8310182960015806,0.15675752984322594,0.02281154747820702,,,,,,,,,,,,,,,,,,,,,,,,,,,,
0,0.1,complementary,single_gaussian,3,253,0.7785777099091957,0.7683416172247872,0.304885682247721,1.065479061785394,-2.814811022219749,4.1549962064732675,-1.9636481888789419,0.015005954279352585,0.01314761217418886,1.2150059542793525,0.31314761217418885,1832.4638090904486,-896.5127846891919,consistent,False,False,0,False,,0,not_applicable,7fbd0202d03a6693,49d627a52f71500e,38be70041ec77440,fab23b845a7c0e4f,121000,6.51,32.113420123710625,1.0658141036401503e-14,,,,,,,,,,,,,,,32.113420123710625,1.0,0.9838566596957051,31.256135417720294,0.8559394615152699,0.001345244475059432,32.113420123710625,0.001345244475059432,31.256135417720294,4.1890414346311995e-05,1.0548167001690296,1.7912192292596771,29.82118500852198,0.5010158859289858,,,,,,,,,,,,,,
0,0.1,complementary,single_poisson,3,253,0.9066547148298713,1.1218081321417763,0.8902418816136919,0.6442703024749766,-2.632502099711704,3.5310509010835354,-1.9737000567542355,0.01430610589856629,0.01901852435145046,1.1856938941014337,0.31901852435145045,2356.736046818021,-1165.2219435049888,consistent,False,False,0,False,,0,not_applicable,7fbd0202d03a6693,49d627a52f71500e,38be70041ec77440,fab23b845a7c0e4f,121000,7.3,5.602341716433871,4.440892098500626e-16,,,,,,,,,,,,,,,,,,,,,,,,,,,,,5.602341716433871,1.0,1.0219596677603062,5.187704594374102,0.3756961166571962,0.03894100540257289,5.602341716433871,0.03894100540257289,5.187704594374102,0.006950844374298628,1.1600923641215621,0.8227629909677471,0.3407575886620216,4.438821136804101
0,0.1,complementary,per_column_all,9,253,0.4791538878588097,0.6014964535100781,0.2521811706785422,0.5131978354598127,-2.3720890167040514,3.8360861321375532,-1.9701179071137764,0.02204571830214741,0.026346926113259506,1.2220457183021474,0.3263469261132595,2758.7341527248886,-1320.2097167943468,consistent,False,False,0,False,,0,not_applicable,7fbd0202d03a6693,49d627a52f71500e,38be70041ec77440,fab23b845a7c0e4f,121000,10.86,47.0768582317019,7.105427357601002e-15,1.0123695766410055,0.021504612131471177,1.326464264980613,0.8941093079927894,0.1091029090520356,0.009157359596180742,1.0123695766410057,0.009157359596180742,0.8941093079927894,0.009045470950010596,1.2630866014918374,0.8836103908977991,0.11061631245641107,0.01814287328679557,39.596565170010166,0.8411046670770725,1.0121950689936507,37.64504346357911,1.9136112357576665,0.03791047067340583,39.59656517001017,0.03791047067340583,37.64504346357911,0.0009574181626773688,1.1035149366771912,2.216782653557598,36.886553414146775,0.49322910230581624,6.467923485050729,0.13739072079145637,1.0363565340336836,6.040290288377936,0.3982423140105005,0.029390882662292037,6.467923485050728,0.029390882662292037,6.040290288377936,0.0045440986941516865,1.1416162619831651,0.07138717533537943,0.4799257953593809,5.91661051435597
0,0.1,full_coverage,single_bernoulli,3,253,1.052015715188885,0.9635060861795796,1.1386637568226865,1.0465715770106205,-3.173625008377469,4.67635686396168,-1.995627264145731,0.01997968903805747,0.013506671392144731,1.2199796890380574,0.3135066713921447,2023.0267457054003,-998.3672929486785,consistent,False,False,0,False,,0,not_applicable,7fbd0202d03a6693,49d627a52f71500e,38be70041ec77440,fab23b845a7c0e4f,121000,7.5,0.2696710894221158,6.938893903907228e-17,0.2696710894221158,1.0,0.6205440282051387,0.1253687670849443,0.09292181938450914,0.05138050295266243,0.2696710894221159,0.05138050295266243,0.1253687670849443,0.1905302606325611,2.6942492014724344,0.10591728364556594,0.06806647005263927,0.09568733572391058,,,,,,,,,,,,,,,,,,,,,,,,,,,,
0,0.1,full_coverage,single_gaussian,3,253,0.43605617157894094,0.4464985138109502,0.40637632548285624,0.45379765707627095,-2.2883978360048336,3.92644117234702,-1.9666963987888644,0.010292357740464553,0.015311156937888537,1.2102923577404645,0.3153111569378885,1955.990930156513,-958.2763452222241,consistent,False,False,0,False,,0,not_applicable,7fbd0202d03a6693,49d627a52f71500e,38be70041ec77440,fab23b845a7c0e4f,121000,6.29,15.660364589003844,4.440892098500626e-15,,,,,,,,,,,,,,,15.660364589003844,1.0,0.9272122138871173,8.082299701912456,3.888125460314765,3.689939426776622,15.660364589003843,3.689939426776622,8.082299701912456,0.23562283022245648,2.6074369189160547,5.55709432314501,4.881006699810152,5.222263566048689,,,,,,,,,,,,,,
0,0.1,full_coverage,single_poisson,3,253,0.73620501030303,0.6998919784469977,0.8077928888777604,0.6954245600853649,-2.667520738202502,4.046243022817597,-1.9515401611776195,0.010079699487898885,0.04339845401976217,1.2100796994878988,0.34339845401976216,2325.0420388680077,-1149.3749395299822,consistent,False,False,0,False,,0,not_applicable,7fbd0202d03a6693,49d627a52f71500e,38be70041ec77440,fab23b845a7c0e4f,121000,7.29,6.432064824656549,2.220446049250313e-15,,,,,,,,,,,,,,,,,,,,,,,,,,,,,6.432064824656549,1.0,1.0804752340187906,3.053211636977082,2.7171658420890332,0.6616873455904332,6.432064824656548,0.6616873455904332,3.053211636977082,0.10287323956281258,2.4133259625512453,3.0051888844532932,0.7202670700615597,2.7066088701417006
0,0.1,full_coverage,per_column_all,9,253,0.394495255147119,0.4112874326116953,0.3967276159903894,0.37460561326151237,-2.1731960833297514,2.580848019543222,-1.9805787521756593,0.012109163059330852,0.019441540991561146,1.2121091630593308,0.31944154099156113,2876.9816555850307,-1379.3334682244179,consistent,False,False,0,False,,0,not_applicable,7fbd0202d03a6693,49d627a52f71500e,38be70041ec77440,fab23b845a7c0e4f,121000,10.8,31.435186930932666,4.440892098500626e-15,0.5488680698126702,0.017460308762235362,0.9264125527037708,0.27884346396866166,0.16515944322545575,0.10486516261855278,0.5488680698126702,0.10486516261855278,0.27884346396866166,0.1910571381103358,2.5964086466735297,0.1865069717410748,0.24131675110764617,0.1210443469639492,24.721756136643492,0.786435792189196,0.9562262626556649,12.908107421127523,6.121711396167981,5.691937319347986,24.721756136643492,5.691937319347986,12.908107421127523,0.2302400075418262,2.584287498598519,9.840122028322398,7.15339696889955,7.7282371394215446,6.1645627244765056,0.1961038990485687,1.0540601134637126,2.900116344887087,2.343636219112762,0.9208101604766568,6.1645627244765056,0.9208101604766568,2.900116344887087,0.14937152911439505,2.5761864518190833,2.774972701493354,1.0574269072003684,2.332163115782781
0,0.1,shared,y_only,0,253,1.1100947312882627,1.0852614676303762,1.0526635242985452,1.1878712004211602,-3.197672304967223,5.0923761052196435,-1.9637984888376407,0.0170789622673706,0.02207387881004902,1.1829210377326294,0.322073878810049,6472.304692737721,-3163.8489068967415,consistent,False,False,0,False,,0,not_applicable,7fbd0202d03a6693,49d627a52f71500e,38be70041ec77440,fab23b845a7c0e4f,121000,6.28,0.0,0.0,0.0,,0.0,,,,0.0,,,,,0.0,0.0,0.0,0.0,,0.0,,,,0.0,,,,,0.0,0.0,0.0,0.0,,0.0,,,,0.0,,,,,0.0,0.0,0.0
1,1.0,complementary,single_bernoulli,3,2528,0.2924598795161308,0.2930884855866764,0.29165403061941303,0.2926352839623553,-2.098210935267438,2.193216898347161,-1.9591794554696302,0.01370237967998511,0.003321879303752384,1.1862976203200148,0.3033218793037524,10913.15493211443,-5443.431386153194,consistent,False,False,0,False,,0,not_applicable,8c4efad498a36be9,e0d49fbda606a472,8b5c2bedffed618a,ada53479d368176f,121010,7.32,0.7835275045898091,5.551115123125783e-17,0.7835275045898091,1.0,1.146455481560177,0.7241702043994083,0.057857469107449044,0.001499831082951733,0.783527504589809,0.001499831082951733,0.7241702043994083,0.001914203488921454,1.1632202791839947,0.7102910053065533,0.02709474608721698,0.046141753196038894,,,,,,,,,,,,,,,,,,,,,,,,,,,,
1,1.0,complementary,single_gaussian,3,2528,0.25832174910885547,0.31077674920199533,0.18766010530493996,0.26151840321544184,-2.088780895762976,2.231464336881455,-1.9582991436547952,0.013206763756848927,0.0022702649737808,1.186793236243151,0.3022702649737808,10756.533876359093,-5358.547818323515,consistent,False,False,0,False,,0,not_applicable,8c4efad498a36be9,e0d49fbda606a472,8b5c2bedffed618a,ada53479d368176f,121010,6.22,33.38058469952881,1.5987211554602254e-14,,,,,,,,,,,,,,,33.38058469952881,1.0,0.9953316543267577,33.322597719061385,0.057250805719439225,0.0007361747479814646,33.38058469952881,0.0007361747479814646,33.322597719061385,2.2053980018865763e-05,1.0034804053732338,0.27931545562675963,32.31336170908338,0.7879075348187026,,,,,,,,,,,,,,
1,1.0,complementary,single_poisson,3,2528,0.27689036118313726,0.2755707978315997,0.28848480596064513,0.26616173365209567,-2.1292132963605956,2.409605786546553,-1.9599212939753092,0.015973645496953237,0.000613947024807382,1.1840263545030467,0.2993860529751926,11263.485472342674,-5618.596656267316,consistent,False,False,0,False,,0,not_applicable,8c4efad498a36be9,e0d49fbda606a472,8b5c2bedffed618a,ada53479d368176f,121010,7.25,4.130911558082731,6.661338147750939e-16,,,,,,,,,,,,,,,,,,,,,,,,,,,,,4.130911558082731,1.0,0.9412635091617481,4.063670831570279,0.06319244304614699,0.00404828346630321,4.13091155808273,0.00404828346630321,4.063670831570279,0.0009799976129680518,1.033116531441476,0.03950632838506609,0.07892683373377908,4.0124783959638854
1,1.0,complementary,per_column_all,9,2528,0.23469593077681833,0.2693431918952173,0.1979581793275029,0.23132951386848083,-2.106359546300202,2.3091467968801815,-1.9586317054598306,0.014502653820235745,0.000488615884281951,1.1854973461797642,0.30048861588428194,11738.317756979748,-5810.001518921777,consistent,False,False,0,False,,0,not_applicable,8c4efad498a36be9,e0d49fbda606a472,8b5c2bedffed618a,ada53479d368176f,121010,10.63,37.33891915058233,1.4210854715202004e-14,0.7645087445385443,0.0204748493510322,1.126790397938314,0.7179067601536606,0.04525557425519088,0.001346410129692357,0.7645087445385439,0.001346410129692357,0.7179067601536606,0.0017611441848255742,1.1295485947857977,0.7118106605209642,0.009387356981721362,0.043310727035859066,32.76970182774171,0.877628559508816,0.9865858389011475,32.71355757279065,0.05527623502530371,0.0008680199257626673,32.76970182774171,0.0008680199257626673,32.71355757279065,2.6488490201269734e-05,1.0034325561310353,0.36803333858732395,31.48878416004176,0.9128843291126538,3.80470857830207,0.10189659114015176,0.9216300668477594,3.748872792415857,0.05200439123462777,0.0038313946515847507,3.8047085783020695,0.0038313946515847507,3.748872792415857,0.0010070139598693233,1.0298106268086737,0.030693122833464637,0.08775692311213638,3.686258532356473
1,1.0,full_coverage,single_bernoulli,3,2528,0.2993728674304865,0.3165911368515125,0.2790233199543713,0.3013111021010716,-2.1282839101310267,2.361343787263304,-1.9592333686290055,0.017026045779457544,0.0016259546019590787,1.1829739542205424,0.30162595460195907,10937.529053142407,-5455.618446667182,consistent,False,False,0,False,,0,not_applicable,8c4efad498a36be9,e0d49fbda606a472,8b5c2bedffed618a,ada53479d368176f,121010,7.39,0.5234241116297315,2.220446049250313e-16,0.5234241116297315,1.0,0.8961963134579269,0.2826457084242506,0.16826370475237212,0.07251469845310876,0.5234241116297315,0.07251469845310876,0.2826457084242506,0.13853908683596416,2.4147156723532794,0.19734494813684414,0.1830851455046025,0.14299401798828446,,,,,,,,,,,,,,,,,,,,,,,,,,,,
1,1.0,full_coverage,single_gaussian,3,2528,0.21595753523017916,0.23952902777197072,0.1952102901580347,0.21078842126433942,-2.0733960402825793,2.1253786330628683,-1.9556502303167917,0.016944498958363363,0.002466148775637389,1.1830555010416366,0.3024661487756374,10743.855377319462,-5352.208568803699,consistent,False,False,0,False,,0,not_applicable,8c4efad498a36be9,e0d49fbda606a472,8b5c2bedffed618a,ada53479d368176f,121010,6.23,32.126899047868676,1.0658141036401503e-14,,,,,,,,,,,,,,,32.126899047868676,1.0,0.9856840862828635,12.64704413821994,10.937703289917454,8.54215161973128,32.126899047868676,8.54215161973128,12.64704413821994,0.26588783458383525,2.9276394906880934,11.785797381277197,11.425921578738562,8.915180087852933,,,,,,,,,,,,,,
1,1.0,full_coverage,single_poisson,3,2528,0.259902901192319,0.2796652978795919,0.23879336002241983,0.2596413035625788,-2.0898402447938453,2.187921532268288,-1.957950076557489,0.014087608153773745,0.002579179721309166,1.1859123918462262,0.30257917972130915,11245.673004712833,-5609.690422452395,consistent,False,False,0,False,,0,not_applicable,8c4efad498a36be9,e0d49fbda606a472,8b5c2bedffed618a,ada53479d368176f,121010,7.22,4.641303176749981,2.220446049250313e-15,,,,,,,,,,,,,,,,,,,,,,,,,,,,,4.641303176749981,1.0,0.9802894353888186,2.4523558588614502,1.3007962389005538,0.8881510789879773,4.6413031767499815,0.8881510789879773,2.4523558588614502,0.19135812619116485,2.5358288954455257,1.3328764669474082,2.1825920455417642,1.125834664260804
1,1.0,full_coverage,per_column_all,9,2528,0.21967552194838727,0.2072729969800799,0.2041968189846604,0.2451806857591575,-2.0808984489717472,2.2152539432371157,-1.9628312890537059,0.013113419140218463,0.0010652063380526822,1.1868865808597815,0.30106520633805267,11717.957142935138,-5799.821211899472,consistent,False,False,0,False,,0,not_applicable,8c4efad498a36be9,e0d49fbda606a472,8b5c2bedffed618a,ada53479d368176f,121010,10.74,39.86676699776925,3.552713678800501e-15,0.5125728881062519,0.012857147110397314,0.8821772514513552,0.2932380759960549,0.15614408188646342,0.06319073022373362,0.5125728881062519,0.06319073022373362,0.2932380759960549,0.12328145262851813,2.2973501674863934,0.19145760815196375,0.17869431042671918,0.14242096952756902,34.57763535675819,0.8673298077743047,0.9870665132455284,14.124390669217037,12.017302497354619,8.435942190186543,34.5776353567582,8.435942190186543,14.124390669217037,0.24397105536997737,2.8804458974167453,9.83199671358431,14.109125986838196,10.636512656335686,4.776558752904805,0.11981304511529811,0.9870828061809279,2.6542054946970945,1.2839756856700417,0.8383775725376692,4.776558752904806,0.8383775725376692,2.6542054946970945,0.17551915843761373,2.428143905739364,1.4326429825144014,2.2511014484479075,1.0928143219424962
1,1.0,shared,y_only,0,2528,0.2994734142884043,0.3195825233296392,0.282231149512766,0.29540745864589485,-2.1318799264222634,2.422310934841215,-1.9595076126896263,0.01801935989770742,0.002210852027871635,1.1819806401022925,0.3022108520278716,13669.359318200139,-6762.37621962795,consistent,False,False,0,False,,0,not_applicable,8c4efad498a36be9,e0d49fbda606a472,8b5c2bedffed618a,ada53479d368176f,121010,6.28,0.0,0.0,0.0,,0.0,,,,0.0,,,,,0.0,0.0,0.0,0.0,,0.0,,,,0.0,,,,,0.0,0.0,0.0,0.0,,0.0,,,,0.0,,,,,0.0,0.0,0.0
1,0.1,complementary,single_bernoulli,3,253,1.115993273942466,0.816350877564829,1.3668183648460783,1.0962215855715933,-2.907530936594559,3.9486468205345817,-1.9605954977959337,0.05374314290373494,0.016090987272131818,1.146256857096265,0.28390901272786817,1956.5370435036643,-965.1224418478105,consistent,False,False,0,False,,0,not_applicable,8c4efad498a36be9,e0d49fbda606a472,8b5c2bedffed618a,1fb2d2eff20ed7c0,121010,7.35,1.358025563495835,6.661338147750939e-16,1.358025563495835,1.0,1.6483763988411633,1.3345741660968438,0.023437555720932538,1.384167805867888e-05,1.358025563495835,1.384167805867888e-05,1.3345741660968438,1.0192501842931126e-05,1.0351339182304558,0.6450377077864302,0.6176786973947002,0.09530915831470563,,,,,,,,,,,,,,,,,,,,,,,,,,,,
1,0.1,complementary,single_gaussian,3,253,0.938759200546583,1.0872581407154194,0.32151752192695254,1.1654624525803392,-2.5871956045983886,3.487370169236293,-1.9394754503982141,0.050079242831403636,0.019560462161301362,1.1499207571685963,0.2804395378386986,1812.7311624732638,-886.6464613805995,consistent,False,False,0,False,,0,not_applicable,8c4efad498a36be9,e0d49fbda606a472,8b5c2bedffed618a,1fb2d2eff20ed7c0,121010,6.31,35.508540057435575,1.2434497875801753e-14,,,,,,,,,,,,,,,35.508540057435575,1.0,1.0512702031863121,35.439962377929575,0.0488476071069294,0.019730072399078095,35.50854005743558,0.019730072399078095,35.439962377929575,0.0005556430190361084,1.0038716024317889,1.0566638257326766,34.42013388601899,0.03174234568388892,,,,,,,,,,,,,,
1,0.1,complementary,single_poisson,3,253,1.0320482755244231,0.9027333921028446,1.3670289731299516,0.715314712867397,-2.845504518016119,3.882673563303213,-1.9033151764440566,0.06515971041370694,0.011376263548929122,1.134840289586293,0.3113762635489291,2285.4473404376104,-1129.5775903147835,consistent,False,False,0,False,,0,not_applicable,8c4efad498a36be9,e0d49fbda606a472,8b5c2bedffed618a,1fb2d2eff20ed7c0,121010,7.28,3.128791237601651,8.881784197001252e-16,,,,,,,,,,,,,,,,,,,,,,,,,,,,,3.128791237601651,1.0,0.8225306139985107,2.9920919953179057,0.11125623459484427,0.02544300768890032,3.1287912376016505,0.02544300768890032,2.9920919953179057,0.008131896875421912,1.0918723952336222,0.2770124523951381,0.12051433607280587,2.7312644491337053
1,0.1,complementary,per_column_all,9,253,0.7037202763012845,0.9428885428324354,0.32910545502496075,0.6987971644911055,-2.485013102862336,3.4939956411182624,-1.945419256237585,0.07859593838225365,0.019989508968558556,1.1214040616177463,0.28001049103144143,2773.711544982615,-1327.69841292321,consistent,False,False,0,False,,0,not_applicable,8c4efad498a36be9,e0d49fbda606a472,8b5c2bedffed618a,1fb2d2eff20ed7c0,121010,10.76,39.579788956197724,3.552713678800501e-15,1.527523635940803,0.038593526550414085,1.693780889166019,1.5005516304717876,0.026231101091829478,0.0007409043771860375,1.527523635940803,0.0007409043771860375,1.5005516304717876,0.0004850362768558497,1.0359557197670317,1.4432546168779536,0.007493438993091814,0.07677558006975772,35.8064060933399,0.9046638963377556,1.0644842531553669,35.792189814525806,0.01260351993824636,0.0016127588758538063,35.8064060933399,0.0016127588758538063,35.792189814525806,4.504107090920203e-05,1.000794410456448,3.011537853175477,32.59088866366285,0.20397957650157023,2.2458592269170223,0.056742577111830395,0.7318830155025003,2.1191945485561927,0.09457830746216167,0.03208637089866792,2.2458592269170223,0.03208637089866792,2.1191945485561927,0.014286902097026856,1.120623939304306,0.10242146755224377,0.13843809000292,2.0049996693618573
1,0.1,full_coverage,single_bernoulli,3,253,1.1679102648256687,1.149569711134206,1.2429461619856457,1.1070760939083917,-3.0132229399080424,4.078921380599198,-1.96945231706423,0.03433216437402331,0.01165131451753032,1.1656678356259766,0.28834868548246967,1978.4982830638073,-976.103061627882,consistent,False,False,0,False,,0,not_applicable,8c4efad498a36be9,e0d49fbda606a472,8b5c2bedffed618a,1fb2d2eff20ed7c0,121010,7.33,0.860791005372806,1.1102230246251565e-16,0.860791005372806,1.0,1.1918929183715214,0.47872997600086553,0.31116002181345165,0.0709010075584887,0.860791005372806,0.0709010075584887,0.47872997600086553,0.08236727279437787,2.2383511293758986,0.3351683230123184,0.3329305844800903,0.19269209788039754,,,,,,,,,,,,,,,,,,,,,,,,,,,,
1,0.1,full_coverage,single_gaussian,3,253,0.5242874370112179,0.5855765837168467,0.4060521950886078,0.5628975300084428,-2.2980508710316205,2.8129578534227453,-1.8862735616118795,0.04965965619697532,0.006404138527981829,1.1503403438030246,0.3064041385279818,2059.2481165294844,-1009.9049384087098,consistent,False,False,0,False,,0,not_applicable,8c4efad498a36be9,e0d49fbda606a472,8b5c2bedffed618a,1fb2d2eff20ed7c0,121010,6.35,9.204996916748048,2.220446049250313e-15,,,,,,,,,,,,,,,9.204996916748048,1.0,0.8777050573723929,5.006402083995309,2.4324520614530867,1.7661427712996507,9.204996916748046,1.7661427712996507,5.006402083995309,0.19186782866664948,2.4847978761757017,1.8574556340857589,4.997198458635025,2.350342824027267,,,,,,,,,,,,,,
1,0.1,full_coverage,single_poisson,3,253,0.7960495131766637,0.8397046012195637,0.8208647935184187,0.7226075392210264,-2.6519761867842306,3.755865068408286,-1.9258438277408993,0.05559405183802313,0.006190926222493676,1.1444059481619768,0.30619092622249366,2281.6291989204797,-1127.6685195562181,consistent,False,False,0,False,,0,not_applicable,8c4efad498a36be9,e0d49fbda606a472,8b5c2bedffed618a,1fb2d2eff20ed7c0,121010,7.29,4.416363052995546,3.552713678800501e-15,,,,,,,,,,,,,,,,,,,,,,,,,,,,,4.416363052995546,1.0,0.9381714048053261,2.4983212027771797,1.0882514868822746,0.8297903633360925,4.416363052995547,0.8297903633360925,2.4983212027771797,0.1878899794647225,2.403645025928573,1.0567052521865061,2.4776100783741857,0.8820477224348593
1,0.1,full_coverage,per_column_all,9,253,0.41464042596946077,0.47713127900911584,0.3667926977563888,0.3919042076938234,-2.25154235225088,2.786117934520105,-1.8925942789276946,0.07636785469639351,0.01929346317060121,1.1236321453036064,0.3192934631706012,2901.9323764461574,-1391.8088286549812,consistent,False,False,0,False,,0,not_applicable,8c4efad498a36be9,e0d49fbda606a472,8b5c2bedffed618a,1fb2d2eff20ed7c0,121010,10.84,21.195473135113506,1.7763568394002505e-15,0.6132155625058764,0.028931440152189482,0.9634976970394562,0.3845275328467065,0.17798202078014738,0.050706008879022435,0.6132155625058763,0.050706008879022435,0.3845275328467065,0.08268871825727113,2.0648677886939573,0.303744735648252,0.17766401902274373,0.1318068078348804,15.96622357846917,0.7532846035891837,0.9379708996873438,6.497512719990767,5.696248864845055,3.7724619936333497,15.966223578469172,3.7724619936333497,6.497512719990767,0.23627766297351638,2.867611262219602,4.3094491263819545,6.013445685081319,5.643328767005893,4.616033994138457,0.21778395625862668,0.9824339442534379,2.616593070206052,1.3128494705910714,0.6865914533413341,4.616033994138458,0.6865914533413341,2.616593070206052,0.14874055395024888,2.356652498231909,1.154974775641513,2.3228712131010933,1.1381880053958493
1,0.1,shared,y_only,0,253,1.1616753166865874,1.1692569900746899,1.1746224455246723,1.140863193300478,-2.989056925850092,3.9534396615257514,-1.9427178812439116,0.03218648412278391,0.0011781929690322102,1.167813515877216,0.2988218070309678,4716.982015493621,-2286.1875682746913,consistent,False,False,0,False,,0,not_applicable,8c4efad498a36be9,e0d49fbda606a472,8b5c2bedffed618a,1fb2d2eff20ed7c0,121010,6.34,0.0,0.0,0.0,,0.0,,,,0.0,,,,,0.0,0.0,0.0,0.0,,0.0,,,,0.0,,,,,0.0,0.0,0.0,0.0,,0.0,,,,0.0,,,,,0.0,0.0,0.0
2,1.0,complementary,single_bernoulli,3,2528,0.29405613478409137,0.28022272158243855,0.3040335915229893,0.297398441063571,-2.0529983408046037,2.2154055422354673,-1.9556373058096934,0.0014887208278582253,0.0048716799670265876,1.1985112791721417,0.3048716799670266,10860.783383076416,-5417.245611634186,consistent,False,False,0,False,,0,not_applicable,90f0832799e5f5ef,106e868e8763d718,72d82531ac4f1d57,69f423abba2df006,121020,7.45,0.9077813706223797,3.885780586188048e-16,0.9077813706223797,1.0,1.2633601544064461,0.7539593015390953,0.14490065841987806,0.008921410663406145,0.9077813706223795,0.008921410663406145,0.7539593015390953,0.009827708468273128,1.3978362911148812,0.7517771605504924,0.049647536338163954,0.10635667373372233,,,,,,,,,,,,,,,,,,,,,,,,,,,,
2,1.0,complementary,single_gaussian,3,2528,0.2621554173812249,0.2902331823805671,0.1948078843806826,0.2898119676882648,-1.9991598843544294,2.0449566253220013,-1.9513864728357955,0.004387218029334283,0.003435007724436334,1.1956127819706657,0.3034350077244363,10671.437596492233,-5315.999678390084,consistent,False,False,0,False,,0,not_applicable,90f0832799e5f5ef,106e868e8763d718,72d82531ac4f1d57,69f423abba2df006,121020,6.47,38.28207039304634,1.7763568394002505e-14,,,,,,,,,,,,,,,38.28207039304634,1.0,0.9979115975229466,38.13059983207951,0.13761444646192017,0.013856114504902345,38.28207039304633,0.013856114504902345,38.13059983207951,0.0003619478874219721,1.0079473480723675,0.30201123930123575,37.96315212791538,0.016907025829753432,,,,,,,,,,,,,,
2,1.0,complementary,single_poisson,3,2528,0.2840019341896578,0.30697343540643335,0.2852961907965948,0.2575746286848251,-2.028283408267207,2.090386370966928,-1.9567583239316155,0.0005843142068107099,0.004915328778170247,1.1994156857931892,0.30491532877817024,11216.62179181983,-5595.164816005894,consistent,False,False,0,False,,0,not_applicable,90f0832799e5f5ef,106e868e8763d718,72d82531ac4f1d57,69f423abba2df006,121020,7.25,8.1363546194899,4.440892098500626e-16,,,,,,,,,,,,,,,,,,,,,,,,,,,,,8.1363546194899,1.0,1.208948142041572,7.980184072209822,0.12039012149644726,0.035780425783630755,8.1363546194899,0.035780425783630755,7.980184072209822,0.004397599103893774,1.0392651416167997,0.45261302262308184,0.44552510665642053,7.238216490210399
2,1.0,complementary,per_column_all,9,2528,0.24742043624104856,0.2898900439981503,0.1798163804997216,0.25938474994467614,-2.0024318979769027,2.0503326084537137,-1.952821374732554,0.0014894117506691895,0.0019145327839449333,1.1985105882493308,0.3019145327839449,11653.318025120716,-5767.5016529922605,consistent,False,False,0,False,,0,not_applicable,90f0832799e5f5ef,106e868e8763d718,72d82531ac4f1d57,69f423abba2df006,121020,10.59,46.844066195763844,3.552713678800501e-15,0.9049299288739812,0.01931792012017554,1.259794108643221,0.7584578817322235,0.14014770336605425,0.006324343775703214,0.9049299288739809,0.006324343775703214,0.7584578817322235,0.006988766283343837,1.3764388706298105,0.7579465517315762,0.026837188955862453,0.12014618818654191,38.69590408308562,0.826057753427582,0.9951852206079238,38.531662587772274,0.15568552647838257,0.00855596883497769,38.69590408308563,0.00855596883497769,38.531662587772274,0.00022110786755639056,1.0085266694658075,0.28530776869445307,38.371172602924226,0.039423711466944934,7.243232183804236,0.15462432645224228,1.144757583343975,7.026460164923336,0.16964056054220142,0.04713145833869888,7.243232183804236,0.04713145833869888,7.026460164923336,0.006506965004391845,1.0619865984961243,0.6866800579408328,0.517475078628752,6.039077047234647
2,1.0,full_coverage,single_bernoulli,3,2528,0.30572864834137276,0.3123733230592494,0.2936933959051611,0.31076858832987675,-2.0465574694990036,2.120066915605606,-1.9548019818303495,0.0016004518784131783,0.004985775003813142,1.1983995481215868,0.30498577500381313,10866.431891948616,-5420.0698660702865,consistent,False,False,0,False,,0,not_applicable,90f0832799e5f5ef,106e868e8763d718,72d82531ac4f1d57,69f423abba2df006,121020,7.42,1.0342236542296142,1.6653345369377348e-16,1.0342236542296142,1.0,1.3139122906233387,0.690220974974497,0.2982194591801712,0.045783220074945896,1.0342236542296142,0.045783220074945896,0.690220974974497,0.04426820048807479,1.8850031963391114,0.37070345381832964,0.2359430412041743,0.4275771592071099,,,,,,,,,,,,,,,,,,,,,,,,,,,,
2,1.0,full_coverage,single_gaussian,3,2528,0.2232447537722443,0.2091556152247285,0.23365067339147955,0.22622102401006722,-2.0059987760080964,2.1017533021817694,-1.9591747673550868,0.0008812045419508419,0.00257411658499207,1.1991187954580491,0.30257411658499206,10647.915582375907,-5304.238671331921,consistent,False,False,0,False,,0,not_applicable,90f0832799e5f5ef,106e868e8763d718,72d82531ac4f1d57,69f423abba2df006,121020,6.23,45.02929638354694,1.4210854715202004e-14,,,,,,,,,,,,,,,45.02929638354694,1.0,1.0003001147657764,20.123564317828986,14.312551963393314,10.59318010232463,45.02929638354693,10.59318010232463,20.123564317828986,0.2352508467397512,2.808274915737916,18.521099343757314,14.310312735599137,12.197884304190524,,,,,,,,,,,,,,
2,1.0,full_coverage,single_poisson,3,2528,0.28167499354763986,0.29522239957571855,0.27882190041785504,0.27041540009089604,-2.0195164639016783,2.103061803531507,-1.958025916701907,0.002720899236345442,0.0037695814654693516,1.1972791007636545,0.30376958146546934,11208.92068544537,-5591.314262818663,consistent,False,False,0,False,,0,not_applicable,90f0832799e5f5ef,106e868e8763d718,72d82531ac4f1d57,69f423abba2df006,121020,7.36,6.628157027506354,1.7763568394002505e-15,,,,,,,,,,,,,,,,,,,,,,,,,,,,,6.628157027506354,1.0,1.0997008682951355,3.919592811994788,1.9796441737773838,0.7289200417341838,6.628157027506355,0.7289200417341838,3.919592811994788,0.10997326084901432,2.2172969910359166,1.9228106758994823,2.221421344950978,2.4839250066558898
2,1.0,full_coverage,per_column_all,9,2528,0.23847175681079513,0.20993694438225402,0.24603255601369273,0.25690620302766637,-2.023347238364374,2.14434694547374,-1.9592970722276029,0.0033957988142476747,0.002896229963568364,1.1966042011857523,0.30289622996356835,11618.062381135109,-5749.873830999457,consistent,False,False,0,False,,0,not_applicable,90f0832799e5f5ef,106e868e8763d718,72d82531ac4f1d57,69f423abba2df006,121020,10.65,52.891683346268685,1.0658141036401503e-14,0.9669335014024931,0.01828139019649309,1.2645489727460169,0.67903011738828,0.24988467347232163,0.03801871054189145,0.9669335014024931,0.03801871054189145,0.67903011738828,0.03931884714589684,1.7809798255804579,0.30869364867852395,0.27939999675735844,0.3788398559666104,45.36742731974654,0.8577421713492702,0.9994526826543959,18.761310588959432,15.903652438807995,10.702464291979114,45.36742731974654,10.702464291979114,18.761310588959432,0.23590635229432064,2.8607786762039606,15.198890777417457,17.662884787725925,12.50565175460315,6.557322525119645,0.12397643845423649,1.1166150602910427,3.941175620244116,1.8977392117133778,0.7184076931621534,6.557322525119647,0.7184076931621534,3.941175620244116,0.10955808417385189,2.1881744275343222,1.8435720991163835,2.352288798270974,2.3614616277322846
2,1.0,shared,y_only,0,2528,0.2897649034429399,0.30181755554673184,0.285578933239646,0.28149943846372083,-2.070635603139708,2.2828397910574756,-1.9543389628539642,0.0009212079458709166,0.0037143408157431224,1.199078792054129,0.3037143408157431,14739.38817162079,-7297.390646338276,consistent,False,False,0,False,,0,not_applicable,90f0832799e5f5ef,106e868e8763d718,72d82531ac4f1d57,69f423abba2df006,121020,6.24,0.0,0.0,0.0,,0.0,,,,0.0,,,,,0.0,0.0,0.0,0.0,,0.0,,,,0.0,,,,,0.0,0.0,0.0,0.0,,0.0,,,,0.0,,,,,0.0,0.0,0.0
2,0.1,complementary,single_bernoulli,3,253,1.211092337943198,1.0570391278284907,1.2545022786217919,1.3073355606907044,-2.5867041277595555,3.0678818303578503,-2.0292251796210525,0.00023622501872311297,0.08040912452211946,1.200236225018723,0.21959087547788053,2018.54730714088,-996.1275736664184,consistent,False,False,0,False,,0,not_applicable,90f0832799e5f5ef,106e868e8763d718,72d82531ac4f1d57,f5da6e77a570bbce,121020,7.34,0.2218848745708843,1.5265566588595902e-16,0.2218848745708843,1.0,0.5366696105812279,0.18612448111340427,0.02765978599917962,0.008100607458300331,0.2218848745708842,0.008100607458300331,0.18612448111340427,0.03650815529434603,1.3878975315141548,0.1371403808250408,0.03877459701140397,0.04596989673443926,,,,,,,,,,,,,,,,,,,,,,,,,,,,
2,0.1,complementary,single_gaussian,3,253,1.036105955701843,1.0943493592917213,0.3949605267902163,1.366364635233905,-2.4439841260244037,2.8419171514996706,-1.9389732081420743,0.017601971850741416,0.06599244777463537,1.2176019718507414,0.23400755222536462,1794.6703808297618,-877.6160705588485,consistent,False,False,0,False,,0,not_applicable,90f0832799e5f5ef,106e868e8763d718,72d82531ac4f1d57,f5da6e77a570bbce,121020,6.25,35.49340354262786,5.329070518200751e-15,,,,,,,,,,,,,,,35.49340354262786,1.0,0.9829019135682415,35.281052413532414,0.2066957373581477,0.005655391737309201,35.49340354262787,0.005655391737309201,35.281052413532414,0.00015933641670957334,1.0120391514519802,4.6094682937593205,30.539027169013856,0.3449080798546662,,,,,,,,,,,,,,
2,0.1,complementary,single_poisson,3,253,1.0883306702809767,1.06514144947115,1.2456792915619541,0.9312076775966396,-2.5398226414992213,3.0741112781922784,-2.0420304141699335,0.00620205172252275,0.07204149766391313,1.2062020517225227,0.22795850233608686,2360.4535133782483,-1167.0806767851025,consistent,False,False,0,False,,0,not_applicable,90f0832799e5f5ef,106e868e8763d718,72d82531ac4f1d57,f5da6e77a570bbce,121020,7.1,5.301387418706011,8.881784197001252e-16,,,,,,,,,,,,,,,,,,,,,,,,,,,,,5.301387418706011,1.0,0.9566405830202284,5.181300070696781,0.11713292840967184,0.0029544195995561922,5.301387418706009,0.0029544195995561922,5.181300070696781,0.0005572917740611613,1.046356212406296,1.9398595606506848,0.036763015017367125,3.32476484303796
2,0.1,complementary,per_column_all,9,253,0.6609219605360916,0.8289797233335449,0.2512540296122827,0.7484100110648193,-2.22323934510774,2.495186049515551,-1.965960531457063,0.012529662761465277,0.07820472537527481,1.2125296627614652,0.22179527462472517,2784.166478385976,-1332.9258796248905,consistent,False,False,0,False,,0,not_applicable,90f0832799e5f5ef,106e868e8763d718,72d82531ac4f1d57,f5da6e77a570bbce,121020,10.62,51.35436381101346,1.0658141036401503e-14,0.9604962270386268,0.01870330300601716,1.2586550921073691,0.7458288063813991,0.19402129469517793,0.020646125962049847,0.9604962270386269,0.020646125962049847,0.7458288063813991,0.02149527023724535,1.552254206083507,0.7416114637258622,0.04295355044185513,0.17593121287090915,46.50084153467106,0.9054895842113128,1.081319549364517,46.2114804158425,0.28935003955436234,1.1079274206439208e-05,46.500841534671075,1.1079274206439208e-05,46.2114804158425,2.3825964952007353e-07,1.0125228554239305,0.539557717349282,45.888357156592136,0.07292666072962116,3.8930260493037663,0.07580711278267005,0.8885163028784038,3.6887340724472653,0.16203828068903028,0.04225369616746949,3.893026049303765,0.04225369616746949,3.6887340724472653,0.01085368955469132,1.1115418554561185,0.5784387426099639,0.15434370732449107,3.1602435993693088
2,0.1,full_coverage,single_bernoulli,3,253,1.1670519844100025,1.148362975733273,1.1918093037804607,1.1605533431658062,-2.5904627010929406,3.0961707793876916,-1.9995100681486764,0.03512673600777072,0.0763175615463148,1.2351267360077707,0.22368243845368518,1978.7048966031803,-976.2063683975684,consistent,False,False,0,False,,0,not_applicable,90f0832799e5f5ef,106e868e8763d718,72d82531ac4f1d57,f5da6e77a570bbce,121020,7.3,1.0328580739544744,2.220446049250313e-16,1.0328580739544744,1.0,1.38131949305453,0.7835686399592532,0.24213275707494636,0.007156676920274765,1.0328580739544742,0.007156676920274765,0.7835686399592532,0.006929003220039904,1.5859377774487349,0.17071717409379822,0.17978983420316708,0.6823510656575087,,,,,,,,,,,,,,,,,,,,,,,,,,,,
2,0.1,full_coverage,single_gaussian,3,253,0.6124766561574518,0.5028694255243079,0.6854933389838114,0.6345109818554117,-2.2890535989929433,2.663643948952867,-1.9185970000921115,0.00961632134870083,0.056904709913272566,1.2096163213487008,0.24309529008672742,2114.221708458161,-1037.3917343730482,consistent,False,False,0,False,,0,not_applicable,90f0832799e5f5ef,106e868e8763d718,72d82531ac4f1d57,f5da6e77a570bbce,121020,6.24,7.367049733622553,8.881784197001252e-16,,,,,,,,,,,,,,,7.367049733622553,1.0,0.8722510593212537,3.8561587640162163,1.9082188246842644,1.602672144922071,7.367049733622552,1.602672144922071,3.8561587640162163,0.21754599234041,2.574662791882695,2.601397952295244,1.9559768902784267,2.8096748910488816,,,,,,,,,,,,,,
2,0.1,full_coverage,single_poisson,3,253,0.9123236430344754,0.8239312400823751,0.8992865990872573,1.0047010566519203,-2.4581760005256923,2.890087576612841,-2.013580727787828,0.019572241758268216,0.0814678038163979,1.2195722417582682,0.2185321961836021,2344.4074363945297,-1159.0576382932431,consistent,False,False,0,False,,0,not_applicable,90f0832799e5f5ef,106e868e8763d718,72d82531ac4f1d57,f5da6e77a570bbce,121020,7.13,5.193525188959206,2.220446049250313e-16,,,,,,,,,,,,,,,,,,,,,,,,,,,,,5.193525188959206,1.0,0.9933641151066276,2.6625016924401606,1.8573836274282027,0.6736398690908423,5.193525188959206,0.6736398690908423,2.6625016924401606,0.12970763490719514,2.4537191628607813,1.9341682497067039,1.8032920531736996,1.456064886078802
2,0.1,full_coverage,per_column_all,9,253,0.4049079800645086,0.3915496103471209,0.36396645526601645,0.4539479474982458,-2.1280155538480483,2.391294803991139,-1.9529855495703796,0.033846966409745605,0.060503864512215844,1.2338469664097456,0.23949613548778415,2920.145440361992,-1400.9153606128984,consistent,False,False,0,False,,0,not_applicable,90f0832799e5f5ef,106e868e8763d718,72d82531ac4f1d57,f5da6e77a570bbce,121020,10.64,25.433997413887216,4.440892098500626e-15,1.0070343870993301,0.039594027266413076,1.2991042106747883,0.7107014730707774,0.2540645310818576,0.04226838294669512,1.0070343870993301,0.04226838294669512,0.7107014730707774,0.041973127718553195,1.7746963447782356,0.3242920422170568,0.24121272627225376,0.4415296186100202,17.94095100997525,0.7053924995753642,0.9631393360920616,8.96872489618853,5.613259959062107,3.3589661547246012,17.940951009975237,3.3589661547246012,8.96872489618853,0.18722341713418666,2.612021227561169,7.462374264038069,5.6419085891207965,4.836668156816392,6.4860120168126345,0.25501347315822276,1.084694580924293,3.746713309809811,2.1060594333743983,0.6332392736284276,6.486012016812637,0.6332392736284276,3.746713309809811,0.09763152951104379,2.228864916271094,2.1649216794479944,2.007681064773759,2.3134092725908846
2,0.1,shared,y_only,0,253,1.251442863275004,1.1228886357548602,1.2982373825980913,1.3236421458397538,-2.6862721172405286,3.2398662395685616,-1.9432670078054357,0.003485246716071755,0.07147746408236119,1.2034852467160717,0.2285225359176388,5847.527736609585,-2851.4604288326736,consistent,False,False,0,False,,0,not_applicable,90f0832799e5f5ef,106e868e8763d718,72d82531ac4f1d57,f5da6e77a570bbce,121020,6.22,0.0,0.0,0.0,,0.0,,,,0.0,,,,,0.0,0.0,0.0,0.0,,0.0,,,,0.0,,,,,0.0,0.0,0.0,0.0,,0.0,,,,0.0,,,,,0.0,0.0,0.0
3,1.0,complementary,single_bernoulli,3,2528,0.3178856802714837,0.3131634874438427,0.3176876847334965,0.3227337637522181,-2.154871512704632,2.350885718865087,-1.9977130644235657,0.009691726732877326,0.0012763036658958726,1.2096917267328773,0.2987236963341041,11076.452790570023,-5525.08031538099,consistent,False,False,0,False,,0,not_applicable,d5d4d51c878b5156,ac4f5027dd3e4a6f,5a47cab5a3fe8b2b,646651020e68bfc4,121030,7.18,1.1862515764879293,3.3306690738754696e-16,1.1862515764879293,1.0,1.493539874609361,1.0668921991188358,0.08475635722558407,0.03460302014350955,1.1862515764879293,0.03460302014350955,1.0668921991188358,0.029170051976627785,1.2272315941162844,1.037044079724446,0.08487997878882331,0.06432751797466077,,,,,,,,,,,,,,,,,,,,,,,,,,,,
3,1.0,complementary,single_gaussian,3,2528,0.29870496482620473,0.3379672250709048,0.19046829275696414,0.3423068101390803,-2.1282321932689845,2.3430415661382087,-2.0020454692789285,0.011493772619718845,0.0017418064475683837,1.2114937726197188,0.2982581935524316,10950.664091535617,-5455.612925911776,consistent,False,False,0,False,,0,not_applicable,d5d4d51c878b5156,ac4f5027dd3e4a6f,5a47cab5a3fe8b2b,646651020e68bfc4,121030,6.12,35.856749929396045,1.4210854715202004e-14,,,,,,,,,,,,,,,35.856749929396045,1.0,1.0316459396746438,34.03718080761808,1.7438255792928297,0.07574354248511674,35.856749929396024,0.07574354248511674,34.03718080761808,0.0021123928586461423,1.1068635516566943,0.9115731236139057,33.142051695200514,1.8031251105815944,,,,,,,,,,,,,,
3,1.0,complementary,single_poisson,3,2528,0.3015885104424823,0.3058490299531457,0.2999939923215341,0.29887600161346656,-2.137596850488119,2.287454839241026,-1.9994153005082524,0.004330401948148488,0.0001456198151381094,1.2043304019481484,0.2998543801848619,11447.259371818343,-5710.48360600515,consistent,False,False,0,False,,0,not_applicable,d5d4d51c878b5156,ac4f5027dd3e4a6f,5a47cab5a3fe8b2b,646651020e68bfc4,121030,7.04,4.627463635809005,2.6645352591003757e-15,,,,,,,,,,,,,,,,,,,,,,,,,,,,,4.627463635809005,1.0,0.9510227069307108,4.271376699203785,0.35071206345809147,0.0053748731471271105,4.627463635809003,0.0053748731471271105,4.271376699203785,0.0011615160204684007,1.1658201707941633,0.16611238402243933,0.40686013012857536,4.054491121657996
3,1.0,complementary,per_column_all,9,2528,0.2692578613793552,0.3340718378431962,0.18206537270875298,0.26971762078930656,-2.1161676272370693,2.313273035286141,-2.0023336537479652,0.01615303115442579,0.0031753545117172988,1.2161530311544257,0.2968246454882827,11914.340923274296,-5898.013102069051,consistent,False,False,0,False,,0,not_applicable,d5d4d51c878b5156,ac4f5027dd3e4a6f,5a47cab5a3fe8b2b,646651020e68bfc4,121030,10.55,40.22417806317473,8.881784197001252e-15,1.1101854412501146,0.02759995342866907,1.4171385658055737,1.0009565318948128,0.0799295754016468,0.029299333953654503,1.1101854412501142,0.029299333953654503,1.0009565318948128,0.026391387298920307,1.2213229705905169,0.9823170813561664,0.06252138177166298,0.06534697812228533,34.2685957731206,0.8519402365239013,1.0320764123202195,32.67186849761879,1.5326601146546408,0.06406716084716753,34.268595773120595,0.06406716084716753,32.67186849761879,0.0018695589767182745,1.0977118234358376,0.8633576024314465,31.946570370673623,1.45866780001554,4.845396848804009,0.1204598100474295,0.9686005688833205,4.48956567340957,0.35031407935385495,0.005517096040585962,4.845396848804011,0.005517096040585962,4.48956567340957,0.0011386262493541155,1.157745851841262,0.2737260431732087,0.4427307170558731,4.12894008857493
3,1.0,full_coverage,single_bernoulli,3,2528,0.3387116303145702,0.3371915767832445,0.3431456394831778,0.33575231373912,-2.1713655242289933,2.370279547634027,-1.9993415010025979,0.008462138170943989,0.0011728402555949424,1.208462138170944,0.29882715974440505,11081.418071247423,-5527.56295571969,consistent,False,False,0,False,,0,not_applicable,d5d4d51c878b5156,ac4f5027dd3e4a6f,5a47cab5a3fe8b2b,646651020e68bfc4,121030,7.38,1.0693445264405874,1.1102230246251565e-16,1.0693445264405874,1.0,1.4010919909497535,0.549268032702824,0.39316046795445925,0.12691602578330416,1.0693445264405874,0.12691602578330416,0.549268032702824,0.11868581420223465,2.4207249809140743,0.2724204079595164,0.3715666917188355,0.4253574267622356,,,,,,,,,,,,,,,,,,,,,,,,,,,,
3,1.0,full_coverage,single_gaussian,3,2528,0.25578030099419974,0.2885520793067331,0.2516529493727723,0.22288826288029612,-2.092843140253259,2.1614783593526745,-2.000915592269333,0.009635892660535994,0.005059121502899444,1.209635892660536,0.29494087849710054,10990.361420696485,-5475.46159049221,consistent,False,False,0,False,,0,not_applicable,d5d4d51c878b5156,ac4f5027dd3e4a6f,5a47cab5a3fe8b2b,646651020e68bfc4,121030,6.16,27.503169279756374,5.329070518200751e-15,,,,,,,,,,,,,,,27.503169279756374,1.0,1.0012364669010803,12.174533867601657,10.650980015221828,4.677655396932888,27.503169279756374,4.677655396932888,12.174533867601657,0.17007695910797677,2.667757717416424,6.918418999078657,9.230870782788783,11.353879497888927,,,,,,,,,,,,,,
3,1.0,full_coverage,single_poisson,3,2528,0.3252651484876797,0.30462942456283687,0.35052195172230316,0.31894752783716507,-2.1376068420899954,2.2868142204702013,-1.9999045615007751,0.010569429409011732,0.0006953858858042561,1.2105694294090117,0.29930461411419573,11455.31783789292,-5714.512839042439,consistent,False,False,0,False,,0,not_applicable,d5d4d51c878b5156,ac4f5027dd3e4a6f,5a47cab5a3fe8b2b,646651020e68bfc4,121030,7.14,4.264235733860774,1.3322676295501878e-15,,,,,,,,,,,,,,,,,,,,,,,,,,,,,4.264235733860774,1.0,0.9593602811818784,2.0650873213870495,1.1831856545807835,1.015962757892941,4.264235733860774,1.015962757892941,2.0650873213870495,0.23825201543750113,2.715325753008386,1.2225808388077675,1.3143282122628552,1.7273266827901521
3,1.0,full_coverage,per_column_all,9,2528,0.25431350763279453,0.2795918143061062,0.26043076149063626,0.21915819933535108,-2.120807016954895,2.3348200140400253,-1.9995099739894115,0.014139008410417375,0.004375224859257454,1.2141390084104173,0.29562477514074254,11963.044783229938,-5922.365032046871,consistent,False,False,0,False,,0,not_applicable,d5d4d51c878b5156,ac4f5027dd3e4a6f,5a47cab5a3fe8b2b,646651020e68bfc4,121030,10.86,31.905266676610136,1.0658141036401503e-14,1.0575683222886827,0.03314713940516879,1.3845024925648899,0.5320058961683859,0.3852483504610846,0.14031407565921228,1.0575683222886827,0.14031407565921228,0.5320058961683859,0.13267613325970157,2.4791952204803294,0.3017075343673042,0.35623873653495464,0.39962205138642454,26.50876410764591,0.8308585656511556,1.0011202248489084,11.207938995656333,10.7736124351826,4.527212676806976,26.50876410764591,4.527212676806976,11.207938995656333,0.17078173310619166,2.680231572573888,7.319708637626514,8.830517602594027,10.358537867425387,4.338934246675543,0.1359942949436756,0.9614305655430431,2.047556276092765,1.3334680612053245,0.9579099093774532,4.338934246675542,0.9579099093774532,2.047556276092765,0.22077078262050095,2.733124610138981,1.297683215584671,1.4324701095314087,1.6087809215594673
3,1.0,shared,y_only,0,2528,0.3253242565675143,0.3486034752935338,0.287209020849536,0.3368890189506613,-2.175619370746477,2.367169828006034,-1.997223995034708,0.006098331475395291,0.0008598946206673785,1.2060983314753952,0.2991401053793326,16026.048637032742,-7940.720879044252,consistent,False,False,0,False,,0,not_applicable,d5d4d51c878b5156,ac4f5027dd3e4a6f,5a47cab5a3fe8b2b,646651020e68bfc4,121030,6.18,0.0,0.0,0.0,,0.0,,,,0.0,,,,,0.0,0.0,0.0,0.0,,0.0,,,,0.0,,,,,0.0,0.0,0.0,0.0,,0.0,,,,0.0,,,,,0.0,0.0,0.0
3,0.1,complementary,single_bernoulli,3,253,1.0346578930501944,0.8715503248549126,1.0914306988078708,1.1228223046850565,-2.733904420918967,3.2330425290081233,-1.9418690345380847,0.05045043852614817,0.03844325438742968,1.1495495614738518,0.2615567456125703,1974.3812836966874,-974.044561944322,consistent,False,False,0,False,,0,not_applicable,d5d4d51c878b5156,ac4f5027dd3e4a6f,5a47cab5a3fe8b2b,354a768c160c1a58,121030,7.24,1.1669889392969546,1.1102230246251565e-16,1.1669889392969546,1.0,1.496657879197017,1.096344787973161,0.06238607474865199,0.008258076575140895,1.166988939296954,0.008258076575140895,1.096344787973161,0.007076396611021804,1.1293033584461856,0.9547461147048832,0.13466522141756634,0.07757760317450531,,,,,,,,,,,,,,,,,,,,,,,,,,,,
3,0.1,complementary,single_gaussian,3,253,0.7841324807720471,0.9336497025051242,0.3634202353611707,0.9169597634287446,-2.5409672750907966,3.007839671980398,-1.9596929341604323,0.07302408440490527,0.009645003750960224,1.1269759155950947,0.29035499624903977,1859.7231374834223,-910.1424488856787,consistent,False,False,0,False,,0,not_applicable,d5d4d51c878b5156,ac4f5027dd3e4a6f,5a47cab5a3fe8b2b,354a768c160c1a58,121030,6.19,28.645511621082278,1.4210854715202004e-14,,,,,,,,,,,,,,,28.645511621082278,1.0,1.020521080308823,27.590827896807987,1.0186156440457876,0.036068080228521024,28.645511621082296,0.036068080228521024,27.590827896807987,0.0012591180323683214,1.076443964518799,2.283227496404768,25.127465006239284,1.234819118438192,,,,,,,,,,,,,,
3,0.1,complementary,single_poisson,3,253,1.0158084258531288,1.1507363945712181,1.1045520760528824,0.7425434233761252,-2.914126270676183,3.582891121678677,-1.9873810275415205,0.044267951144217665,0.00968512065253152,1.1557320488557823,0.3096851206525315,2327.7061117747307,-1150.7069759833437,consistent,False,False,0,False,,0,not_applicable,d5d4d51c878b5156,ac4f5027dd3e4a6f,5a47cab5a3fe8b2b,354a768c160c1a58,121030,7.29,4.47225375745016,4.440892098500626e-16,,,,,,,,,,,,,,,,,,,,,,,,,,,,,4.47225375745016,1.0,0.9377400643018992,4.151657180465559,0.27987016225995537,0.040726414724646554,4.4722537574501615,0.040726414724646554,4.151657180465559,0.009106463303161618,1.155045775977827,0.7062407856394288,0.27818145611560263,3.4878315156951274
3,0.1,complementary,per_column_all,9,253,0.6204481583050724,0.8416935473954906,0.25379704612048926,0.6180669729776683,-2.2924810394209376,2.6260818379747275,-2.04613877254656,0.025032869277994863,0.028150563481728397,1.174967130722005,0.2718494365182716,2813.5789478973857,-1347.6321143805953,consistent,False,False,0,False,,0,not_applicable,d5d4d51c878b5156,ac4f5027dd3e4a6f,5a47cab5a3fe8b2b,354a768c160c1a58,121030,10.62,42.87188477742883,3.552713678800501e-15,1.3416253183813314,0.031293826370042625,1.5729977866109832,1.2392245340809551,0.06426749049658857,0.038133293803787154,1.3416253183813307,0.038133293803787154,1.2392245340809551,0.02842320674880743,1.1678472619747367,1.1735417449058578,0.05522694544842134,0.1128566280270512,36.156426549721274,0.8433598554723886,1.0839611803701674,34.61791151131926,1.51940314755886,0.01911189084315194,36.15642654972127,0.01911189084315194,34.61791151131926,0.0005285890412004577,1.088762934704534,1.190462910884155,33.52911381631545,1.4368498225216682,5.373832909326223,0.12534631815756875,1.006752934706256,4.885930505121903,0.4858444774850841,0.0020579267192352385,5.373832909326222,0.0020579267192352385,4.885930505121903,0.00038295323914216457,1.1978447708420272,0.27079394845318855,0.5123064171510734,4.590732543721961
3,0.1,full_coverage,single_bernoulli,3,253,1.0628503446258943,1.2143448377800148,0.9094813796437832,1.042670993291948,-2.843139346894048,3.4979622712544094,-1.9913897224864432,0.05682774538442792,0.03342695222201664,1.143172254615572,0.26657304777798335,1981.0505192969465,-977.3791797444516,consistent,False,False,0,False,,0,not_applicable,d5d4d51c878b5156,ac4f5027dd3e4a6f,5a47cab5a3fe8b2b,354a768c160c1a58,121030,7.32,0.9277274847081953,4.440892098500626e-16,0.9277274847081953,1.0,1.2824804156046292,0.49440330884661926,0.3981447733572929,0.03517940250428303,0.9277274847081953,0.03517940250428303,0.49440330884661926,0.037919974436618376,2.129382539460554,0.18854243534477944,0.43246652973806665,0.3067185196253497,,,,,,,,,,,,,,,,,,,,,,,,,,,,
3,0.1,full_coverage,single_gaussian,3,253,0.5975014372718408,0.5580564516968379,0.48382872673498034,0.7249183833586297,-2.4511107788524016,2.8734232188077278,-1.9499063364935463,0.030577935520709865,0.007952084614581745,1.16942206447929,0.29204791538541824,2078.6728876488437,-1019.6173239683894,consistent,False,False,0,False,,0,not_applicable,d5d4d51c878b5156,ac4f5027dd3e4a6f,5a47cab5a3fe8b2b,354a768c160c1a58,121030,6.26,9.199851918395591,1.7763568394002505e-15,,,,,,,,,,,,,,,9.199851918395591,1.0,0.8810484383204328,5.118781973640269,2.8402668610915573,1.240803083663765,9.199851918395591,1.240803083663765,5.118781973640269,0.1348720712757032,2.3635994649418235,2.847882214294187,4.604294033662607,1.7476756704387941,,,,,,,,,,,,,,
3,0.1,full_coverage,single_poisson,3,253,0.9451848101835256,0.9449629569473635,1.0490523008809225,0.8286478481349844,-2.76029018998921,3.219323276672104,-1.9643235542118724,0.05039787664398232,0.016245681836100978,1.1496021233560176,0.283754318163899,2367.303047707917,-1170.5054439499368,consistent,False,False,0,False,,0,not_applicable,d5d4d51c878b5156,ac4f5027dd3e4a6f,5a47cab5a3fe8b2b,354a768c160c1a58,121030,7.23,3.4779914243979233,2.220446049250313e-16,,,,,,,,,,,,,,,,,,,,,,,,,,,,,3.4779914243979233,1.0,0.8601553626849161,2.0505864403040173,0.9568967951384413,0.4705081889554652,3.4779914243979237,0.4705081889554652,2.0505864403040173,0.13528158397829143,2.2644278152842765,0.9933679674345514,0.8458072281488584,1.6388162288145145
3,0.1,full_coverage,per_column_all,9,253,0.4411935865938725,0.45089235793248295,0.43283746368047604,0.4396625457637174,-2.316722965423191,3.2191564969721713,-1.9892112569165248,0.02436141150825888,0.017934076659140097,1.175638588491741,0.2820659233408599,2918.402219094996,-1400.0437499794004,consistent,False,False,0,False,,0,not_applicable,d5d4d51c878b5156,ac4f5027dd3e4a6f,5a47cab5a3fe8b2b,354a768c160c1a58,121030,10.63,25.93282257877714,5.329070518200751e-15,1.071773894278301,0.04132885616374893,1.4029719520311021,0.6464586093841453,0.3532197528731453,0.07209553202101049,1.071773894278301,0.07209553202101049,0.6464586093841453,0.06726748282067213,2.0966613011159354,0.25712349618688607,0.44753255479768583,0.3671178432937294,20.544810279764743,0.7922319376286547,0.9759985956137308,10.892531920827986,6.367562580764281,3.2847157781724734,20.54481027976474,3.2847157781724734,10.892531920827986,0.1598805602701378,2.4831339830685293,4.426881898866526,10.279880915295566,5.83804746560266,4.316238404734095,0.1664392062075962,0.9768832532976104,2.2414556006005824,1.17080153487257,0.9039812692609418,4.316238404734094,0.9039812692609418,2.2414556006005824,0.2094372887905001,2.5831535269272408,1.2019919842898883,1.5004008230608492,1.6138455973833588
3,0.1,shared,y_only,0,253,1.1840038232155268,1.1736380223048077,1.1907517368685825,1.1875517899914372,-2.9096272708910202,3.528852209129509,-1.9795535266366355,0.05318568202204488,0.027944967481141003,1.146814317977955,0.272055032518859,6913.609534906054,-3384.501327980908,consistent,False,False,0,False,,0,not_applicable,d5d4d51c878b5156,ac4f5027dd3e4a6f,5a47cab5a3fe8b2b,354a768c160c1a58,121030,6.2,0.0,0.0,0.0,,0.0,,,,0.0,,,,,0.0,0.0,0.0,0.0,,0.0,,,,0.0,,,,,0.0,0.0,0.0,0.0,,0.0,,,,0.0,,,,,0.0,0.0,0.0
4,1.0,complementary,single_bernoulli,3,2528,0.30112684729706585,0.30904703220479496,0.31427291809804964,0.278845117089678,-2.051039464407516,2.1567849489070063,-1.9685965082497092,0.011281728970594651,0.003421199512733397,1.1887182710294053,0.3034211995127334,10960.105905649294,-5466.906872920626,consistent,False,False,0,False,,0,not_applicable,9c96ba67e96c41fd,c25ffd4a5b9497d3,aa2f253493535be3,c46a7533cf524a65,121040,7.21,0.6829360772562167,1.6653345369377348e-16,0.6829360772562167,1.0,1.0294398613832583,0.6678039581677635,0.014728913347616,0.0004032057408374028,0.6829360772562169,0.0004032057408374028,0.6678039581677635,0.000590400411202954,1.0453236149292575,0.6604722399704841,0.011367308331626564,0.011096528954106446,,,,,,,,,,,,,,,,,,,,,,,,,,,,
4,1.0,complementary,single_gaussian,3,2528,0.2381144564765639,0.2782160576264936,0.2079678374996258,0.222352618590133,-1.9930836152471194,2.0167616060535547,-1.9722620945150764,0.006347974285479063,0.0015605478550297924,1.193652025714521,0.3015605478550298,10773.341025962802,-5366.951393125369,consistent,False,False,0,False,,0,not_applicable,9c96ba67e96c41fd,c25ffd4a5b9497d3,aa2f253493535be3,c46a7533cf524a65,121040,6.15,38.63127943952055,1.0658141036401503e-14,,,,,,,,,,,,,,,38.63127943952055,1.0,1.028092942603159,36.39056684204304,1.5375419806232848,0.7031706168542109,38.63127943952054,0.7031706168542109,36.39056684204304,0.018202105316109562,1.1245120544106904,2.313183565535577,35.51871744677164,0.7993784272133134,,,,,,,,,,,,,,
4,1.0,complementary,single_poisson,3,2528,0.2950446532626155,0.2784224839179487,0.33023322011972456,0.273095190427968,-2.042536758705418,2.1504134836398876,-1.9671695795302373,0.007647412999774561,0.004129037216663745,1.1923525870002254,0.30412903721666373,11276.19237369003,-5624.9501069409935,consistent,False,False,0,False,,0,not_applicable,9c96ba67e96c41fd,c25ffd4a5b9497d3,aa2f253493535be3,c46a7533cf524a65,121040,7.22,3.6080361782923225,6.661338147750939e-16,,,,,,,,,,,,,,,,,,,,,,,,,,,,,3.6080361782923225,1.0,0.8711252771302175,3.5310653052154857,0.07110528517418356,0.005865587902652611,3.608036178292322,0.005865587902652611,3.5310653052154857,0.0016257009666207905,1.043645485183671,0.12680490236235875,0.20651342232508624,3.274717853604879
4,1.0,complementary,per_column_all,9,2528,0.26566753276005933,0.320512218656408,0.21205561665950592,0.2530653018956869,-2.0344494274223446,2.1857058158505054,-1.9685192845920993,0.004553267192985766,0.0020323863399427378,1.1954467328070142,0.3020323863399427,11738.637514424148,-5810.161397643977,consistent,False,False,0,False,,0,not_applicable,9c96ba67e96c41fd,c25ffd4a5b9497d3,aa2f253493535be3,c46a7533cf524a65,121040,10.49,44.58812199080674,3.552713678800501e-15,0.6516211495704162,0.014614231783629923,1.0097882436137446,0.6356460197861558,0.014200138542636166,0.0017749912416244664,0.6516211495704164,0.0017749912416244664,0.6356460197861558,0.002723961987413447,1.0503634693388408,0.6303223287917672,0.010178393529092023,0.011120427249557151,40.180010486798245,0.901137089718258,1.0301545863586472,37.952494302964865,1.4536022547190435,0.7739139291143353,40.180010486798245,0.7739139291143353,37.952494302964865,0.01926116792250755,1.118722939674554,1.9106253558459885,37.37244142792676,0.8969437030255081,3.756490354438082,0.08424867849811216,0.8859679964350802,3.676356592159915,0.0760886611131832,0.004045101164983438,3.756490354438082,0.004045101164983438,3.676356592159915,0.001076829908588579,1.0436209256659044,0.10446790004075765,0.18844309547763216,3.463579358919692
4,1.0,full_coverage,single_bernoulli,3,2528,0.30913066337603606,0.3406852404208906,0.29845290456023643,0.2855603821205644,-2.037948663851678,2.110166922025194,-1.9690404180921344,0.008926225752818207,0.0028698360615247998,1.1910737742471817,0.3028698360615248,10977.191007652347,-5475.449423922152,consistent,False,False,0,False,,0,not_applicable,9c96ba67e96c41fd,c25ffd4a5b9497d3,aa2f253493535be3,c46a7533cf524a65,121040,7.29,0.4848923465113609,2.7755575615628914e-16,0.4848923465113609,1.0,0.8144693319377329,0.3501820510644393,0.11049600286359353,0.024214292583328134,0.4848923465113609,0.024214292583328134,0.3501820510644393,0.049937460876711935,1.7361917612959346,0.31802360516514655,0.10489650336589411,0.06197223798032041,,,,,,,,,,,,,,,,,,,,,,,,,,,,
4,1.0,full_coverage,single_gaussian,3,2528,0.24766130607712808,0.25723357392348706,0.2348754905623263,0.25034528148767504,-2.009203424595163,2.075241923284099,-1.9704862670847418,0.005327310423745901,0.0016697283172372734,1.194672689576254,0.30166972831723726,10729.836943708058,-5345.199351997997,consistent,False,False,0,False,,0,not_applicable,9c96ba67e96c41fd,c25ffd4a5b9497d3,aa2f253493535be3,c46a7533cf524a65,121040,6.23,44.43825231323922,1.0658141036401503e-14,,,,,,,,,,,,,,,44.43825231323922,1.0,1.0142446755579444,22.014305217333465,12.788401697472619,9.635545398433145,44.438252313239225,9.635545398433145,22.014305217333465,0.21682998085778643,2.664931261312461,19.368672277600556,10.511376637986038,14.55820339765263,,,,,,,,,,,,,,
4,1.0,full_coverage,single_poisson,3,2528,0.29223005304265837,0.27607655109236384,0.3088204228727006,0.29087264577064753,-2.045216977364084,2.141140471606755,-1.968348264733336,0.007862130184551397,0.005340079927513008,1.1921378698154486,0.305340079927513,11267.06462815779,-5620.386234174874,consistent,False,False,0,False,,0,not_applicable,9c96ba67e96c41fd,c25ffd4a5b9497d3,aa2f253493535be3,c46a7533cf524a65,121040,7.05,4.601652655804156,2.6645352591003757e-15,,,,,,,,,,,,,,,,,,,,,,,,,,,,,4.601652655804156,1.0,0.9617406174006913,2.13579612008175,1.7854589232467892,0.6803976124756165,4.6016526558041555,0.6803976124756165,2.13579612008175,0.14785940255995147,2.5784339519322708,1.7052029470506602,1.9246343268665445,0.9718153818869562
4,1.0,full_coverage,per_column_all,9,2528,0.24007272359826515,0.22926132359429124,0.2149276923429784,0.27230510537921016,-1.9947445204796554,2.047684331078992,-1.9725027153717776,0.006247995865505063,0.0023667554110338718,1.193752004134495,0.30236675541103386,11714.098901837846,-5797.8920913508255,consistent,False,False,0,False,,0,not_applicable,9c96ba67e96c41fd,c25ffd4a5b9497d3,aa2f253493535be3,c46a7533cf524a65,121040,10.56,49.59486637233978,5.329070518200751e-15,0.4635540162194401,0.009346814501711714,0.8096250401881239,0.3292259241614352,0.0993050125129319,0.035023079545073055,0.46355401621944015,0.035023079545073055,0.3292259241614352,0.07555339468463068,1.7985124150045335,0.3007003211513943,0.09646777414961943,0.06638592091842624,44.64611078430138,0.9002163741931476,1.0148335942850144,21.89640292755893,12.699554355140538,10.05015350160191,44.646110784301385,10.05015350160191,21.89640292755893,0.2251070322823232,2.6873082248137514,19.140864596079886,11.330157853764238,14.175088334457246,4.485201571818964,0.09043681130514077,0.9540164725581212,2.1787881781666307,1.5991965666700734,0.7072168269822617,4.485201571818966,0.7072168269822617,2.1787881781666307,0.15767782465470132,2.577552606562591,1.555852345884788,1.915949157002014,1.0134000689321632
4,1.0,shared,y_only,0,2528,0.2884920175794431,0.2789056038955734,0.3122667587926051,0.27273442776807555,-2.015978626166315,2.0864686501297554,-1.9673319476667637,0.007794377284160214,0.002720478521416436,1.1922056227158397,0.3027204785214164,14077.409641315504,-6966.401381185633,consistent,False,False,0,False,,0,not_applicable,9c96ba67e96c41fd,c25ffd4a5b9497d3,aa2f253493535be3,c46a7533cf524a65,121040,6.09,0.0,0.0,0.0,,0.0,,,,0.0,,,,,0.0,0.0,0.0,0.0,,0.0,,,,0.0,,,,,0.0,0.0,0.0,0.0,,0.0,,,,0.0,,,,,0.0,0.0,0.0
4,0.1,complementary,single_bernoulli,3,253,1.1162846384699918,0.8624438290247171,1.1034088319704476,1.3330242959372638,-2.8609800511109538,3.945290007876272,-2.0257854697599282,0.007407194343660661,0.0032022574054841324,1.2074071943436606,0.29679774259451586,1990.03841232551,-981.8731262587334,consistent,False,False,0,False,,0,not_applicable,9c96ba67e96c41fd,c25ffd4a5b9497d3,aa2f253493535be3,6ab42b0eb13bf246,121040,7.28,1.608784606217669,3.3306690738754696e-16,1.608784606217669,1.0,1.7429021861574812,1.0721783994832497,0.49735006497591333,0.039256141758505655,1.6087846062176685,0.039256141758505655,1.0721783994832497,0.024401117220283933,1.8507353083878129,1.0300216571887981,0.36165188716810076,0.21711106186077073,,,,,,,,,,,,,,,,,,,,,,,,,,,,
4,0.1,complementary,single_gaussian,3,253,0.7576018618574534,0.8606324452921568,0.27170982641144525,0.952558296174856,-2.33650031005056,2.789705211129415,-2.0462185401887125,0.04495495309221709,0.06058972101313542,1.244954953092217,0.23941027898686457,1871.6597560412317,-916.1107581645834,consistent,False,False,0,False,,0,not_applicable,9c96ba67e96c41fd,c25ffd4a5b9497d3,aa2f253493535be3,6ab42b0eb13bf246,121040,6.56,39.67315391950996,3.552713678800501e-15,,,,,,,,,,,,,,,39.67315391950996,1.0,1.1137909325580828,38.02063472724325,1.3141992334898587,0.3383199587768696,39.67315391950998,0.3383199587768696,38.02063472724325,0.008527679938511133,1.087431256804231,1.2416008861253895,37.993281975534025,0.4382710578505391,,,,,,,,,,,,,,
4,0.1,complementary,single_poisson,3,253,1.016307220726246,1.270385310248697,0.9955336827730732,0.7026200613913063,-2.6789593836054517,3.527182598490057,-2.0237420567991276,0.031584143858801594,0.027651594659984735,1.2315841438588015,0.3276515946599847,2346.9015125227793,-1160.304676357368,consistent,False,False,0,False,,0,not_applicable,9c96ba67e96c41fd,c25ffd4a5b9497d3,aa2f253493535be3,6ab42b0eb13bf246,121040,7.12,3.260592903501278,8.881784197001252e-16,,,,,,,,,,,,,,,,,,,,,,,,,,,,,3.260592903501278,1.0,0.8274691839960481,3.126518409609188,0.112128555394368,0.021945938497722136,3.260592903501278,0.021945938497722136,3.126518409609188,0.0067306588547611165,1.0861544215383658,0.12810758985693302,0.07392781143869764,3.0585575022056495
4,0.1,complementary,per_column_all,9,253,0.522473016664196,0.6629523119750943,0.25509532545577157,0.5606734935807534,-2.1947235087453016,2.4849723368840886,-2.058672034448013,0.06169927831935329,0.02919847313230478,1.2616992783193532,0.2708015268676952,2792.4002703501715,-1337.0427756069882,consistent,False,False,0,False,,0,not_applicable,9c96ba67e96c41fd,c25ffd4a5b9497d3,aa2f253493535be3,6ab42b0eb13bf246,121040,10.6,56.61706813822917,1.0658141036401503e-14,0.7267572616677228,0.012836363407115376,1.0843998419803365,0.6764573677887222,0.04856030210726718,0.0017395917717336578,0.726757261667723,0.0017395917717336578,0.6764573677887222,0.002393635211489648,1.148319540113763,0.6739184421969195,0.008321236033231573,0.04451758343757226,52.83263662012553,0.9331574091956855,1.1053793863646557,50.27929990478283,1.6575643109807516,0.8957724043619628,52.83263662012555,0.8957724043619628,50.27929990478283,0.016954906316765876,1.1025967302381894,3.6854991777738846,48.20311573109134,0.944021711260333,3.057674256435922,0.054006227397199125,0.8080346358304752,2.982024560969485,0.07403641426771433,0.0016132811987213229,3.057674256435921,0.0016132811987213229,2.982024560969485,0.0005276170917571161,1.0507327143752905,0.21850410370771128,0.368712192177008,2.4704579605512027
4,0.1,full_coverage,single_bernoulli,3,253,1.1639518405001128,0.9426277489802164,1.1292069022396598,1.378657448316152,-2.9415096347426166,4.155795669240218,-2.0340290647582537,0.06482656381596219,0.010396004883702958,1.2648265638159621,0.31039600488370295,1998.3527936526796,-986.0303169223181,consistent,False,False,0,False,,0,not_applicable,9c96ba67e96c41fd,c25ffd4a5b9497d3,aa2f253493535be3,6ab42b0eb13bf246,121040,7.32,0.7417963539070371,2.220446049250313e-16,0.7417963539070371,1.0,1.0253154808852412,0.5491361326300088,0.15871822103529085,0.033942000241737255,0.7417963539070369,0.033942000241737255,0.5491361326300088,0.045756493764043116,1.678169738792001,0.4672451771654039,0.1867148284915468,0.08783634825008603,,,,,,,,,,,,,,,,,,,,,,,,,,,,
4,0.1,full_coverage,single_gaussian,3,253,0.4746295852035796,0.46360269030822765,0.4883700412981051,0.47157923804279894,-2.1680468258650483,2.437442497403672,-2.017167114002125,0.05328119500312134,0.012532510004340525,1.2532811950031213,0.28746748999565946,1983.4611234140898,-972.0114418510125,consistent,False,False,0,False,,0,not_applicable,9c96ba67e96c41fd,c25ffd4a5b9497d3,aa2f253493535be3,6ab42b0eb13bf246,121040,6.23,18.066103198276778,5.329070518200751e-15,,,,,,,,,,,,,,,18.066103198276778,1.0,0.9913117942534635,10.18729753113134,4.623032911005722,3.255772756139718,18.066103198276778,3.255772756139718,10.18729753113134,0.1802144447204457,2.4042402989755693,7.9761764705649965,3.8133124428952483,6.276614284816543,,,,,,,,,,,,,,
4,0.1,full_coverage,single_poisson,3,253,0.8053949085750104,0.769462889010704,0.8511965678341538,0.7933310416328772,-2.5474790479783556,3.1375923548990117,-2.074287604001343,0.051772113351950866,0.02634288203381857,1.2517721133519508,0.32634288203381856,2360.494161530741,-1167.101000861349,consistent,False,False,0,False,,0,not_applicable,9c96ba67e96c41fd,c25ffd4a5b9497d3,aa2f253493535be3,6ab42b0eb13bf246,121040,7.19,3.830954523885974,1.3322676295501878e-15,,,,,,,,,,,,,,,,,,,,,,,,,,,,,3.830954523885974,1.0,0.899389963289538,1.7618325523951226,1.5308567935767214,0.5382651779141301,3.8309545238859743,0.5382651779141301,1.7618325523951226,0.14050419407436202,2.558032098100203,1.4749950396032165,1.5551945898088053,0.8007648944739489
4,0.1,full_coverage,per_column_all,9,253,0.39004726935940076,0.3734173488287464,0.42148499651528837,0.3732566118776633,-2.1061441683193856,2.3367036585859324,-2.0023899784845667,0.06073428545390791,0.0005599170768996742,1.2607342854539079,0.2994400829231003,2865.904603395986,-1373.7949421298956,consistent,False,False,0,False,,0,not_applicable,9c96ba67e96c41fd,c25ffd4a5b9497d3,aa2f253493535be3,6ab42b0eb13bf246,121040,10.7,33.23428692593656,3.552713678800501e-15,0.5202120952977403,0.015652873686053382,0.8617213452097543,0.3911273878144762,0.08566372085624482,0.04342098662701914,0.5202120952977402,0.04342098662701914,0.3911273878144762,0.08346785286137456,1.6683937665752941,0.36702786963424566,0.08574624889590553,0.06743797676758907,28.130775811036166,0.8464383747340902,1.020287435945203,14.126372414428788,8.846460752560391,5.1579426440469796,28.13077581103616,5.1579426440469796,14.126372414428788,0.1833558618750726,2.599514121610542,10.353006038502016,8.36401838837741,9.413751384156743,4.583299019602651,0.1379087515798563,0.9578813370813674,2.2619015542603518,1.6955775316323407,0.6258199337099573,4.5832990196026495,0.6258199337099573,2.2619015542603518,0.13654355324261888,2.5059107602086477,1.7938848490344712,1.864851635748867,0.9245625348193132
4,0.1,shared,y_only,0,253,1.152003418490033,1.187445245012306,1.1346921561602334,1.1330415391698005,-2.807178849951646,3.4500568523452615,-2.0602373715299236,0.034048247117394626,0.011622215371442202,1.2340482471173946,0.2883777846285578,5140.188314310934,-2497.7907176833482,consistent,False,False,0,False,,0,not_applicable,9c96ba67e96c41fd,c25ffd4a5b9497d3,aa2f253493535be3,6ab42b0eb13bf246,121040,6.22,0.0,0.0,0.0,,0.0,,,,0.0,,,,,0.0,0.0,0.0,0.0,,0.0,,,,0.0,,,,,0.0,0.0,0.0,0.0,,0.0,,,,0.0,,,,,0.0,0.0,0.0
5,1.0,complementary,single_bernoulli,3,2528,0.2972190512300614,0.2963973299073006,0.2864988957696679,0.3083577448174075,-2.112191679985248,2.2945307528168413,-1.9935810644507372,0.015440071439581926,0.00112231241104771,1.2154400714395819,0.3011223124110477,11024.391823946058,-5499.049832069008,consistent,False,False,0,False,,0,not_applicable,19e423289c1ee06d,4ba23b1c3e97b5fa,328dd50905366d3e,a872fa3551510e42,121050,7.31,0.8852595321163321,1.1102230246251565e-16,0.8852595321163321,1.0,1.2266824876502331,0.8708620869652295,0.014156646349530014,0.00024079880157265514,0.8852595321163322,0.00024079880157265514,0.8708620869652295,0.00027200927280273746,1.0330650605921226,0.8535556758576303,0.002406166241615983,0.02929769001708559,,,,,,,,,,,,,,,,,,,,,,,,,,,,
5,1.0,complementary,single_gaussian,3,2528,0.2841547800692896,0.31431985546572627,0.19613347066868161,0.3239853503665581,-2.084583485622302,2.1951773316869376,-1.9951754033762168,0.013878146383822232,0.0011453275206053104,1.2138781463838222,0.3011453275206053,10821.748162902764,-5391.15496159535,consistent,False,False,0,False,,0,not_applicable,19e423289c1ee06d,4ba23b1c3e97b5fa,328dd50905366d3e,a872fa3551510e42,121050,6.2,38.59568477584364,5.329070518200751e-15,,,,,,,,,,,,,,,38.59568477584364,1.0,0.9635716978988519,33.75746491006957,4.833775687753817,0.0044441780202490195,38.59568477584364,0.0044441780202490195,33.75746491006957,0.00011514701827574653,1.2809236333250165,0.7258169004653074,33.22567169281048,4.6441961825678515,,,,,,,,,,,,,,
5,1.0,complementary,single_poisson,3,2528,0.30402079689662953,0.3166632953195399,0.28064294532570744,0.3134482883559373,-2.1169304122366337,2.306512384620641,-1.9949934226414978,0.013651496874028446,0.0004365363387196508,1.2136514968740284,0.30043653633871964,11355.740280417027,-5664.724060304492,consistent,False,False,0,False,,0,not_applicable,19e423289c1ee06d,4ba23b1c3e97b5fa,328dd50905366d3e,a872fa3551510e42,121050,7.44,3.6176186711737013,4.440892098500626e-16,,,,,,,,,,,,,,,,,,,,,,,,,,,,,3.6176186711737013,1.0,0.9048318350612886,3.3397721545034225,0.25981487720561663,0.018031639464660822,3.6176186711737,0.018031639464660822,3.3397721545034225,0.004984394736886583,1.1662157691346495,0.03195508638623873,0.2573775098938727,3.3282860748935885
5,1.0,complementary,per_column_all,9,2528,0.2915422585230075,0.3429951531991951,0.20675854399243357,0.3075644564673852,-2.08558576222037,2.2671768784031565,-1.9926150749416398,0.015232256374059228,0.002563298414815174,1.2152322563740592,0.30256329841481516,11764.575966145481,-5823.130623504643,consistent,False,False,0,False,,0,not_applicable,19e423289c1ee06d,4ba23b1c3e97b5fa,328dd50905366d3e,a872fa3551510e42,121050,10.5,44.62325292993459,3.552713678800501e-15,0.9741945548503844,0.021831545010401205,1.3140562646153573,0.9572655423234457,0.01677162440969522,0.00015738811724369525,0.9741945548503846,0.00015738811724369525,0.9572655423234457,0.0001615571719838515,1.035364427091696,0.9560383736644729,0.004950096397762475,0.013206084788149705,39.58832138799609,0.8871679850448349,0.965420228211953,35.097564518561896,4.481551093021055,0.00920577641317131,39.58832138799612,0.00920577641317131,35.097564518561896,0.00023253768006346098,1.2518618672528354,0.6441082245333709,34.76199855563299,4.182214607829733,4.060736987088108,0.09100046994476385,0.9356228876744815,3.8031705362210584,0.25139227595545705,0.0061741749115902895,4.060736987088106,0.0061741749115902895,3.8031705362210584,0.0015204567375878483,1.1350723697465468,0.029266438166736693,0.24370657874093832,3.787763970180431
5,1.0,full_coverage,single_bernoulli,3,2528,0.31657054391960376,0.3038387660548802,0.25941500703321424,0.3755483806393877,-2.141282727637964,2.3717243774130976,-1.995087047208618,0.015499127743596075,0.0013328418258414798,1.215499127743596,0.30133284182584147,11028.565432890082,-5501.1366365410195,consistent,False,False,0,False,,0,not_applicable,19e423289c1ee06d,4ba23b1c3e97b5fa,328dd50905366d3e,a872fa3551510e42,121050,7.43,0.8868993620611412,3.885780586188048e-16,0.8868993620611412,1.0,1.2376587843977833,0.5032816883651208,0.21557028266168649,0.16804739103433408,0.8868993620611414,0.16804739103433408,0.5032816883651208,0.1894774065952583,2.3981202784971476,0.2448975237449972,0.4108796934049201,0.23112214491122476,,,,,,,,,,,,,,,,,,,,,,,,,,,,
5,1.0,full_coverage,single_gaussian,3,2528,0.24592465923817328,0.2830873246668116,0.20701948016867613,0.2417463867525495,-2.074337428184267,2.229720562781122,-1.9953491634408944,0.013682117090109802,0.0030837943723524552,1.2136821170901098,0.30308379437235244,10831.027178379474,-5395.794469333705,consistent,False,False,0,False,,0,not_applicable,19e423289c1ee06d,4ba23b1c3e97b5fa,328dd50905366d3e,a872fa3551510e42,121050,6.2,40.67021804862517,1.2434497875801753e-14,,,,,,,,,,,,,,,40.67021804862517,1.0,0.98983677591605,25.22652344693639,10.802524269936683,4.641170331752096,40.670218048625166,4.641170331752096,25.22652344693639,0.114117173559363,2.1353472650886864,10.340398670281367,18.48303063653101,11.846788741812762,,,,,,,,,,,,,,
5,1.0,full_coverage,single_poisson,3,2528,0.30018062232392634,0.3125114717975594,0.25143438342526336,0.33082102243179773,-2.130447966506896,2.3439800811384965,-1.9936773648376371,0.013545812081209085,7.95831491045007e-05,1.213545812081209,0.3000795831491045,11340.523273635794,-5657.1155569138755,consistent,False,False,0,False,,0,not_applicable,19e423289c1ee06d,4ba23b1c3e97b5fa,328dd50905366d3e,a872fa3551510e42,121050,7.21,5.477999805105369,6.661338147750939e-16,,,,,,,,,,,,,,,,,,,,,,,,,,,,,5.477999805105369,1.0,1.0097714087830798,2.7577200236131816,1.4638269788252378,1.2564528026669495,5.477999805105369,1.2564528026669495,2.7577200236131816,0.22936342595265605,2.6494086823042156,2.0528388481648645,2.080997710667934,1.3441632462725697
5,1.0,full_coverage,per_column_all,9,2528,0.2538828724706259,0.2553718884174706,0.25568504910184997,0.25055916082571755,-2.063815710153087,2.2225008560290704,-1.9907719965050874,0.014110485019141361,0.002533005279070244,1.2141104850191413,0.30253300527907023,11763.064988572367,-5822.375134718086,consistent,False,False,0,False,,0,not_applicable,19e423289c1ee06d,4ba23b1c3e97b5fa,328dd50905366d3e,a872fa3551510e42,121050,10.59,47.381086050049575,1.0658141036401503e-14,0.8202948215340838,0.017312706185493305,1.1823055037322767,0.4163979329385011,0.2275614201822947,0.17633546841328798,0.8202948215340837,0.17633546841328798,0.4163979329385011,0.21496596563112783,2.625726979702538,0.23704263624312008,0.36580694792129165,0.21744523736967167,41.10549550620157,0.8675507239910252,0.9917127722981022,26.149072571724474,10.518512084954928,4.437910849522165,41.105495506201564,4.437910849522165,26.149072571724474,0.10796393024510846,2.0754758075376425,10.289527729898868,20.983475287322072,9.832492488980613,5.455295722313921,0.11513656982348157,1.0147944404928444,2.7210289896873707,1.3812657004359685,1.3530010321905825,5.455295722313922,1.3530010321905825,2.7210289896873707,0.24801607484931956,2.670876082749768,2.0586210054926286,2.011785179340118,1.384889537481173
5,1.0,shared,y_only,0,2528,0.30838651899174985,0.29343059857646825,0.3123150984625818,0.31884870766385437,-2.13147013478866,2.342864165023622,-1.9940484292380127,0.01630675336805054,0.0010872082843722541,1.2163067533680505,0.30108720828437224,14188.072085112424,-7021.732603084093,consistent,False,False,0,False,,0,not_applicable,19e423289c1ee06d,4ba23b1c3e97b5fa,328dd50905366d3e,a872fa3551510e42,121050,6.25,0.0,0.0,0.0,,0.0,,,,0.0,,,,,0.0,0.0,0.0,0.0,,0.0,,,,0.0,,,,,0.0,0.0,0.0,0.0,,0.0,,,,0.0,,,,,0.0,0.0,0.0
5,0.1,complementary,single_bernoulli,3,253,1.1176363264627602,0.9596369519505443,1.2207535325092698,1.155937112478325,-2.959746622880541,3.6327549080256736,-2.0118978287772715,0.007890307362066196,0.022078617293724234,1.1921096926379338,0.27792138270627575,1974.8512947527986,-974.2795674723776,consistent,False,False,0,False,,0,not_applicable,19e423289c1ee06d,4ba23b1c3e97b5fa,328dd50905366d3e,f5ceb49b15e8309b,121050,7.34,1.333820589379602,7.771561172376096e-16,1.333820589379602,1.0,1.5888585860591042,1.2983056713843455,0.03406495840849162,0.001449959586765102,1.3338205893796022,0.001449959586765102,1.2983056713843455,0.0010870724281138286,1.0547304992180393,1.2882600162005637,0.043670436520270715,0.0018901366587688816,,,,,,,,,,,,,,,,,,,,,,,,,,,,
5,0.1,complementary,single_gaussian,3,253,0.8729783429958187,1.2761036771640057,0.3082989489695918,0.7501897927937462,-2.498331064778328,3.098695439461353,-2.0669971490919385,0.017292877832133957,0.024831964628685033,1.217292877832134,0.27516803537131496,1832.9446160531108,-896.753188170523,consistent,False,False,0,False,,0,not_applicable,19e423289c1ee06d,4ba23b1c3e97b5fa,328dd50905366d3e,f5ceb49b15e8309b,121050,6.22,33.306519235979096,1.7763568394002505e-14,,,,,,,,,,,,,,,33.306519235979096,1.0,0.9782057115422895,30.121472654350534,3.1776064059379547,0.007440175690602291,33.306519235979096,0.007440175690602291,30.121472654350534,0.00022338496670541009,1.2092040518177023,1.0193205454787093,29.306486357407408,2.9807123330929413,,,,,,,,,,,,,,
5,0.1,complementary,single_poisson,3,253,1.0065375278916038,1.1379709679493044,1.1150538907930263,0.7078349255965545,-2.744988199817515,3.4026457987558425,-2.0098946332453305,0.021799137775726285,0.018694242214892576,1.2217991377757262,0.2813057577851074,2349.6055012077636,-1161.6566706998601,consistent,False,False,0,False,,0,not_applicable,19e423289c1ee06d,4ba23b1c3e97b5fa,328dd50905366d3e,f5ceb49b15e8309b,121050,7.18,3.474419647694293,6.661338147750939e-16,,,,,,,,,,,,,,,,,,,,,,,,,,,,,3.474419647694293,1.0,0.8727281525552405,3.3173165440118915,0.1508570236883905,0.0062460799940119325,3.474419647694294,0.0062460799940119325,3.3173165440118915,0.0017977333273938216,1.0946920683362567,0.11765103275004682,0.06887219909846995,3.2878964158457746
5,0.1,complementary,per_column_all,9,253,0.7381713020793752,1.022409829878646,0.3808203177588573,0.6665918083731919,-2.3920424949177277,2.830249922822075,-2.0065358207506505,0.02855956227019374,0.017598642161051337,1.2285595622701937,0.28240135783894865,2803.4318073975655,-1342.5585441306853,consistent,False,False,0,False,,0,not_applicable,19e423289c1ee06d,4ba23b1c3e97b5fa,328dd50905366d3e,f5ceb49b15e8309b,121050,10.7,42.58821632679351,1.5987211554602254e-14,0.4606546964075089,0.010816482495363334,0.8192795396501058,0.42111377583536863,0.039285830965328394,0.0002550896068118786,0.4606546964075089,0.0002550896068118786,0.42111377583536863,0.0005537544907307723,1.1862838118450398,0.36245236386170865,0.04342292413034356,0.054779408415456525,38.253409519979144,0.8982158169397856,0.9771148886973963,33.76340028407792,4.489961352698356,4.788320286827778e-05,38.253409519979144,4.788320286827778e-05,33.76340028407792,1.251736863958993e-06,1.2613475945599284,3.5195587616239186,30.613915338404638,4.119935419950551,3.874152110406847,0.09096770056485091,0.8838129018316682,3.628636483013247,0.2455057903866117,9.837006988653531e-06,3.8741521104068473,9.837006988653531e-06,3.628636483013247,2.5391380380313695e-06,1.1347048916101703,0.38612888399286815,0.1713588678032143,3.31666435861076
5,0.1,full_coverage,single_bernoulli,3,253,1.1273865384658552,1.1279866219745607,1.0788244610922102,1.1733648981189064,-2.8408338588179136,3.481156392851234,-2.038597852616525,0.019965674332730332,0.04458015427455614,1.2199656743327303,0.25541984572544385,2043.625567901347,-1008.6667040466518,consistent,False,False,0,False,,0,not_applicable,19e423289c1ee06d,4ba23b1c3e97b5fa,328dd50905366d3e,f5ceb49b15e8309b,121050,7.36,0.32842020775340847,1.1102230246251565e-16,0.32842020775340847,1.0,0.6886039200357139,0.2728017572056445,0.05325397163136353,0.002364478916400303,0.3284202077534083,0.002364478916400303,0.2728017572056445,0.0071995536832972626,1.3960201569701123,0.17900224184153746,0.09043611804810628,0.05898184786376458,,,,,,,,,,,,,,,,,,,,,,,,,,,,
5,0.1,full_coverage,single_gaussian,3,253,0.5611907972257487,0.5991690008756863,0.5061743177209277,0.5740987729842308,-2.2974903423581763,2.7389657400312006,-1.9889785550041732,0.0348646534224637,0.006572664233270575,1.2348646534224637,0.2934273357667294,1979.5736317708077,-970.0676960293714,consistent,False,False,0,False,,0,not_applicable,19e423289c1ee06d,4ba23b1c3e97b5fa,328dd50905366d3e,f5ceb49b15e8309b,121050,6.27,16.899443155105843,6.217248937900877e-15,,,,,,,,,,,,,,,16.899443155105843,1.0,0.9632278888512241,12.007127672758433,3.2666690551067017,1.6256464272406987,16.899443155105832,1.6256464272406987,12.007127672758433,0.09619526586291939,1.8134504050163498,5.2097941799905305,7.968009169656997,3.721639805458328,,,,,,,,,,,,,,
5,0.1,full_coverage,single_poisson,3,253,0.920925082828125,0.7596173940874076,0.9317489870442944,1.0483960436246191,-2.60624721208133,3.1608083513069793,-2.0692795300132922,0.0115357090203283,0.030326517675082376,1.2115357090203283,0.2696734823249176,2379.9287700981345,-1176.8183051450455,consistent,False,False,0,False,,0,not_applicable,19e423289c1ee06d,4ba23b1c3e97b5fa,328dd50905366d3e,f5ceb49b15e8309b,121050,7.2,5.100039224037099,1.1102230246251565e-15,,,,,,,,,,,,,,,,,,,,,,,,,,,,,5.100039224037099,1.0,0.9864225290005706,3.2549907698703393,1.4016520198367919,0.44339643432996745,5.100039224037099,0.44339643432996745,3.2549907698703393,0.08693980866660528,2.0390408541433636,2.335376388923341,1.7351486845904553,1.0295141505233016
5,0.1,full_coverage,per_column_all,9,253,0.41320485256779355,0.46025087687306326,0.36700595942245756,0.40705098776774135,-2.180255439660199,2.507841693824825,-2.0026247016278274,0.03465068519114678,0.00121708479774435,1.2346506851911467,0.30121708479774434,2803.841789593431,-1342.763535228618,consistent,False,False,0,False,,0,not_applicable,19e423289c1ee06d,4ba23b1c3e97b5fa,328dd50905366d3e,f5ceb49b15e8309b,121050,10.87,38.14683396750656,1.7763568394002505e-14,0.75941471533688,0.019907673490904877,1.1351290611938147,0.38893730865987974,0.2100235128713983,0.1604538938056016,0.7594147153368797,0.1604538938056016,0.38893730865987974,0.21128625843709595,2.6080453966021215,0.2064377631353142,0.3383189796633384,0.21465797253822655,31.6005423599236,0.8283922693778707,0.9795726958473877,20.09622628650238,7.810379416185759,3.693936657235462,31.6005423599236,3.693936657235462,20.09622628650238,0.11689472336146298,2.0869023777829665,8.801193093423525,13.932831172634836,8.866518093865201,5.786876892246079,0.15170005713122447,1.025151215878723,3.119066233714079,1.3697820063745587,1.2980286521574433,5.786876892246081,1.2980286521574433,3.119066233714079,0.22430555830497975,2.519831510615384,2.2900928391587354,2.047091835761215,1.4496922173261249
5,0.1,shared,y_only,0,253,1.187566753285243,1.1832964847894012,1.203637930014137,1.175589019615992,-2.7666548142742515,3.4759966146273364,-2.0293353990589806,0.015294034366720943,0.013418039086564526,1.215294034366721,0.28658196091343546,5142.323082718277,-2498.8581018870195,consistent,False,False,0,False,,0,not_applicable,19e423289c1ee06d,4ba23b1c3e97b5fa,328dd50905366d3e,f5ceb49b15e8309b,121050,6.22,0.0,0.0,0.0,,0.0,,,,0.0,,,,,0.0,0.0,0.0,0.0,,0.0,,,,0.0,,,,,0.0,0.0,0.0,0.0,,0.0,,,,0.0,,,,,0.0,0.0,0.0
6,1.0,complementary,single_bernoulli,3,2528,0.3049137091965166,0.31767862774353317,0.30354088514901273,0.2930193350034657,-2.0380859105022116,2.1210637485559505,-1.963127337089061,0.003680143079270781,0.002659485565258024,1.2036801430792707,0.302659485565258,10929.06662869564,-5451.387234443799,consistent,False,False,0,False,,0,not_applicable,89720cf5691027ea,909448797bd7eac2,52baa7b514eb7591,4c61ac4cbcc6b6b1,121060,7.3,0.7807739115855752,2.7755575615628914e-16,0.7807739115855752,1.0,1.156403384990243,0.722556360591069,0.053459780142267974,0.004757770852238331,0.7807739115855753,0.004757770852238331,0.722556360591069,0.006093660125728809,1.1612280698448338,0.6846889108685434,0.03364765355314739,0.06243734716388369,,,,,,,,,,,,,,,,,,,,,,,,,,,,
6,1.0,complementary,single_gaussian,3,2528,0.25597341218426944,0.29417963103807376,0.183765843610984,0.27614420624018154,-2.0503180543341597,2.1461099521369653,-1.963322655911606,0.004066682806552091,0.00214457537139473,1.204066682806552,0.3021445753713947,10684.301476143899,-5322.431618215917,consistent,False,False,0,False,,0,not_applicable,89720cf5691027ea,909448797bd7eac2,52baa7b514eb7591,4c61ac4cbcc6b6b1,121060,6.23,51.861157805216806,1.7763568394002505e-14,,,,,,,,,,,,,,,51.861157805216806,1.0,1.0467606740388535,50.8241869311671,0.9399320696228928,0.09703880442679459,51.861157805216784,0.09703880442679459,50.8241869311671,0.0018711268420049296,1.040862691987823,0.8619124311371984,50.704343661352965,0.29490171272668003,,,,,,,,,,,,,,
6,1.0,complementary,single_poisson,3,2528,0.2883120519336267,0.2970053838976255,0.29919347985564887,0.2676613184945226,-2.042442755593218,2.1076364053929475,-1.9633368167270402,0.002889517737148184,0.0032605069106259044,1.2028895177371481,0.3032605069106259,11245.179208058375,-5609.443524125166,consistent,False,False,0,False,,0,not_applicable,89720cf5691027ea,909448797bd7eac2,52baa7b514eb7591,4c61ac4cbcc6b6b1,121060,7.22,4.062526474054062,1.7763568394002505e-15,,,,,,,,,,,,,,,,,,,,,,,,,,,,,4.062526474054062,1.0,0.9316418847895473,3.8335371179381834,0.2147405591436792,0.014248796972200233,4.062526474054063,0.014248796972200233,3.8335371179381834,0.0035073733213069063,1.1195061278700043,0.21722628814088296,0.017106712667600235,3.8281934732455825
6,1.0,complementary,per_column_all,9,2528,0.24004537981144017,0.2889473549047582,0.1724402675830274,0.24421124731652574,-2.0499414291115223,2.2316880801380723,-1.9616627092837295,0.005069189931302676,0.003375600682546165,1.2050691899313026,0.30337560068254615,11635.649713985751,-5758.667497424778,consistent,False,False,0,False,,0,not_applicable,89720cf5691027ea,909448797bd7eac2,52baa7b514eb7591,4c61ac4cbcc6b6b1,121060,10.59,54.46018006406706,7.105427357601002e-15,0.7379206059186588,0.013549727618428136,1.1244798057176553,0.6682549698747959,0.06495382119033839,0.004711814853524418,0.7379206059186588,0.004711814853524418,0.6682549698747959,0.006385259898872918,1.2078963801993428,0.6444415187346562,0.04882432942989398,0.04465475775410879,49.6242887225946,0.9112031701734459,1.0481140670488187,48.59331932475098,0.9367919792784472,0.09417741856517305,49.6242887225946,0.09417741856517305,48.59331932475098,0.0018978089356934764,1.042491330755192,0.7869474857686786,48.46098597425666,0.3763552625692852,4.097970735553814,0.07524710220812626,0.9404148216938193,3.859321803195445,0.22214695213366287,0.016501980224707852,4.097970735553815,0.016501980224707852,3.859321803195445,0.00402686629300141,1.1237539796983815,0.22560644791921486,0.027207872822616455,3.845156414811987
6,1.0,full_coverage,single_bernoulli,3,2528,0.2969787421046584,0.2895043454073148,0.3173337727075185,0.28297637794644775,-2.0604755913629713,2.1788515240126567,-1.9646844129103485,0.0040528047621064545,0.0030671884329190324,1.2040528047621064,0.303067188432919,10940.415953332707,-5457.061896762332,consistent,False,False,0,False,,0,not_applicable,89720cf5691027ea,909448797bd7eac2,52baa7b514eb7591,4c61ac4cbcc6b6b1,121060,7.27,0.5837938187931431,2.220446049250313e-16,0.5837938187931431,1.0,0.9591600686613025,0.2948278275610733,0.2377174306944477,0.05124856053762206,0.5837938187931431,0.05124856053762206,0.2948278275610733,0.08778537711064918,2.333400864197462,0.19235575372672234,0.24654230085185974,0.14489576421456085,,,,,,,,,,,,,,,,,,,,,,,,,,,,
6,1.0,full_coverage,single_gaussian,3,2528,0.23749994056911727,0.24924535529672043,0.23239375610799634,0.23040954905565744,-2.035782932705136,2.0995538114348515,-1.9659014945007685,0.002710547976913835,0.002163233677019538,1.2027105479769138,0.3021632336770195,10687.292727968845,-5323.92724412839,consistent,False,False,0,False,,0,not_applicable,89720cf5691027ea,909448797bd7eac2,52baa7b514eb7591,4c61ac4cbcc6b6b1,121060,6.25,46.12556637542012,1.7763568394002505e-14,,,,,,,,,,,,,,,46.12556637542012,1.0,1.017786744341959,18.51150257242879,16.993871138154987,10.620192664836338,46.125566375420114,10.620192664836338,18.51150257242879,0.2302452522403224,2.858651093120862,14.00576593821938,18.31917364161802,13.800626795582753,,,,,,,,,,,,,,
6,1.0,full_coverage,single_poisson,3,2528,0.28642605136488214,0.27537342045862473,0.30526706120513253,0.2776709371712021,-2.070861068622821,2.194196390917936,-1.9640978059699397,0.0009820254267633999,0.0032243675464755372,1.2009820254267634,0.3032243675464755,11235.01805575163,-5604.362947971794,consistent,False,False,0,False,,0,not_applicable,89720cf5691027ea,909448797bd7eac2,52baa7b514eb7591,4c61ac4cbcc6b6b1,121060,7.19,4.628239439164899,1.5543122344752192e-15,,,,,,,,,,,,,,,,,,,,,,,,,,,,,4.628239439164899,1.0,0.9811270216832834,2.461168538670705,1.287866714093275,0.879204186400919,4.628239439164899,0.879204186400919,2.461168538670705,0.18996514721363664,2.52335060885644,1.2205601842281006,1.605116289203567,1.802562965733229
6,1.0,full_coverage,per_column_all,9,2528,0.2320095112354111,0.23159433166778948,0.24836540486227077,0.21485793240658654,-2.0450929245777982,2.1034009956694915,-1.9626882710193543,0.005663314085583515,0.002235279478756347,1.2056633140855835,0.30223527947875634,11638.226474674531,-5759.955877769168,consistent,False,False,0,False,,0,not_applicable,89720cf5691027ea,909448797bd7eac2,52baa7b514eb7591,4c61ac4cbcc6b6b1,121060,10.59,54.175072757118585,1.4210854715202004e-14,0.578262950922777,0.010673967223178182,0.9534554175796891,0.2813059905826109,0.24708267447005394,0.04987428587011226,0.578262950922777,0.04987428587011226,0.2813059905826109,0.08624845460101527,2.3437808483672415,0.19978605924479756,0.23334866868644158,0.14512822299153827,49.00574794020627,0.9045811190676607,1.0208943787753375,20.454553128474775,16.3612239127574,12.189970898974112,49.005747940206284,12.189970898974112,20.454553128474775,0.2487457372112256,2.877247833350715,17.21452465651597,16.005260750185414,15.785962533504904,4.591061865989543,0.08474491370916118,0.9786469535935267,2.4507681795178753,1.326790201587666,0.8135034848840016,4.591061865989543,0.8135034848840016,2.4507681795178753,0.1771928823069043,2.500805249589253,1.2593857868013467,1.4422425996465744,1.8894334795416223
6,1.0,shared,y_only,0,2528,0.3086195261736193,0.2919386174354641,0.3204908586934309,0.31272270296654986,-2.0544218893477146,2.161367635909899,-1.962945274503333,0.0038458503145664125,0.0015604677670564837,1.2038458503145664,0.3015604677670565,14028.010928509357,-6941.702024782559,consistent,False,False,0,False,,0,not_applicable,89720cf5691027ea,909448797bd7eac2,52baa7b514eb7591,4c61ac4cbcc6b6b1,121060,6.17,0.0,0.0,0.0,,0.0,,,,0.0,,,,,0.0,0.0,0.0,0.0,,0.0,,,,0.0,,,,,0.0,0.0,0.0,0.0,,0.0,,,,0.0,,,,,0.0,0.0,0.0
6,0.1,complementary,single_bernoulli,3,253,1.144417371926154,1.0455053649579877,1.3571454489118102,0.9970697697960358,-3.0808822407396934,3.6769684269024365,-2.0405072600357363,0.040963652434903075,0.018211161501221762,1.1590363475650969,0.31821116150122175,1967.0257326295068,-970.3667864107317,consistent,False,False,0,False,,0,not_applicable,89720cf5691027ea,909448797bd7eac2,52baa7b514eb7591,7709c98f4cf4de30,121060,7.34,1.5858825904668303,3.3306690738754696e-16,1.5858825904668303,1.0,1.6806118563930201,1.4396613272439112,0.1374075980308788,0.008813665192041055,1.585882590466831,0.008813665192041055,1.4396613272439112,0.005557577367342563,1.202449661845415,0.9386409129373656,0.3990409008082652,0.24820077672119917,,,,,,,,,,,,,,,,,,,,,,,,,,,,
6,0.1,complementary,single_gaussian,3,253,0.7536251767679415,0.9630157016589642,0.24552206096001725,0.8462696952601879,-2.45675239443037,3.1560294150384585,-1.9736676203684054,0.01021000639204761,0.0014500906998244356,1.1897899936079523,0.3014500906998244,1805.057465455516,-882.8096128717256,consistent,False,False,0,False,,0,not_applicable,89720cf5691027ea,909448797bd7eac2,52baa7b514eb7591,7709c98f4cf4de30,121060,6.21,44.96030249010759,2.1316282072803006e-14,,,,,,,,,,,,,,,44.96030249010759,1.0,1.0728174062834626,44.58673795965002,0.25941325150593453,0.11415127895165138,44.96030249010761,0.11415127895165138,44.58673795965002,0.002538934852067944,1.0167858685707578,0.9498518131378932,43.74852834234447,0.26192233462525794,,,,,,,,,,,,,,
6,0.1,complementary,single_poisson,3,253,1.1014943829415975,1.2360496388286912,1.294901818902878,0.6597576802956912,-2.9990975595171094,3.7569092906435406,-1.895654862696276,0.05088588743929612,0.02120523759594295,1.1491141125607038,0.32120523759594294,2303.969840924502,-1138.8388405582293,consistent,False,False,0,False,,0,not_applicable,89720cf5691027ea,909448797bd7eac2,52baa7b514eb7591,7709c98f4cf4de30,121060,7.24,3.8151390661947158,8.881784197001252e-16,,,,,,,,,,,,,,,,,,,,,,,,,,,,,3.8151390661947158,1.0,0.8756232291354173,3.66594448510216,0.13313025878165807,0.01606432231089942,3.815139066194717,0.01606432231089942,3.66594448510216,0.0042106780466386095,1.0816039780766478,0.2815206398068161,0.05799315998746234,3.475625266400436
6,0.1,complementary,per_column_all,9,253,0.5935778080630932,0.8080443516281658,0.22501174717959646,0.5945064188955083,-2.375875344363326,2.871213241085168,-1.947625391000826,0.0023501485359900265,0.009079550367524614,1.20235014853599,0.2909204496324754,2731.5188329976877,-1306.6020569307464,consistent,False,False,0,False,,0,not_applicable,89720cf5691027ea,909448797bd7eac2,52baa7b514eb7591,7709c98f4cf4de30,121060,10.59,53.522680210006385,3.552713678800501e-15,0.9038070006058897,0.0168864301462414,1.2612204018435298,0.7615705833357291,0.13624198578829338,0.0059944314818672255,0.9038070006058897,0.0059944314818672255,0.7615705833357291,0.006632424265190144,1.3646576402421582,0.7343471500253472,0.07673042178758109,0.09272942879296182,49.25258657944107,0.9202189872814517,1.0996626456492316,48.52597443461684,0.6801916475533769,0.04642049727084876,49.25258657944107,0.04642049727084876,48.52597443461684,0.0009424986684907534,1.0299682511874784,0.47081522220923255,48.483752606905995,0.29801875032584974,3.3662866299594243,0.06289458257230693,0.8387992188921128,3.147765249385199,0.18395942606317386,0.0345619545110512,3.366286629959424,0.0345619545110512,3.147765249385199,0.010267086053651883,1.1396318563427357,0.18483919957078124,0.04087198284492338,3.1405754475437213
6,0.1,full_coverage,single_bernoulli,3,253,1.0776160364551293,1.2260143412252245,1.0709180611418014,0.9131222850780452,-2.9043014621355843,3.699855385167178,-2.0167002431239354,0.04263196039999384,0.015278898748551428,1.1573680396000061,0.3152788987485514,1997.5627091278243,-985.6352746598905,consistent,False,False,0,False,,0,not_applicable,89720cf5691027ea,909448797bd7eac2,52baa7b514eb7591,7709c98f4cf4de30,121060,7.42,0.7346421523047256,8.326672684688674e-17,0.7346421523047256,1.0,1.0914544094107597,0.3995153615752318,0.2111877918442963,0.12393899888519744,0.7346421523047256,0.12393899888519744,0.3995153615752318,0.16870662607144846,2.4579406992720156,0.14045220360873506,0.39841621440446306,0.19577373429152767,,,,,,,,,,,,,,,,,,,,,,,,,,,,
6,0.1,full_coverage,single_gaussian,3,253,0.5123404617892342,0.6119149710956076,0.4927334578114787,0.41261610979386504,-2.2834203817307577,2.7964882260883486,-1.9413206705566723,0.014635785440199722,0.003284169749129928,1.1853642145598002,0.3032841697491299,2039.4185792612466,-999.9901697745909,consistent,False,False,0,False,,0,not_applicable,89720cf5691027ea,909448797bd7eac2,52baa7b514eb7591,7709c98f4cf4de30,121060,6.22,11.944033295717528,5.329070518200751e-15,,,,,,,,,,,,,,,11.944033295717528,1.0,0.9306338799473085,6.216187429593315,3.34327093697758,2.3845749291466367,11.944033295717531,2.3845749291466367,6.216187429593315,0.1996457034326598,2.570234133398391,3.548902850963275,3.0734420983657578,5.32168834638849,,,,,,,,,,,,,,
6,0.1,full_coverage,single_poisson,3,253,0.8643340474637411,0.8831695836882443,1.0153896798293227,0.6559080128792425,-2.7216642722790008,3.39701698651403,-1.9415199106285597,0.009684722851068805,0.018333342504415817,1.1903152771489312,0.3183333425044158,2350.532756671348,-1162.1202984316524,consistent,False,False,0,False,,0,not_applicable,89720cf5691027ea,909448797bd7eac2,52baa7b514eb7591,7709c98f4cf4de30,121060,7.31,4.0083165343707545,4.440892098500626e-16,,,,,,,,,,,,,,,,,,,,,,,,,,,,,4.0083165343707545,1.0,0.915257858491584,2.213345940618114,1.3875786655458695,0.4073919282067719,4.008316534370755,0.4073919282067719,2.213345940618114,0.10163666584548474,2.2984324671932463,0.9782985065567462,1.095837290394216,1.9341807374197917
6,0.1,full_coverage,per_column_all,9,253,0.40996820022578984,0.3651844946613326,0.47947400662729406,0.37545537340253443,-2.1883219701905214,2.5561303383399605,-1.9905585307662672,0.02208846011492871,0.00875003339520486,1.1779115398850712,0.30875003339520485,2908.4188501639305,-1395.0520655138678,consistent,False,False,0,False,,0,not_applicable,89720cf5691027ea,909448797bd7eac2,52baa7b514eb7591,7709c98f4cf4de30,121060,10.61,26.640630466533594,5.329070518200751e-15,0.6234871132659047,0.023403617044616853,0.9932662306723392,0.31684473826209947,0.2728609962518991,0.03378137875190612,0.6234871132659047,0.03378137875190612,0.31684473826209947,0.054181358416463446,2.2089179008677524,0.24380696911159788,0.22456136054859877,0.15511878360570786,21.657864348007408,0.8129636562173098,0.9795757885352807,12.019935836907003,5.867977479797278,3.769951031303129,21.65786434800741,3.769951031303129,12.019935836907003,0.17406845710758992,2.4288113187147924,8.44886431716325,4.473920710266558,8.73507932057759,4.359279005260284,0.16363272673807336,0.960413322421215,2.1261885381283125,1.4810767046503903,0.752013762481581,4.359279005260284,0.752013762481581,2.1261885381283125,0.1725087477938751,2.6104203376503614,1.3167147100148722,1.2745426693822566,1.7680216258631543
6,0.1,shared,y_only,0,253,1.175637078838234,1.1835587986533365,1.3041627580048396,1.0221133470322012,-3.118346216092919,4.134452943355398,-2.0111498638505183,0.04267162849750994,0.012587189959308798,1.15732837150249,0.3125871899593088,5098.37808773905,-2476.885604397406,consistent,False,False,0,False,,0,not_applicable,89720cf5691027ea,909448797bd7eac2,52baa7b514eb7591,7709c98f4cf4de30,121060,6.18,0.0,0.0,0.0,,0.0,,,,0.0,,,,,0.0,0.0,0.0,0.0,,0.0,,,,0.0,,,,,0.0,0.0,0.0,0.0,,0.0,,,,0.0,,,,,0.0,0.0,0.0
7,1.0,complementary,single_bernoulli,3,2528,0.3238093184254774,0.3285034984922508,0.28497968668722956,0.354160209158958,-2.0244943286693746,2.2794235089918087,-1.9945034895536888,0.015712829504051173,0.0065416312306437185,1.2157128295040511,0.29345836876935627,11041.33445490252,-5507.521147547239,consistent,False,False,0,False,,0,not_applicable,7855f90e985beb0d,cfdd007fc2682c9c,6876fcf03f2bb012,8686b023cc5365f7,121070,7.34,0.7520447436153317,1.1102230246251565e-16,0.7520447436153317,1.0,1.0995255235069363,0.6439421365701701,0.059760188465902295,0.04834241857925936,0.7520447436153317,0.04834241857925936,0.6439421365701701,0.06428130638459238,1.34477409128606,0.6363378417617707,0.05419775955162451,0.06150914230193648,,,,,,,,,,,,,,,,,,,,,,,,,,,,
7,1.0,complementary,single_gaussian,3,2528,0.2776142548002807,0.2977507696864264,0.18984663904056084,0.32636138895569294,-2.014385201143341,2.7416562240053928,-1.991207096449442,0.012168357672459607,0.009559209090784726,1.2121683576724596,0.29044079090921526,10854.30141542841,-5407.431587858173,consistent,False,False,0,False,,0,not_applicable,7855f90e985beb0d,cfdd007fc2682c9c,6876fcf03f2bb012,8686b023cc5365f7,121070,6.23,39.916055271708764,1.2434497875801753e-14,,,,,,,,,,,,,,,39.916055271708764,1.0,1.0104628357781165,37.03074124649133,2.7637595559690546,0.12155446924836917,39.91605527170875,0.12155446924836917,37.03074124649133,0.0030452525536641185,1.1554558198436033,1.7975922231123926,36.04248783075762,2.0759752178387707,,,,,,,,,,,,,,
7,1.0,complementary,single_poisson,3,2528,0.32052086520045486,0.32151016557465195,0.334122705828675,0.30527709702568434,-2.0222507478331435,2.295823722886581,-1.995553581794542,0.01604787454342027,0.0071768895663498755,1.2160478745434202,0.2928231104336501,11413.45120554117,-5693.579522866564,consistent,False,False,0,False,,0,not_applicable,7855f90e985beb0d,cfdd007fc2682c9c,6876fcf03f2bb012,8686b023cc5365f7,121070,7.14,3.078122673853769,8.881784197001252e-16,,,,,,,,,,,,,,,,,,,,,,,,,,,,,3.078122673853769,1.0,0.8591839221215477,2.6491472592946055,0.42653703314841124,0.00243838141075252,3.0781226738537693,0.00243838141075252,2.6491472592946055,0.0007921651178702694,1.3159643295218075,0.43997777611135447,0.005357969653608292,2.632786928088808
7,1.0,complementary,per_column_all,9,2528,0.27276826981824215,0.2650353384838706,0.19646410576500165,0.33817999875748184,-2.0236895336282132,2.421622608002985,-1.9872123441994498,0.013779910659299732,0.007158203241701244,1.2137799106592997,0.29284179675829874,11854.388222117843,-5868.036751490824,consistent,False,False,0,False,,0,not_applicable,7855f90e985beb0d,cfdd007fc2682c9c,6876fcf03f2bb012,8686b023cc5365f7,121070,10.68,43.658620075918016,4.263256414560601e-14,0.7784519440446152,0.017830429424726763,1.1372395559779778,0.648355132629223,0.07591167333107618,0.05418513808431604,0.7784519440446152,0.05418513808431604,0.648355132629223,0.06960627242162883,1.412350736924731,0.6442421164117061,0.07867176107242965,0.055538066560480076,39.694511546426114,0.9092021570402659,1.0211402035853696,36.914278388790294,2.6984437555984933,0.08178940203734396,39.69451154642613,0.08178940203734396,36.914278388790294,0.0020604713057543046,1.1501526871916612,1.9425192264960702,35.48042245181472,2.271569868115414,3.185656585447287,0.07296741353500742,0.8616668569627693,2.7580071798474384,0.4259976770877483,0.0016517285121010869,3.185656585447288,0.0016517285121010869,2.7580071798474384,0.0005184891929803454,1.3030692314645003,0.46503301150571885,0.014767957869884243,2.7058556160716853
7,1.0,full_coverage,single_bernoulli,3,2528,0.31396047877962524,0.301625001143167,0.31719647101283566,0.32267987877923593,-2.0066813507687598,2.1642198564172284,-1.990584181916732,0.014574785119175093,0.0068643573163454374,1.214574785119175,0.29313564268365455,11060.179839554412,-5516.9438398731845,consistent,False,False,0,False,,0,not_applicable,7855f90e985beb0d,cfdd007fc2682c9c,6876fcf03f2bb012,8686b023cc5365f7,121070,7.27,0.39686207672129775,1.1102230246251565e-16,0.39686207672129775,1.0,0.771689929498201,0.2400566759022626,0.11774689577558367,0.03905850504345141,0.3968620767212977,0.03905850504345141,0.2400566759022626,0.09841833557425247,2.1570220558810043,0.12957951068260298,0.08221437321980707,0.18506819281888753,,,,,,,,,,,,,,,,,,,,,,,,,,,,
7,1.0,full_coverage,single_gaussian,3,2528,0.2504196925582742,0.25302797435617863,0.23500803007636006,0.2624464464529465,-1.970958531826313,2.018306640293369,-1.9887490622850317,0.014097803624745886,0.0068614623196397995,1.2140978036247458,0.2931385376803602,10838.955793349895,-5399.758776818915,consistent,False,False,0,False,,0,not_applicable,7855f90e985beb0d,cfdd007fc2682c9c,6876fcf03f2bb012,8686b023cc5365f7,121070,6.15,39.255188239919875,1.4210854715202004e-14,,,,,,,,,,,,,,,39.255188239919875,1.0,0.9911454122579855,24.673988784342097,9.009202139102591,5.571997316475186,39.25518823991987,5.571997316475186,24.673988784342097,0.1419429524174041,2.137212277411697,11.352211373128839,17.660918279780653,10.242058587010392,,,,,,,,,,,,,,
7,1.0,full_coverage,single_poisson,3,2528,0.32123148298072524,0.3057410224460791,0.32843700161621026,0.32896893491174434,-2.0175987264227433,2.0794542613522564,-1.9963320147120192,0.012989872933412583,0.006821853026273084,1.2129898729334125,0.2931781469737269,11389.574489390778,-5681.641164791367,consistent,False,False,0,False,,0,not_applicable,7855f90e985beb0d,cfdd007fc2682c9c,6876fcf03f2bb012,8686b023cc5365f7,121070,7.08,5.120126405582713,2.220446049250313e-15,,,,,,,,,,,,,,,,,,,,,,,,,,,,,5.120126405582713,1.0,1.0163416657798163,2.9317759343939915,1.3277334055512628,0.860617065637458,5.120126405582712,0.860617065637458,2.9317759343939915,0.16808512084761953,2.362019440333308,1.5275451806056417,2.262842333425801,1.3297388915512742
7,1.0,full_coverage,per_column_all,9,2528,0.26220530910516276,0.2753987751612879,0.23919507132944787,0.2705477866480607,-1.972842496090801,2.1561227718995437,-1.9879909024065745,0.013092556380756237,0.004960471301259983,1.2130925563807562,0.29503952869874,11849.374556577168,-5865.529918720486,consistent,False,False,0,False,,0,not_applicable,7855f90e985beb0d,cfdd007fc2682c9c,6876fcf03f2bb012,8686b023cc5365f7,121070,10.56,44.591785023319616,1.4210854715202004e-14,0.4144822312756222,0.009295035645217288,0.7862745109996992,0.26019459480291196,0.12594898019944814,0.028338656273262056,0.4144822312756221,0.028338656273262056,0.26019459480291196,0.06837122109202659,2.0362772079536287,0.1176152895567191,0.07088394317371857,0.22598299854518455,38.79598823428581,0.8700254590390841,0.9930290112785496,25.268702873439317,8.352301296104727,5.174984064741768,38.795988234285815,5.174984064741768,25.268702873439317,0.13338966991871581,2.047658362285819,13.35345551458691,16.006446025004177,9.4360866946947,5.381314557758184,0.1206795053156985,1.026305958429419,3.187945725385462,1.309833171093337,0.8835356612793857,5.381314557758184,0.8835356612793857,3.187945725385462,0.16418584191581992,2.287532105184666,1.618731480294462,2.464349921862153,1.2982331556015665
7,1.0,shared,y_only,0,2528,0.3348237843773975,0.32432348624180923,0.3540236045719246,0.32527290608390125,-2.0318602887037644,2.184254420060497,-1.9926954258838214,0.014584001822476544,0.007392132558762254,1.2145840018224765,0.29260786744123773,13829.36466568784,-6842.3788933718015,consistent,False,False,0,False,,0,not_applicable,7855f90e985beb0d,cfdd007fc2682c9c,6876fcf03f2bb012,8686b023cc5365f7,121070,6.2,0.0,0.0,0.0,,0.0,,,,0.0,,,,,0.0,0.0,0.0,0.0,,0.0,,,,0.0,,,,,0.0,0.0,0.0,0.0,,0.0,,,,0.0,,,,,0.0,0.0,0.0
7,0.1,complementary,single_bernoulli,3,253,1.1787563903734155,0.8134837569710366,1.4279647531588515,1.2114292073492197,-2.8137472137837896,3.6126347243143373,-1.985620883952216,0.025465487022397815,0.04871789622045669,1.1745345129776021,0.2512821037795433,1964.3146702205931,-969.0112552062749,consistent,False,False,0,False,,0,not_applicable,7855f90e985beb0d,cfdd007fc2682c9c,6876fcf03f2bb012,2fb71008491d94fa,121070,7.28,0.9899800246723538,2.220446049250313e-16,0.9899800246723538,1.0,1.3172053549573233,0.5664891688554542,0.345338213773488,0.07815264204341146,0.9899800246723537,0.07815264204341146,0.5664891688554542,0.07894365552403652,2.196084485138862,0.5574266063576206,0.08391386924437161,0.34863954907036204,,,,,,,,,,,,,,,,,,,,,,,,,,,,
7,0.1,complementary,single_gaussian,3,253,0.8880290156379779,1.0797243719088878,0.331728431074731,1.044001018470539,-2.4948296432045383,3.022979369073648,-1.956249575579347,0.04729491836310484,0.050106783710910124,1.1527050816368951,0.24989321628908986,1821.6311731634366,-891.0964667256859,consistent,False,False,0,False,,0,not_applicable,7855f90e985beb0d,cfdd007fc2682c9c,6876fcf03f2bb012,2fb71008491d94fa,121070,6.22,39.63402905438331,3.552713678800501e-15,,,,,,,,,,,,,,,39.63402905438331,1.0,1.0500093627018907,37.891443353033424,1.7423400190493132,0.0002456823005590405,39.6340290543833,0.0002456823005590405,37.891443353033424,6.198771773163178e-06,1.0917843239609273,1.1250732777186179,36.554838453667855,1.9541173229968487,,,,,,,,,,,,,,
7,0.1,complementary,single_poisson,3,253,1.0707480137677066,1.0955234271603402,1.3373526962228934,0.6714313914397256,-2.721096771873559,3.4430192919785476,-1.9477313033485077,0.04672140740812325,0.04163965278179521,1.1532785925918767,0.2583603472182048,2313.004529045726,-1143.3561846188413,consistent,False,False,0,False,,0,not_applicable,7855f90e985beb0d,cfdd007fc2682c9c,6876fcf03f2bb012,2fb71008491d94fa,121070,7.22,3.283181970866285,1.7763568394002505e-15,,,,,,,,,,,,,,,,,,,,,,,,,,,,,3.283181970866285,1.0,0.8435774304378617,2.555275394565846,0.7065580757828578,0.021348500517578122,3.2831819708662824,0.021348500517578122,2.555275394565846,0.006502381137267644,1.5335199122460461,0.37914769296343426,0.6182704273013717,2.285763850601482
7,0.1,complementary,per_column_all,9,253,0.6465841022634592,0.8070109782456318,0.26460649409648007,0.7300203340815432,-2.32997150261252,2.842123562603819,-1.928490947208322,0.05169282783430096,0.03752618860319773,1.148307172165699,0.26247381139680226,2784.9126439983424,-1333.2989624310737,consistent,False,False,0,False,,0,not_applicable,7855f90e985beb0d,cfdd007fc2682c9c,6876fcf03f2bb012,2fb71008491d94fa,121070,10.56,57.3131902778731,1.0658141036401503e-14,0.6151078006498991,0.010732395067656421,0.9787154093273797,0.41509159451867617,0.1706226280839939,0.02939357804722904,0.6151078006498991,0.02939357804722904,0.41509159451867617,0.04778605964055881,1.8704915923061287,0.384562221738873,0.16804266185902694,0.06250291705199895,54.23323465202681,0.9462609634725679,1.2011936120443787,51.67211724913052,2.552995622813215,0.008121780083071723,54.23323465202681,0.008121780083071723,51.67211724913052,0.00014975651249981632,1.0989036651797828,1.6464816961581057,50.3783329486373,2.208420007231378,2.4648478251963866,0.043006641459775626,0.7530681684831722,1.9495324820016844,0.5076585508370732,0.007656792357629363,2.4648478251963866,0.007656792357629363,1.9495324820016844,0.0031063955670445125,1.4969928706653512,0.5174693116585216,0.046930773498239195,1.9004477400396231
7,0.1,full_coverage,single_bernoulli,3,253,1.1694556522925301,1.3151070141059986,1.164437730474192,1.0086911724279932,-2.829066284935251,3.5483603092082103,-2.03324885531692,0.04582471681557765,0.06407742810005415,1.1541752831844223,0.23592257189994584,1984.0438628824343,-978.8758515371954,consistent,False,False,0,False,,0,not_applicable,7855f90e985beb0d,cfdd007fc2682c9c,6876fcf03f2bb012,2fb71008491d94fa,121070,7.51,1.0264646685715868,1.1102230246251565e-16,1.0264646685715868,1.0,1.2623626302617963,0.9522660948655273,0.07192658022489175,0.002271993481167673,1.0264646685715868,0.002271993481167673,0.9522660948655273,0.0022134161561832865,1.1553092825695732,0.3181670784134438,0.2013770838285185,0.5069205063296245,,,,,,,,,,,,,,,,,,,,,,,,,,,,
7,0.1,full_coverage,single_gaussian,3,253,0.5776322596803931,0.669733309217529,0.5607405897177022,0.48785691328299574,-2.2045357184249856,2.611154556224941,-1.8962347303220255,0.053159616407672194,0.014974490873079171,1.1468403835923278,0.2850255091269208,1971.2604844822206,-965.9111223850779,consistent,False,False,0,False,,0,not_applicable,7855f90e985beb0d,cfdd007fc2682c9c,6876fcf03f2bb012,2fb71008491d94fa,121070,6.19,13.356473283307615,1.7763568394002505e-15,,,,,,,,,,,,,,,13.356473283307615,1.0,0.9544182875818791,9.006015033126134,2.483725721713069,1.86673252846841,13.356473283307613,1.86673252846841,9.006015033126134,0.13976238254460313,1.96553176059359,3.0670021732094765,5.129277834926447,5.160193275171695,,,,,,,,,,,,,,
7,0.1,full_coverage,single_poisson,3,253,0.860366115471129,0.9164313769991181,0.687249897683279,0.9531687507144065,-2.661790631653665,3.290347277875832,-1.9236365904960497,0.0167734064735805,0.04135083024049718,1.1832265935264195,0.2586491697595028,2296.9266237389456,-1135.3172319654511,consistent,False,False,0,False,,0,not_applicable,7855f90e985beb0d,cfdd007fc2682c9c,6876fcf03f2bb012,2fb71008491d94fa,121070,7.12,5.7233843400780104,2.220446049250313e-15,,,,,,,,,,,,,,,,,,,,,,,,,,,,,5.7233843400780104,1.0,1.0352073263360253,3.7307818833036857,1.304661178206024,0.687941278568302,5.723384340078012,0.687941278568302,3.7307818833036857,0.12019833680415128,2.0353453795811585,1.0821038623404815,3.408767294166891,1.2325131835706418
7,0.1,full_coverage,per_column_all,9,253,0.48357770555122537,0.5334494839133906,0.39359058717229745,0.5119182451529405,-2.1462949370630526,2.4413705855177126,-1.883145899563914,0.0482981360781245,0.02932363247161268,1.1517018639218755,0.2706763675283873,2880.841241028738,-1381.2632609462714,consistent,False,False,0,False,,0,not_applicable,7855f90e985beb0d,cfdd007fc2682c9c,6876fcf03f2bb012,2fb71008491d94fa,121070,10.6,26.402873185562562,1.0658141036401503e-14,0.5605186713796,0.02122945739428461,0.8952448797242298,0.42523215673492787,0.11771655731862797,0.01756995732604407,0.5605186713795999,0.01756995732604407,0.42523215673492787,0.03134589126674279,1.6112823989278044,0.11353423374643659,0.04107059838140506,0.40591383925175784,20.369728394700253,0.7714966568804599,0.9553957790773917,12.812206702561319,4.9652972602500185,2.592224431888917,20.369728394700253,2.592224431888917,12.812206702561319,0.12725866450744408,2.1220957345308706,4.249117875601153,10.468738150003512,5.651872369095571,5.472626119482708,0.20727388572525554,1.041718263105164,3.01360561732327,1.3628052370572796,1.096215265102159,5.472626119482708,1.096215265102159,3.01360561732327,0.200308817223892,2.466869787842409,1.7410219597278493,2.3974257148881755,1.334178444866679
7,0.1,shared,y_only,0,253,1.2349937513959448,1.1362588682037627,1.1453678873688085,1.4045201618252774,-3.1049702812725846,4.184825965441501,-1.9619915276706286,0.03332354246018654,0.04827778025595458,1.1666764575398134,0.2517222197440454,4756.10900323441,-2305.751062145086,consistent,False,False,0,False,,0,not_applicable,7855f90e985beb0d,cfdd007fc2682c9c,6876fcf03f2bb012,2fb71008491d94fa,121070,6.3,0.0,0.0,0.0,,0.0,,,,0.0,,,,,0.0,0.0,0.0,0.0,,0.0,,,,0.0,,,,,0.0,0.0,0.0,0.0,,0.0,,,,0.0,,,,,0.0,0.0,0.0
8,1.0,complementary,single_bernoulli,3,2528,0.3019166579191908,0.27449307242745674,0.33177080621921556,0.2967198852744247,-2.106220971534824,2.196541268756507,-1.9815670101278264,0.0013000199882167163,0.0018053710206371032,1.2013000199882167,0.2981946289793629,11008.847714799882,-5491.2777774959195,consistent,False,False,0,False,,0,not_applicable,7c6a328ae31d09f4,4cf053a1fd6beb40,253219750c5826d0,29e3fafed7a8db80,121080,7.34,1.0830981618371889,2.7755575615628914e-16,1.0830981618371889,1.0,1.3815845745966995,1.050269680672526,0.03195692757657661,0.0008715535880862691,1.0830981618371889,0.0008715535880862691,1.050269680672526,0.0008046856866675034,1.0625069702515917,1.0089453266287762,0.0700630422218443,0.00408979298656783,,,,,,,,,,,,,,,,,,,,,,,,,,,,
8,1.0,complementary,single_gaussian,3,2528,0.25056948437859444,0.292872931566955,0.18735904534778985,0.2597638034580773,-2.097987995616784,2.2973141271774877,-1.9806869665833873,0.002625931804020709,0.0032729721731402095,1.2026259318040207,0.2967270278268598,10880.87809940743,-5420.719929847683,consistent,False,False,0,False,,0,not_applicable,7c6a328ae31d09f4,4cf053a1fd6beb40,253219750c5826d0,29e3fafed7a8db80,121080,6.22,35.450205604400026,3.552713678800501e-15,,,,,,,,,,,,,,,35.450205604400026,1.0,1.059888140965712,33.5882580604392,1.3754753429567625,0.48647220100408634,35.45020560440005,0.48647220100408634,33.5882580604392,0.013722690537617245,1.1118441541756978,1.1581719880919945,33.51250998955473,0.7795236267532918,,,,,,,,,,,,,,
8,1.0,complementary,single_poisson,3,2528,0.31468297726459454,0.2831940213190322,0.33279140507473676,0.32577163095927497,-2.1456778469914974,2.4127201263088724,-1.9867345499133777,0.00462154997126496,0.0016131578603351682,1.204621549971265,0.2983868421396648,11379.78033172098,-5676.744085956469,consistent,False,False,0,False,,0,not_applicable,7c6a328ae31d09f4,4cf053a1fd6beb40,253219750c5826d0,29e3fafed7a8db80,121080,7.31,4.1661309096387775,1.1102230246251565e-15,,,,,,,,,,,,,,,,,,,,,,,,,,,,,4.1661309096387775,1.0,0.9394155168974229,4.096363266821333,0.06976683065620595,8.121612376263919e-07,4.166130909638777,8.121612376263919e-07,4.096363266821333,1.9494376322822034e-07,1.0340533397809897,0.06409910287703066,0.023061201170751996,4.078970605590992
8,1.0,complementary,per_column_all,9,2528,0.2589335579391884,0.27692165223518095,0.17765380916951348,0.30478399710621396,-2.0969822018395665,2.2241407415147285,-1.9848350607041871,0.0028570118700144143,0.003585601329048005,1.2028570118700144,0.296414398670952,11858.498466920735,-5870.09187389227,consistent,False,False,0,False,,0,not_applicable,7c6a328ae31d09f4,4cf053a1fd6beb40,253219750c5826d0,29e3fafed7a8db80,121080,10.6,39.472212057293206,3.552713678800501e-15,1.0388399906387338,0.026318261290521956,1.3661909282451343,1.0247845957900483,0.013279604400144805,0.0007757904485409525,1.0388399906387342,0.0007757904485409525,1.0247845957900483,0.0007467853139384393,1.0274459206166036,0.9864387083542583,0.050481288542389605,0.0019199937420861493,33.894474100843766,0.8586920350865198,1.0426764613423039,32.06389462454247,1.354186954274151,0.47639252202713817,33.89447410084376,0.47639252202713817,32.06389462454247,0.014055167830890728,1.1152072905514798,1.0798153129856196,32.04995923217375,0.7646995556843973,4.538897965810708,0.11498970362295834,0.9604603082560702,4.446818723747864,0.09137839879038785,0.0007008432724565535,4.538897965810708,0.0007008432724565535,4.446818723747864,0.00015440824573181904,1.0414025286154984,0.07101144428336473,0.0337323293179986,4.434154192209346
8,1.0,full_coverage,single_bernoulli,3,2528,0.3129716875082563,0.2965742296729477,0.34423186507849585,0.29563826021639156,-2.133860156072428,2.27363718305676,-1.982361834319356,0.00014526734998532298,0.0035790267744548743,1.2001452673499853,0.2964209732255451,11018.608947947203,-5496.15839406958,consistent,False,False,0,False,,0,not_applicable,7c6a328ae31d09f4,4cf053a1fd6beb40,253219750c5826d0,29e3fafed7a8db80,121080,7.31,0.9042912973665769,1.1102230246251565e-16,0.9042912973665769,1.0,1.2373120127129347,0.42852154163901024,0.33946990799238935,0.13629984773517714,0.9042912973665767,0.13629984773517714,0.42852154163901024,0.15072559929759521,2.575988163381946,0.27830335760468494,0.40842573626375067,0.21756220349814137,,,,,,,,,,,,,,,,,,,,,,,,,,,,
8,1.0,full_coverage,single_gaussian,3,2528,0.2501915024361272,0.279935305051864,0.22194240049892022,0.24528587305435404,-2.0829524256214684,2.2911356822242066,-1.9850650263855323,0.0020521149914398684,0.0027445414867131035,1.2020521149914398,0.2972554585132869,10811.861642550035,-5386.211701418985,consistent,False,False,0,False,,0,not_applicable,7c6a328ae31d09f4,4cf053a1fd6beb40,253219750c5826d0,29e3fafed7a8db80,121080,6.14,44.401836918505964,1.0658141036401503e-14,,,,,,,,,,,,,,,44.401836918505964,1.0,1.0519366054423231,18.72956637723364,14.05144430098002,11.620826240292306,44.401836918505964,11.620826240292306,18.72956637723364,0.2617194928583897,2.8853668582799723,11.688507686141715,18.60110631272036,14.112222919643884,,,,,,,,,,,,,,
8,1.0,full_coverage,single_poisson,3,2528,0.2985231413686295,0.29319071799828056,0.32926241567559483,0.27013637722622397,-2.1049601380455103,2.30737662078901,-1.9849594306843454,0.0014658505412352696,0.0018547737365814387,1.2014658505412352,0.29814522626341855,11376.73400285303,-5675.220921522494,consistent,False,False,0,False,,0,not_applicable,7c6a328ae31d09f4,4cf053a1fd6beb40,253219750c5826d0,29e3fafed7a8db80,121080,7.22,4.706642001359255,1.7763568394002505e-15,,,,,,,,,,,,,,,,,,,,,,,,,,,,,4.706642001359255,1.0,0.9788804565937611,2.268520013855818,1.4276124111335515,1.0105095763698877,4.706642001359257,1.0105095763698877,2.268520013855818,0.21469862719069285,2.699747278818208,1.3997693139968959,1.5518833633454483,1.7549893240169097
8,1.0,full_coverage,per_column_all,9,2528,0.24775000043147602,0.24049828314249724,0.25641012325202905,0.24607846846235776,-2.1080323686466778,2.3801579239697537,-1.9775148534811773,0.0013062441073652398,0.0021238049456007158,1.2013062441073652,0.2978761950543993,11816.217368166359,-5848.951324515082,consistent,False,False,0,False,,0,not_applicable,7c6a328ae31d09f4,4cf053a1fd6beb40,253219750c5826d0,29e3fafed7a8db80,121080,10.56,45.555700001628416,8.881784197001252e-15,0.9314188468294974,0.020445714735943105,1.2556985865478596,0.4876309479166959,0.3256465896030595,0.11814130930974225,0.9314188468294976,0.11814130930974225,0.4876309479166959,0.12684015329074483,2.4247416478992476,0.2896635442791123,0.4496921765064538,0.1920631260439309,39.75932306096486,0.872762860839448,1.0483247287242865,16.651442375296252,12.576838376499296,10.53104230916933,39.759323060964874,10.53104230916933,16.651442375296252,0.26486975879900115,2.8933889452987103,12.57499589997553,16.64506336598483,10.539263795004484,4.864958093834062,0.10679142442460902,0.9967271369722628,2.242712997791544,1.576630666147954,1.045614429894565,4.864958093834063,1.045614429894565,2.242712997791544,0.21492773621622682,2.7492472790234395,1.518370765129605,1.5472238580644264,1.799363470640027
8,1.0,shared,y_only,0,2528,0.3000698371497829,0.2664889918186984,0.3321942322946037,0.29792000733576823,-2.1246506641914342,2.392986080396091,-1.9875079199399492,0.004464143908980089,0.0026374969106228163,1.20446414390898,0.2973625030893772,14340.735123580713,-7098.064122318237,consistent,False,False,0,False,,0,not_applicable,7c6a328ae31d09f4,4cf053a1fd6beb40,253219750c5826d0,29e3fafed7a8db80,121080,6.16,0.0,0.0,0.0,,0.0,,,,0.0,,,,,0.0,0.0,0.0,0.0,,0.0,,,,0.0,,,,,0.0,0.0,0.0,0.0,,0.0,,,,0.0,,,,,0.0,0.0,0.0
8,0.1,complementary,single_bernoulli,3,253,1.1747170959249957,0.9082909569594296,1.375166149135478,1.1932335756896009,-2.961129189918575,3.6965693044427708,-1.9738227565790947,0.020284952079983487,0.037630376908448004,1.1797150479200165,0.262369623091552,1948.1414502649072,-960.9246452284319,consistent,False,False,0,False,,0,not_applicable,7c6a328ae31d09f4,4cf053a1fd6beb40,253219750c5826d0,d5a7434a396e96b8,121080,7.46,1.3883400725389252,2.220446049250313e-16,1.3883400725389252,1.0,1.6529503465064719,1.2031230856941386,0.18467869684159366,0.0005382900031925899,1.3883400725389248,0.0005382900031925899,1.2031230856941386,0.00038772200978697745,1.3009401828063312,1.1136919816934627,0.061873579479112664,0.21277451136634942,,,,,,,,,,,,,,,,,,,,,,,,,,,,
8,0.1,complementary,single_gaussian,3,253,0.92777942043332,1.1408666390426674,0.4091003313337862,1.0551702183822456,-2.594579029139622,3.5799565786466565,-1.9952825948303519,0.013571996283272103,0.03222937080462579,1.213571996283272,0.2677706291953742,1969.5793533116225,-965.0705567997788,consistent,False,False,0,False,,0,not_applicable,7c6a328ae31d09f4,4cf053a1fd6beb40,253219750c5826d0,d5a7434a396e96b8,121080,6.26,19.627168352010116,3.552713678800501e-15,,,,,,,,,,,,,,,19.627168352010116,1.0,1.036506356371904,19.390887265658403,0.23422772862216246,0.0020533577295485366,19.627168352010113,0.0020533577295485366,19.390887265658403,0.00010461813404368351,1.0243693245661738,0.5271062339735542,17.887570189643057,1.212491928393495,,,,,,,,,,,,,,
8,0.1,complementary,single_poisson,3,253,1.1438208296217927,1.265636599342312,1.3210132448851477,0.7603066986902712,-3.035297788648467,3.94933200939735,-1.921394995692166,0.03376967068343495,0.03761220960752204,1.166230329316565,0.26238779039247795,2333.4992183045406,-1153.6035292482486,consistent,False,False,0,False,,0,not_applicable,7c6a328ae31d09f4,4cf053a1fd6beb40,253219750c5826d0,d5a7434a396e96b8,121080,7.14,4.054925030480089,8.881784197001252e-16,,,,,,,,,,,,,,,,,,,,,,,,,,,,,4.054925030480089,1.0,0.9061167796578866,3.9448583276299782,0.10369572347829688,0.006370979371812133,4.054925030480088,0.006370979371812133,3.9448583276299782,0.001571170693396971,1.055848783499901,0.09557328742315382,0.07868425617339006,3.880667486883545
8,0.1,complementary,per_column_all,9,253,0.573272289004312,0.7826706516415995,0.2985571880202759,0.5331168807691891,-2.3941767715531435,3.1359620510859,-1.9808784022151595,0.02039599153547944,0.03922168185601904,1.2203959915354794,0.26077831814398095,2862.70310571429,-1372.1941932890475,consistent,False,False,0,False,,0,not_applicable,7c6a328ae31d09f4,4cf053a1fd6beb40,253219750c5826d0,d5a7434a396e96b8,121080,10.6,35.05304850289546,3.552713678800501e-15,1.3684093484080104,0.03903824080507511,1.6059049890675425,1.3335411096052188,0.030478326597564342,0.004389912205226903,1.36840934840801,0.004389912205226903,1.3335411096052188,0.003208040204003335,1.0524167356044403,1.2537098763156704,0.06840273504946087,0.04629673704288071,29.899590848108367,0.8529811849499651,1.0871703140316133,28.79827160446571,0.7527935443534487,0.34852569928923094,29.89959084810839,0.34852569928923094,28.79827160446571,0.011656537410821479,1.0770538701767622,0.9384868908763178,28.332098231602785,0.6290057256292705,3.7850483063790885,0.10798057424496005,0.8718157166955249,3.6990786132989526,0.08593515024389622,3.454283623911559e-05,3.7850483063790876,3.454283623911559e-05,3.6990786132989526,9.126128240133479e-06,1.0464570402847813,0.09853256298189228,0.07993748501083128,3.6065782583863655
8,0.1,full_coverage,single_bernoulli,3,253,1.1731123131108372,1.1253804778873868,1.2777934343728041,1.108756157403641,-3.0075580546550027,3.7306142136606124,-1.9774252566923303,0.054987413206188274,0.040222581012437586,1.1450125867938117,0.2597774189875624,2005.806003332664,-989.7569217623103,consistent,False,False,0,False,,0,not_applicable,7c6a328ae31d09f4,4cf053a1fd6beb40,253219750c5826d0,d5a7434a396e96b8,121080,7.4,0.3465241599369622,8.326672684688674e-17,0.3465241599369622,1.0,0.7083445781301405,0.2013582729357186,0.14496439280972884,0.00020149419151477445,0.34652415993696223,0.00020149419151477445,0.2013582729357186,0.0005814722746934274,1.9506050563248065,0.13056060018576657,0.07152815099509001,0.14443540875610544,,,,,,,,,,,,,,,,,,,,,,,,,,,,
8,0.1,full_coverage,single_gaussian,3,253,0.5543385189758498,0.5370973620444649,0.5752955478080142,0.5499409397545973,-2.3500343231108936,2.9657790241604354,-1.9314520372410937,0.007176791129715587,0.029940276616587602,1.2071767911297155,0.2700597233834124,2097.6746245111585,-1029.1181923995468,consistent,False,False,0,False,,0,not_applicable,7c6a328ae31d09f4,4cf053a1fd6beb40,253219750c5826d0,d5a7434a396e96b8,121080,6.27,8.464043401034719,2.6645352591003757e-15,,,,,,,,,,,,,,,8.464043401034719,1.0,0.929183532451523,3.5718149708170275,3.0397389540163555,1.8524894762013324,8.464043401034715,1.8524894762013324,3.5718149708170275,0.21886578180528574,2.8171914711807875,2.9393220595091494,2.6465221681660798,2.878199173359487,,,,,,,,,,,,,,
8,0.1,full_coverage,single_poisson,3,253,0.8507081253222124,0.8555875765295743,0.8737918919091743,0.8219310019641157,-2.6567000192767445,3.454659607623338,-1.9477060381272995,0.018883965302588512,0.023322883590784493,1.1811160346974114,0.2766771164092155,2357.8482051199976,-1165.778022655977,consistent,False,False,0,False,,0,not_applicable,7c6a328ae31d09f4,4cf053a1fd6beb40,253219750c5826d0,d5a7434a396e96b8,121080,7.19,3.893413202797423,1.1102230246251565e-15,,,,,,,,,,,,,,,,,,,,,,,,,,,,,3.893413202797423,1.0,0.9070796737391299,2.2839401942593995,1.0828421790610576,0.5266308294769663,3.893413202797423,0.5266308294769663,2.2839401942593995,0.13526199302416225,2.2739352453466504,1.6817654257645487,0.7939517463293175,1.4176960307035555
8,0.1,full_coverage,per_column_all,9,253,0.41496772905902535,0.4376420617806459,0.35606542813026576,0.44528809228634214,-2.216482475193612,2.716778190825882,-1.9341551667415313,0.03804843145052983,0.010166756473890703,1.2380484314505298,0.2898332435261093,2953.017968428295,-1417.35162464605,consistent,False,False,0,False,,0,not_applicable,7c6a328ae31d09f4,4cf053a1fd6beb40,253219750c5826d0,d5a7434a396e96b8,121080,10.72,23.40130569067309,1.0658141036401503e-14,1.1289817421830124,0.04824439102271902,1.3622216114285874,0.6753497109362829,0.3591583596659493,0.09447367158078038,1.1289817421830126,0.09447367158078038,0.6753497109362829,0.08368042462591552,2.1457286105930335,0.3046025219313807,0.6534151243109593,0.1709640959406733,17.504981046156434,0.7480343737030573,1.0026430982648893,9.071611254090943,4.906196892696124,3.5271728993693716,17.504981046156438,3.5271728993693716,9.071611254090943,0.20149538523172705,2.5792026928165965,4.936143402333999,9.020857273535228,3.5479803702872252,4.767342902333643,0.2037212352742237,0.995236283870315,2.234987487608781,1.450675132294703,1.081680282430158,4.767342902333642,1.081680282430158,2.234987487608781,0.22689374450087682,2.748306379054157,1.5456207738146461,1.423009832489917,1.7987122960290836
8,0.1,shared,y_only,0,253,1.1946627998826866,1.2108997490368207,1.2238203094843816,1.1478864334709853,-2.9949679643875085,3.7522926198527666,-2.0267601170014764,0.04515227733011007,0.035325727598697454,1.1548477226698899,0.26467427240130253,5307.486476485979,-2581.4397987708708,consistent,False,False,0,False,,0,not_applicable,7c6a328ae31d09f4,4cf053a1fd6beb40,253219750c5826d0,d5a7434a396e96b8,121080,6.19,0.0,0.0,0.0,,0.0,,,,0.0,,,,,0.0,0.0,0.0,0.0,,0.0,,,,0.0,,,,,0.0,0.0,0.0,0.0,,0.0,,,,0.0,,,,,0.0,0.0,0.0
9,1.0,complementary,single_bernoulli,3,2528,0.2960250852490508,0.33933040568128087,0.29760925089111856,0.24326151124731588,-2.205720376666387,3.785577172127401,-1.964037882356063,0.007554978488141462,0.0027614792659089726,1.2075549784881414,0.30276147926590896,10933.031948224467,-5453.369894208212,consistent,False,False,0,False,,0,not_applicable,f8411c3620c4e52f,4b2e3a2a7fc783d0,198362f9470a477f,0fd32da692aa9c19,121090,7.31,0.4541229524515022,4.163336342344337e-17,0.4541229524515022,1.0,0.8294906605985658,0.3955241343231619,0.049536983750310425,0.009061834378029928,0.45412295245150225,0.009061834378029928,0.3955241343231619,0.019954583508962103,1.2972302274306513,0.3365277220338493,0.046010333421385566,0.07158489699626726,,,,,,,,,,,,,,,,,,,,,,,,,,,,
9,1.0,complementary,single_gaussian,3,2528,0.27739270633494034,0.3221586505488248,0.19723926297599584,0.2969016968639847,-2.2872684186483005,4.709024259899162,-1.9657820835145812,0.005129565411065684,0.003478870865638195,1.2051295654110656,0.3034788708656382,10736.05441009883,-5348.308085193383,consistent,False,False,0,False,,0,not_applicable,f8411c3620c4e52f,4b2e3a2a7fc783d0,198362f9470a477f,0fd32da692aa9c19,121090,6.15,35.90955065045396,1.0658141036401503e-14,,,,,,,,,,,,,,,35.90955065045396,1.0,1.0011432673077276,35.374813931214995,0.46720079722146973,0.06753592201747767,35.909550650453944,0.06753592201747767,35.374813931214995,0.0018807231166682373,1.0302776610181317,1.0553866426093221,34.618091683750755,0.2360723240938479,,,,,,,,,,,,,,
9,1.0,complementary,single_poisson,3,2528,0.2959266284437553,0.30362217454526064,0.270013844152361,0.31244808745892005,-2.1973817628710597,3.4155324914567085,-1.964342220180615,0.011478513493308862,0.00641545360226059,1.2114785134933088,0.3064154536022606,11259.702857999864,-5616.705349095911,consistent,False,False,0,False,,0,not_applicable,f8411c3620c4e52f,4b2e3a2a7fc783d0,198362f9470a477f,0fd32da692aa9c19,121090,7.18,4.795869186518222,6.661338147750939e-16,,,,,,,,,,,,,,,,,,,,,,,,,,,,,4.795869186518222,1.0,0.982615066013902,4.681489764484219,0.07149197473307244,0.0428874473009295,4.79586918651822,0.0428874473009295,4.681489764484219,0.008942580715398035,1.0491287606503308,0.06511170470232974,0.08502063786698268,4.645736843948911
9,1.0,complementary,per_column_all,9,2528,0.26983103111357504,0.314003508863647,0.19181536367629448,0.28815797530954057,-2.1756665541168565,3.7088407850741514,-1.9634676830545112,0.011002843791880546,0.005091304890057491,1.2110028437918805,0.3050913048900575,11728.447122536973,-5805.066201700389,consistent,False,False,0,False,,0,not_applicable,f8411c3620c4e52f,4b2e3a2a7fc783d0,198362f9470a477f,0fd32da692aa9c19,121090,10.53,42.2938440233157,3.552713678800501e-15,0.49134944132943714,0.01161751674921217,0.8691713054424386,0.419539206791296,0.050958130967588125,0.020852103570552984,0.49134944132943714,0.020852103570552984,0.419539206791296,0.04243843956377308,1.3484023292783363,0.3351032320479253,0.0637861514888343,0.09246005779267777,37.319661904079375,0.8823899261439995,1.0115933208596226,36.80394467339616,0.44823469482129097,0.0674825358619317,37.31966190407938,0.0674825358619317,36.80394467339616,0.0018082300969225887,1.028065511037756,1.1142554627376309,35.98379435329805,0.22161208804369126,4.48283267790689,0.10599255710678838,0.9833333994766585,4.395795607396143,0.0446954980841303,0.04234157242661557,4.482832677906889,0.04234157242661557,4.395795607396143,0.009445271654971868,1.039788217453773,0.05395514288492356,0.059779483610940945,4.369098051411026
9,1.0,full_coverage,single_bernoulli,3,2528,0.2980518553167629,0.31141324519404934,0.30215140414100145,0.27969813203992955,-2.1770576958182324,3.2766902790874397,-1.9629631912839847,0.0076206068079229805,0.0039048401508707253,1.207620606807923,0.3039048401508707,10909.01350271925,-5441.360671455604,consistent,False,False,0,False,,0,not_applicable,f8411c3620c4e52f,4b2e3a2a7fc783d0,198362f9470a477f,0fd32da692aa9c19,121090,7.31,0.6474235540846207,1.1102230246251565e-16,0.6474235540846207,1.0,1.0223486398824047,0.411497979721237,0.16799542419628172,0.06793015016710197,0.6474235540846207,0.06793015016710197,0.411497979721237,0.10492381646995691,2.0733161561792226,0.1562935258044855,0.2964387349150226,0.19469129336511287,,,,,,,,,,,,,,,,,,,,,,,,,,,,
9,1.0,full_coverage,single_gaussian,3,2528,0.26059313560434794,0.25147362637216836,0.27572538638016647,0.2538953987709451,-2.199544242365185,3.806582822687542,-1.9647364074326112,0.010192956870592296,0.003094354519575404,1.2101929568705923,0.3030943545195754,10733.885232042312,-5347.223496165124,consistent,False,False,0,False,,0,not_applicable,f8411c3620c4e52f,4b2e3a2a7fc783d0,198362f9470a477f,0fd32da692aa9c19,121090,6.21,35.745062919444486,5.329070518200751e-15,,,,,,,,,,,,,,,35.745062919444486,1.0,1.0193421521876,15.50690438061098,10.786388814351326,9.451769724482183,35.74506291944449,9.451769724482183,15.50690438061098,0.2644216837940055,2.863880654876235,13.340227099732857,11.551521586255065,10.853314233456553,,,,,,,,,,,,,,
9,1.0,full_coverage,single_poisson,3,2528,0.2916276732717764,0.2872707124238153,0.28424161076643095,0.30302201891306224,-2.1552720743848246,3.300433219689548,-1.9673025161835602,0.010656294694787238,0.0033854853707088184,1.2106562946947872,0.3033854853707088,11266.840804123018,-5620.274322157487,consistent,False,False,0,False,,0,not_applicable,f8411c3620c4e52f,4b2e3a2a7fc783d0,198362f9470a477f,0fd32da692aa9c19,121090,7.28,5.0790445262778885,1.1102230246251565e-15,,,,,,,,,,,,,,,,,,,,,,,,,,,,,5.0790445262778885,1.0,1.034798215022143,2.2020814970076876,1.5267694822927917,1.3501935469774082,5.079044526277888,1.3501935469774082,2.2020814970076876,0.2658361311840832,2.8652771202011578,2.095007737835976,1.4072391770820485,1.5767976113598656
9,1.0,full_coverage,per_column_all,9,2528,0.25032841866054806,0.26443320843703144,0.2401778770788806,0.24572874720889176,-2.23182098979469,4.375955258361662,-1.9625853510192515,0.008330578419749601,0.0026324747898002765,1.2083305784197496,0.30263247478980027,11734.543188573369,-5808.114234718587,consistent,False,False,0,False,,0,not_applicable,f8411c3620c4e52f,4b2e3a2a7fc783d0,198362f9470a477f,0fd32da692aa9c19,121090,10.54,43.0302506356986,1.0658141036401503e-14,0.7444110652678866,0.017299714834807654,1.1022869608018542,0.47177971810351393,0.2042139390756779,0.06841740808869493,0.7444110652678867,0.06841740808869493,0.47177971810351393,0.09190810196255475,2.0603326042239187,0.17309166465931436,0.35096499175905427,0.2203544088495173,37.039491040714495,0.8607779525686966,1.0193407021925112,16.837965322130117,11.277563484260579,8.923962234323792,37.03949104071449,8.923962234323792,16.837965322130117,0.24093101669551584,2.797916886194173,13.418406185864473,14.02591645902918,9.595168395820815,5.246348529716222,0.12192233259649586,1.0268380354367894,2.302277733482138,1.523903410095266,1.4201673861388178,5.246348529716221,1.4201673861388178,2.302277733482138,0.270696347773074,2.855311355181623,2.1582528552180937,1.4968843196662012,1.5912113548319229
9,1.0,shared,y_only,0,2528,0.3076331568721827,0.318623309016132,0.31138619869477374,0.29228804258036994,-2.184560205317545,3.299023775716007,-1.9650267879268375,0.009201852901200569,0.004848085413066416,1.2092018529012005,0.3048480854130664,14358.952144632087,-7107.1726328439245,consistent,False,False,0,False,,0,not_applicable,f8411c3620c4e52f,4b2e3a2a7fc783d0,198362f9470a477f,0fd32da692aa9c19,121090,6.2,0.0,0.0,0.0,,0.0,,,,0.0,,,,,0.0,0.0,0.0,0.0,,0.0,,,,0.0,,,,,0.0,0.0,0.0,0.0,,0.0,,,,0.0,,,,,0.0,0.0,0.0
9,0.1,complementary,single_bernoulli,3,253,1.064095188280106,0.9294493155188694,1.23023831803737,1.0097194461218968,-3.17903557097276,6.201420646366639,-2.029362226825102,0.03930943763907968,0.006139672303630772,1.2393094376390796,0.30613967230363076,1997.9775291225023,-985.8426846572295,consistent,False,False,0,False,,0,not_applicable,f8411c3620c4e52f,4b2e3a2a7fc783d0,198362f9470a477f,a07dc58c59372349,121090,7.58,0.5825032038200828,1.1102230246251565e-16,0.5825032038200828,1.0,0.9713765888677143,0.4073668559554269,0.1746079034229258,0.0005284444417299845,0.5825032038200826,0.0005284444417299845,0.4073668559554269,0.000907195768648862,1.7273313497309026,0.2503127787653299,0.1892739756270711,0.1429164494276821,,,,,,,,,,,,,,,,,,,,,,,,,,,,
9,0.1,complementary,single_gaussian,3,253,0.7615640118847021,0.9283181423572914,0.2291718608288959,0.9086500522028804,-2.8459433584225216,5.692389766595225,-1.9792821452859486,0.040496335538814154,0.011719782316758243,1.240496335538814,0.31171978231675823,1803.2567448705488,-881.909252579242,consistent,False,False,0,False,,0,not_applicable,f8411c3620c4e52f,4b2e3a2a7fc783d0,198362f9470a477f,a07dc58c59372349,121090,6.36,40.20188140058835,1.7763568394002505e-14,,,,,,,,,,,,,,,40.20188140058835,1.0,1.022025807496212,39.59623950969041,0.3856485742992476,0.21999331659871266,40.20188140058837,0.21999331659871266,39.59623950969041,0.005472214456995363,1.0306952439851345,1.1285220354707084,38.838634033044706,0.23472533207296586,,,,,,,,,,,,,,
9,0.1,complementary,single_poisson,3,253,1.1087897508951428,1.2733139727578362,1.259158802586544,0.6938550077060882,-4.0173383780725676,7.320424709117029,-1.955568174646381,0.010849589670930415,0.004440562980329188,1.2108495896709304,0.3044405629803292,2357.816993124293,-1165.7624166581247,consistent,False,False,0,False,,0,not_applicable,f8411c3620c4e52f,4b2e3a2a7fc783d0,198362f9470a477f,a07dc58c59372349,121090,7.19,3.6718704569704688,2.220446049250313e-16,,,,,,,,,,,,,,,,,,,,,,,,,,,,,3.6718704569704688,1.0,0.840495077415714,3.5597149596320494,0.11214818422483568,7.313113582968405e-06,3.6718704569704683,7.313113582968405e-06,3.5597149596320494,1.991658929330039e-06,1.062951398523804,0.06832169470099862,0.12010697047874044,3.48344179179073
9,0.1,complementary,per_column_all,9,253,0.6809241852188437,0.934178933021388,0.2564051965965351,0.6727104386771112,-2.7083576530992404,5.485360610647593,-2.03191132879439,0.04280173262649778,0.01785650029861885,1.2428017326264977,0.28214349970138114,2831.6070039848355,-1356.6461424243203,consistent,False,False,0,False,,0,not_applicable,f8411c3620c4e52f,4b2e3a2a7fc783d0,198362f9470a477f,a07dc58c59372349,121090,10.6,53.366135529162314,2.1316282072803006e-14,0.5396542900435731,0.010112298458423603,0.8951243482882343,0.4937395029476094,0.03759474799204001,0.008320039103923704,0.539654290043573,0.008320039103923704,0.4937395029476094,0.015417350065450093,1.1874142830299454,0.4293893299671802,0.06568436505923196,0.04458059501716155,49.66122508181993,0.9305756279594611,1.1342767278652086,48.88020367917949,0.6345162789156267,0.14650512372481994,49.661225081819936,0.14650512372481994,48.88020367917949,0.002950090809951702,1.0320286822328424,1.4214060680970735,47.84795309806141,0.39186591566149687,3.1652561572988036,0.05931207358211513,0.7991429732356115,3.0601330636307553,0.0815418516333035,0.023581242034746343,3.1652561572988054,0.023581242034746343,3.0601330636307553,0.0074500264316270425,1.0690624522864978,0.3053891762654866,0.06595070886136489,2.793916272171952
9,0.1,full_coverage,single_bernoulli,3,253,0.992053699003726,0.9812354124941851,1.1071422466204324,0.8740278806402884,-3.1166792203504268,5.957053005933986,-1.986730036138196,0.03390544843582255,0.001713405032197135,1.2339054484358225,0.3017134050321971,2023.5890976904323,-998.6484689411944,consistent,False,False,0,False,,0,not_applicable,f8411c3620c4e52f,4b2e3a2a7fc783d0,198362f9470a477f,a07dc58c59372349,121090,7.37,0.47691335995215856,3.3306690738754696e-16,0.47691335995215856,1.0,0.8454028091818735,0.28391943954472254,0.15363155449130206,0.03936236591613395,0.47691335995215856,0.03936236591613395,0.28391943954472254,0.08253567465604775,2.150542830918158,0.048726367119974565,0.20083003773818733,0.2273569550939963,,,,,,,,,,,,,,,,,,,,,,,,,,,,
9,0.1,full_coverage,single_gaussian,3,253,0.4981863369695962,0.4834678295406782,0.503268377653027,0.5074925387464018,-2.418665113104706,4.354107100108065,-1.9706556630681307,0.024833750122470244,0.004028560121282609,1.2248337501224702,0.3040285601212826,2000.5163635950717,-980.5390619415034,consistent,False,False,0,False,,0,not_applicable,f8411c3620c4e52f,4b2e3a2a7fc783d0,198362f9470a477f,a07dc58c59372349,121090,6.43,14.238055932133005,1.7763568394002505e-15,,,,,,,,,,,,,,,14.238055932133005,1.0,0.965206884162099,6.686018575458514,4.026395780443799,3.525641576230691,14.238055932133005,3.525641576230691,6.686018575458514,0.24762099496138967,2.7639598476197347,6.050511941453994,3.910892543126171,4.276651447552843,,,,,,,,,,,,,,
9,0.1,full_coverage,single_poisson,3,253,0.8336551249061557,0.8261447782750942,0.8394010929832724,0.835364119575516,-3.077961375011545,6.171257953000137,-1.971112290037025,0.016619721732778148,0.010510113467069149,1.216619721732778,0.31051011346706914,2349.0676211126,-1161.3877306522784,consistent,False,False,0,False,,0,not_applicable,f8411c3620c4e52f,4b2e3a2a7fc783d0,198362f9470a477f,a07dc58c59372349,121090,7.2,4.435505217452109,1.1102230246251565e-15,,,,,,,,,,,,,,,,,,,,,,,,,,,,,4.435505217452109,1.0,0.9517989949260576,1.9289133789660464,1.5671682211591413,0.939423617326921,4.435505217452109,0.939423617326921,1.9289133789660464,0.21179630532969027,2.7869440789632596,1.3646218469317597,1.8538102476052367,1.2170731229151108
9,0.1,full_coverage,per_column_all,9,253,0.4405078128613571,0.4262211640767909,0.44872761232747815,0.4462291438303812,-2.4512043512523918,4.598160966363814,-1.9678719579368231,0.03193780331154095,0.0038550706602381024,1.231937803311541,0.2961449293397619,2946.262034923814,-1413.9736578938096,consistent,False,False,0,False,,0,not_applicable,f8411c3620c4e52f,4b2e3a2a7fc783d0,198362f9470a477f,a07dc58c59372349,121090,10.55,24.219752195178724,3.552713678800501e-15,0.9976136657859925,0.04119008558578817,1.2970102918012951,0.6627287137352169,0.2678858631131349,0.06699908893764055,0.9976136657859923,0.06699908893764055,0.6627287137352169,0.06715935360092909,1.930762768201433,0.2134777420517348,0.4680053586350107,0.3161305650992471,18.07327822053086,0.7462206084886613,0.985453249770026,8.66426165726217,5.2278786832969715,4.181137879971722,18.073278220530863,4.181137879971722,8.66426165726217,0.2313436350037503,2.7247061555698244,7.17693764618803,6.189727282688551,4.706613291654279,5.148860308861873,0.2125893059255505,1.0122999000698836,2.3505416532964682,1.5069166130276186,1.2914020425377857,5.148860308861872,1.2914020425377857,2.3505416532964682,0.25081318293198035,2.801351091748836,2.170110838780839,1.5245926280524216,1.454156842028613
9,0.1,shared,y_only,0,253,1.0873569399214187,1.1504778686251762,1.1441795656875329,0.9561846786330424,-3.584899072333341,6.549701417149475,-1.9904776342523907,0.033670305849961,0.003366536399487974,1.233670305849961,0.296633463600512,5442.417698026187,-2648.9054095409747,consistent,False,False,0,False,,0,not_applicable,f8411c3620c4e52f,4b2e3a2a7fc783d0,198362f9470a477f,a07dc58c59372349,121090,6.21,0.0,0.0,0.0,,0.0,,,,0.0,,,,,0.0,0.0,0.0,0.0,,0.0,,,,0.0,,,,,0.0,0.0,0.0,0.0,,0.0,,,,0.0,,,,,0.0,0.0,0.0
