replicate,start_label,column,candidate_family,score,neg2_score,sigma_sq,optimizer,optimiser_iterations,optimiser_converged,optimiser_gradient_inf,scipy_success,loading_norm,family_x_true,selected_family,k,dataset_status
rep01,start_B,3,bernoulli,-51.41990170274388,102.83980340548776,,bfgs,4,True,5.041300710217911e-13,True,0.24805030419871626,bernoulli,bernoulli,1,completed
rep01,start_B,3,poisson,-74.2152950632179,148.4305901264358,,bfgs,3,True,6.011191544530447e-13,True,0.14769370948401878,bernoulli,bernoulli,1,completed
rep01,start_B,4,bernoulli,-50.49641347602465,100.9928269520493,,bfgs,3,True,8.394074768602878e-10,False,0.40860516528739954,bernoulli,bernoulli,1,completed
rep01,start_B,4,poisson,-73.74262411517836,147.48524823035672,,bfgs,4,True,1.9184653865522706e-14,True,0.18761372081592045,bernoulli,bernoulli,1,completed
rep01,start_B,5,bernoulli,-51.84336535278992,103.68673070557983,,bfgs,4,True,6.172029998197104e-10,False,0.12365382335661834,bernoulli,bernoulli,1,completed
rep01,start_B,5,poisson,-74.90172327830551,149.80344655661102,,bfgs,5,True,9.769962616701378e-16,True,0.05163777922112969,bernoulli,bernoulli,1,completed
rep01,start_B,6,bernoulli,-50.24973189944817,100.49946379889634,,bfgs,4,True,2.930988785010413e-15,True,0.44297276602546515,bernoulli,bernoulli,1,completed
rep01,start_B,6,poisson,-74.97707397254882,149.95414794509765,,bfgs,5,True,6.822542530926512e-13,True,0.024611175996803212,bernoulli,bernoulli,1,completed
rep01,start_B,7,bernoulli,-51.35392851033389,102.70785702066777,,bfgs,4,True,2.4359891881431394e-11,True,0.262392074678813,bernoulli,bernoulli,1,completed
rep01,start_B,7,poisson,-74.1766449133888,148.3532898267776,,bfgs,4,True,4.884981308350689e-14,True,0.15134143777778966,bernoulli,bernoulli,1,completed
rep01,start_B,8,bernoulli,-51.98203182835364,103.96406365670728,,bfgs,3,True,4.9415316283329955e-11,True,0.020674603721675122,bernoulli,bernoulli,1,completed
rep01,start_B,8,poisson,-74.77699830798133,149.55399661596266,,bfgs,4,True,4.85615991863142e-11,True,0.07808562653482225,bernoulli,bernoulli,1,completed
rep01,start_B,3,bernoulli,-41.18408989016941,82.36817978033882,,bfgs,6,True,2.2221625928242615e-11,True,1.35073358174377,bernoulli,bernoulli,2,completed
rep01,start_B,3,poisson,-72.80838843417442,145.61677686834884,,bfgs,8,False,1.912048329000271e-07,False,0.25028370116740545,bernoulli,bernoulli,2,completed
rep01,start_B,4,bernoulli,-50.542861977088364,101.08572395417673,,bfgs,5,True,3.277933480205775e-14,True,0.40406413302828764,bernoulli,bernoulli,2,completed
rep01,start_B,4,poisson,-73.32439245393998,146.64878490787996,,bfgs,7,True,3.23181478800727e-10,False,0.21862361630265192,bernoulli,bernoulli,2,completed
rep01,start_B,5,bernoulli,-43.66086266463488,87.32172532926975,,bfgs,5,True,3.222376532274751e-11,True,1.1182576581129224,bernoulli,bernoulli,2,completed
rep01,start_B,5,poisson,-72.07391918263315,144.1478383652663,,bfgs,9,True,4.6481929416586354e-11,True,0.26948753878182324,bernoulli,bernoulli,2,completed
rep01,start_B,6,bernoulli,-41.02991802709115,82.0598360541823,,bfgs,5,True,4.790527974307679e-10,False,1.3908413341662291,bernoulli,bernoulli,2,completed
rep01,start_B,6,poisson,-72.23842779382399,144.47685558764798,,bfgs,9,False,1.2070977434275321e-08,False,0.2552186612616523,bernoulli,bernoulli,2,completed
rep01,start_B,7,bernoulli,-46.02625755993468,92.05251511986935,,bfgs,6,True,4.4917847219494433e-11,True,0.8891052624895124,bernoulli,bernoulli,2,completed
rep01,start_B,7,poisson,-71.7953837153297,143.5907674306594,,bfgs,9,True,7.534688428734171e-11,True,0.29509364489749473,bernoulli,bernoulli,2,completed
rep01,start_B,8,bernoulli,-51.75663313744049,103.51326627488098,,bfgs,5,True,1.5077850079592282e-11,True,0.15510188829328875,bernoulli,bernoulli,2,completed
rep01,start_B,8,poisson,-74.34741305338841,148.69482610677682,,bfgs,6,True,3.487810040780914e-11,True,0.1330593937243478,bernoulli,bernoulli,2,completed
rep01,start_B,3,bernoulli,-40.172099573075,80.34419914615,,bfgs,6,True,1.1933343202485958e-10,False,1.3770876080832328,bernoulli,bernoulli,3,completed
rep01,start_B,3,poisson,-72.04250597027298,144.08501194054597,,bfgs,9,True,4.061817515665922e-09,False,0.28774065101539203,bernoulli,bernoulli,3,completed
rep01,start_B,4,bernoulli,-49.871527120009034,99.74305424001807,,bfgs,7,True,1.6142642778049776e-13,True,0.4839727298073672,bernoulli,bernoulli,3,completed
rep01,start_B,4,poisson,-72.49655577685043,144.99311155370086,,bfgs,8,True,5.792230584056313e-12,True,0.2698355956082733,bernoulli,bernoulli,3,completed
rep01,start_B,5,bernoulli,-42.83530021361073,85.67060042722146,,bfgs,7,True,8.681133589760748e-11,True,1.1829341677779124,bernoulli,bernoulli,3,completed
rep01,start_B,5,poisson,-71.34966693746091,142.69933387492182,,bfgs,12,True,1.060404031250073e-09,False,0.322201562952284,bernoulli,bernoulli,3,completed
rep01,start_B,6,bernoulli,-40.676360054574204,81.35272010914841,,bfgs,7,True,5.13904385712749e-10,False,1.4296582363160029,bernoulli,bernoulli,3,completed
rep01,start_B,6,poisson,-71.76560974576402,143.53121949152805,,bfgs,11,True,2.310285296402981e-12,True,0.2987188420201026,bernoulli,bernoulli,3,completed
rep01,start_B,7,bernoulli,-39.08594915789842,78.17189831579684,,bfgs,7,True,1.33723698780841e-10,False,1.6251851720126742,bernoulli,bernoulli,3,completed
rep01,start_B,7,poisson,-70.95576720072896,141.9115344014579,,bfgs,16,False,3.9093513454213635e-08,False,0.3043504797150345,bernoulli,bernoulli,3,completed
rep01,start_B,8,bernoulli,-49.73601538484748,99.47203076969495,,bfgs,7,True,5.0892623448817173e-14,True,0.5588501553342007,bernoulli,bernoulli,3,completed
rep01,start_B,8,poisson,-74.05129666985245,148.1025933397049,,bfgs,7,True,1.9404211570872577e-11,True,0.15449208839986656,bernoulli,bernoulli,3,completed
rep01,start_B,3,bernoulli,-37.89705920940541,75.79411841881083,,bfgs,8,True,2.5082158572331535e-13,True,1.5550641371821134,bernoulli,bernoulli,4,completed
rep01,start_B,3,poisson,-72.21411299200493,144.42822598400986,,bfgs,14,False,1.4743194176602969e-08,False,0.26038989179626404,bernoulli,bernoulli,4,completed
rep01,start_B,4,bernoulli,-40.19020581273835,80.3804116254767,,bfgs,8,True,1.7062335988526912e-10,False,2.0007294183812205,bernoulli,bernoulli,4,completed
rep01,start_B,4,poisson,-70.68735146273298,141.37470292546595,,bfgs,17,True,4.662514707653998e-10,False,0.39508847249804235,bernoulli,bernoulli,4,completed
rep01,start_B,5,bernoulli,-42.14979190754093,84.29958381508186,,bfgs,8,True,1.162376861429948e-11,True,1.1851346192386314,bernoulli,bernoulli,4,completed
rep01,start_B,5,poisson,-71.54344707030491,143.08689414060981,,bfgs,14,True,5.533988378658705e-10,False,0.2868881294249231,bernoulli,bernoulli,4,completed
rep01,start_B,6,bernoulli,-35.8237241997136,71.6474483994272,,bfgs,8,True,1.7511689875959747e-10,False,1.9223131460992369,bernoulli,bernoulli,4,completed
rep01,start_B,6,poisson,-71.46037497302572,142.92074994605144,,bfgs,18,False,1.418626423582703e-07,False,0.29701012935710586,bernoulli,bernoulli,4,completed
rep01,start_B,7,bernoulli,-39.51084685546728,79.02169371093456,,bfgs,8,True,3.015365734881925e-13,True,1.4230297431901764,bernoulli,bernoulli,4,completed
rep01,start_B,7,poisson,-70.8070505241059,141.6141010482118,,bfgs,14,True,2.372590568455735e-10,False,0.30192337108326517,bernoulli,bernoulli,4,completed
rep01,start_B,8,bernoulli,-48.58872360316393,97.17744720632786,,bfgs,10,True,3.656756675241013e-10,False,0.7735197260837956,bernoulli,bernoulli,4,completed
rep01,start_B,8,poisson,-73.858409249541,147.716818499082,,bfgs,13,True,5.7944982145841095e-09,False,0.1782096277756253,bernoulli,bernoulli,4,completed
rep01,start_B,3,bernoulli,-38.9096061212252,77.8192122424504,,bfgs,9,True,2.474909166494399e-12,True,1.4096756804584745,bernoulli,bernoulli,5,completed
rep01,start_B,3,poisson,-72.1279593155128,144.2559186310256,,bfgs,12,False,3.5923009988891864e-08,False,0.24286309941433407,bernoulli,bernoulli,5,completed
rep01,start_B,4,bernoulli,-41.32630232202174,82.65260464404348,,bfgs,9,True,2.6320945423208285e-12,True,1.7243881194185908,bernoulli,bernoulli,5,completed
rep01,start_B,4,poisson,-69.08896219982887,138.17792439965774,,bfgs,13,False,1.0890155777154575e-08,False,0.5191161714517479,bernoulli,bernoulli,5,completed
rep01,start_B,5,bernoulli,-42.236194643784174,84.47238928756835,,bfgs,10,True,8.723177735703302e-12,True,1.2120519201865578,bernoulli,bernoulli,5,completed
rep01,start_B,5,poisson,-71.00701901462992,142.01403802925984,,bfgs,13,False,1.2670096349864935e-08,False,0.34910195227755864,bernoulli,bernoulli,5,completed
rep01,start_B,6,bernoulli,-35.68575425708322,71.37150851416644,,bfgs,10,True,4.158835054113297e-10,False,1.8355449833250144,bernoulli,bernoulli,5,completed
rep01,start_B,6,poisson,-71.59746295049675,143.1949259009935,,bfgs,18,False,3.18116103237287e-07,False,0.28247845521215376,bernoulli,bernoulli,5,completed
rep01,start_B,7,bernoulli,-37.95990390872235,75.9198078174447,,bfgs,9,True,8.318972177789874e-11,True,1.4850522754806912,bernoulli,bernoulli,5,completed
rep01,start_B,7,poisson,-70.4530875839429,140.9061751678858,,bfgs,14,True,1.4333787823339606e-09,False,0.3050965504307474,bernoulli,bernoulli,5,completed
rep01,start_B,8,bernoulli,-46.693830718047955,93.38766143609591,,bfgs,9,True,4.538094566797213e-10,False,0.9837249952558534,bernoulli,bernoulli,5,completed
rep01,start_B,8,poisson,-73.45079286805785,146.9015857361157,,bfgs,14,True,1.3821099376087886e-09,False,0.21553011591062884,bernoulli,bernoulli,5,completed
rep02,start_B,3,bernoulli,-51.50474939443659,103.00949878887317,,bfgs,3,False,1.9482414037597096e-07,False,0.22859010260509918,bernoulli,bernoulli,1,completed
rep02,start_B,3,poisson,-74.6311083596313,149.2622167192626,,bfgs,4,True,8.661960038125472e-14,True,0.10015690088331317,bernoulli,bernoulli,1,completed
rep02,start_B,4,bernoulli,-41.30152710877562,82.60305421755125,,bfgs,3,True,7.161482518114326e-11,True,1.3155172232732955,bernoulli,bernoulli,1,completed
rep02,start_B,4,poisson,-71.73819980966003,143.47639961932006,,bfgs,5,True,7.506484323016593e-12,True,0.297884746872205,bernoulli,bernoulli,1,completed
rep02,start_B,5,bernoulli,-49.518810996987504,99.03762199397501,,bfgs,3,True,9.153384716853452e-11,True,0.5370290974488302,bernoulli,bernoulli,1,completed
rep02,start_B,5,poisson,-74.73763406270857,149.47526812541713,,bfgs,5,True,3.197442310920451e-15,True,0.08256534006401346,bernoulli,bernoulli,1,completed
rep02,start_B,6,bernoulli,-44.19596372834577,88.39192745669153,,bfgs,5,True,4.4408920985006264e-17,True,1.058191078300349,bernoulli,bernoulli,1,completed
rep02,start_B,6,poisson,-73.88265192716666,147.76530385433333,,bfgs,6,True,3.1796787425264483e-13,True,0.1673597255411656,bernoulli,bernoulli,1,completed
rep02,start_B,7,bernoulli,-49.96862960882826,99.93725921765652,,bfgs,3,True,5.3716509018642e-11,True,0.48153562898072794,bernoulli,bernoulli,1,completed
rep02,start_B,7,poisson,-74.06485099713385,148.1297019942677,,bfgs,4,True,2.418243383317531e-12,True,0.15990114953736248,bernoulli,bernoulli,1,completed
rep02,start_B,8,bernoulli,-50.184173092985446,100.36834618597089,,bfgs,3,True,4.2725585291947255e-09,False,0.45325669145512604,bernoulli,bernoulli,1,completed
rep02,start_B,8,poisson,-74.13713649957108,148.27427299914217,,bfgs,4,True,8.654188476953095e-14,True,0.15356948154612188,bernoulli,bernoulli,1,completed
rep02,start_B,3,bernoulli,-47.24512398265846,94.49024796531693,,bfgs,6,True,3.934808034955495e-12,True,0.828672326096402,bernoulli,bernoulli,2,completed
rep02,start_B,3,poisson,-74.06984551035472,148.13969102070945,,bfgs,9,True,6.323475076897012e-12,True,0.16587289541641653,bernoulli,bernoulli,2,completed
rep02,start_B,4,bernoulli,-40.49335621462298,80.98671242924596,,bfgs,5,True,8.645741900181747e-11,True,1.35605250198376,bernoulli,bernoulli,2,completed
rep02,start_B,4,poisson,-71.96250126110219,143.92500252220438,,bfgs,8,False,2.3712936645381432e-07,False,0.2714492397798506,bernoulli,bernoulli,2,completed
rep02,start_B,5,bernoulli,-49.43405561710781,98.86811123421562,,bfgs,6,True,1.06350483974893e-12,True,0.5456826756920244,bernoulli,bernoulli,2,completed
rep02,start_B,5,poisson,-74.4725541462953,148.9451082925906,,bfgs,5,False,1.6450303202963923e-07,False,0.11857928448947029,bernoulli,bernoulli,2,completed
rep02,start_B,6,bernoulli,-40.417990318942216,80.83598063788443,,bfgs,6,True,1.2088996470538404e-12,True,1.4662816637027796,bernoulli,bernoulli,2,completed
rep02,start_B,6,poisson,-72.7165005062357,145.4330010124714,,bfgs,10,True,2.006430577239371e-11,True,0.2416593031536818,bernoulli,bernoulli,2,completed
rep02,start_B,7,bernoulli,-48.38500578664325,96.7700115732865,,bfgs,4,False,1.5646898043897296e-08,False,0.6429026648498681,bernoulli,bernoulli,2,completed
rep02,start_B,7,poisson,-73.74060759948341,147.48121519896682,,bfgs,6,True,7.807910762380743e-10,False,0.17522061019251634,bernoulli,bernoulli,2,completed
rep02,start_B,8,bernoulli,-46.088462637543515,92.17692527508703,,bfgs,5,True,6.526983398202902e-11,True,0.8988860855675141,bernoulli,bernoulli,2,completed
rep02,start_B,8,poisson,-73.13283950413309,146.26567900826618,,bfgs,10,True,1.734943300135683e-10,False,0.2165827456424868,bernoulli,bernoulli,2,completed
rep02,start_B,3,bernoulli,-47.40175666766241,94.80351333532482,,bfgs,6,True,5.420576210113381e-11,True,0.8009772425512998,bernoulli,bernoulli,3,completed
rep02,start_B,3,poisson,-74.06695526668427,148.13391053336855,,bfgs,10,True,6.503397820267765e-12,True,0.1652921860927222,bernoulli,bernoulli,3,completed
rep02,start_B,4,bernoulli,-40.19105472846292,80.38210945692585,,bfgs,6,False,2.6777601391803076e-08,False,1.3394759279349202,bernoulli,bernoulli,3,completed
rep02,start_B,4,poisson,-71.2288168958381,142.4576337916762,,bfgs,10,True,2.0166790792863765e-09,False,0.29883182960511917,bernoulli,bernoulli,3,completed
rep02,start_B,5,bernoulli,-48.71807283955073,97.43614567910146,,bfgs,8,True,1.4210854715202005e-15,True,0.6072146928705843,bernoulli,bernoulli,3,completed
rep02,start_B,5,poisson,-74.0374769254806,148.0749538509612,,bfgs,12,True,1.1091075280411643e-11,True,0.1647702742118747,bernoulli,bernoulli,3,completed
rep02,start_B,6,bernoulli,-35.821953982722604,71.64390796544521,,bfgs,7,True,2.323166659046194e-11,True,1.9173932847844157,bernoulli,bernoulli,3,completed
rep02,start_B,6,poisson,-71.24559649830104,142.49119299660208,,bfgs,14,True,5.86836989002748e-09,False,0.3209442447934041,bernoulli,bernoulli,3,completed
rep02,start_B,7,bernoulli,-47.47536210313887,94.95072420627774,,bfgs,8,True,2.8261837314857984e-13,True,0.7280027410087393,bernoulli,bernoulli,3,completed
rep02,start_B,7,poisson,-73.53188406651006,147.06376813302012,,bfgs,11,True,4.92140772578864e-11,True,0.18265106912246185,bernoulli,bernoulli,3,completed
rep02,start_B,8,bernoulli,-43.615888578620186,87.23177715724037,,bfgs,7,True,1.0416183471306795e-10,False,1.1418362937826305,bernoulli,bernoulli,3,completed
rep02,start_B,8,poisson,-71.75113937592644,143.50227875185288,,bfgs,10,True,3.668716816451756e-10,False,0.2911250005660317,bernoulli,bernoulli,3,completed
rep02,start_B,3,bernoulli,-45.67038708922284,91.34077417844568,,bfgs,9,True,1.690536599596726e-11,True,1.010733065073357,bernoulli,bernoulli,4,completed
rep02,start_B,3,poisson,-73.63087255153235,147.2617451030647,,bfgs,12,True,5.705196315375361e-11,True,0.2049450750078763,bernoulli,bernoulli,4,completed
rep02,start_B,4,bernoulli,-38.536172066082365,77.07234413216473,,bfgs,8,True,1.581905273440043e-10,False,1.6097906658360337,bernoulli,bernoulli,4,completed
rep02,start_B,4,poisson,-71.30707614498067,142.61415228996134,,bfgs,13,True,5.750390885683743e-09,False,0.30735021488345293,bernoulli,bernoulli,4,completed
rep02,start_B,5,bernoulli,-47.5173440753703,95.0346881507406,,bfgs,8,True,2.86228374335451e-11,True,0.8485743056226606,bernoulli,bernoulli,4,completed
rep02,start_B,5,poisson,-73.90572823176544,147.81145646353087,,bfgs,14,True,7.638324084346948e-10,False,0.18772994410983515,bernoulli,bernoulli,4,completed
rep02,start_B,6,bernoulli,-32.97566989421163,65.95133978842325,,bfgs,8,True,3.5945700305184404e-10,False,2.297687268728024,bernoulli,bernoulli,4,completed
rep02,start_B,6,poisson,-71.00227738523631,142.00455477047262,,bfgs,21,False,2.881876826066332e-08,False,0.33128398839207196,bernoulli,bernoulli,4,completed
rep02,start_B,7,bernoulli,-47.40770828153826,94.81541656307652,,bfgs,8,True,2.356416395343786e-10,False,0.6949548989933018,bernoulli,bernoulli,4,completed
rep02,start_B,7,poisson,-73.70459269939845,147.4091853987969,,bfgs,11,True,9.226107344773027e-09,False,0.1595104006071875,bernoulli,bernoulli,4,completed
rep02,start_B,8,bernoulli,-44.47229631153394,88.94459262306788,,bfgs,9,True,3.005089510565995e-11,True,0.9620745229893463,bernoulli,bernoulli,4,completed
rep02,start_B,8,poisson,-72.41794488134083,144.83588976268166,,bfgs,12,True,4.550751220300242e-10,False,0.234912846376197,bernoulli,bernoulli,4,completed
rep02,start_B,3,bernoulli,-37.096640473798765,74.19328094759753,,bfgs,10,True,1.7766854654155396e-11,True,2.08460294125111,bernoulli,bernoulli,5,completed
rep02,start_B,3,poisson,-72.9235422937447,145.8470845874894,,bfgs,15,False,2.2660644773964123e-07,False,0.2645384374670194,bernoulli,bernoulli,5,completed
rep02,start_B,4,bernoulli,-39.36565096955954,78.73130193911908,,bfgs,9,True,3.862618092043135e-09,False,1.2976843538193161,bernoulli,bernoulli,5,completed
rep02,start_B,4,poisson,-71.28434201667501,142.56868403335002,,bfgs,13,True,1.0417921525451845e-10,False,0.27841613603310755,bernoulli,bernoulli,5,completed
rep02,start_B,5,bernoulli,-41.46398432740639,82.92796865481279,,bfgs,11,True,4.247713292215849e-14,True,1.5715085810276823,bernoulli,bernoulli,5,completed
rep02,start_B,5,poisson,-71.52980702962995,143.0596140592599,,bfgs,15,True,5.336186514881547e-09,False,0.34329951887028276,bernoulli,bernoulli,5,completed
rep02,start_B,6,bernoulli,-34.38439275305582,68.76878550611164,,bfgs,9,True,3.240006596350042e-11,True,1.97188364929041,bernoulli,bernoulli,5,completed
rep02,start_B,6,poisson,-70.98204262779583,141.96408525559167,,bfgs,17,False,1.1509124275832505e-08,False,0.30294979359666696,bernoulli,bernoulli,5,completed
rep02,start_B,7,bernoulli,-46.433442211208195,92.86688442241639,,bfgs,9,True,3.958611216603458e-13,True,0.7983601106557021,bernoulli,bernoulli,5,completed
rep02,start_B,7,poisson,-73.6129935778581,147.2259871557162,,bfgs,15,False,3.347737664860517e-08,False,0.16379150515328764,bernoulli,bernoulli,5,completed
rep02,start_B,8,bernoulli,-43.11246635981527,86.22493271963054,,bfgs,8,False,2.9485074271029532e-08,False,1.0991974931481792,bernoulli,bernoulli,5,completed
rep02,start_B,8,poisson,-71.25974470913795,142.5194894182759,,bfgs,13,True,9.272586320996367e-09,False,0.3127844169807155,bernoulli,bernoulli,5,completed
rep03,start_B,3,bernoulli,-51.71370947528985,103.4274189505797,,bfgs,4,True,1.163513729807164e-14,True,0.1713194991761898,bernoulli,bernoulli,1,completed
rep03,start_B,3,poisson,-74.99985252563532,149.99970505127064,,bfgs,5,True,7.993605777301127e-16,True,0.0019825783872466194,bernoulli,bernoulli,1,completed
rep03,start_B,4,bernoulli,-45.55762790880084,91.11525581760168,,bfgs,3,True,1.5987211554602255e-15,True,0.9421737249556255,bernoulli,bernoulli,1,completed
rep03,start_B,4,poisson,-74.08612327506653,148.17224655013305,,bfgs,7,True,1.7763568394002505e-15,True,0.15187740484133283,bernoulli,bernoulli,1,completed
rep03,start_B,5,bernoulli,-50.41642942507767,100.83285885015535,,bfgs,3,True,7.930323064897493e-12,True,0.4216924727773178,bernoulli,bernoulli,1,completed
rep03,start_B,5,poisson,-74.86288714709032,149.72577429418064,,bfgs,5,True,5.002109837448643e-13,True,0.05992665806561592,bernoulli,bernoulli,1,completed
rep03,start_B,6,bernoulli,-31.976057140556907,63.952114281113815,,bfgs,3,True,2.4283308697192752e-11,True,2.33880416551839,bernoulli,bernoulli,1,completed
rep03,start_B,6,poisson,-70.0544235933701,140.1088471867402,,bfgs,9,True,2.042810365310288e-15,True,0.3642929891952344,bernoulli,bernoulli,1,completed
rep03,start_B,7,bernoulli,-50.80590989328812,101.61181978657623,,bfgs,3,True,2.8743927238394917e-09,False,0.3628980886023425,bernoulli,bernoulli,1,completed
rep03,start_B,7,poisson,-74.91599722903655,149.8319944580731,,bfgs,5,True,5.135891711915974e-13,True,0.04700656151308147,bernoulli,bernoulli,1,completed
rep03,start_B,8,bernoulli,-49.149503458279355,98.29900691655871,,bfgs,4,True,1.1379786002407855e-15,True,0.5811959598972544,bernoulli,bernoulli,1,completed
rep03,start_B,8,poisson,-73.8249410780666,147.6498821561332,,bfgs,5,True,3.68594044175552e-15,True,0.17923003340503738,bernoulli,bernoulli,1,completed
rep03,start_B,3,bernoulli,-46.15966041384081,92.31932082768162,,bfgs,6,True,1.0989007148687334e-09,False,1.0020787988569644,bernoulli,bernoulli,2,completed
rep03,start_B,3,poisson,-74.05077342114421,148.10154684228843,,bfgs,7,True,6.8660323093716615e-09,False,0.17671167508767865,bernoulli,bernoulli,2,completed
rep03,start_B,4,bernoulli,-45.45012749157229,90.90025498314458,,bfgs,4,True,4.4080294969717216e-13,True,0.8560501339363622,bernoulli,bernoulli,2,completed
rep03,start_B,4,poisson,-73.98513564507844,147.9702712901569,,bfgs,10,True,1.8252213976333032e-10,False,0.14519125877233918,bernoulli,bernoulli,2,completed
rep03,start_B,5,bernoulli,-43.992247151839386,87.98449430367877,,bfgs,6,True,1.9539925233402757e-15,True,1.23133737787136,bernoulli,bernoulli,2,completed
rep03,start_B,5,poisson,-73.05416684992431,146.10833369984863,,bfgs,8,True,3.513468439797496e-10,False,0.2543778549752796,bernoulli,bernoulli,2,completed
rep03,start_B,6,bernoulli,-32.16412301209131,64.32824602418262,,bfgs,5,True,2.3265354642809656e-10,False,2.0262642591096838,bernoulli,bernoulli,2,completed
rep03,start_B,6,poisson,-70.27766593160861,140.55533186321722,,bfgs,12,True,8.685318175771784e-09,False,0.3173989991962619,bernoulli,bernoulli,2,completed
rep03,start_B,7,bernoulli,-50.810763629388696,101.62152725877739,,bfgs,4,True,6.476308378466911e-12,True,0.3776736060077508,bernoulli,bernoulli,2,completed
rep03,start_B,7,poisson,-74.68793696139794,149.37587392279588,,bfgs,7,True,1.6384718581896606e-11,True,0.10253632578073607,bernoulli,bernoulli,2,completed
rep03,start_B,8,bernoulli,-48.19862542835533,96.39725085671066,,bfgs,6,True,9.103712228508698e-12,True,0.6143874755625277,bernoulli,bernoulli,2,completed
rep03,start_B,8,poisson,-73.65116538343554,147.30233076687108,,bfgs,4,False,2.2061633416781135e-07,False,0.1722085271988613,bernoulli,bernoulli,2,completed
rep03,start_B,3,bernoulli,-43.97375191838108,87.94750383676217,,bfgs,6,True,3.8058722839906524e-13,True,1.1319911266391034,bernoulli,bernoulli,3,completed
rep03,start_B,3,poisson,-73.04277599721703,146.08555199443407,,bfgs,9,True,2.2103443519938537e-10,False,0.23962383077995425,bernoulli,bernoulli,3,completed
rep03,start_B,4,bernoulli,-45.787130802824954,91.57426160564991,,bfgs,7,True,2.0430768188361982e-12,True,0.8099081606712202,bernoulli,bernoulli,3,completed
rep03,start_B,4,poisson,-73.99760180626609,147.99520361253218,,bfgs,10,False,1.7677659855386275e-08,False,0.15101580639552564,bernoulli,bernoulli,3,completed
rep03,start_B,5,bernoulli,-41.25652902189391,82.51305804378782,,bfgs,7,True,1.187513420930486e-10,False,1.4081734302003768,bernoulli,bernoulli,3,completed
rep03,start_B,5,poisson,-73.25941926100589,146.51883852201178,,bfgs,14,True,1.1675704472691173e-09,False,0.21162056025228818,bernoulli,bernoulli,3,completed
rep03,start_B,6,bernoulli,-31.84588699340146,63.69177398680292,,bfgs,6,True,4.879639747823461e-12,True,1.9380285881846275,bernoulli,bernoulli,3,completed
rep03,start_B,6,poisson,-69.75978846735008,139.51957693470015,,bfgs,15,True,4.076703583044683e-09,False,0.3263212189595144,bernoulli,bernoulli,3,completed
rep03,start_B,7,bernoulli,-31.231868509855325,62.46373701971065,,bfgs,9,True,1.648044117841252e-10,False,2.9584880542063545,bernoulli,bernoulli,3,completed
rep03,start_B,7,poisson,-72.13795441688069,144.27590883376138,,bfgs,22,True,1.5031654143626838e-09,False,0.30611867719022173,bernoulli,bernoulli,3,completed
rep03,start_B,8,bernoulli,-47.92455339985597,95.84910679971193,,bfgs,6,True,4.7355008803151575e-12,True,0.6245246198431196,bernoulli,bernoulli,3,completed
rep03,start_B,8,poisson,-73.49611555356981,146.99223110713962,,bfgs,8,True,3.0129037487114372e-09,False,0.17302709416091158,bernoulli,bernoulli,3,completed
rep03,start_B,3,bernoulli,-43.880225017905204,87.76045003581041,,bfgs,8,True,1.5821117749226233e-10,False,1.0926854592981532,bernoulli,bernoulli,4,completed
rep03,start_B,3,poisson,-72.82733717891134,145.65467435782267,,bfgs,11,True,9.845999415780681e-09,False,0.2532652980837797,bernoulli,bernoulli,4,completed
rep03,start_B,4,bernoulli,-40.81070251876916,81.62140503753832,,bfgs,9,True,3.478022314595819e-11,True,1.4403916525905789,bernoulli,bernoulli,4,completed
rep03,start_B,4,poisson,-72.46692734640624,144.93385469281247,,bfgs,13,True,4.656729557517281e-09,False,0.3072297887182235,bernoulli,bernoulli,4,completed
rep03,start_B,5,bernoulli,-39.88076885969698,79.76153771939396,,bfgs,8,True,2.045375202541777e-10,False,1.508098705683274,bernoulli,bernoulli,4,completed
rep03,start_B,5,poisson,-73.19655817225062,146.39311634450124,,bfgs,14,False,7.562503185898351e-08,False,0.20472257340377525,bernoulli,bernoulli,4,completed
rep03,start_B,6,bernoulli,-29.412786111086984,58.82557222217397,,bfgs,8,True,8.774393878141496e-10,False,2.1268044258626366,bernoulli,bernoulli,4,completed
rep03,start_B,6,poisson,-69.43589739079528,138.87179478159055,,bfgs,15,False,1.1730743132432053e-08,False,0.30567842585208144,bernoulli,bernoulli,4,completed
rep03,start_B,7,bernoulli,-31.481354561189562,62.962709122379124,,bfgs,7,True,1.5809252545961883e-09,False,2.669652386580739,bernoulli,bernoulli,4,completed
rep03,start_B,7,poisson,-72.01412708222149,144.02825416444298,,bfgs,26,False,2.0957965451984252e-08,False,0.29868523141693937,bernoulli,bernoulli,4,completed
rep03,start_B,8,bernoulli,-48.0338719101556,96.0677438203112,,bfgs,8,True,3.3347236083614007e-10,False,0.570793988063381,bernoulli,bernoulli,4,completed
rep03,start_B,8,poisson,-73.39473587307917,146.78947174615834,,bfgs,11,True,5.820202098050231e-11,True,0.17336448019846323,bernoulli,bernoulli,4,completed
rep03,start_B,3,bernoulli,-43.94184777059628,87.88369554119257,,bfgs,9,True,1.7058241041922883e-09,False,1.0172384783622828,bernoulli,bernoulli,5,completed
rep03,start_B,3,poisson,-73.05542277854116,146.1108455570823,,bfgs,12,True,4.744184156635356e-10,False,0.21725793808641328,bernoulli,bernoulli,5,completed
rep03,start_B,4,bernoulli,-41.24350864288423,82.48701728576846,,bfgs,9,True,1.642710856231133e-10,False,1.2914933266394182,bernoulli,bernoulli,5,completed
rep03,start_B,4,poisson,-72.48271449587551,144.96542899175103,,bfgs,13,True,3.6551466742196224e-09,False,0.2852284850245245,bernoulli,bernoulli,5,completed
rep03,start_B,5,bernoulli,-37.78588451617827,75.57176903235654,,bfgs,9,True,6.792031381763764e-11,True,1.7459079502400636,bernoulli,bernoulli,5,completed
rep03,start_B,5,poisson,-72.97673692633609,145.95347385267218,,bfgs,21,True,3.977922879982998e-10,False,0.21301680017755856,bernoulli,bernoulli,5,completed
rep03,start_B,6,bernoulli,-31.25278371844032,62.50556743688064,,bfgs,8,True,4.2301279590262196e-09,False,1.8701560622039277,bernoulli,bernoulli,5,completed
rep03,start_B,6,poisson,-69.50774932056724,139.01549864113449,,bfgs,19,False,7.401765129699811e-08,False,0.30573120612334037,bernoulli,bernoulli,5,completed
rep03,start_B,7,bernoulli,-28.189516009145997,56.379032018291994,,bfgs,10,True,4.597296765496139e-10,False,3.2285963981472663,bernoulli,bernoulli,5,completed
rep03,start_B,7,poisson,-71.816933551877,143.633867103754,,bfgs,41,False,3.947295539319384e-08,False,0.2793476563998314,bernoulli,bernoulli,5,completed
rep03,start_B,8,bernoulli,-47.528394945925335,95.05678989185067,,bfgs,11,True,6.190603585309873e-14,True,0.6145777093361467,bernoulli,bernoulli,5,completed
rep03,start_B,8,poisson,-73.37907816645591,146.75815633291182,,bfgs,16,True,4.510610551733407e-09,False,0.164551101784766,bernoulli,bernoulli,5,completed
rep04,start_B,3,bernoulli,-47.66344286241514,95.32688572483028,,bfgs,4,True,6.996672130554771e-09,False,0.7393182698741645,bernoulli,bernoulli,1,incomplete
rep04,start_B,3,poisson,-74.66927841758624,149.33855683517248,,bfgs,6,True,7.140954494389007e-14,True,0.09355188025372653,bernoulli,bernoulli,1,incomplete
rep04,start_B,4,bernoulli,-44.752565816675,89.50513163335,,bfgs,4,True,8.609823964889073e-12,True,1.0174922473200796,bernoulli,bernoulli,1,incomplete
rep04,start_B,4,poisson,-72.09092777698083,144.18185555396167,,bfgs,7,True,3.197442310920451e-15,True,0.2719431359905109,bernoulli,bernoulli,1,incomplete
rep04,start_B,5,bernoulli,-40.73060247049858,81.46120494099716,,bfgs,5,True,1.1368683772161604e-14,True,1.3933570330058371,bernoulli,bernoulli,1,incomplete
rep04,start_B,5,poisson,-73.75016175922383,147.50032351844766,,bfgs,7,True,4.594191693740868e-12,True,0.18023716980934426,bernoulli,bernoulli,1,incomplete
rep04,start_B,6,bernoulli,-50.49759387978088,100.99518775956176,,bfgs,4,True,2.1316282072803005e-15,True,0.40996127456069237,bernoulli,bernoulli,1,incomplete
rep04,start_B,6,poisson,-74.97148424997758,149.94296849995516,,bfgs,4,True,2.912995511472616e-10,False,0.027562247728438582,bernoulli,bernoulli,1,incomplete
rep04,start_B,7,bernoulli,-51.28992011272619,102.57984022545239,,bfgs,3,True,7.915446076367516e-13,True,0.2761174350174268,bernoulli,bernoulli,1,incomplete
rep04,start_B,7,poisson,-74.99959760512527,149.99919521025055,,bfgs,4,False,1.3204454449855518e-07,False,0.0032758202901857422,bernoulli,bernoulli,1,incomplete
rep04,start_B,8,bernoulli,-42.15883080986204,84.31766161972408,,bfgs,5,True,1.709743457922741e-13,True,1.258080633445257,bernoulli,bernoulli,1,incomplete
rep04,start_B,8,poisson,-71.43706743778412,142.87413487556825,,bfgs,7,True,1.9539925233402757e-15,True,0.29937636317202954,bernoulli,bernoulli,1,incomplete
rep05,start_B,3,bernoulli,-50.65275161061544,101.30550322123088,,bfgs,3,True,1.897233481429339e-11,True,0.38742317686035516,bernoulli,bernoulli,1,completed
rep05,start_B,3,poisson,-74.97071844620478,149.94143689240957,,bfgs,5,True,4.156408550670676e-12,True,0.027762029660168736,bernoulli,bernoulli,1,completed
rep05,start_B,4,bernoulli,-39.716588334839244,79.43317666967849,,bfgs,4,True,3.885780586188048e-15,True,1.4850347258486127,bernoulli,bernoulli,1,completed
rep05,start_B,4,poisson,-73.59898881014185,147.1979776202837,,bfgs,8,True,5.551115123125783e-15,True,0.1834235895986888,bernoulli,bernoulli,1,completed
rep05,start_B,5,bernoulli,-51.82814580050318,103.65629160100636,,bfgs,3,True,3.556521743774965e-12,True,0.13019162483705166,bernoulli,bernoulli,1,completed
rep05,start_B,5,poisson,-74.63383337776561,149.26766675553122,,bfgs,4,True,7.647305011460049e-12,True,0.10075039844274296,bernoulli,bernoulli,1,completed
rep05,start_B,6,bernoulli,-49.76924818706047,99.53849637412094,,bfgs,2,False,1.0640352495761008e-07,False,0.5085786191891336,bernoulli,bernoulli,1,completed
rep05,start_B,6,poisson,-74.89054941722173,149.78109883444347,,bfgs,5,True,1.3389289676979387e-14,True,0.053328880047973364,bernoulli,bernoulli,1,completed
rep05,start_B,7,bernoulli,-51.663881718717974,103.32776343743595,,bfgs,4,True,5.329070518200751e-16,True,0.18658581667081406,bernoulli,bernoulli,1,completed
rep05,start_B,7,poisson,-74.98617198789864,149.9723439757973,,bfgs,5,True,2.90523161083911e-13,True,0.019284159621039226,bernoulli,bernoulli,1,completed
rep05,start_B,8,bernoulli,-41.06415545930819,82.12831091861638,,bfgs,3,True,5.35682609381638e-14,True,1.3584245630800906,bernoulli,bernoulli,1,completed
rep05,start_B,8,poisson,-71.0517364099727,142.1034728199454,,bfgs,5,True,1.8207657603852566e-15,True,0.3373733197540662,bernoulli,bernoulli,1,completed
rep05,start_B,3,bernoulli,-48.70180789831083,97.40361579662166,,bfgs,5,True,5.898419619398964e-09,False,0.674484873053473,bernoulli,bernoulli,2,completed
rep05,start_B,3,poisson,-73.73752972630074,147.47505945260147,,bfgs,11,True,2.559065737095523e-10,False,0.21073039667493107,bernoulli,bernoulli,2,completed
rep05,start_B,4,bernoulli,-38.880039502951355,77.76007900590271,,bfgs,6,True,6.939351315793373e-11,True,1.3578304035361564,bernoulli,bernoulli,2,completed
rep05,start_B,4,poisson,-73.952794262391,147.905588524782,,bfgs,11,True,3.274239102069032e-10,False,0.14638811017311837,bernoulli,bernoulli,2,completed
rep05,start_B,5,bernoulli,-49.52255491034793,99.04510982069586,,bfgs,5,True,4.789910690305987e-11,True,0.5844982490525715,bernoulli,bernoulli,2,completed
rep05,start_B,5,poisson,-72.92989704427418,145.85979408854837,,bfgs,6,True,2.2188757498042834e-10,False,0.24923265709070175,bernoulli,bernoulli,2,completed
rep05,start_B,6,bernoulli,-48.84220078542906,97.68440157085811,,bfgs,4,False,1.2657610941602116e-07,False,0.5920402240120098,bernoulli,bernoulli,2,completed
rep05,start_B,6,poisson,-74.97208229057219,149.94416458114438,,bfgs,10,True,3.6624747679070427e-11,True,0.02625095853557732,bernoulli,bernoulli,2,completed
rep05,start_B,7,bernoulli,-48.612739766692734,97.22547953338547,,bfgs,4,False,1.6908815325678007e-08,False,0.7018728497145683,bernoulli,bernoulli,2,completed
rep05,start_B,7,poisson,-74.73203207128708,149.46406414257416,,bfgs,9,True,1.1947892453179066e-09,False,0.09106948632090524,bernoulli,bernoulli,2,completed
rep05,start_B,8,bernoulli,-41.70954215445017,83.41908430890034,,bfgs,4,False,1.547872114926463e-08,False,1.232187539090808,bernoulli,bernoulli,2,completed
rep05,start_B,8,poisson,-70.64057234907466,141.28114469814932,,bfgs,7,True,3.201172660283191e-12,True,0.3250601283159255,bernoulli,bernoulli,2,completed
rep05,start_B,3,bernoulli,-45.25826733267794,90.51653466535588,,bfgs,6,True,4.916133056198646e-11,True,0.9793363405320367,bernoulli,bernoulli,3,completed
rep05,start_B,3,poisson,-72.91690389671348,145.83380779342696,,bfgs,12,True,2.893468742382055e-10,False,0.2619523792626548,bernoulli,bernoulli,3,completed
rep05,start_B,4,bernoulli,-33.49719904520337,66.99439809040673,,bfgs,7,True,8.401150330961115e-11,True,1.8759215043588826,bernoulli,bernoulli,3,completed
rep05,start_B,4,poisson,-72.68948976946623,145.37897953893247,,bfgs,14,False,4.6787340535203727e-08,False,0.23758005159807918,bernoulli,bernoulli,3,completed
rep05,start_B,5,bernoulli,-48.98850403741867,97.97700807483734,,bfgs,6,False,2.4296960932090884e-08,False,0.6607397018740895,bernoulli,bernoulli,3,completed
rep05,start_B,5,poisson,-72.20715145863888,144.41430291727775,,bfgs,7,True,1.4487744337543517e-12,True,0.31470992383395435,bernoulli,bernoulli,3,completed
rep05,start_B,6,bernoulli,-48.252621872290014,96.50524374458003,,bfgs,7,True,3.197442310920451e-15,True,0.6253764626673336,bernoulli,bernoulli,3,completed
rep05,start_B,6,poisson,-74.85688040913563,149.71376081827125,,bfgs,11,False,2.4039816715060168e-08,False,0.059943552182552894,bernoulli,bernoulli,3,completed
rep05,start_B,7,bernoulli,-48.40441701101973,96.80883402203946,,bfgs,7,True,3.760880495917718e-12,True,0.7292863884173644,bernoulli,bernoulli,3,completed
rep05,start_B,7,poisson,-74.904211847997,149.808423695994,,bfgs,10,True,1.8612311691867943e-11,True,0.05596201944450224,bernoulli,bernoulli,3,completed
rep05,start_B,8,bernoulli,-39.71257543516528,79.42515087033055,,bfgs,7,True,1.2763168300011785e-10,False,1.4545056351303582,bernoulli,bernoulli,3,completed
rep05,start_B,8,poisson,-70.88542995004963,141.77085990009925,,bfgs,14,True,7.00561919586562e-10,False,0.3022509999769066,bernoulli,bernoulli,3,completed
rep05,start_B,3,bernoulli,-45.28189410780457,90.56378821560914,,bfgs,9,True,6.193221324668485e-10,False,0.8974079203871737,bernoulli,bernoulli,4,completed
rep05,start_B,3,poisson,-72.6018905766696,145.2037811533392,,bfgs,13,True,5.315155537921612e-11,True,0.2606453801629069,bernoulli,bernoulli,4,completed
rep05,start_B,4,bernoulli,-29.885907412942515,59.77181482588503,,bfgs,8,True,8.533038164948436e-12,True,2.5123008968517775,bernoulli,bernoulli,4,completed
rep05,start_B,4,poisson,-72.4123341252168,144.8246682504336,,bfgs,21,True,9.316284876881298e-09,False,0.2581093308351016,bernoulli,bernoulli,4,completed
rep05,start_B,5,bernoulli,-48.7854365513457,97.5708731026914,,bfgs,8,True,6.834753429885154e-10,False,0.7148225301938288,bernoulli,bernoulli,4,completed
rep05,start_B,5,poisson,-71.81274580224198,143.62549160448395,,bfgs,13,False,1.4333580686809455e-07,False,0.3244039389230679,bernoulli,bernoulli,4,completed
rep05,start_B,6,bernoulli,-45.735286947077235,91.47057389415447,,bfgs,9,True,2.6187111368258795e-10,False,0.9415402860667198,bernoulli,bernoulli,4,completed
rep05,start_B,6,poisson,-74.47575658983206,148.95151317966412,,bfgs,11,True,8.369289705711935e-11,True,0.17023557359007685,bernoulli,bernoulli,4,completed
rep05,start_B,7,bernoulli,-46.27848871678225,92.5569774335645,,bfgs,8,True,5.7531951425104925e-12,True,0.9382836229608145,bernoulli,bernoulli,4,completed
rep05,start_B,7,poisson,-74.48772313507936,148.97544627015873,,bfgs,12,True,4.4354298012194704e-10,False,0.1656963387043616,bernoulli,bernoulli,4,completed
rep05,start_B,8,bernoulli,-33.14647638282236,66.29295276564471,,bfgs,9,True,2.983885916130191e-11,True,2.2837487621172543,bernoulli,bernoulli,4,completed
rep05,start_B,8,poisson,-69.32751394866214,138.6550278973243,,bfgs,21,False,2.070408411380953e-08,False,0.4079654301482708,bernoulli,bernoulli,4,completed
rep05,start_B,3,bernoulli,-44.0904177054001,88.1808354108002,,bfgs,9,True,1.1314460479638911e-11,True,1.0242902250887265,bernoulli,bernoulli,5,completed
rep05,start_B,3,poisson,-72.65224270361416,145.30448540722833,,bfgs,15,True,1.5044722578849701e-09,False,0.25908915315145714,bernoulli,bernoulli,5,completed
rep05,start_B,4,bernoulli,-26.676053574544973,53.352107149089946,,bfgs,12,True,2.6677779985107006e-10,False,2.905064994503862,bernoulli,bernoulli,5,completed
rep05,start_B,4,poisson,-71.7907273770625,143.581454754125,,bfgs,27,True,8.93259439749272e-09,False,0.28139801054068714,bernoulli,bernoulli,5,completed
rep05,start_B,5,bernoulli,-47.98023830279577,95.96047660559154,,bfgs,8,True,2.693746115056683e-10,False,0.7779964994338395,bernoulli,bernoulli,5,completed
rep05,start_B,5,poisson,-71.99930634867017,143.99861269734035,,bfgs,10,True,6.490461501584833e-11,True,0.30111501007407165,bernoulli,bernoulli,5,completed
rep05,start_B,6,bernoulli,-44.55990124453596,89.11980248907192,,bfgs,9,True,6.708432476187909e-10,False,1.0769662168030283,bernoulli,bernoulli,5,completed
rep05,start_B,6,poisson,-74.10960894447697,148.21921788895395,,bfgs,15,False,3.826953269836508e-08,False,0.2010347445468162,bernoulli,bernoulli,5,completed
rep05,start_B,7,bernoulli,-40.91981790329022,81.83963580658045,,bfgs,9,True,3.4946485705233955e-10,False,1.5744785366410412,bernoulli,bernoulli,5,completed
rep05,start_B,7,poisson,-73.35793812666907,146.71587625333814,,bfgs,14,False,1.981579769605446e-07,False,0.2703682654716936,bernoulli,bernoulli,5,completed
rep05,start_B,8,bernoulli,-33.69438572185551,67.38877144371102,,bfgs,9,True,1.758745926672134e-12,True,1.972303572787108,bernoulli,bernoulli,5,completed
rep05,start_B,8,poisson,-70.04568749890436,140.0913749978087,,bfgs,18,True,9.602065254021852e-09,False,0.3333631961507865,bernoulli,bernoulli,5,completed
rep06,start_B,3,bernoulli,-47.252424905016625,94.50484981003325,,bfgs,5,True,2.0049935045562962e-10,False,0.8081359514922238,bernoulli,bernoulli,1,completed
rep06,start_B,3,poisson,-72.30564880245592,144.61129760491184,,bfgs,5,True,1.7763568394002506e-16,True,0.27884999190387333,bernoulli,bernoulli,1,completed
rep06,start_B,4,bernoulli,-50.04032412602948,100.08064825205896,,bfgs,3,True,4.1411496454202276e-11,True,0.4814623142137785,bernoulli,bernoulli,1,completed
rep06,start_B,4,poisson,-74.98419786239711,149.96839572479422,,bfgs,5,True,7.934541912391069e-13,True,0.020410049509665643,bernoulli,bernoulli,1,completed
rep06,start_B,5,bernoulli,-51.52201236515394,103.04402473030788,,bfgs,4,True,4.67581529051131e-13,True,0.2255160034638305,bernoulli,bernoulli,1,completed
rep06,start_B,5,poisson,-74.95136679071204,149.9027335814241,,bfgs,5,True,2.0327561855992826e-11,True,0.036347185842388115,bernoulli,bernoulli,1,completed
rep06,start_B,6,bernoulli,-51.96550825725128,103.93101651450256,,bfgs,4,True,2.1938006966593093e-14,True,0.0468246884314149,bernoulli,bernoulli,1,completed
rep06,start_B,6,poisson,-74.5927434098229,149.1854868196458,,bfgs,4,True,2.264854970235319e-15,True,0.10670235987281305,bernoulli,bernoulli,1,completed
rep06,start_B,7,bernoulli,-51.62200580916933,103.24401161833866,,bfgs,3,True,2.3747261934659036e-09,False,0.199166413701173,bernoulli,bernoulli,1,completed
rep06,start_B,7,poisson,-74.23723945812522,148.47447891625043,,bfgs,3,True,6.104450278598961e-12,True,0.14692498017502612,bernoulli,bernoulli,1,completed
rep06,start_B,8,bernoulli,-51.639676402367876,103.27935280473575,,bfgs,4,True,1.5099033134902129e-15,True,0.19417256006225747,bernoulli,bernoulli,1,completed
rep06,start_B,8,poisson,-74.25038234772062,148.50076469544123,,bfgs,4,True,7.105427357601002e-16,True,0.14562829594644203,bernoulli,bernoulli,1,completed
rep06,start_B,3,bernoulli,-48.10012149780023,96.20024299560046,,bfgs,4,True,3.411493310068181e-13,True,0.66001454154307,bernoulli,bernoulli,2,completed
rep06,start_B,3,poisson,-72.57402482316715,145.1480496463343,,bfgs,7,True,1.2700969165280186e-10,False,0.24788795496993055,bernoulli,bernoulli,2,completed
rep06,start_B,4,bernoulli,-47.38606807649632,94.77213615299264,,bfgs,7,True,1.1813439115826441e-12,True,0.8597846826011463,bernoulli,bernoulli,2,completed
rep06,start_B,4,poisson,-74.78989554025809,149.57979108051617,,bfgs,9,True,3.021491945531807e-10,False,0.08930261446786508,bernoulli,bernoulli,2,completed
rep06,start_B,5,bernoulli,-50.61385262757285,101.2277052551457,,bfgs,5,True,4.4404302457223824e-11,True,0.421918419157066,bernoulli,bernoulli,2,completed
rep06,start_B,5,poisson,-74.25535547947968,148.51071095895935,,bfgs,8,True,7.693401471442485e-13,True,0.17315498563627385,bernoulli,bernoulli,2,completed
rep06,start_B,6,bernoulli,-51.29764936636151,102.59529873272302,,bfgs,5,True,2.2805757282640114e-12,True,0.3322029997564863,bernoulli,bernoulli,2,completed
rep06,start_B,6,poisson,-73.97198837195417,147.94397674390834,,bfgs,7,True,8.409628549088665e-12,True,0.19156590572817997,bernoulli,bernoulli,2,completed
rep06,start_B,7,bernoulli,-49.06132521694693,98.12265043389387,,bfgs,4,True,1.6709922334712247e-11,True,0.6709525877030403,bernoulli,bernoulli,2,completed
rep06,start_B,7,poisson,-73.96746314765846,147.93492629531693,,bfgs,9,False,1.1791437132258054e-07,False,0.1598271307578116,bernoulli,bernoulli,2,completed
rep06,start_B,8,bernoulli,-45.44759961468965,90.8951992293793,,bfgs,5,True,3.7116052453711743e-10,False,1.1035456993134154,bernoulli,bernoulli,2,completed
rep06,start_B,8,poisson,-73.45361661333655,146.9072332266731,,bfgs,8,True,8.686592423146066e-09,False,0.2105031986301722,bernoulli,bernoulli,2,completed
rep06,start_B,3,bernoulli,-45.45363869295864,90.90727738591728,,bfgs,6,True,3.7171584921225075e-09,False,1.049832189768255,bernoulli,bernoulli,3,completed
rep06,start_B,3,poisson,-71.4036088072899,142.8072176145798,,bfgs,10,False,3.046956553731661e-08,False,0.3430741499288204,bernoulli,bernoulli,3,completed
rep06,start_B,4,bernoulli,-44.07351768014295,88.1470353602859,,bfgs,8,True,8.318179478550292e-13,True,1.271300777512102,bernoulli,bernoulli,3,completed
rep06,start_B,4,poisson,-74.48331104688478,148.96662209376956,,bfgs,14,True,3.3044305070006884e-10,False,0.14139589357660806,bernoulli,bernoulli,3,completed
rep06,start_B,5,bernoulli,-49.75230066129682,99.50460132259364,,bfgs,6,False,2.348344867453278e-07,False,0.5532010950619327,bernoulli,bernoulli,3,completed
rep06,start_B,5,poisson,-73.79785028389566,147.5957005677913,,bfgs,10,True,9.039409221145433e-11,True,0.2240565948600742,bernoulli,bernoulli,3,completed
rep06,start_B,6,bernoulli,-51.043505628692984,102.08701125738597,,bfgs,6,True,8.731140255235914e-11,True,0.3881802175186845,bernoulli,bernoulli,3,completed
rep06,start_B,6,poisson,-73.73096177633258,147.46192355266516,,bfgs,8,True,4.744933335132373e-11,True,0.21634861204960687,bernoulli,bernoulli,3,completed
rep06,start_B,7,bernoulli,-49.170888428041906,98.34177685608381,,bfgs,7,True,2.769231510768577e-10,False,0.6484408631487949,bernoulli,bernoulli,3,completed
rep06,start_B,7,poisson,-73.793671105146,147.587342210292,,bfgs,12,True,9.93676285698797e-10,False,0.17312098318507405,bernoulli,bernoulli,3,completed
rep06,start_B,8,bernoulli,-42.8433315442445,85.686663088489,,bfgs,6,True,1.79069381545105e-10,False,1.4048102901737054,bernoulli,bernoulli,3,completed
rep06,start_B,8,poisson,-72.65027997669725,145.3005599533945,,bfgs,8,True,5.164757510556228e-10,False,0.27341517808231447,bernoulli,bernoulli,3,completed
rep06,start_B,3,bernoulli,-46.460966134266855,92.92193226853371,,bfgs,8,True,9.21542366860706e-09,False,0.8401471208159307,bernoulli,bernoulli,4,completed
rep06,start_B,3,poisson,-71.3585579879752,142.7171159759504,,bfgs,13,True,1.1351164452833018e-10,False,0.3124599626884221,bernoulli,bernoulli,4,completed
rep06,start_B,4,bernoulli,-43.83577125256991,87.67154250513983,,bfgs,10,True,6.894962378822811e-12,True,1.2024443606525483,bernoulli,bernoulli,4,completed
rep06,start_B,4,poisson,-73.73139274561166,147.46278549122331,,bfgs,11,True,7.189910888882878e-11,True,0.24864149723403928,bernoulli,bernoulli,4,completed
rep06,start_B,5,bernoulli,-48.869098283858435,97.73819656771687,,bfgs,10,True,3.7384539908202896e-11,True,0.6426551264475832,bernoulli,bernoulli,4,completed
rep06,start_B,5,poisson,-73.40372933104052,146.80745866208105,,bfgs,11,True,7.480123187519893e-11,True,0.22930835917278766,bernoulli,bernoulli,4,completed
rep06,start_B,6,bernoulli,-50.938554492673724,101.87710898534745,,bfgs,8,True,3.4422709127568396e-10,False,0.35059184297444107,bernoulli,bernoulli,4,completed
rep06,start_B,6,poisson,-73.167751879874,146.335503759748,,bfgs,9,True,1.3499636963842931e-09,False,0.24368654138246684,bernoulli,bernoulli,4,completed
rep06,start_B,7,bernoulli,-47.33343746085136,94.66687492170271,,bfgs,9,True,2.6013697529414514e-09,False,0.8911068124333918,bernoulli,bernoulli,4,completed
rep06,start_B,7,poisson,-72.21353305472323,144.42706610944646,,bfgs,12,False,1.1841237723686503e-08,False,0.33055080934249526,bernoulli,bernoulli,4,completed
rep06,start_B,8,bernoulli,-41.61776601194263,83.23553202388526,,bfgs,10,True,1.1018492784842237e-10,False,1.3770352249438862,bernoulli,bernoulli,4,completed
rep06,start_B,8,poisson,-71.22177663662026,142.44355327324052,,bfgs,10,True,1.2272796112711148e-09,False,0.35820505154768506,bernoulli,bernoulli,4,completed
rep06,start_B,3,bernoulli,-43.270680220648515,86.54136044129703,,bfgs,11,True,4.822169330509496e-11,True,1.188094006577845,bernoulli,bernoulli,5,completed
rep06,start_B,3,poisson,-70.17950421546216,140.35900843092432,,bfgs,13,True,1.3233272255774863e-10,False,0.3707066615589452,bernoulli,bernoulli,5,completed
rep06,start_B,4,bernoulli,-41.07896849248973,82.15793698497946,,bfgs,9,True,1.973280872036298e-10,False,1.4557992664361505,bernoulli,bernoulli,5,completed
rep06,start_B,4,poisson,-73.23476041777018,146.46952083554035,,bfgs,14,False,1.3020939714225578e-07,False,0.2691243201879357,bernoulli,bernoulli,5,completed
rep06,start_B,5,bernoulli,-49.27220820341425,98.5444164068285,,bfgs,10,True,1.4702639106189964e-11,True,0.5705986195875148,bernoulli,bernoulli,5,completed
rep06,start_B,5,poisson,-73.61301310563319,147.22602621126637,,bfgs,13,True,2.3352511924201736e-09,False,0.21245667496387627,bernoulli,bernoulli,5,completed
rep06,start_B,6,bernoulli,-50.53495786898617,101.06991573797234,,bfgs,10,True,3.1872197103766098e-09,False,0.4612616083188382,bernoulli,bernoulli,5,completed
rep06,start_B,6,poisson,-73.55987226050696,147.11974452101393,,bfgs,14,True,9.815745283248133e-09,False,0.19377096881060163,bernoulli,bernoulli,5,completed
rep06,start_B,7,bernoulli,-46.33211723522961,92.66423447045922,,bfgs,9,True,2.2782440600721542e-09,False,0.9746266232555842,bernoulli,bernoulli,5,completed
rep06,start_B,7,poisson,-72.66625395582264,145.33250791164528,,bfgs,15,True,9.840613879319448e-11,True,0.27147374959272896,bernoulli,bernoulli,5,completed
rep06,start_B,8,bernoulli,-44.42757554805098,88.85515109610196,,bfgs,10,True,6.705871413714703e-11,True,1.0436153708968647,bernoulli,bernoulli,5,completed
rep06,start_B,8,poisson,-72.86732012976228,145.73464025952455,,bfgs,13,True,2.222484418723525e-11,True,0.21883932645164503,bernoulli,bernoulli,5,completed
rep07,start_B,3,bernoulli,-48.12082000738276,96.24164001476552,,bfgs,4,True,4.890514659905421e-11,True,0.6961419095491233,bernoulli,bernoulli,1,completed
rep07,start_B,3,poisson,-73.26880118211133,146.53760236422266,,bfgs,7,True,3.237410339806957e-14,True,0.21895624698342323,bernoulli,bernoulli,1,completed
rep07,start_B,4,bernoulli,-51.799511339670154,103.59902267934031,,bfgs,4,True,0.0,True,0.14158729840771375,bernoulli,bernoulli,1,completed
rep07,start_B,4,poisson,-74.9839505930963,149.9679011861926,,bfgs,5,True,3.108624468950438e-16,True,0.02075570334740662,bernoulli,bernoulli,1,completed
rep07,start_B,5,bernoulli,-49.46412848255104,98.92825696510208,,bfgs,5,True,5.329070518200751e-16,True,0.5463869518357282,bernoulli,bernoulli,1,completed
rep07,start_B,5,poisson,-73.71069732619878,147.42139465239757,,bfgs,4,True,6.405915797813577e-11,True,0.18886078427160777,bernoulli,bernoulli,1,completed
rep07,start_B,6,bernoulli,-46.342288030785866,92.68457606157173,,bfgs,4,True,6.066258606551855e-14,True,0.874776207675745,bernoulli,bernoulli,1,completed
rep07,start_B,6,poisson,-72.73593435983392,145.47186871966784,,bfgs,6,True,2.616573624436569e-13,True,0.25034788472740194,bernoulli,bernoulli,1,completed
rep07,start_B,7,bernoulli,-46.32646877762639,92.65293755525278,,bfgs,4,True,8.036913357045706e-11,True,0.876311607368523,bernoulli,bernoulli,1,completed
rep07,start_B,7,poisson,-74.37217448719255,148.7443489743851,,bfgs,7,True,8.704148513061228e-15,True,0.12603267026251996,bernoulli,bernoulli,1,completed
rep07,start_B,8,bernoulli,-51.32559964730567,102.65119929461135,,bfgs,3,True,5.656808355070098e-12,True,0.26900321347744366,bernoulli,bernoulli,1,completed
rep07,start_B,8,poisson,-74.99611505112784,149.9922301022557,,bfgs,5,False,7.300821227573807e-08,False,0.010160896950020508,bernoulli,bernoulli,1,completed
rep07,start_B,3,bernoulli,-47.524105630763714,95.04821126152743,,bfgs,5,True,1.984412634215005e-12,True,0.7500285796873486,bernoulli,bernoulli,2,completed
rep07,start_B,3,poisson,-72.8324462763039,145.6648925526078,,bfgs,6,True,4.5720049968167584e-11,True,0.2462216206204762,bernoulli,bernoulli,2,completed
rep07,start_B,4,bernoulli,-50.947572357134845,101.89514471426969,,bfgs,4,True,8.340100432491227e-09,False,0.3396530609322536,bernoulli,bernoulli,2,completed
rep07,start_B,4,poisson,-74.52817990849294,149.0563598169859,,bfgs,6,True,1.0305780673292019e-10,False,0.11459769547270154,bernoulli,bernoulli,2,completed
rep07,start_B,5,bernoulli,-40.79782082326923,81.59564164653845,,bfgs,6,True,4.5348849120330217e-10,False,1.309124534817775,bernoulli,bernoulli,2,completed
rep07,start_B,5,poisson,-70.87291047706051,141.74582095412103,,bfgs,7,True,7.384315381386841e-13,True,0.3410104677610055,bernoulli,bernoulli,2,completed
rep07,start_B,6,bernoulli,-46.23285058817315,92.4657011763463,,bfgs,5,True,1.7401569074593225e-11,True,0.875663365603399,bernoulli,bernoulli,2,completed
rep07,start_B,6,poisson,-72.418100716314,144.836201432628,,bfgs,9,True,3.581135388230905e-13,True,0.2689447565366353,bernoulli,bernoulli,2,completed
rep07,start_B,7,bernoulli,-44.607247140808134,89.21449428161627,,bfgs,5,True,1.1915006759011247e-10,False,1.0152002817947106,bernoulli,bernoulli,2,completed
rep07,start_B,7,poisson,-73.47968187527317,146.95936375054634,,bfgs,8,True,5.734262398249257e-10,False,0.20100575725901393,bernoulli,bernoulli,2,completed
rep07,start_B,8,bernoulli,-47.908577260790004,95.81715452158001,,bfgs,5,True,4.88139395571352e-10,False,0.7149239788782209,bernoulli,bernoulli,2,completed
rep07,start_B,8,poisson,-73.7033414954975,147.406682990995,,bfgs,6,True,1.7472423508024804e-11,True,0.18967013114080034,bernoulli,bernoulli,2,completed
rep07,start_B,3,bernoulli,-46.170416429586,92.340832859172,,bfgs,6,True,3.1544769019120624e-10,False,0.9255512540411718,bernoulli,bernoulli,3,completed
rep07,start_B,3,poisson,-72.36355829830573,144.72711659661147,,bfgs,10,False,1.850208342091264e-08,False,0.28055638063121624,bernoulli,bernoulli,3,completed
rep07,start_B,4,bernoulli,-46.048889803024665,92.09777960604933,,bfgs,7,True,2.9736213491560194e-13,True,1.0366572666990106,bernoulli,bernoulli,3,completed
rep07,start_B,4,poisson,-73.0679088252928,146.1358176505856,,bfgs,9,True,1.049402054142945e-09,False,0.26233997425579386,bernoulli,bernoulli,3,completed
rep07,start_B,5,bernoulli,-35.04247638022902,70.08495276045804,,bfgs,8,True,1.2604068899690902e-10,False,2.069254855211183,bernoulli,bernoulli,3,completed
rep07,start_B,5,poisson,-70.38568579204131,140.77137158408263,,bfgs,14,True,6.369525529237308e-09,False,0.35049091848101827,bernoulli,bernoulli,3,completed
rep07,start_B,6,bernoulli,-45.661175356031855,91.32235071206371,,bfgs,7,True,6.54141185663093e-11,True,0.8763901350280825,bernoulli,bernoulli,3,completed
rep07,start_B,6,poisson,-72.39788148964325,144.7957629792865,,bfgs,10,True,1.156313800265707e-09,False,0.2518239360384736,bernoulli,bernoulli,3,completed
rep07,start_B,7,bernoulli,-42.99224952824612,85.98449905649224,,bfgs,7,True,9.268141809570806e-14,True,1.1237882919346462,bernoulli,bernoulli,3,completed
rep07,start_B,7,poisson,-73.39805476226547,146.79610952453095,,bfgs,10,False,1.4837591322258703e-08,False,0.19863394522463748,bernoulli,bernoulli,3,completed
rep07,start_B,8,bernoulli,-46.66041608120511,93.32083216241023,,bfgs,5,False,4.319386173179396e-08,False,0.8554639024533701,bernoulli,bernoulli,3,completed
rep07,start_B,8,poisson,-73.31343674370434,146.6268734874087,,bfgs,11,True,2.63188315585694e-09,False,0.2218452452517697,bernoulli,bernoulli,3,completed
rep07,start_B,3,bernoulli,-46.34325280136777,92.68650560273554,,bfgs,9,True,8.369083204229355e-13,True,0.8259296547345346,bernoulli,bernoulli,4,completed
rep07,start_B,3,poisson,-72.08258447181619,144.16516894363238,,bfgs,11,True,9.172087001019236e-09,False,0.29474076148280887,bernoulli,bernoulli,4,completed
rep07,start_B,4,bernoulli,-38.19265996030911,76.38531992061822,,bfgs,9,True,4.615419157971701e-13,True,1.9184310451264344,bernoulli,bernoulli,4,completed
rep07,start_B,4,poisson,-72.89517651088154,145.79035302176308,,bfgs,14,True,8.979732746272617e-09,False,0.25234715207282427,bernoulli,bernoulli,4,completed
rep07,start_B,5,bernoulli,-34.493482335814505,68.98696467162901,,bfgs,9,True,1.5336804048970975e-11,True,1.9511420240548034,bernoulli,bernoulli,4,completed
rep07,start_B,5,poisson,-68.86487872959117,137.72975745918234,,bfgs,17,False,2.989810947706672e-08,False,0.4408538488293044,bernoulli,bernoulli,4,completed
rep07,start_B,6,bernoulli,-44.82465563126233,89.64931126252466,,bfgs,9,True,1.1375334008079108e-10,False,0.9523567888034479,bernoulli,bernoulli,4,completed
rep07,start_B,6,poisson,-72.27116116005574,144.54232232011148,,bfgs,13,True,2.5322670182958975e-09,False,0.2517450987289448,bernoulli,bernoulli,4,completed
rep07,start_B,7,bernoulli,-36.392060719663256,72.78412143932651,,bfgs,9,True,2.3642621194142065e-11,True,2.0713148759569298,bernoulli,bernoulli,4,completed
rep07,start_B,7,poisson,-73.17916944128095,146.3583388825619,,bfgs,19,False,2.9095211662166776e-07,False,0.2052515106871037,bernoulli,bernoulli,4,completed
rep07,start_B,8,bernoulli,-46.61426475601619,93.22852951203238,,bfgs,9,True,2.41140440948584e-14,True,0.7826941053861017,bernoulli,bernoulli,4,completed
rep07,start_B,8,poisson,-72.7663936019895,145.532787203979,,bfgs,12,True,2.941710697257349e-09,False,0.26058520882638064,bernoulli,bernoulli,4,completed
rep07,start_B,3,bernoulli,-42.95120317419403,85.90240634838806,,bfgs,9,True,1.17725318382611e-10,False,1.2233674231274674,bernoulli,bernoulli,5,completed
rep07,start_B,3,poisson,-70.94352020953707,141.88704041907414,,bfgs,14,True,4.2694382473840164e-09,False,0.35363181928575016,bernoulli,bernoulli,5,completed
rep07,start_B,4,bernoulli,-39.09171819278494,78.18343638556988,,bfgs,9,True,1.6137295943963181e-09,False,1.9570526761352225,bernoulli,bernoulli,5,completed
rep07,start_B,4,poisson,-72.06582893277235,144.1316578655447,,bfgs,14,True,4.826727684204002e-09,False,0.3525357577184841,bernoulli,bernoulli,5,completed
rep07,start_B,5,bernoulli,-34.456602582329744,68.91320516465949,,bfgs,9,True,9.828163172187488e-10,False,1.8253898630777368,bernoulli,bernoulli,5,completed
rep07,start_B,5,poisson,-69.44275239246103,138.88550478492206,,bfgs,17,False,2.2395952381515372e-07,False,0.37644958366201187,bernoulli,bernoulli,5,completed
rep07,start_B,6,bernoulli,-43.220911973749494,86.44182394749899,,bfgs,10,True,6.653277928592161e-12,True,1.0765199625977502,bernoulli,bernoulli,5,completed
rep07,start_B,6,poisson,-72.04937834193797,144.09875668387593,,bfgs,13,True,6.479600411779529e-10,False,0.2417881378050132,bernoulli,bernoulli,5,completed
rep07,start_B,7,bernoulli,-36.33317279239368,72.66634558478736,,bfgs,9,True,1.567244112266053e-11,True,1.9393814396380125,bernoulli,bernoulli,5,completed
rep07,start_B,7,poisson,-72.70929872481035,145.4185974496207,,bfgs,19,False,2.289989445153351e-08,False,0.2346922171800926,bernoulli,bernoulli,5,completed
rep07,start_B,8,bernoulli,-46.13195605992068,92.26391211984136,,bfgs,10,True,1.1373302299944044e-11,True,0.8626025125500125,bernoulli,bernoulli,5,completed
rep07,start_B,8,poisson,-72.4659290071546,144.9318580143092,,bfgs,15,True,1.771240043524358e-10,False,0.27740563739216634,bernoulli,bernoulli,5,completed
rep08,start_B,3,bernoulli,-51.54270855782126,103.08541711564251,,bfgs,3,True,2.6299851185740408e-11,True,0.21948715262121488,bernoulli,bernoulli,1,completed
rep08,start_B,3,poisson,-74.67321940446132,149.34643880892264,,bfgs,5,True,1.6959792681348062e-09,False,0.09273778431339333,bernoulli,bernoulli,1,completed
rep08,start_B,4,bernoulli,-50.40470274874012,100.80940549748024,,bfgs,4,True,1.18337029064719e-09,False,0.4246393590467283,bernoulli,bernoulli,1,completed
rep08,start_B,4,poisson,-74.85502568278676,149.71005136557352,,bfgs,5,True,2.4868995751603505e-15,True,0.06221733152283736,bernoulli,bernoulli,1,completed
rep08,start_B,5,bernoulli,-49.306932599570416,98.61386519914083,,bfgs,3,True,6.217248937900876e-16,True,0.5659210140470238,bernoulli,bernoulli,1,completed
rep08,start_B,5,poisson,-74.6839484763037,149.3678969526074,,bfgs,5,True,1.7763568394002505e-15,True,0.09179580827887852,bernoulli,bernoulli,1,completed
rep08,start_B,6,bernoulli,-47.853390988402055,95.70678197680411,,bfgs,5,True,3.4850695662669296e-10,False,0.725604250549113,bernoulli,bernoulli,1,completed
rep08,start_B,6,poisson,-74.44304656962427,148.88609313924854,,bfgs,6,True,1.7070789226636406e-13,True,0.1216837792113019,bernoulli,bernoulli,1,completed
rep08,start_B,7,bernoulli,-51.03635258631121,102.07270517262242,,bfgs,3,True,5.045545781179328e-09,False,0.3246910825779243,bernoulli,bernoulli,1,completed
rep08,start_B,7,poisson,-74.94102964323041,149.88205928646082,,bfgs,4,True,1.495603640933041e-12,True,0.03968546193395362,bernoulli,bernoulli,1,completed
rep08,start_B,8,bernoulli,-51.97101080403684,103.94202160807367,,bfgs,4,True,1.7763568394002506e-16,True,0.04004952872767059,bernoulli,bernoulli,1,completed
rep08,start_B,8,poisson,-74.96762668269685,149.9352533653937,,bfgs,4,False,2.4914306830936537e-07,False,0.029342073405453334,bernoulli,bernoulli,1,completed
rep08,start_B,3,bernoulli,-42.34340457824005,84.6868091564801,,bfgs,6,True,1.197619781123649e-12,True,1.2301273872270961,bernoulli,bernoulli,2,completed
rep08,start_B,3,poisson,-73.40099550613623,146.80199101227245,,bfgs,9,True,4.051869950671971e-13,True,0.2047402924331211,bernoulli,bernoulli,2,completed
rep08,start_B,4,bernoulli,-49.82720209785917,99.65440419571834,,bfgs,5,True,2.630784479151771e-13,True,0.49769221381381307,bernoulli,bernoulli,2,completed
rep08,start_B,4,poisson,-74.43765398379614,148.87530796759228,,bfgs,7,True,1.0471082334539973e-12,True,0.120750200352867,bernoulli,bernoulli,2,completed
rep08,start_B,5,bernoulli,-49.68912282589049,99.37824565178099,,bfgs,6,True,6.003975094870384e-11,True,0.5139456759158634,bernoulli,bernoulli,2,completed
rep08,start_B,5,poisson,-74.56564242712435,149.1312848542487,,bfgs,11,True,2.356521297541825e-10,False,0.10494411033134902,bernoulli,bernoulli,2,completed
rep08,start_B,6,bernoulli,-47.02280749521409,94.04561499042818,,bfgs,5,True,3.218678656935481e-11,True,0.8076509055208166,bernoulli,bernoulli,2,completed
rep08,start_B,6,poisson,-74.25195726434534,148.50391452869067,,bfgs,9,True,5.214029874522907e-10,False,0.13844892824467087,bernoulli,bernoulli,2,completed
rep08,start_B,7,bernoulli,-51.30315124818503,102.60630249637006,,bfgs,6,True,6.697508658781714e-11,True,0.2700161940829599,bernoulli,bernoulli,2,completed
rep08,start_B,7,poisson,-74.90697527693666,149.81395055387333,,bfgs,6,True,5.6365356826404424e-12,True,0.04893911640604186,bernoulli,bernoulli,2,completed
rep08,start_B,8,bernoulli,-51.65314721267059,103.30629442534118,,bfgs,6,True,7.540634783254064e-14,True,0.1927873400823349,bernoulli,bernoulli,2,completed
rep08,start_B,8,poisson,-74.73505467111397,149.47010934222794,,bfgs,5,True,2.305595714346964e-10,False,0.08684980346079592,bernoulli,bernoulli,2,completed
rep08,start_B,3,bernoulli,-39.06014798584581,78.12029597169162,,bfgs,5,True,2.035775992226263e-11,True,1.5035716363808986,bernoulli,bernoulli,3,completed
rep08,start_B,3,poisson,-72.75754643089424,145.51509286178847,,bfgs,13,True,3.4557871675389153e-09,False,0.23313321152288974,bernoulli,bernoulli,3,completed
rep08,start_B,4,bernoulli,-48.26308433646962,96.52616867293924,,bfgs,7,True,1.631299539894826e-11,True,0.6923202802685704,bernoulli,bernoulli,3,completed
rep08,start_B,4,poisson,-73.96105918650834,147.92211837301667,,bfgs,9,True,2.1043167208745218e-13,True,0.17220246817722992,bernoulli,bernoulli,3,completed
rep08,start_B,5,bernoulli,-37.302472351570295,74.60494470314059,,bfgs,7,True,1.8346213437325786e-12,True,1.8140634898818646,bernoulli,bernoulli,3,completed
rep08,start_B,5,poisson,-72.75217806396259,145.50435612792518,,bfgs,14,False,1.4004290531562103e-08,False,0.2372963277228844,bernoulli,bernoulli,3,completed
rep08,start_B,6,bernoulli,-44.43922825681821,88.87845651363642,,bfgs,7,True,1.1832179680482113e-10,False,1.0768375075089038,bernoulli,bernoulli,3,completed
rep08,start_B,6,poisson,-73.33766093622397,146.67532187244794,,bfgs,10,True,3.247180302423658e-13,True,0.21711660404225389,bernoulli,bernoulli,3,completed
rep08,start_B,7,bernoulli,-46.479898132375446,92.95979626475089,,bfgs,6,False,2.501571989332874e-07,False,0.8881419259564702,bernoulli,bernoulli,3,completed
rep08,start_B,7,poisson,-74.14414667112933,148.28829334225867,,bfgs,11,True,3.2212531309028237e-09,False,0.15113713170369997,bernoulli,bernoulli,3,completed
rep08,start_B,8,bernoulli,-51.33410107778102,102.66820215556204,,bfgs,8,True,3.165945283711835e-11,True,0.27456377422742023,bernoulli,bernoulli,3,completed
rep08,start_B,8,poisson,-74.60700196733869,149.21400393467738,,bfgs,7,True,3.8137137892135796e-11,True,0.10598909031064872,bernoulli,bernoulli,3,completed
rep08,start_B,3,bernoulli,-37.500626946865125,75.00125389373025,,bfgs,8,True,1.2875034371973015e-12,True,1.733901201543986,bernoulli,bernoulli,4,completed
rep08,start_B,3,poisson,-71.76200552695998,143.52401105391996,,bfgs,16,False,5.957274789025746e-08,False,0.3250829109107033,bernoulli,bernoulli,4,completed
rep08,start_B,4,bernoulli,-44.964435349169435,89.92887069833887,,bfgs,8,True,5.209794728955331e-09,False,1.2861359876619536,bernoulli,bernoulli,4,completed
rep08,start_B,4,poisson,-73.8537296006239,147.7074592012478,,bfgs,12,True,2.63879242901055e-09,False,0.19647242727777015,bernoulli,bernoulli,4,completed
rep08,start_B,5,bernoulli,-33.282715433293525,66.56543086658705,,bfgs,9,True,6.23714413450216e-11,True,2.3376901025979673,bernoulli,bernoulli,4,completed
rep08,start_B,5,poisson,-72.50667687847526,145.01335375695052,,bfgs,24,False,2.999857754287794e-08,False,0.25442068722201006,bernoulli,bernoulli,4,completed
rep08,start_B,6,bernoulli,-43.72458659533051,87.44917319066101,,bfgs,7,True,7.36260830080937e-11,True,1.1478007288085252,bernoulli,bernoulli,4,completed
rep08,start_B,6,poisson,-73.36703591618755,146.7340718323751,,bfgs,11,True,7.367901844190783e-11,True,0.2010210673489892,bernoulli,bernoulli,4,completed
rep08,start_B,7,bernoulli,-47.240192776976855,94.48038555395371,,bfgs,8,True,3.985922703009237e-13,True,0.7617643200744051,bernoulli,bernoulli,4,completed
rep08,start_B,7,poisson,-74.22394990571317,148.44789981142634,,bfgs,14,True,8.156559316851997e-10,False,0.13702743807452714,bernoulli,bernoulli,4,completed
rep08,start_B,8,bernoulli,-49.98413780669374,99.96827561338748,,bfgs,8,True,4.767868544419685e-10,False,0.6172579842667769,bernoulli,bernoulli,4,completed
rep08,start_B,8,poisson,-73.85463409607488,147.70926819214975,,bfgs,9,True,2.4669049025760613e-10,False,0.22964388041862085,bernoulli,bernoulli,4,completed
rep08,start_B,3,bernoulli,-36.499011523354376,72.99802304670875,,bfgs,10,True,2.205702287483291e-12,True,1.7640084904379747,bernoulli,bernoulli,5,completed
rep08,start_B,3,poisson,-71.92413592391841,143.84827184783683,,bfgs,13,False,6.046441187734786e-08,False,0.3093890983531149,bernoulli,bernoulli,5,completed
rep08,start_B,4,bernoulli,-46.5877088749336,93.1754177498672,,bfgs,10,True,2.2014328138197924e-10,False,0.9043453899292976,bernoulli,bernoulli,5,completed
rep08,start_B,4,poisson,-73.66565706941032,147.33131413882063,,bfgs,14,True,4.2986351589391346e-09,False,0.1870037726988187,bernoulli,bernoulli,5,completed
rep08,start_B,5,bernoulli,-35.015512846594696,70.03102569318939,,bfgs,8,False,5.403414262694639e-08,False,1.984227324509786,bernoulli,bernoulli,5,completed
rep08,start_B,5,poisson,-72.8656802600132,145.7313605200264,,bfgs,20,False,3.2257413001834936e-08,False,0.21081027754219503,bernoulli,bernoulli,5,completed
rep08,start_B,6,bernoulli,-43.01742430046297,86.03484860092594,,bfgs,8,True,8.714720556302069e-09,False,1.1651947319904348,bernoulli,bernoulli,5,completed
rep08,start_B,6,poisson,-72.89792306123864,145.7958461224773,,bfgs,13,True,5.237095646037915e-10,False,0.24280195523177267,bernoulli,bernoulli,5,completed
rep08,start_B,7,bernoulli,-35.38421963842541,70.76843927685081,,bfgs,9,True,5.570561789625117e-11,True,2.4141538702934366,bernoulli,bernoulli,5,completed
rep08,start_B,7,poisson,-72.74782963758511,145.49565927517023,,bfgs,23,False,3.747842303170046e-08,False,0.2983437847810364,bernoulli,bernoulli,5,completed
rep08,start_B,8,bernoulli,-50.29589427941579,100.59178855883158,,bfgs,9,True,9.216858387617322e-11,True,0.5095001381015456,bernoulli,bernoulli,5,completed
rep08,start_B,8,poisson,-73.98952362126713,147.97904724253425,,bfgs,10,True,3.9526515394072704e-11,True,0.1817229304821657,bernoulli,bernoulli,5,completed
rep09,start_B,3,bernoulli,-51.97618007056366,103.95236014112731,,bfgs,3,True,1.5388579299724369e-12,True,0.03243299113266892,bernoulli,bernoulli,1,completed
rep09,start_B,3,poisson,-74.52795189176436,149.05590378352872,,bfgs,4,True,2.9325875061658737e-12,True,0.11338048699396176,bernoulli,bernoulli,1,completed
rep09,start_B,4,bernoulli,-51.19331214920447,102.38662429840895,,bfgs,3,True,4.880740256396621e-12,True,0.2944933696451277,bernoulli,bernoulli,1,completed
rep09,start_B,4,poisson,-74.96372787951805,149.9274557590361,,bfgs,5,True,6.383839767920562e-09,False,0.0312137770760053,bernoulli,bernoulli,1,completed
rep09,start_B,5,bernoulli,-51.955557413344785,103.91111482668957,,bfgs,4,True,7.105427357601002e-16,True,0.05704790657267159,bernoulli,bernoulli,1,completed
rep09,start_B,5,poisson,-74.69882781433941,149.39765562867882,,bfgs,4,True,2.227125150966458e-11,True,0.09042532108071079,bernoulli,bernoulli,1,completed
rep09,start_B,6,bernoulli,-51.868860438881484,103.73772087776297,,bfgs,4,True,7.182612948852806e-10,False,0.112006942204429,bernoulli,bernoulli,1,completed
rep09,start_B,6,poisson,-74.34419611151381,148.68839222302762,,bfgs,3,True,5.346834086594754e-14,True,0.133785252599176,bernoulli,bernoulli,1,completed
rep09,start_B,7,bernoulli,-50.92074152523672,101.84148305047344,,bfgs,4,True,1.1191048088221578e-14,True,0.34289476596231805,bernoulli,bernoulli,1,completed
rep09,start_B,7,poisson,-73.66302165283598,147.32604330567196,,bfgs,5,True,5.329070518200751e-16,True,0.19135884206735454,bernoulli,bernoulli,1,completed
rep09,start_B,8,bernoulli,-50.75575294642453,101.51150589284906,,bfgs,4,True,2.0509727249873323e-11,True,0.3694799075897599,bernoulli,bernoulli,1,completed
rep09,start_B,8,poisson,-73.57290410006215,147.1458082001243,,bfgs,4,True,3.5332448078406744e-11,True,0.19771732465902553,bernoulli,bernoulli,1,completed
rep09,start_B,3,bernoulli,-48.51569367407581,97.03138734815163,,bfgs,5,True,6.967154186909852e-09,False,0.6646400584636536,bernoulli,bernoulli,2,completed
rep09,start_B,3,poisson,-74.40247687280694,148.8049537456139,,bfgs,9,True,5.275035519503035e-10,False,0.12477601806359587,bernoulli,bernoulli,2,completed
rep09,start_B,4,bernoulli,-51.3321390151047,102.6642780302094,,bfgs,6,True,8.27636625899686e-11,True,0.2613789114120478,bernoulli,bernoulli,2,completed
rep09,start_B,4,poisson,-74.72070573133455,149.4414114626691,,bfgs,8,True,2.7337243579950155e-12,True,0.08915748115755846,bernoulli,bernoulli,2,completed
rep09,start_B,5,bernoulli,-44.830841937993085,89.66168387598617,,bfgs,5,True,4.398721387133264e-11,True,1.0231122114334696,bernoulli,bernoulli,2,completed
rep09,start_B,5,poisson,-71.48078709144724,142.96157418289448,,bfgs,10,True,5.45981038158061e-12,True,0.3210043078885157,bernoulli,bernoulli,2,completed
rep09,start_B,6,bernoulli,-47.700128647435044,95.40025729487009,,bfgs,5,True,1.9550583374439155e-12,True,0.7482149291498295,bernoulli,bernoulli,2,completed
rep09,start_B,6,poisson,-72.33807272905719,144.67614545811438,,bfgs,8,True,8.507186066708527e-11,True,0.2799582298349038,bernoulli,bernoulli,2,completed
rep09,start_B,7,bernoulli,-43.960156297186394,87.92031259437279,,bfgs,5,True,6.554987663776047e-11,True,1.1124011351231315,bernoulli,bernoulli,2,completed
rep09,start_B,7,poisson,-73.42150541658671,146.84301083317342,,bfgs,9,True,4.556355293061642e-14,True,0.2018504415421031,bernoulli,bernoulli,2,completed
rep09,start_B,8,bernoulli,-50.24114567607224,100.48229135214449,,bfgs,6,True,2.935109932877822e-11,True,0.44588784935776,bernoulli,bernoulli,2,completed
rep09,start_B,8,poisson,-73.02252101718595,146.0450420343719,,bfgs,5,True,5.967667782158514e-09,False,0.23950278510784623,bernoulli,bernoulli,2,completed
rep09,start_B,3,bernoulli,-47.990969504432485,95.98193900886497,,bfgs,7,True,5.882316855831959e-12,True,0.7000097426943052,bernoulli,bernoulli,3,completed
rep09,start_B,3,poisson,-74.40232462113376,148.80464924226752,,bfgs,10,False,7.607730649894506e-08,False,0.12460985362437524,bernoulli,bernoulli,3,completed
rep09,start_B,4,bernoulli,-50.841429188512066,101.68285837702413,,bfgs,7,True,6.331379864832343e-13,True,0.34421245957627383,bernoulli,bernoulli,3,completed
rep09,start_B,4,poisson,-74.73310692217663,149.46621384435326,,bfgs,8,True,6.929466556115926e-10,False,0.09009391499258981,bernoulli,bernoulli,3,completed
rep09,start_B,5,bernoulli,-44.29785786434013,88.59571572868026,,bfgs,6,False,9.954109465581951e-08,False,1.043265801960316,bernoulli,bernoulli,3,completed
rep09,start_B,5,poisson,-71.08812424383397,142.17624848766795,,bfgs,10,False,2.418218141286843e-08,False,0.34895045772194244,bernoulli,bernoulli,3,completed
rep09,start_B,6,bernoulli,-43.868264602268596,87.73652920453719,,bfgs,8,True,4.1312491205758305e-10,False,1.0521068969424956,bernoulli,bernoulli,3,completed
rep09,start_B,6,poisson,-71.12014555562209,142.24029111124418,,bfgs,9,True,2.0220664989634153e-09,False,0.3425594223762318,bernoulli,bernoulli,3,completed
rep09,start_B,7,bernoulli,-42.53679013054053,85.07358026108106,,bfgs,6,True,1.1113665543405205e-11,True,1.2559749640120474,bernoulli,bernoulli,3,completed
rep09,start_B,7,poisson,-73.21587859454851,146.43175718909703,,bfgs,10,True,8.001456830442066e-10,False,0.21434197150071385,bernoulli,bernoulli,3,completed
rep09,start_B,8,bernoulli,-42.528225821772885,85.05645164354577,,bfgs,5,False,2.882622212041497e-08,False,1.1406001783210824,bernoulli,bernoulli,3,completed
rep09,start_B,8,poisson,-70.8131630630254,141.6263261260508,,bfgs,11,True,1.1068297389726922e-10,False,0.3468491355958221,bernoulli,bernoulli,3,completed
rep09,start_B,3,bernoulli,-47.217773938808946,94.43554787761789,,bfgs,8,True,4.3653969328261155e-13,True,0.737341118259866,bernoulli,bernoulli,4,completed
rep09,start_B,3,poisson,-74.13244935072888,148.26489870145775,,bfgs,12,True,3.3324790038591344e-09,False,0.1426088379622563,bernoulli,bernoulli,4,completed
rep09,start_B,4,bernoulli,-50.361576872366655,100.72315374473331,,bfgs,8,True,4.2920156317904914e-11,True,0.46994430433615236,bernoulli,bernoulli,4,completed
rep09,start_B,4,poisson,-74.64601894452748,149.29203788905497,,bfgs,13,True,1.2635932300497644e-10,False,0.10705778202240385,bernoulli,bernoulli,4,completed
rep09,start_B,5,bernoulli,-45.02484429449946,90.04968858899892,,bfgs,7,False,2.5302856876407986e-08,False,0.9415831747288586,bernoulli,bernoulli,4,completed
rep09,start_B,5,poisson,-71.81086099864874,143.62172199729747,,bfgs,13,True,2.885425232079797e-10,False,0.2943186544251673,bernoulli,bernoulli,4,completed
rep09,start_B,6,bernoulli,-44.18080216631166,88.36160433262332,,bfgs,8,True,4.191313962564891e-12,True,0.9772399164563729,bernoulli,bernoulli,4,completed
rep09,start_B,6,poisson,-71.72555210286173,143.45110420572345,,bfgs,13,True,8.302287346495519e-09,False,0.2921047241732654,bernoulli,bernoulli,4,completed
rep09,start_B,7,bernoulli,-42.269566454076084,84.53913290815217,,bfgs,8,True,3.090083744439198e-12,True,1.1988108990736854,bernoulli,bernoulli,4,completed
rep09,start_B,7,poisson,-73.09146140776288,146.18292281552576,,bfgs,11,True,2.170729551664863e-09,False,0.207338041916121,bernoulli,bernoulli,4,completed
rep09,start_B,8,bernoulli,-43.11311995024763,86.22623990049526,,bfgs,10,False,1.6604118258101152e-08,False,1.058869523785851,bernoulli,bernoulli,4,completed
rep09,start_B,8,poisson,-71.5353761253631,143.0707522507262,,bfgs,10,True,1.472633925914124e-09,False,0.29362322897786164,bernoulli,bernoulli,4,completed
rep09,start_B,3,bernoulli,-45.31452068738056,90.62904137476112,,bfgs,9,True,4.540455833534906e-09,False,0.9635732330788643,bernoulli,bernoulli,5,completed
rep09,start_B,3,poisson,-73.77562237155801,147.55124474311603,,bfgs,14,True,7.523905054540592e-10,False,0.17483423898690176,bernoulli,bernoulli,5,completed
rep09,start_B,4,bernoulli,-49.008148894247356,98.01629778849471,,bfgs,9,True,3.5432433875826063e-09,False,0.6692710285703133,bernoulli,bernoulli,5,completed
rep09,start_B,4,poisson,-73.91392136268334,147.82784272536668,,bfgs,13,True,1.0330651889489673e-10,False,0.207893883744875,bernoulli,bernoulli,5,completed
rep09,start_B,5,bernoulli,-43.915098123412996,87.83019624682599,,bfgs,9,True,3.455049579770275e-11,True,1.0198618597159639,bernoulli,bernoulli,5,completed
rep09,start_B,5,poisson,-70.90723257868144,141.8144651573629,,bfgs,14,False,1.5620110893621585e-08,False,0.3509603566109174,bernoulli,bernoulli,5,completed
rep09,start_B,6,bernoulli,-42.499440470229125,84.99888094045825,,bfgs,9,True,2.38077957348537e-10,False,1.1822961558743124,bernoulli,bernoulli,5,completed
rep09,start_B,6,poisson,-71.14241462059461,142.28482924118921,,bfgs,12,True,2.1326532706478218e-09,False,0.310397697007734,bernoulli,bernoulli,5,completed
rep09,start_B,7,bernoulli,-41.025104889920534,82.05020977984107,,bfgs,9,True,2.0981769432992793e-09,False,1.4339548513654177,bernoulli,bernoulli,5,completed
rep09,start_B,7,poisson,-72.12725055220396,144.25450110440792,,bfgs,13,False,1.5331676816998652e-07,False,0.30894515439940895,bernoulli,bernoulli,5,completed
rep09,start_B,8,bernoulli,-34.167467468903645,68.33493493780729,,bfgs,8,False,8.948638590133839e-08,False,2.2372011000462115,bernoulli,bernoulli,5,completed
rep09,start_B,8,poisson,-67.83525569049709,135.67051138099418,,bfgs,16,True,1.8370072574214192e-09,False,0.5254668407456236,bernoulli,bernoulli,5,completed
rep10,start_B,3,bernoulli,-51.94102469539064,103.88204939078128,,bfgs,3,True,9.450218385609332e-13,True,0.0693451813188965,bernoulli,bernoulli,1,completed
rep10,start_B,3,poisson,-74.91673705221285,149.8334741044257,,bfgs,4,True,1.023090501206525e-11,True,0.04724871054258201,bernoulli,bernoulli,1,completed
rep10,start_B,4,bernoulli,-51.397449286104305,102.79489857220861,,bfgs,3,True,1.7763568394002506e-16,True,0.2530680678735086,bernoulli,bernoulli,1,completed
rep10,start_B,4,poisson,-74.99985953048994,149.99971906097988,,bfgs,5,True,7.105427357601002e-16,True,0.0019356891773470194,bernoulli,bernoulli,1,completed
rep10,start_B,5,bernoulli,-51.84733893177008,103.69467786354016,,bfgs,4,True,6.661338147750939e-17,True,0.12191747691456908,bernoulli,bernoulli,1,completed
rep10,start_B,5,poisson,-74.66162565054266,149.32325130108532,,bfgs,3,True,1.4654943925052066e-15,True,0.09537505104498696,bernoulli,bernoulli,1,completed
rep10,start_B,6,bernoulli,-51.35535231738671,102.71070463477342,,bfgs,4,True,6.217248937900877e-15,True,0.2621488823364761,bernoulli,bernoulli,1,completed
rep10,start_B,6,poisson,-74.3724638115701,148.7449276231402,,bfgs,4,True,1.966604656900017e-12,True,0.1298879230336027,bernoulli,bernoulli,1,completed
rep10,start_B,7,bernoulli,-51.227014851133596,102.45402970226719,,bfgs,3,True,2.971756174474649e-12,True,0.2882144321329122,bernoulli,bernoulli,1,completed
rep10,start_B,7,poisson,-74.99843467867422,149.99686935734843,,bfgs,5,True,1.4210854715202005e-15,True,0.006457700727180301,bernoulli,bernoulli,1,completed
rep10,start_B,8,bernoulli,-44.71127770470558,89.42255540941116,,bfgs,4,True,1.8034240767406118e-11,True,1.0030644999986795,bernoulli,bernoulli,1,completed
rep10,start_B,8,poisson,-72.13988863176967,144.27977726353933,,bfgs,6,True,6.10178574333986e-12,True,0.2749823173527718,bernoulli,bernoulli,1,completed
rep10,start_B,3,bernoulli,-48.01222957916765,96.0244591583353,,bfgs,6,True,1.4716672325221225e-12,True,0.7487585001885899,bernoulli,bernoulli,2,completed
rep10,start_B,3,poisson,-74.5005087130083,149.0010174260166,,bfgs,9,False,6.454806951161629e-08,False,0.12791976583383635,bernoulli,bernoulli,2,completed
rep10,start_B,4,bernoulli,-51.08682762608501,102.17365525217002,,bfgs,5,True,7.01660951563099e-15,True,0.28700916642996016,bernoulli,bernoulli,2,completed
rep10,start_B,4,poisson,-74.94502759516152,149.89005519032304,,bfgs,5,False,1.7614643227359394e-08,False,0.03898443943593015,bernoulli,bernoulli,2,completed
rep10,start_B,5,bernoulli,-38.909189412274586,77.81837882454917,,bfgs,5,True,6.759334425510133e-10,False,1.6683431857806261,bernoulli,bernoulli,2,completed
rep10,start_B,5,poisson,-72.80010151409465,145.6002030281893,,bfgs,9,False,4.73961048186311e-08,False,0.267326707358336,bernoulli,bernoulli,2,completed
rep10,start_B,6,bernoulli,-49.09663923218933,98.19327846437866,,bfgs,5,True,1.0830047969534461e-11,True,0.650754694935983,bernoulli,bernoulli,2,completed
rep10,start_B,6,poisson,-74.37750668006454,148.75501336012908,,bfgs,6,False,6.93645957561273e-08,False,0.13634818234989862,bernoulli,bernoulli,2,completed
rep10,start_B,7,bernoulli,-50.62912158526839,101.25824317053679,,bfgs,5,True,1.5932855035316606e-11,True,0.37444125432307906,bernoulli,bernoulli,2,completed
rep10,start_B,7,poisson,-74.75800513800111,149.51601027600222,,bfgs,6,True,1.8968826509535575e-11,True,0.0868901672091252,bernoulli,bernoulli,2,completed
rep10,start_B,8,bernoulli,-45.9145357111512,91.8290714223024,,bfgs,6,True,1.1618261908097337e-12,True,0.8346365840922667,bernoulli,bernoulli,2,completed
rep10,start_B,8,poisson,-72.86319305830737,145.72638611661475,,bfgs,9,True,1.8182277905509636e-11,True,0.21781003061058574,bernoulli,bernoulli,2,completed
rep10,start_B,3,bernoulli,-36.919020658137,73.838041316274,,bfgs,6,True,4.891001492701719e-11,True,1.9623956784812018,bernoulli,bernoulli,3,completed
rep10,start_B,3,poisson,-71.41990787578167,142.83981575156335,,bfgs,16,False,3.201741325398189e-08,False,0.3359908919150816,bernoulli,bernoulli,3,completed
rep10,start_B,4,bernoulli,-50.763033102161295,101.52606620432259,,bfgs,6,True,1.3303011470178205e-10,False,0.35879560071463545,bernoulli,bernoulli,3,completed
rep10,start_B,4,poisson,-74.53623234342464,149.0724646868493,,bfgs,8,True,2.2768961716046478e-11,True,0.11701352310781805,bernoulli,bernoulli,3,completed
rep10,start_B,5,bernoulli,-34.95973260125943,69.91946520251886,,bfgs,7,True,1.2535805726798799e-11,True,1.9905088994606899,bernoulli,bernoulli,3,completed
rep10,start_B,5,poisson,-72.99292678034962,145.98585356069924,,bfgs,14,False,2.1237317238131936e-08,False,0.24199216517708982,bernoulli,bernoulli,3,completed
rep10,start_B,6,bernoulli,-48.92413555350458,97.84827110700915,,bfgs,7,True,4.425610633518317e-09,False,0.6444903295445293,bernoulli,bernoulli,3,completed
rep10,start_B,6,poisson,-74.6229636213047,149.2459272426094,,bfgs,12,True,7.696625212161301e-11,True,0.10068285561198598,bernoulli,bernoulli,3,completed
rep10,start_B,7,bernoulli,-49.65964074179128,99.31928148358256,,bfgs,7,True,2.191891113056954e-11,True,0.515713155066654,bernoulli,bernoulli,3,completed
rep10,start_B,7,poisson,-73.99136030249133,147.98272060498266,,bfgs,8,True,4.699077238434768e-12,True,0.1734648708445844,bernoulli,bernoulli,3,completed
rep10,start_B,8,bernoulli,-42.13751768550197,84.27503537100394,,bfgs,6,True,2.2370359689660722e-09,False,1.1505736647439042,bernoulli,bernoulli,3,completed
rep10,start_B,8,poisson,-71.16189720165565,142.3237944033113,,bfgs,10,True,9.629758609963624e-09,False,0.30790320282963995,bernoulli,bernoulli,3,completed
rep10,start_B,3,bernoulli,-32.0199689299876,64.0399378599752,,bfgs,8,True,1.5580282078375695e-09,False,2.4940627746620256,bernoulli,bernoulli,4,completed
rep10,start_B,3,poisson,-69.81257914404492,139.62515828808984,,bfgs,21,False,1.0876912002188987e-07,False,0.41174496206897737,bernoulli,bernoulli,4,completed
rep10,start_B,4,bernoulli,-49.88170121482309,99.76340242964618,,bfgs,8,True,6.445510791763809e-13,True,0.536399833035174,bernoulli,bernoulli,4,completed
rep10,start_B,4,poisson,-74.38944258440529,148.77888516881058,,bfgs,10,True,2.6359694815791814e-09,False,0.12986877641740022,bernoulli,bernoulli,4,completed
rep10,start_B,5,bernoulli,-34.566127642913685,69.13225528582737,,bfgs,10,True,7.863040552003042e-10,False,1.8957364894512676,bernoulli,bernoulli,4,completed
rep10,start_B,5,poisson,-72.7107084200492,145.4214168400984,,bfgs,20,True,3.595204312034639e-09,False,0.2537901348277462,bernoulli,bernoulli,4,completed
rep10,start_B,6,bernoulli,-48.834564527120115,97.66912905424023,,bfgs,8,True,7.97702954802304e-09,False,0.6084130339076509,bernoulli,bernoulli,4,completed
rep10,start_B,6,poisson,-74.38966813639998,148.77933627279995,,bfgs,11,True,7.021874726120813e-09,False,0.12290682256556268,bernoulli,bernoulli,4,completed
rep10,start_B,7,bernoulli,-46.301183405980225,92.60236681196045,,bfgs,8,True,4.666317332535641e-10,False,1.1038665151686629,bernoulli,bernoulli,4,completed
rep10,start_B,7,poisson,-73.55715356775436,147.1143071355087,,bfgs,13,True,3.4447229291245663e-09,False,0.22979640748180177,bernoulli,bernoulli,4,completed
rep10,start_B,8,bernoulli,-41.074119472972924,82.14823894594585,,bfgs,8,True,1.8122840061973733e-09,False,1.2554700546950417,bernoulli,bernoulli,4,completed
rep10,start_B,8,poisson,-70.24038528993471,140.48077057986941,,bfgs,13,False,8.73572129300726e-08,False,0.3600723452442877,bernoulli,bernoulli,4,completed
rep10,start_B,3,bernoulli,-32.21440124812681,64.42880249625362,,bfgs,8,True,3.606424470170566e-09,False,2.407398785808569,bernoulli,bernoulli,5,completed
rep10,start_B,3,poisson,-69.75748365706139,139.51496731412277,,bfgs,21,False,6.446580851360295e-08,False,0.40743739529899675,bernoulli,bernoulli,5,completed
rep10,start_B,4,bernoulli,-50.16278452060575,100.3255690412115,,bfgs,9,True,2.8831159681885764e-12,True,0.45258652980676467,bernoulli,bernoulli,5,completed
rep10,start_B,4,poisson,-74.58657627531109,149.17315255062218,,bfgs,13,True,7.263070589402787e-10,False,0.10016223424275575,bernoulli,bernoulli,5,completed
rep10,start_B,5,bernoulli,-34.2595811862648,68.5191623725296,,bfgs,11,True,4.680825504976837e-10,False,1.891532024738023,bernoulli,bernoulli,5,completed
rep10,start_B,5,poisson,-71.88610596761866,143.77221193523732,,bfgs,16,False,2.9125493439252638e-08,False,0.3022566894250213,bernoulli,bernoulli,5,completed
rep10,start_B,6,bernoulli,-46.24098566373462,92.48197132746924,,bfgs,9,True,3.00577007728009e-11,True,1.005750417415453,bernoulli,bernoulli,5,completed
rep10,start_B,6,poisson,-73.69051901458712,147.38103802917425,,bfgs,14,True,4.294985811448271e-09,False,0.22503235648833578,bernoulli,bernoulli,5,completed
rep10,start_B,7,bernoulli,-43.0867408087434,86.1734816174868,,bfgs,10,True,2.2262258703165116e-10,False,1.4729103035579134,bernoulli,bernoulli,5,completed
rep10,start_B,7,poisson,-73.50866648511906,147.01733297023813,,bfgs,14,True,9.615789586803203e-09,False,0.23102443591545735,bernoulli,bernoulli,5,completed
rep10,start_B,8,bernoulli,-40.43927742327975,80.8785548465595,,bfgs,11,True,3.958920968827329e-11,True,1.2215989653395334,bernoulli,bernoulli,5,completed
rep10,start_B,8,poisson,-70.4794777053527,140.9589554107054,,bfgs,13,True,5.153863114060187e-10,False,0.33780666780164126,bernoulli,bernoulli,5,completed
rep11,start_B,3,bernoulli,-51.83361902416033,103.66723804832066,,bfgs,4,True,2.353672812205332e-14,True,0.12784938074244767,bernoulli,bernoulli,1,completed
rep11,start_B,3,poisson,-74.99882473877571,149.99764947755142,,bfgs,4,True,9.058531702521577e-13,True,0.00559667391480707,bernoulli,bernoulli,1,completed
rep11,start_B,4,bernoulli,-51.50928005160209,103.01856010320418,,bfgs,4,True,1.4210854715202005e-15,True,0.2274112212991427,bernoulli,bernoulli,1,completed
rep11,start_B,4,poisson,-74.67307928474176,149.34615856948352,,bfgs,5,True,3.552713678800501e-16,True,0.09269260240647181,bernoulli,bernoulli,1,completed
rep11,start_B,5,bernoulli,-47.392393208703766,94.78478641740753,,bfgs,4,True,2.0872192862952943e-14,True,0.7607375834477851,bernoulli,bernoulli,1,completed
rep11,start_B,5,poisson,-73.41133491048697,146.82266982097394,,bfgs,7,True,4.440892098500626e-16,True,0.20116532628829742,bernoulli,bernoulli,1,completed
rep11,start_B,6,bernoulli,-49.44806185430177,98.89612370860354,,bfgs,4,True,1.2662648707362222e-13,True,0.5444318936569057,bernoulli,bernoulli,1,completed
rep11,start_B,6,poisson,-73.98558633135875,147.9711726627175,,bfgs,5,True,1.2096990076315705e-13,True,0.16180422949299658,bernoulli,bernoulli,1,completed
rep11,start_B,7,bernoulli,-51.21037924620405,102.4207584924081,,bfgs,4,True,1.502131752317837e-14,True,0.2916062244029536,bernoulli,bernoulli,1,completed
rep11,start_B,7,poisson,-74.55765025813352,149.11530051626704,,bfgs,5,True,1.3322676295501878e-15,True,0.10763877713863428,bernoulli,bernoulli,1,completed
rep11,start_B,8,bernoulli,-48.13968332296922,96.27936664593844,,bfgs,4,True,1.2047030040207573e-13,True,0.6865023196367832,bernoulli,bernoulli,1,completed
rep11,start_B,8,poisson,-74.46667501898904,148.93335003797807,,bfgs,7,True,1.7818482689335724e-09,False,0.11938801224760118,bernoulli,bernoulli,1,completed
rep11,start_B,3,bernoulli,-49.80341337210283,99.60682674420566,,bfgs,6,True,1.3662797782032498e-09,False,0.5285981931253981,bernoulli,bernoulli,2,completed
rep11,start_B,3,poisson,-74.77041821655143,149.54083643310287,,bfgs,6,True,3.767475220683991e-12,True,0.07756323215811153,bernoulli,bernoulli,2,completed
rep11,start_B,4,bernoulli,-50.63562885518068,101.27125771036135,,bfgs,5,False,1.1158880486306089e-08,False,0.39944870677904787,bernoulli,bernoulli,2,completed
rep11,start_B,4,poisson,-74.74649831606257,149.49299663212514,,bfgs,5,False,3.186963699497447e-07,False,0.07795235108957485,bernoulli,bernoulli,2,completed
rep11,start_B,5,bernoulli,-46.890772526007254,93.78154505201451,,bfgs,6,True,1.0496763458434089e-10,False,0.8270174252453185,bernoulli,bernoulli,2,completed
rep11,start_B,5,poisson,-72.72149065486889,145.44298130973777,,bfgs,8,True,1.3595925940634857e-09,False,0.2537402151157413,bernoulli,bernoulli,2,completed
rep11,start_B,6,bernoulli,-49.00221390194976,98.00442780389952,,bfgs,6,True,3.9774006310722146e-11,True,0.588692225020207,bernoulli,bernoulli,2,completed
rep11,start_B,6,poisson,-73.47858851435292,146.95717702870584,,bfgs,7,True,4.440892098500626e-15,True,0.20335518585604265,bernoulli,bernoulli,2,completed
rep11,start_B,7,bernoulli,-45.58021732025563,91.16043464051126,,bfgs,6,True,6.307249722503628e-11,True,0.9674767002806607,bernoulli,bernoulli,2,completed
rep11,start_B,7,poisson,-73.94613753318674,147.8922750663735,,bfgs,8,True,9.109255572070651e-10,False,0.16208418161668073,bernoulli,bernoulli,2,completed
rep11,start_B,8,bernoulli,-48.09242733322243,96.18485466644486,,bfgs,5,True,8.852363286848686e-14,True,0.6615674924083786,bernoulli,bernoulli,2,completed
rep11,start_B,8,poisson,-74.12749392125792,148.25498784251585,,bfgs,9,True,1.743159963596419e-10,False,0.15184650550613601,bernoulli,bernoulli,2,completed
rep11,start_B,3,bernoulli,-44.411713925878374,88.82342785175675,,bfgs,6,True,1.5444896472871505e-09,False,1.1219315248523125,bernoulli,bernoulli,3,completed
rep11,start_B,3,poisson,-74.00396603578483,148.00793207156966,,bfgs,10,True,5.1755605134928825e-09,False,0.17526184034692227,bernoulli,bernoulli,3,completed
rep11,start_B,4,bernoulli,-42.69584772691152,85.39169545382305,,bfgs,6,True,6.498384497177768e-10,False,1.2942297719457927,bernoulli,bernoulli,3,completed
rep11,start_B,4,poisson,-72.45432036885863,144.90864073771726,,bfgs,10,True,1.7490922044061107e-10,False,0.27731922115873486,bernoulli,bernoulli,3,completed
rep11,start_B,5,bernoulli,-40.08275196316633,80.16550392633266,,bfgs,6,True,6.007589981038563e-11,True,1.4558915941884987,bernoulli,bernoulli,3,completed
rep11,start_B,5,poisson,-70.73837027098757,141.47674054197515,,bfgs,9,True,7.662884460302167e-09,False,0.3611404777897337,bernoulli,bernoulli,3,completed
rep11,start_B,6,bernoulli,-47.130211812376984,94.26042362475397,,bfgs,7,True,1.4730172637200668e-11,True,0.8280327472462305,bernoulli,bernoulli,3,completed
rep11,start_B,6,poisson,-73.33768806691226,146.67537613382453,,bfgs,9,False,1.563033834806049e-07,False,0.21060918215210508,bernoulli,bernoulli,3,completed
rep11,start_B,7,bernoulli,-39.40772065867513,78.81544131735026,,bfgs,6,True,9.558105418250306e-11,True,1.5473811288343484,bernoulli,bernoulli,3,completed
rep11,start_B,7,poisson,-72.13731368374032,144.27462736748063,,bfgs,14,True,4.54335675748041e-09,False,0.2803510011724597,bernoulli,bernoulli,3,completed
rep11,start_B,8,bernoulli,-46.71759898765255,93.4351979753051,,bfgs,8,True,3.007545323896465e-11,True,0.7748347470330141,bernoulli,bernoulli,3,completed
rep11,start_B,8,poisson,-74.12956225412721,148.25912450825442,,bfgs,10,True,3.5801604014729095e-09,False,0.13912804198332915,bernoulli,bernoulli,3,completed
rep11,start_B,3,bernoulli,-44.63948065842288,89.27896131684577,,bfgs,8,True,2.424966760727898e-09,False,1.0249734091294849,bernoulli,bernoulli,4,completed
rep11,start_B,3,poisson,-73.95758099772783,147.91516199545566,,bfgs,11,False,1.699863405590918e-08,False,0.17245164341575955,bernoulli,bernoulli,4,completed
rep11,start_B,4,bernoulli,-42.20923728974991,84.41847457949982,,bfgs,9,True,1.5157044508384842e-10,False,1.3006672593520257,bernoulli,bernoulli,4,completed
rep11,start_B,4,poisson,-72.36381624471895,144.7276324894379,,bfgs,12,False,1.8163825056261017e-07,False,0.26184736430399713,bernoulli,bernoulli,4,completed
rep11,start_B,5,bernoulli,-37.30344550115849,74.60689100231698,,bfgs,8,True,6.540346042527289e-12,True,1.6934991821195917,bernoulli,bernoulli,4,completed
rep11,start_B,5,poisson,-69.44254553966141,138.88509107932282,,bfgs,12,True,7.922363032264457e-09,False,0.40526532992169745,bernoulli,bernoulli,4,completed
rep11,start_B,6,bernoulli,-46.379345569028104,92.75869113805621,,bfgs,8,True,1.851230280180971e-11,True,0.8512224000231755,bernoulli,bernoulli,4,completed
rep11,start_B,6,poisson,-73.13831942479507,146.27663884959014,,bfgs,12,True,1.6758677112704845e-09,False,0.20644096142614896,bernoulli,bernoulli,4,completed
rep11,start_B,7,bernoulli,-32.945372334662764,65.89074466932553,,bfgs,9,True,1.9216515489972606e-09,False,2.409477424702189,bernoulli,bernoulli,4,completed
rep11,start_B,7,poisson,-70.34557566469674,140.69115132939348,,bfgs,15,False,2.5370460665641304e-08,False,0.3860873853048469,bernoulli,bernoulli,4,completed
rep11,start_B,8,bernoulli,-44.89584592275767,89.79169184551534,,bfgs,10,True,1.0553558027481812e-12,True,1.0605484792796593,bernoulli,bernoulli,4,completed
rep11,start_B,8,poisson,-73.30605398916865,146.6121079783373,,bfgs,13,True,3.11415194742537e-09,False,0.24949578696300495,bernoulli,bernoulli,4,completed
rep11,start_B,3,bernoulli,-43.70607124070459,87.41214248140918,,bfgs,10,True,1.904765234428396e-12,True,1.154309696284885,bernoulli,bernoulli,5,completed
rep11,start_B,3,poisson,-73.97584118077926,147.9516823615585,,bfgs,13,True,4.648614115865257e-09,False,0.1748961924823792,bernoulli,bernoulli,5,completed
rep11,start_B,4,bernoulli,-41.975026973759846,83.95005394751969,,bfgs,9,True,4.3828478624163835e-10,False,1.286650749143159,bernoulli,bernoulli,5,completed
rep11,start_B,4,poisson,-72.02916044564247,144.05832089128495,,bfgs,11,False,1.0546604592431841e-08,False,0.2780119258511093,bernoulli,bernoulli,5,completed
rep11,start_B,5,bernoulli,-36.97654885075303,73.95309770150607,,bfgs,9,True,2.375831742451595e-09,False,1.7113587877852887,bernoulli,bernoulli,5,completed
rep11,start_B,5,poisson,-69.61944862705948,139.23889725411897,,bfgs,13,False,4.571941579212258e-08,False,0.36179227924579965,bernoulli,bernoulli,5,completed
rep11,start_B,6,bernoulli,-45.87763295965476,91.75526591930952,,bfgs,10,True,5.346825537877464e-10,False,0.923189857675446,bernoulli,bernoulli,5,completed
rep11,start_B,6,poisson,-72.58177151011361,145.16354302022722,,bfgs,14,True,1.5020805710364015e-10,False,0.25065276192949504,bernoulli,bernoulli,5,completed
rep11,start_B,7,bernoulli,-39.70244654132796,79.40489308265592,,bfgs,10,True,3.3803670973497904e-11,True,1.412347780774986,bernoulli,bernoulli,5,completed
rep11,start_B,7,poisson,-72.0456217910948,144.0912435821896,,bfgs,16,True,8.395804051986034e-11,True,0.26598453272985173,bernoulli,bernoulli,5,completed
rep11,start_B,8,bernoulli,-36.3390727705231,72.6781455410462,,bfgs,11,True,1.1728221060991473e-09,False,2.2081941636562834,bernoulli,bernoulli,5,completed
rep11,start_B,8,poisson,-72.65471753410866,145.3094350682173,,bfgs,19,False,1.9832053799184733e-08,False,0.2692227460559693,bernoulli,bernoulli,5,completed
rep12,start_B,3,bernoulli,-49.48522761568987,98.97045523137974,,bfgs,5,True,1.530331417143316e-13,True,0.5406825297859312,bernoulli,bernoulli,1,completed
rep12,start_B,3,poisson,-74.65504126376057,149.31008252752113,,bfgs,7,True,9.040297399565133e-11,True,0.09460830739971839,bernoulli,bernoulli,1,completed
rep12,start_B,4,bernoulli,-51.77618331915962,103.55236663831924,,bfgs,4,True,9.636735853746358e-15,True,0.1501810775735687,bernoulli,bernoulli,1,completed
rep12,start_B,4,poisson,-74.82531283318711,149.65062566637422,,bfgs,4,True,9.70390434673618e-14,True,0.06868357315472937,bernoulli,bernoulli,1,completed
rep12,start_B,5,bernoulli,-44.88806805274153,89.77613610548306,,bfgs,4,True,1.4210854715202005e-15,True,0.9956173065988763,bernoulli,bernoulli,1,completed
rep12,start_B,5,poisson,-72.82584200511155,145.6516840102231,,bfgs,5,True,4.497259453728475e-10,False,0.24279074224400357,bernoulli,bernoulli,1,completed
rep12,start_B,6,bernoulli,-48.132490671771066,96.26498134354213,,bfgs,4,True,5.625766519301578e-12,True,0.6885042963497952,bernoulli,bernoulli,1,completed
rep12,start_B,6,poisson,-74.4155269878549,148.8310539757098,,bfgs,7,True,6.883382752675971e-16,True,0.1225198093372278,bernoulli,bernoulli,1,completed
rep12,start_B,7,bernoulli,-50.48321014067233,100.96642028134465,,bfgs,3,True,1.1102230246251565e-14,True,0.41146388667976685,bernoulli,bernoulli,1,completed
rep12,start_B,7,poisson,-74.36049024553176,148.72098049106353,,bfgs,4,True,5.662137425588298e-15,True,0.1318174092019271,bernoulli,bernoulli,1,completed
rep12,start_B,8,bernoulli,-46.05201110387897,92.10402220775794,,bfgs,4,True,4.225508831723346e-14,True,0.8895078606712058,bernoulli,bernoulli,1,completed
rep12,start_B,8,poisson,-73.11564877304713,146.23129754609425,,bfgs,6,False,2.1142606421165057e-08,False,0.22618520626926195,bernoulli,bernoulli,1,completed
rep12,start_B,3,bernoulli,-32.203724600549165,64.40744920109833,,bfgs,5,True,1.904863600188378e-10,False,2.1616978655100167,bernoulli,bernoulli,2,completed
rep12,start_B,3,poisson,-69.54335857463448,139.08671714926896,,bfgs,13,True,1.75020982151608e-09,False,0.39179389244843094,bernoulli,bernoulli,2,completed
rep12,start_B,4,bernoulli,-51.52454388976279,103.04908777952558,,bfgs,5,True,4.508597939434367e-11,True,0.22667341934781468,bernoulli,bernoulli,2,completed
rep12,start_B,4,poisson,-74.84841660359767,149.69683320719534,,bfgs,8,True,3.49578925095545e-10,False,0.06355697463472593,bernoulli,bernoulli,2,completed
rep12,start_B,5,bernoulli,-44.946008583290826,89.89201716658165,,bfgs,5,True,5.763833854643963e-13,True,0.9958162233687087,bernoulli,bernoulli,2,completed
rep12,start_B,5,poisson,-72.59028432329129,145.18056864658257,,bfgs,9,True,4.689582056016661e-14,True,0.2496767435783705,bernoulli,bernoulli,2,completed
rep12,start_B,6,bernoulli,-45.98476693571095,91.9695338714219,,bfgs,5,True,9.267943523738609e-10,False,0.9086407542653171,bernoulli,bernoulli,2,completed
rep12,start_B,6,poisson,-74.2733073390455,148.546614678091,,bfgs,9,True,3.1996854055194034e-10,False,0.1360893897825722,bernoulli,bernoulli,2,completed
rep12,start_B,7,bernoulli,-50.61320317098516,101.22640634197032,,bfgs,4,True,9.353184893257094e-13,True,0.3901851373013724,bernoulli,bernoulli,2,completed
rep12,start_B,7,poisson,-74.09947566739766,148.1989513347953,,bfgs,7,True,4.860509217330389e-11,True,0.151869564054805,bernoulli,bernoulli,2,completed
rep12,start_B,8,bernoulli,-46.1396243803693,92.2792487607386,,bfgs,6,True,1.1788792164679762e-11,True,0.8851415741475878,bernoulli,bernoulli,2,completed
rep12,start_B,8,poisson,-72.87984647034702,145.75969294069404,,bfgs,9,True,7.05781127985361e-12,True,0.23409970223569534,bernoulli,bernoulli,2,completed
rep12,start_B,3,bernoulli,-34.016400504412445,68.03280100882489,,bfgs,7,True,4.714880708078795e-10,False,1.8469247764759174,bernoulli,bernoulli,3,completed
rep12,start_B,3,poisson,-70.10244206991068,140.20488413982136,,bfgs,15,True,7.4025693574952814e-09,False,0.3480551632938585,bernoulli,bernoulli,3,completed
rep12,start_B,4,bernoulli,-50.46983676362355,100.9396735272471,,bfgs,7,True,5.969944538719574e-11,True,0.4703491723119004,bernoulli,bernoulli,3,completed
rep12,start_B,4,poisson,-74.48345568096305,148.9669113619261,,bfgs,7,True,6.404654184777314e-09,False,0.12766550712408675,bernoulli,bernoulli,3,completed
rep12,start_B,5,bernoulli,-44.96764043763852,89.93528087527704,,bfgs,8,True,2.782757524411039e-10,False,0.947059464315272,bernoulli,bernoulli,3,completed
rep12,start_B,5,poisson,-72.26687272720653,144.53374545441307,,bfgs,12,True,9.845457782375888e-13,True,0.2583076640299292,bernoulli,bernoulli,3,completed
rep12,start_B,6,bernoulli,-45.475138500866635,90.95027700173327,,bfgs,7,True,1.0289857854672846e-11,True,0.9265135432659456,bernoulli,bernoulli,3,completed
rep12,start_B,6,poisson,-74.33463681359538,148.66927362719076,,bfgs,10,True,2.2433103374908114e-09,False,0.12521640278932258,bernoulli,bernoulli,3,completed
rep12,start_B,7,bernoulli,-46.69108814550823,93.38217629101646,,bfgs,8,True,7.712053218256187e-12,True,0.9089181766415457,bernoulli,bernoulli,3,completed
rep12,start_B,7,poisson,-73.00457611085442,146.00915222170883,,bfgs,8,True,2.212890981567739e-11,True,0.23940811137263576,bernoulli,bernoulli,3,completed
rep12,start_B,8,bernoulli,-44.59587645034075,89.1917529006815,,bfgs,6,True,2.6721097889925716e-09,False,1.017032743729889,bernoulli,bernoulli,3,completed
rep12,start_B,8,poisson,-72.1996564585528,144.3993129171056,,bfgs,10,True,1.8796660741782213e-09,False,0.26280265034693095,bernoulli,bernoulli,3,completed
rep12,start_B,3,bernoulli,-31.861855467736394,63.72371093547279,,bfgs,8,True,1.185129772096616e-12,True,2.0760748729074368,bernoulli,bernoulli,4,completed
rep12,start_B,3,poisson,-69.1565313883066,138.3130627766132,,bfgs,15,False,1.0449405349888252e-07,False,0.3730434096022093,bernoulli,bernoulli,4,completed
rep12,start_B,4,bernoulli,-49.718727762383004,99.43745552476601,,bfgs,8,True,3.760024736010337e-10,False,0.5274293433717174,bernoulli,bernoulli,4,completed
rep12,start_B,4,poisson,-74.3451295331484,148.6902590662968,,bfgs,9,True,1.0074975853591184e-09,False,0.13278382431981633,bernoulli,bernoulli,4,completed
rep12,start_B,5,bernoulli,-43.10971837073205,86.2194367414641,,bfgs,7,True,9.706032866318991e-10,False,1.0905616057106433,bernoulli,bernoulli,4,completed
rep12,start_B,5,poisson,-71.87721793911884,143.75443587823767,,bfgs,11,False,1.0724182253341042e-08,False,0.2605359806783006,bernoulli,bernoulli,4,completed
rep12,start_B,6,bernoulli,-42.46395564974927,84.92791129949855,,bfgs,8,True,5.248105994226648e-09,False,1.3389938229569283,bernoulli,bernoulli,4,completed
rep12,start_B,6,poisson,-73.65110276688942,147.30220553377885,,bfgs,14,True,4.2503653929770733e-10,False,0.21612173642187776,bernoulli,bernoulli,4,completed
rep12,start_B,7,bernoulli,-46.49396509157586,92.98793018315172,,bfgs,7,False,2.480082217370949e-08,False,0.8388284682093406,bernoulli,bernoulli,4,completed
rep12,start_B,7,poisson,-72.7430437981439,145.4860875962878,,bfgs,11,True,4.70185140821755e-12,True,0.23604816395221187,bernoulli,bernoulli,4,completed
rep12,start_B,8,bernoulli,-43.47762006649833,86.95524013299666,,bfgs,9,True,7.913176780505182e-11,True,1.1378591486620349,bernoulli,bernoulli,4,completed
rep12,start_B,8,poisson,-71.84652190497005,143.6930438099401,,bfgs,11,True,9.809442147457048e-11,True,0.28116011666478896,bernoulli,bernoulli,4,completed
rep12,start_B,3,bernoulli,-28.24985469434887,56.49970938869774,,bfgs,10,True,2.053046621597332e-12,True,2.622641686854536,bernoulli,bernoulli,5,completed
rep12,start_B,3,poisson,-68.09305909168958,136.18611818337916,,bfgs,25,False,1.686546168833125e-08,False,0.43777010819430606,bernoulli,bernoulli,5,completed
rep12,start_B,4,bernoulli,-48.552323155752404,97.10464631150481,,bfgs,8,False,2.845043229893207e-08,False,0.7549752529104632,bernoulli,bernoulli,5,completed
rep12,start_B,4,poisson,-74.422233067434,148.844466134868,,bfgs,15,True,2.8460489964743372e-09,False,0.11844990074578318,bernoulli,bernoulli,5,completed
rep12,start_B,5,bernoulli,-44.34389137921945,88.6877827584389,,bfgs,11,True,2.10900186203844e-11,True,0.8913381526141096,bernoulli,bernoulli,5,completed
rep12,start_B,5,poisson,-71.55287905380715,143.1057581076143,,bfgs,13,False,1.1528228682777808e-08,False,0.2761428876442502,bernoulli,bernoulli,5,completed
rep12,start_B,6,bernoulli,-42.15892631469226,84.31785262938452,,bfgs,10,True,6.541878150301272e-10,False,1.2195825529061404,bernoulli,bernoulli,5,completed
rep12,start_B,6,poisson,-74.25917678354892,148.51835356709785,,bfgs,16,True,1.0666005856307947e-09,False,0.12328593302850795,bernoulli,bernoulli,5,completed
rep12,start_B,7,bernoulli,-43.339455819043835,86.67891163808767,,bfgs,10,True,7.777813948450784e-11,True,1.2852091613255554,bernoulli,bernoulli,5,completed
rep12,start_B,7,poisson,-72.64386371908911,145.28772743817822,,bfgs,12,False,2.5562007055501824e-08,False,0.2391968923153189,bernoulli,bernoulli,5,completed
rep12,start_B,8,bernoulli,-43.13924272954752,86.27848545909504,,bfgs,9,True,8.124705352940964e-11,True,1.126432144427567,bernoulli,bernoulli,5,completed
rep12,start_B,8,poisson,-71.92537983553366,143.85075967106732,,bfgs,14,True,1.8085136277434799e-09,False,0.25154331351851417,bernoulli,bernoulli,5,completed
rep13,start_B,3,bernoulli,-50.292473509873815,100.58494701974763,,bfgs,5,True,2.509104035652854e-15,True,0.43602937529636554,bernoulli,bernoulli,1,completed
rep13,start_B,3,poisson,-74.82485650602186,149.64971301204372,,bfgs,5,True,2.220446049250313e-15,True,0.06822192624076323,bernoulli,bernoulli,1,completed
rep13,start_B,4,bernoulli,-49.1918101624022,98.3836203248044,,bfgs,3,True,2.5012170112859167e-11,True,0.5696876838837612,bernoulli,bernoulli,1,completed
rep13,start_B,4,poisson,-74.64353946761322,149.28707893522645,,bfgs,5,True,3.552713678800501e-16,True,0.09717964844762829,bernoulli,bernoulli,1,completed
rep13,start_B,5,bernoulli,-44.4442858331016,88.8885716662032,,bfgs,4,True,2.7863711338227404e-11,True,1.011481372295785,bernoulli,bernoulli,1,completed
rep13,start_B,5,poisson,-72.62781534906927,145.25563069813853,,bfgs,6,True,1.5850964985020254e-11,True,0.24760358605532093,bernoulli,bernoulli,1,completed
rep13,start_B,6,bernoulli,-50.94821623744874,101.89643247489748,,bfgs,4,True,7.65609797781508e-14,True,0.3379405983469809,bernoulli,bernoulli,1,completed
rep13,start_B,6,poisson,-74.463449925261,148.926899850522,,bfgs,5,True,2.653992403622851e-09,False,0.11923348747732614,bernoulli,bernoulli,1,completed
rep13,start_B,7,bernoulli,-51.574138331273424,103.14827666254685,,bfgs,3,True,9.424283575754089e-11,True,0.21090219715846883,bernoulli,bernoulli,1,completed
rep13,start_B,7,poisson,-74.99120216462231,149.98240432924462,,bfgs,4,True,3.8923531064938285e-12,True,0.015314391110030471,bernoulli,bernoulli,1,completed
rep13,start_B,8,bernoulli,-47.435982877012975,94.87196575402595,,bfgs,5,True,1.3322676295501878e-15,True,0.7475116885760016,bernoulli,bernoulli,1,completed
rep13,start_B,8,poisson,-73.40053472048251,146.80106944096502,,bfgs,6,True,1.4727774555467477e-12,True,0.20438346038555547,bernoulli,bernoulli,1,completed
rep13,start_B,3,bernoulli,-48.22729163560234,96.45458327120468,,bfgs,5,True,1.9032109221939207e-12,True,0.6827203007974761,bernoulli,bernoulli,2,completed
rep13,start_B,3,poisson,-73.89797839082898,147.79595678165796,,bfgs,6,True,1.248476877435678e-11,True,0.17384807252113255,bernoulli,bernoulli,2,completed
rep13,start_B,4,bernoulli,-49.36986743073147,98.73973486146294,,bfgs,5,True,2.461586490198897e-12,True,0.5320573884603874,bernoulli,bernoulli,2,completed
rep13,start_B,4,poisson,-74.58923492791277,149.17846985582554,,bfgs,6,True,7.92624632595107e-11,True,0.09930642919821012,bernoulli,bernoulli,2,completed
rep13,start_B,5,bernoulli,-44.412977413016236,88.82595482603247,,bfgs,7,True,6.540545882671722e-13,True,0.9696735775509469,bernoulli,bernoulli,2,completed
rep13,start_B,5,poisson,-73.00874694483646,146.01749388967292,,bfgs,10,True,4.4506709429015245e-10,False,0.21711544199127186,bernoulli,bernoulli,2,completed
rep13,start_B,6,bernoulli,-47.848162557543034,95.69632511508607,,bfgs,5,True,1.1786882581077407e-11,True,0.7298455726843401,bernoulli,bernoulli,2,completed
rep13,start_B,6,poisson,-73.41387103088343,146.82774206176686,,bfgs,5,True,3.931719305683146e-09,False,0.21268446754100223,bernoulli,bernoulli,2,completed
rep13,start_B,7,bernoulli,-51.29180090416328,102.58360180832656,,bfgs,5,True,7.524612044562673e-11,True,0.2743333473597457,bernoulli,bernoulli,2,completed
rep13,start_B,7,poisson,-74.95301279308595,149.9060255861719,,bfgs,6,True,1.1481235517862842e-09,False,0.03370728909117263,bernoulli,bernoulli,2,completed
rep13,start_B,8,bernoulli,-45.551332757292094,91.10266551458419,,bfgs,5,True,2.021494083237485e-13,True,0.9474093092606203,bernoulli,bernoulli,2,completed
rep13,start_B,8,poisson,-73.67040005890115,147.3408001178023,,bfgs,10,True,3.104049905999773e-10,False,0.17790852299237264,bernoulli,bernoulli,2,completed
rep13,start_B,3,bernoulli,-48.33928133001947,96.67856266003893,,bfgs,8,True,1.486960776730939e-10,False,0.635814575758943,bernoulli,bernoulli,3,completed
rep13,start_B,3,poisson,-73.81103219888911,147.62206439777822,,bfgs,10,False,1.1501147123560429e-08,False,0.1791067395610719,bernoulli,bernoulli,3,completed
rep13,start_B,4,bernoulli,-49.58526850903637,99.17053701807274,,bfgs,8,True,9.672262990534364e-14,True,0.47909541338745215,bernoulli,bernoulli,3,completed
rep13,start_B,4,poisson,-74.67978911868056,149.35957823736112,,bfgs,9,True,1.3368683937642344e-11,True,0.08504200083212225,bernoulli,bernoulli,3,completed
rep13,start_B,5,bernoulli,-41.51856426491297,83.03712852982594,,bfgs,7,True,9.091992575482877e-10,False,1.2385847420734513,bernoulli,bernoulli,3,completed
rep13,start_B,5,poisson,-71.85411709455575,143.7082341891115,,bfgs,11,True,1.208596067669987e-09,False,0.2738090722898831,bernoulli,bernoulli,3,completed
rep13,start_B,6,bernoulli,-45.184478753749616,90.36895750749923,,bfgs,7,True,7.176481631177012e-14,True,0.9823017840302648,bernoulli,bernoulli,3,completed
rep13,start_B,6,poisson,-72.09597777975867,144.19195555951734,,bfgs,10,True,1.1419450274274823e-09,False,0.29325721386414966,bernoulli,bernoulli,3,completed
rep13,start_B,7,bernoulli,-50.511086486579245,101.02217297315849,,bfgs,6,False,1.278015926420295e-08,False,0.42871981442631796,bernoulli,bernoulli,3,completed
rep13,start_B,7,poisson,-74.51494734811408,149.02989469622815,,bfgs,8,True,8.452401445424585e-10,False,0.1340124150458285,bernoulli,bernoulli,3,completed
rep13,start_B,8,bernoulli,-45.6546294875541,91.3092589751082,,bfgs,6,True,9.33948030024112e-10,False,0.9057136870736172,bernoulli,bernoulli,3,completed
rep13,start_B,8,poisson,-73.39135503274,146.78271006548,,bfgs,11,True,1.7619772307853053e-11,True,0.1941468224759172,bernoulli,bernoulli,3,completed
rep13,start_B,3,bernoulli,-47.12264001088899,94.24528002177799,,bfgs,7,True,3.438499263097583e-10,False,0.7743366593844908,bernoulli,bernoulli,4,completed
rep13,start_B,3,poisson,-73.52410683709472,147.04821367418944,,bfgs,13,True,2.429753287458425e-10,False,0.20654777574080702,bernoulli,bernoulli,4,completed
rep13,start_B,4,bernoulli,-48.23101381385247,96.46202762770494,,bfgs,8,True,1.2436469631893489e-10,False,0.6398011977559251,bernoulli,bernoulli,4,completed
rep13,start_B,4,poisson,-74.56008463229384,149.12016926458767,,bfgs,13,True,2.7165729221678704e-09,False,0.10032927520130906,bernoulli,bernoulli,4,completed
rep13,start_B,5,bernoulli,-39.25430790773673,78.50861581547346,,bfgs,8,True,4.518869944902804e-10,False,1.3608522199180675,bernoulli,bernoulli,4,completed
rep13,start_B,5,poisson,-70.96411707773493,141.92823415546985,,bfgs,11,True,8.949657903656316e-10,False,0.29808406266261556,bernoulli,bernoulli,4,completed
rep13,start_B,6,bernoulli,-45.925011876226236,91.85002375245247,,bfgs,8,True,2.181717606575262e-09,False,0.8484593587381601,bernoulli,bernoulli,4,completed
rep13,start_B,6,poisson,-72.2959270923154,144.5918541846308,,bfgs,14,True,1.7388659401262884e-10,False,0.26197200563633866,bernoulli,bernoulli,4,completed
rep13,start_B,7,bernoulli,-48.06810206254518,96.13620412509036,,bfgs,9,True,2.0782306986433242e-10,False,0.8539742663210746,bernoulli,bernoulli,4,completed
rep13,start_B,7,poisson,-73.954080538324,147.908161076648,,bfgs,12,True,7.20225568073829e-10,False,0.20720413516777011,bernoulli,bernoulli,4,completed
rep13,start_B,8,bernoulli,-45.448786034146266,90.89757206829253,,bfgs,8,True,3.885558541583123e-13,True,0.8614459362648815,bernoulli,bernoulli,4,completed
rep13,start_B,8,poisson,-72.95840968561662,145.91681937123323,,bfgs,14,True,8.812763852006355e-11,True,0.21448242297070938,bernoulli,bernoulli,4,completed
rep13,start_B,3,bernoulli,-46.61941352377018,93.23882704754035,,bfgs,9,True,1.9930981309812523e-10,False,0.8262091837034187,bernoulli,bernoulli,5,completed
rep13,start_B,3,poisson,-73.63882181411229,147.27764362822458,,bfgs,13,False,1.6787054231137687e-07,False,0.17516500327308698,bernoulli,bernoulli,5,completed
rep13,start_B,4,bernoulli,-46.30465215498102,92.60930430996204,,bfgs,10,True,3.530278291918876e-11,True,0.9529074512925956,bernoulli,bernoulli,5,completed
rep13,start_B,4,poisson,-73.30300420630198,146.60600841260396,,bfgs,12,False,1.2369545094870204e-07,False,0.2668280820913327,bernoulli,bernoulli,5,completed
rep13,start_B,5,bernoulli,-40.3664917019981,80.7329834039962,,bfgs,10,True,2.40140907159514e-11,True,1.2091600972017746,bernoulli,bernoulli,5,completed
rep13,start_B,5,poisson,-71.5519424055656,143.1038848111312,,bfgs,16,True,1.1260610222052492e-09,False,0.2619761012690236,bernoulli,bernoulli,5,completed
rep13,start_B,6,bernoulli,-43.9470602840701,87.8941205681402,,bfgs,10,True,6.513769745808418e-09,False,1.0217408906052647,bernoulli,bernoulli,5,completed
rep13,start_B,6,poisson,-71.13612266091374,142.27224532182748,,bfgs,13,True,1.3244881635898765e-09,False,0.333842629609353,bernoulli,bernoulli,5,completed
rep13,start_B,7,bernoulli,-49.64381871993098,99.28763743986195,,bfgs,11,True,5.860889551456694e-10,False,0.6229881851957599,bernoulli,bernoulli,5,completed
rep13,start_B,7,poisson,-73.93385645579215,147.8677129115843,,bfgs,12,True,2.1686481055382957e-09,False,0.20604012226918764,bernoulli,bernoulli,5,completed
rep13,start_B,8,bernoulli,-43.925131658430516,87.85026331686103,,bfgs,9,True,1.8184334038551241e-10,False,1.0189383690437575,bernoulli,bernoulli,5,completed
rep13,start_B,8,poisson,-73.12348490117738,146.24696980235476,,bfgs,16,True,4.893291327690008e-11,True,0.19288752364541206,bernoulli,bernoulli,5,completed
rep14,start_B,3,bernoulli,-51.9791524240769,103.9583048481538,,bfgs,3,True,5.040023953739591e-13,True,0.027107269074386868,bernoulli,bernoulli,1,completed
rep14,start_B,3,poisson,-74.99073437230743,149.98146874461486,,bfgs,4,True,8.552794028560128e-11,True,0.015743660287573773,bernoulli,bernoulli,1,completed
rep14,start_B,4,bernoulli,-50.10101133204404,100.20202266408808,,bfgs,4,True,2.7267077484793844e-14,True,0.47281223667380556,bernoulli,bernoulli,1,completed
rep14,start_B,4,poisson,-74.71518776101483,149.43037552202966,,bfgs,5,True,5.167311023512866e-12,True,0.08601283898780744,bernoulli,bernoulli,1,completed
rep14,start_B,5,bernoulli,-48.26218497457434,96.52436994914868,,bfgs,5,True,7.105427357601002e-16,True,0.6997908576038198,bernoulli,bernoulli,1,completed
rep14,start_B,5,poisson,-74.3807337014284,148.7614674028568,,bfgs,7,True,4.2188474935755947e-16,True,0.12573863551517095,bernoulli,bernoulli,1,completed
rep14,start_B,6,bernoulli,-51.93060380028529,103.86120760057058,,bfgs,4,True,1.021405182655144e-15,True,0.07701636095481763,bernoulli,bernoulli,1,completed
rep14,start_B,6,poisson,-74.99959956849474,149.9991991369895,,bfgs,5,True,1.7763568394002506e-16,True,0.0032688848614535713,bernoulli,bernoulli,1,completed
rep14,start_B,7,bernoulli,-46.62231776220521,93.24463552441043,,bfgs,3,True,4.716445012320491e-11,True,0.8795907824431365,bernoulli,bernoulli,1,completed
rep14,start_B,7,poisson,-74.09209782620158,148.18419565240316,,bfgs,7,True,1.021405182655144e-14,True,0.1512737937544297,bernoulli,bernoulli,1,completed
rep14,start_B,8,bernoulli,-51.6002481594639,103.2004963189278,,bfgs,4,True,2.754457217868378e-11,True,0.20507117882636,bernoulli,bernoulli,1,completed
rep14,start_B,8,poisson,-74.79887219318996,149.59774438637993,,bfgs,4,True,1.8580925686961792e-11,True,0.07361509494120226,bernoulli,bernoulli,1,completed
rep14,start_B,3,bernoulli,-51.950051970742074,103.90010394148415,,bfgs,5,True,4.315414692257491e-12,True,0.05754742389674761,bernoulli,bernoulli,2,completed
rep14,start_B,3,poisson,-74.94036597952007,149.88073195904013,,bfgs,6,True,9.307305412487032e-11,True,0.04449645081602547,bernoulli,bernoulli,2,completed
rep14,start_B,4,bernoulli,-49.80926402420937,99.61852804841874,,bfgs,5,True,3.732594233696318e-11,True,0.4706892593122293,bernoulli,bernoulli,2,completed
rep14,start_B,4,poisson,-74.56380910395589,149.12761820791178,,bfgs,7,True,1.8355288122773315e-11,True,0.10314033026795007,bernoulli,bernoulli,2,completed
rep14,start_B,5,bernoulli,-47.980664883536406,95.96132976707281,,bfgs,5,False,5.863289196383903e-08,False,0.6597374943587445,bernoulli,bernoulli,2,completed
rep14,start_B,5,poisson,-74.36729609614892,148.73459219229784,,bfgs,11,True,3.971629247701003e-10,False,0.11465324357741861,bernoulli,bernoulli,2,completed
rep14,start_B,6,bernoulli,-50.3856257755589,100.7712515511178,,bfgs,6,False,1.3480023830503284e-08,False,0.4785963525719807,bernoulli,bernoulli,2,completed
rep14,start_B,6,poisson,-74.30405109136458,148.60810218272917,,bfgs,6,True,3.761801971313705e-09,False,0.15257384071126898,bernoulli,bernoulli,2,completed
rep14,start_B,7,bernoulli,-43.58790062339334,87.17580124678668,,bfgs,5,True,3.012926730328047e-09,False,1.118678560109209,bernoulli,bernoulli,2,completed
rep14,start_B,7,poisson,-73.75291601088446,147.50583202176892,,bfgs,8,True,5.772671229919979e-12,True,0.179572325640637,bernoulli,bernoulli,2,completed
rep14,start_B,8,bernoulli,-50.14765531729555,100.2953106345911,,bfgs,6,True,1.0470878164525743e-09,False,0.48665745192103926,bernoulli,bernoulli,2,completed
rep14,start_B,8,poisson,-74.13380387230235,148.2676077446047,,bfgs,6,True,2.3063971288372899e-10,False,0.16191875702538003,bernoulli,bernoulli,2,completed
rep14,start_B,3,bernoulli,-41.14913176886794,82.29826353773588,,bfgs,7,True,6.693881005048751e-11,True,1.4924457741039636,bernoulli,bernoulli,3,completed
rep14,start_B,3,poisson,-72.8832154901163,145.7664309802326,,bfgs,11,False,1.0423598983955173e-08,False,0.26319895255702136,bernoulli,bernoulli,3,completed
rep14,start_B,4,bernoulli,-44.057174237980334,88.11434847596067,,bfgs,7,True,4.104392381520938e-11,True,1.0951559570222886,bernoulli,bernoulli,3,completed
rep14,start_B,4,poisson,-73.11025265552696,146.22050531105393,,bfgs,11,False,1.877951630313568e-08,False,0.22444198314736097,bernoulli,bernoulli,3,completed
rep14,start_B,5,bernoulli,-47.442478537776786,94.88495707555357,,bfgs,7,True,2.115285724357818e-12,True,0.705834525691354,bernoulli,bernoulli,3,completed
rep14,start_B,5,poisson,-74.28497889386013,148.56995778772026,,bfgs,12,True,1.895828188880344e-09,False,0.120845328794468,bernoulli,bernoulli,3,completed
rep14,start_B,6,bernoulli,-49.00469170691341,98.00938341382682,,bfgs,7,True,7.296385717836529e-14,True,0.6434097064755437,bernoulli,bernoulli,3,completed
rep14,start_B,6,poisson,-74.01628335762712,148.03256671525423,,bfgs,8,False,4.2508739287044903e-07,False,0.17105937463904192,bernoulli,bernoulli,3,completed
rep14,start_B,7,bernoulli,-43.94744364552683,87.89488729105366,,bfgs,7,True,2.1128476745957413e-11,True,1.0617786224230696,bernoulli,bernoulli,3,completed
rep14,start_B,7,poisson,-73.622810138973,147.245620277946,,bfgs,10,True,9.804827150183825e-09,False,0.18661425905296627,bernoulli,bernoulli,3,completed
rep14,start_B,8,bernoulli,-45.44168017877078,90.88336035754156,,bfgs,7,True,3.9179615107798324e-11,True,1.02518852733626,bernoulli,bernoulli,3,completed
rep14,start_B,8,poisson,-72.93739592393315,145.8747918478663,,bfgs,12,True,1.434880270156924e-11,True,0.2532531958710156,bernoulli,bernoulli,3,completed
rep14,start_B,3,bernoulli,-39.777552877541225,79.55510575508245,,bfgs,8,True,1.6906387401149915e-11,True,1.4774315408302663,bernoulli,bernoulli,4,completed
rep14,start_B,3,poisson,-72.15045704615564,144.30091409231127,,bfgs,13,False,3.59726934462401e-08,False,0.28313589114895943,bernoulli,bernoulli,4,completed
rep14,start_B,4,bernoulli,-43.33398900606391,86.66797801212782,,bfgs,8,True,4.1916852211443255e-10,False,1.2266650787331264,bernoulli,bernoulli,4,completed
rep14,start_B,4,poisson,-72.18934179962109,144.37868359924218,,bfgs,13,True,2.252107877964704e-09,False,0.34302750257179115,bernoulli,bernoulli,4,completed
rep14,start_B,5,bernoulli,-47.979734500989636,95.95946900197927,,bfgs,8,True,2.3297543894074126e-10,False,0.5976689915096006,bernoulli,bernoulli,4,completed
rep14,start_B,5,poisson,-73.98394602827833,147.96789205655665,,bfgs,13,True,6.188190937450599e-09,False,0.17421097512411798,bernoulli,bernoulli,4,completed
rep14,start_B,6,bernoulli,-48.62508523951001,97.25017047902001,,bfgs,10,True,1.91517190994972e-11,True,0.6388994918897709,bernoulli,bernoulli,4,completed
rep14,start_B,6,poisson,-73.48513496178252,146.97026992356504,,bfgs,11,True,5.176253453642588e-11,True,0.23475349289217518,bernoulli,bernoulli,4,completed
rep14,start_B,7,bernoulli,-38.55768188878106,77.11536377756212,,bfgs,9,True,1.320037412710917e-11,True,1.7169138030869535,bernoulli,bernoulli,4,completed
rep14,start_B,7,poisson,-71.20534939692193,142.41069879384386,,bfgs,12,True,4.43782872672216e-09,False,0.40354599796524077,bernoulli,bernoulli,4,completed
rep14,start_B,8,bernoulli,-47.0909234249277,94.1818468498554,,bfgs,9,True,8.21126411310047e-10,False,0.7699113324379581,bernoulli,bernoulli,4,completed
rep14,start_B,8,poisson,-73.28240164339991,146.56480328679982,,bfgs,12,True,6.587741463448538e-11,True,0.23693113296576832,bernoulli,bernoulli,4,completed
rep14,start_B,3,bernoulli,-37.155338995999365,74.31067799199873,,bfgs,8,True,2.8179591993193755e-11,True,1.8049890973064076,bernoulli,bernoulli,5,completed
rep14,start_B,3,poisson,-71.2452852974236,142.4905705948472,,bfgs,17,True,1.5968472100169606e-09,False,0.37481836376455413,bernoulli,bernoulli,5,completed
rep14,start_B,4,bernoulli,-40.908697172591225,81.81739434518245,,bfgs,8,True,4.647781659539163e-09,False,1.3592073615060067,bernoulli,bernoulli,5,completed
rep14,start_B,4,poisson,-70.93465634091902,141.86931268183804,,bfgs,13,False,1.5678854387024545e-08,False,0.36938682477060125,bernoulli,bernoulli,5,completed
rep14,start_B,5,bernoulli,-45.55466994165262,91.10933988330524,,bfgs,10,True,1.991937725875914e-11,True,0.9655438964258388,bernoulli,bernoulli,5,completed
rep14,start_B,5,poisson,-74.23417116892372,148.46834233784745,,bfgs,14,True,1.0214496887206437e-09,False,0.14334905433237077,bernoulli,bernoulli,5,completed
rep14,start_B,6,bernoulli,-48.38906196641984,96.77812393283968,,bfgs,11,True,9.087131047635922e-12,True,0.6986471373566844,bernoulli,bernoulli,5,completed
rep14,start_B,6,poisson,-73.52248157941438,147.04496315882875,,bfgs,15,True,3.843040712048218e-10,False,0.20273235588157604,bernoulli,bernoulli,5,completed
rep14,start_B,7,bernoulli,-39.968717080258585,79.93743416051717,,bfgs,9,True,8.090731140608654e-11,True,1.479726979430924,bernoulli,bernoulli,5,completed
rep14,start_B,7,poisson,-71.5779479236832,143.1558958473664,,bfgs,15,True,1.0348217838185292e-10,False,0.36644918473139765,bernoulli,bernoulli,5,completed
rep14,start_B,8,bernoulli,-40.273798019541644,80.54759603908329,,bfgs,10,True,4.5603737452992733e-11,True,1.5139581892976985,bernoulli,bernoulli,5,completed
rep14,start_B,8,poisson,-69.78461456897465,139.5692291379493,,bfgs,12,True,5.946161039938058e-09,False,0.44158193956397734,bernoulli,bernoulli,5,completed
rep15,start_B,3,bernoulli,-48.24542254113548,96.49084508227097,,bfgs,4,True,4.517675122883702e-12,True,0.6775640720113888,bernoulli,bernoulli,1,completed
rep15,start_B,3,poisson,-74.50780682848213,149.01561365696426,,bfgs,7,True,3.3750779948604757e-15,True,0.11229163867798901,bernoulli,bernoulli,1,completed
rep15,start_B,4,bernoulli,-50.9123170559099,101.8246341118198,,bfgs,3,True,8.137952534070791e-11,True,0.34520264109350834,bernoulli,bernoulli,1,completed
rep15,start_B,4,poisson,-74.42697971749683,148.85395943499367,,bfgs,4,True,7.030820370346192e-13,True,0.12519697807945246,bernoulli,bernoulli,1,completed
rep15,start_B,5,bernoulli,-51.68778663023825,103.3755732604765,,bfgs,3,True,6.884146586116913e-11,True,0.17934498423588155,bernoulli,bernoulli,1,completed
rep15,start_B,5,poisson,-74.99872652686383,149.99745305372767,,bfgs,5,True,1.0658141036401502e-15,True,0.005822574370703504,bernoulli,bernoulli,1,completed
rep15,start_B,6,bernoulli,-51.71834475398033,103.43668950796066,,bfgs,4,True,3.552713678800501e-16,True,0.16981351662058236,bernoulli,bernoulli,1,completed
rep15,start_B,6,poisson,-74.99954189777853,149.99908379555706,,bfgs,5,True,3.9968028886505636e-16,True,0.0034933989918653173,bernoulli,bernoulli,1,completed
rep15,start_B,7,bernoulli,-50.91052871388065,101.8210574277613,,bfgs,3,True,4.04121180963557e-15,True,0.34550147623444183,bernoulli,bernoulli,1,completed
rep15,start_B,7,poisson,-74.92309739424759,149.84619478849518,,bfgs,5,True,8.547829111194005e-13,True,0.04496704076053378,bernoulli,bernoulli,1,completed
rep15,start_B,8,bernoulli,-46.99467964617388,93.98935929234776,,bfgs,4,True,1.0658141036401502e-15,True,0.8018494535545975,bernoulli,bernoulli,1,completed
rep15,start_B,8,poisson,-74.29985596393581,148.59971192787162,,bfgs,7,True,2.4868995751603505e-15,True,0.13330670855896004,bernoulli,bernoulli,1,completed
rep15,start_B,3,bernoulli,-44.59073285128835,89.1814657025767,,bfgs,5,True,8.871286816258816e-10,False,0.9684978462219574,bernoulli,bernoulli,2,completed
rep15,start_B,3,poisson,-73.62150385817999,147.24300771635998,,bfgs,9,True,8.00126631617104e-13,True,0.18379645536009528,bernoulli,bernoulli,2,completed
rep15,start_B,4,bernoulli,-39.58616131205646,79.17232262411292,,bfgs,6,True,1.1365713703526127e-09,False,1.5793108974855588,bernoulli,bernoulli,2,completed
rep15,start_B,4,poisson,-71.61210488171398,143.22420976342795,,bfgs,10,True,1.2274634642039928e-10,False,0.314927284661622,bernoulli,bernoulli,2,completed
rep15,start_B,5,bernoulli,-49.916915239327,99.833830478654,,bfgs,6,True,1.0954792628581345e-12,True,0.5162158653785376,bernoulli,bernoulli,2,completed
rep15,start_B,5,poisson,-74.70163796988933,149.40327593977867,,bfgs,7,True,3.79199796562979e-12,True,0.09111297922081348,bernoulli,bernoulli,2,completed
rep15,start_B,6,bernoulli,-49.097824695117396,98.19564939023479,,bfgs,4,True,1.5058532198963805e-11,True,0.6135076831366291,bernoulli,bernoulli,2,completed
rep15,start_B,6,poisson,-74.45542144893015,148.9108428978603,,bfgs,8,True,3.320197450307205e-11,True,0.12009459946440686,bernoulli,bernoulli,2,completed
rep15,start_B,7,bernoulli,-50.47554072846957,100.95108145693914,,bfgs,5,True,2.2954971257149737e-12,True,0.42430479566419665,bernoulli,bernoulli,2,completed
rep15,start_B,7,poisson,-74.90305660743304,149.8061132148661,,bfgs,6,True,2.9868090223317266e-10,False,0.052847134076656976,bernoulli,bernoulli,2,completed
rep15,start_B,8,bernoulli,-44.97675271201623,89.95350542403246,,bfgs,5,True,5.84718939933282e-12,True,1.004255775051889,bernoulli,bernoulli,2,completed
rep15,start_B,8,poisson,-74.07839313559188,148.15678627118376,,bfgs,8,True,4.382521190393618e-09,False,0.158212871468472,bernoulli,bernoulli,2,completed
rep15,start_B,3,bernoulli,-43.27064917619749,86.54129835239497,,bfgs,6,True,2.030199031111124e-09,False,1.0409749174346072,bernoulli,bernoulli,3,completed
rep15,start_B,3,poisson,-73.10870360444251,146.21740720888502,,bfgs,10,True,6.568523502892276e-13,True,0.21220642344291368,bernoulli,bernoulli,3,completed
rep15,start_B,4,bernoulli,-36.784778855435675,73.56955771087135,,bfgs,7,True,6.067146784971556e-13,True,1.8948770774368204,bernoulli,bernoulli,3,completed
rep15,start_B,4,poisson,-70.85798946404,141.71597892808,,bfgs,12,False,2.232838038906948e-08,False,0.34873954485729425,bernoulli,bernoulli,3,completed
rep15,start_B,5,bernoulli,-49.605671675548976,99.21134335109795,,bfgs,8,True,1.6581402917381639e-12,True,0.5456841396638855,bernoulli,bernoulli,3,completed
rep15,start_B,5,poisson,-74.66736227972147,149.33472455944295,,bfgs,10,True,2.1774775871286067e-10,False,0.09339081709036341,bernoulli,bernoulli,3,completed
rep15,start_B,6,bernoulli,-45.58148989263175,91.1629797852635,,bfgs,7,True,2.6920954354636705e-11,True,0.9541584329938442,bernoulli,bernoulli,3,completed
rep15,start_B,6,poisson,-73.47157381188703,146.94314762377405,,bfgs,10,True,1.1895942009232385e-09,False,0.20559279881493975,bernoulli,bernoulli,3,completed
rep15,start_B,7,bernoulli,-46.880526631766216,93.76105326353243,,bfgs,7,True,1.6552448300899415e-11,True,0.8356656018651323,bernoulli,bernoulli,3,completed
rep15,start_B,7,poisson,-73.80038242440789,147.60076484881577,,bfgs,10,True,1.7669918861429324e-10,False,0.18664366801976617,bernoulli,bernoulli,3,completed
rep15,start_B,8,bernoulli,-42.924547296060396,85.84909459212079,,bfgs,6,True,1.1544845079924925e-10,False,1.1600070389554342,bernoulli,bernoulli,3,completed
rep15,start_B,8,poisson,-73.48297366501336,146.96594733002672,,bfgs,11,True,4.6275339116164105e-10,False,0.19861450254321722,bernoulli,bernoulli,3,completed
rep15,start_B,3,bernoulli,-43.99890221171181,87.99780442342362,,bfgs,8,True,8.845465471196689e-11,True,0.8891329901928994,bernoulli,bernoulli,4,completed
rep15,start_B,3,poisson,-73.06953811874772,146.13907623749543,,bfgs,11,True,1.1039550495972605e-09,False,0.20469305382616487,bernoulli,bernoulli,4,completed
rep15,start_B,4,bernoulli,-32.51864409279121,65.03728818558243,,bfgs,8,False,1.1423818591094203e-08,False,2.2985082953960863,bernoulli,bernoulli,4,completed
rep15,start_B,4,poisson,-69.69958391936447,139.39916783872894,,bfgs,19,True,1.2489400957882425e-09,False,0.39408606107089644,bernoulli,bernoulli,4,completed
rep15,start_B,5,bernoulli,-48.46952883118287,96.93905766236574,,bfgs,8,True,3.603861653544982e-12,True,0.6304309532698426,bernoulli,bernoulli,4,completed
rep15,start_B,5,poisson,-74.47080331243629,148.94160662487258,,bfgs,11,False,2.028569667800184e-08,False,0.12746110231161145,bernoulli,bernoulli,4,completed
rep15,start_B,6,bernoulli,-42.463262942375785,84.92652588475157,,bfgs,9,False,1.8232781062721415e-08,False,1.3247218929000022,bernoulli,bernoulli,4,completed
rep15,start_B,6,poisson,-72.61665694971599,145.23331389943198,,bfgs,10,False,6.951710034286407e-08,False,0.29673620171424714,bernoulli,bernoulli,4,completed
rep15,start_B,7,bernoulli,-46.61062809882705,93.2212561976541,,bfgs,9,True,9.590017668870132e-12,True,0.8348578679184258,bernoulli,bernoulli,4,completed
rep15,start_B,7,poisson,-74.02274661771172,148.04549323542344,,bfgs,13,True,1.6927614865380747e-09,False,0.15635011899729592,bernoulli,bernoulli,4,completed
rep15,start_B,8,bernoulli,-42.77447478864392,85.54894957728784,,bfgs,9,True,1.953126549381068e-11,True,1.0740629524732406,bernoulli,bernoulli,4,completed
rep15,start_B,8,poisson,-73.58015497899439,147.16030995798877,,bfgs,11,True,2.371653451405109e-09,False,0.17691945377744364,bernoulli,bernoulli,4,completed
rep15,start_B,3,bernoulli,-40.703309672545515,81.40661934509103,,bfgs,9,True,3.7564737986883754e-10,False,1.340926099861378,bernoulli,bernoulli,5,completed
rep15,start_B,3,poisson,-72.89064073174043,145.78128146348087,,bfgs,14,True,1.0359097579737408e-09,False,0.2257204686974757,bernoulli,bernoulli,5,completed
rep15,start_B,4,bernoulli,-32.9047401215704,65.8094802431408,,bfgs,9,True,6.536147623137368e-10,False,2.3209481920575876,bernoulli,bernoulli,5,completed
rep15,start_B,4,poisson,-70.49844794756753,140.99689589513505,,bfgs,20,False,1.6895360488433653e-08,False,0.35424887751517165,bernoulli,bernoulli,5,completed
rep15,start_B,5,bernoulli,-49.04895225069942,98.09790450139884,,bfgs,10,True,2.1024160190563633e-11,True,0.5919167995193574,bernoulli,bernoulli,5,completed
rep15,start_B,5,poisson,-74.47959477595944,148.95918955191888,,bfgs,11,True,6.382523398684725e-11,True,0.11934257509302759,bernoulli,bernoulli,5,completed
rep15,start_B,6,bernoulli,-36.57140785192614,73.14281570385228,,bfgs,11,True,2.511452379394541e-10,False,2.14667377037275,bernoulli,bernoulli,5,completed
rep15,start_B,6,poisson,-71.82621144648579,143.65242289297157,,bfgs,15,True,1.8188970329902077e-10,False,0.34565116053246114,bernoulli,bernoulli,5,completed
rep15,start_B,7,bernoulli,-44.099674331438266,88.19934866287653,,bfgs,8,True,3.5660316477503786e-09,False,1.1460604958638343,bernoulli,bernoulli,5,completed
rep15,start_B,7,poisson,-73.63821982640168,147.27643965280336,,bfgs,13,True,5.851520867850013e-09,False,0.2024129614466447,bernoulli,bernoulli,5,completed
rep15,start_B,8,bernoulli,-40.71801233352909,81.43602466705818,,bfgs,10,True,2.9832932901818767e-09,False,1.2797984055391205,bernoulli,bernoulli,5,completed
rep15,start_B,8,poisson,-73.14731200741538,146.29462401483076,,bfgs,14,True,1.1156231494169333e-10,False,0.219254791771884,bernoulli,bernoulli,5,completed
rep16,start_B,3,bernoulli,-51.21865545827116,102.43731091654232,,bfgs,4,True,2.2915003228263232e-14,True,0.29043573011609053,bernoulli,bernoulli,1,completed
rep16,start_B,3,poisson,-74.99990021974986,149.99980043949972,,bfgs,5,True,8.563816322748608e-13,True,0.0016317442859395863,bernoulli,bernoulli,1,completed
rep16,start_B,4,bernoulli,-51.84698106960129,103.69396213920258,,bfgs,3,True,5.834888128219973e-13,True,0.12212312945386788,bernoulli,bernoulli,1,completed
rep16,start_B,4,poisson,-74.59270275567035,149.1854055113407,,bfgs,4,True,5.077360754057736e-12,True,0.10612642759904725,bernoulli,bernoulli,1,completed
rep16,start_B,5,bernoulli,-50.208674987041476,100.41734997408295,,bfgs,3,False,2.2742796623731466e-08,False,0.4507890973758138,bernoulli,bernoulli,1,completed
rep16,start_B,5,poisson,-74.9549054828915,149.909810965783,,bfgs,5,True,3.447908625275886e-12,True,0.03441935862293213,bernoulli,bernoulli,1,completed
rep16,start_B,6,bernoulli,-50.58072710512262,101.16145421024524,,bfgs,4,True,1.2434497875801752e-15,True,0.39795197371593305,bernoulli,bernoulli,1,completed
rep16,start_B,6,poisson,-74.98006504955396,149.96013009910791,,bfgs,5,True,2.5989876917265063e-12,True,0.022943891786637995,bernoulli,bernoulli,1,completed
rep16,start_B,7,bernoulli,-51.986034133658926,103.97206826731785,,bfgs,3,True,3.1530333899354446e-13,True,0.0006857278550947547,bernoulli,bernoulli,1,completed
rep16,start_B,7,poisson,-74.79749976226795,149.5949995245359,,bfgs,5,True,5.730043994844891e-10,False,0.07448443534321532,bernoulli,bernoulli,1,completed
rep16,start_B,8,bernoulli,-48.62138123060349,97.24276246120698,,bfgs,5,True,9.305227366418478e-10,False,0.6396105247674011,bernoulli,bernoulli,1,completed
rep16,start_B,8,poisson,-73.13046984019124,146.26093968038248,,bfgs,4,True,5.773159728050814e-16,True,0.23008010104385299,bernoulli,bernoulli,1,completed
rep16,start_B,3,bernoulli,-48.792325465929295,97.58465093185859,,bfgs,5,True,1.2345680033831741e-14,True,0.6268874720028733,bernoulli,bernoulli,2,completed
rep16,start_B,3,poisson,-74.60681547435878,149.21363094871757,,bfgs,9,True,9.220180174907e-11,True,0.10007363246148875,bernoulli,bernoulli,2,completed
rep16,start_B,4,bernoulli,-48.851371657858635,97.70274331571727,,bfgs,6,True,1.7177370637000422e-13,True,0.6024573197792528,bernoulli,bernoulli,2,completed
rep16,start_B,4,poisson,-73.96254359717948,147.92508719435895,,bfgs,9,True,3.936087011879863e-11,True,0.1637903569554982,bernoulli,bernoulli,2,completed
rep16,start_B,5,bernoulli,-48.85514683606413,97.71029367212826,,bfgs,5,True,3.746380983216113e-11,True,0.6000412541288785,bernoulli,bernoulli,2,completed
rep16,start_B,5,poisson,-74.5534850974796,149.1069701949592,,bfgs,6,True,2.1469048760991426e-12,True,0.10535885065458021,bernoulli,bernoulli,2,completed
rep16,start_B,6,bernoulli,-48.57439501443527,97.14879002887054,,bfgs,5,True,8.482103908136197e-15,True,0.6551551947870201,bernoulli,bernoulli,2,completed
rep16,start_B,6,poisson,-74.65220062282415,149.3044012456483,,bfgs,9,True,7.250269273839649e-11,True,0.09479822070053623,bernoulli,bernoulli,2,completed
rep16,start_B,7,bernoulli,-50.84281531974088,101.68563063948176,,bfgs,5,True,1.3766765505351941e-15,True,0.35007630232462283,bernoulli,bernoulli,2,completed
rep16,start_B,7,poisson,-74.54922243171123,149.09844486342246,,bfgs,6,True,1.1817680167780508e-11,True,0.10881452613638884,bernoulli,bernoulli,2,completed
rep16,start_B,8,bernoulli,-47.86669613464049,95.73339226928098,,bfgs,6,True,3.2325253584986057e-13,True,0.7194082148086631,bernoulli,bernoulli,2,completed
rep16,start_B,8,poisson,-72.82453175672012,145.64906351344024,,bfgs,7,True,3.3882550098951467e-10,False,0.2525311244250829,bernoulli,bernoulli,2,completed
rep16,start_B,3,bernoulli,-46.98835740083287,93.97671480166574,,bfgs,9,True,1.0774057646045776e-09,False,0.8707610467463948,bernoulli,bernoulli,3,completed
rep16,start_B,3,poisson,-74.24306669750956,148.48613339501912,,bfgs,10,True,1.308999042493042e-09,False,0.150046947417346,bernoulli,bernoulli,3,completed
rep16,start_B,4,bernoulli,-46.43009425394969,92.86018850789938,,bfgs,6,False,7.13288924369948e-08,False,0.8863309090154651,bernoulli,bernoulli,3,completed
rep16,start_B,4,poisson,-73.3774113014723,146.7548226029446,,bfgs,12,True,7.186451433938146e-12,True,0.20372817652733793,bernoulli,bernoulli,3,completed
rep16,start_B,5,bernoulli,-44.159737700261466,88.31947540052293,,bfgs,7,True,1.579019115460767e-09,False,1.0418242545301246,bernoulli,bernoulli,3,completed
rep16,start_B,5,poisson,-73.48834164945858,146.97668329891715,,bfgs,11,True,1.1230127938688384e-12,True,0.21581450640037464,bernoulli,bernoulli,3,completed
rep16,start_B,6,bernoulli,-48.4963268491086,96.9926536982172,,bfgs,7,True,1.873162736032441e-11,True,0.6430152193855022,bernoulli,bernoulli,3,completed
rep16,start_B,6,poisson,-74.66033956939656,149.3206791387931,,bfgs,10,False,2.550677987989136e-08,False,0.09206796299346649,bernoulli,bernoulli,3,completed
rep16,start_B,7,bernoulli,-48.30123403965375,96.6024680793075,,bfgs,8,True,3.7734131375088963e-10,False,0.7247893441063497,bernoulli,bernoulli,3,completed
rep16,start_B,7,poisson,-73.87797884196418,147.75595768392836,,bfgs,10,True,3.0047518251308246e-09,False,0.18844055454529396,bernoulli,bernoulli,3,completed
rep16,start_B,8,bernoulli,-47.233437996068645,94.46687599213729,,bfgs,6,True,7.569833648801705e-13,True,0.747600550983194,bernoulli,bernoulli,3,completed
rep16,start_B,8,poisson,-72.58499303862376,145.16998607724753,,bfgs,9,True,8.242295734817162e-13,True,0.25441190654376805,bernoulli,bernoulli,3,completed
rep16,start_B,3,bernoulli,-46.49487198535746,92.98974397071493,,bfgs,7,False,1.8435755588797065e-08,False,0.8240256246697034,bernoulli,bernoulli,4,completed
rep16,start_B,3,poisson,-73.8724656138107,147.7449312276214,,bfgs,13,True,1.7683944975033227e-09,False,0.1921349531318202,bernoulli,bernoulli,4,completed
rep16,start_B,4,bernoulli,-47.34530643888229,94.69061287776458,,bfgs,8,True,2.1378934178528652e-10,False,0.7859298596197068,bernoulli,bernoulli,4,completed
rep16,start_B,4,poisson,-73.03200706613164,146.06401413226328,,bfgs,14,True,1.2182758579726283e-09,False,0.25479887546461094,bernoulli,bernoulli,4,completed
rep16,start_B,5,bernoulli,-44.21194948560753,88.42389897121507,,bfgs,7,False,1.1127578898317836e-07,False,1.0573795951665745,bernoulli,bernoulli,4,completed
rep16,start_B,5,poisson,-72.99867412239534,145.9973482447907,,bfgs,13,True,1.1897328455745538e-09,False,0.2729480926434498,bernoulli,bernoulli,4,completed
rep16,start_B,6,bernoulli,-44.948704648184055,89.89740929636811,,bfgs,8,True,3.7633451910323856e-11,True,1.2717465727503625,bernoulli,bernoulli,4,completed
rep16,start_B,6,poisson,-72.90543085003154,145.81086170006307,,bfgs,13,True,3.433943263075889e-09,False,0.3352061177023053,bernoulli,bernoulli,4,completed
rep16,start_B,7,bernoulli,-46.11745924934865,92.2349184986973,,bfgs,9,True,9.396714517606597e-11,True,0.9540703590912245,bernoulli,bernoulli,4,completed
rep16,start_B,7,poisson,-72.76607553041852,145.53215106083704,,bfgs,12,True,4.023511301909366e-10,False,0.2894986231086072,bernoulli,bernoulli,4,completed
rep16,start_B,8,bernoulli,-46.51371041533797,93.02742083067594,,bfgs,8,True,1.9727264266578003e-11,True,0.7970696509118161,bernoulli,bernoulli,4,completed
rep16,start_B,8,poisson,-71.9823692386781,143.9647384773562,,bfgs,9,True,6.250289175113721e-11,True,0.29238985949792623,bernoulli,bernoulli,4,completed
rep16,start_B,3,bernoulli,-46.29622566243823,92.59245132487646,,bfgs,9,True,2.1469830358000762e-10,False,0.8463288558812013,bernoulli,bernoulli,5,completed
rep16,start_B,3,poisson,-73.36293498815117,146.72586997630233,,bfgs,15,True,3.3024906809231426e-09,False,0.25050508472488825,bernoulli,bernoulli,5,completed
rep16,start_B,4,bernoulli,-44.419938987441995,88.83987797488399,,bfgs,9,False,2.2994435422418746e-08,False,1.0668890069643098,bernoulli,bernoulli,5,completed
rep16,start_B,4,poisson,-73.45104857809842,146.90209715619685,,bfgs,13,True,1.3558304257088594e-09,False,0.1776653598621818,bernoulli,bernoulli,5,completed
rep16,start_B,5,bernoulli,-31.67447176285277,63.34894352570554,,bfgs,11,False,5.977443979787722e-08,False,2.957377855958661,bernoulli,bernoulli,5,completed
rep16,start_B,5,poisson,-70.1643403380775,140.328680676155,,bfgs,28,False,1.1710617617843865e-07,False,0.4359325096631931,bernoulli,bernoulli,5,completed
rep16,start_B,6,bernoulli,-47.667652325403175,95.33530465080635,,bfgs,10,False,1.095822117491707e-08,False,0.735624129001284,bernoulli,bernoulli,5,completed
rep16,start_B,6,poisson,-73.37598135661798,146.75196271323597,,bfgs,14,True,5.477070896819924e-09,False,0.2620218024432651,bernoulli,bernoulli,5,completed
rep16,start_B,7,bernoulli,-47.255641008754026,94.51128201750805,,bfgs,9,True,4.2860177629222563e-10,False,0.8030638663346296,bernoulli,bernoulli,5,completed
rep16,start_B,7,poisson,-73.18303059045128,146.36606118090256,,bfgs,13,True,3.049354602158161e-10,False,0.24292220280277915,bernoulli,bernoulli,5,completed
rep16,start_B,8,bernoulli,-45.45711100343759,90.91422200687518,,bfgs,10,True,4.847554069264959e-09,False,0.9402093626532746,bernoulli,bernoulli,5,completed
rep16,start_B,8,poisson,-72.63455104318096,145.26910208636193,,bfgs,14,True,1.6244303235879442e-09,False,0.21960729750775237,bernoulli,bernoulli,5,completed
rep17,start_B,3,bernoulli,-51.98491302942209,103.96982605884418,,bfgs,3,True,6.976454969276346e-11,True,0.010957295803065674,bernoulli,bernoulli,1,completed
rep17,start_B,3,poisson,-74.8028637771128,149.6057275542256,,bfgs,4,True,3.775246781856367e-11,True,0.0737109505810936,bernoulli,bernoulli,1,completed
rep17,start_B,4,bernoulli,-51.86295679794041,103.72591359588083,,bfgs,3,True,5.099920485918119e-13,True,0.11498012263770029,bernoulli,bernoulli,1,completed
rep17,start_B,4,poisson,-74.93777106653904,149.87554213307808,,bfgs,5,True,8.832934383917746e-14,True,0.04113830801182673,bernoulli,bernoulli,1,completed
rep17,start_B,5,bernoulli,-50.59839060926823,101.19678121853646,,bfgs,3,False,1.0797845240162474e-07,False,0.3998323242390489,bernoulli,bernoulli,1,completed
rep17,start_B,5,poisson,-73.95425668117343,147.90851336234687,,bfgs,4,True,4.2893422147471935e-11,True,0.1722282441943539,bernoulli,bernoulli,1,completed
rep17,start_B,6,bernoulli,-50.23167786884956,100.46335573769912,,bfgs,4,True,4.7244252954214974e-11,True,0.4540536952076124,bernoulli,bernoulli,1,completed
rep17,start_B,6,poisson,-74.94844042878763,149.89688085757527,,bfgs,5,True,7.97015143882973e-09,False,0.03670761234170048,bernoulli,bernoulli,1,completed
rep17,start_B,7,bernoulli,-51.92220412762042,103.84440825524084,,bfgs,4,False,1.1501546204328861e-07,False,0.08266592053192268,bernoulli,bernoulli,1,completed
rep17,start_B,7,poisson,-74.91063179757298,149.82126359514595,,bfgs,5,True,2.794209308376594e-13,True,0.049387340640361856,bernoulli,bernoulli,1,completed
rep17,start_B,8,bernoulli,-51.43153708401862,102.86307416803724,,bfgs,4,True,4.7200909847333605e-11,True,0.24701943491482664,bernoulli,bernoulli,1,completed
rep17,start_B,8,poisson,-74.99718203612149,149.99436407224297,,bfgs,5,True,2.5161339678447804e-11,True,0.008687795789023227,bernoulli,bernoulli,1,completed
rep17,start_B,3,bernoulli,-51.83461526881588,103.66923053763176,,bfgs,5,True,1.9984014443252818e-15,True,0.12183577261376163,bernoulli,bernoulli,2,completed
rep17,start_B,3,poisson,-74.38104548134088,148.76209096268175,,bfgs,6,True,5.836007233028795e-11,True,0.13766850439203868,bernoulli,bernoulli,2,completed
rep17,start_B,4,bernoulli,-51.32596889581373,102.65193779162746,,bfgs,6,True,2.1049828546892967e-14,True,0.2952634196316125,bernoulli,bernoulli,2,completed
rep17,start_B,4,poisson,-74.86358188534531,149.72716377069062,,bfgs,7,True,1.1423653110270715e-09,False,0.06413734512839761,bernoulli,bernoulli,2,completed
rep17,start_B,5,bernoulli,-48.473796898057614,96.94759379611523,,bfgs,6,True,1.4151523508587615e-09,False,0.731368376545438,bernoulli,bernoulli,2,completed
rep17,start_B,5,poisson,-73.90644727222636,147.81289454445272,,bfgs,7,True,2.616982186509631e-11,True,0.17615661216857928,bernoulli,bernoulli,2,completed
rep17,start_B,6,bernoulli,-47.196198511616714,94.39239702323343,,bfgs,6,True,2.6047759504876923e-10,False,0.847052749838071,bernoulli,bernoulli,2,completed
rep17,start_B,6,poisson,-74.90076552384316,149.80153104768632,,bfgs,8,False,2.555008997386608e-07,False,0.052349363515763685,bernoulli,bernoulli,2,completed
rep17,start_B,7,bernoulli,-42.27583078725493,84.55166157450986,,bfgs,6,True,3.196923836767951e-11,True,1.3812795399400741,bernoulli,bernoulli,2,completed
rep17,start_B,7,poisson,-74.12184714415304,148.24369428830607,,bfgs,9,True,1.957545237019076e-13,True,0.16597887527540442,bernoulli,bernoulli,2,completed
rep17,start_B,8,bernoulli,-50.556925290153345,101.11385058030669,,bfgs,4,False,1.0623719357560901e-07,False,0.40082488624057777,bernoulli,bernoulli,2,completed
rep17,start_B,8,poisson,-74.80748979188245,149.6149795837649,,bfgs,8,True,1.8036996340953237e-10,False,0.07488236217334847,bernoulli,bernoulli,2,completed
rep17,start_B,3,bernoulli,-48.8128237223752,97.6256474447504,,bfgs,7,True,2.0728716521034585e-10,False,0.7907906933715778,bernoulli,bernoulli,3,completed
rep17,start_B,3,poisson,-74.18242623342992,148.36485246685984,,bfgs,11,True,1.0815455198098789e-10,False,0.16536124305816513,bernoulli,bernoulli,3,completed
rep17,start_B,4,bernoulli,-50.29254914232631,100.58509828465262,,bfgs,7,True,3.0774608417161176e-09,False,0.5457108397865579,bernoulli,bernoulli,3,completed
rep17,start_B,4,poisson,-74.7797657199927,149.5595314399854,,bfgs,11,True,1.4310097551373246e-11,True,0.08765152309969264,bernoulli,bernoulli,3,completed
rep17,start_B,5,bernoulli,-48.624291865965326,97.24858373193065,,bfgs,6,True,6.825406906330045e-12,True,0.6619641497534038,bernoulli,bernoulli,3,completed
rep17,start_B,5,poisson,-73.80401116710098,147.60802233420196,,bfgs,13,True,8.723329614213071e-10,False,0.17960110944537944,bernoulli,bernoulli,3,completed
rep17,start_B,6,bernoulli,-47.19410504827833,94.38821009655666,,bfgs,7,True,7.24857951439617e-10,False,0.8726150709263554,bernoulli,bernoulli,3,completed
rep17,start_B,6,poisson,-74.39172157038581,148.78344314077162,,bfgs,13,True,9.233680486886443e-12,True,0.16071751601694312,bernoulli,bernoulli,3,completed
rep17,start_B,7,bernoulli,-40.928582967710916,81.85716593542183,,bfgs,8,True,6.290079568316287e-12,True,1.5361094520221459,bernoulli,bernoulli,3,completed
rep17,start_B,7,poisson,-74.08836436689751,148.17672873379502,,bfgs,12,False,3.740078264868885e-08,False,0.1579924294343686,bernoulli,bernoulli,3,completed
rep17,start_B,8,bernoulli,-37.231913656326405,74.46382731265281,,bfgs,7,False,6.063757971297434e-08,False,2.1485730558959752,bernoulli,bernoulli,3,completed
rep17,start_B,8,poisson,-71.07323226497999,142.14646452995999,,bfgs,13,True,6.340683533778702e-11,True,0.396489243337329,bernoulli,bernoulli,3,completed
rep17,start_B,3,bernoulli,-47.937737437335386,95.87547487467077,,bfgs,7,True,1.6124007906626047e-09,False,0.8785851408133275,bernoulli,bernoulli,4,completed
rep17,start_B,3,poisson,-72.98734452073133,145.97468904146265,,bfgs,13,True,5.016167925475656e-09,False,0.3361470667165425,bernoulli,bernoulli,4,completed
rep17,start_B,4,bernoulli,-49.48363390380426,98.96726780760852,,bfgs,8,True,2.581401759016444e-12,True,0.6692197518645616,bernoulli,bernoulli,4,completed
rep17,start_B,4,poisson,-74.71455681197934,149.42911362395867,,bfgs,11,True,1.0998043586951667e-09,False,0.09211973104135772,bernoulli,bernoulli,4,completed
rep17,start_B,5,bernoulli,-48.22950155986694,96.45900311973388,,bfgs,8,True,5.373035349975908e-13,True,0.6797237943430205,bernoulli,bernoulli,4,completed
rep17,start_B,5,poisson,-73.63086073654202,147.26172147308404,,bfgs,10,True,2.5602534536872665e-10,False,0.19192002867972827,bernoulli,bernoulli,4,completed
rep17,start_B,6,bernoulli,-45.20275988058701,90.40551976117402,,bfgs,6,False,8.929305419513867e-08,False,1.0113172051984725,bernoulli,bernoulli,4,completed
rep17,start_B,6,poisson,-73.37983428628422,146.75966857256844,,bfgs,13,False,1.7302224541992928e-08,False,0.2893515139105649,bernoulli,bernoulli,4,completed
rep17,start_B,7,bernoulli,-40.244037768524194,80.48807553704839,,bfgs,8,False,5.918346612787673e-08,False,1.418024251551653,bernoulli,bernoulli,4,completed
rep17,start_B,7,poisson,-73.38745382910369,146.77490765820738,,bfgs,13,False,5.259548307989803e-08,False,0.2575132182328145,bernoulli,bernoulli,4,completed
rep17,start_B,8,bernoulli,-38.58062932835154,77.16125865670308,,bfgs,9,True,2.519612296580931e-11,True,1.7024961838024582,bernoulli,bernoulli,4,completed
rep17,start_B,8,poisson,-70.70255722539159,141.40511445078317,,bfgs,13,False,3.471524250286961e-08,False,0.38489688731491895,bernoulli,bernoulli,4,completed
rep17,start_B,3,bernoulli,-48.81175325510961,97.62350651021922,,bfgs,9,True,5.2866599986600704e-12,True,0.6313247237078193,bernoulli,bernoulli,5,completed
rep17,start_B,3,poisson,-74.03963676137514,148.07927352275027,,bfgs,15,True,3.144581928182788e-10,False,0.14389260832883244,bernoulli,bernoulli,5,completed
rep17,start_B,4,bernoulli,-46.5074790691891,93.0149581383782,,bfgs,9,True,3.4746284738318424e-10,False,1.0120203590946408,bernoulli,bernoulli,5,completed
rep17,start_B,4,poisson,-74.00310113940614,148.00620227881228,,bfgs,14,True,6.86407828354163e-09,False,0.19637508658255967,bernoulli,bernoulli,5,completed
rep17,start_B,5,bernoulli,-45.85595027729895,91.7119005545979,,bfgs,9,True,2.7794233581346363e-11,True,1.0982438742722365,bernoulli,bernoulli,5,completed
rep17,start_B,5,poisson,-73.05233653827193,146.10467307654386,,bfgs,15,True,2.401983278943476e-10,False,0.2684119855149602,bernoulli,bernoulli,5,completed
rep17,start_B,6,bernoulli,-45.93866448244065,91.8773289648813,,bfgs,9,True,1.4481210897088203e-09,False,0.934687655314021,bernoulli,bernoulli,5,completed
rep17,start_B,6,poisson,-74.32837091749158,148.65674183498317,,bfgs,14,True,1.038397634545163e-09,False,0.15576200876497612,bernoulli,bernoulli,5,completed
rep17,start_B,7,bernoulli,-38.01648567307977,76.03297134615954,,bfgs,8,False,2.7331884311365684e-08,False,1.4989293361285099,bernoulli,bernoulli,5,completed
rep17,start_B,7,poisson,-73.91316724835461,147.82633449670922,,bfgs,13,False,3.650982307590311e-08,False,0.1656759177414345,bernoulli,bernoulli,5,completed
rep17,start_B,8,bernoulli,-38.48269369610954,76.96538739221909,,bfgs,8,False,1.7967562337961595e-08,False,1.6012341324761228,bernoulli,bernoulli,5,completed
rep17,start_B,8,poisson,-71.31492650879608,142.62985301759215,,bfgs,15,False,2.615221035284776e-08,False,0.3116765420829461,bernoulli,bernoulli,5,completed
rep18,start_B,3,bernoulli,-51.928066050384516,103.85613210076903,,bfgs,4,True,4.5123904612864863e-13,True,0.07871190123280118,bernoulli,bernoulli,1,completed
rep18,start_B,3,poisson,-74.60711091210058,149.21422182420116,,bfgs,5,True,2.966515921798418e-14,True,0.10426183728985691,bernoulli,bernoulli,1,completed
rep18,start_B,4,bernoulli,-51.931318480890376,103.86263696178075,,bfgs,4,True,1.509903313490213e-14,True,0.07646794286259269,bernoulli,bernoulli,1,completed
rep18,start_B,4,poisson,-74.60272809493685,149.2054561898737,,bfgs,5,True,9.059419880941277e-15,True,0.10485088743511072,bernoulli,bernoulli,1,completed
rep18,start_B,5,bernoulli,-51.272105387250214,102.54421077450043,,bfgs,4,True,6.661338147750939e-17,True,0.27924793888074445,bernoulli,bernoulli,1,completed
rep18,start_B,5,poisson,-73.60423425970427,147.20846851940854,,bfgs,3,False,2.1492463351258095e-07,False,0.19877293370429538,bernoulli,bernoulli,1,completed
rep18,start_B,6,bernoulli,-49.47129867299019,98.94259734598037,,bfgs,3,True,7.534950441367983e-12,True,0.5404387536952489,bernoulli,bernoulli,1,completed
rep18,start_B,6,poisson,-74.99834011595078,149.99668023190156,,bfgs,6,True,5.331934893604284e-11,True,0.006643945905851335,bernoulli,bernoulli,1,completed
rep18,start_B,7,bernoulli,-51.67833881819145,103.3566776363829,,bfgs,4,True,4.440892098500626e-16,True,0.1820902442056709,bernoulli,bernoulli,1,completed
rep18,start_B,7,poisson,-74.78126838751595,149.5625367750319,,bfgs,5,True,3.7569947153315295e-14,True,0.07747074308449675,bernoulli,bernoulli,1,completed
rep18,start_B,8,bernoulli,-44.4130958712153,88.8261917424306,,bfgs,4,True,4.405364961712621e-13,True,1.0297002326675524,bernoulli,bernoulli,1,completed
rep18,start_B,8,poisson,-74.67384461057878,149.34768922115757,,bfgs,6,True,8.387024408307298e-11,True,0.0913292070056047,bernoulli,bernoulli,1,completed
rep18,start_B,3,bernoulli,-51.63899739508704,103.27799479017408,,bfgs,5,True,1.257276593946699e-09,False,0.1876343796152515,bernoulli,bernoulli,2,completed
rep18,start_B,3,poisson,-74.38040494209876,148.76080988419753,,bfgs,6,True,1.2498121426673947e-10,False,0.1373083703740006,bernoulli,bernoulli,2,completed
rep18,start_B,4,bernoulli,-44.50489637426778,89.00979274853556,,bfgs,5,True,2.1790347304317947e-12,True,1.0188237521504018,bernoulli,bernoulli,2,completed
rep18,start_B,4,poisson,-73.57326076932392,147.14652153864785,,bfgs,9,True,7.602403706563621e-11,True,0.1879690681818967,bernoulli,bernoulli,2,completed
rep18,start_B,5,bernoulli,-47.99174764850826,95.98349529701652,,bfgs,7,True,8.809823981437148e-11,True,0.6784871932784077,bernoulli,bernoulli,2,completed
rep18,start_B,5,poisson,-73.07772027127878,146.15544054255756,,bfgs,9,True,1.8923307365525943e-10,False,0.22995107889592503,bernoulli,bernoulli,2,completed
rep18,start_B,6,bernoulli,-44.004032791772644,88.00806558354529,,bfgs,6,True,9.90232118525114e-11,True,1.1384133671713894,bernoulli,bernoulli,2,completed
rep18,start_B,6,poisson,-74.35695881252735,148.7139176250547,,bfgs,10,True,3.3448881997522053e-10,False,0.12573620460588858,bernoulli,bernoulli,2,completed
rep18,start_B,7,bernoulli,-51.16396280220642,102.32792560441284,,bfgs,5,True,1.3921308550379764e-12,True,0.29515709618593455,bernoulli,bernoulli,2,completed
rep18,start_B,7,poisson,-74.5171258174919,149.0342516349838,,bfgs,6,True,1.2212437283665167e-09,False,0.1193976637150607,bernoulli,bernoulli,2,completed
rep18,start_B,8,bernoulli,-40.94313765490341,81.88627530980682,,bfgs,6,True,8.992806499463768e-12,True,1.3489798434239275,bernoulli,bernoulli,2,completed
rep18,start_B,8,poisson,-73.41327986341136,146.82655972682272,,bfgs,8,True,1.6600227858987183e-10,False,0.19600125112782044,bernoulli,bernoulli,2,completed
rep18,start_B,3,bernoulli,-41.6983311812987,83.3966623625974,,bfgs,7,True,3.6225483723839605e-11,True,1.445457065164052,bernoulli,bernoulli,3,completed
rep18,start_B,3,poisson,-72.08432228497583,144.16864456995165,,bfgs,14,True,6.73949784868455e-13,True,0.27465629393409674,bernoulli,bernoulli,3,completed
rep18,start_B,4,bernoulli,-37.592987759740616,75.18597551948123,,bfgs,7,True,4.150013666048835e-14,True,1.6929881155093542,bernoulli,bernoulli,3,completed
rep18,start_B,4,poisson,-71.85108226101292,143.70216452202584,,bfgs,13,False,3.588991042136058e-08,False,0.28668832449038156,bernoulli,bernoulli,3,completed
rep18,start_B,5,bernoulli,-48.334337557616195,96.66867511523239,,bfgs,7,True,2.2245405517651305e-11,True,0.6301060558468626,bernoulli,bernoulli,3,completed
rep18,start_B,5,poisson,-73.04117749690326,146.08235499380652,,bfgs,12,True,1.9745237000989844e-09,False,0.2329456876216933,bernoulli,bernoulli,3,completed
rep18,start_B,6,bernoulli,-40.86071372198355,81.7214274439671,,bfgs,7,True,7.579614713648653e-12,True,1.3686423821884748,bernoulli,bernoulli,3,completed
rep18,start_B,6,poisson,-74.0244988610137,148.0489977220274,,bfgs,12,True,1.2791985248838956e-10,False,0.14892195963783103,bernoulli,bernoulli,3,completed
rep18,start_B,7,bernoulli,-47.293316840399655,94.58663368079931,,bfgs,7,True,2.534012999433344e-11,True,0.8211538200116376,bernoulli,bernoulli,3,completed
rep18,start_B,7,poisson,-73.89670200184666,147.79340400369333,,bfgs,10,True,1.981432795616911e-11,True,0.18518547977620356,bernoulli,bernoulli,3,completed
rep18,start_B,8,bernoulli,-40.13031120280112,80.26062240560223,,bfgs,7,True,3.440128182319313e-11,True,1.4059723145362992,bernoulli,bernoulli,3,completed
rep18,start_B,8,poisson,-73.28642681955812,146.57285363911623,,bfgs,13,True,6.183558554084812e-10,False,0.20205415874596633,bernoulli,bernoulli,3,completed
rep18,start_B,3,bernoulli,-40.568158152375375,81.13631630475075,,bfgs,8,True,1.0772756020571705e-10,False,1.5508850968317527,bernoulli,bernoulli,4,completed
rep18,start_B,3,poisson,-71.09173094861724,142.18346189723448,,bfgs,14,True,8.529953632319121e-10,False,0.35459502458300224,bernoulli,bernoulli,4,completed
rep18,start_B,4,bernoulli,-35.71254936474192,71.42509872948384,,bfgs,8,True,4.391043761931002e-09,False,1.8504476546395299,bernoulli,bernoulli,4,completed
rep18,start_B,4,poisson,-71.03571063748345,142.0714212749669,,bfgs,16,False,2.19721221661473e-08,False,0.33196997174016074,bernoulli,bernoulli,4,completed
rep18,start_B,5,bernoulli,-45.013890208994155,90.02778041798831,,bfgs,7,True,3.623015665255025e-10,False,1.1058517468622526,bernoulli,bernoulli,4,completed
rep18,start_B,5,poisson,-72.75118385393453,145.50236770786907,,bfgs,13,True,1.2555600115149445e-09,False,0.2441816737373538,bernoulli,bernoulli,4,completed
rep18,start_B,6,bernoulli,-38.371127528643115,76.74225505728623,,bfgs,8,True,1.7959855824756232e-12,True,1.6506306935295634,bernoulli,bernoulli,4,completed
rep18,start_B,6,poisson,-73.98057753152686,147.96115506305372,,bfgs,14,False,3.4764540135512334e-07,False,0.16302050904441034,bernoulli,bernoulli,4,completed
rep18,start_B,7,bernoulli,-48.1596863174109,96.3193726348218,,bfgs,9,True,1.370504154607488e-09,False,0.7075697159526475,bernoulli,bernoulli,4,completed
rep18,start_B,7,poisson,-73.72618364903413,147.45236729806825,,bfgs,13,True,5.437331296320735e-09,False,0.20044992468774991,bernoulli,bernoulli,4,completed
rep18,start_B,8,bernoulli,-37.217355481967175,74.43471096393435,,bfgs,8,True,8.568363796257472e-11,True,1.5937074261736106,bernoulli,bernoulli,4,completed
rep18,start_B,8,poisson,-73.31971825416333,146.63943650832667,,bfgs,16,False,1.7104112792765136e-08,False,0.1810775069332979,bernoulli,bernoulli,4,completed
rep18,start_B,3,bernoulli,-39.87573199997137,79.75146399994274,,bfgs,10,True,4.698894606747217e-11,True,1.4459263530681847,bernoulli,bernoulli,5,completed
rep18,start_B,3,poisson,-70.4687092173676,140.9374184347352,,bfgs,16,False,5.2492634705636475e-08,False,0.35928551711145484,bernoulli,bernoulli,5,completed
rep18,start_B,4,bernoulli,-36.30780782357528,72.61561564715056,,bfgs,9,True,1.585515441160368e-10,False,1.6642778372214915,bernoulli,bernoulli,5,completed
rep18,start_B,4,poisson,-70.37725142496178,140.75450284992357,,bfgs,17,True,3.2879002409558213e-09,False,0.3621355436379194,bernoulli,bernoulli,5,completed
rep18,start_B,5,bernoulli,-40.98872584100146,81.97745168200292,,bfgs,8,True,7.104521415612908e-11,True,1.5180485184537174,bernoulli,bernoulli,5,completed
rep18,start_B,5,poisson,-72.82712960352372,145.65425920704743,,bfgs,17,True,8.535801043763058e-09,False,0.22080817218146906,bernoulli,bernoulli,5,completed
rep18,start_B,6,bernoulli,-39.068254200934426,78.13650840186885,,bfgs,9,True,5.238445233146649e-10,False,1.4846079449402745,bernoulli,bernoulli,5,completed
rep18,start_B,6,poisson,-73.78487241637596,147.56974483275192,,bfgs,15,True,7.514532301966525e-10,False,0.1753530732031541,bernoulli,bernoulli,5,completed
rep18,start_B,7,bernoulli,-48.14042538741262,96.28085077482524,,bfgs,9,True,1.179513409166333e-09,False,0.7334346267280115,bernoulli,bernoulli,5,completed
rep18,start_B,7,poisson,-73.22057755655649,146.44115511311298,,bfgs,15,False,1.710783883446254e-08,False,0.25410857666214115,bernoulli,bernoulli,5,completed
rep18,start_B,8,bernoulli,-37.95654594477596,75.91309188955192,,bfgs,10,True,6.137246266746388e-12,True,1.4491470677704819,bernoulli,bernoulli,5,completed
rep18,start_B,8,poisson,-73.18996217220553,146.37992434441105,,bfgs,15,True,2.1039550546220197e-09,False,0.19955875852862573,bernoulli,bernoulli,5,completed
rep19,start_B,3,bernoulli,-51.42774769018223,102.85549538036446,,bfgs,4,True,1.2425616091604753e-13,True,0.2467014251799443,bernoulli,bernoulli,1,completed
rep19,start_B,3,poisson,-74.59304685446833,149.18609370893665,,bfgs,4,True,1.7358559034619248e-12,True,0.10550305553444081,bernoulli,bernoulli,1,completed
rep19,start_B,4,bernoulli,-51.19814075995414,102.39628151990829,,bfgs,3,True,2.6645352591003756e-16,True,0.2943942687853688,bernoulli,bernoulli,1,completed
rep19,start_B,4,poisson,-74.49851103322885,148.9970220664577,,bfgs,4,True,9.64561763794336e-14,True,0.11722702226449623,bernoulli,bernoulli,1,completed
rep19,start_B,5,bernoulli,-51.91730862626597,103.83461725253194,,bfgs,4,True,1.2652989767047983e-12,True,0.08573686287091126,bernoulli,bernoulli,1,completed
rep19,start_B,5,poisson,-74.98298270796026,149.96596541592052,,bfgs,5,True,1.403321903126198e-14,True,0.0213705015780785,bernoulli,bernoulli,1,completed
rep19,start_B,6,bernoulli,-47.36557345376994,94.73114690753988,,bfgs,5,True,3.552713678800501e-16,True,0.7700831560284683,bernoulli,bernoulli,1,completed
rep19,start_B,6,poisson,-73.25930065577056,146.51860131154112,,bfgs,5,True,1.7763568394002506e-16,True,0.21927481439560115,bernoulli,bernoulli,1,completed
rep19,start_B,7,bernoulli,-50.12757015283879,100.25514030567759,,bfgs,4,True,2.345679206428031e-13,True,0.46179769053779457,bernoulli,bernoulli,1,completed
rep19,start_B,7,poisson,-74.10972523978941,148.21945047957882,,bfgs,4,True,3.3784974817763213e-12,True,0.1565695492737979,bernoulli,bernoulli,1,completed
rep19,start_B,8,bernoulli,-49.04848015332136,98.09696030664271,,bfgs,4,True,3.2287506002148803e-12,True,0.5932708416265656,bernoulli,bernoulli,1,completed
rep19,start_B,8,poisson,-74.66966483311793,149.33932966623587,,bfgs,7,True,1.84297022087776e-15,True,0.09224661825347755,bernoulli,bernoulli,1,completed
rep19,start_B,3,bernoulli,-48.66401975227246,97.32803950454492,,bfgs,5,True,1.6162271521125148e-11,True,0.6519897668771132,bernoulli,bernoulli,2,completed
rep19,start_B,3,poisson,-73.55246403520837,147.10492807041675,,bfgs,6,True,1.1107914588137646e-11,True,0.20355623163158063,bernoulli,bernoulli,2,completed
rep19,start_B,4,bernoulli,-48.99763856604189,97.99527713208379,,bfgs,6,True,1.2968293106041528e-12,True,0.6211672219718837,bernoulli,bernoulli,2,completed
rep19,start_B,4,poisson,-74.27721810342412,148.55443620684824,,bfgs,9,True,5.241645562037433e-10,False,0.1402958901009898,bernoulli,bernoulli,2,completed
rep19,start_B,5,bernoulli,-37.92298340594054,75.84596681188108,,bfgs,7,False,1.4400926318103302e-08,False,1.74316946743195,bernoulli,bernoulli,2,completed
rep19,start_B,5,poisson,-71.40831659307608,142.81663318615216,,bfgs,13,True,6.814389053033665e-11,True,0.3194136887390838,bernoulli,bernoulli,2,completed
rep19,start_B,6,bernoulli,-48.4545489980704,96.9090979961408,,bfgs,6,True,2.127948206531727e-10,False,0.635286850091882,bernoulli,bernoulli,2,completed
rep19,start_B,6,poisson,-73.45553875560157,146.91107751120313,,bfgs,7,True,5.56055623768259e-10,False,0.2016799627163371,bernoulli,bernoulli,2,completed
rep19,start_B,7,bernoulli,-49.31635428081785,98.6327085616357,,bfgs,4,False,1.498605488592375e-08,False,0.539426899814819,bernoulli,bernoulli,2,completed
rep19,start_B,7,poisson,-73.96147954645934,147.9229590929187,,bfgs,6,True,1.3540990551064169e-11,True,0.16023854411644134,bernoulli,bernoulli,2,completed
rep19,start_B,8,bernoulli,-47.946635765289116,95.89327153057823,,bfgs,5,True,3.144706717250756e-15,True,0.6758003728075301,bernoulli,bernoulli,2,completed
rep19,start_B,8,poisson,-74.46325502236145,148.9265100447229,,bfgs,9,True,1.5129295150018151e-09,False,0.1119128681733222,bernoulli,bernoulli,2,completed
rep19,start_B,3,bernoulli,-46.24475799975245,92.4895159995049,,bfgs,7,True,1.407083338733628e-11,True,0.9340528946269839,bernoulli,bernoulli,3,completed
rep19,start_B,3,poisson,-73.09296739608436,146.18593479216872,,bfgs,10,True,2.0745360984619766e-11,True,0.23661104491820398,bernoulli,bernoulli,3,completed
rep19,start_B,4,bernoulli,-48.80014206765363,97.60028413530726,,bfgs,6,True,5.4293547435690924e-11,True,0.6251453279708443,bernoulli,bernoulli,3,completed
rep19,start_B,4,poisson,-74.35178746576597,148.70357493153193,,bfgs,9,False,1.681314945045642e-08,False,0.12884461105051773,bernoulli,bernoulli,3,completed
rep19,start_B,5,bernoulli,-36.47676942453886,72.95353884907772,,bfgs,7,True,2.2978730029876717e-12,True,1.8238073005155877,bernoulli,bernoulli,3,completed
rep19,start_B,5,poisson,-70.73330061055877,141.46660122111754,,bfgs,14,True,8.602755308118049e-09,False,0.3361309693938821,bernoulli,bernoulli,3,completed
rep19,start_B,6,bernoulli,-45.701218063167715,91.40243612633543,,bfgs,7,True,9.473366535672767e-13,True,0.8826828110275369,bernoulli,bernoulli,3,completed
rep19,start_B,6,poisson,-72.27103638354825,144.5420727670965,,bfgs,11,True,5.420068838191128e-11,True,0.2628009658761245,bernoulli,bernoulli,3,completed
rep19,start_B,7,bernoulli,-43.74169905953916,87.48339811907832,,bfgs,8,True,1.0317691145900199e-11,True,1.1444914910874742,bernoulli,bernoulli,3,completed
rep19,start_B,7,poisson,-73.1256251346164,146.2512502692328,,bfgs,9,True,1.0335750033618751e-10,False,0.22128637053864872,bernoulli,bernoulli,3,completed
rep19,start_B,8,bernoulli,-44.85174373107103,89.70348746214206,,bfgs,6,True,1.7490842108003335e-12,True,0.9870761006491584,bernoulli,bernoulli,3,completed
rep19,start_B,8,poisson,-74.11573088136991,148.23146176273983,,bfgs,10,False,3.7016106064768904e-07,False,0.15393151745807318,bernoulli,bernoulli,3,completed
rep19,start_B,3,bernoulli,-43.00703492746438,86.01406985492876,,bfgs,9,True,3.772211432107042e-10,False,1.3438750268193944,bernoulli,bernoulli,4,completed
rep19,start_B,3,poisson,-71.75896162684617,143.51792325369235,,bfgs,11,True,2.735148196819637e-09,False,0.3454639616788651,bernoulli,bernoulli,4,completed
rep19,start_B,4,bernoulli,-45.12987138943673,90.25974277887346,,bfgs,8,False,2.3219505873584012e-08,False,1.1454687236179908,bernoulli,bernoulli,4,completed
rep19,start_B,4,poisson,-73.80423229838406,147.60846459676813,,bfgs,12,True,8.157021724741753e-10,False,0.17865631387551556,bernoulli,bernoulli,4,completed
rep19,start_B,5,bernoulli,-36.471525291739496,72.94305058347899,,bfgs,8,True,7.498854592835613e-09,False,1.771287258289782,bernoulli,bernoulli,4,completed
rep19,start_B,5,poisson,-70.5726631511161,141.1453263022322,,bfgs,15,True,5.420701443270559e-10,False,0.35567456846425544,bernoulli,bernoulli,4,completed
rep19,start_B,6,bernoulli,-44.86459244591633,89.72918489183266,,bfgs,8,True,1.5991383217617285e-11,True,0.9436718183588859,bernoulli,bernoulli,4,completed
rep19,start_B,6,poisson,-72.04962443071307,144.09924886142613,,bfgs,13,True,5.526127111465939e-10,False,0.2597780629635155,bernoulli,bernoulli,4,completed
rep19,start_B,7,bernoulli,-41.57520308138514,83.15040616277028,,bfgs,9,True,5.014655357626907e-13,True,1.3166098365516314,bernoulli,bernoulli,4,completed
rep19,start_B,7,poisson,-72.29971584695305,144.5994316939061,,bfgs,10,False,1.0358906865626238e-07,False,0.27378790805220576,bernoulli,bernoulli,4,completed
rep19,start_B,8,bernoulli,-41.997421755536514,83.99484351107303,,bfgs,8,True,1.3268905973973233e-10,False,1.4192491600194908,bernoulli,bernoulli,4,completed
rep19,start_B,8,poisson,-74.16499314768716,148.3299862953743,,bfgs,16,True,1.0073790690512397e-10,False,0.15767711460618844,bernoulli,bernoulli,4,completed
rep19,start_B,3,bernoulli,-44.18834404520158,88.37668809040316,,bfgs,9,True,4.799158581647589e-09,False,1.2076241709889697,bernoulli,bernoulli,5,completed
rep19,start_B,3,poisson,-71.38697018213968,142.77394036427935,,bfgs,13,False,2.6305956302152822e-08,False,0.3620459377990239,bernoulli,bernoulli,5,completed
rep19,start_B,4,bernoulli,-45.807215076053886,91.61443015210777,,bfgs,9,True,8.04208255544836e-11,True,0.991131986782254,bernoulli,bernoulli,5,completed
rep19,start_B,4,poisson,-74.11804117139106,148.2360823427821,,bfgs,13,False,2.1283877149613773e-08,False,0.14750828176775127,bernoulli,bernoulli,5,completed
rep19,start_B,5,bernoulli,-33.799226756561545,67.59845351312309,,bfgs,10,True,2.0506218945115507e-11,True,1.963877749922958,bernoulli,bernoulli,5,completed
rep19,start_B,5,poisson,-69.08001269412632,138.16002538825265,,bfgs,19,False,9.766083987061691e-08,False,0.42207310332094894,bernoulli,bernoulli,5,completed
rep19,start_B,6,bernoulli,-44.26511082668222,88.53022165336444,,bfgs,9,False,1.3353401567828272e-08,False,0.945457039735455,bernoulli,bernoulli,5,completed
rep19,start_B,6,poisson,-72.03401916047912,144.06803832095824,,bfgs,15,True,9.521513577581686e-10,False,0.2618203034279499,bernoulli,bernoulli,5,completed
rep19,start_B,7,bernoulli,-42.6605215614177,85.3210431228354,,bfgs,11,True,4.0115955002306694e-11,True,1.1286805131024689,bernoulli,bernoulli,5,completed
rep19,start_B,7,poisson,-72.05693993578657,144.11387987157315,,bfgs,14,True,9.96537330433256e-10,False,0.28354033702690246,bernoulli,bernoulli,5,completed
rep19,start_B,8,bernoulli,-41.92442105609288,83.84884211218576,,bfgs,8,False,7.054939956674389e-08,False,1.3308562264702963,bernoulli,bernoulli,5,completed
rep19,start_B,8,poisson,-73.52141922064509,147.04283844129017,,bfgs,12,True,7.0625387316169965e-09,False,0.20607427465058853,bernoulli,bernoulli,5,completed
rep20,start_B,3,bernoulli,-49.37097841354387,98.74195682708773,,bfgs,4,True,7.345235530920036e-14,True,0.5544004178105495,bernoulli,bernoulli,1,completed
rep20,start_B,3,poisson,-74.80134924053691,149.60269848107382,,bfgs,7,True,1.7763568394002506e-16,True,0.0717054755904637,bernoulli,bernoulli,1,completed
rep20,start_B,4,bernoulli,-50.90950051209967,101.81900102419934,,bfgs,4,True,6.661338147750939e-17,True,0.3456753231693107,bernoulli,bernoulli,1,completed
rep20,start_B,4,poisson,-74.97172212011392,149.94344424022785,,bfgs,5,True,1.6386003665047611e-12,True,0.027315162231982916,bernoulli,bernoulli,1,completed
rep20,start_B,5,bernoulli,-51.98468866928805,103.9693773385761,,bfgs,3,True,4.1039660558794824e-11,True,0.011999732921041078,bernoulli,bernoulli,1,completed
rep20,start_B,5,poisson,-74.86527759758954,149.73055519517908,,bfgs,4,True,2.494005002517952e-13,True,0.06054689351573468,bernoulli,bernoulli,1,completed
rep20,start_B,6,bernoulli,-51.04770483808524,102.09540967617048,,bfgs,4,True,1.0385470261553564e-11,True,0.3218999975724437,bernoulli,bernoulli,1,completed
rep20,start_B,6,poisson,-74.98190658271146,149.96381316542292,,bfgs,5,True,7.637446231001377e-13,True,0.02187337191249739,bernoulli,bernoulli,1,completed
rep20,start_B,7,bernoulli,-51.60604376735834,103.21208753471667,,bfgs,4,True,3.910605173018666e-12,True,0.20274413113110198,bernoulli,bernoulli,1,completed
rep20,start_B,7,poisson,-74.99845652079622,149.99691304159245,,bfgs,4,False,3.068102519598881e-07,False,0.006423142314522234,bernoulli,bernoulli,1,completed
rep20,start_B,8,bernoulli,-51.94817831171613,103.89635662343225,,bfgs,3,True,2.848212377060122e-09,False,0.0635929823664237,bernoulli,bernoulli,1,completed
rep20,start_B,8,poisson,-74.93729620082283,149.87459240164566,,bfgs,5,True,2.6645352591003757e-15,True,0.04118354074492702,bernoulli,bernoulli,1,completed
rep20,start_B,3,bernoulli,-48.38988282870069,96.77976565740138,,bfgs,6,True,8.997247391562268e-14,True,0.6216984805871075,bernoulli,bernoulli,2,completed
rep20,start_B,3,poisson,-74.73595396294078,149.47190792588157,,bfgs,9,True,4.529437269695791e-09,False,0.09080877692630564,bernoulli,bernoulli,2,completed
rep20,start_B,4,bernoulli,-50.80829329587109,101.61658659174218,,bfgs,4,True,8.8716815116463e-09,False,0.3485269756271558,bernoulli,bernoulli,2,completed
rep20,start_B,4,poisson,-74.3063885001486,148.6127770002972,,bfgs,7,True,1.9383313454301996e-09,False,0.1538164341902177,bernoulli,bernoulli,2,completed
rep20,start_B,5,bernoulli,-51.52655060003468,103.05310120006936,,bfgs,5,True,2.3317170416703447e-11,True,0.21547905734426162,bernoulli,bernoulli,2,completed
rep20,start_B,5,poisson,-73.4476708589829,146.8953417179658,,bfgs,6,True,6.433964472307707e-13,True,0.21000006551641834,bernoulli,bernoulli,2,completed
rep20,start_B,6,bernoulli,-51.5076701114336,103.0153402228672,,bfgs,5,False,2.6422457288788336e-08,False,0.23229038796793047,bernoulli,bernoulli,2,completed
rep20,start_B,6,poisson,-74.12166407355637,148.24332814711275,,bfgs,7,True,3.4835467843663537e-12,True,0.16863670587591223,bernoulli,bernoulli,2,completed
rep20,start_B,7,bernoulli,-48.43052610367046,96.86105220734092,,bfgs,6,True,2.6007640485659065e-12,True,0.6936865265869858,bernoulli,bernoulli,2,completed
rep20,start_B,7,poisson,-74.92629943017394,149.85259886034788,,bfgs,10,True,6.8034911038239444e-12,True,0.04546284132313353,bernoulli,bernoulli,2,completed
rep20,start_B,8,bernoulli,-51.945661129041774,103.89132225808355,,bfgs,5,True,4.356193183951973e-11,True,0.07153691714132435,bernoulli,bernoulli,2,completed
rep20,start_B,8,poisson,-74.09298887128787,148.18597774257574,,bfgs,7,True,1.1270873123692126e-12,True,0.16322087494756585,bernoulli,bernoulli,2,completed
rep20,start_B,3,bernoulli,-47.69346051086617,95.38692102173233,,bfgs,9,True,3.7063685454086227e-13,True,0.6804911967019766,bernoulli,bernoulli,3,completed
rep20,start_B,3,poisson,-74.75479888014128,149.50959776028256,,bfgs,12,True,4.5013954785844136e-10,False,0.08602145290935816,bernoulli,bernoulli,3,completed
rep20,start_B,4,bernoulli,-50.79695813336233,101.59391626672466,,bfgs,7,True,1.6910917111090385e-13,True,0.34862922522906054,bernoulli,bernoulli,3,completed
rep20,start_B,4,poisson,-74.28334196868232,148.56668393736464,,bfgs,8,True,1.535016558307234e-12,True,0.1496487036301162,bernoulli,bernoulli,3,completed
rep20,start_B,5,bernoulli,-51.32417254767586,102.64834509535171,,bfgs,7,True,4.320721558315199e-12,True,0.27716189013335696,bernoulli,bernoulli,3,completed
rep20,start_B,5,poisson,-73.60571657498826,147.21143314997653,,bfgs,8,True,5.097200883596998e-10,False,0.19852233976459455,bernoulli,bernoulli,3,completed
rep20,start_B,6,bernoulli,-42.69222670266224,85.38445340532448,,bfgs,7,True,3.591493324961448e-10,False,1.1749376103673639,bernoulli,bernoulli,3,completed
rep20,start_B,6,poisson,-73.47287791211146,146.9457558242229,,bfgs,11,True,8.731337874934297e-10,False,0.20605454298521278,bernoulli,bernoulli,3,completed
rep20,start_B,7,bernoulli,-30.66878536289521,61.33757072579042,,bfgs,7,True,3.375340007494287e-11,True,2.2377236943092886,bernoulli,bernoulli,3,completed
rep20,start_B,7,poisson,-73.23361554657981,146.46723109315963,,bfgs,20,True,6.7442804674300305e-09,False,0.2090407294183847,bernoulli,bernoulli,3,completed
rep20,start_B,8,bernoulli,-43.08064785944606,86.16129571889212,,bfgs,7,True,1.6265176761010026e-09,False,1.1473166101893675,bernoulli,bernoulli,3,completed
rep20,start_B,8,poisson,-73.31527245730858,146.63054491461716,,bfgs,10,True,3.8139282843019375e-10,False,0.21707993080475865,bernoulli,bernoulli,3,completed
rep20,start_B,3,bernoulli,-44.018786066727294,88.03757213345459,,bfgs,9,True,4.360849015228041e-10,False,1.1066173658446699,bernoulli,bernoulli,4,completed
rep20,start_B,3,poisson,-73.23092178560088,146.46184357120177,,bfgs,14,True,1.2024741979921315e-09,False,0.2862882328210699,bernoulli,bernoulli,4,completed
rep20,start_B,4,bernoulli,-50.88697071766775,101.7739414353355,,bfgs,8,True,3.4628246936563303e-10,False,0.3117766257493132,bernoulli,bernoulli,4,completed
rep20,start_B,4,poisson,-73.96618046088167,147.93236092176335,,bfgs,9,False,2.413390272737459e-07,False,0.1862038904834637,bernoulli,bernoulli,4,completed
rep20,start_B,5,bernoulli,-49.53036498870889,99.06072997741778,,bfgs,8,False,1.5380560292044264e-08,False,0.6628260472168025,bernoulli,bernoulli,4,completed
rep20,start_B,5,poisson,-73.18517759415303,146.37035518830606,,bfgs,10,True,4.1127989902634e-12,True,0.20851158412115173,bernoulli,bernoulli,4,completed
rep20,start_B,6,bernoulli,-41.617135821369125,83.23427164273825,,bfgs,8,True,1.3148082622649326e-11,True,1.2130944639088452,bernoulli,bernoulli,4,completed
rep20,start_B,6,poisson,-72.6247086658426,145.2494173316852,,bfgs,12,True,8.336442647305376e-13,True,0.2695593026478444,bernoulli,bernoulli,4,completed
rep20,start_B,7,bernoulli,-29.34178945772453,58.68357891544906,,bfgs,9,True,1.7037538047048883e-12,True,2.317939292071348,bernoulli,bernoulli,4,completed
rep20,start_B,7,poisson,-72.98185895833781,145.96371791667562,,bfgs,21,True,4.298591838036714e-09,False,0.22489133093957003,bernoulli,bernoulli,4,completed
rep20,start_B,8,bernoulli,-42.0960648207797,84.1921296415594,,bfgs,9,True,1.921929282389101e-12,True,1.196259736775416,bernoulli,bernoulli,4,completed
rep20,start_B,8,poisson,-72.30358435949545,144.6071687189909,,bfgs,11,True,2.6338628611455308e-09,False,0.29569921695266776,bernoulli,bernoulli,4,completed
rep20,start_B,3,bernoulli,-43.39786141753949,86.79572283507898,,bfgs,9,True,2.0425394708922796e-11,True,1.1178664589649752,bernoulli,bernoulli,5,completed
rep20,start_B,3,poisson,-73.48343174859235,146.9668634971847,,bfgs,12,True,5.534958447128702e-09,False,0.260957727175175,bernoulli,bernoulli,5,completed
rep20,start_B,4,bernoulli,-50.526005524319714,101.05201104863943,,bfgs,10,True,1.5152323840084136e-13,True,0.4157569988222594,bernoulli,bernoulli,5,completed
rep20,start_B,4,poisson,-73.83445927466919,147.66891854933837,,bfgs,11,True,2.675434873644633e-10,False,0.20336549401354725,bernoulli,bernoulli,5,completed
rep20,start_B,5,bernoulli,-47.78600572919046,95.57201145838091,,bfgs,9,True,6.65164989754885e-10,False,0.9896856971285346,bernoulli,bernoulli,5,completed
rep20,start_B,5,poisson,-73.3220989104419,146.6441978208838,,bfgs,14,True,6.231980265170023e-10,False,0.19641083600265963,bernoulli,bernoulli,5,completed
rep20,start_B,6,bernoulli,-40.47397134669215,80.9479426933843,,bfgs,9,True,3.618591204457289e-10,False,1.2574654524565079,bernoulli,bernoulli,5,completed
rep20,start_B,6,poisson,-72.46137654700487,144.92275309400975,,bfgs,14,True,1.9966751585442922e-10,False,0.2649817089393401,bernoulli,bernoulli,5,completed
rep20,start_B,7,bernoulli,-24.34733190220319,48.69466380440638,,bfgs,10,True,4.750211335391441e-12,True,3.2567515475846585,bernoulli,bernoulli,5,completed
rep20,start_B,7,poisson,-73.01739560970805,146.0347912194161,,bfgs,38,True,5.757110344006833e-11,True,0.19754240609716892,bernoulli,bernoulli,5,completed
rep20,start_B,8,bernoulli,-41.62690778343236,83.25381556686472,,bfgs,10,True,2.3801760562491837e-11,True,1.2727254363472273,bernoulli,bernoulli,5,completed
rep20,start_B,8,poisson,-72.09351248900997,144.18702497801993,,bfgs,13,False,2.0914212006672984e-08,False,0.3208349221011689,bernoulli,bernoulli,5,completed
